/*---------------------------------------------------------------------------*\
| =========                 |                                                 |
| \\      /  F ield         | OpenFOAM: The Open Source CFD Toolbox           |
|  \\    /   O peration     | Version:  2112                                  |
|   \\  /    A nd           | Website:  www.openfoam.com                      |
|    \\/     M anipulation  |                                                 |
\*---------------------------------------------------------------------------*/
Build  : _14aeaf8dab-20211220 OPENFOAM=2112 version=v2112
Arch   : "LSB;label=32;scalar=64"
Exec   : snappyHexMesh -overwrite
Date   : Aug 03 2025
Time   : 18:41:03
Host   : cr2cn119
PID    : 2527590
I/O    : uncollated
Case   : /mnt/beegfs/home/nataliadenton.denton/CFD_IRP_McLaren_2024-2025/src/Openfoam/AeroSUV
nProcs : 1
trapFpe: Floating point exception trapping enabled (FOAM_SIGFPE).
fileModificationChecking : Monitoring run-time modified files using timeStampMaster (fileModificationSkew 5, maxFileModificationPolls 20)
allowSystemOperations : Allowing user-supplied system call operations

// * * * * * * * * * * * * * * * * * * * * * * * * * * * * * * * * * * * * * //
Create time

--> FOAM Warning : 
    From static Foam::IOstreamOption::compressionType Foam::IOstreamOption::compressionEnum(const Foam::word&, Foam::IOstreamOption::compressionType)
    in file db/IOstreams/IOstreams/IOstreamOption.C at line 115
    Unknown compression specifier 'uncompressed', using compression off
Create mesh for time = 0

Read mesh in = 1.85 s

Overall mesh bounding box  : (-23.933 -6.14298 -0.0239946) (50.0031 6.14298 5.6015)
Relative tolerance         : 1e-06
Absolute matching distance : 7.51608e-05

Reading refinement surfaces.
Read refinement surfaces in = 6.5 s

Reading refinement shells.
Refinement level 2 for all cells inside refinementBox
Refinement level 3 for all cells inside refinementBox2
Refinement level 4 for all cells inside refinementBox3
Read refinement shells in = 0 s

Setting refinement level of surface to be consistent with shells.
For geometry Geometry detected 6528 uncached triangles out of 2292452
Checked shell refinement in = 14.61 s

Reading features.
Read features in = 0 s


Determining initial surface intersections
-----------------------------------------

Edge intersection testing:
    Number of edges             : 1043958
    Number of edges to retest   : 0
    Number of intersected edges : 0
Edge intersection testing:
    Number of edges             : 1043958
    Number of edges to retest   : 1043958
    Number of intersected edges : 681
Calculated surface intersections in = 1.24 s

Initial mesh : cells:340400  faces:1043958  points:363528
Cells per refinement level:
    0	340400

Adding patches for surface regions
----------------------------------

Patch Type                Region                        
----- ----                ------                        
Geometry:

6     wall                Geometry                      

Added patches in = 0.02 s

Edge intersection testing:
    Number of edges             : 1043958
    Number of edges to retest   : 0
    Number of intersected edges : 681
Decomposition method none [1]

Refinement phase
----------------

Found point (0 0 0) in cell 7199 on processor 0

Surface refinement iteration 0
------------------------------

Marked for refinement due to surface intersection          : 806 cells.
Marked for refinement due to curvature/regions             : 0 cells.
Determined cells to refine in = 0.38 s
Selected for refinement : 806 cells (out of 340400)
Edge intersection testing:
    Number of edges             : 1062510
    Number of edges to retest   : 23206
    Number of intersected edges : 2552
Refined mesh in = 0.96 s
After refinement surface refinement iteration 0 : cells:346042  faces:1062510  points:370800
Cells per refinement level:
    0	339594
    1	6448

Surface refinement iteration 1
------------------------------

Marked for refinement due to surface intersection          : 3394 cells.
Marked for refinement due to curvature/regions             : 0 cells.
Determined cells to refine in = 0.05 s
Selected for refinement : 3608 cells (out of 346042)
Edge intersection testing:
    Number of edges             : 1144569
    Number of edges to retest   : 103971
    Number of intersected edges : 11045
Refined mesh in = 1.11 s
After refinement surface refinement iteration 1 : cells:371298  faces:1144569  points:402319
Cells per refinement level:
    0	339354
    1	5000
    2	26944

Surface refinement iteration 2
------------------------------

Marked for refinement due to surface intersection          : 15060 cells.
Marked for refinement due to curvature/regions             : 0 cells.
Determined cells to refine in = 0.08 s
Selected for refinement : 16098 cells (out of 371298)
Edge intersection testing:
    Number of edges             : 1512441
    Number of edges to retest   : 464365
    Number of intersected edges : 44589
Refined mesh in = 2.13 s
After refinement surface refinement iteration 2 : cells:483984  faces:1512441  points:544457
Cells per refinement level:
    0	339266
    1	4594
    2	20924
    3	119200

Surface refinement iteration 3
------------------------------

Marked for refinement due to surface intersection          : 38832 cells.
Marked for refinement due to curvature/regions             : 3008 cells.
Determined cells to refine in = 0.27 s
Selected for refinement : 45434 cells (out of 483984)
Edge intersection testing:
    Number of edges             : 2552871
    Number of edges to retest   : 1341395
    Number of intersected edges : 136669
Refined mesh in = 4.38 s
After refinement surface refinement iteration 3 : cells:802022  faces:2552871  points:950293
Cells per refinement level:
    0	339234
    1	4416
    2	20544
    3	108900
    4	328928

Surface refinement iteration 4
------------------------------

Marked for refinement due to surface intersection          : 2526 cells.
Marked for refinement due to curvature/regions             : 608 cells.
Determined cells to refine in = 1.02 s
Selected for refinement : 3488 cells (out of 802022)
Edge intersection testing:
    Number of edges             : 2628147
    Number of edges to retest   : 228201
    Number of intersected edges : 140922
Refined mesh in = 3.34 s
After refinement surface refinement iteration 4 : cells:826438  faces:2628147  points:976492
Cells per refinement level:
    0	339230
    1	4394
    2	20680
    3	108134
    4	354000

Surface refinement iteration 5
------------------------------

Marked for refinement due to surface intersection          : 176 cells.
Marked for refinement due to curvature/regions             : 104 cells.
Determined cells to refine in = 0.92 s
Selected for refinement : 356 cells (out of 826438)
Edge intersection testing:
    Number of edges             : 2635980
    Number of edges to retest   : 30369
    Number of intersected edges : 141258
Refined mesh in = 2.99 s
After refinement surface refinement iteration 5 : cells:828930  faces:2635980  points:979325
Cells per refinement level:
    0	339228
    1	4402
    2	20678
    3	108382
    4	356240

Surface refinement iteration 6
------------------------------

Marked for refinement due to surface intersection          : 0 cells.
Marked for refinement due to curvature/regions             : 20 cells.
Determined cells to refine in = 1.03 s
Selected for refinement : 24 cells (out of 828930)
Edge intersection testing:
    Number of edges             : 2636568
    Number of edges to retest   : 1744
    Number of intersected edges : 141338
Refined mesh in = 2.83 s
After refinement surface refinement iteration 6 : cells:829098  faces:2636568  points:979583
Cells per refinement level:
    0	339228
    1	4402
    2	20674
    3	108394
    4	356400

Surface refinement iteration 7
------------------------------

Marked for refinement due to surface intersection          : 2 cells.
Marked for refinement due to curvature/regions             : 14 cells.
Determined cells to refine in = 0.93 s
Selected for refinement : 24 cells (out of 829098)
Edge intersection testing:
    Number of edges             : 2637144
    Number of edges to retest   : 1784
    Number of intersected edges : 141396
Refined mesh in = 3.02 s
After refinement surface refinement iteration 7 : cells:829266  faces:2637144  points:979829
Cells per refinement level:
    0	339228
    1	4402
    2	20666
    3	108442
    4	356528

Surface refinement iteration 8
------------------------------

Marked for refinement due to surface intersection          : 0 cells.
Marked for refinement due to curvature/regions             : 6 cells.
Determined cells to refine in = 0.94 s
Selected for refinement : 6 cells (out of 829266)
Stopping refining since too few cells selected.


Removing mesh beyond surface intersections
------------------------------------------

Setting cellZones according to locationsInMesh:
Location : (0 0 0)
    cellZone : none

For cellZone none found point (0 0 0) in global region 0 out of 10 regions.
Keeping all cells containing inside points
Selected for keeping : 829266 cells.
Edge intersection testing:
    Number of edges             : 2637144
    Number of edges to retest   : 0
    Number of intersected edges : 141396
Setting cellZones according to locationsInMesh:
Location : (0 0 0)
    cellZone : none

For cellZone none found point (0 0 0) in global region 0 out of 10 regions.
Keeping all cells containing inside points
Selected for keeping : 731322 cells.
Edge intersection testing:
    Number of edges             : 2360359
    Number of edges to retest   : 115490
    Number of intersected edges : 141396

Shell refinement iteration 0
----------------------------

Marked for refinement due to distance to explicit features : 0 cells.
Marked for refinement due to refinement shells             : 70762 cells.
Determined cells to refine in = 7.4 s
Selected for internal refinement : 80576 cells (out of 731322)
Edge intersection testing:
    Number of edges             : 4068235
    Number of edges to retest   : 2587368
    Number of intersected edges : 150244
Refined mesh in = 6.94 s
After refinement shell refinement iteration 0 : cells:1295354  faces:4068235  points:1476668
Cells per refinement level:
    0	319760
    1	154976
    2	24512
    3	139288
    4	656818

Shell refinement iteration 1
----------------------------

Marked for refinement due to distance to explicit features : 0 cells.
Marked for refinement due to refinement shells             : 219072 cells.
Determined cells to refine in = 0.81 s
Selected for internal refinement : 228493 cells (out of 1295354)
Edge intersection testing:
    Number of edges             : 8910913
    Number of edges to retest   : 6140643
    Number of intersected edges : 154723
Refined mesh in = 13.73 s
After refinement shell refinement iteration 1 : cells:2894805  faces:8910913  points:3120823
Cells per refinement level:
    0	314465
    1	42360
    2	1239840
    3	291386
    4	1006754

Shell refinement iteration 2
----------------------------

Marked for refinement due to distance to explicit features : 0 cells.
Marked for refinement due to refinement shells             : 167000 cells.
Determined cells to refine in = 1.23 s
Selected for internal refinement : 170215 cells (out of 2894805)
Edge intersection testing:
    Number of edges             : 12506446
    Number of edges to retest   : 4690377
    Number of intersected edges : 154886
Refined mesh in = 16.97 s
After refinement shell refinement iteration 2 : cells:4086310  faces:12506446  points:4333394
Cells per refinement level:
    0	311402
    1	55864
    2	1196992
    3	1312866
    4	1209186

Shell refinement iteration 3
----------------------------

Marked for refinement due to distance to explicit features : 0 cells.
Marked for refinement due to refinement shells             : 464 cells.
Determined cells to refine in = 1.4 s
Selected for internal refinement : 513 cells (out of 4086310)
Edge intersection testing:
    Number of edges             : 12517291
    Number of edges to retest   : 25476
    Number of intersected edges : 154947
Refined mesh in = 14.66 s
After refinement shell refinement iteration 3 : cells:4089901  faces:12517291  points:4337058
Cells per refinement level:
    0	311384
    1	56008
    2	1196992
    3	1312371
    4	1213146

Shell refinement iteration 4
----------------------------

Marked for refinement due to distance to explicit features : 0 cells.
Marked for refinement due to refinement shells             : 0 cells.
Determined cells to refine in = 1.66 s
Selected for internal refinement : 0 cells (out of 4089901)
Stopping refining since too few cells selected.


Dangling coarse cells refinement iteration 0
--------------------------------------------

Determined cells to refine in = 0.15 s
Selected for refinement : 12 cells (out of 4089901)
Edge intersection testing:
    Number of edges             : 12517471
    Number of edges to retest   : 1482
    Number of intersected edges : 154951
Refined mesh in = 14.44 s
After refinement coarse cell refinement iteration 0 : cells:4089985  faces:12517471  points:4337082
Cells per refinement level:
    0	311384
    1	56008
    2	1196992
    3	1312359
    4	1213242

Dangling coarse cells refinement iteration 1
--------------------------------------------

Determined cells to refine in = 0.14 s
Selected for refinement : 0 cells (out of 4089985)
Stopping refining since too few cells selected.


Dangling coarse cells refinement iteration 0
--------------------------------------------

Determined cells to refine in = 0.14 s
Selected for refinement : 2 cells (out of 4089985)
Edge intersection testing:
    Number of edges             : 12517495
    Number of edges to retest   : 264
    Number of intersected edges : 154947
Refined mesh in = 14.21 s
After refinement coarse cell refinement iteration 0 : cells:4089999  faces:12517495  points:4337084
Cells per refinement level:
    0	311384
    1	56008
    2	1196992
    3	1312357
    4	1213258

Dangling coarse cells refinement iteration 1
--------------------------------------------

Determined cells to refine in = 0.15 s
Selected for refinement : 0 cells (out of 4089999)
Stopping refining since too few cells selected.


Refinement transition refinement iteration 0
--------------------------------------------

Determined cells to refine in = 0.17 s
Selected for refinement : 125 cells (out of 4089999)
Edge intersection testing:
    Number of edges             : 12520390
    Number of edges to retest   : 11200
    Number of intersected edges : 155289
Refined mesh in = 13.96 s
After refinement interface cell refinement iteration 0 : cells:4090874  faces:12520390  points:4338232
Cells per refinement level:
    0	311384
    1	56008
    2	1196992
    3	1312232
    4	1214258

Refinement transition refinement iteration 1
--------------------------------------------

Determined cells to refine in = 0.17 s
Selected for refinement : 4 cells (out of 4090874)
Stopping refining since too few cells selected.


Splitting mesh at surface intersections
---------------------------------------

Introducing baffles for 155289 faces that are intersected by the surface.

Setting cellZones according to locationsInMesh:
Location : (0 0 0)
    cellZone : none

For cellZone none found point (0 0 0) in global region 0 out of 10 regions.
Edge intersection testing:
    Number of edges             : 12675299
    Number of edges to retest   : 979428
    Number of intersected edges : 308759
Created baffles in = 14.01 s


After introducing baffles : cells:4090874  faces:12675299  points:4338232
Cells per refinement level:
    0	311384
    1	56008
    2	1196992
    3	1312232
    4	1214258

Introducing baffles to block off problem cells
----------------------------------------------

markFacesOnProblemCells : marked 227914 additional internal faces to be converted into baffles.
Analyzed problem cells in = 11.72 s


Introducing baffles to delete problem cells.

Edge intersection testing:
    Number of edges             : 12903213
    Number of edges to retest   : 753464
    Number of intersected edges : 308811
Created baffles in = 10.24 s


After introducing baffles : cells:4090874  faces:12903213  points:4338232
Cells per refinement level:
    0	311384
    1	56008
    2	1196992
    3	1312232
    4	1214258
Setting cellZones according to locationsInMesh:
Location : (0 0 0)
    cellZone : none

For cellZone none found point (0 0 0) in global region 0 out of 107527 regions.
Edge intersection testing:
    Number of edges             : 12903213
    Number of edges to retest   : 1129062
    Number of intersected edges : 308811

Remove unreachable sections of mesh
-----------------------------------

Keeping all cells containing points 1((0 0 0))
Selected for keeping : 3911143 cells.
Edge intersection testing:
    Number of edges             : 11979708
    Number of edges to retest   : 0
    Number of intersected edges : 150396
Split mesh in = 26.64 s


After subsetting : cells:3911143  faces:11979708  points:4158423
Cells per refinement level:
    0	311384
    1	56008
    2	1196992
    3	1301721
    4	1045038

Introducing zones for interfaces
--------------------------------

Setting cellZones according to locationsInMesh:
Location : (0 0 0)
    cellZone : none

For cellZone none found point (0 0 0) in global region 0 out of 1 regions.
Setting faceZones according to neighbouring cellZones:

Edge intersection testing:
    Number of edges             : 11979708
    Number of edges to retest   : 0
    Number of intersected edges : 150396

Handling cells with snap problems
---------------------------------

Introducing baffles for 150396 faces that are intersected by the surface.

Setting cellZones according to locationsInMesh:
Location : (0 0 0)
    cellZone : none

For cellZone none found point (0 0 0) in global region 0 out of 1 regions.
Edge intersection testing:
    Number of edges             : 11979708
    Number of edges to retest   : 493922
    Number of intersected edges : 150396
Created baffles in = 23.91 s


After introducing baffles : cells:3911143  faces:11979708  points:4158423
Cells per refinement level:
    0	311384
    1	56008
    2	1196992
    3	1301721
    4	1045038

Introducing baffles to block off problem cells
----------------------------------------------

markFacesOnProblemCells : marked 0 additional internal faces to be converted into baffles.
Analyzed problem cells in = 10.76 s


Introducing baffles to delete problem cells.

Created baffles in = 1.17 s


After introducing baffles : cells:3911143  faces:11979708  points:4158423
Cells per refinement level:
    0	311384
    1	56008
    2	1196992
    3	1301721
    4	1045038
Setting cellZones according to locationsInMesh:
Location : (0 0 0)
    cellZone : none

For cellZone none found point (0 0 0) in global region 0 out of 1 regions.
Edge intersection testing:
    Number of edges             : 11979708
    Number of edges to retest   : 493922
    Number of intersected edges : 150396

Remove unreachable sections of mesh
-----------------------------------

Split mesh in = 16.3 s


After subsetting : cells:3911143  faces:11979708  points:4158423
Cells per refinement level:
    0	311384
    1	56008
    2	1196992
    3	1301721
    4	1045038

Merge free-standing baffles
---------------------------

freeStandingBaffles : detected 180 free-standing baffles out of 182

freeStandingBaffles : detected 40 planar (within 30 degrees) free-standing baffles out of 180

Detected free-standing baffles : 40
Edge intersection testing:
    Number of edges             : 11979668
    Number of edges to retest   : 40
    Number of intersected edges : 150356

Introducing baffles to block off problem cells
----------------------------------------------

markFacesOnProblemCells : marked 0 additional internal faces to be converted into baffles.
Analyzed problem cells in = 20.52 s


Introducing baffles to delete problem cells.

Created baffles in = 1.15 s


After introducing baffles : cells:3911143  faces:11979668  points:4158423
Cells per refinement level:
    0	311384
    1	56008
    2	1196992
    3	1301721
    4	1045038

Remove unreachable sections of mesh
-----------------------------------

Merged free-standing baffles in = 3.62 s


dupNonManifoldPoints : Found : 166 non-manifold points (out of 4158423)
Edge intersection testing:
    Number of edges             : 11979668
    Number of edges to retest   : 0
    Number of intersected edges : 150356
Detected unsplittable baffles : 0

Merge refined boundary faces
----------------------------

Merging 529 sets of faces.

Edge intersection testing:
    Number of edges             : 11978897
    Number of edges to retest   : 4732
    Number of intersected edges : 149593

Undo iteration 0
----------------
Checking faces in error :
    non-orthogonality > 65  degrees                        : 0
    faces with face pyramid volume < 1e-13                 : 0
    faces with face-decomposition tet quality < 1e-09      : 0
    faces with concavity > 80  degrees                     : 0
    faces with skewness > 4   (internal) or 20  (boundary) : 0
    faces with interpolation weights (0..1)  < 0.02        : 0
    faces with volume ratio of neighbour cells < 0.01      : 0
    faces with face twist < 0.02                           : 0
    faces on cells with determinant < 0.001                : 0

Merging all points on surface that
- are used by only two boundary faces and
- make an angle with a cosine of more than 0.707107.

Removing 609 straight edge points ...

Edge intersection testing:
    Number of edges             : 11978897
    Number of edges to retest   : 5358
    Number of intersected edges : 149593

Undo iteration 0
----------------
Checking faces in error :
    non-orthogonality > 65  degrees                        : 0
    faces with face pyramid volume < 1e-13                 : 0
    faces with face-decomposition tet quality < 1e-09      : 0
    faces with concavity > 80  degrees                     : 0
    faces with skewness > 4   (internal) or 20  (boundary) : 0
    faces with interpolation weights (0..1)  < 0.02        : 0
    faces with volume ratio of neighbour cells < 0.01      : 0
    faces with face twist < 0.02                           : 0
    faces on cells with determinant < 0.001                : 0
Refined mesh : cells:3911143  faces:11978897  points:4157859
Cells per refinement level:
    0	311384
    1	56008
    2	1196992
    3	1301721
    4	1045038
Writing mesh to time constant
Wrote mesh in = 77.19 s.
Mesh refined in = 351.84 s.

Morphing phase
--------------

Duplicating 0 points on faceZones of type boundary
Constructing mesh displacer ...
Using mesh parameters 
{
    maxNonOrtho     65;
    maxBoundarySkewness 20;
    maxInternalSkewness 4;
    maxConcave      80;
    minVol          1e-13;
    minTetQuality   1e-09;
    minArea         -1;
    minTwist        0.02;
    minDeterminant  0.001;
    minFaceWeight   0.02;
    minVolRatio     0.01;
    minTriangleTwist -1;
    nSmoothScale    4;
    errorReduction  0.75;
    relaxed
    {
        maxNonOrtho     65;
        maxBoundarySkewness 20;
        maxInternalSkewness 4;
        maxConcave      80;
        minVol          1e-13;
        minTetQuality   1e-09;
    }
}


Checking initial mesh ...
Checking faces in error :
    non-orthogonality > 65  degrees                        : 0
    faces with face pyramid volume < 1e-13                 : 0
    faces with face-decomposition tet quality < 1e-09      : 0
    faces with concavity > 80  degrees                     : 0
    faces with skewness > 4   (internal) or 20  (boundary) : 0
    faces with interpolation weights (0..1)  < 0.02        : 0
    faces with volume ratio of neighbour cells < 0.01      : 0
    faces with face twist < 0.02                           : 0
    faces on cells with determinant < 0.001                : 0
Detected 0 illegal faces (concave, zero area or negative cell pyramid volume)
Checked initial mesh in = 17.16 s


Smoothing patch points ...
Smoothing iteration 0
Found 332 non-manifold point(s).

Scaling iteration 0
Moving mesh using displacement scaling : min:1  max:1
Checking faces in error :
    non-orthogonality > 65  degrees                        : 0
    faces with face pyramid volume < 1e-13                 : 0
    faces with face-decomposition tet quality < 1e-09      : 0
    faces with concavity > 80  degrees                     : 0
    faces with skewness > 4   (internal) or 20  (boundary) : 0
    faces with interpolation weights (0..1)  < 0.02        : 0
    faces with volume ratio of neighbour cells < 0.01      : 0
    faces with face twist < 0.02                           : 0
    faces on cells with determinant < 0.001                : 0
Successfully moved mesh

Smoothing iteration 1
Found 0 non-manifold point(s).

Scaling iteration 0
Moving mesh using displacement scaling : min:1  max:1
Checking faces in error :
    non-orthogonality > 65  degrees                        : 0
    faces with face pyramid volume < 1e-13                 : 0
    faces with face-decomposition tet quality < 1e-09      : 0
    faces with concavity > 80  degrees                     : 0
    faces with skewness > 4   (internal) or 20  (boundary) : 0
    faces with interpolation weights (0..1)  < 0.02        : 0
    faces with volume ratio of neighbour cells < 0.01      : 0
    faces with face twist < 0.02                           : 0
    faces on cells with determinant < 0.001                : 0
Successfully moved mesh

Smoothing iteration 2
Found 0 non-manifold point(s).

Scaling iteration 0
Moving mesh using displacement scaling : min:1  max:1
Checking faces in error :
    non-orthogonality > 65  degrees                        : 0
    faces with face pyramid volume < 1e-13                 : 0
    faces with face-decomposition tet quality < 1e-09      : 2
    faces with concavity > 80  degrees                     : 0
    faces with skewness > 4   (internal) or 20  (boundary) : 0
    faces with interpolation weights (0..1)  < 0.02        : 0
    faces with volume ratio of neighbour cells < 0.01      : 0
    faces with face twist < 0.02                           : 0
    faces on cells with determinant < 0.001                : 0

Scaling iteration 1
Moving mesh using displacement scaling : min:0.75  max:1
Checking faces in error :
    non-orthogonality > 65  degrees                        : 0
    faces with face pyramid volume < 1e-13                 : 0
    faces with face-decomposition tet quality < 1e-09      : 2
    faces with concavity > 80  degrees                     : 0
    faces with skewness > 4   (internal) or 20  (boundary) : 0
    faces with interpolation weights (0..1)  < 0.02        : 0
    faces with volume ratio of neighbour cells < 0.01      : 0
    faces with face twist < 0.02                           : 0
    faces on cells with determinant < 0.001                : 0

Scaling iteration 2
Moving mesh using displacement scaling : min:0.5625  max:1
Checking faces in error :
    non-orthogonality > 65  degrees                        : 0
    faces with face pyramid volume < 1e-13                 : 0
    faces with face-decomposition tet quality < 1e-09      : 2
    faces with concavity > 80  degrees                     : 0
    faces with skewness > 4   (internal) or 20  (boundary) : 0
    faces with interpolation weights (0..1)  < 0.02        : 0
    faces with volume ratio of neighbour cells < 0.01      : 0
    faces with face twist < 0.02                           : 0
    faces on cells with determinant < 0.001                : 0

Scaling iteration 3
Moving mesh using displacement scaling : min:0.421875  max:1
Checking faces in error :
    non-orthogonality > 65  degrees                        : 0
    faces with face pyramid volume < 1e-13                 : 0
    faces with face-decomposition tet quality < 1e-09      : 2
    faces with concavity > 80  degrees                     : 0
    faces with skewness > 4   (internal) or 20  (boundary) : 0
    faces with interpolation weights (0..1)  < 0.02        : 0
    faces with volume ratio of neighbour cells < 0.01      : 0
    faces with face twist < 0.02                           : 0
    faces on cells with determinant < 0.001                : 0

Scaling iteration 4
Moving mesh using displacement scaling : min:0.316406  max:1
Checking faces in error :
    non-orthogonality > 65  degrees                        : 0
    faces with face pyramid volume < 1e-13                 : 0
    faces with face-decomposition tet quality < 1e-09      : 2
    faces with concavity > 80  degrees                     : 0
    faces with skewness > 4   (internal) or 20  (boundary) : 0
    faces with interpolation weights (0..1)  < 0.02        : 0
    faces with volume ratio of neighbour cells < 0.01      : 0
    faces with face twist < 0.02                           : 0
    faces on cells with determinant < 0.001                : 0

Scaling iteration 5
Displacement scaling for error reduction set to 0.
Moving mesh using displacement scaling : min:0.237305  max:1
Checking faces in error :
    non-orthogonality > 65  degrees                        : 0
    faces with face pyramid volume < 1e-13                 : 0
    faces with face-decomposition tet quality < 1e-09      : 2
    faces with concavity > 80  degrees                     : 0
    faces with skewness > 4   (internal) or 20  (boundary) : 0
    faces with interpolation weights (0..1)  < 0.02        : 0
    faces with volume ratio of neighbour cells < 0.01      : 0
    faces with face twist < 0.02                           : 0
    faces on cells with determinant < 0.001                : 0

Scaling iteration 6
Moving mesh using displacement scaling : min:0  max:1
Checking faces in error :
    non-orthogonality > 65  degrees                        : 0
    faces with face pyramid volume < 1e-13                 : 0
    faces with face-decomposition tet quality < 1e-09      : 0
    faces with concavity > 80  degrees                     : 0
    faces with skewness > 4   (internal) or 20  (boundary) : 0
    faces with interpolation weights (0..1)  < 0.02        : 0
    faces with volume ratio of neighbour cells < 0.01      : 0
    faces with face twist < 0.02                           : 0
    faces on cells with determinant < 0.001                : 0
Successfully moved mesh

Patch points smoothed in = 101.87 s



Morph iteration 0
-----------------
Calculating patchDisplacement as distance to nearest surface point ...
    non-zone points : attract to nearest of all non-zone surfaces
    zone points     : attract to zone surface only

Wanted displacement : average:0.00307645 min:2.35571e-08 max:0.0176684
Calculated surface displacement in = 0.82 s


Detecting near surfaces ...
Overriding nearest with intersection of close gaps at 76 out of 152872 points.
--> FOAM Warning : Displacement (-0.00111619 -0.000520466 0.000998747) at mesh point 366310 coord (-0.702745 -0.614103 0.343863) points through the surrounding patch faces
Smoothing displacement ...
Iteration 0
Iteration 10
Iteration 20
Displacement smoothed in = 26.52 s


Moving mesh ...

Iteration 0
Moving mesh using displacement scaling : min:1  max:1
Checking faces in error :
    non-orthogonality > 65  degrees                        : 0
    faces with face pyramid volume < 1e-13                 : 28
    faces with face-decomposition tet quality < 1e-09      : 224
    faces with concavity > 80  degrees                     : 2
    faces with skewness > 4   (internal) or 20  (boundary) : 0
    faces with interpolation weights (0..1)  < 0.02        : 0
    faces with volume ratio of neighbour cells < 0.01      : 0
    faces with face twist < 0.02                           : 20
    faces on cells with determinant < 0.001                : 0

Iteration 1
Moving mesh using displacement scaling : min:0.75  max:1
Checking faces in error :
    non-orthogonality > 65  degrees                        : 0
    faces with face pyramid volume < 1e-13                 : 0
    faces with face-decomposition tet quality < 1e-09      : 8
    faces with concavity > 80  degrees                     : 0
    faces with skewness > 4   (internal) or 20  (boundary) : 0
    faces with interpolation weights (0..1)  < 0.02        : 0
    faces with volume ratio of neighbour cells < 0.01      : 0
    faces with face twist < 0.02                           : 4
    faces on cells with determinant < 0.001                : 0

Iteration 2
Moving mesh using displacement scaling : min:0.5625  max:1
Checking faces in error :
    non-orthogonality > 65  degrees                        : 0
    faces with face pyramid volume < 1e-13                 : 0
    faces with face-decomposition tet quality < 1e-09      : 0
    faces with concavity > 80  degrees                     : 0
    faces with skewness > 4   (internal) or 20  (boundary) : 0
    faces with interpolation weights (0..1)  < 0.02        : 0
    faces with volume ratio of neighbour cells < 0.01      : 0
    faces with face twist < 0.02                           : 2
    faces on cells with determinant < 0.001                : 0

Iteration 3
Moving mesh using displacement scaling : min:0.421875  max:1
Checking faces in error :
    non-orthogonality > 65  degrees                        : 0
    faces with face pyramid volume < 1e-13                 : 0
    faces with face-decomposition tet quality < 1e-09      : 0
    faces with concavity > 80  degrees                     : 0
    faces with skewness > 4   (internal) or 20  (boundary) : 0
    faces with interpolation weights (0..1)  < 0.02        : 0
    faces with volume ratio of neighbour cells < 0.01      : 0
    faces with face twist < 0.02                           : 0
    faces on cells with determinant < 0.001                : 0
Successfully moved mesh
Moved mesh in = 39.28 s


Repatching faces according to nearest surface ...
Repatched 0 faces in = 1.63 s


Edge intersection testing:
    Number of edges             : 11978897
    Number of edges to retest   : 1006424
    Number of intersected edges : 149908
Merging 29026 sets of faces.

Edge intersection testing:
    Number of edges             : 11941942
    Number of edges to retest   : 117819
    Number of intersected edges : 113479

Undo iteration 0
----------------
Checking faces in error :
    non-orthogonality > 65  degrees                        : 0
    faces with face pyramid volume < 1e-13                 : 0
    faces with face-decomposition tet quality < 1e-09      : 0
    faces with concavity > 80  degrees                     : 0
    faces with skewness > 4   (internal) or 20  (boundary) : 0
    faces with interpolation weights (0..1)  < 0.02        : 0
    faces with volume ratio of neighbour cells < 0.01      : 0
    faces with face twist < 0.02                           : 0
    faces on cells with determinant < 0.001                : 0

Merging all points on surface that
- are used by only two boundary faces and
- make an angle with a cosine of more than 0.866025.

Removing 20322 straight edge points ...

Edge intersection testing:
    Number of edges             : 11941942
    Number of edges to retest   : 104277
    Number of intersected edges : 113401

Undo iteration 0
----------------
Checking faces in error :
    non-orthogonality > 65  degrees                        : 0
    faces with face pyramid volume < 1e-13                 : 0
    faces with face-decomposition tet quality < 1e-09      : 0
    faces with concavity > 80  degrees                     : 0
    faces with skewness > 4   (internal) or 20  (boundary) : 0
    faces with interpolation weights (0..1)  < 0.02        : 0
    faces with volume ratio of neighbour cells < 0.01      : 0
    faces with face twist < 0.02                           : 0
    faces on cells with determinant < 0.001                : 0
Snapped mesh : cells:3911143  faces:11941942  points:4129608
Cells per refinement level:
    0	311384
    1	56008
    2	1196992
    3	1301721
    4	1045038
Writing mesh to time constant
Wrote mesh in = 80.09 s.
Mesh snapped in = 267.37 s.
Layer specification as
- final layer thickness ('finalLayerThickness')
- expansion ratio ('expansionRatio')

Shrinking and layer addition phase
----------------------------------

Using mesh parameters 
{
    maxNonOrtho     65;
    maxBoundarySkewness 20;
    maxInternalSkewness 4;
    maxConcave      80;
    minVol          1e-13;
    minTetQuality   1e-09;
    minArea         -1;
    minTwist        0.02;
    minDeterminant  0.001;
    minFaceWeight   0.02;
    minVolRatio     0.01;
    minTriangleTwist -1;
    nSmoothScale    4;
    errorReduction  0.75;
    relaxed
    {
        maxNonOrtho     65;
        maxBoundarySkewness 20;
        maxInternalSkewness 4;
        maxConcave      80;
        minVol          1e-13;
        minTetQuality   1e-09;
    }
}



Merging all faces of a cell
---------------------------
    - which are on the same patch
    - which make an angle < 180 degrees (cos:-1)
    - as long as the resulting face doesn't become concave by more than 90 degrees
      (0=straight, 180=fully concave)

Merging 1768 sets of faces.

Edge intersection testing:
    Number of edges             : 11939758
    Number of edges to retest   : 8677
    Number of intersected edges : 110919

Undo iteration 0
----------------
Checking faces in error :
    non-orthogonality > 65  degrees                        : 0
    faces with face pyramid volume < 1e-13                 : 0
    faces with face-decomposition tet quality < 1e-09      : 10
    faces with concavity > 80  degrees                     : 20
    faces with skewness > 4   (internal) or 20  (boundary) : 0
    faces with interpolation weights (0..1)  < 0.02        : 0
    faces with volume ratio of neighbour cells < 0.01      : 0
    faces with face twist < 0.02                           : 0
    faces on cells with determinant < 0.001                : 0
Masters that need to be restored:30
Edge intersection testing:
    Number of edges             : 11939788
    Number of edges to retest   : 178
    Number of intersected edges : 110953


Undo iteration 1
----------------
Checking faces in error :
    non-orthogonality > 65  degrees                        : 0
    faces with face pyramid volume < 1e-13                 : 0
    faces with face-decomposition tet quality < 1e-09      : 0
    faces with concavity > 80  degrees                     : 0
    faces with skewness > 4   (internal) or 20  (boundary) : 0
    faces with interpolation weights (0..1)  < 0.02        : 0
    faces with volume ratio of neighbour cells < 0.01      : 0
    faces with face twist < 0.02                           : 0
    faces on cells with determinant < 0.001                : 0

Merging all points on surface that
- are used by only two boundary faces and
- make an angle with a cosine of more than -1.

Removing 1777 straight edge points ...

Edge intersection testing:
    Number of edges             : 11939788
    Number of edges to retest   : 11281
    Number of intersected edges : 110759

Undo iteration 0
----------------
Checking faces in error :
    non-orthogonality > 65  degrees                        : 0
    faces with face pyramid volume < 1e-13                 : 0
    faces with face-decomposition tet quality < 1e-09      : 10
    faces with concavity > 80  degrees                     : 0
    faces with skewness > 4   (internal) or 20  (boundary) : 0
    faces with interpolation weights (0..1)  < 0.02        : 0
    faces with volume ratio of neighbour cells < 0.01      : 0
    faces with face twist < 0.02                           : 0
    faces on cells with determinant < 0.001                : 0
Detected 0 error faces on boundaries that have been merged. These will be restored to their original faces.

Detected 10 error faces in mesh. Restoring neighbours of faces in error.

Edge intersection testing:
    Number of edges             : 11939788
    Number of edges to retest   : 324
    Number of intersected edges : 110759

Checking mesh manifoldness ...

Checking initial mesh ...
Checking faces in error :
    non-orthogonality > 65  degrees                        : 0
    faces with face pyramid volume < 1e-13                 : 0
    faces with face-decomposition tet quality < 1e-09      : 0
    faces with concavity > 80  degrees                     : 0
    faces with skewness > 4   (internal) or 20  (boundary) : 0
    faces with interpolation weights (0..1)  < 0.02        : 0
    faces with volume ratio of neighbour cells < 0.01      : 0
    faces with face twist < 0.02                           : 0
    faces on cells with determinant < 0.001                : 0
Detected 0 illegal faces (concave, zero area or negative cell pyramid volume)
Duplicating 0 points on faceZones of type boundary

Handling points with inconsistent layer specification ...
dupNonManifoldPoints : Found : 0 non-manifold points (out of 4127441)

Adding in total 0 inter-processor patches to handle extrusion of non-manifold processor boundaries.

Handling points with inconsistent layer specification ...

Handling non-manifold points ...

Checking patch manifoldness ...
Outside of local patch is multiply connected across edges or points at 0 points.
Set displacement to zero for all 0 non-manifold points

Handling feature edges (angle < 180) ...

Handling cells with warped patch faces ...
Set displacement to zero on 182 warped faces since layer would be > 0.5 of the size of the bounding box.

patch    faces    layers avg thickness[m]
                         near-wall overall
-----    -----    ------ --------- -------
bottom   97896    5      0.00894   0.0665  
Geometry 112579   10     0.000966  0.024   

Selecting externalDisplacementMeshMover displacementMedialAxis
displacementMedialAxis : Calculating distance to Medial Axis ...
fieldSmoother : Smoothing normals ...
    Iteration 0   residual 0.0142762
displacementMedialAxis : Inserting points on patch inlet if angle to nearest layer patch > 90 degrees.
displacementMedialAxis : Inserting points on patch outlet if angle to nearest layer patch > 90 degrees.
displacementMedialAxis : Inserting points on patch top if angle to nearest layer patch > 90 degrees.
displacementMedialAxis : Inserting points on patch front if angle to nearest layer patch > 90 degrees.
displacementMedialAxis : Inserting points on patch back if angle to nearest layer patch > 90 degrees.
fieldSmoother : Smoothing normals in interior ...
    Iteration 0   residual 0.028745

Layer addition iteration 0
--------------------------

Determining displacement for added points according to pointNormal ...
Detected 40 points with point normal pointing through faces.
Reset displacement at 40 points to average of surrounding points.

displacementMedialAxis : Smoothing using Medial Axis ...
displacementMedialAxis : Reducing layer thickness at 31518 nodes where thickness to medial axis distance is large 
displacementMedialAxis : Removing isolated regions ...
- if partially extruded faces make angle < 90
- if exclusively surrounded by non-extruded faces
displacementMedialAxis : Number of isolated points extrusion stopped : 144
fieldSmoother : Smoothing field ...
    Iteration 0   residual 0.000122731
displacementMedialAxis : Moving mesh ...
displacementMedialAxis : Iteration 0
Moving mesh using displacement scaling : min:1  max:1
Checking faces in error :
    non-orthogonality > 65  degrees                        : 1428
    faces with face pyramid volume < 1e-13                 : 988
    faces with face-decomposition tet quality < 1e-09      : 410
    faces with concavity > 80  degrees                     : 8
    faces with skewness > 4   (internal) or 20  (boundary) : 0
    faces with interpolation weights (0..1)  < 0.02        : 0
    faces with volume ratio of neighbour cells < 0.01      : 2
    faces with face twist < 0.02                           : 10
    faces on cells with determinant < 0.001                : 114
displacementMedialAxis : Iteration 1
Moving mesh using displacement scaling : min:0.75  max:1
Checking faces in error :
    non-orthogonality > 65  degrees                        : 369
    faces with face pyramid volume < 1e-13                 : 194
    faces with face-decomposition tet quality < 1e-09      : 286
    faces with concavity > 80  degrees                     : 8
    faces with skewness > 4   (internal) or 20  (boundary) : 0
    faces with interpolation weights (0..1)  < 0.02        : 0
    faces with volume ratio of neighbour cells < 0.01      : 2
    faces with face twist < 0.02                           : 10
    faces on cells with determinant < 0.001                : 307
displacementMedialAxis : Iteration 2
Moving mesh using displacement scaling : min:0.5625  max:1
Checking faces in error :
    non-orthogonality > 65  degrees                        : 60
    faces with face pyramid volume < 1e-13                 : 10
    faces with face-decomposition tet quality < 1e-09      : 152
    faces with concavity > 80  degrees                     : 4
    faces with skewness > 4   (internal) or 20  (boundary) : 0
    faces with interpolation weights (0..1)  < 0.02        : 0
    faces with volume ratio of neighbour cells < 0.01      : 0
    faces with face twist < 0.02                           : 4
    faces on cells with determinant < 0.001                : 28
displacementMedialAxis : Iteration 3
displacementMedialAxis : Displacement scaling for error reduction set to 0.
Moving mesh using displacement scaling : min:0.421875  max:1
Checking faces in error :
    non-orthogonality > 65  degrees                        : 2
    faces with face pyramid volume < 1e-13                 : 2
    faces with face-decomposition tet quality < 1e-09      : 128
    faces with concavity > 80  degrees                     : 5
    faces with skewness > 4   (internal) or 20  (boundary) : 0
    faces with interpolation weights (0..1)  < 0.02        : 0
    faces with volume ratio of neighbour cells < 0.01      : 0
    faces with face twist < 0.02                           : 0
    faces on cells with determinant < 0.001                : 0
displacementMedialAxis : Iteration 4
Moving mesh using displacement scaling : min:0  max:1
Checking faces in error :
    non-orthogonality > 65  degrees                        : 10
    faces with face pyramid volume < 1e-13                 : 0
    faces with face-decomposition tet quality < 1e-09      : 104
    faces with concavity > 80  degrees                     : 2
    faces with skewness > 4   (internal) or 20  (boundary) : 0
    faces with interpolation weights (0..1)  < 0.02        : 0
    faces with volume ratio of neighbour cells < 0.01      : 0
    faces with face twist < 0.02                           : 0
    faces on cells with determinant < 0.001                : 6
displacementMedialAxis : Iteration 5
Moving mesh using displacement scaling : min:0  max:1
Checking faces in error :
    non-orthogonality > 65  degrees                        : 2
    faces with face pyramid volume < 1e-13                 : 0
    faces with face-decomposition tet quality < 1e-09      : 42
    faces with concavity > 80  degrees                     : 0
    faces with skewness > 4   (internal) or 20  (boundary) : 0
    faces with interpolation weights (0..1)  < 0.02        : 0
    faces with volume ratio of neighbour cells < 0.01      : 0
    faces with face twist < 0.02                           : 2
    faces on cells with determinant < 0.001                : 0
displacementMedialAxis : Finished moving mesh ...
truncateDisplacement : Unextruded 6 faces due to non-consecutive vertices being extruded.
truncateDisplacement : Unextruded 12 faces due to stringed edges with inconsistent extrusion.
truncateDisplacement : Unextruded 0 faces due to non-consecutive vertices being extruded.
truncateDisplacement : Unextruded 0 faces due to stringed edges with inconsistent extrusion.

Setting up information for layer truncation ...
Detected 0 baffles across faceZones of type internal


Checking mesh with layer ...
Checking faces in error :
    non-orthogonality > 65  degrees                        : 245
    faces with face pyramid volume < 1e-13                 : 111
    faces with face-decomposition tet quality < 1e-09      : 30772
    faces with concavity > 80  degrees                     : 0
    faces with skewness > 4   (internal) or 20  (boundary) : 685
    faces with interpolation weights (0..1)  < 0.02        : 0
    faces with volume ratio of neighbour cells < 0.01      : 0
    faces with face twist < 0.02                           : 20
    faces on cells with determinant < 0.001                : 444
Detected 32277 illegal faces (concave, zero area or negative cell pyramid volume)
Extruding 200230 out of 210475 faces (95.1324%). Removed extrusion at 6782 faces.
Added 1415526 out of 1616210 cells (87.583%).


Layer addition iteration 1
--------------------------

Determining displacement for added points according to pointNormal ...
Detected 0 points with point normal pointing through faces.
Reset displacement at 0 points to average of surrounding points.

displacementMedialAxis : Smoothing using Medial Axis ...
displacementMedialAxis : Reducing layer thickness at 20865 nodes where thickness to medial axis distance is large 
displacementMedialAxis : Removing isolated regions ...
- if partially extruded faces make angle < 90
- if exclusively surrounded by non-extruded faces
displacementMedialAxis : Number of isolated points extrusion stopped : 2102
fieldSmoother : Smoothing field ...
    Iteration 0   residual 0.000242833
displacementMedialAxis : Moving mesh ...
displacementMedialAxis : Iteration 0
Moving mesh using displacement scaling : min:1  max:1
Checking faces in error :
    non-orthogonality > 65  degrees                        : 184
    faces with face pyramid volume < 1e-13                 : 124
    faces with face-decomposition tet quality < 1e-09      : 282
    faces with concavity > 80  degrees                     : 0
    faces with skewness > 4   (internal) or 20  (boundary) : 0
    faces with interpolation weights (0..1)  < 0.02        : 0
    faces with volume ratio of neighbour cells < 0.01      : 0
    faces with face twist < 0.02                           : 0
    faces on cells with determinant < 0.001                : 32
displacementMedialAxis : Iteration 1
Moving mesh using displacement scaling : min:0.75  max:1
Checking faces in error :
    non-orthogonality > 65  degrees                        : 6
    faces with face pyramid volume < 1e-13                 : 0
    faces with face-decomposition tet quality < 1e-09      : 159
    faces with concavity > 80  degrees                     : 0
    faces with skewness > 4   (internal) or 20  (boundary) : 0
    faces with interpolation weights (0..1)  < 0.02        : 0
    faces with volume ratio of neighbour cells < 0.01      : 0
    faces with face twist < 0.02                           : 0
    faces on cells with determinant < 0.001                : 58
displacementMedialAxis : Iteration 2
Moving mesh using displacement scaling : min:0.5625  max:1
Checking faces in error :
    non-orthogonality > 65  degrees                        : 4
    faces with face pyramid volume < 1e-13                 : 0
    faces with face-decomposition tet quality < 1e-09      : 114
    faces with concavity > 80  degrees                     : 0
    faces with skewness > 4   (internal) or 20  (boundary) : 0
    faces with interpolation weights (0..1)  < 0.02        : 0
    faces with volume ratio of neighbour cells < 0.01      : 0
    faces with face twist < 0.02                           : 0
    faces on cells with determinant < 0.001                : 0
displacementMedialAxis : Iteration 3
displacementMedialAxis : Displacement scaling for error reduction set to 0.
Moving mesh using displacement scaling : min:0.421875  max:1
Checking faces in error :
    non-orthogonality > 65  degrees                        : 4
    faces with face pyramid volume < 1e-13                 : 0
    faces with face-decomposition tet quality < 1e-09      : 86
    faces with concavity > 80  degrees                     : 0
    faces with skewness > 4   (internal) or 20  (boundary) : 0
    faces with interpolation weights (0..1)  < 0.02        : 0
    faces with volume ratio of neighbour cells < 0.01      : 0
    faces with face twist < 0.02                           : 0
    faces on cells with determinant < 0.001                : 0
displacementMedialAxis : Iteration 4
Moving mesh using displacement scaling : min:0  max:1
Checking faces in error :
    non-orthogonality > 65  degrees                        : 0
    faces with face pyramid volume < 1e-13                 : 0
    faces with face-decomposition tet quality < 1e-09      : 42
    faces with concavity > 80  degrees                     : 0
    faces with skewness > 4   (internal) or 20  (boundary) : 0
    faces with interpolation weights (0..1)  < 0.02        : 0
    faces with volume ratio of neighbour cells < 0.01      : 0
    faces with face twist < 0.02                           : 0
    faces on cells with determinant < 0.001                : 0
displacementMedialAxis : Iteration 5
Moving mesh using displacement scaling : min:0  max:1
Checking faces in error :
    non-orthogonality > 65  degrees                        : 0
    faces with face pyramid volume < 1e-13                 : 0
    faces with face-decomposition tet quality < 1e-09      : 30
    faces with concavity > 80  degrees                     : 0
    faces with skewness > 4   (internal) or 20  (boundary) : 0
    faces with interpolation weights (0..1)  < 0.02        : 0
    faces with volume ratio of neighbour cells < 0.01      : 0
    faces with face twist < 0.02                           : 0
    faces on cells with determinant < 0.001                : 0
displacementMedialAxis : Finished moving mesh ...
truncateDisplacement : Unextruded 31 faces due to non-consecutive vertices being extruded.
truncateDisplacement : Unextruded 0 faces due to stringed edges with inconsistent extrusion.
truncateDisplacement : Unextruded 0 faces due to non-consecutive vertices being extruded.
truncateDisplacement : Unextruded 0 faces due to stringed edges with inconsistent extrusion.

Setting up information for layer truncation ...
Detected 0 baffles across faceZones of type internal


Checking mesh with layer ...
Checking faces in error :
    non-orthogonality > 65  degrees                        : 16
    faces with face pyramid volume < 1e-13                 : 0
    faces with face-decomposition tet quality < 1e-09      : 612
    faces with concavity > 80  degrees                     : 0
    faces with skewness > 4   (internal) or 20  (boundary) : 0
    faces with interpolation weights (0..1)  < 0.02        : 8
    faces with volume ratio of neighbour cells < 0.01      : 9
    faces with face twist < 0.02                           : 6
    faces on cells with determinant < 0.001                : 0
Detected 651 illegal faces (concave, zero area or negative cell pyramid volume)
Extruding 195818 out of 210475 faces (93.0362%). Removed extrusion at 574 faces.
Added 1012668 out of 1616210 cells (62.657%).


Layer addition iteration 2
--------------------------

Determining displacement for added points according to pointNormal ...
Detected 0 points with point normal pointing through faces.
Reset displacement at 0 points to average of surrounding points.

displacementMedialAxis : Smoothing using Medial Axis ...
displacementMedialAxis : Reducing layer thickness at 19431 nodes where thickness to medial axis distance is large 
displacementMedialAxis : Removing isolated regions ...
- if partially extruded faces make angle < 90
- if exclusively surrounded by non-extruded faces
displacementMedialAxis : Number of isolated points extrusion stopped : 334
fieldSmoother : Smoothing field ...
    Iteration 0   residual 0.000245631
displacementMedialAxis : Moving mesh ...
displacementMedialAxis : Iteration 0
Moving mesh using displacement scaling : min:1  max:1
Checking faces in error :
    non-orthogonality > 65  degrees                        : 154
    faces with face pyramid volume < 1e-13                 : 124
    faces with face-decomposition tet quality < 1e-09      : 176
    faces with concavity > 80  degrees                     : 2
    faces with skewness > 4   (internal) or 20  (boundary) : 0
    faces with interpolation weights (0..1)  < 0.02        : 0
    faces with volume ratio of neighbour cells < 0.01      : 0
    faces with face twist < 0.02                           : 0
    faces on cells with determinant < 0.001                : 22
displacementMedialAxis : Iteration 1
Moving mesh using displacement scaling : min:0.75  max:1
Checking faces in error :
    non-orthogonality > 65  degrees                        : 2
    faces with face pyramid volume < 1e-13                 : 0
    faces with face-decomposition tet quality < 1e-09      : 73
    faces with concavity > 80  degrees                     : 0
    faces with skewness > 4   (internal) or 20  (boundary) : 0
    faces with interpolation weights (0..1)  < 0.02        : 0
    faces with volume ratio of neighbour cells < 0.01      : 0
    faces with face twist < 0.02                           : 0
    faces on cells with determinant < 0.001                : 58
displacementMedialAxis : Iteration 2
Moving mesh using displacement scaling : min:0.5625  max:1
Checking faces in error :
    non-orthogonality > 65  degrees                        : 0
    faces with face pyramid volume < 1e-13                 : 0
    faces with face-decomposition tet quality < 1e-09      : 38
    faces with concavity > 80  degrees                     : 0
    faces with skewness > 4   (internal) or 20  (boundary) : 0
    faces with interpolation weights (0..1)  < 0.02        : 0
    faces with volume ratio of neighbour cells < 0.01      : 0
    faces with face twist < 0.02                           : 0
    faces on cells with determinant < 0.001                : 0
displacementMedialAxis : Iteration 3
displacementMedialAxis : Displacement scaling for error reduction set to 0.
Moving mesh using displacement scaling : min:0.421875  max:1
Checking faces in error :
    non-orthogonality > 65  degrees                        : 0
    faces with face pyramid volume < 1e-13                 : 0
    faces with face-decomposition tet quality < 1e-09      : 14
    faces with concavity > 80  degrees                     : 0
    faces with skewness > 4   (internal) or 20  (boundary) : 0
    faces with interpolation weights (0..1)  < 0.02        : 0
    faces with volume ratio of neighbour cells < 0.01      : 0
    faces with face twist < 0.02                           : 0
    faces on cells with determinant < 0.001                : 0
displacementMedialAxis : Iteration 4
Moving mesh using displacement scaling : min:0  max:1
Checking faces in error :
    non-orthogonality > 65  degrees                        : 4
    faces with face pyramid volume < 1e-13                 : 0
    faces with face-decomposition tet quality < 1e-09      : 4
    faces with concavity > 80  degrees                     : 0
    faces with skewness > 4   (internal) or 20  (boundary) : 0
    faces with interpolation weights (0..1)  < 0.02        : 0
    faces with volume ratio of neighbour cells < 0.01      : 0
    faces with face twist < 0.02                           : 0
    faces on cells with determinant < 0.001                : 4
displacementMedialAxis : Iteration 5
Moving mesh using displacement scaling : min:0  max:1
Checking faces in error :
    non-orthogonality > 65  degrees                        : 2
    faces with face pyramid volume < 1e-13                 : 0
    faces with face-decomposition tet quality < 1e-09      : 14
    faces with concavity > 80  degrees                     : 0
    faces with skewness > 4   (internal) or 20  (boundary) : 0
    faces with interpolation weights (0..1)  < 0.02        : 0
    faces with volume ratio of neighbour cells < 0.01      : 0
    faces with face twist < 0.02                           : 0
    faces on cells with determinant < 0.001                : 0
displacementMedialAxis : Finished moving mesh ...
truncateDisplacement : Unextruded 4 faces due to non-consecutive vertices being extruded.
truncateDisplacement : Unextruded 0 faces due to stringed edges with inconsistent extrusion.
truncateDisplacement : Unextruded 0 faces due to non-consecutive vertices being extruded.
truncateDisplacement : Unextruded 0 faces due to stringed edges with inconsistent extrusion.

Setting up information for layer truncation ...
Detected 0 baffles across faceZones of type internal


Checking mesh with layer ...
Checking faces in error :
    non-orthogonality > 65  degrees                        : 5
    faces with face pyramid volume < 1e-13                 : 0
    faces with face-decomposition tet quality < 1e-09      : 208
    faces with concavity > 80  degrees                     : 0
    faces with skewness > 4   (internal) or 20  (boundary) : 0
    faces with interpolation weights (0..1)  < 0.02        : 0
    faces with volume ratio of neighbour cells < 0.01      : 4
    faces with face twist < 0.02                           : 2
    faces on cells with determinant < 0.001                : 0
Detected 219 illegal faces (concave, zero area or negative cell pyramid volume)
Extruding 195007 out of 210475 faces (92.6509%). Removed extrusion at 199 faces.
Added 1002252 out of 1616210 cells (62.0125%).


Layer addition iteration 3
--------------------------

Determining displacement for added points according to pointNormal ...
Detected 0 points with point normal pointing through faces.
Reset displacement at 0 points to average of surrounding points.

displacementMedialAxis : Smoothing using Medial Axis ...
displacementMedialAxis : Reducing layer thickness at 19256 nodes where thickness to medial axis distance is large 
displacementMedialAxis : Removing isolated regions ...
- if partially extruded faces make angle < 90
- if exclusively surrounded by non-extruded faces
displacementMedialAxis : Number of isolated points extrusion stopped : 116
fieldSmoother : Smoothing field ...
    Iteration 0   residual 0.000246348
displacementMedialAxis : Moving mesh ...
displacementMedialAxis : Iteration 0
Moving mesh using displacement scaling : min:1  max:1
Checking faces in error :
    non-orthogonality > 65  degrees                        : 158
    faces with face pyramid volume < 1e-13                 : 124
    faces with face-decomposition tet quality < 1e-09      : 158
    faces with concavity > 80  degrees                     : 2
    faces with skewness > 4   (internal) or 20  (boundary) : 0
    faces with interpolation weights (0..1)  < 0.02        : 0
    faces with volume ratio of neighbour cells < 0.01      : 0
    faces with face twist < 0.02                           : 0
    faces on cells with determinant < 0.001                : 22
displacementMedialAxis : Iteration 1
Moving mesh using displacement scaling : min:0.75  max:1
Checking faces in error :
    non-orthogonality > 65  degrees                        : 2
    faces with face pyramid volume < 1e-13                 : 0
    faces with face-decomposition tet quality < 1e-09      : 72
    faces with concavity > 80  degrees                     : 0
    faces with skewness > 4   (internal) or 20  (boundary) : 0
    faces with interpolation weights (0..1)  < 0.02        : 0
    faces with volume ratio of neighbour cells < 0.01      : 0
    faces with face twist < 0.02                           : 0
    faces on cells with determinant < 0.001                : 58
displacementMedialAxis : Iteration 2
Moving mesh using displacement scaling : min:0.5625  max:1
Checking faces in error :
    non-orthogonality > 65  degrees                        : 0
    faces with face pyramid volume < 1e-13                 : 0
    faces with face-decomposition tet quality < 1e-09      : 30
    faces with concavity > 80  degrees                     : 0
    faces with skewness > 4   (internal) or 20  (boundary) : 0
    faces with interpolation weights (0..1)  < 0.02        : 0
    faces with volume ratio of neighbour cells < 0.01      : 0
    faces with face twist < 0.02                           : 0
    faces on cells with determinant < 0.001                : 0
displacementMedialAxis : Iteration 3
displacementMedialAxis : Displacement scaling for error reduction set to 0.
Moving mesh using displacement scaling : min:0.421875  max:1
Checking faces in error :
    non-orthogonality > 65  degrees                        : 0
    faces with face pyramid volume < 1e-13                 : 0
    faces with face-decomposition tet quality < 1e-09      : 4
    faces with concavity > 80  degrees                     : 0
    faces with skewness > 4   (internal) or 20  (boundary) : 0
    faces with interpolation weights (0..1)  < 0.02        : 0
    faces with volume ratio of neighbour cells < 0.01      : 0
    faces with face twist < 0.02                           : 0
    faces on cells with determinant < 0.001                : 0
displacementMedialAxis : Iteration 4
Moving mesh using displacement scaling : min:0  max:1
Checking faces in error :
    non-orthogonality > 65  degrees                        : 0
    faces with face pyramid volume < 1e-13                 : 0
    faces with face-decomposition tet quality < 1e-09      : 2
    faces with concavity > 80  degrees                     : 0
    faces with skewness > 4   (internal) or 20  (boundary) : 0
    faces with interpolation weights (0..1)  < 0.02        : 0
    faces with volume ratio of neighbour cells < 0.01      : 0
    faces with face twist < 0.02                           : 0
    faces on cells with determinant < 0.001                : 0
displacementMedialAxis : Iteration 5
Moving mesh using displacement scaling : min:0  max:1
Checking faces in error :
    non-orthogonality > 65  degrees                        : 0
    faces with face pyramid volume < 1e-13                 : 0
    faces with face-decomposition tet quality < 1e-09      : 0
    faces with concavity > 80  degrees                     : 0
    faces with skewness > 4   (internal) or 20  (boundary) : 0
    faces with interpolation weights (0..1)  < 0.02        : 0
    faces with volume ratio of neighbour cells < 0.01      : 0
    faces with face twist < 0.02                           : 0
    faces on cells with determinant < 0.001                : 0
displacementMedialAxis : Successfully moved mesh
displacementMedialAxis : Finished moving mesh ...
truncateDisplacement : Unextruded 4 faces due to non-consecutive vertices being extruded.
truncateDisplacement : Unextruded 0 faces due to stringed edges with inconsistent extrusion.
truncateDisplacement : Unextruded 0 faces due to non-consecutive vertices being extruded.
truncateDisplacement : Unextruded 0 faces due to stringed edges with inconsistent extrusion.

Setting up information for layer truncation ...
Detected 0 baffles across faceZones of type internal


Checking mesh with layer ...
Checking faces in error :
    non-orthogonality > 65  degrees                        : 1
    faces with face pyramid volume < 1e-13                 : 0
    faces with face-decomposition tet quality < 1e-09      : 83
    faces with concavity > 80  degrees                     : 0
    faces with skewness > 4   (internal) or 20  (boundary) : 0
    faces with interpolation weights (0..1)  < 0.02        : 0
    faces with volume ratio of neighbour cells < 0.01      : 0
    faces with face twist < 0.02                           : 0
    faces on cells with determinant < 0.001                : 0
Detected 84 illegal faces (concave, zero area or negative cell pyramid volume)
Extruding 194728 out of 210475 faces (92.5184%). Removed extrusion at 80 faces.
Added 998739 out of 1616210 cells (61.7951%).


Layer addition iteration 4
--------------------------

Determining displacement for added points according to pointNormal ...
Detected 0 points with point normal pointing through faces.
Reset displacement at 0 points to average of surrounding points.

displacementMedialAxis : Smoothing using Medial Axis ...
displacementMedialAxis : Reducing layer thickness at 19235 nodes where thickness to medial axis distance is large 
displacementMedialAxis : Removing isolated regions ...
- if partially extruded faces make angle < 90
- if exclusively surrounded by non-extruded faces
displacementMedialAxis : Number of isolated points extrusion stopped : 71
fieldSmoother : Smoothing field ...
    Iteration 0   residual 0.000245762
displacementMedialAxis : Moving mesh ...
displacementMedialAxis : Iteration 0
Moving mesh using displacement scaling : min:1  max:1
Checking faces in error :
    non-orthogonality > 65  degrees                        : 162
    faces with face pyramid volume < 1e-13                 : 126
    faces with face-decomposition tet quality < 1e-09      : 161
    faces with concavity > 80  degrees                     : 2
    faces with skewness > 4   (internal) or 20  (boundary) : 0
    faces with interpolation weights (0..1)  < 0.02        : 0
    faces with volume ratio of neighbour cells < 0.01      : 0
    faces with face twist < 0.02                           : 0
    faces on cells with determinant < 0.001                : 22
displacementMedialAxis : Iteration 1
Moving mesh using displacement scaling : min:0.75  max:1
Checking faces in error :
    non-orthogonality > 65  degrees                        : 2
    faces with face pyramid volume < 1e-13                 : 0
    faces with face-decomposition tet quality < 1e-09      : 71
    faces with concavity > 80  degrees                     : 0
    faces with skewness > 4   (internal) or 20  (boundary) : 0
    faces with interpolation weights (0..1)  < 0.02        : 0
    faces with volume ratio of neighbour cells < 0.01      : 0
    faces with face twist < 0.02                           : 0
    faces on cells with determinant < 0.001                : 58
displacementMedialAxis : Iteration 2
Moving mesh using displacement scaling : min:0.5625  max:1
Checking faces in error :
    non-orthogonality > 65  degrees                        : 0
    faces with face pyramid volume < 1e-13                 : 0
    faces with face-decomposition tet quality < 1e-09      : 31
    faces with concavity > 80  degrees                     : 0
    faces with skewness > 4   (internal) or 20  (boundary) : 0
    faces with interpolation weights (0..1)  < 0.02        : 0
    faces with volume ratio of neighbour cells < 0.01      : 0
    faces with face twist < 0.02                           : 0
    faces on cells with determinant < 0.001                : 0
displacementMedialAxis : Iteration 3
displacementMedialAxis : Displacement scaling for error reduction set to 0.
Moving mesh using displacement scaling : min:0.421875  max:1
Checking faces in error :
    non-orthogonality > 65  degrees                        : 0
    faces with face pyramid volume < 1e-13                 : 0
    faces with face-decomposition tet quality < 1e-09      : 6
    faces with concavity > 80  degrees                     : 0
    faces with skewness > 4   (internal) or 20  (boundary) : 0
    faces with interpolation weights (0..1)  < 0.02        : 0
    faces with volume ratio of neighbour cells < 0.01      : 0
    faces with face twist < 0.02                           : 0
    faces on cells with determinant < 0.001                : 0
displacementMedialAxis : Iteration 4
Moving mesh using displacement scaling : min:0  max:1
Checking faces in error :
    non-orthogonality > 65  degrees                        : 0
    faces with face pyramid volume < 1e-13                 : 0
    faces with face-decomposition tet quality < 1e-09      : 2
    faces with concavity > 80  degrees                     : 0
    faces with skewness > 4   (internal) or 20  (boundary) : 0
    faces with interpolation weights (0..1)  < 0.02        : 0
    faces with volume ratio of neighbour cells < 0.01      : 0
    faces with face twist < 0.02                           : 0
    faces on cells with determinant < 0.001                : 0
displacementMedialAxis : Iteration 5
Moving mesh using displacement scaling : min:0  max:1
Checking faces in error :
    non-orthogonality > 65  degrees                        : 0
    faces with face pyramid volume < 1e-13                 : 0
    faces with face-decomposition tet quality < 1e-09      : 2
    faces with concavity > 80  degrees                     : 0
    faces with skewness > 4   (internal) or 20  (boundary) : 0
    faces with interpolation weights (0..1)  < 0.02        : 0
    faces with volume ratio of neighbour cells < 0.01      : 0
    faces with face twist < 0.02                           : 0
    faces on cells with determinant < 0.001                : 0
displacementMedialAxis : Finished moving mesh ...
truncateDisplacement : Unextruded 0 faces due to non-consecutive vertices being extruded.
truncateDisplacement : Unextruded 0 faces due to stringed edges with inconsistent extrusion.

Setting up information for layer truncation ...
Detected 0 baffles across faceZones of type internal


Checking mesh with layer ...
Checking faces in error :
    non-orthogonality > 65  degrees                        : 1
    faces with face pyramid volume < 1e-13                 : 0
    faces with face-decomposition tet quality < 1e-09      : 57
    faces with concavity > 80  degrees                     : 0
    faces with skewness > 4   (internal) or 20  (boundary) : 0
    faces with interpolation weights (0..1)  < 0.02        : 0
    faces with volume ratio of neighbour cells < 0.01      : 2
    faces with face twist < 0.02                           : 0
    faces on cells with determinant < 0.001                : 0
Detected 60 illegal faces (concave, zero area or negative cell pyramid volume)
Extruding 194556 out of 210475 faces (92.4366%). Removed extrusion at 58 faces.
Added 998031 out of 1616210 cells (61.7513%).


Layer addition iteration 5
--------------------------

Determining displacement for added points according to pointNormal ...
Detected 0 points with point normal pointing through faces.
Reset displacement at 0 points to average of surrounding points.

displacementMedialAxis : Smoothing using Medial Axis ...
displacementMedialAxis : Reducing layer thickness at 19232 nodes where thickness to medial axis distance is large 
displacementMedialAxis : Removing isolated regions ...
- if partially extruded faces make angle < 90
- if exclusively surrounded by non-extruded faces
displacementMedialAxis : Number of isolated points extrusion stopped : 46
fieldSmoother : Smoothing field ...
    Iteration 0   residual 0.000245226
displacementMedialAxis : Moving mesh ...
displacementMedialAxis : Iteration 0
Moving mesh using displacement scaling : min:1  max:1
Checking faces in error :
    non-orthogonality > 65  degrees                        : 162
    faces with face pyramid volume < 1e-13                 : 124
    faces with face-decomposition tet quality < 1e-09      : 148
    faces with concavity > 80  degrees                     : 2
    faces with skewness > 4   (internal) or 20  (boundary) : 0
    faces with interpolation weights (0..1)  < 0.02        : 0
    faces with volume ratio of neighbour cells < 0.01      : 0
    faces with face twist < 0.02                           : 0
    faces on cells with determinant < 0.001                : 24
displacementMedialAxis : Iteration 1
Moving mesh using displacement scaling : min:0.75  max:1
Checking faces in error :
    non-orthogonality > 65  degrees                        : 2
    faces with face pyramid volume < 1e-13                 : 0
    faces with face-decomposition tet quality < 1e-09      : 66
    faces with concavity > 80  degrees                     : 0
    faces with skewness > 4   (internal) or 20  (boundary) : 0
    faces with interpolation weights (0..1)  < 0.02        : 0
    faces with volume ratio of neighbour cells < 0.01      : 0
    faces with face twist < 0.02                           : 0
    faces on cells with determinant < 0.001                : 58
displacementMedialAxis : Iteration 2
Moving mesh using displacement scaling : min:0.5625  max:1
Checking faces in error :
    non-orthogonality > 65  degrees                        : 0
    faces with face pyramid volume < 1e-13                 : 0
    faces with face-decomposition tet quality < 1e-09      : 28
    faces with concavity > 80  degrees                     : 0
    faces with skewness > 4   (internal) or 20  (boundary) : 0
    faces with interpolation weights (0..1)  < 0.02        : 0
    faces with volume ratio of neighbour cells < 0.01      : 0
    faces with face twist < 0.02                           : 0
    faces on cells with determinant < 0.001                : 0
displacementMedialAxis : Iteration 3
displacementMedialAxis : Displacement scaling for error reduction set to 0.
Moving mesh using displacement scaling : min:0.421875  max:1
Checking faces in error :
    non-orthogonality > 65  degrees                        : 0
    faces with face pyramid volume < 1e-13                 : 0
    faces with face-decomposition tet quality < 1e-09      : 4
    faces with concavity > 80  degrees                     : 0
    faces with skewness > 4   (internal) or 20  (boundary) : 0
    faces with interpolation weights (0..1)  < 0.02        : 0
    faces with volume ratio of neighbour cells < 0.01      : 0
    faces with face twist < 0.02                           : 0
    faces on cells with determinant < 0.001                : 0
displacementMedialAxis : Iteration 4
Moving mesh using displacement scaling : min:0  max:1
Checking faces in error :
    non-orthogonality > 65  degrees                        : 0
    faces with face pyramid volume < 1e-13                 : 0
    faces with face-decomposition tet quality < 1e-09      : 0
    faces with concavity > 80  degrees                     : 0
    faces with skewness > 4   (internal) or 20  (boundary) : 0
    faces with interpolation weights (0..1)  < 0.02        : 0
    faces with volume ratio of neighbour cells < 0.01      : 0
    faces with face twist < 0.02                           : 0
    faces on cells with determinant < 0.001                : 0
displacementMedialAxis : Successfully moved mesh
displacementMedialAxis : Finished moving mesh ...
truncateDisplacement : Unextruded 0 faces due to non-consecutive vertices being extruded.
truncateDisplacement : Unextruded 0 faces due to stringed edges with inconsistent extrusion.

Setting up information for layer truncation ...
Detected 0 baffles across faceZones of type internal


Checking mesh with layer ...
Checking faces in error :
    non-orthogonality > 65  degrees                        : 0
    faces with face pyramid volume < 1e-13                 : 0
    faces with face-decomposition tet quality < 1e-09      : 37
    faces with concavity > 80  degrees                     : 0
    faces with skewness > 4   (internal) or 20  (boundary) : 0
    faces with interpolation weights (0..1)  < 0.02        : 0
    faces with volume ratio of neighbour cells < 0.01      : 0
    faces with face twist < 0.02                           : 0
    faces on cells with determinant < 0.001                : 0
Detected 37 illegal faces (concave, zero area or negative cell pyramid volume)
Extruding 194445 out of 210475 faces (92.3839%). Removed extrusion at 37 faces.
Added 997718 out of 1616210 cells (61.732%).


Layer addition iteration 6
--------------------------

Determining displacement for added points according to pointNormal ...
Detected 0 points with point normal pointing through faces.
Reset displacement at 0 points to average of surrounding points.

displacementMedialAxis : Smoothing using Medial Axis ...
displacementMedialAxis : Reducing layer thickness at 19230 nodes where thickness to medial axis distance is large 
displacementMedialAxis : Removing isolated regions ...
- if partially extruded faces make angle < 90
- if exclusively surrounded by non-extruded faces
displacementMedialAxis : Number of isolated points extrusion stopped : 22
fieldSmoother : Smoothing field ...
    Iteration 0   residual 0.000245355
displacementMedialAxis : Moving mesh ...
displacementMedialAxis : Iteration 0
Moving mesh using displacement scaling : min:1  max:1
Checking faces in error :
    non-orthogonality > 65  degrees                        : 158
    faces with face pyramid volume < 1e-13                 : 124
    faces with face-decomposition tet quality < 1e-09      : 148
    faces with concavity > 80  degrees                     : 2
    faces with skewness > 4   (internal) or 20  (boundary) : 0
    faces with interpolation weights (0..1)  < 0.02        : 0
    faces with volume ratio of neighbour cells < 0.01      : 0
    faces with face twist < 0.02                           : 0
    faces on cells with determinant < 0.001                : 22
displacementMedialAxis : Iteration 1
Moving mesh using displacement scaling : min:0.75  max:1
Checking faces in error :
    non-orthogonality > 65  degrees                        : 2
    faces with face pyramid volume < 1e-13                 : 0
    faces with face-decomposition tet quality < 1e-09      : 68
    faces with concavity > 80  degrees                     : 0
    faces with skewness > 4   (internal) or 20  (boundary) : 0
    faces with interpolation weights (0..1)  < 0.02        : 0
    faces with volume ratio of neighbour cells < 0.01      : 0
    faces with face twist < 0.02                           : 0
    faces on cells with determinant < 0.001                : 58
displacementMedialAxis : Iteration 2
Moving mesh using displacement scaling : min:0.5625  max:1
Checking faces in error :
    non-orthogonality > 65  degrees                        : 0
    faces with face pyramid volume < 1e-13                 : 0
    faces with face-decomposition tet quality < 1e-09      : 26
    faces with concavity > 80  degrees                     : 0
    faces with skewness > 4   (internal) or 20  (boundary) : 0
    faces with interpolation weights (0..1)  < 0.02        : 0
    faces with volume ratio of neighbour cells < 0.01      : 0
    faces with face twist < 0.02                           : 0
    faces on cells with determinant < 0.001                : 0
displacementMedialAxis : Iteration 3
displacementMedialAxis : Displacement scaling for error reduction set to 0.
Moving mesh using displacement scaling : min:0.421875  max:1
Checking faces in error :
    non-orthogonality > 65  degrees                        : 0
    faces with face pyramid volume < 1e-13                 : 0
    faces with face-decomposition tet quality < 1e-09      : 2
    faces with concavity > 80  degrees                     : 0
    faces with skewness > 4   (internal) or 20  (boundary) : 0
    faces with interpolation weights (0..1)  < 0.02        : 0
    faces with volume ratio of neighbour cells < 0.01      : 0
    faces with face twist < 0.02                           : 0
    faces on cells with determinant < 0.001                : 0
displacementMedialAxis : Iteration 4
Moving mesh using displacement scaling : min:0  max:1
Checking faces in error :
    non-orthogonality > 65  degrees                        : 0
    faces with face pyramid volume < 1e-13                 : 0
    faces with face-decomposition tet quality < 1e-09      : 2
    faces with concavity > 80  degrees                     : 0
    faces with skewness > 4   (internal) or 20  (boundary) : 0
    faces with interpolation weights (0..1)  < 0.02        : 0
    faces with volume ratio of neighbour cells < 0.01      : 0
    faces with face twist < 0.02                           : 0
    faces on cells with determinant < 0.001                : 0
displacementMedialAxis : Iteration 5
Moving mesh using displacement scaling : min:0  max:1
Checking faces in error :
    non-orthogonality > 65  degrees                        : 0
    faces with face pyramid volume < 1e-13                 : 0
    faces with face-decomposition tet quality < 1e-09      : 0
    faces with concavity > 80  degrees                     : 0
    faces with skewness > 4   (internal) or 20  (boundary) : 0
    faces with interpolation weights (0..1)  < 0.02        : 0
    faces with volume ratio of neighbour cells < 0.01      : 0
    faces with face twist < 0.02                           : 0
    faces on cells with determinant < 0.001                : 0
displacementMedialAxis : Successfully moved mesh
displacementMedialAxis : Finished moving mesh ...
truncateDisplacement : Unextruded 2 faces due to non-consecutive vertices being extruded.
truncateDisplacement : Unextruded 0 faces due to stringed edges with inconsistent extrusion.
truncateDisplacement : Unextruded 0 faces due to non-consecutive vertices being extruded.
truncateDisplacement : Unextruded 0 faces due to stringed edges with inconsistent extrusion.

Setting up information for layer truncation ...
Detected 0 baffles across faceZones of type internal


Checking mesh with layer ...
Checking faces in error :
    non-orthogonality > 65  degrees                        : 0
    faces with face pyramid volume < 1e-13                 : 0
    faces with face-decomposition tet quality < 1e-09      : 41
    faces with concavity > 80  degrees                     : 0
    faces with skewness > 4   (internal) or 20  (boundary) : 0
    faces with interpolation weights (0..1)  < 0.02        : 0
    faces with volume ratio of neighbour cells < 0.01      : 0
    faces with face twist < 0.02                           : 0
    faces on cells with determinant < 0.001                : 0
Detected 41 illegal faces (concave, zero area or negative cell pyramid volume)
Extruding 194354 out of 210475 faces (92.3407%). Removed extrusion at 41 faces.
Added 997347 out of 1616210 cells (61.709%).


Layer addition iteration 7
--------------------------

Determining displacement for added points according to pointNormal ...
Detected 0 points with point normal pointing through faces.
Reset displacement at 0 points to average of surrounding points.

displacementMedialAxis : Smoothing using Medial Axis ...
displacementMedialAxis : Reducing layer thickness at 19230 nodes where thickness to medial axis distance is large 
displacementMedialAxis : Removing isolated regions ...
- if partially extruded faces make angle < 90
- if exclusively surrounded by non-extruded faces
displacementMedialAxis : Number of isolated points extrusion stopped : 24
fieldSmoother : Smoothing field ...
    Iteration 0   residual 0.000245042
displacementMedialAxis : Moving mesh ...
displacementMedialAxis : Iteration 0
Moving mesh using displacement scaling : min:1  max:1
Checking faces in error :
    non-orthogonality > 65  degrees                        : 160
    faces with face pyramid volume < 1e-13                 : 124
    faces with face-decomposition tet quality < 1e-09      : 146
    faces with concavity > 80  degrees                     : 2
    faces with skewness > 4   (internal) or 20  (boundary) : 0
    faces with interpolation weights (0..1)  < 0.02        : 0
    faces with volume ratio of neighbour cells < 0.01      : 0
    faces with face twist < 0.02                           : 0
    faces on cells with determinant < 0.001                : 24
displacementMedialAxis : Iteration 1
Moving mesh using displacement scaling : min:0.75  max:1
Checking faces in error :
    non-orthogonality > 65  degrees                        : 2
    faces with face pyramid volume < 1e-13                 : 0
    faces with face-decomposition tet quality < 1e-09      : 64
    faces with concavity > 80  degrees                     : 0
    faces with skewness > 4   (internal) or 20  (boundary) : 0
    faces with interpolation weights (0..1)  < 0.02        : 0
    faces with volume ratio of neighbour cells < 0.01      : 0
    faces with face twist < 0.02                           : 0
    faces on cells with determinant < 0.001                : 58
displacementMedialAxis : Iteration 2
Moving mesh using displacement scaling : min:0.5625  max:1
Checking faces in error :
    non-orthogonality > 65  degrees                        : 0
    faces with face pyramid volume < 1e-13                 : 0
    faces with face-decomposition tet quality < 1e-09      : 24
    faces with concavity > 80  degrees                     : 0
    faces with skewness > 4   (internal) or 20  (boundary) : 0
    faces with interpolation weights (0..1)  < 0.02        : 0
    faces with volume ratio of neighbour cells < 0.01      : 0
    faces with face twist < 0.02                           : 0
    faces on cells with determinant < 0.001                : 0
displacementMedialAxis : Iteration 3
displacementMedialAxis : Displacement scaling for error reduction set to 0.
Moving mesh using displacement scaling : min:0.421875  max:1
Checking faces in error :
    non-orthogonality > 65  degrees                        : 0
    faces with face pyramid volume < 1e-13                 : 0
    faces with face-decomposition tet quality < 1e-09      : 0
    faces with concavity > 80  degrees                     : 0
    faces with skewness > 4   (internal) or 20  (boundary) : 0
    faces with interpolation weights (0..1)  < 0.02        : 0
    faces with volume ratio of neighbour cells < 0.01      : 0
    faces with face twist < 0.02                           : 0
    faces on cells with determinant < 0.001                : 0
displacementMedialAxis : Successfully moved mesh
displacementMedialAxis : Finished moving mesh ...
truncateDisplacement : Unextruded 0 faces due to non-consecutive vertices being extruded.
truncateDisplacement : Unextruded 0 faces due to stringed edges with inconsistent extrusion.

Setting up information for layer truncation ...
Detected 0 baffles across faceZones of type internal


Checking mesh with layer ...
Checking faces in error :
    non-orthogonality > 65  degrees                        : 0
    faces with face pyramid volume < 1e-13                 : 0
    faces with face-decomposition tet quality < 1e-09      : 22
    faces with concavity > 80  degrees                     : 0
    faces with skewness > 4   (internal) or 20  (boundary) : 0
    faces with interpolation weights (0..1)  < 0.02        : 0
    faces with volume ratio of neighbour cells < 0.01      : 0
    faces with face twist < 0.02                           : 0
    faces on cells with determinant < 0.001                : 0
Detected 22 illegal faces (concave, zero area or negative cell pyramid volume)
Extruding 194296 out of 210475 faces (92.3131%). Removed extrusion at 19 faces.
Added 997138 out of 1616210 cells (61.6961%).


Layer addition iteration 8
--------------------------

Determining displacement for added points according to pointNormal ...
Detected 0 points with point normal pointing through faces.
Reset displacement at 0 points to average of surrounding points.

displacementMedialAxis : Smoothing using Medial Axis ...
displacementMedialAxis : Reducing layer thickness at 19230 nodes where thickness to medial axis distance is large 
displacementMedialAxis : Removing isolated regions ...
- if partially extruded faces make angle < 90
- if exclusively surrounded by non-extruded faces
displacementMedialAxis : Number of isolated points extrusion stopped : 18
fieldSmoother : Smoothing field ...
    Iteration 0   residual 0.000244813
displacementMedialAxis : Moving mesh ...
displacementMedialAxis : Iteration 0
Moving mesh using displacement scaling : min:1  max:1
Checking faces in error :
    non-orthogonality > 65  degrees                        : 158
    faces with face pyramid volume < 1e-13                 : 124
    faces with face-decomposition tet quality < 1e-09      : 152
    faces with concavity > 80  degrees                     : 2
    faces with skewness > 4   (internal) or 20  (boundary) : 0
    faces with interpolation weights (0..1)  < 0.02        : 0
    faces with volume ratio of neighbour cells < 0.01      : 0
    faces with face twist < 0.02                           : 0
    faces on cells with determinant < 0.001                : 24
displacementMedialAxis : Iteration 1
Moving mesh using displacement scaling : min:0.75  max:1
Checking faces in error :
    non-orthogonality > 65  degrees                        : 2
    faces with face pyramid volume < 1e-13                 : 0
    faces with face-decomposition tet quality < 1e-09      : 64
    faces with concavity > 80  degrees                     : 0
    faces with skewness > 4   (internal) or 20  (boundary) : 0
    faces with interpolation weights (0..1)  < 0.02        : 0
    faces with volume ratio of neighbour cells < 0.01      : 0
    faces with face twist < 0.02                           : 0
    faces on cells with determinant < 0.001                : 58
displacementMedialAxis : Iteration 2
Moving mesh using displacement scaling : min:0.5625  max:1
Checking faces in error :
    non-orthogonality > 65  degrees                        : 0
    faces with face pyramid volume < 1e-13                 : 0
    faces with face-decomposition tet quality < 1e-09      : 26
    faces with concavity > 80  degrees                     : 0
    faces with skewness > 4   (internal) or 20  (boundary) : 0
    faces with interpolation weights (0..1)  < 0.02        : 0
    faces with volume ratio of neighbour cells < 0.01      : 0
    faces with face twist < 0.02                           : 0
    faces on cells with determinant < 0.001                : 0
displacementMedialAxis : Iteration 3
displacementMedialAxis : Displacement scaling for error reduction set to 0.
Moving mesh using displacement scaling : min:0.421875  max:1
Checking faces in error :
    non-orthogonality > 65  degrees                        : 0
    faces with face pyramid volume < 1e-13                 : 0
    faces with face-decomposition tet quality < 1e-09      : 0
    faces with concavity > 80  degrees                     : 0
    faces with skewness > 4   (internal) or 20  (boundary) : 0
    faces with interpolation weights (0..1)  < 0.02        : 0
    faces with volume ratio of neighbour cells < 0.01      : 0
    faces with face twist < 0.02                           : 0
    faces on cells with determinant < 0.001                : 0
displacementMedialAxis : Successfully moved mesh
displacementMedialAxis : Finished moving mesh ...
truncateDisplacement : Unextruded 0 faces due to non-consecutive vertices being extruded.
truncateDisplacement : Unextruded 0 faces due to stringed edges with inconsistent extrusion.

Setting up information for layer truncation ...
Detected 0 baffles across faceZones of type internal


Checking mesh with layer ...
Checking faces in error :
    non-orthogonality > 65  degrees                        : 0
    faces with face pyramid volume < 1e-13                 : 0
    faces with face-decomposition tet quality < 1e-09      : 10
    faces with concavity > 80  degrees                     : 0
    faces with skewness > 4   (internal) or 20  (boundary) : 0
    faces with interpolation weights (0..1)  < 0.02        : 0
    faces with volume ratio of neighbour cells < 0.01      : 0
    faces with face twist < 0.02                           : 0
    faces on cells with determinant < 0.001                : 0
Detected 10 illegal faces (concave, zero area or negative cell pyramid volume)
Extruding 194266 out of 210475 faces (92.2988%). Removed extrusion at 10 faces.
Added 997060 out of 1616210 cells (61.6912%).


Layer addition iteration 9
--------------------------

Determining displacement for added points according to pointNormal ...
Detected 0 points with point normal pointing through faces.
Reset displacement at 0 points to average of surrounding points.

displacementMedialAxis : Smoothing using Medial Axis ...
displacementMedialAxis : Reducing layer thickness at 19230 nodes where thickness to medial axis distance is large 
displacementMedialAxis : Removing isolated regions ...
- if partially extruded faces make angle < 90
- if exclusively surrounded by non-extruded faces
displacementMedialAxis : Number of isolated points extrusion stopped : 4
fieldSmoother : Smoothing field ...
    Iteration 0   residual 0.00024477
displacementMedialAxis : Moving mesh ...
displacementMedialAxis : Iteration 0
Moving mesh using displacement scaling : min:1  max:1
Checking faces in error :
    non-orthogonality > 65  degrees                        : 158
    faces with face pyramid volume < 1e-13                 : 124
    faces with face-decomposition tet quality < 1e-09      : 152
    faces with concavity > 80  degrees                     : 2
    faces with skewness > 4   (internal) or 20  (boundary) : 0
    faces with interpolation weights (0..1)  < 0.02        : 0
    faces with volume ratio of neighbour cells < 0.01      : 0
    faces with face twist < 0.02                           : 0
    faces on cells with determinant < 0.001                : 24
displacementMedialAxis : Iteration 1
Moving mesh using displacement scaling : min:0.75  max:1
Checking faces in error :
    non-orthogonality > 65  degrees                        : 2
    faces with face pyramid volume < 1e-13                 : 0
    faces with face-decomposition tet quality < 1e-09      : 64
    faces with concavity > 80  degrees                     : 0
    faces with skewness > 4   (internal) or 20  (boundary) : 0
    faces with interpolation weights (0..1)  < 0.02        : 0
    faces with volume ratio of neighbour cells < 0.01      : 0
    faces with face twist < 0.02                           : 0
    faces on cells with determinant < 0.001                : 58
displacementMedialAxis : Iteration 2
Moving mesh using displacement scaling : min:0.5625  max:1
Checking faces in error :
    non-orthogonality > 65  degrees                        : 0
    faces with face pyramid volume < 1e-13                 : 0
    faces with face-decomposition tet quality < 1e-09      : 26
    faces with concavity > 80  degrees                     : 0
    faces with skewness > 4   (internal) or 20  (boundary) : 0
    faces with interpolation weights (0..1)  < 0.02        : 0
    faces with volume ratio of neighbour cells < 0.01      : 0
    faces with face twist < 0.02                           : 0
    faces on cells with determinant < 0.001                : 0
displacementMedialAxis : Iteration 3
displacementMedialAxis : Displacement scaling for error reduction set to 0.
Moving mesh using displacement scaling : min:0.421875  max:1
Checking faces in error :
    non-orthogonality > 65  degrees                        : 0
    faces with face pyramid volume < 1e-13                 : 0
    faces with face-decomposition tet quality < 1e-09      : 0
    faces with concavity > 80  degrees                     : 0
    faces with skewness > 4   (internal) or 20  (boundary) : 0
    faces with interpolation weights (0..1)  < 0.02        : 0
    faces with volume ratio of neighbour cells < 0.01      : 0
    faces with face twist < 0.02                           : 0
    faces on cells with determinant < 0.001                : 0
displacementMedialAxis : Successfully moved mesh
displacementMedialAxis : Finished moving mesh ...
truncateDisplacement : Unextruded 0 faces due to non-consecutive vertices being extruded.
truncateDisplacement : Unextruded 0 faces due to stringed edges with inconsistent extrusion.

Setting up information for layer truncation ...
Detected 0 baffles across faceZones of type internal


Checking mesh with layer ...
Checking faces in error :
    non-orthogonality > 65  degrees                        : 0
    faces with face pyramid volume < 1e-13                 : 0
    faces with face-decomposition tet quality < 1e-09      : 14
    faces with concavity > 80  degrees                     : 0
    faces with skewness > 4   (internal) or 20  (boundary) : 0
    faces with interpolation weights (0..1)  < 0.02        : 0
    faces with volume ratio of neighbour cells < 0.01      : 0
    faces with face twist < 0.02                           : 0
    faces on cells with determinant < 0.001                : 0
Detected 14 illegal faces (concave, zero area or negative cell pyramid volume)
Extruding 194246 out of 210475 faces (92.2893%). Removed extrusion at 14 faces.
Added 997018 out of 1616210 cells (61.6886%).


Layer addition iteration 10
--------------------------

Determining displacement for added points according to pointNormal ...
Detected 0 points with point normal pointing through faces.
Reset displacement at 0 points to average of surrounding points.

displacementMedialAxis : Smoothing using Medial Axis ...
displacementMedialAxis : Reducing layer thickness at 19230 nodes where thickness to medial axis distance is large 
displacementMedialAxis : Removing isolated regions ...
- if partially extruded faces make angle < 90
- if exclusively surrounded by non-extruded faces
displacementMedialAxis : Number of isolated points extrusion stopped : 24
fieldSmoother : Smoothing field ...
    Iteration 0   residual 0.000244612
displacementMedialAxis : Moving mesh ...
displacementMedialAxis : Iteration 0
Moving mesh using displacement scaling : min:1  max:1
Checking faces in error :
    non-orthogonality > 65  degrees                        : 159
    faces with face pyramid volume < 1e-13                 : 124
    faces with face-decomposition tet quality < 1e-09      : 153
    faces with concavity > 80  degrees                     : 2
    faces with skewness > 4   (internal) or 20  (boundary) : 0
    faces with interpolation weights (0..1)  < 0.02        : 0
    faces with volume ratio of neighbour cells < 0.01      : 0
    faces with face twist < 0.02                           : 0
    faces on cells with determinant < 0.001                : 24
displacementMedialAxis : Iteration 1
Moving mesh using displacement scaling : min:0.75  max:1
Checking faces in error :
    non-orthogonality > 65  degrees                        : 2
    faces with face pyramid volume < 1e-13                 : 0
    faces with face-decomposition tet quality < 1e-09      : 64
    faces with concavity > 80  degrees                     : 0
    faces with skewness > 4   (internal) or 20  (boundary) : 0
    faces with interpolation weights (0..1)  < 0.02        : 0
    faces with volume ratio of neighbour cells < 0.01      : 0
    faces with face twist < 0.02                           : 0
    faces on cells with determinant < 0.001                : 58
displacementMedialAxis : Iteration 2
Moving mesh using displacement scaling : min:0.5625  max:1
Checking faces in error :
    non-orthogonality > 65  degrees                        : 0
    faces with face pyramid volume < 1e-13                 : 0
    faces with face-decomposition tet quality < 1e-09      : 26
    faces with concavity > 80  degrees                     : 0
    faces with skewness > 4   (internal) or 20  (boundary) : 0
    faces with interpolation weights (0..1)  < 0.02        : 0
    faces with volume ratio of neighbour cells < 0.01      : 0
    faces with face twist < 0.02                           : 0
    faces on cells with determinant < 0.001                : 0
displacementMedialAxis : Iteration 3
displacementMedialAxis : Displacement scaling for error reduction set to 0.
Moving mesh using displacement scaling : min:0.421875  max:1
Checking faces in error :
    non-orthogonality > 65  degrees                        : 0
    faces with face pyramid volume < 1e-13                 : 0
    faces with face-decomposition tet quality < 1e-09      : 0
    faces with concavity > 80  degrees                     : 0
    faces with skewness > 4   (internal) or 20  (boundary) : 0
    faces with interpolation weights (0..1)  < 0.02        : 0
    faces with volume ratio of neighbour cells < 0.01      : 0
    faces with face twist < 0.02                           : 0
    faces on cells with determinant < 0.001                : 0
displacementMedialAxis : Successfully moved mesh
displacementMedialAxis : Finished moving mesh ...
truncateDisplacement : Unextruded 0 faces due to non-consecutive vertices being extruded.
truncateDisplacement : Unextruded 0 faces due to stringed edges with inconsistent extrusion.

Setting up information for layer truncation ...
Detected 0 baffles across faceZones of type internal


Checking mesh with layer ...
Checking faces in error :
    non-orthogonality > 65  degrees                        : 0
    faces with face pyramid volume < 1e-13                 : 0
    faces with face-decomposition tet quality < 1e-09      : 14
    faces with concavity > 80  degrees                     : 0
    faces with skewness > 4   (internal) or 20  (boundary) : 0
    faces with interpolation weights (0..1)  < 0.02        : 0
    faces with volume ratio of neighbour cells < 0.01      : 0
    faces with face twist < 0.02                           : 0
    faces on cells with determinant < 0.001                : 0
Detected 14 illegal faces (concave, zero area or negative cell pyramid volume)
Extruding 194204 out of 210475 faces (92.2694%). Removed extrusion at 14 faces.
Added 996928 out of 1616210 cells (61.6831%).


Layer addition iteration 11
--------------------------

Determining displacement for added points according to pointNormal ...
Detected 0 points with point normal pointing through faces.
Reset displacement at 0 points to average of surrounding points.

displacementMedialAxis : Smoothing using Medial Axis ...
displacementMedialAxis : Reducing layer thickness at 19230 nodes where thickness to medial axis distance is large 
displacementMedialAxis : Removing isolated regions ...
- if partially extruded faces make angle < 90
- if exclusively surrounded by non-extruded faces
displacementMedialAxis : Number of isolated points extrusion stopped : 20
fieldSmoother : Smoothing field ...
    Iteration 0   residual 0.000244386
displacementMedialAxis : Moving mesh ...
displacementMedialAxis : Iteration 0
Moving mesh using displacement scaling : min:1  max:1
Checking faces in error :
    non-orthogonality > 65  degrees                        : 158
    faces with face pyramid volume < 1e-13                 : 124
    faces with face-decomposition tet quality < 1e-09      : 152
    faces with concavity > 80  degrees                     : 2
    faces with skewness > 4   (internal) or 20  (boundary) : 0
    faces with interpolation weights (0..1)  < 0.02        : 0
    faces with volume ratio of neighbour cells < 0.01      : 0
    faces with face twist < 0.02                           : 0
    faces on cells with determinant < 0.001                : 24
displacementMedialAxis : Iteration 1
Moving mesh using displacement scaling : min:0.75  max:1
Checking faces in error :
    non-orthogonality > 65  degrees                        : 2
    faces with face pyramid volume < 1e-13                 : 0
    faces with face-decomposition tet quality < 1e-09      : 66
    faces with concavity > 80  degrees                     : 0
    faces with skewness > 4   (internal) or 20  (boundary) : 0
    faces with interpolation weights (0..1)  < 0.02        : 0
    faces with volume ratio of neighbour cells < 0.01      : 0
    faces with face twist < 0.02                           : 0
    faces on cells with determinant < 0.001                : 58
displacementMedialAxis : Iteration 2
Moving mesh using displacement scaling : min:0.5625  max:1
Checking faces in error :
    non-orthogonality > 65  degrees                        : 0
    faces with face pyramid volume < 1e-13                 : 0
    faces with face-decomposition tet quality < 1e-09      : 28
    faces with concavity > 80  degrees                     : 0
    faces with skewness > 4   (internal) or 20  (boundary) : 0
    faces with interpolation weights (0..1)  < 0.02        : 0
    faces with volume ratio of neighbour cells < 0.01      : 0
    faces with face twist < 0.02                           : 0
    faces on cells with determinant < 0.001                : 0
displacementMedialAxis : Iteration 3
displacementMedialAxis : Displacement scaling for error reduction set to 0.
Moving mesh using displacement scaling : min:0.421875  max:1
Checking faces in error :
    non-orthogonality > 65  degrees                        : 0
    faces with face pyramid volume < 1e-13                 : 0
    faces with face-decomposition tet quality < 1e-09      : 0
    faces with concavity > 80  degrees                     : 0
    faces with skewness > 4   (internal) or 20  (boundary) : 0
    faces with interpolation weights (0..1)  < 0.02        : 0
    faces with volume ratio of neighbour cells < 0.01      : 0
    faces with face twist < 0.02                           : 0
    faces on cells with determinant < 0.001                : 0
displacementMedialAxis : Successfully moved mesh
displacementMedialAxis : Finished moving mesh ...
truncateDisplacement : Unextruded 0 faces due to non-consecutive vertices being extruded.
truncateDisplacement : Unextruded 0 faces due to stringed edges with inconsistent extrusion.

Setting up information for layer truncation ...
Detected 0 baffles across faceZones of type internal


Checking mesh with layer ...
Checking faces in error :
    non-orthogonality > 65  degrees                        : 0
    faces with face pyramid volume < 1e-13                 : 0
    faces with face-decomposition tet quality < 1e-09      : 4
    faces with concavity > 80  degrees                     : 0
    faces with skewness > 4   (internal) or 20  (boundary) : 0
    faces with interpolation weights (0..1)  < 0.02        : 0
    faces with volume ratio of neighbour cells < 0.01      : 0
    faces with face twist < 0.02                           : 0
    faces on cells with determinant < 0.001                : 0
Detected 4 illegal faces (concave, zero area or negative cell pyramid volume)
Extruding 194174 out of 210475 faces (92.2551%). Removed extrusion at 4 faces.
Added 996798 out of 1616210 cells (61.675%).


Layer addition iteration 12
--------------------------

Determining displacement for added points according to pointNormal ...
Detected 0 points with point normal pointing through faces.
Reset displacement at 0 points to average of surrounding points.

displacementMedialAxis : Smoothing using Medial Axis ...
displacementMedialAxis : Reducing layer thickness at 19230 nodes where thickness to medial axis distance is large 
displacementMedialAxis : Removing isolated regions ...
- if partially extruded faces make angle < 90
- if exclusively surrounded by non-extruded faces
displacementMedialAxis : Number of isolated points extrusion stopped : 2
fieldSmoother : Smoothing field ...
    Iteration 0   residual 0.000244307
displacementMedialAxis : Moving mesh ...
displacementMedialAxis : Iteration 0
Moving mesh using displacement scaling : min:1  max:1
Checking faces in error :
    non-orthogonality > 65  degrees                        : 158
    faces with face pyramid volume < 1e-13                 : 124
    faces with face-decomposition tet quality < 1e-09      : 152
    faces with concavity > 80  degrees                     : 2
    faces with skewness > 4   (internal) or 20  (boundary) : 0
    faces with interpolation weights (0..1)  < 0.02        : 0
    faces with volume ratio of neighbour cells < 0.01      : 0
    faces with face twist < 0.02                           : 0
    faces on cells with determinant < 0.001                : 24
displacementMedialAxis : Iteration 1
Moving mesh using displacement scaling : min:0.75  max:1
Checking faces in error :
    non-orthogonality > 65  degrees                        : 2
    faces with face pyramid volume < 1e-13                 : 0
    faces with face-decomposition tet quality < 1e-09      : 66
    faces with concavity > 80  degrees                     : 0
    faces with skewness > 4   (internal) or 20  (boundary) : 0
    faces with interpolation weights (0..1)  < 0.02        : 0
    faces with volume ratio of neighbour cells < 0.01      : 0
    faces with face twist < 0.02                           : 0
    faces on cells with determinant < 0.001                : 58
displacementMedialAxis : Iteration 2
Moving mesh using displacement scaling : min:0.5625  max:1
Checking faces in error :
    non-orthogonality > 65  degrees                        : 0
    faces with face pyramid volume < 1e-13                 : 0
    faces with face-decomposition tet quality < 1e-09      : 28
    faces with concavity > 80  degrees                     : 0
    faces with skewness > 4   (internal) or 20  (boundary) : 0
    faces with interpolation weights (0..1)  < 0.02        : 0
    faces with volume ratio of neighbour cells < 0.01      : 0
    faces with face twist < 0.02                           : 0
    faces on cells with determinant < 0.001                : 0
displacementMedialAxis : Iteration 3
displacementMedialAxis : Displacement scaling for error reduction set to 0.
Moving mesh using displacement scaling : min:0.421875  max:1
Checking faces in error :
    non-orthogonality > 65  degrees                        : 0
    faces with face pyramid volume < 1e-13                 : 0
    faces with face-decomposition tet quality < 1e-09      : 0
    faces with concavity > 80  degrees                     : 0
    faces with skewness > 4   (internal) or 20  (boundary) : 0
    faces with interpolation weights (0..1)  < 0.02        : 0
    faces with volume ratio of neighbour cells < 0.01      : 0
    faces with face twist < 0.02                           : 0
    faces on cells with determinant < 0.001                : 0
displacementMedialAxis : Successfully moved mesh
displacementMedialAxis : Finished moving mesh ...
truncateDisplacement : Unextruded 0 faces due to non-consecutive vertices being extruded.
truncateDisplacement : Unextruded 0 faces due to stringed edges with inconsistent extrusion.

Setting up information for layer truncation ...
Detected 0 baffles across faceZones of type internal


Checking mesh with layer ...
Checking faces in error :
    non-orthogonality > 65  degrees                        : 0
    faces with face pyramid volume < 1e-13                 : 0
    faces with face-decomposition tet quality < 1e-09      : 0
    faces with concavity > 80  degrees                     : 0
    faces with skewness > 4   (internal) or 20  (boundary) : 0
    faces with interpolation weights (0..1)  < 0.02        : 0
    faces with volume ratio of neighbour cells < 0.01      : 0
    faces with face twist < 0.02                           : 0
    faces on cells with determinant < 0.001                : 0
Detected 0 illegal faces (concave, zero area or negative cell pyramid volume)
Extruding 194172 out of 210475 faces (92.2542%). Removed extrusion at 0 faces.
Added 996788 out of 1616210 cells (61.6744%).
Edge intersection testing:
    Number of edges             : 14975582
    Number of edges to retest   : 0
    Number of intersected edges : 619821

patch    faces    layers   overall thickness
                           [m]       [%]
-----    -----    ------   ---       ---
bottom   97896    4.96     0.0647    97.2    
Geometry 112579   4.54     0.0155    63.3    

Layer mesh : cells:4907931  faces:14975582  points:5169473
Cells per refinement level:
    0	372194
    1	64738
    2	1339992
    3	1414016
    4	1716991
Writing mesh to time constant
Wrote mesh in = 1362.72 s.
Layers added in = 1362.72 s.
Checking final mesh ...
Checking faces in error :
    non-orthogonality > 65  degrees                        : 0
    faces with face pyramid volume < 1e-13                 : 0
    faces with face-decomposition tet quality < 1e-09      : 0
    faces with concavity > 80  degrees                     : 0
    faces with skewness > 4   (internal) or 20  (boundary) : 0
    faces with interpolation weights (0..1)  < 0.02        : 0
    faces with volume ratio of neighbour cells < 0.01      : 0
    faces with face twist < 0.02                           : 0
    faces on cells with determinant < 0.001                : 0
Finished meshing without any errors
Finished meshing in = 2026.41 s.
End

