# Force coefficients
# dragDir     : (1.000000e+00 0.000000e+00 0.000000e+00)
# sideDir     : (0.000000e+00 1.000000e+00 0.000000e+00)
# liftDir     : (0.000000e+00 0.000000e+00 1.000000e+00)
# rollAxis    : (1.000000e+00 0.000000e+00 0.000000e+00)
# pitchAxis   : (0.000000e+00 1.000000e+00 0.000000e+00)
# yawAxis     : (0.000000e+00 0.000000e+00 1.000000e+00)
# magUInf     : 5.000000e+01
# lRef        : 1.000000e+00
# Aref        : 1.000000e+00
# CofR        : (0.000000e+00 0.000000e+00 0.000000e+00)
#
# Time        	Cd            	Cs            	Cl            	CmRoll        	CmPitch       	CmYaw         	Cd(f)         	Cd(r)         	Cs(f)         	Cs(r)         	Cl(f)         	Cl(r)         
0.01          	1.360847e+02	1.956498e-04	-8.087127e+01	-4.043570e+01	1.064666e+02	-6.804229e+01	2.760666e+01	1.084781e+02	-6.804219e+01	6.804239e+01	6.603099e+01	-1.469023e+02
0.02          	1.640834e+02	-8.490275e-04	-8.082300e+01	-4.041103e+01	1.197281e+02	-8.204231e+01	4.163065e+01	1.224527e+02	-8.204274e+01	8.204189e+01	7.931660e+01	-1.601396e+02
0.03          	1.126447e+02	8.717706e-03	-8.056233e+01	-4.028648e+01	9.321415e+01	-5.631754e+01	1.603585e+01	9.660881e+01	-5.631318e+01	5.632190e+01	5.293299e+01	-1.334953e+02
0.04          	3.143735e+01	2.909005e-02	-8.014273e+01	-4.008813e+01	5.274121e+01	-1.568601e+01	-2.436946e+01	5.580681e+01	-1.567146e+01	1.570055e+01	1.266984e+01	-9.281257e+01
0.05          	-4.813487e+01	3.542151e-02	-7.966538e+01	-3.985305e+01	1.393917e+01	2.410904e+01	-6.392049e+01	1.578562e+01	2.412675e+01	-2.409133e+01	-2.589352e+01	-5.377186e+01
0.06          	-1.011711e+02	3.297655e-02	-7.927086e+01	-3.965408e+01	-1.120924e+01	5.061574e+01	-9.023965e+01	-1.093149e+01	5.063223e+01	-5.059925e+01	-5.084467e+01	-2.842619e+01
0.07          	-1.176827e+02	2.760997e-02	-7.909137e+01	-3.956054e+01	-1.822299e+01	5.885566e+01	-9.840190e+01	-1.928081e+01	5.886946e+01	-5.884185e+01	-5.776867e+01	-2.132269e+01
0.08          	-9.994716e+01	1.767035e-02	-7.918704e+01	-3.960265e+01	-8.553210e+00	4.997254e+01	-8.957623e+01	-1.037093e+01	4.998138e+01	-4.996371e+01	-4.814673e+01	-3.104031e+01
0.09          	-5.941881e+01	7.816073e-03	-7.951717e+01	-3.976201e+01	1.197300e+01	2.970110e+01	-6.947142e+01	1.005261e+01	2.970501e+01	-2.969719e+01	-2.778558e+01	-5.173159e+01
0.1           	-1.161863e+01	1.921097e-03	-7.997145e+01	-3.998593e+01	3.564026e+01	5.802808e+00	-4.579524e+01	3.417662e+01	5.803768e+00	-5.801847e+00	-4.345463e+00	-7.562599e+01
0.11          	2.902445e+01	-2.302998e-03	-8.040722e+01	-4.020181e+01	5.539807e+01	-1.451421e+01	-2.568959e+01	5.471403e+01	-1.451536e+01	1.451306e+01	1.519445e+01	-9.560168e+01
0.12          	5.304821e+01	-4.692832e-03	-8.069832e+01	-4.034647e+01	6.675209e+01	-2.652330e+01	-1.382237e+01	6.687058e+01	-2.652564e+01	2.652095e+01	2.640293e+01	-1.071013e+02
0.13          	5.762178e+01	-5.727343e-03	-8.077281e+01	-4.038404e+01	6.849958e+01	-2.880903e+01	-1.157315e+01	6.919493e+01	-2.881189e+01	2.880617e+01	2.811318e+01	-1.088860e+02
0.14          	4.576973e+01	-7.005956e-03	-8.062979e+01	-4.031249e+01	6.228909e+01	-2.288457e+01	-1.742762e+01	6.319735e+01	-2.288808e+01	2.288107e+01	2.197419e+01	-1.026040e+02
0.15          	2.426600e+01	-5.969946e-03	-8.033273e+01	-4.016471e+01	5.153263e+01	-1.213346e+01	-2.803172e+01	5.229771e+01	-1.213644e+01	1.213047e+01	1.136626e+01	-9.169899e+01
0.16          	1.035583e+00	-5.418989e-03	-7.998450e+01	-3.999080e+01	4.012287e+01	-5.219481e-01	-3.947300e+01	4.050859e+01	-5.246576e-01	5.192386e-01	1.306171e-01	-8.011511e+01
0.17          	-1.720955e+01	-2.959839e-03	-7.969219e+01	-3.984547e+01	3.130910e+01	8.598987e+00	-4.845024e+01	3.124069e+01	8.597507e+00	-8.600467e+00	-8.536992e+00	-7.115519e+01
0.18          	-2.655022e+01	6.480428e-04	-7.953479e+01	-3.976798e+01	2.693655e+01	1.327050e+01	-5.304310e+01	2.649287e+01	1.327082e+01	-1.327018e+01	-1.283085e+01	-6.670395e+01
0.19          	-2.634020e+01	3.437164e-03	-7.954222e+01	-3.977244e+01	2.724743e+01	1.316791e+01	-5.294255e+01	2.660234e+01	1.316963e+01	-1.316619e+01	-1.252368e+01	-6.701854e+01
0.2           	-1.867717e+01	5.016699e-03	-7.969106e+01	-3.984718e+01	3.115402e+01	9.339133e+00	-4.918576e+01	3.050859e+01	9.341641e+00	-9.336624e+00	-8.691509e+00	-7.099956e+01
0.21          	-7.264270e+00	4.651448e-03	-7.991981e+01	-3.996128e+01	3.681201e+01	3.634545e+00	-4.359341e+01	3.632914e+01	3.636871e+00	-3.632220e+00	-3.147893e+00	-7.677192e+01
0.22          	3.943497e+00	3.598845e-03	-8.015217e+01	-4.007710e+01	4.228626e+01	-1.967485e+00	-3.810535e+01	4.204885e+01	-1.965685e+00	1.969284e+00	2.210175e+00	-8.236234e+01
0.23          	1.187661e+01	1.963233e-03	-8.032071e+01	-4.016093e+01	4.609798e+01	-5.932985e+00	-3.422263e+01	4.609923e+01	-5.932003e+00	5.933966e+00	5.937621e+00	-8.625833e+01
0.24          	1.503430e+01	3.047462e-04	-8.038612e+01	-4.019323e+01	4.754674e+01	-7.511927e+00	-3.267608e+01	4.771039e+01	-7.511775e+00	7.512080e+00	7.353681e+00	-8.773980e+01
0.25          	1.355885e+01	-1.214004e-03	-8.034424e+01	-4.017189e+01	4.673400e+01	-6.775769e+00	-3.339246e+01	4.695132e+01	-6.776376e+00	6.775162e+00	6.561879e+00	-8.690612e+01
0.26          	8.847585e+00	-1.849881e-03	-8.022243e+01	-4.011088e+01	4.436627e+01	-4.422080e+00	-3.568708e+01	4.453467e+01	-4.423005e+00	4.421155e+00	4.255057e+00	-8.447749e+01
0.27          	2.892177e+00	-2.098669e-03	-8.006725e+01	-4.003319e+01	4.143011e+01	-1.446529e+00	-3.858710e+01	4.147927e+01	-1.447579e+00	1.445480e+00	1.396485e+00	-8.146373e+01
0.28          	-2.390004e+00	-1.841735e-03	-7.992733e+01	-3.996329e+01	3.886152e+01	1.193252e+00	-4.115829e+01	3.876829e+01	1.192331e+00	-1.194173e+00	-1.102142e+00	-7.882519e+01
0.29          	-5.661778e+00	-1.304152e-03	-7.984045e+01	-3.991996e+01	3.730180e+01	2.828749e+00	-4.275085e+01	3.708907e+01	2.828097e+00	-2.829401e+00	-2.618432e+00	-7.722202e+01
0.3           	-6.429007e+00	-7.071383e-04	-7.982327e+01	-3.991146e+01	3.697545e+01	3.212445e+00	-4.312596e+01	3.669696e+01	3.212091e+00	-3.212798e+00	-2.936190e+00	-7.688708e+01
0.31          	-4.998644e+00	-2.923872e-05	-7.986972e+01	-3.993481e+01	3.771727e+01	2.497782e+00	-4.243413e+01	3.743549e+01	2.497768e+00	-2.497797e+00	-2.217593e+00	-7.765213e+01
0.32          	-2.228445e+00	6.467885e-04	-7.995688e+01	-3.997862e+01	3.909846e+01	1.113667e+00	-4.109284e+01	3.886439e+01	1.113991e+00	-1.113344e+00	-8.799853e-01	-7.907690e+01
0.33          	8.317938e-01	8.875580e-04	-8.005357e+01	-4.002705e+01	4.060204e+01	-4.155322e-01	-3.961116e+01	4.044295e+01	-4.150884e-01	4.159760e-01	5.752584e-01	-8.062883e+01
0.34          	3.270211e+00	5.149837e-04	-8.013079e+01	-4.006541e+01	4.178390e+01	-1.634287e+00	-3.843030e+01	4.170051e+01	-1.634029e+00	1.634544e+00	1.718505e+00	-8.184929e+01
0.35          	4.537537e+00	3.539079e-04	-8.016965e+01	-4.008493e+01	4.238169e+01	-2.267434e+00	-3.781616e+01	4.235370e+01	-2.267257e+00	2.267611e+00	2.296869e+00	-8.246652e+01
0.36          	4.520417e+00	2.092351e-04	-8.016533e+01	-4.008291e+01	4.234908e+01	-2.258420e+00	-3.782270e+01	4.234312e+01	-2.258316e+00	2.258525e+00	2.266419e+00	-8.243175e+01
0.37          	3.491103e+00	1.498136e-04	-8.012602e+01	-4.006342e+01	4.182679e+01	-1.743475e+00	-3.831787e+01	4.180898e+01	-1.743400e+00	1.743550e+00	1.763785e+00	-8.188980e+01
0.38          	1.950128e+00	9.176884e-05	-8.006852e+01	-4.003477e+01	4.106376e+01	-9.730972e-01	-3.905971e+01	4.100984e+01	-9.730513e-01	9.731431e-01	1.029507e+00	-8.109802e+01
0.39          	4.387844e-01	4.074994e-05	-8.001199e+01	-4.000649e+01	4.032494e+01	-2.178919e-01	-3.978709e+01	4.022588e+01	-2.178716e-01	2.179123e-01	3.189486e-01	-8.033094e+01
0.4           	-6.243553e-01	6.956244e-05	-7.997214e+01	-3.998648e+01	3.981296e+01	3.131224e-01	-4.029866e+01	3.967430e+01	3.131572e-01	-3.130876e-01	-1.731054e-01	-7.979903e+01
0.41          	-1.036657e+00	5.801907e-05	-7.995739e+01	-3.997900e+01	3.962382e+01	5.187157e-01	-4.049732e+01	3.946067e+01	5.187447e-01	-5.186867e-01	-3.548735e-01	-7.960251e+01
0.42          	-8.228747e-01	6.406537e-05	-7.996744e+01	-3.998388e+01	3.974193e+01	4.115229e-01	-4.039532e+01	3.957244e+01	4.115550e-01	-4.114909e-01	-2.417913e-01	-7.972565e+01
0.43          	-1.716221e-01	1.261245e-04	-7.999518e+01	-3.999768e+01	4.007090e+01	8.583379e-02	-4.008349e+01	3.991187e+01	8.589686e-02	-8.577073e-02	7.330373e-02	-8.006849e+01
0.44          	6.479851e-01	2.057563e-04	-8.002966e+01	-4.001490e+01	4.047614e+01	-3.238702e-01	-3.969091e+01	4.033889e+01	-3.237673e-01	3.239731e-01	4.613069e-01	-8.049097e+01
0.45          	1.371579e+00	2.426094e-04	-8.005986e+01	-4.003002e+01	4.082845e+01	-6.854676e-01	-3.934423e+01	4.071581e+01	-6.853463e-01	6.855889e-01	7.985165e-01	-8.085838e+01
0.46          	1.815660e+00	2.290083e-04	-8.007788e+01	-4.003906e+01	4.104006e+01	-9.072290e-01	-3.913123e+01	4.094689e+01	-9.071145e-01	9.073435e-01	1.001115e+00	-8.107900e+01
0.47          	1.916145e+00	1.580532e-04	-8.008073e+01	-4.004051e+01	4.108202e+01	-9.572417e-01	-3.908244e+01	4.099859e+01	-9.571626e-01	9.573207e-01	1.041654e+00	-8.112239e+01
0.48          	1.724477e+00	5.458610e-05	-8.007004e+01	-4.003520e+01	4.098066e+01	-8.613389e-01	-3.917296e+01	4.089743e+01	-8.613116e-01	8.613662e-01	9.456381e-01	-8.101568e+01
0.49          	1.358609e+00	-5.652555e-05	-8.005098e+01	-4.002565e+01	4.079574e+01	-6.784155e-01	-3.934635e+01	4.070496e+01	-6.784438e-01	6.783872e-01	7.702528e-01	-8.082123e+01
0.5           	9.548518e-01	-1.139749e-04	-8.003026e+01	-4.001528e+01	4.059609e+01	-4.765537e-01	-3.953786e+01	4.049271e+01	-4.766107e-01	4.764967e-01	5.809587e-01	-8.061122e+01
0.51          	6.337079e-01	-1.283039e-04	-8.001370e+01	-4.000698e+01	4.044073e+01	-3.160445e-01	-3.969013e+01	4.032384e+01	-3.161087e-01	3.159804e-01	4.338770e-01	-8.044758e+01
0.52          	4.696503e-01	-9.426969e-05	-8.000519e+01	-4.000271e+01	4.036492e+01	-2.341101e-01	-3.976789e+01	4.023754e+01	-2.341572e-01	2.340629e-01	3.623306e-01	-8.036752e+01
0.53          	4.781782e-01	-7.822823e-06	-8.000548e+01	-4.000287e+01	4.037421e+01	-2.384609e-01	-3.976378e+01	4.024196e+01	-2.384648e-01	2.384570e-01	3.714669e-01	-8.037695e+01
0.54          	6.201276e-01	1.012854e-04	-8.001273e+01	-4.000652e+01	4.044803e+01	-3.094537e-01	-3.969645e+01	4.031658e+01	-3.094031e-01	3.095044e-01	4.416695e-01	-8.045439e+01
0.55          	8.244467e-01	1.919638e-04	-8.002345e+01	-4.001191e+01	4.055118e+01	-4.115674e-01	-3.959969e+01	4.042414e+01	-4.114714e-01	4.116634e-01	5.394573e-01	-8.056291e+01
0.56          	1.016511e+00	2.328999e-04	-8.003383e+01	-4.001712e+01	4.064725e+01	-5.075403e-01	-3.950887e+01	4.052538e+01	-5.074238e-01	5.076567e-01	6.303405e-01	-8.066417e+01
0.57          	1.148799e+00	2.467395e-04	-8.004082e+01	-4.002064e+01	4.071206e+01	-5.736340e-01	-3.944624e+01	4.059504e+01	-5.735106e-01	5.737573e-01	6.916537e-01	-8.073247e+01
0.58          	1.200506e+00	2.127123e-04	-8.004288e+01	-4.002167e+01	4.073531e+01	-5.994638e-01	-3.942142e+01	4.062193e+01	-5.993575e-01	5.995702e-01	7.138697e-01	-8.075675e+01
0.59          	1.174886e+00	1.387353e-04	-8.004016e+01	-4.002029e+01	4.071966e+01	-5.866537e-01	-3.943285e+01	4.060774e+01	-5.865844e-01	5.867231e-01	6.995859e-01	-8.073974e+01
0.6           	1.095878e+00	5.153064e-05	-8.003406e+01	-4.001722e+01	4.067809e+01	-5.471744e-01	-3.946928e+01	4.056516e+01	-5.471486e-01	5.472002e-01	6.610615e-01	-8.069512e+01
0.61          	9.999385e-01	-2.933654e-06	-8.002670e+01	-4.001351e+01	4.062896e+01	-4.992704e-01	-3.951354e+01	4.051348e+01	-4.992719e-01	4.992689e-01	6.156059e-01	-8.064231e+01
0.62          	9.236677e-01	-3.550147e-05	-8.002016e+01	-4.001022e+01	4.058988e+01	-4.612084e-01	-3.954839e+01	4.047206e+01	-4.612261e-01	4.611906e-01	5.797976e-01	-8.059996e+01
0.63          	8.847372e-01	-3.322939e-05	-8.001589e+01	-4.000808e+01	4.057010e+01	-4.417644e-01	-3.956571e+01	4.045045e+01	-4.417810e-01	4.417478e-01	5.621495e-01	-8.057804e+01
0.64          	8.850902e-01	-4.676343e-06	-8.001449e+01	-4.000738e+01	4.057103e+01	-4.419266e-01	-3.956483e+01	4.044992e+01	-4.419290e-01	4.419243e-01	5.637828e-01	-8.057827e+01
0.65          	9.166458e-01	3.277425e-05	-8.001557e+01	-4.000793e+01	4.058833e+01	-4.576854e-01	-3.954961e+01	4.046625e+01	-4.576690e-01	4.577018e-01	5.805511e-01	-8.059612e+01
0.66          	9.658587e-01	7.965715e-05	-8.001817e+01	-4.000925e+01	4.061453e+01	-4.822758e-01	-3.952633e+01	4.049218e+01	-4.822360e-01	4.823156e-01	6.054401e-01	-8.062361e+01
0.67          	1.017127e+00	1.346375e-04	-8.002107e+01	-4.001073e+01	4.064118e+01	-5.078836e-01	-3.950217e+01	4.051929e+01	-5.078163e-01	5.079509e-01	6.306408e-01	-8.065171e+01
0.68          	1.054567e+00	1.651388e-04	-8.002319e+01	-4.001181e+01	4.066057e+01	-5.265716e-01	-3.948452e+01	4.053909e+01	-5.264890e-01	5.266541e-01	6.489691e-01	-8.067216e+01
0.69          	1.069764e+00	1.696854e-04	-8.002388e+01	-4.001216e+01	4.066873e+01	-5.341563e-01	-3.947728e+01	4.054704e+01	-5.340714e-01	5.342411e-01	6.567953e-01	-8.068067e+01
0.7           	1.062919e+00	1.532804e-04	-8.002301e+01	-4.001173e+01	4.066595e+01	-5.307540e-01	-3.948027e+01	4.054318e+01	-5.306774e-01	5.308307e-01	6.544430e-01	-8.067745e+01
0.71          	1.043619e+00	8.491959e-05	-8.002085e+01	-4.001063e+01	4.065647e+01	-5.211745e-01	-3.948882e+01	4.053244e+01	-5.211320e-01	5.212169e-01	6.460458e-01	-8.066690e+01
0.72          	1.022205e+00	4.240538e-05	-8.001804e+01	-4.000921e+01	4.064543e+01	-5.105149e-01	-3.949811e+01	4.052032e+01	-5.104937e-01	5.105361e-01	6.364133e-01	-8.065446e+01
0.73          	1.006202e+00	2.956768e-05	-8.001527e+01	-4.000781e+01	4.063692e+01	-5.025293e-01	-3.950471e+01	4.051092e+01	-5.025145e-01	5.025441e-01	6.292848e-01	-8.064456e+01
0.74          	1.000138e+00	3.534469e-05	-8.001306e+01	-4.000670e+01	4.063345e+01	-4.995062e-01	-3.950663e+01	4.050677e+01	-4.994886e-01	4.995239e-01	6.269216e-01	-8.063998e+01
0.75          	1.006234e+00	5.390278e-05	-8.001168e+01	-4.000601e+01	4.063607e+01	-5.025486e-01	-3.950290e+01	4.050913e+01	-5.025216e-01	5.025756e-01	6.302290e-01	-8.064190e+01
0.76          	1.022917e+00	8.120915e-05	-8.001109e+01	-4.000573e+01	4.064387e+01	-5.108590e-01	-3.949427e+01	4.051719e+01	-5.108184e-01	5.108996e-01	6.383296e-01	-8.064942e+01
0.77          	1.043262e+00	1.089129e-04	-8.001105e+01	-4.000572e+01	4.065385e+01	-5.209883e-01	-3.948409e+01	4.052735e+01	-5.209339e-01	5.210428e-01	6.483278e-01	-8.065937e+01
0.78          	1.061550e+00	1.241813e-04	-8.001121e+01	-4.000581e+01	4.066324e+01	-5.301022e-01	-3.947503e+01	4.053658e+01	-5.300401e-01	5.301643e-01	6.576339e-01	-8.066885e+01
0.79          	1.074295e+00	2.187913e-04	-8.001128e+01	-4.000586e+01	4.067021e+01	-5.363722e-01	-3.946871e+01	4.054300e+01	-5.362628e-01	5.364816e-01	6.645736e-01	-8.067585e+01
0.8           	1.080888e+00	2.507727e-04	-8.001096e+01	-4.000571e+01	4.067412e+01	-5.396373e-01	-3.946526e+01	4.054615e+01	-5.395119e-01	5.397627e-01	6.686400e-01	-8.067960e+01
0.81          	1.082143e+00	2.368754e-04	-8.001018e+01	-4.000532e+01	4.067523e+01	-5.402838e-01	-3.946424e+01	4.054639e+01	-5.401653e-01	5.404022e-01	6.701370e-01	-8.068031e+01
0.82          	1.079118e+00	1.967158e-04	-8.000899e+01	-4.000471e+01	4.067418e+01	-5.388229e-01	-3.946515e+01	4.054427e+01	-5.387246e-01	5.389213e-01	6.696886e-01	-8.067868e+01
0.83          	1.074602e+00	1.456461e-04	-8.000755e+01	-4.000398e+01	4.067236e+01	-5.366377e-01	-3.946668e+01	4.054129e+01	-5.365648e-01	5.367105e-01	6.685846e-01	-8.067613e+01
0.84          	1.071201e+00	9.870884e-05	-8.000603e+01	-4.000321e+01	4.067102e+01	-5.350096e-01	-3.946761e+01	4.053881e+01	-5.349603e-01	5.350590e-01	6.680085e-01	-8.067404e+01
0.85          	1.071397e+00	6.308923e-05	-8.000462e+01	-4.000250e+01	4.067132e+01	-5.351628e-01	-3.946680e+01	4.053820e+01	-5.351313e-01	5.351943e-01	6.690038e-01	-8.067363e+01
0.86          	1.075835e+00	4.695288e-05	-8.000344e+01	-4.000190e+01	4.067356e+01	-5.374089e-01	-3.946398e+01	4.053982e+01	-5.373854e-01	5.374324e-01	6.718365e-01	-8.067528e+01
0.87          	1.083600e+00	4.787696e-05	-8.000247e+01	-4.000141e+01	4.067734e+01	-5.412943e-01	-3.945961e+01	4.054321e+01	-5.412704e-01	5.413183e-01	6.761036e-01	-8.067857e+01
0.88          	1.093173e+00	6.171796e-05	-8.000169e+01	-4.000102e+01	4.068199e+01	-5.460648e-01	-3.945444e+01	4.054761e+01	-5.460339e-01	5.460957e-01	6.811522e-01	-8.068284e+01
0.89          	1.102967e+00	8.271671e-05	-8.000102e+01	-4.000070e+01	4.068678e+01	-5.509336e-01	-3.944921e+01	4.055218e+01	-5.508922e-01	5.509749e-01	6.862727e-01	-8.068729e+01
0.9           	1.111486e+00	1.043477e-04	-8.000040e+01	-4.000039e+01	4.069104e+01	-5.551611e-01	-3.944465e+01	4.055614e+01	-5.551090e-01	5.552133e-01	6.908376e-01	-8.069124e+01
0.91          	1.117725e+00	1.186611e-04	-7.999970e+01	-4.000004e+01	4.069425e+01	-5.582571e-01	-3.944118e+01	4.055891e+01	-5.581978e-01	5.583164e-01	6.943986e-01	-8.069410e+01
0.92          	1.121715e+00	1.191799e-04	-7.999887e+01	-3.999963e+01	4.069641e+01	-5.602451e-01	-3.943877e+01	4.056048e+01	-5.601855e-01	5.603047e-01	6.969749e-01	-8.069584e+01
0.93          	1.124165e+00	1.090865e-04	-7.999791e+01	-3.999914e+01	4.069783e+01	-5.614764e-01	-3.943706e+01	4.056123e+01	-5.614218e-01	5.615309e-01	6.988710e-01	-8.069678e+01
0.94          	1.126029e+00	9.183667e-05	-7.999685e+01	-3.999861e+01	4.069891e+01	-5.624270e-01	-3.943559e+01	4.056162e+01	-5.623811e-01	5.624730e-01	7.004886e-01	-8.069734e+01
0.95          	1.128140e+00	7.352577e-05	-7.999573e+01	-3.999804e+01	4.070007e+01	-5.635062e-01	-3.943397e+01	4.056211e+01	-5.634694e-01	5.635429e-01	7.022031e-01	-8.069793e+01
0.96          	1.131025e+00	5.892964e-05	-7.999462e+01	-3.999748e+01	4.070157e+01	-5.649697e-01	-3.943197e+01	4.056299e+01	-5.649402e-01	5.649992e-01	7.042618e-01	-8.069888e+01
0.97          	1.134855e+00	5.092827e-05	-7.999353e+01	-3.999693e+01	4.070349e+01	-5.668999e-01	-3.942950e+01	4.056436e+01	-5.668745e-01	5.669254e-01	7.067247e-01	-8.070026e+01
0.98          	1.139551e+00	5.083242e-05	-7.999250e+01	-3.999642e+01	4.070582e+01	-5.692587e-01	-3.942664e+01	4.056619e+01	-5.692333e-01	5.692841e-01	7.095657e-01	-8.070207e+01
0.99          	1.144780e+00	5.449823e-05	-7.999154e+01	-3.999593e+01	4.070840e+01	-5.718753e-01	-3.942354e+01	4.056832e+01	-5.718481e-01	5.719026e-01	7.126289e-01	-8.070417e+01
1             	1.150057e+00	6.277896e-05	-7.999060e+01	-3.999547e+01	4.071099e+01	-5.745140e-01	-3.942044e+01	4.057049e+01	-5.744826e-01	5.745454e-01	7.156924e-01	-8.070629e+01
1.01          	1.154956e+00	6.930047e-05	-7.998969e+01	-3.999501e+01	4.071343e+01	-5.769621e-01	-3.941753e+01	4.057249e+01	-5.769274e-01	5.769967e-01	7.185845e-01	-8.070827e+01
1.02          	1.159177e+00	7.208832e-05	-7.998877e+01	-3.999455e+01	4.071556e+01	-5.790767e-01	-3.941496e+01	4.057414e+01	-5.790407e-01	5.791127e-01	7.211819e-01	-8.070995e+01
1.03          	1.162622e+00	7.067780e-05	-7.998782e+01	-3.999407e+01	4.071736e+01	-5.808057e-01	-3.941276e+01	4.057539e+01	-5.807704e-01	5.808411e-01	7.234534e-01	-8.071127e+01
1.04          	1.165388e+00	6.444725e-05	-7.998682e+01	-3.999357e+01	4.071885e+01	-5.822005e-01	-3.941088e+01	4.057627e+01	-5.821683e-01	5.822327e-01	7.254397e-01	-8.071226e+01
1.05          	1.167725e+00	5.571082e-05	-7.998578e+01	-3.999305e+01	4.072013e+01	-5.833832e-01	-3.940919e+01	4.057691e+01	-5.833554e-01	5.834111e-01	7.272424e-01	-8.071302e+01
1.06          	1.169925e+00	4.856033e-05	-7.998472e+01	-3.999251e+01	4.072134e+01	-5.844987e-01	-3.940755e+01	4.057748e+01	-5.844744e-01	5.845230e-01	7.289831e-01	-8.071370e+01
1.07          	1.172230e+00	4.357818e-05	-7.998365e+01	-3.999197e+01	4.072258e+01	-5.856654e-01	-3.940586e+01	4.057809e+01	-5.856436e-01	5.856872e-01	7.307575e-01	-8.071441e+01
1.08          	1.174779e+00	4.246801e-05	-7.998259e+01	-3.999144e+01	4.072390e+01	-5.869513e-01	-3.940405e+01	4.057883e+01	-5.869301e-01	5.869725e-01	7.326101e-01	-8.071520e+01
1.09          	1.177591e+00	4.623263e-05	-7.998155e+01	-3.999092e+01	4.072532e+01	-5.883649e-01	-3.940212e+01	4.057971e+01	-5.883418e-01	5.883880e-01	7.345468e-01	-8.071609e+01
1.1           	1.180593e+00	5.250906e-05	-7.998053e+01	-3.999041e+01	4.072680e+01	-5.898708e-01	-3.940011e+01	4.058071e+01	-5.898446e-01	5.898971e-01	7.365362e-01	-8.071707e+01
1.11          	1.183630e+00	6.157889e-05	-7.997953e+01	-3.998991e+01	4.072827e+01	-5.913913e-01	-3.939809e+01	4.058172e+01	-5.913605e-01	5.914220e-01	7.385023e-01	-8.071803e+01
1.12          	1.186553e+00	7.070236e-05	-7.997853e+01	-3.998941e+01	4.072966e+01	-5.928548e-01	-3.939614e+01	4.058269e+01	-5.928195e-01	5.928902e-01	7.403903e-01	-8.071892e+01
1.13          	1.189249e+00	7.620618e-05	-7.997754e+01	-3.998892e+01	4.073093e+01	-5.942089e-01	-3.939429e+01	4.058354e+01	-5.941708e-01	5.942470e-01	7.421630e-01	-8.071970e+01
1.14          	1.191655e+00	7.879701e-05	-7.997655e+01	-3.998842e+01	4.073208e+01	-5.954220e-01	-3.939259e+01	4.058425e+01	-5.953826e-01	5.954614e-01	7.438070e-01	-8.072035e+01
1.15          	1.193773e+00	7.927555e-05	-7.997555e+01	-3.998792e+01	4.073310e+01	-5.964938e-01	-3.939103e+01	4.058481e+01	-5.964542e-01	5.965334e-01	7.453286e-01	-8.072088e+01
1.16          	1.195657e+00	7.773006e-05	-7.997455e+01	-3.998742e+01	4.073404e+01	-5.974516e-01	-3.938959e+01	4.058525e+01	-5.974127e-01	5.974904e-01	7.467602e-01	-8.072131e+01
1.17          	1.197394e+00	7.854306e-05	-7.997356e+01	-3.998692e+01	4.073492e+01	-5.983325e-01	-3.938822e+01	4.058562e+01	-5.982933e-01	5.983718e-01	7.481411e-01	-8.072170e+01
1.18          	1.199066e+00	7.999436e-05	-7.997257e+01	-3.998642e+01	4.073579e+01	-5.991801e-01	-3.938689e+01	4.058595e+01	-5.991401e-01	5.992201e-01	7.495039e-01	-8.072207e+01
1.19          	1.200733e+00	8.547663e-05	-7.997158e+01	-3.998593e+01	4.073666e+01	-6.000219e-01	-3.938556e+01	4.058630e+01	-5.999792e-01	6.000646e-01	7.508646e-01	-8.072245e+01
1.2           	1.202414e+00	9.436425e-05	-7.997062e+01	-3.998545e+01	4.073753e+01	-6.008680e-01	-3.938424e+01	4.058666e+01	-6.008208e-01	6.009152e-01	7.522254e-01	-8.072284e+01
1.21          	1.204093e+00	1.060662e-04	-7.996965e+01	-3.998498e+01	4.073839e+01	-6.017108e-01	-3.938293e+01	4.058702e+01	-6.016578e-01	6.017639e-01	7.535680e-01	-8.072322e+01
1.22          	1.205728e+00	1.174827e-04	-7.996869e+01	-3.998450e+01	4.073921e+01	-6.025325e-01	-3.938163e+01	4.058736e+01	-6.024738e-01	6.025913e-01	7.548673e-01	-8.072355e+01
1.23          	1.207277e+00	1.292360e-04	-7.996773e+01	-3.998402e+01	4.073998e+01	-6.033111e-01	-3.938038e+01	4.058766e+01	-6.032465e-01	6.033757e-01	7.561125e-01	-8.072384e+01
1.24          	1.208688e+00	1.397809e-04	-7.996677e+01	-3.998354e+01	4.074066e+01	-6.040231e-01	-3.937919e+01	4.058788e+01	-6.039532e-01	6.040930e-01	7.572800e-01	-8.072405e+01
1.25          	1.209953e+00	1.483332e-04	-7.996581e+01	-3.998306e+01	4.074128e+01	-6.046629e-01	-3.937808e+01	4.058803e+01	-6.045888e-01	6.047371e-01	7.583743e-01	-8.072418e+01
1.26          	1.211080e+00	1.539677e-04	-7.996486e+01	-3.998258e+01	4.074184e+01	-6.052385e-01	-3.937704e+01	4.058812e+01	-6.051615e-01	6.053155e-01	7.594092e-01	-8.072427e+01
1.27          	1.212074e+00	1.613414e-04	-7.996392e+01	-3.998211e+01	4.074234e+01	-6.057448e-01	-3.937607e+01	4.058814e+01	-6.056642e-01	6.058255e-01	7.603830e-01	-8.072430e+01
1.28          	1.212978e+00	1.674285e-04	-7.996299e+01	-3.998164e+01	4.074282e+01	-6.062072e-01	-3.937515e+01	4.058813e+01	-6.061235e-01	6.062909e-01	7.613246e-01	-8.072431e+01
1.29          	1.213810e+00	1.681802e-04	-7.996208e+01	-3.998119e+01	4.074328e+01	-6.066350e-01	-3.937428e+01	4.058809e+01	-6.065509e-01	6.067191e-01	7.622392e-01	-8.072432e+01
1.3           	1.214552e+00	2.045194e-04	-7.996120e+01	-3.998076e+01	4.074372e+01	-6.069928e-01	-3.937349e+01	4.058804e+01	-6.068906e-01	6.070951e-01	7.631170e-01	-8.072432e+01
1.31          	1.215217e+00	2.401153e-04	-7.996035e+01	-3.998035e+01	4.074413e+01	-6.073128e-01	-3.937274e+01	4.058795e+01	-6.071928e-01	6.074329e-01	7.639565e-01	-8.072430e+01
1.32          	1.215840e+00	2.563127e-04	-7.995949e+01	-3.997992e+01	4.074451e+01	-6.076291e-01	-3.937200e+01	4.058784e+01	-6.075009e-01	6.077572e-01	7.647669e-01	-8.072426e+01
1.33          	1.216455e+00	2.473659e-04	-7.995864e+01	-3.997949e+01	4.074488e+01	-6.079578e-01	-3.937126e+01	4.058772e+01	-6.078341e-01	6.080815e-01	7.655615e-01	-8.072420e+01
1.34          	1.217063e+00	2.375644e-04	-7.995781e+01	-3.997906e+01	4.074525e+01	-6.082866e-01	-3.937053e+01	4.058759e+01	-6.081678e-01	6.084054e-01	7.663433e-01	-8.072415e+01
1.35          	1.217654e+00	2.243952e-04	-7.995699e+01	-3.997865e+01	4.074561e+01	-6.086084e-01	-3.936982e+01	4.058747e+01	-6.084962e-01	6.087206e-01	7.671175e-01	-8.072411e+01
1.36          	1.218197e+00	2.254430e-04	-7.995617e+01	-3.997823e+01	4.074594e+01	-6.088957e-01	-3.936913e+01	4.058733e+01	-6.087830e-01	6.090084e-01	7.678588e-01	-8.072402e+01
1.37          	1.218661e+00	2.342881e-04	-7.995533e+01	-3.997782e+01	4.074622e+01	-6.091370e-01	-3.936848e+01	4.058715e+01	-6.090198e-01	6.092541e-01	7.685516e-01	-8.072388e+01
1.38          	1.219071e+00	2.544373e-04	-7.995452e+01	-3.997742e+01	4.074649e+01	-6.093413e-01	-3.936788e+01	4.058695e+01	-6.092141e-01	6.094685e-01	7.692297e-01	-8.072375e+01
1.39          	1.219394e+00	2.740083e-04	-7.995371e+01	-3.997702e+01	4.074672e+01	-6.095016e-01	-3.936732e+01	4.058672e+01	-6.093646e-01	6.096386e-01	7.698596e-01	-8.072357e+01
1.4           	1.219664e+00	2.955211e-04	-7.995292e+01	-3.997663e+01	4.074693e+01	-6.096347e-01	-3.936680e+01	4.058647e+01	-6.094869e-01	6.097824e-01	7.704678e-01	-8.072339e+01
1.41          	1.219882e+00	3.058240e-04	-7.995213e+01	-3.997624e+01	4.074711e+01	-6.097480e-01	-3.936630e+01	4.058618e+01	-6.095951e-01	6.099010e-01	7.710471e-01	-8.072318e+01
1.42          	1.220063e+00	3.126270e-04	-7.995136e+01	-3.997586e+01	4.074728e+01	-6.098442e-01	-3.936583e+01	4.058589e+01	-6.096879e-01	6.100005e-01	7.716049e-01	-8.072296e+01
1.43          	1.220220e+00	3.396722e-04	-7.995061e+01	-3.997549e+01	4.074745e+01	-6.099209e-01	-3.936538e+01	4.058560e+01	-6.097510e-01	6.100907e-01	7.721480e-01	-8.072275e+01
1.44          	1.220363e+00	3.596427e-04	-7.994987e+01	-3.997513e+01	4.074762e+01	-6.099949e-01	-3.936495e+01	4.058531e+01	-6.098151e-01	6.101748e-01	7.726820e-01	-8.072256e+01
1.45          	1.220486e+00	3.640097e-04	-7.994916e+01	-3.997477e+01	4.074778e+01	-6.100675e-01	-3.936453e+01	4.058501e+01	-6.098855e-01	6.102495e-01	7.732000e-01	-8.072236e+01
1.46          	1.220576e+00	3.668718e-04	-7.994843e+01	-3.997440e+01	4.074790e+01	-6.101233e-01	-3.936412e+01	4.058469e+01	-6.099399e-01	6.103068e-01	7.736825e-01	-8.072211e+01
1.47          	1.220641e+00	3.626425e-04	-7.994771e+01	-3.997404e+01	4.074800e+01	-6.101707e-01	-3.936372e+01	4.058436e+01	-6.099894e-01	6.103521e-01	7.741438e-01	-8.072185e+01
1.48          	1.220676e+00	3.688131e-04	-7.994699e+01	-3.997368e+01	4.074807e+01	-6.101968e-01	-3.936334e+01	4.058401e+01	-6.100123e-01	6.103812e-01	7.745784e-01	-8.072157e+01
1.49          	1.220674e+00	3.685343e-04	-7.994626e+01	-3.997331e+01	4.074811e+01	-6.102103e-01	-3.936298e+01	4.058365e+01	-6.100260e-01	6.103946e-01	7.749821e-01	-8.072124e+01
1.5           	1.220667e+00	3.821809e-04	-7.994555e+01	-3.997296e+01	4.074816e+01	-6.102129e-01	-3.936263e+01	4.058330e+01	-6.100218e-01	6.104040e-01	7.753835e-01	-8.072093e+01
1.51          	1.220652e+00	4.060397e-04	-7.994486e+01	-3.997263e+01	4.074821e+01	-6.102045e-01	-3.936230e+01	4.058296e+01	-6.100014e-01	6.104075e-01	7.757783e-01	-8.072063e+01
1.52          	1.220640e+00	4.322606e-04	-7.994418e+01	-3.997230e+01	4.074826e+01	-6.101924e-01	-3.936198e+01	4.058262e+01	-6.099762e-01	6.104085e-01	7.761730e-01	-8.072035e+01
1.53          	1.220622e+00	4.546411e-04	-7.994350e+01	-3.997197e+01	4.074831e+01	-6.101781e-01	-3.936166e+01	4.058228e+01	-6.099508e-01	6.104054e-01	7.765561e-01	-8.072005e+01
1.54          	1.220598e+00	4.721985e-04	-7.994283e+01	-3.997164e+01	4.074835e+01	-6.101606e-01	-3.936134e+01	4.058194e+01	-6.099245e-01	6.103967e-01	7.769333e-01	-8.071976e+01
1.55          	1.220566e+00	4.862519e-04	-7.994217e+01	-3.997131e+01	4.074838e+01	-6.101423e-01	-3.936102e+01	4.058159e+01	-6.098992e-01	6.103855e-01	7.772956e-01	-8.071946e+01
1.56          	1.220537e+00	4.951612e-04	-7.994151e+01	-3.997097e+01	4.074840e+01	-6.101282e-01	-3.936071e+01	4.058124e+01	-6.098806e-01	6.103758e-01	7.776514e-01	-8.071916e+01
1.57          	1.220499e+00	5.024463e-04	-7.994084e+01	-3.997064e+01	4.074841e+01	-6.101143e-01	-3.936039e+01	4.058089e+01	-6.098630e-01	6.103655e-01	7.779878e-01	-8.071883e+01
1.58          	1.220469e+00	5.105187e-04	-7.994018e+01	-3.997031e+01	4.074841e+01	-6.101048e-01	-3.936008e+01	4.058054e+01	-6.098496e-01	6.103601e-01	7.783220e-01	-8.071850e+01
1.59          	1.220401e+00	4.892150e-04	-7.993952e+01	-3.996997e+01	4.074839e+01	-6.101037e-01	-3.935977e+01	4.058017e+01	-6.098591e-01	6.103483e-01	7.786273e-01	-8.071815e+01
1.6           	1.220343e+00	4.905081e-04	-7.993885e+01	-3.996964e+01	4.074835e+01	-6.100922e-01	-3.935947e+01	4.057981e+01	-6.098469e-01	6.103374e-01	7.789257e-01	-8.071778e+01
1.61          	1.220312e+00	5.061873e-04	-7.993820e+01	-3.996932e+01	4.074833e+01	-6.100798e-01	-3.935917e+01	4.057948e+01	-6.098267e-01	6.103329e-01	7.792324e-01	-8.071743e+01
1.62          	1.220302e+00	5.315126e-04	-7.993755e+01	-3.996901e+01	4.074832e+01	-6.100681e-01	-3.935886e+01	4.057916e+01	-6.098024e-01	6.103339e-01	7.795408e-01	-8.071709e+01
1.63          	1.220308e+00	5.541666e-04	-7.993692e+01	-3.996870e+01	4.074832e+01	-6.100620e-01	-3.935855e+01	4.057885e+01	-6.097849e-01	6.103391e-01	7.798592e-01	-8.071678e+01
1.64          	1.220310e+00	5.844509e-04	-7.993628e+01	-3.996839e+01	4.074830e+01	-6.100501e-01	-3.935824e+01	4.057855e+01	-6.097579e-01	6.103423e-01	7.801594e-01	-8.071644e+01
1.65          	1.220325e+00	6.151135e-04	-7.993565e+01	-3.996809e+01	4.074829e+01	-6.100443e-01	-3.935793e+01	4.057825e+01	-6.097368e-01	6.103519e-01	7.804647e-01	-8.071611e+01
1.66          	1.220351e+00	6.351042e-04	-7.993504e+01	-3.996779e+01	4.074829e+01	-6.100469e-01	-3.935761e+01	4.057796e+01	-6.097293e-01	6.103644e-01	7.807732e-01	-8.071581e+01
1.67          	1.220375e+00	6.462112e-04	-7.993443e+01	-3.996749e+01	4.074829e+01	-6.100551e-01	-3.935731e+01	4.057768e+01	-6.097320e-01	6.103782e-01	7.810762e-01	-8.071551e+01
1.68          	1.220387e+00	6.495007e-04	-7.993382e+01	-3.996719e+01	4.074827e+01	-6.100620e-01	-3.935700e+01	4.057738e+01	-6.097372e-01	6.103867e-01	7.813615e-01	-8.071519e+01
1.69          	1.220394e+00	6.372321e-04	-7.993322e+01	-3.996688e+01	4.074825e+01	-6.100790e-01	-3.935668e+01	4.057708e+01	-6.097604e-01	6.103976e-01	7.816405e-01	-8.071486e+01
1.7           	1.220404e+00	6.344778e-04	-7.993261e+01	-3.996658e+01	4.074822e+01	-6.100947e-01	-3.935638e+01	4.057678e+01	-6.097774e-01	6.104119e-01	7.819088e-01	-8.071452e+01
1.71          	1.220432e+00	6.323955e-04	-7.993202e+01	-3.996627e+01	4.074819e+01	-6.101132e-01	-3.935606e+01	4.057649e+01	-6.097970e-01	6.104294e-01	7.821811e-01	-8.071420e+01
1.72          	1.220476e+00	6.438681e-04	-7.993141e+01	-3.996598e+01	4.074816e+01	-6.101371e-01	-3.935574e+01	4.057622e+01	-6.098151e-01	6.104590e-01	7.824508e-01	-8.071386e+01
1.73          	1.220516e+00	6.629530e-04	-7.993080e+01	-3.996568e+01	4.074810e+01	-6.101501e-01	-3.935543e+01	4.057594e+01	-6.098186e-01	6.104816e-01	7.827029e-01	-8.071350e+01
1.74          	1.220557e+00	6.815854e-04	-7.993020e+01	-3.996539e+01	4.074805e+01	-6.101623e-01	-3.935511e+01	4.057567e+01	-6.098215e-01	6.105031e-01	7.829531e-01	-8.071315e+01
1.75          	1.220593e+00	6.929564e-04	-7.992961e+01	-3.996510e+01	4.074800e+01	-6.101751e-01	-3.935480e+01	4.057540e+01	-6.098286e-01	6.105216e-01	7.831968e-01	-8.071281e+01
1.76          	1.220619e+00	7.190823e-04	-7.992903e+01	-3.996482e+01	4.074795e+01	-6.101736e-01	-3.935451e+01	4.057513e+01	-6.098140e-01	6.105331e-01	7.834319e-01	-8.071246e+01
1.77          	1.220637e+00	7.366392e-04	-7.992845e+01	-3.996454e+01	4.074788e+01	-6.101728e-01	-3.935422e+01	4.057486e+01	-6.098045e-01	6.105411e-01	7.836551e-01	-8.071211e+01
1.78          	1.220659e+00	7.525653e-04	-7.992788e+01	-3.996426e+01	4.074781e+01	-6.101771e-01	-3.935393e+01	4.057459e+01	-6.098008e-01	6.105534e-01	7.838722e-01	-8.071175e+01
1.79          	1.220676e+00	7.579203e-04	-7.992730e+01	-3.996397e+01	4.074773e+01	-6.101846e-01	-3.935363e+01	4.057431e+01	-6.098057e-01	6.105636e-01	7.840769e-01	-8.071137e+01
1.8           	1.220690e+00	7.552410e-04	-7.992672e+01	-3.996368e+01	4.074763e+01	-6.101951e-01	-3.935334e+01	4.057403e+01	-6.098174e-01	6.105727e-01	7.842735e-01	-8.071099e+01
1.81          	1.220698e+00	7.521103e-04	-7.992615e+01	-3.996339e+01	4.074753e+01	-6.102035e-01	-3.935304e+01	4.057374e+01	-6.098274e-01	6.105795e-01	7.844614e-01	-8.071061e+01
1.82          	1.220704e+00	7.464036e-04	-7.992558e+01	-3.996311e+01	4.074743e+01	-6.102128e-01	-3.935276e+01	4.057346e+01	-6.098396e-01	6.105860e-01	7.846432e-01	-8.071022e+01
1.83          	1.220710e+00	7.379138e-04	-7.992501e+01	-3.996282e+01	4.074733e+01	-6.102224e-01	-3.935247e+01	4.057318e+01	-6.098535e-01	6.105914e-01	7.848193e-01	-8.070983e+01
1.84          	1.220719e+00	7.337730e-04	-7.992445e+01	-3.996254e+01	4.074722e+01	-6.102286e-01	-3.935218e+01	4.057290e+01	-6.098617e-01	6.105955e-01	7.849905e-01	-8.070944e+01
1.85          	1.220717e+00	7.317335e-04	-7.992389e+01	-3.996226e+01	4.074710e+01	-6.102276e-01	-3.935191e+01	4.057262e+01	-6.098617e-01	6.105934e-01	7.851499e-01	-8.070904e+01
1.86          	1.220709e+00	7.334729e-04	-7.992335e+01	-3.996199e+01	4.074698e+01	-6.102198e-01	-3.935164e+01	4.057234e+01	-6.098531e-01	6.105865e-01	7.853045e-01	-8.070865e+01
1.87          	1.220682e+00	7.355631e-04	-7.992280e+01	-3.996172e+01	4.074684e+01	-6.102044e-01	-3.935138e+01	4.057206e+01	-6.098366e-01	6.105721e-01	7.854416e-01	-8.070824e+01
1.88          	1.220643e+00	7.370831e-04	-7.992225e+01	-3.996145e+01	4.074669e+01	-6.101814e-01	-3.935113e+01	4.057177e+01	-6.098129e-01	6.105499e-01	7.855654e-01	-8.070782e+01
1.89          	1.220596e+00	7.387290e-04	-7.992171e+01	-3.996118e+01	4.074654e+01	-6.101553e-01	-3.935088e+01	4.057148e+01	-6.097859e-01	6.105246e-01	7.856802e-01	-8.070739e+01
1.9           	1.220547e+00	7.343198e-04	-7.992118e+01	-3.996091e+01	4.074638e+01	-6.101350e-01	-3.935064e+01	4.057118e+01	-6.097678e-01	6.105022e-01	7.857884e-01	-8.070697e+01
1.91          	1.220491e+00	7.311986e-04	-7.992065e+01	-3.996065e+01	4.074621e+01	-6.101103e-01	-3.935040e+01	4.057089e+01	-6.097447e-01	6.104759e-01	7.858883e-01	-8.070653e+01
1.92          	1.220433e+00	7.376162e-04	-7.992012e+01	-3.996039e+01	4.074604e+01	-6.100784e-01	-3.935017e+01	4.057060e+01	-6.097096e-01	6.104473e-01	7.859818e-01	-8.070610e+01
1.93          	1.220357e+00	7.255330e-04	-7.991959e+01	-3.996012e+01	4.074586e+01	-6.100462e-01	-3.934994e+01	4.057030e+01	-6.096834e-01	6.104089e-01	7.860601e-01	-8.070565e+01
1.94          	1.220274e+00	7.149760e-04	-7.991907e+01	-3.995986e+01	4.074567e+01	-6.100064e-01	-3.934972e+01	4.056999e+01	-6.096489e-01	6.103639e-01	7.861298e-01	-8.070520e+01
1.95          	1.220185e+00	7.070181e-04	-7.991856e+01	-3.995960e+01	4.074547e+01	-6.099613e-01	-3.934951e+01	4.056969e+01	-6.096078e-01	6.103148e-01	7.861912e-01	-8.070475e+01
1.96          	1.220090e+00	7.007111e-04	-7.991804e+01	-3.995934e+01	4.074526e+01	-6.099119e-01	-3.934930e+01	4.056939e+01	-6.095616e-01	6.102623e-01	7.862417e-01	-8.070428e+01
1.97          	1.219992e+00	6.948712e-04	-7.991753e+01	-3.995909e+01	4.074505e+01	-6.098599e-01	-3.934909e+01	4.056908e+01	-6.095125e-01	6.102074e-01	7.862828e-01	-8.070382e+01
1.98          	1.219896e+00	6.900856e-04	-7.991703e+01	-3.995883e+01	4.074483e+01	-6.098095e-01	-3.934889e+01	4.056878e+01	-6.094644e-01	6.101545e-01	7.863185e-01	-8.070335e+01
1.99          	1.219796e+00	6.853214e-04	-7.991653e+01	-3.995858e+01	4.074461e+01	-6.097587e-01	-3.934869e+01	4.056848e+01	-6.094161e-01	6.101014e-01	7.863465e-01	-8.070288e+01
2             	1.219681e+00	6.796097e-04	-7.991604e+01	-3.995834e+01	4.074438e+01	-6.097021e-01	-3.934850e+01	4.056818e+01	-6.093623e-01	6.100419e-01	7.863629e-01	-8.070240e+01
2.01          	1.219551e+00	6.718637e-04	-7.991555e+01	-3.995809e+01	4.074414e+01	-6.096384e-01	-3.934831e+01	4.056787e+01	-6.093025e-01	6.099743e-01	7.863683e-01	-8.070192e+01
2.02          	1.219396e+00	6.631896e-04	-7.991507e+01	-3.995785e+01	4.074389e+01	-6.095638e-01	-3.934815e+01	4.056754e+01	-6.092322e-01	6.098954e-01	7.863603e-01	-8.070143e+01
2.03          	1.219213e+00	6.544354e-04	-7.991458e+01	-3.995760e+01	4.074363e+01	-6.094750e-01	-3.934800e+01	4.056721e+01	-6.091478e-01	6.098022e-01	7.863367e-01	-8.070092e+01
2.04          	1.219009e+00	6.462112e-04	-7.991411e+01	-3.995736e+01	4.074336e+01	-6.093745e-01	-3.934786e+01	4.056687e+01	-6.090514e-01	6.096976e-01	7.863008e-01	-8.070041e+01
2.05          	1.218788e+00	6.379062e-04	-7.991364e+01	-3.995713e+01	4.074307e+01	-6.092654e-01	-3.934773e+01	4.056652e+01	-6.089465e-01	6.095844e-01	7.862528e-01	-8.069989e+01
2.06          	1.218564e+00	6.285245e-04	-7.991317e+01	-3.995689e+01	4.074278e+01	-6.091535e-01	-3.934761e+01	4.056617e+01	-6.088393e-01	6.094678e-01	7.861988e-01	-8.069937e+01
2.07          	1.218343e+00	6.204572e-04	-7.991271e+01	-3.995666e+01	4.074250e+01	-6.090421e-01	-3.934748e+01	4.056583e+01	-6.087319e-01	6.093523e-01	7.861409e-01	-8.069885e+01
2.08          	1.218125e+00	6.139953e-04	-7.991225e+01	-3.995643e+01	4.074220e+01	-6.089320e-01	-3.934736e+01	4.056549e+01	-6.086250e-01	6.092390e-01	7.860771e-01	-8.069833e+01
2.09          	1.217911e+00	6.143128e-04	-7.991180e+01	-3.995620e+01	4.074191e+01	-6.088216e-01	-3.934725e+01	4.056516e+01	-6.085145e-01	6.091288e-01	7.860107e-01	-8.069781e+01
2.1           	1.217689e+00	6.120192e-04	-7.991136e+01	-3.995598e+01	4.074161e+01	-6.087097e-01	-3.934713e+01	4.056482e+01	-6.084037e-01	6.090158e-01	7.859363e-01	-8.069729e+01
2.11          	1.217440e+00	6.196400e-04	-7.991092e+01	-3.995576e+01	4.074131e+01	-6.085784e-01	-3.934705e+01	4.056448e+01	-6.082686e-01	6.088882e-01	7.858485e-01	-8.069676e+01
2.12          	1.217167e+00	6.186165e-04	-7.991048e+01	-3.995555e+01	4.074099e+01	-6.084408e-01	-3.934696e+01	4.056413e+01	-6.081315e-01	6.087501e-01	7.857497e-01	-8.069623e+01
2.13          	1.216871e+00	6.090767e-04	-7.991006e+01	-3.995533e+01	4.074067e+01	-6.082975e-01	-3.934689e+01	4.056377e+01	-6.079929e-01	6.086020e-01	7.856434e-01	-8.069570e+01
2.14          	1.216558e+00	5.952837e-04	-7.990963e+01	-3.995511e+01	4.074034e+01	-6.081494e-01	-3.934683e+01	4.056339e+01	-6.078518e-01	6.084470e-01	7.855261e-01	-8.069516e+01
2.15          	1.216239e+00	5.818809e-04	-7.990921e+01	-3.995489e+01	4.074001e+01	-6.079975e-01	-3.934677e+01	4.056301e+01	-6.077065e-01	6.082884e-01	7.854032e-01	-8.069461e+01
2.16          	1.215920e+00	5.697564e-04	-7.990880e+01	-3.995469e+01	4.073968e+01	-6.078452e-01	-3.934673e+01	4.056265e+01	-6.075603e-01	6.081301e-01	7.852803e-01	-8.069408e+01
2.17          	1.215597e+00	5.618443e-04	-7.990839e+01	-3.995448e+01	4.073934e+01	-6.076869e-01	-3.934668e+01	4.056227e+01	-6.074060e-01	6.079678e-01	7.851470e-01	-8.069354e+01
2.18          	1.215273e+00	5.544096e-04	-7.990799e+01	-3.995427e+01	4.073900e+01	-6.075272e-01	-3.934663e+01	4.056190e+01	-6.072500e-01	6.078044e-01	7.850050e-01	-8.069299e+01
2.19          	1.214950e+00	5.505081e-04	-7.990760e+01	-3.995407e+01	4.073866e+01	-6.073667e-01	-3.934659e+01	4.056154e+01	-6.070914e-01	6.076419e-01	7.848626e-01	-8.069246e+01
2.2           	1.214613e+00	5.485143e-04	-7.990720e+01	-3.995387e+01	4.073831e+01	-6.071984e-01	-3.934656e+01	4.056118e+01	-6.069242e-01	6.074727e-01	7.847063e-01	-8.069191e+01
2.21          	1.214260e+00	5.475865e-04	-7.990681e+01	-3.995368e+01	4.073795e+01	-6.070222e-01	-3.934655e+01	4.056081e+01	-6.067484e-01	6.072960e-01	7.845425e-01	-8.069135e+01
2.22          	1.213887e+00	5.469037e-04	-7.990643e+01	-3.995349e+01	4.073759e+01	-6.068368e-01	-3.934654e+01	4.056043e+01	-6.065633e-01	6.071102e-01	7.843749e-01	-8.069081e+01
2.23          	1.213485e+00	5.467457e-04	-7.990605e+01	-3.995330e+01	4.073722e+01	-6.066365e-01	-3.934655e+01	4.056004e+01	-6.063631e-01	6.069099e-01	7.841948e-01	-8.069025e+01
2.24          	1.213064e+00	5.471691e-04	-7.990568e+01	-3.995311e+01	4.073685e+01	-6.064253e-01	-3.934658e+01	4.055964e+01	-6.061518e-01	6.066989e-01	7.840121e-01	-8.068970e+01
2.25          	1.212623e+00	5.448570e-04	-7.990532e+01	-3.995293e+01	4.073648e+01	-6.062057e-01	-3.934662e+01	4.055924e+01	-6.059333e-01	6.064782e-01	7.838202e-01	-8.068914e+01
2.26          	1.212175e+00	5.430638e-04	-7.990496e+01	-3.995275e+01	4.073611e+01	-6.059844e-01	-3.934666e+01	4.055883e+01	-6.057129e-01	6.062559e-01	7.836261e-01	-8.068858e+01
2.27          	1.211712e+00	5.394496e-04	-7.990459e+01	-3.995256e+01	4.073571e+01	-6.057535e-01	-3.934670e+01	4.055841e+01	-6.054838e-01	6.060232e-01	7.834151e-01	-8.068801e+01
2.28          	1.211248e+00	5.340392e-04	-7.990424e+01	-3.995238e+01	4.073532e+01	-6.055229e-01	-3.934675e+01	4.055800e+01	-6.052559e-01	6.057899e-01	7.832007e-01	-8.068744e+01
2.29          	1.210787e+00	5.272887e-04	-7.990390e+01	-3.995220e+01	4.073494e+01	-6.052953e-01	-3.934681e+01	4.055760e+01	-6.050317e-01	6.055590e-01	7.829854e-01	-8.068689e+01
2.3           	1.210327e+00	5.213698e-04	-7.990357e+01	-3.995204e+01	4.073455e+01	-6.050701e-01	-3.934687e+01	4.055720e+01	-6.048094e-01	6.053308e-01	7.827675e-01	-8.068634e+01
2.31          	1.209865e+00	5.156612e-04	-7.990324e+01	-3.995187e+01	4.073416e+01	-6.048430e-01	-3.934694e+01	4.055680e+01	-6.045852e-01	6.051008e-01	7.825430e-01	-8.068579e+01
2.32          	1.209398e+00	5.117526e-04	-7.990292e+01	-3.995171e+01	4.073378e+01	-6.046125e-01	-3.934701e+01	4.055641e+01	-6.043567e-01	6.048684e-01	7.823177e-01	-8.068524e+01
2.33          	1.208916e+00	5.062042e-04	-7.990260e+01	-3.995154e+01	4.073338e+01	-6.043735e-01	-3.934708e+01	4.055600e+01	-6.041204e-01	6.046266e-01	7.820825e-01	-8.068468e+01
2.34          	1.208413e+00	5.037827e-04	-7.990228e+01	-3.995138e+01	4.073298e+01	-6.041226e-01	-3.934717e+01	4.055558e+01	-6.038707e-01	6.043745e-01	7.818421e-01	-8.068412e+01
2.35          	1.207887e+00	5.041100e-04	-7.990196e+01	-3.995122e+01	4.073257e+01	-6.038601e-01	-3.934727e+01	4.055516e+01	-6.036080e-01	6.041121e-01	7.815936e-01	-8.068355e+01
2.36          	1.207342e+00	5.066576e-04	-7.990165e+01	-3.995106e+01	4.073216e+01	-6.035873e-01	-3.934739e+01	4.055473e+01	-6.033340e-01	6.038407e-01	7.813387e-01	-8.068299e+01
2.37          	1.206781e+00	5.087483e-04	-7.990134e+01	-3.995091e+01	4.073175e+01	-6.033079e-01	-3.934752e+01	4.055430e+01	-6.030536e-01	6.035623e-01	7.810781e-01	-8.068242e+01
2.38          	1.206211e+00	5.083293e-04	-7.990104e+01	-3.995075e+01	4.073133e+01	-6.030249e-01	-3.934765e+01	4.055386e+01	-6.027708e-01	6.032791e-01	7.808131e-01	-8.068185e+01
2.39          	1.205641e+00	5.057521e-04	-7.990075e+01	-3.995061e+01	4.073092e+01	-6.027443e-01	-3.934779e+01	4.055343e+01	-6.024915e-01	6.029972e-01	7.805506e-01	-8.068130e+01
2.4           	1.205066e+00	5.012980e-04	-7.990045e+01	-3.995046e+01	4.073050e+01	-6.024595e-01	-3.934793e+01	4.055299e+01	-6.022088e-01	6.027101e-01	7.802768e-01	-8.068073e+01
2.41          	1.204493e+00	4.962365e-04	-7.990017e+01	-3.995031e+01	4.073009e+01	-6.021753e-01	-3.934807e+01	4.055256e+01	-6.019271e-01	6.024234e-01	7.800026e-01	-8.068017e+01
2.42          	1.203919e+00	4.917080e-04	-7.989989e+01	-3.995017e+01	4.072967e+01	-6.018897e-01	-3.934821e+01	4.055213e+01	-6.016439e-01	6.021356e-01	7.797251e-01	-8.067961e+01
2.43          	1.203344e+00	4.881436e-04	-7.989961e+01	-3.995003e+01	4.072925e+01	-6.016022e-01	-3.934836e+01	4.055170e+01	-6.013582e-01	6.018463e-01	7.794461e-01	-8.067906e+01
2.44          	1.202761e+00	4.856005e-04	-7.989934e+01	-3.994989e+01	4.072883e+01	-6.013111e-01	-3.934851e+01	4.055127e+01	-6.010683e-01	6.015539e-01	7.791617e-01	-8.067850e+01
2.45          	1.202170e+00	4.840567e-04	-7.989907e+01	-3.994976e+01	4.072841e+01	-6.010159e-01	-3.934867e+01	4.055084e+01	-6.007739e-01	6.012579e-01	7.788736e-01	-8.067795e+01
2.46          	1.201567e+00	4.830159e-04	-7.989881e+01	-3.994962e+01	4.072798e+01	-6.007153e-01	-3.934884e+01	4.055041e+01	-6.004738e-01	6.009568e-01	7.785800e-01	-8.067739e+01
2.47          	1.200954e+00	4.819537e-04	-7.989855e+01	-3.994949e+01	4.072755e+01	-6.004099e-01	-3.934901e+01	4.054997e+01	-6.001689e-01	6.006509e-01	7.782820e-01	-8.067683e+01
2.48          	1.200330e+00	4.805217e-04	-7.989829e+01	-3.994936e+01	4.072712e+01	-6.000997e-01	-3.934920e+01	4.054952e+01	-5.998595e-01	6.003400e-01	7.779794e-01	-8.067627e+01
2.49          	1.199696e+00	4.787334e-04	-7.989803e+01	-3.994923e+01	4.072669e+01	-5.997846e-01	-3.934938e+01	4.054908e+01	-5.995453e-01	6.000240e-01	7.776726e-01	-8.067571e+01
2.5           	1.199054e+00	4.765807e-04	-7.989778e+01	-3.994911e+01	4.072625e+01	-5.994653e-01	-3.934958e+01	4.054863e+01	-5.992270e-01	5.997036e-01	7.773619e-01	-8.067515e+01
2.51          	1.198407e+00	4.742613e-04	-7.989754e+01	-3.994898e+01	4.072582e+01	-5.991433e-01	-3.934978e+01	4.054818e+01	-5.989061e-01	5.993804e-01	7.770480e-01	-8.067459e+01
2.52          	1.197757e+00	4.718544e-04	-7.989730e+01	-3.994886e+01	4.072538e+01	-5.988199e-01	-3.934998e+01	4.054774e+01	-5.985840e-01	5.990558e-01	7.767317e-01	-8.067403e+01
2.53          	1.197108e+00	4.696457e-04	-7.989706e+01	-3.994874e+01	4.072494e+01	-5.984965e-01	-3.935019e+01	4.054729e+01	-5.982616e-01	5.987313e-01	7.764134e-01	-8.067348e+01
2.54          	1.196459e+00	4.678760e-04	-7.989683e+01	-3.994862e+01	4.072451e+01	-5.981731e-01	-3.935039e+01	4.054685e+01	-5.979392e-01	5.984070e-01	7.760933e-01	-8.067292e+01
2.55          	1.195809e+00	4.664039e-04	-7.989660e+01	-3.994851e+01	4.072407e+01	-5.978492e-01	-3.935060e+01	4.054641e+01	-5.976160e-01	5.980824e-01	7.757709e-01	-8.067237e+01
2.56          	1.195155e+00	4.649684e-04	-7.989638e+01	-3.994839e+01	4.072364e+01	-5.975238e-01	-3.935082e+01	4.054597e+01	-5.972913e-01	5.977563e-01	7.754460e-01	-8.067182e+01
2.57          	1.194497e+00	4.635419e-04	-7.989616e+01	-3.994828e+01	4.072320e+01	-5.971961e-01	-3.935103e+01	4.054553e+01	-5.969644e-01	5.974279e-01	7.751182e-01	-8.067128e+01
2.58          	1.193835e+00	4.620824e-04	-7.989594e+01	-3.994817e+01	4.072276e+01	-5.968660e-01	-3.935126e+01	4.054509e+01	-5.966350e-01	5.970971e-01	7.747876e-01	-8.067073e+01
2.59          	1.193168e+00	4.604401e-04	-7.989573e+01	-3.994806e+01	4.072232e+01	-5.965337e-01	-3.935148e+01	4.054465e+01	-5.963035e-01	5.967639e-01	7.744546e-01	-8.067018e+01
2.6           	1.192498e+00	4.582202e-04	-7.989552e+01	-3.994796e+01	4.072188e+01	-5.961999e-01	-3.935171e+01	4.054421e+01	-5.959708e-01	5.964291e-01	7.741197e-01	-8.066964e+01
2.61          	1.191826e+00	4.557354e-04	-7.989531e+01	-3.994785e+01	4.072144e+01	-5.958652e-01	-3.935194e+01	4.054377e+01	-5.956373e-01	5.960930e-01	7.737832e-01	-8.066910e+01
2.62          	1.191152e+00	4.532840e-04	-7.989511e+01	-3.994775e+01	4.072100e+01	-5.955298e-01	-3.935218e+01	4.054333e+01	-5.953031e-01	5.957564e-01	7.734454e-01	-8.066856e+01
2.63          	1.190478e+00	4.509600e-04	-7.989491e+01	-3.994765e+01	4.072056e+01	-5.951942e-01	-3.935241e+01	4.054289e+01	-5.949687e-01	5.954197e-01	7.731065e-01	-8.066802e+01
2.64          	1.189802e+00	4.489260e-04	-7.989472e+01	-3.994755e+01	4.072013e+01	-5.948572e-01	-3.935265e+01	4.054245e+01	-5.946327e-01	5.950817e-01	7.727661e-01	-8.066748e+01
2.65          	1.189121e+00	4.471824e-04	-7.989453e+01	-3.994746e+01	4.071969e+01	-5.945180e-01	-3.935290e+01	4.054202e+01	-5.942944e-01	5.947416e-01	7.724237e-01	-8.066695e+01
2.66          	1.188435e+00	4.455083e-04	-7.989434e+01	-3.994736e+01	4.071925e+01	-5.941764e-01	-3.935314e+01	4.054158e+01	-5.939537e-01	5.943992e-01	7.720793e-01	-8.066642e+01
2.67          	1.187745e+00	4.438322e-04	-7.989415e+01	-3.994727e+01	4.071881e+01	-5.938329e-01	-3.935339e+01	4.054114e+01	-5.936110e-01	5.940548e-01	7.717327e-01	-8.066589e+01
2.68          	1.187053e+00	4.420424e-04	-7.989397e+01	-3.994718e+01	4.071837e+01	-5.934883e-01	-3.935365e+01	4.054070e+01	-5.932672e-01	5.937093e-01	7.713845e-01	-8.066536e+01
2.69          	1.186360e+00	4.399002e-04	-7.989379e+01	-3.994708e+01	4.071793e+01	-5.931435e-01	-3.935390e+01	4.054026e+01	-5.929236e-01	5.933635e-01	7.710352e-01	-8.066483e+01
2.7           	1.185667e+00	4.375908e-04	-7.989362e+01	-3.994700e+01	4.071749e+01	-5.927990e-01	-3.935416e+01	4.053983e+01	-5.925802e-01	5.930178e-01	7.706847e-01	-8.066430e+01
2.71          	1.184974e+00	4.351124e-04	-7.989344e+01	-3.994691e+01	4.071706e+01	-5.924542e-01	-3.935442e+01	4.053940e+01	-5.922366e-01	5.926717e-01	7.703329e-01	-8.066378e+01
2.72          	1.184278e+00	4.328515e-04	-7.989328e+01	-3.994682e+01	4.071662e+01	-5.921082e-01	-3.935468e+01	4.053896e+01	-5.918918e-01	5.923246e-01	7.699795e-01	-8.066325e+01
2.73          	1.183581e+00	4.308178e-04	-7.989311e+01	-3.994674e+01	4.071618e+01	-5.917611e-01	-3.935495e+01	4.053853e+01	-5.915457e-01	5.919765e-01	7.696246e-01	-8.066273e+01
2.74          	1.182882e+00	4.290433e-04	-7.989295e+01	-3.994665e+01	4.071574e+01	-5.914130e-01	-3.935521e+01	4.053810e+01	-5.911985e-01	5.916275e-01	7.692683e-01	-8.066221e+01
2.75          	1.182182e+00	4.277637e-04	-7.989279e+01	-3.994657e+01	4.071530e+01	-5.910641e-01	-3.935548e+01	4.053766e+01	-5.908502e-01	5.912779e-01	7.689110e-01	-8.066170e+01
2.76          	1.181481e+00	4.272386e-04	-7.989263e+01	-3.994649e+01	4.071487e+01	-5.907139e-01	-3.935575e+01	4.053723e+01	-5.905003e-01	5.909275e-01	7.685526e-01	-8.066118e+01
2.77          	1.180775e+00	4.279890e-04	-7.989247e+01	-3.994642e+01	4.071443e+01	-5.903605e-01	-3.935603e+01	4.053680e+01	-5.901465e-01	5.905745e-01	7.681921e-01	-8.066066e+01
2.78          	1.180062e+00	4.294078e-04	-7.989232e+01	-3.994634e+01	4.071399e+01	-5.900033e-01	-3.935631e+01	4.053637e+01	-5.897886e-01	5.902180e-01	7.678287e-01	-8.066015e+01
2.79          	1.179343e+00	4.310262e-04	-7.989217e+01	-3.994626e+01	4.071355e+01	-5.896429e-01	-3.935659e+01	4.053593e+01	-5.894274e-01	5.898585e-01	7.674626e-01	-8.065963e+01
2.8           	1.178620e+00	4.321979e-04	-7.989202e+01	-3.994619e+01	4.071310e+01	-5.892811e-01	-3.935688e+01	4.053550e+01	-5.890650e-01	5.894972e-01	7.670944e-01	-8.065911e+01
2.81          	1.177895e+00	4.326479e-04	-7.989187e+01	-3.994611e+01	4.071266e+01	-5.889193e-01	-3.935717e+01	4.053506e+01	-5.887029e-01	5.891356e-01	7.667251e-01	-8.065860e+01
2.82          	1.177171e+00	4.323400e-04	-7.989173e+01	-3.994604e+01	4.071222e+01	-5.885584e-01	-3.935746e+01	4.053463e+01	-5.883423e-01	5.887746e-01	7.663552e-01	-8.065808e+01
2.83          	1.176449e+00	4.312305e-04	-7.989159e+01	-3.994597e+01	4.071178e+01	-5.881998e-01	-3.935775e+01	4.053419e+01	-5.879842e-01	5.884154e-01	7.659856e-01	-8.065757e+01
2.84          	1.175733e+00	4.292882e-04	-7.989145e+01	-3.994590e+01	4.071134e+01	-5.878444e-01	-3.935803e+01	4.053377e+01	-5.876297e-01	5.880590e-01	7.656174e-01	-8.065707e+01
2.85          	1.175024e+00	4.264179e-04	-7.989131e+01	-3.994583e+01	4.071091e+01	-5.874925e-01	-3.935832e+01	4.053334e+01	-5.872793e-01	5.877058e-01	7.652512e-01	-8.065656e+01
2.86          	1.174321e+00	4.230783e-04	-7.989118e+01	-3.994576e+01	4.071048e+01	-5.871439e-01	-3.935860e+01	4.053292e+01	-5.869324e-01	5.873555e-01	7.648868e-01	-8.065607e+01
2.87          	1.173622e+00	4.196338e-04	-7.989105e+01	-3.994569e+01	4.071005e+01	-5.867969e-01	-3.935888e+01	4.053251e+01	-5.865871e-01	5.870067e-01	7.645235e-01	-8.065557e+01
2.88          	1.172924e+00	4.163205e-04	-7.989092e+01	-3.994563e+01	4.070962e+01	-5.864500e-01	-3.935917e+01	4.053209e+01	-5.862418e-01	5.866581e-01	7.641601e-01	-8.065508e+01
2.89          	1.172224e+00	4.135720e-04	-7.989079e+01	-3.994556e+01	4.070919e+01	-5.861021e-01	-3.935945e+01	4.053167e+01	-5.858953e-01	5.863088e-01	7.637960e-01	-8.065458e+01
2.9           	1.171523e+00	4.116723e-04	-7.989066e+01	-3.994550e+01	4.070876e+01	-5.857530e-01	-3.935974e+01	4.053126e+01	-5.855471e-01	5.859588e-01	7.634312e-01	-8.065409e+01
2.91          	1.170821e+00	4.102935e-04	-7.989054e+01	-3.994543e+01	4.070833e+01	-5.854033e-01	-3.936002e+01	4.053085e+01	-5.851981e-01	5.856084e-01	7.630658e-01	-8.065360e+01
2.92          	1.170120e+00	4.088073e-04	-7.989042e+01	-3.994537e+01	4.070791e+01	-5.850538e-01	-3.936031e+01	4.053043e+01	-5.848494e-01	5.852582e-01	7.627001e-01	-8.065312e+01
2.93          	1.169418e+00	4.070697e-04	-7.989029e+01	-3.994531e+01	4.070748e+01	-5.847046e-01	-3.936060e+01	4.053002e+01	-5.845010e-01	5.849081e-01	7.623340e-01	-8.065263e+01
2.94          	1.168718e+00	4.049317e-04	-7.989017e+01	-3.994525e+01	4.070706e+01	-5.843558e-01	-3.936089e+01	4.052961e+01	-5.841534e-01	5.845583e-01	7.619678e-01	-8.065214e+01
2.95          	1.168019e+00	4.023702e-04	-7.989006e+01	-3.994519e+01	4.070663e+01	-5.840081e-01	-3.936118e+01	4.052920e+01	-5.838070e-01	5.842093e-01	7.616018e-01	-8.065166e+01
2.96          	1.167323e+00	3.993852e-04	-7.988994e+01	-3.994513e+01	4.070621e+01	-5.836619e-01	-3.936147e+01	4.052879e+01	-5.834622e-01	5.838616e-01	7.612364e-01	-8.065118e+01
2.97          	1.166630e+00	3.962522e-04	-7.988983e+01	-3.994507e+01	4.070578e+01	-5.833170e-01	-3.936176e+01	4.052839e+01	-5.831188e-01	5.835151e-01	7.608716e-01	-8.065070e+01
2.98          	1.165938e+00	3.929406e-04	-7.988971e+01	-3.994501e+01	4.070536e+01	-5.829728e-01	-3.936204e+01	4.052798e+01	-5.827764e-01	5.831693e-01	7.605073e-01	-8.065022e+01
2.99          	1.165245e+00	3.896566e-04	-7.988960e+01	-3.994496e+01	4.070494e+01	-5.826285e-01	-3.936233e+01	4.052758e+01	-5.824337e-01	5.828234e-01	7.601428e-01	-8.064974e+01
3             	1.164552e+00	3.866047e-04	-7.988949e+01	-3.994490e+01	4.070452e+01	-5.822834e-01	-3.936262e+01	4.052717e+01	-5.820900e-01	5.824767e-01	7.597777e-01	-8.064927e+01
3.01          	1.163856e+00	3.836545e-04	-7.988938e+01	-3.994484e+01	4.070410e+01	-5.819375e-01	-3.936292e+01	4.052677e+01	-5.817457e-01	5.821293e-01	7.594122e-01	-8.064879e+01
3.02          	1.163162e+00	3.808365e-04	-7.988927e+01	-3.994479e+01	4.070368e+01	-5.815917e-01	-3.936321e+01	4.052637e+01	-5.814013e-01	5.817821e-01	7.590467e-01	-8.064832e+01
3.03          	1.162468e+00	3.785873e-04	-7.988917e+01	-3.994473e+01	4.070327e+01	-5.812462e-01	-3.936350e+01	4.052597e+01	-5.810569e-01	5.814354e-01	7.586817e-01	-8.064785e+01
3.04          	1.161776e+00	3.763129e-04	-7.988906e+01	-3.994468e+01	4.070285e+01	-5.809015e-01	-3.936379e+01	4.052557e+01	-5.807134e-01	5.810897e-01	7.583173e-01	-8.064738e+01
3.05          	1.161087e+00	3.739934e-04	-7.988896e+01	-3.994463e+01	4.070243e+01	-5.805581e-01	-3.936408e+01	4.052517e+01	-5.803711e-01	5.807451e-01	7.579537e-01	-8.064691e+01
3.06          	1.160400e+00	3.721851e-04	-7.988885e+01	-3.994457e+01	4.070202e+01	-5.802155e-01	-3.936437e+01	4.052477e+01	-5.800294e-01	5.804016e-01	7.575906e-01	-8.064645e+01
3.07          	1.159714e+00	3.703178e-04	-7.988875e+01	-3.994452e+01	4.070160e+01	-5.798739e-01	-3.936466e+01	4.052438e+01	-5.796887e-01	5.800590e-01	7.572277e-01	-8.064598e+01
3.08          	1.159028e+00	3.685615e-04	-7.988865e+01	-3.994447e+01	4.070119e+01	-5.795325e-01	-3.936496e+01	4.052398e+01	-5.793483e-01	5.797168e-01	7.568647e-01	-8.064552e+01
3.09          	1.158342e+00	3.669197e-04	-7.988855e+01	-3.994442e+01	4.070078e+01	-5.791912e-01	-3.936525e+01	4.052359e+01	-5.790078e-01	5.793747e-01	7.565015e-01	-8.064505e+01
3.1           	1.157656e+00	3.640835e-04	-7.988845e+01	-3.994437e+01	4.070036e+01	-5.788508e-01	-3.936554e+01	4.052319e+01	-5.786688e-01	5.790329e-01	7.561383e-01	-8.064459e+01
3.11          	1.156972e+00	3.598102e-04	-7.988835e+01	-3.994432e+01	4.069995e+01	-5.785120e-01	-3.936583e+01	4.052280e+01	-5.783321e-01	5.786919e-01	7.557759e-01	-8.064413e+01
3.12          	1.156290e+00	3.554235e-04	-7.988825e+01	-3.994426e+01	4.069954e+01	-5.781744e-01	-3.936612e+01	4.052241e+01	-5.779967e-01	5.783521e-01	7.554145e-01	-8.064367e+01
3.13          	1.155611e+00	3.526469e-04	-7.988816e+01	-3.994421e+01	4.069913e+01	-5.778370e-01	-3.936641e+01	4.052202e+01	-5.776607e-01	5.780133e-01	7.550543e-01	-8.064321e+01
3.14          	1.154935e+00	3.498625e-04	-7.988806e+01	-3.994417e+01	4.069872e+01	-5.775004e-01	-3.936670e+01	4.052163e+01	-5.773254e-01	5.776753e-01	7.546948e-01	-8.064275e+01
3.15          	1.154260e+00	3.462465e-04	-7.988796e+01	-3.994412e+01	4.069832e+01	-5.771654e-01	-3.936699e+01	4.052125e+01	-5.769923e-01	5.773385e-01	7.543361e-01	-8.064230e+01
3.16          	1.153590e+00	3.413643e-04	-7.988787e+01	-3.994407e+01	4.069791e+01	-5.768329e-01	-3.936727e+01	4.052086e+01	-5.766622e-01	5.770036e-01	7.539784e-01	-8.064185e+01
3.17          	1.152925e+00	3.355945e-04	-7.988777e+01	-3.994402e+01	4.069751e+01	-5.765034e-01	-3.936756e+01	4.052048e+01	-5.763356e-01	5.766712e-01	7.536221e-01	-8.064140e+01
3.18          	1.152263e+00	3.314478e-04	-7.988768e+01	-3.994397e+01	4.069711e+01	-5.761748e-01	-3.936784e+01	4.052010e+01	-5.760091e-01	5.763405e-01	7.532667e-01	-8.064095e+01
3.19          	1.151603e+00	3.284260e-04	-7.988759e+01	-3.994392e+01	4.069670e+01	-5.758465e-01	-3.936812e+01	4.051972e+01	-5.756823e-01	5.760107e-01	7.529119e-01	-8.064050e+01
3.2           	1.150944e+00	3.254806e-04	-7.988749e+01	-3.994387e+01	4.069630e+01	-5.755186e-01	-3.936840e+01	4.051935e+01	-5.753559e-01	5.756814e-01	7.525571e-01	-8.064005e+01
3.21          	1.150285e+00	3.219472e-04	-7.988740e+01	-3.994383e+01	4.069590e+01	-5.751914e-01	-3.936868e+01	4.051897e+01	-5.750304e-01	5.753524e-01	7.522024e-01	-8.063960e+01
3.22          	1.149628e+00	3.176196e-04	-7.988731e+01	-3.994378e+01	4.069550e+01	-5.748653e-01	-3.936896e+01	4.051859e+01	-5.747065e-01	5.750241e-01	7.518481e-01	-8.063916e+01
3.23          	1.148973e+00	3.132825e-04	-7.988722e+01	-3.994373e+01	4.069510e+01	-5.745401e-01	-3.936925e+01	4.051822e+01	-5.743835e-01	5.746967e-01	7.514944e-01	-8.063871e+01
3.24          	1.148319e+00	3.098031e-04	-7.988713e+01	-3.994369e+01	4.069470e+01	-5.742151e-01	-3.936953e+01	4.051784e+01	-5.740602e-01	5.743700e-01	7.511412e-01	-8.063827e+01
3.25          	1.147666e+00	3.065011e-04	-7.988704e+01	-3.994364e+01	4.069431e+01	-5.738908e-01	-3.936981e+01	4.051747e+01	-5.737375e-01	5.740440e-01	7.507887e-01	-8.063783e+01
3.26          	1.147016e+00	3.029965e-04	-7.988695e+01	-3.994359e+01	4.069391e+01	-5.735676e-01	-3.937008e+01	4.051710e+01	-5.734161e-01	5.737191e-01	7.504369e-01	-8.063738e+01
3.27          	1.146368e+00	2.989003e-04	-7.988686e+01	-3.994355e+01	4.069352e+01	-5.732462e-01	-3.937036e+01	4.051673e+01	-5.730968e-01	5.733957e-01	7.500862e-01	-8.063694e+01
3.28          	1.145724e+00	2.944844e-04	-7.988677e+01	-3.994350e+01	4.069312e+01	-5.729266e-01	-3.937064e+01	4.051636e+01	-5.727793e-01	5.730738e-01	7.497366e-01	-8.063650e+01
3.29          	1.145083e+00	2.901228e-04	-7.988668e+01	-3.994345e+01	4.069273e+01	-5.726083e-01	-3.937091e+01	4.051600e+01	-5.724633e-01	5.727534e-01	7.493880e-01	-8.063607e+01
3.3           	1.144444e+00	2.872532e-04	-7.988659e+01	-3.994341e+01	4.069234e+01	-5.722904e-01	-3.937119e+01	4.051563e+01	-5.721468e-01	5.724340e-01	7.490403e-01	-8.063563e+01
3.31          	1.143808e+00	2.849268e-04	-7.988650e+01	-3.994336e+01	4.069194e+01	-5.719733e-01	-3.937146e+01	4.051527e+01	-5.718308e-01	5.721157e-01	7.486931e-01	-8.063519e+01
3.32          	1.143173e+00	2.823187e-04	-7.988641e+01	-3.994332e+01	4.069155e+01	-5.716575e-01	-3.937173e+01	4.051490e+01	-5.715163e-01	5.717986e-01	7.483467e-01	-8.063476e+01
3.33          	1.142541e+00	2.789896e-04	-7.988632e+01	-3.994327e+01	4.069116e+01	-5.713434e-01	-3.937200e+01	4.051454e+01	-5.712039e-01	5.714829e-01	7.480011e-01	-8.063432e+01
3.34          	1.141912e+00	2.751752e-04	-7.988623e+01	-3.994323e+01	4.069077e+01	-5.710307e-01	-3.937227e+01	4.051418e+01	-5.708931e-01	5.711683e-01	7.476564e-01	-8.063389e+01
3.35          	1.141285e+00	2.709269e-04	-7.988615e+01	-3.994318e+01	4.069039e+01	-5.707195e-01	-3.937254e+01	4.051382e+01	-5.705841e-01	5.708550e-01	7.473126e-01	-8.063346e+01
3.36          	1.140660e+00	2.672129e-04	-7.988606e+01	-3.994313e+01	4.069000e+01	-5.704090e-01	-3.937280e+01	4.051346e+01	-5.702754e-01	5.705426e-01	7.469696e-01	-8.063303e+01
3.37          	1.140036e+00	2.635801e-04	-7.988597e+01	-3.994309e+01	4.068961e+01	-5.700993e-01	-3.937307e+01	4.051311e+01	-5.699675e-01	5.702311e-01	7.466271e-01	-8.063260e+01
3.38          	1.139415e+00	2.598657e-04	-7.988588e+01	-3.994304e+01	4.068923e+01	-5.697907e-01	-3.937334e+01	4.051275e+01	-5.696607e-01	5.699206e-01	7.462853e-01	-8.063217e+01
3.39          	1.138796e+00	2.561431e-04	-7.988579e+01	-3.994300e+01	4.068884e+01	-5.694834e-01	-3.937360e+01	4.051240e+01	-5.693554e-01	5.696115e-01	7.459445e-01	-8.063174e+01
3.4           	1.138181e+00	2.527078e-04	-7.988570e+01	-3.994295e+01	4.068846e+01	-5.691776e-01	-3.937386e+01	4.051204e+01	-5.690513e-01	5.693040e-01	7.456046e-01	-8.063131e+01
3.41          	1.137569e+00	2.496208e-04	-7.988562e+01	-3.994291e+01	4.068807e+01	-5.688734e-01	-3.937412e+01	4.051169e+01	-5.687485e-01	5.689982e-01	7.452660e-01	-8.063088e+01
3.42          	1.136960e+00	2.467555e-04	-7.988553e+01	-3.994286e+01	4.068769e+01	-5.685708e-01	-3.937438e+01	4.051134e+01	-5.684474e-01	5.686942e-01	7.449284e-01	-8.063046e+01
3.43          	1.136356e+00	2.442739e-04	-7.988544e+01	-3.994282e+01	4.068731e+01	-5.682697e-01	-3.937464e+01	4.051099e+01	-5.681476e-01	5.683918e-01	7.445919e-01	-8.063003e+01
3.44          	1.135754e+00	2.415599e-04	-7.988535e+01	-3.994277e+01	4.068693e+01	-5.679703e-01	-3.937489e+01	4.051065e+01	-5.678496e-01	5.680911e-01	7.442563e-01	-8.062961e+01
3.45          	1.135155e+00	2.390560e-04	-7.988526e+01	-3.994273e+01	4.068655e+01	-5.676719e-01	-3.937515e+01	4.051030e+01	-5.675524e-01	5.677914e-01	7.439215e-01	-8.062919e+01
3.46          	1.134556e+00	2.360216e-04	-7.988518e+01	-3.994268e+01	4.068618e+01	-5.673742e-01	-3.937540e+01	4.050996e+01	-5.672562e-01	5.674922e-01	7.435871e-01	-8.062876e+01
3.47          	1.133959e+00	2.323889e-04	-7.988509e+01	-3.994264e+01	4.068580e+01	-5.670773e-01	-3.937566e+01	4.050961e+01	-5.669612e-01	5.671935e-01	7.432530e-01	-8.062834e+01
3.48          	1.133363e+00	2.278892e-04	-7.988500e+01	-3.994259e+01	4.068542e+01	-5.667817e-01	-3.937591e+01	4.050927e+01	-5.666678e-01	5.668957e-01	7.429195e-01	-8.062792e+01
3.49          	1.132769e+00	2.231580e-04	-7.988491e+01	-3.994254e+01	4.068504e+01	-5.664873e-01	-3.937616e+01	4.050893e+01	-5.663757e-01	5.665989e-01	7.425868e-01	-8.062750e+01
3.5           	1.132177e+00	2.184858e-04	-7.988482e+01	-3.994250e+01	4.068467e+01	-5.661944e-01	-3.937641e+01	4.050859e+01	-5.660852e-01	5.663036e-01	7.422551e-01	-8.062708e+01
3.51          	1.131589e+00	2.147101e-04	-7.988473e+01	-3.994245e+01	4.068429e+01	-5.659023e-01	-3.937666e+01	4.050825e+01	-5.657950e-01	5.660097e-01	7.419244e-01	-8.062666e+01
3.52          	1.131004e+00	2.111444e-04	-7.988464e+01	-3.994241e+01	4.068392e+01	-5.656116e-01	-3.937690e+01	4.050791e+01	-5.655060e-01	5.657171e-01	7.415947e-01	-8.062624e+01
3.53          	1.130421e+00	2.078735e-04	-7.988455e+01	-3.994236e+01	4.068354e+01	-5.653222e-01	-3.937715e+01	4.050757e+01	-5.652183e-01	5.654261e-01	7.412659e-01	-8.062582e+01
3.54          	1.129843e+00	2.046438e-04	-7.988446e+01	-3.994231e+01	4.068317e+01	-5.650346e-01	-3.937739e+01	4.050724e+01	-5.649323e-01	5.651369e-01	7.409382e-01	-8.062540e+01
3.55          	1.129268e+00	2.014770e-04	-7.988438e+01	-3.994227e+01	4.068280e+01	-5.647490e-01	-3.937763e+01	4.050690e+01	-5.646483e-01	5.648498e-01	7.406118e-01	-8.062499e+01
3.56          	1.128697e+00	1.993366e-04	-7.988429e+01	-3.994222e+01	4.068243e+01	-5.644646e-01	-3.937787e+01	4.050657e+01	-5.643649e-01	5.645643e-01	7.402866e-01	-8.062457e+01
3.57          	1.128130e+00	1.972765e-04	-7.988420e+01	-3.994218e+01	4.068206e+01	-5.641815e-01	-3.937811e+01	4.050624e+01	-5.640828e-01	5.642801e-01	7.399622e-01	-8.062416e+01
3.58          	1.127564e+00	1.946550e-04	-7.988411e+01	-3.994213e+01	4.068169e+01	-5.638998e-01	-3.937835e+01	4.050591e+01	-5.638025e-01	5.639972e-01	7.396386e-01	-8.062374e+01
3.59          	1.127001e+00	1.916131e-04	-7.988401e+01	-3.994208e+01	4.068132e+01	-5.636196e-01	-3.937858e+01	4.050558e+01	-5.635238e-01	5.637154e-01	7.393158e-01	-8.062333e+01
3.6           	1.126440e+00	1.881199e-04	-7.988392e+01	-3.994204e+01	4.068096e+01	-5.633409e-01	-3.937882e+01	4.050526e+01	-5.632468e-01	5.634350e-01	7.389937e-01	-8.062292e+01
3.61          	1.125882e+00	1.843012e-04	-7.988383e+01	-3.994199e+01	4.068059e+01	-5.630637e-01	-3.937905e+01	4.050493e+01	-5.629716e-01	5.631559e-01	7.386725e-01	-8.062250e+01
3.62          	1.125327e+00	1.810919e-04	-7.988374e+01	-3.994194e+01	4.068022e+01	-5.627876e-01	-3.937928e+01	4.050461e+01	-5.626970e-01	5.628781e-01	7.383523e-01	-8.062209e+01
3.63          	1.124774e+00	1.782251e-04	-7.988365e+01	-3.994190e+01	4.067986e+01	-5.625125e-01	-3.937951e+01	4.050428e+01	-5.624234e-01	5.626016e-01	7.380329e-01	-8.062168e+01
3.64          	1.124225e+00	1.753580e-04	-7.988356e+01	-3.994185e+01	4.067949e+01	-5.622388e-01	-3.937974e+01	4.050396e+01	-5.621511e-01	5.623265e-01	7.377143e-01	-8.062127e+01
3.65          	1.123678e+00	1.729312e-04	-7.988346e+01	-3.994180e+01	4.067913e+01	-5.619667e-01	-3.937996e+01	4.050364e+01	-5.618802e-01	5.620532e-01	7.373969e-01	-8.062086e+01
3.66          	1.123136e+00	1.710955e-04	-7.988337e+01	-3.994175e+01	4.067877e+01	-5.616964e-01	-3.938019e+01	4.050332e+01	-5.616109e-01	5.617819e-01	7.370807e-01	-8.062045e+01
3.67          	1.122599e+00	1.697583e-04	-7.988328e+01	-3.994171e+01	4.067840e+01	-5.614281e-01	-3.938041e+01	4.050301e+01	-5.613432e-01	5.615130e-01	7.367658e-01	-8.062004e+01
3.68          	1.122065e+00	1.684413e-04	-7.988318e+01	-3.994166e+01	4.067804e+01	-5.611618e-01	-3.938063e+01	4.050269e+01	-5.610776e-01	5.612460e-01	7.364520e-01	-8.061963e+01
3.69          	1.121534e+00	1.666628e-04	-7.988309e+01	-3.994161e+01	4.067768e+01	-5.608974e-01	-3.938084e+01	4.050238e+01	-5.608141e-01	5.609807e-01	7.361391e-01	-8.061923e+01
3.7           	1.121006e+00	1.638262e-04	-7.988299e+01	-3.994156e+01	4.067732e+01	-5.606348e-01	-3.938106e+01	4.050206e+01	-5.605529e-01	5.607167e-01	7.358269e-01	-8.061882e+01
3.71          	1.120480e+00	1.601486e-04	-7.988289e+01	-3.994151e+01	4.067696e+01	-5.603737e-01	-3.938127e+01	4.050175e+01	-5.602936e-01	5.604538e-01	7.355153e-01	-8.061841e+01
3.72          	1.119956e+00	1.560341e-04	-7.988280e+01	-3.994146e+01	4.067660e+01	-5.601140e-01	-3.938148e+01	4.050144e+01	-5.600360e-01	5.601921e-01	7.352042e-01	-8.061800e+01
3.73          	1.119435e+00	1.521311e-04	-7.988270e+01	-3.994141e+01	4.067624e+01	-5.598556e-01	-3.938169e+01	4.050113e+01	-5.597795e-01	5.599316e-01	7.348941e-01	-8.061759e+01
3.74          	1.118917e+00	1.487685e-04	-7.988260e+01	-3.994136e+01	4.067588e+01	-5.595980e-01	-3.938190e+01	4.050082e+01	-5.595236e-01	5.596724e-01	7.345847e-01	-8.061718e+01
3.75          	1.118401e+00	1.459552e-04	-7.988250e+01	-3.994131e+01	4.067553e+01	-5.593414e-01	-3.938211e+01	4.050051e+01	-5.592684e-01	5.594144e-01	7.342761e-01	-8.061678e+01
3.76          	1.117888e+00	1.436661e-04	-7.988240e+01	-3.994126e+01	4.067517e+01	-5.590858e-01	-3.938232e+01	4.050020e+01	-5.590139e-01	5.591576e-01	7.339683e-01	-8.061637e+01
3.77          	1.117378e+00	1.419203e-04	-7.988230e+01	-3.994121e+01	4.067481e+01	-5.588312e-01	-3.938252e+01	4.049990e+01	-5.587602e-01	5.589021e-01	7.336614e-01	-8.061596e+01
3.78          	1.116871e+00	1.403693e-04	-7.988220e+01	-3.994116e+01	4.067445e+01	-5.585780e-01	-3.938272e+01	4.049959e+01	-5.585078e-01	5.586482e-01	7.333554e-01	-8.061555e+01
3.79          	1.116367e+00	1.386682e-04	-7.988210e+01	-3.994111e+01	4.067410e+01	-5.583267e-01	-3.938292e+01	4.049929e+01	-5.582574e-01	5.583961e-01	7.330503e-01	-8.061515e+01
3.8           	1.115867e+00	1.368145e-04	-7.988199e+01	-3.994105e+01	4.067374e+01	-5.580772e-01	-3.938312e+01	4.049899e+01	-5.580088e-01	5.581457e-01	7.327462e-01	-8.061474e+01
3.81          	1.115369e+00	1.346837e-04	-7.988189e+01	-3.994100e+01	4.067339e+01	-5.578296e-01	-3.938332e+01	4.049869e+01	-5.577623e-01	5.578970e-01	7.324430e-01	-8.061433e+01
3.82          	1.114876e+00	1.324213e-04	-7.988178e+01	-3.994095e+01	4.067303e+01	-5.575839e-01	-3.938351e+01	4.049839e+01	-5.575177e-01	5.576502e-01	7.321409e-01	-8.061392e+01
3.83          	1.114386e+00	1.302783e-04	-7.988168e+01	-3.994089e+01	4.067268e+01	-5.573400e-01	-3.938370e+01	4.049809e+01	-5.572748e-01	5.574051e-01	7.318398e-01	-8.061352e+01
3.84          	1.113900e+00	1.282212e-04	-7.988157e+01	-3.994084e+01	4.067233e+01	-5.570978e-01	-3.938389e+01	4.049779e+01	-5.570337e-01	5.571619e-01	7.315397e-01	-8.061311e+01
3.85          	1.113417e+00	1.263152e-04	-7.988146e+01	-3.994078e+01	4.067197e+01	-5.568573e-01	-3.938408e+01	4.049749e+01	-5.567941e-01	5.569204e-01	7.312408e-01	-8.061270e+01
3.86          	1.112938e+00	1.249424e-04	-7.988136e+01	-3.994073e+01	4.067162e+01	-5.566179e-01	-3.938426e+01	4.049720e+01	-5.565555e-01	5.566804e-01	7.309427e-01	-8.061230e+01
3.87          	1.112461e+00	1.238605e-04	-7.988125e+01	-3.994067e+01	4.067127e+01	-5.563797e-01	-3.938444e+01	4.049691e+01	-5.563178e-01	5.564417e-01	7.306453e-01	-8.061189e+01
3.88          	1.111987e+00	1.229683e-04	-7.988114e+01	-3.994062e+01	4.067092e+01	-5.561428e-01	-3.938463e+01	4.049661e+01	-5.560813e-01	5.562043e-01	7.303488e-01	-8.061148e+01
3.89          	1.111517e+00	1.219585e-04	-7.988102e+01	-3.994056e+01	4.067057e+01	-5.559076e-01	-3.938480e+01	4.049632e+01	-5.558466e-01	5.559686e-01	7.300531e-01	-8.061108e+01
3.9           	1.111050e+00	1.208858e-04	-7.988091e+01	-3.994051e+01	4.067021e+01	-5.556742e-01	-3.938498e+01	4.049603e+01	-5.556137e-01	5.557346e-01	7.297583e-01	-8.061067e+01
3.91          	1.110586e+00	1.196601e-04	-7.988080e+01	-3.994045e+01	4.066986e+01	-5.554426e-01	-3.938516e+01	4.049574e+01	-5.553827e-01	5.555024e-01	7.294646e-01	-8.061026e+01
3.92          	1.110126e+00	1.180995e-04	-7.988068e+01	-3.994039e+01	4.066951e+01	-5.552129e-01	-3.938533e+01	4.049545e+01	-5.551538e-01	5.552719e-01	7.291719e-01	-8.060986e+01
3.93          	1.109669e+00	1.162740e-04	-7.988057e+01	-3.994033e+01	4.066916e+01	-5.549852e-01	-3.938550e+01	4.049517e+01	-5.549270e-01	5.550433e-01	7.288801e-01	-8.060945e+01
3.94          	1.109216e+00	1.145048e-04	-7.988045e+01	-3.994027e+01	4.066882e+01	-5.547592e-01	-3.938567e+01	4.049488e+01	-5.547019e-01	5.548164e-01	7.285894e-01	-8.060904e+01
3.95          	1.108766e+00	1.127408e-04	-7.988034e+01	-3.994021e+01	4.066847e+01	-5.545348e-01	-3.938583e+01	4.049460e+01	-5.544784e-01	5.545912e-01	7.282996e-01	-8.060863e+01
3.96          	1.108320e+00	1.108904e-04	-7.988022e+01	-3.994016e+01	4.066812e+01	-5.543125e-01	-3.938600e+01	4.049432e+01	-5.542571e-01	5.543680e-01	7.280110e-01	-8.060823e+01
3.97          	1.107879e+00	1.089498e-04	-7.988010e+01	-3.994010e+01	4.066777e+01	-5.540928e-01	-3.938616e+01	4.049403e+01	-5.540384e-01	5.541473e-01	7.277238e-01	-8.060782e+01
3.98          	1.107444e+00	1.071737e-04	-7.987998e+01	-3.994003e+01	4.066743e+01	-5.538757e-01	-3.938631e+01	4.049376e+01	-5.538222e-01	5.539293e-01	7.274383e-01	-8.060742e+01
3.99          	1.107013e+00	1.053765e-04	-7.987986e+01	-3.993997e+01	4.066708e+01	-5.536609e-01	-3.938647e+01	4.049348e+01	-5.536082e-01	5.537136e-01	7.271541e-01	-8.060701e+01
4             	1.106586e+00	1.035152e-04	-7.987974e+01	-3.993991e+01	4.066674e+01	-5.534481e-01	-3.938662e+01	4.049321e+01	-5.533964e-01	5.534999e-01	7.268712e-01	-8.060661e+01
4.01          	1.106163e+00	1.015060e-04	-7.987962e+01	-3.993985e+01	4.066640e+01	-5.532376e-01	-3.938677e+01	4.049293e+01	-5.531869e-01	5.532884e-01	7.265896e-01	-8.060621e+01
4.02          	1.105745e+00	9.939366e-05	-7.987949e+01	-3.993979e+01	4.066606e+01	-5.530295e-01	-3.938692e+01	4.049266e+01	-5.529798e-01	5.530792e-01	7.263094e-01	-8.060580e+01
4.03          	1.105332e+00	9.737604e-05	-7.987937e+01	-3.993973e+01	4.066572e+01	-5.528233e-01	-3.938706e+01	4.049239e+01	-5.527746e-01	5.528720e-01	7.260305e-01	-8.060540e+01
4.04          	1.104922e+00	9.548221e-05	-7.987925e+01	-3.993966e+01	4.066538e+01	-5.526189e-01	-3.938720e+01	4.049213e+01	-5.525712e-01	5.526667e-01	7.257527e-01	-8.060500e+01
4.05          	1.104516e+00	9.368934e-05	-7.987912e+01	-3.993960e+01	4.066504e+01	-5.524163e-01	-3.938734e+01	4.049186e+01	-5.523695e-01	5.524632e-01	7.254759e-01	-8.060460e+01
4.06          	1.104114e+00	9.202642e-05	-7.987900e+01	-3.993954e+01	4.066470e+01	-5.522157e-01	-3.938748e+01	4.049160e+01	-5.521696e-01	5.522617e-01	7.252003e-01	-8.060420e+01
4.07          	1.103717e+00	9.065362e-05	-7.987887e+01	-3.993948e+01	4.066436e+01	-5.520169e-01	-3.938762e+01	4.049133e+01	-5.519716e-01	5.520622e-01	7.249260e-01	-8.060380e+01
4.08          	1.103323e+00	8.946467e-05	-7.987875e+01	-3.993941e+01	4.066403e+01	-5.518202e-01	-3.938775e+01	4.049107e+01	-5.517755e-01	5.518649e-01	7.246529e-01	-8.060340e+01
4.09          	1.102935e+00	8.833963e-05	-7.987862e+01	-3.993935e+01	4.066369e+01	-5.516259e-01	-3.938788e+01	4.049082e+01	-5.515817e-01	5.516701e-01	7.243812e-01	-8.060300e+01
4.1           	1.102551e+00	8.737268e-05	-7.987849e+01	-3.993929e+01	4.066336e+01	-5.514341e-01	-3.938801e+01	4.049056e+01	-5.513904e-01	5.514778e-01	7.241111e-01	-8.060260e+01
4.11          	1.102173e+00	8.642013e-05	-7.987836e+01	-3.993922e+01	4.066302e+01	-5.512450e-01	-3.938813e+01	4.049031e+01	-5.512018e-01	5.512882e-01	7.238426e-01	-8.060221e+01
4.12          	1.101801e+00	8.540242e-05	-7.987823e+01	-3.993916e+01	4.066269e+01	-5.510586e-01	-3.938826e+01	4.049006e+01	-5.510159e-01	5.511013e-01	7.235757e-01	-8.060181e+01
4.13          	1.101433e+00	8.423764e-05	-7.987811e+01	-3.993909e+01	4.066236e+01	-5.508747e-01	-3.938838e+01	4.048981e+01	-5.508326e-01	5.509169e-01	7.233103e-01	-8.060142e+01
4.14          	1.101070e+00	8.291636e-05	-7.987798e+01	-3.993903e+01	4.066203e+01	-5.506935e-01	-3.938849e+01	4.048956e+01	-5.506520e-01	5.507349e-01	7.230464e-01	-8.060102e+01
4.15          	1.100713e+00	8.141270e-05	-7.987785e+01	-3.993896e+01	4.066171e+01	-5.505147e-01	-3.938860e+01	4.048932e+01	-5.504740e-01	5.505554e-01	7.227840e-01	-8.060063e+01
4.16          	1.100359e+00	8.000422e-05	-7.987772e+01	-3.993890e+01	4.066138e+01	-5.503381e-01	-3.938872e+01	4.048907e+01	-5.502981e-01	5.503781e-01	7.225229e-01	-8.060024e+01
4.17          	1.100010e+00	7.878989e-05	-7.987759e+01	-3.993883e+01	4.066106e+01	-5.501634e-01	-3.938882e+01	4.048883e+01	-5.501240e-01	5.502028e-01	7.222631e-01	-8.059985e+01
4.18          	1.099665e+00	7.769456e-05	-7.987745e+01	-3.993876e+01	4.066073e+01	-5.499908e-01	-3.938893e+01	4.048860e+01	-5.499520e-01	5.500297e-01	7.220046e-01	-8.059946e+01
4.19          	1.099325e+00	7.663603e-05	-7.987732e+01	-3.993870e+01	4.066041e+01	-5.498204e-01	-3.938904e+01	4.048836e+01	-5.497821e-01	5.498588e-01	7.217474e-01	-8.059907e+01
4.2           	1.098989e+00	7.542946e-05	-7.987719e+01	-3.993863e+01	4.066009e+01	-5.496526e-01	-3.938914e+01	4.048813e+01	-5.496149e-01	5.496903e-01	7.214917e-01	-8.059868e+01
4.21          	1.098659e+00	7.412438e-05	-7.987706e+01	-3.993857e+01	4.065977e+01	-5.494875e-01	-3.938924e+01	4.048789e+01	-5.494504e-01	5.495246e-01	7.212376e-01	-8.059830e+01
4.22          	1.098334e+00	7.282105e-05	-7.987693e+01	-3.993850e+01	4.065945e+01	-5.493253e-01	-3.938933e+01	4.048767e+01	-5.492889e-01	5.493617e-01	7.209853e-01	-8.059791e+01
4.23          	1.098015e+00	7.145789e-05	-7.987679e+01	-3.993843e+01	4.065913e+01	-5.491659e-01	-3.938942e+01	4.048744e+01	-5.491302e-01	5.492017e-01	7.207347e-01	-8.059753e+01
4.24          	1.097702e+00	6.993047e-05	-7.987666e+01	-3.993836e+01	4.065882e+01	-5.490093e-01	-3.938951e+01	4.048722e+01	-5.489743e-01	5.490442e-01	7.204858e-01	-8.059715e+01
4.25          	1.097393e+00	6.835135e-05	-7.987653e+01	-3.993830e+01	4.065850e+01	-5.488551e-01	-3.938960e+01	4.048699e+01	-5.488210e-01	5.488893e-01	7.202384e-01	-8.059677e+01
4.26          	1.097090e+00	6.689627e-05	-7.987639e+01	-3.993823e+01	4.065819e+01	-5.487035e-01	-3.938969e+01	4.048678e+01	-5.486700e-01	5.487369e-01	7.199925e-01	-8.059639e+01
4.27          	1.096791e+00	6.559641e-05	-7.987626e+01	-3.993816e+01	4.065788e+01	-5.485542e-01	-3.938977e+01	4.048656e+01	-5.485214e-01	5.485870e-01	7.197482e-01	-8.059601e+01
4.28          	1.096497e+00	6.439558e-05	-7.987613e+01	-3.993810e+01	4.065757e+01	-5.484071e-01	-3.938985e+01	4.048634e+01	-5.483749e-01	5.484393e-01	7.195053e-01	-8.059563e+01
4.29          	1.096207e+00	6.331647e-05	-7.987599e+01	-3.993803e+01	4.065726e+01	-5.482622e-01	-3.938992e+01	4.048613e+01	-5.482305e-01	5.482939e-01	7.192638e-01	-8.059526e+01
4.3           	1.095922e+00	6.228545e-05	-7.987586e+01	-3.993796e+01	4.065695e+01	-5.481196e-01	-3.939000e+01	4.048592e+01	-5.480885e-01	5.481507e-01	7.190238e-01	-8.059488e+01
4.31          	1.095642e+00	6.127426e-05	-7.987572e+01	-3.993789e+01	4.065665e+01	-5.479795e-01	-3.939007e+01	4.048571e+01	-5.479488e-01	5.480101e-01	7.187853e-01	-8.059451e+01
4.32          	1.095367e+00	6.028999e-05	-7.987559e+01	-3.993782e+01	4.065634e+01	-5.478420e-01	-3.939014e+01	4.048551e+01	-5.478118e-01	5.478721e-01	7.185485e-01	-8.059414e+01
4.33          	1.095098e+00	5.933374e-05	-7.987545e+01	-3.993776e+01	4.065604e+01	-5.477072e-01	-3.939021e+01	4.048531e+01	-5.476775e-01	5.477369e-01	7.183134e-01	-8.059376e+01
4.34          	1.094834e+00	5.829588e-05	-7.987532e+01	-3.993769e+01	4.065574e+01	-5.475752e-01	-3.939027e+01	4.048511e+01	-5.475460e-01	5.476043e-01	7.180800e-01	-8.059340e+01
4.35          	1.094576e+00	5.718988e-05	-7.987518e+01	-3.993762e+01	4.065544e+01	-5.474458e-01	-3.939033e+01	4.048491e+01	-5.474172e-01	5.474744e-01	7.178484e-01	-8.059303e+01
4.36          	1.094323e+00	5.598291e-05	-7.987504e+01	-3.993755e+01	4.065514e+01	-5.473192e-01	-3.939039e+01	4.048471e+01	-5.472912e-01	5.473472e-01	7.176185e-01	-8.059266e+01
4.37          	1.094075e+00	5.467872e-05	-7.987491e+01	-3.993748e+01	4.065484e+01	-5.471953e-01	-3.939045e+01	4.048452e+01	-5.471680e-01	5.472227e-01	7.173903e-01	-8.059230e+01
4.38          	1.093833e+00	5.348269e-05	-7.987477e+01	-3.993742e+01	4.065455e+01	-5.470742e-01	-3.939050e+01	4.048433e+01	-5.470475e-01	5.471009e-01	7.171639e-01	-8.059194e+01
4.39          	1.093597e+00	5.244046e-05	-7.987464e+01	-3.993735e+01	4.065426e+01	-5.469558e-01	-3.939055e+01	4.048414e+01	-5.469296e-01	5.469820e-01	7.169392e-01	-8.059158e+01
4.4           	1.093366e+00	5.152845e-05	-7.987450e+01	-3.993728e+01	4.065397e+01	-5.468401e-01	-3.939060e+01	4.048396e+01	-5.468144e-01	5.468659e-01	7.167164e-01	-8.059122e+01
4.41          	1.093140e+00	5.086967e-05	-7.987436e+01	-3.993721e+01	4.065368e+01	-5.467268e-01	-3.939064e+01	4.048378e+01	-5.467014e-01	5.467523e-01	7.164952e-01	-8.059086e+01
4.42          	1.092919e+00	5.020490e-05	-7.987423e+01	-3.993714e+01	4.065339e+01	-5.466160e-01	-3.939068e+01	4.048360e+01	-5.465909e-01	5.466411e-01	7.162756e-01	-8.059050e+01
4.43          	1.092703e+00	4.948970e-05	-7.987409e+01	-3.993707e+01	4.065310e+01	-5.465079e-01	-3.939072e+01	4.048342e+01	-5.464831e-01	5.465326e-01	7.160578e-01	-8.059015e+01
4.44          	1.092493e+00	4.879618e-05	-7.987395e+01	-3.993700e+01	4.065282e+01	-5.464028e-01	-3.939076e+01	4.048325e+01	-5.463784e-01	5.464272e-01	7.158420e-01	-8.058979e+01
4.45          	1.092290e+00	4.818135e-05	-7.987381e+01	-3.993693e+01	4.065254e+01	-5.463007e-01	-3.939079e+01	4.048308e+01	-5.462766e-01	5.463248e-01	7.156282e-01	-8.058944e+01
4.46          	1.092093e+00	4.760935e-05	-7.987368e+01	-3.993686e+01	4.065225e+01	-5.462017e-01	-3.939082e+01	4.048291e+01	-5.461779e-01	5.462255e-01	7.154165e-01	-8.058909e+01
4.47          	1.091902e+00	4.712985e-05	-7.987354e+01	-3.993680e+01	4.065198e+01	-5.461056e-01	-3.939084e+01	4.048275e+01	-5.460821e-01	5.461292e-01	7.152066e-01	-8.058874e+01
4.48          	1.091717e+00	4.662228e-05	-7.987340e+01	-3.993673e+01	4.065170e+01	-5.460123e-01	-3.939087e+01	4.048258e+01	-5.459890e-01	5.460356e-01	7.149986e-01	-8.058840e+01
4.49          	1.091536e+00	4.600495e-05	-7.987326e+01	-3.993666e+01	4.065142e+01	-5.459215e-01	-3.939089e+01	4.048242e+01	-5.458985e-01	5.459445e-01	7.147922e-01	-8.058805e+01
4.5           	1.091361e+00	4.531982e-05	-7.987312e+01	-3.993659e+01	4.065115e+01	-5.458333e-01	-3.939091e+01	4.048227e+01	-5.458106e-01	5.458559e-01	7.145874e-01	-8.058771e+01
4.51          	1.091190e+00	4.466788e-05	-7.987298e+01	-3.993652e+01	4.065088e+01	-5.457477e-01	-3.939092e+01	4.048211e+01	-5.457254e-01	5.457700e-01	7.143843e-01	-8.058737e+01
4.52          	1.091026e+00	4.407607e-05	-7.987284e+01	-3.993645e+01	4.065061e+01	-5.456649e-01	-3.939094e+01	4.048196e+01	-5.456429e-01	5.456870e-01	7.141832e-01	-8.058703e+01
4.53          	1.090867e+00	4.355328e-05	-7.987271e+01	-3.993638e+01	4.065034e+01	-5.455853e-01	-3.939094e+01	4.048181e+01	-5.455635e-01	5.456071e-01	7.139842e-01	-8.058669e+01
4.54          	1.090716e+00	4.305097e-05	-7.987257e+01	-3.993631e+01	4.065007e+01	-5.455089e-01	-3.939095e+01	4.048167e+01	-5.454874e-01	5.455304e-01	7.137874e-01	-8.058635e+01
4.55          	1.090570e+00	4.246055e-05	-7.987243e+01	-3.993624e+01	4.064981e+01	-5.454358e-01	-3.939095e+01	4.048152e+01	-5.454146e-01	5.454570e-01	7.135927e-01	-8.058602e+01
4.56          	1.090431e+00	4.180259e-05	-7.987229e+01	-3.993617e+01	4.064954e+01	-5.453658e-01	-3.939095e+01	4.048138e+01	-5.453449e-01	5.453867e-01	7.134001e-01	-8.058569e+01
4.57          	1.090298e+00	4.118122e-05	-7.987214e+01	-3.993610e+01	4.064928e+01	-5.452985e-01	-3.939095e+01	4.048125e+01	-5.452780e-01	5.453191e-01	7.132093e-01	-8.058535e+01
4.58          	1.090169e+00	4.060218e-05	-7.987200e+01	-3.993603e+01	4.064902e+01	-5.452337e-01	-3.939094e+01	4.048111e+01	-5.452134e-01	5.452540e-01	7.130202e-01	-8.058502e+01
4.59          	1.090045e+00	3.997983e-05	-7.987186e+01	-3.993596e+01	4.064876e+01	-5.451709e-01	-3.939093e+01	4.048098e+01	-5.451509e-01	5.451909e-01	7.128324e-01	-8.058470e+01
4.6           	1.089924e+00	3.940776e-05	-7.987172e+01	-3.993588e+01	4.064851e+01	-5.451100e-01	-3.939092e+01	4.048085e+01	-5.450903e-01	5.451297e-01	7.126459e-01	-8.058437e+01
4.61          	1.089807e+00	3.884066e-05	-7.987158e+01	-3.993581e+01	4.064825e+01	-5.450513e-01	-3.939091e+01	4.048072e+01	-5.450318e-01	5.450707e-01	7.124609e-01	-8.058404e+01
4.62          	1.089696e+00	3.833927e-05	-7.987144e+01	-3.993574e+01	4.064800e+01	-5.449952e-01	-3.939089e+01	4.048059e+01	-5.449760e-01	5.450143e-01	7.122779e-01	-8.058372e+01
4.63          	1.089591e+00	3.798066e-05	-7.987130e+01	-3.993567e+01	4.064775e+01	-5.449420e-01	-3.939088e+01	4.048047e+01	-5.449231e-01	5.449610e-01	7.120968e-01	-8.058339e+01
4.64          	1.089492e+00	3.774674e-05	-7.987115e+01	-3.993560e+01	4.064749e+01	-5.448919e-01	-3.939085e+01	4.048035e+01	-5.448730e-01	5.449108e-01	7.119179e-01	-8.058307e+01
4.65          	1.089399e+00	3.758143e-05	-7.987101e+01	-3.993553e+01	4.064725e+01	-5.448446e-01	-3.939083e+01	4.048023e+01	-5.448258e-01	5.448634e-01	7.117410e-01	-8.058275e+01
4.66          	1.089311e+00	3.742949e-05	-7.987087e+01	-3.993546e+01	4.064700e+01	-5.447998e-01	-3.939080e+01	4.048011e+01	-5.447811e-01	5.448185e-01	7.115659e-01	-8.058243e+01
4.67          	1.089227e+00	3.717865e-05	-7.987072e+01	-3.993538e+01	4.064675e+01	-5.447574e-01	-3.939077e+01	4.048000e+01	-5.447388e-01	5.447760e-01	7.113925e-01	-8.058212e+01
4.68          	1.089149e+00	3.683777e-05	-7.987058e+01	-3.993531e+01	4.064651e+01	-5.447174e-01	-3.939074e+01	4.047989e+01	-5.446990e-01	5.447358e-01	7.112207e-01	-8.058180e+01
4.69          	1.089074e+00	3.638773e-05	-7.987044e+01	-3.993524e+01	4.064627e+01	-5.446795e-01	-3.939070e+01	4.047978e+01	-5.446613e-01	5.446977e-01	7.110505e-01	-8.058149e+01
4.7           	1.089004e+00	3.589384e-05	-7.987029e+01	-3.993517e+01	4.064603e+01	-5.446438e-01	-3.939067e+01	4.047967e+01	-5.446259e-01	5.446617e-01	7.108818e-01	-8.058118e+01
4.71          	1.088938e+00	3.544093e-05	-7.987015e+01	-3.993510e+01	4.064579e+01	-5.446103e-01	-3.939063e+01	4.047957e+01	-5.445926e-01	5.446280e-01	7.107149e-01	-8.058086e+01
4.72          	1.088877e+00	3.512098e-05	-7.987001e+01	-3.993502e+01	4.064555e+01	-5.445791e-01	-3.939059e+01	4.047946e+01	-5.445615e-01	5.445966e-01	7.105497e-01	-8.058056e+01
4.73          	1.088821e+00	3.489512e-05	-7.986986e+01	-3.993495e+01	4.064532e+01	-5.445501e-01	-3.939054e+01	4.047936e+01	-5.445327e-01	5.445676e-01	7.103863e-01	-8.058025e+01
4.74          	1.088769e+00	3.476076e-05	-7.986972e+01	-3.993488e+01	4.064508e+01	-5.445234e-01	-3.939049e+01	4.047926e+01	-5.445060e-01	5.445408e-01	7.102246e-01	-8.057994e+01
4.75          	1.088722e+00	3.462047e-05	-7.986957e+01	-3.993481e+01	4.064485e+01	-5.444990e-01	-3.939045e+01	4.047917e+01	-5.444817e-01	5.445163e-01	7.100646e-01	-8.057964e+01
4.76          	1.088680e+00	3.428150e-05	-7.986943e+01	-3.993473e+01	4.064462e+01	-5.444771e-01	-3.939039e+01	4.047907e+01	-5.444599e-01	5.444942e-01	7.099063e-01	-8.057933e+01
4.77          	1.088641e+00	3.365443e-05	-7.986928e+01	-3.993466e+01	4.064439e+01	-5.444575e-01	-3.939034e+01	4.047898e+01	-5.444407e-01	5.444743e-01	7.097495e-01	-8.057903e+01
4.78          	1.088607e+00	3.278862e-05	-7.986913e+01	-3.993459e+01	4.064416e+01	-5.444402e-01	-3.939028e+01	4.047889e+01	-5.444238e-01	5.444566e-01	7.095942e-01	-8.057873e+01
4.79          	1.088576e+00	3.175311e-05	-7.986899e+01	-3.993451e+01	4.064393e+01	-5.444249e-01	-3.939023e+01	4.047880e+01	-5.444090e-01	5.444407e-01	7.094403e-01	-8.057843e+01
4.8           	1.088549e+00	3.059093e-05	-7.986884e+01	-3.993444e+01	4.064371e+01	-5.444115e-01	-3.939017e+01	4.047872e+01	-5.443962e-01	5.444268e-01	7.092879e-01	-8.057813e+01
4.81          	1.088528e+00	2.928376e-05	-7.986870e+01	-3.993437e+01	4.064349e+01	-5.444006e-01	-3.939010e+01	4.047863e+01	-5.443860e-01	5.444152e-01	7.091374e-01	-8.057783e+01
4.82          	1.088512e+00	2.797000e-05	-7.986855e+01	-3.993429e+01	4.064326e+01	-5.443928e-01	-3.939004e+01	4.047855e+01	-5.443789e-01	5.444068e-01	7.089892e-01	-8.057754e+01
4.83          	1.088504e+00	2.698315e-05	-7.986840e+01	-3.993422e+01	4.064304e+01	-5.443881e-01	-3.938997e+01	4.047847e+01	-5.443746e-01	5.444016e-01	7.088435e-01	-8.057725e+01
4.84          	1.088501e+00	2.657038e-05	-7.986826e+01	-3.993415e+01	4.064283e+01	-5.443859e-01	-3.938990e+01	4.047840e+01	-5.443727e-01	5.443992e-01	7.086999e-01	-8.057695e+01
4.85          	1.088502e+00	2.662520e-05	-7.986811e+01	-3.993407e+01	4.064261e+01	-5.443856e-01	-3.938982e+01	4.047832e+01	-5.443723e-01	5.443989e-01	7.085579e-01	-8.057667e+01
4.86          	1.088506e+00	2.693871e-05	-7.986796e+01	-3.993400e+01	4.064240e+01	-5.443864e-01	-3.938975e+01	4.047825e+01	-5.443729e-01	5.443998e-01	7.084172e-01	-8.057638e+01
4.87          	1.088511e+00	2.722756e-05	-7.986781e+01	-3.993392e+01	4.064218e+01	-5.443881e-01	-3.938967e+01	4.047818e+01	-5.443745e-01	5.444017e-01	7.082774e-01	-8.057609e+01
4.88          	1.088518e+00	2.707748e-05	-7.986766e+01	-3.993385e+01	4.064197e+01	-5.443909e-01	-3.938959e+01	4.047811e+01	-5.443774e-01	5.444045e-01	7.081384e-01	-8.057580e+01
4.89          	1.088528e+00	2.649571e-05	-7.986752e+01	-3.993378e+01	4.064176e+01	-5.443954e-01	-3.938951e+01	4.047804e+01	-5.443821e-01	5.444086e-01	7.080007e-01	-8.057552e+01
4.9           	1.088541e+00	2.552230e-05	-7.986737e+01	-3.993370e+01	4.064155e+01	-5.444018e-01	-3.938943e+01	4.047797e+01	-5.443890e-01	5.444146e-01	7.078645e-01	-8.057523e+01
4.91          	1.088558e+00	2.439772e-05	-7.986722e+01	-3.993363e+01	4.064134e+01	-5.444102e-01	-3.938935e+01	4.047791e+01	-5.443980e-01	5.444224e-01	7.077298e-01	-8.057495e+01
4.92          	1.088579e+00	2.338644e-05	-7.986707e+01	-3.993355e+01	4.064113e+01	-5.444203e-01	-3.938926e+01	4.047784e+01	-5.444086e-01	5.444320e-01	7.075966e-01	-8.057467e+01
4.93          	1.088603e+00	2.259858e-05	-7.986692e+01	-3.993348e+01	4.064093e+01	-5.444320e-01	-3.938918e+01	4.047778e+01	-5.444207e-01	5.444433e-01	7.074649e-01	-8.057439e+01
4.94          	1.088631e+00	2.194454e-05	-7.986677e+01	-3.993340e+01	4.064072e+01	-5.444452e-01	-3.938909e+01	4.047772e+01	-5.444342e-01	5.444562e-01	7.073347e-01	-8.057411e+01
4.95          	1.088661e+00	2.133724e-05	-7.986662e+01	-3.993333e+01	4.064052e+01	-5.444597e-01	-3.938900e+01	4.047766e+01	-5.444491e-01	5.444704e-01	7.072056e-01	-8.057383e+01
4.96          	1.088693e+00	2.073522e-05	-7.986648e+01	-3.993325e+01	4.064032e+01	-5.444754e-01	-3.938891e+01	4.047760e+01	-5.444650e-01	5.444858e-01	7.070777e-01	-8.057355e+01
4.97          	1.088727e+00	2.000709e-05	-7.986633e+01	-3.993318e+01	4.064011e+01	-5.444921e-01	-3.938882e+01	4.047754e+01	-5.444821e-01	5.445021e-01	7.069506e-01	-8.057328e+01
4.98          	1.088763e+00	1.913206e-05	-7.986618e+01	-3.993310e+01	4.063991e+01	-5.445098e-01	-3.938872e+01	4.047749e+01	-5.445003e-01	5.445194e-01	7.068246e-01	-8.057300e+01
4.99          	1.088801e+00	1.824057e-05	-7.986603e+01	-3.993303e+01	4.063971e+01	-5.445286e-01	-3.938863e+01	4.047743e+01	-5.445194e-01	5.445377e-01	7.066995e-01	-8.057273e+01
5             	1.088841e+00	1.730446e-05	-7.986588e+01	-3.993295e+01	4.063952e+01	-5.445484e-01	-3.938853e+01	4.047738e+01	-5.445397e-01	5.445570e-01	7.065755e-01	-8.057246e+01
5.01          	1.088884e+00	1.629231e-05	-7.986573e+01	-3.993288e+01	4.063932e+01	-5.445694e-01	-3.938844e+01	4.047732e+01	-5.445613e-01	5.445776e-01	7.064527e-01	-8.057218e+01
5.02          	1.088929e+00	1.523366e-05	-7.986558e+01	-3.993280e+01	4.063912e+01	-5.445921e-01	-3.938834e+01	4.047727e+01	-5.445844e-01	5.445997e-01	7.063313e-01	-8.057191e+01
5.03          	1.088979e+00	1.409749e-05	-7.986543e+01	-3.993273e+01	4.063893e+01	-5.446165e-01	-3.938824e+01	4.047722e+01	-5.446095e-01	5.446236e-01	7.062115e-01	-8.057164e+01
5.04          	1.089032e+00	1.298074e-05	-7.986528e+01	-3.993265e+01	4.063873e+01	-5.446428e-01	-3.938814e+01	4.047717e+01	-5.446363e-01	5.446493e-01	7.060934e-01	-8.057138e+01
5.05          	1.089089e+00	1.202393e-05	-7.986513e+01	-3.993258e+01	4.063854e+01	-5.446709e-01	-3.938804e+01	4.047712e+01	-5.446649e-01	5.446769e-01	7.059768e-01	-8.057111e+01
5.06          	1.089149e+00	1.123114e-05	-7.986498e+01	-3.993250e+01	4.063835e+01	-5.447004e-01	-3.938793e+01	4.047708e+01	-5.446948e-01	5.447060e-01	7.058616e-01	-8.057085e+01
5.07          	1.089211e+00	1.050734e-05	-7.986483e+01	-3.993243e+01	4.063816e+01	-5.447309e-01	-3.938782e+01	4.047704e+01	-5.447257e-01	5.447362e-01	7.057475e-01	-8.057058e+01
5.08          	1.089275e+00	9.910848e-06	-7.986468e+01	-3.993235e+01	4.063798e+01	-5.447623e-01	-3.938772e+01	4.047699e+01	-5.447573e-01	5.447672e-01	7.056344e-01	-8.057032e+01
5.09          	1.089340e+00	9.506349e-06	-7.986454e+01	-3.993228e+01	4.063779e+01	-5.447940e-01	-3.938761e+01	4.047695e+01	-5.447893e-01	5.447988e-01	7.055220e-01	-8.057006e+01
5.1           	1.089405e+00	9.207231e-06	-7.986439e+01	-3.993221e+01	4.063760e+01	-5.448260e-01	-3.938750e+01	4.047691e+01	-5.448214e-01	5.448306e-01	7.054102e-01	-8.056980e+01
5.11          	1.089470e+00	8.942340e-06	-7.986424e+01	-3.993213e+01	4.063742e+01	-5.448580e-01	-3.938740e+01	4.047687e+01	-5.448535e-01	5.448625e-01	7.052989e-01	-8.056954e+01
5.12          	1.089535e+00	8.619286e-06	-7.986409e+01	-3.993206e+01	4.063723e+01	-5.448901e-01	-3.938729e+01	4.047682e+01	-5.448858e-01	5.448944e-01	7.051880e-01	-8.056928e+01
5.13          	1.089601e+00	8.083367e-06	-7.986394e+01	-3.993198e+01	4.063705e+01	-5.449227e-01	-3.938718e+01	4.047678e+01	-5.449187e-01	5.449268e-01	7.050777e-01	-8.056902e+01
5.14          	1.089669e+00	7.348541e-06	-7.986379e+01	-3.993191e+01	4.063686e+01	-5.449562e-01	-3.938707e+01	4.047674e+01	-5.449525e-01	5.449598e-01	7.049683e-01	-8.056876e+01
5.15          	1.089738e+00	6.699417e-06	-7.986364e+01	-3.993183e+01	4.063668e+01	-5.449904e-01	-3.938696e+01	4.047670e+01	-5.449871e-01	5.449938e-01	7.048599e-01	-8.056850e+01
5.16          	1.089809e+00	6.197730e-06	-7.986350e+01	-3.993176e+01	4.063650e+01	-5.450254e-01	-3.938685e+01	4.047666e+01	-5.450223e-01	5.450285e-01	7.047524e-01	-8.056825e+01
5.17          	1.089881e+00	5.806253e-06	-7.986335e+01	-3.993168e+01	4.063632e+01	-5.450609e-01	-3.938674e+01	4.047662e+01	-5.450580e-01	5.450638e-01	7.046457e-01	-8.056799e+01
5.18          	1.089954e+00	5.469258e-06	-7.986320e+01	-3.993161e+01	4.063614e+01	-5.450967e-01	-3.938663e+01	4.047659e+01	-5.450940e-01	5.450994e-01	7.045396e-01	-8.056774e+01
5.19          	1.090027e+00	5.134275e-06	-7.986305e+01	-3.993154e+01	4.063596e+01	-5.451328e-01	-3.938652e+01	4.047655e+01	-5.451302e-01	5.451353e-01	7.044342e-01	-8.056749e+01
5.2           	1.090101e+00	4.627455e-06	-7.986290e+01	-3.993146e+01	4.063578e+01	-5.451692e-01	-3.938641e+01	4.047651e+01	-5.451669e-01	5.451715e-01	7.043294e-01	-8.056723e+01
5.21          	1.090176e+00	4.241257e-06	-7.986276e+01	-3.993139e+01	4.063560e+01	-5.452059e-01	-3.938630e+01	4.047648e+01	-5.452038e-01	5.452080e-01	7.042253e-01	-8.056698e+01
5.22          	1.090252e+00	4.038019e-06	-7.986261e+01	-3.993132e+01	4.063543e+01	-5.452429e-01	-3.938619e+01	4.047644e+01	-5.452409e-01	5.452450e-01	7.041220e-01	-8.056673e+01
5.23          	1.090329e+00	3.818301e-06	-7.986246e+01	-3.993124e+01	4.063525e+01	-5.452806e-01	-3.938608e+01	4.047641e+01	-5.452787e-01	5.452825e-01	7.040195e-01	-8.056648e+01
5.24          	1.090408e+00	3.400686e-06	-7.986232e+01	-3.993117e+01	4.063508e+01	-5.453192e-01	-3.938596e+01	4.047637e+01	-5.453175e-01	5.453209e-01	7.039179e-01	-8.056624e+01
5.25          	1.090487e+00	2.692099e-06	-7.986217e+01	-3.993109e+01	4.063490e+01	-5.453587e-01	-3.938585e+01	4.047634e+01	-5.453573e-01	5.453600e-01	7.038171e-01	-8.056599e+01
5.26          	1.090569e+00	1.607520e-06	-7.986202e+01	-3.993102e+01	4.063473e+01	-5.453992e-01	-3.938574e+01	4.047631e+01	-5.453984e-01	5.454001e-01	7.037171e-01	-8.056574e+01
5.27          	1.090651e+00	1.905447e-07	-7.986188e+01	-3.993095e+01	4.063456e+01	-5.454408e-01	-3.938562e+01	4.047627e+01	-5.454407e-01	5.454409e-01	7.036180e-01	-8.056550e+01
5.28          	1.090736e+00	-1.344531e-06	-7.986173e+01	-3.993087e+01	4.063439e+01	-5.454832e-01	-3.938551e+01	4.047624e+01	-5.454839e-01	5.454825e-01	7.035197e-01	-8.056525e+01
5.29          	1.090822e+00	-2.805352e-06	-7.986159e+01	-3.993080e+01	4.063422e+01	-5.455263e-01	-3.938539e+01	4.047621e+01	-5.455277e-01	5.455249e-01	7.034223e-01	-8.056501e+01
5.3           	1.090910e+00	-4.105315e-06	-7.986144e+01	-3.993073e+01	4.063405e+01	-5.455702e-01	-3.938527e+01	4.047618e+01	-5.455723e-01	5.455682e-01	7.033259e-01	-8.056477e+01
5.31          	1.090999e+00	-5.249423e-06	-7.986130e+01	-3.993066e+01	4.063388e+01	-5.456147e-01	-3.938516e+01	4.047616e+01	-5.456174e-01	5.456121e-01	7.032303e-01	-8.056453e+01
5.32          	1.091090e+00	-6.309731e-06	-7.986115e+01	-3.993058e+01	4.063371e+01	-5.456599e-01	-3.938504e+01	4.047613e+01	-5.456630e-01	5.456567e-01	7.031355e-01	-8.056429e+01
5.33          	1.091182e+00	-7.177715e-06	-7.986101e+01	-3.993051e+01	4.063355e+01	-5.457055e-01	-3.938492e+01	4.047610e+01	-5.457091e-01	5.457019e-01	7.030416e-01	-8.056405e+01
5.34          	1.091276e+00	-7.905512e-06	-7.986086e+01	-3.993044e+01	4.063338e+01	-5.457517e-01	-3.938480e+01	4.047608e+01	-5.457556e-01	5.457477e-01	7.029484e-01	-8.056381e+01
5.35          	1.091370e+00	-8.614366e-06	-7.986072e+01	-3.993037e+01	4.063322e+01	-5.457983e-01	-3.938468e+01	4.047605e+01	-5.458026e-01	5.457939e-01	7.028558e-01	-8.056358e+01
5.36          	1.091465e+00	-9.360604e-06	-7.986058e+01	-3.993029e+01	4.063305e+01	-5.458453e-01	-3.938456e+01	4.047603e+01	-5.458500e-01	5.458407e-01	7.027639e-01	-8.056334e+01
5.37          	1.091561e+00	-1.029003e-05	-7.986043e+01	-3.993022e+01	4.063289e+01	-5.458930e-01	-3.938444e+01	4.047600e+01	-5.458981e-01	5.458879e-01	7.026727e-01	-8.056311e+01
5.38          	1.091657e+00	-1.138161e-05	-7.986029e+01	-3.993015e+01	4.063273e+01	-5.459413e-01	-3.938432e+01	4.047598e+01	-5.459470e-01	5.459356e-01	7.025822e-01	-8.056287e+01
5.39          	1.091755e+00	-1.253623e-05	-7.986015e+01	-3.993008e+01	4.063257e+01	-5.459900e-01	-3.938420e+01	4.047596e+01	-5.459963e-01	5.459838e-01	7.024922e-01	-8.056264e+01
5.4           	1.091853e+00	-1.356953e-05	-7.986001e+01	-3.993001e+01	4.063241e+01	-5.460389e-01	-3.938408e+01	4.047593e+01	-5.460457e-01	5.460321e-01	7.024028e-01	-8.056241e+01
5.41          	1.091952e+00	-1.451960e-05	-7.985987e+01	-3.992994e+01	4.063225e+01	-5.460878e-01	-3.938396e+01	4.047591e+01	-5.460951e-01	5.460806e-01	7.023139e-01	-8.056218e+01
5.42          	1.092051e+00	-1.546978e-05	-7.985972e+01	-3.992987e+01	4.063209e+01	-5.461368e-01	-3.938384e+01	4.047589e+01	-5.461446e-01	5.461291e-01	7.022254e-01	-8.056195e+01
5.43          	1.092150e+00	-1.643282e-05	-7.985958e+01	-3.992979e+01	4.063193e+01	-5.461859e-01	-3.938372e+01	4.047587e+01	-5.461941e-01	5.461777e-01	7.021374e-01	-8.056172e+01
5.44          	1.092250e+00	-1.743257e-05	-7.985944e+01	-3.992972e+01	4.063177e+01	-5.462353e-01	-3.938360e+01	4.047585e+01	-5.462440e-01	5.462266e-01	7.020499e-01	-8.056149e+01
5.45          	1.092350e+00	-1.848299e-05	-7.985930e+01	-3.992965e+01	4.063161e+01	-5.462851e-01	-3.938348e+01	4.047583e+01	-5.462943e-01	5.462758e-01	7.019630e-01	-8.056127e+01
5.46          	1.092451e+00	-1.967797e-05	-7.985916e+01	-3.992958e+01	4.063146e+01	-5.463352e-01	-3.938336e+01	4.047581e+01	-5.463451e-01	5.463254e-01	7.018767e-01	-8.056104e+01
5.47          	1.092553e+00	-2.100305e-05	-7.985902e+01	-3.992951e+01	4.063130e+01	-5.463861e-01	-3.938324e+01	4.047579e+01	-5.463966e-01	5.463756e-01	7.017911e-01	-8.056081e+01
5.48          	1.092656e+00	-2.229981e-05	-7.985888e+01	-3.992944e+01	4.063115e+01	-5.464376e-01	-3.938311e+01	4.047577e+01	-5.464487e-01	5.464264e-01	7.017063e-01	-8.056059e+01
5.49          	1.092760e+00	-2.343687e-05	-7.985875e+01	-3.992937e+01	4.063099e+01	-5.464897e-01	-3.938299e+01	4.047575e+01	-5.465014e-01	5.464780e-01	7.016222e-01	-8.056037e+01
5.5           	1.092866e+00	-2.449522e-05	-7.985861e+01	-3.992930e+01	4.063084e+01	-5.465425e-01	-3.938287e+01	4.047574e+01	-5.465548e-01	5.465303e-01	7.015388e-01	-8.056015e+01
5.51          	1.092973e+00	-2.555402e-05	-7.985847e+01	-3.992923e+01	4.063069e+01	-5.465961e-01	-3.938275e+01	4.047572e+01	-5.466088e-01	5.465833e-01	7.014563e-01	-8.055993e+01
5.52          	1.093082e+00	-2.660080e-05	-7.985833e+01	-3.992916e+01	4.063054e+01	-5.466502e-01	-3.938262e+01	4.047571e+01	-5.466635e-01	5.466369e-01	7.013744e-01	-8.055971e+01
5.53          	1.093192e+00	-2.760244e-05	-7.985819e+01	-3.992910e+01	4.063039e+01	-5.467048e-01	-3.938250e+01	4.047569e+01	-5.467186e-01	5.466910e-01	7.012933e-01	-8.055949e+01
5.54          	1.093303e+00	-2.840315e-05	-7.985806e+01	-3.992903e+01	4.063024e+01	-5.467600e-01	-3.938238e+01	4.047568e+01	-5.467742e-01	5.467458e-01	7.012128e-01	-8.055927e+01
5.55          	1.093415e+00	-2.890971e-05	-7.985792e+01	-3.992896e+01	4.063009e+01	-5.468160e-01	-3.938225e+01	4.047567e+01	-5.468304e-01	5.468015e-01	7.011332e-01	-8.055905e+01
5.56          	1.093531e+00	-2.896905e-05	-7.985779e+01	-3.992889e+01	4.062995e+01	-5.468731e-01	-3.938213e+01	4.047566e+01	-5.468876e-01	5.468586e-01	7.010548e-01	-8.055884e+01
5.57          	1.093650e+00	-2.886025e-05	-7.985765e+01	-3.992882e+01	4.062980e+01	-5.469320e-01	-3.938200e+01	4.047565e+01	-5.469464e-01	5.469175e-01	7.009778e-01	-8.055863e+01
5.58          	1.093772e+00	-2.891468e-05	-7.985751e+01	-3.992876e+01	4.062966e+01	-5.469928e-01	-3.938187e+01	4.047564e+01	-5.470073e-01	5.469783e-01	7.009023e-01	-8.055842e+01
5.59          	1.093898e+00	-2.941275e-05	-7.985738e+01	-3.992869e+01	4.062952e+01	-5.470554e-01	-3.938174e+01	4.047564e+01	-5.470701e-01	5.470407e-01	7.008282e-01	-8.055821e+01
5.6           	1.094027e+00	-3.052386e-05	-7.985724e+01	-3.992862e+01	4.062938e+01	-5.471195e-01	-3.938161e+01	4.047563e+01	-5.471347e-01	5.471042e-01	7.007552e-01	-8.055800e+01
5.61          	1.094156e+00	-3.227127e-05	-7.985711e+01	-3.992855e+01	4.062924e+01	-5.471841e-01	-3.938147e+01	4.047563e+01	-5.472002e-01	5.471679e-01	7.006828e-01	-8.055779e+01
5.62          	1.094285e+00	-3.437540e-05	-7.985698e+01	-3.992848e+01	4.062910e+01	-5.472487e-01	-3.938134e+01	4.047563e+01	-5.472659e-01	5.472315e-01	7.006105e-01	-8.055759e+01
5.63          	1.094413e+00	-3.636501e-05	-7.985684e+01	-3.992842e+01	4.062896e+01	-5.473126e-01	-3.938121e+01	4.047562e+01	-5.473308e-01	5.472945e-01	7.005383e-01	-8.055738e+01
5.64          	1.094539e+00	-3.809046e-05	-7.985671e+01	-3.992835e+01	4.062882e+01	-5.473757e-01	-3.938108e+01	4.047562e+01	-5.473947e-01	5.473566e-01	7.004658e-01	-8.055718e+01
5.65          	1.094663e+00	-3.941991e-05	-7.985658e+01	-3.992828e+01	4.062868e+01	-5.474379e-01	-3.938095e+01	4.047561e+01	-5.474576e-01	5.474181e-01	7.003932e-01	-8.055697e+01
5.66          	1.094787e+00	-4.046767e-05	-7.985645e+01	-3.992822e+01	4.062854e+01	-5.474996e-01	-3.938082e+01	4.047561e+01	-5.475199e-01	5.474794e-01	7.003208e-01	-8.055677e+01
5.67          	1.094912e+00	-4.150109e-05	-7.985631e+01	-3.992815e+01	4.062841e+01	-5.475616e-01	-3.938069e+01	4.047561e+01	-5.475824e-01	5.475409e-01	7.002488e-01	-8.055656e+01
5.68          	1.095038e+00	-4.268417e-05	-7.985618e+01	-3.992808e+01	4.062827e+01	-5.476244e-01	-3.938057e+01	4.047560e+01	-5.476457e-01	5.476030e-01	7.001775e-01	-8.055636e+01
5.69          	1.095165e+00	-4.408980e-05	-7.985605e+01	-3.992802e+01	4.062813e+01	-5.476882e-01	-3.938044e+01	4.047560e+01	-5.477103e-01	5.476662e-01	7.001071e-01	-8.055616e+01
5.7           	1.095295e+00	-4.575952e-05	-7.985592e+01	-3.992795e+01	4.062800e+01	-5.477533e-01	-3.938031e+01	4.047560e+01	-5.477762e-01	5.477304e-01	7.000378e-01	-8.055596e+01
5.71          	1.095427e+00	-4.758370e-05	-7.985579e+01	-3.992789e+01	4.062787e+01	-5.478194e-01	-3.938017e+01	4.047560e+01	-5.478432e-01	5.477956e-01	6.999694e-01	-8.055576e+01
5.72          	1.095560e+00	-4.944754e-05	-7.985566e+01	-3.992782e+01	4.062773e+01	-5.478863e-01	-3.938004e+01	4.047560e+01	-5.479110e-01	5.478616e-01	6.999017e-01	-8.055557e+01
5.73          	1.095694e+00	-5.125603e-05	-7.985554e+01	-3.992776e+01	4.062760e+01	-5.479535e-01	-3.937991e+01	4.047560e+01	-5.479792e-01	5.479279e-01	6.998347e-01	-8.055537e+01
5.74          	1.095829e+00	-5.296924e-05	-7.985541e+01	-3.992769e+01	4.062747e+01	-5.480209e-01	-3.937978e+01	4.047561e+01	-5.480474e-01	5.479944e-01	6.997681e-01	-8.055518e+01
5.75          	1.095963e+00	-5.453114e-05	-7.985528e+01	-3.992763e+01	4.062734e+01	-5.480880e-01	-3.937965e+01	4.047561e+01	-5.481153e-01	5.480608e-01	6.997017e-01	-8.055498e+01
5.76          	1.096097e+00	-5.593313e-05	-7.985515e+01	-3.992756e+01	4.062721e+01	-5.481549e-01	-3.937952e+01	4.047561e+01	-5.481829e-01	5.481270e-01	6.996356e-01	-8.055479e+01
5.77          	1.096231e+00	-5.707840e-05	-7.985503e+01	-3.992750e+01	4.062708e+01	-5.482220e-01	-3.937939e+01	4.047562e+01	-5.482505e-01	5.481934e-01	6.995700e-01	-8.055460e+01
5.78          	1.096366e+00	-5.805901e-05	-7.985490e+01	-3.992744e+01	4.062696e+01	-5.482895e-01	-3.937925e+01	4.047562e+01	-5.483185e-01	5.482605e-01	6.995051e-01	-8.055440e+01
5.79          	1.096503e+00	-5.909134e-05	-7.985477e+01	-3.992737e+01	4.062683e+01	-5.483579e-01	-3.937912e+01	4.047563e+01	-5.483874e-01	5.483283e-01	6.994409e-01	-8.055422e+01
5.8           	1.096642e+00	-6.020239e-05	-7.985465e+01	-3.992731e+01	4.062670e+01	-5.484269e-01	-3.937899e+01	4.047563e+01	-5.484570e-01	5.483968e-01	6.993775e-01	-8.055403e+01
5.81          	1.096780e+00	-6.151420e-05	-7.985452e+01	-3.992725e+01	4.062658e+01	-5.484962e-01	-3.937886e+01	4.047564e+01	-5.485270e-01	5.484655e-01	6.993145e-01	-8.055384e+01
5.82          	1.096919e+00	-6.303427e-05	-7.985440e+01	-3.992719e+01	4.062645e+01	-5.485657e-01	-3.937873e+01	4.047564e+01	-5.485973e-01	5.485342e-01	6.992519e-01	-8.055365e+01
5.83          	1.097058e+00	-6.456616e-05	-7.985428e+01	-3.992712e+01	4.062633e+01	-5.486353e-01	-3.937859e+01	4.047565e+01	-5.486676e-01	5.486030e-01	6.991896e-01	-8.055346e+01
5.84          	1.097198e+00	-6.586273e-05	-7.985415e+01	-3.992706e+01	4.062620e+01	-5.487053e-01	-3.937846e+01	4.047566e+01	-5.487382e-01	5.486723e-01	6.991278e-01	-8.055328e+01
5.85          	1.097340e+00	-6.665894e-05	-7.985403e+01	-3.992700e+01	4.062608e+01	-5.487760e-01	-3.937833e+01	4.047567e+01	-5.488094e-01	5.487427e-01	6.990671e-01	-8.055310e+01
5.86          	1.097485e+00	-6.709804e-05	-7.985391e+01	-3.992694e+01	4.062596e+01	-5.488484e-01	-3.937819e+01	4.047568e+01	-5.488820e-01	5.488149e-01	6.990077e-01	-8.055291e+01
5.87          	1.097635e+00	-6.747868e-05	-7.985378e+01	-3.992688e+01	4.062584e+01	-5.489230e-01	-3.937806e+01	4.047569e+01	-5.489568e-01	5.488893e-01	6.989501e-01	-8.055273e+01
5.88          	1.097789e+00	-6.810228e-05	-7.985366e+01	-3.992681e+01	4.062573e+01	-5.489999e-01	-3.937792e+01	4.047571e+01	-5.490339e-01	5.489658e-01	6.988942e-01	-8.055256e+01
5.89          	1.097947e+00	-6.891579e-05	-7.985354e+01	-3.992675e+01	4.062561e+01	-5.490785e-01	-3.937778e+01	4.047573e+01	-5.491129e-01	5.490440e-01	6.988397e-01	-8.055238e+01
5.9           	1.098106e+00	-6.987861e-05	-7.985342e+01	-3.992669e+01	4.062550e+01	-5.491581e-01	-3.937764e+01	4.047575e+01	-5.491930e-01	5.491231e-01	6.987861e-01	-8.055220e+01
5.91          	1.098267e+00	-7.115961e-05	-7.985330e+01	-3.992663e+01	4.062538e+01	-5.492381e-01	-3.937750e+01	4.047576e+01	-5.492737e-01	5.492025e-01	6.987330e-01	-8.055203e+01
5.92          	1.098426e+00	-7.221736e-05	-7.985318e+01	-3.992657e+01	4.062527e+01	-5.493174e-01	-3.937736e+01	4.047578e+01	-5.493535e-01	5.492813e-01	6.986799e-01	-8.055186e+01
5.93          	1.098582e+00	-7.326277e-05	-7.985306e+01	-3.992651e+01	4.062516e+01	-5.493955e-01	-3.937722e+01	4.047580e+01	-5.494321e-01	5.493588e-01	6.986262e-01	-8.055168e+01
5.94          	1.098736e+00	-7.450359e-05	-7.985294e+01	-3.992645e+01	4.062504e+01	-5.494722e-01	-3.937708e+01	4.047582e+01	-5.495095e-01	5.494350e-01	6.985719e-01	-8.055151e+01
5.95          	1.098887e+00	-7.600486e-05	-7.985282e+01	-3.992639e+01	4.062493e+01	-5.495482e-01	-3.937695e+01	4.047583e+01	-5.495862e-01	5.495102e-01	6.985174e-01	-8.055134e+01
5.96          	1.099038e+00	-7.767816e-05	-7.985270e+01	-3.992633e+01	4.062481e+01	-5.496239e-01	-3.937681e+01	4.047585e+01	-5.496627e-01	5.495850e-01	6.984629e-01	-8.055117e+01
5.97          	1.099190e+00	-7.937933e-05	-7.985259e+01	-3.992627e+01	4.062470e+01	-5.497000e-01	-3.937668e+01	4.047587e+01	-5.497396e-01	5.496603e-01	6.984090e-01	-8.055099e+01
5.98          	1.099343e+00	-8.104872e-05	-7.985247e+01	-3.992621e+01	4.062459e+01	-5.497770e-01	-3.937654e+01	4.047588e+01	-5.498175e-01	5.497365e-01	6.983560e-01	-8.055082e+01
5.99          	1.099499e+00	-8.258148e-05	-7.985235e+01	-3.992615e+01	4.062448e+01	-5.498551e-01	-3.937640e+01	4.047590e+01	-5.498964e-01	5.498138e-01	6.983040e-01	-8.055066e+01
6             	1.099657e+00	-8.397848e-05	-7.985224e+01	-3.992610e+01	4.062437e+01	-5.499340e-01	-3.937627e+01	4.047592e+01	-5.499760e-01	5.498921e-01	6.982530e-01	-8.055049e+01
6.01          	1.099815e+00	-8.498459e-05	-7.985212e+01	-3.992604e+01	4.062426e+01	-5.500133e-01	-3.937613e+01	4.047594e+01	-5.500558e-01	5.499708e-01	6.982025e-01	-8.055032e+01
6.02          	1.099974e+00	-8.564799e-05	-7.985201e+01	-3.992598e+01	4.062416e+01	-5.500924e-01	-3.937599e+01	4.047597e+01	-5.501353e-01	5.500496e-01	6.981524e-01	-8.055016e+01
6.03          	1.100132e+00	-8.652178e-05	-7.985189e+01	-3.992592e+01	4.062405e+01	-5.501715e-01	-3.937586e+01	4.047599e+01	-5.502148e-01	5.501282e-01	6.981025e-01	-8.054999e+01
6.04          	1.100290e+00	-8.791116e-05	-7.985178e+01	-3.992586e+01	4.062394e+01	-5.502506e-01	-3.937572e+01	4.047601e+01	-5.502945e-01	5.502066e-01	6.980527e-01	-8.054983e+01
6.05          	1.100448e+00	-8.982765e-05	-7.985166e+01	-3.992581e+01	4.062383e+01	-5.503299e-01	-3.937558e+01	4.047603e+01	-5.503749e-01	5.502850e-01	6.980032e-01	-8.054967e+01
6.06          	1.100606e+00	-9.219396e-05	-7.985155e+01	-3.992575e+01	4.062373e+01	-5.504099e-01	-3.937545e+01	4.047605e+01	-5.504560e-01	5.503638e-01	6.979543e-01	-8.054950e+01
6.07          	1.100766e+00	-9.485680e-05	-7.985144e+01	-3.992569e+01	4.062363e+01	-5.504909e-01	-3.937531e+01	4.047608e+01	-5.505383e-01	5.504434e-01	6.979063e-01	-8.054934e+01
6.08          	1.100929e+00	-9.757345e-05	-7.985133e+01	-3.992564e+01	4.062352e+01	-5.505731e-01	-3.937517e+01	4.047610e+01	-5.506219e-01	5.505243e-01	6.978593e-01	-8.054918e+01
6.09          	1.101095e+00	-9.998943e-05	-7.985121e+01	-3.992558e+01	4.062342e+01	-5.506568e-01	-3.937503e+01	4.047613e+01	-5.507068e-01	5.506068e-01	6.978137e-01	-8.054903e+01
6.1           	1.101264e+00	-1.014753e-04	-7.985110e+01	-3.992552e+01	4.062332e+01	-5.507417e-01	-3.937489e+01	4.047615e+01	-5.507924e-01	5.506909e-01	6.977694e-01	-8.054887e+01
6.11          	1.101435e+00	-1.024188e-04	-7.985099e+01	-3.992547e+01	4.062322e+01	-5.508274e-01	-3.937475e+01	4.047618e+01	-5.508786e-01	5.507762e-01	6.977261e-01	-8.054872e+01
6.12          	1.101609e+00	-1.032542e-04	-7.985088e+01	-3.992541e+01	4.062312e+01	-5.509141e-01	-3.937461e+01	4.047621e+01	-5.509657e-01	5.508624e-01	6.976838e-01	-8.054856e+01
6.13          	1.101783e+00	-1.044089e-04	-7.985077e+01	-3.992535e+01	4.062303e+01	-5.510015e-01	-3.937446e+01	4.047625e+01	-5.510537e-01	5.509493e-01	6.976422e-01	-8.054841e+01
6.14          	1.101958e+00	-1.060108e-04	-7.985066e+01	-3.992530e+01	4.062293e+01	-5.510895e-01	-3.937432e+01	4.047628e+01	-5.511425e-01	5.510365e-01	6.976011e-01	-8.054826e+01
6.15          	1.102134e+00	-1.081004e-04	-7.985055e+01	-3.992524e+01	4.062284e+01	-5.511779e-01	-3.937418e+01	4.047631e+01	-5.512320e-01	5.511239e-01	6.975604e-01	-8.054811e+01
6.16          	1.102309e+00	-1.105283e-04	-7.985044e+01	-3.992519e+01	4.062274e+01	-5.512664e-01	-3.937403e+01	4.047634e+01	-5.513216e-01	5.512111e-01	6.975200e-01	-8.054796e+01
6.17          	1.102484e+00	-1.127433e-04	-7.985033e+01	-3.992513e+01	4.062265e+01	-5.513545e-01	-3.937389e+01	4.047638e+01	-5.514108e-01	5.512981e-01	6.974797e-01	-8.054781e+01
6.18          	1.102659e+00	-1.145631e-04	-7.985023e+01	-3.992508e+01	4.062255e+01	-5.514421e-01	-3.937375e+01	4.047641e+01	-5.514994e-01	5.513848e-01	6.974396e-01	-8.054767e+01
6.19          	1.102833e+00	-1.162374e-04	-7.985012e+01	-3.992502e+01	4.062246e+01	-5.515296e-01	-3.937361e+01	4.047644e+01	-5.515877e-01	5.514715e-01	6.973998e-01	-8.054752e+01
6.2           	1.103009e+00	-1.179407e-04	-7.985001e+01	-3.992497e+01	4.062237e+01	-5.516177e-01	-3.937347e+01	4.047648e+01	-5.516767e-01	5.515587e-01	6.973606e-01	-8.054737e+01
6.21          	1.103186e+00	-1.197862e-04	-7.984991e+01	-3.992492e+01	4.062228e+01	-5.517070e-01	-3.937332e+01	4.047651e+01	-5.517669e-01	5.516471e-01	6.973224e-01	-8.054723e+01
6.22          	1.103366e+00	-1.217807e-04	-7.984980e+01	-3.992486e+01	4.062218e+01	-5.517976e-01	-3.937318e+01	4.047655e+01	-5.518585e-01	5.517367e-01	6.972854e-01	-8.054708e+01
6.23          	1.103549e+00	-1.234859e-04	-7.984969e+01	-3.992481e+01	4.062210e+01	-5.518892e-01	-3.937304e+01	4.047658e+01	-5.519510e-01	5.518275e-01	6.972493e-01	-8.054694e+01
6.24          	1.103732e+00	-1.248274e-04	-7.984959e+01	-3.992476e+01	4.062201e+01	-5.519813e-01	-3.937289e+01	4.047662e+01	-5.520438e-01	5.519189e-01	6.972140e-01	-8.054680e+01
6.25          	1.103917e+00	-1.261655e-04	-7.984948e+01	-3.992470e+01	4.062192e+01	-5.520737e-01	-3.937274e+01	4.047666e+01	-5.521367e-01	5.520106e-01	6.971792e-01	-8.054666e+01
6.26          	1.104101e+00	-1.277457e-04	-7.984938e+01	-3.992465e+01	4.062183e+01	-5.521662e-01	-3.937260e+01	4.047670e+01	-5.522301e-01	5.521024e-01	6.971448e-01	-8.054652e+01
6.27          	1.104286e+00	-1.294443e-04	-7.984927e+01	-3.992460e+01	4.062175e+01	-5.522589e-01	-3.937245e+01	4.047674e+01	-5.523236e-01	5.521941e-01	6.971107e-01	-8.054639e+01
6.28          	1.104470e+00	-1.306733e-04	-7.984917e+01	-3.992455e+01	4.062166e+01	-5.523511e-01	-3.937231e+01	4.047678e+01	-5.524165e-01	5.522858e-01	6.970769e-01	-8.054625e+01
6.29          	1.104655e+00	-1.312522e-04	-7.984907e+01	-3.992449e+01	4.062158e+01	-5.524430e-01	-3.937217e+01	4.047682e+01	-5.525086e-01	5.523774e-01	6.970434e-01	-8.054611e+01
6.3           	1.104839e+00	-1.310631e-04	-7.984896e+01	-3.992444e+01	4.062149e+01	-5.525345e-01	-3.937202e+01	4.047686e+01	-5.526000e-01	5.524690e-01	6.970103e-01	-8.054597e+01
6.31          	1.105024e+00	-1.301256e-04	-7.984886e+01	-3.992439e+01	4.062141e+01	-5.526255e-01	-3.937188e+01	4.047690e+01	-5.526906e-01	5.525604e-01	6.969775e-01	-8.054584e+01
6.32          	1.105209e+00	-1.296063e-04	-7.984876e+01	-3.992434e+01	4.062132e+01	-5.527167e-01	-3.937173e+01	4.047694e+01	-5.527815e-01	5.526519e-01	6.969450e-01	-8.054570e+01
6.33          	1.105393e+00	-1.304822e-04	-7.984866e+01	-3.992429e+01	4.062124e+01	-5.528087e-01	-3.937159e+01	4.047698e+01	-5.528740e-01	5.527435e-01	6.969127e-01	-8.054557e+01
6.34          	1.105577e+00	-1.330011e-04	-7.984856e+01	-3.992424e+01	4.062116e+01	-5.529017e-01	-3.937145e+01	4.047702e+01	-5.529682e-01	5.528352e-01	6.968808e-01	-8.054544e+01
6.35          	1.105763e+00	-1.367092e-04	-7.984846e+01	-3.992418e+01	4.062108e+01	-5.529959e-01	-3.937130e+01	4.047707e+01	-5.530642e-01	5.529275e-01	6.968494e-01	-8.054530e+01
6.36          	1.105949e+00	-1.409128e-04	-7.984835e+01	-3.992413e+01	4.062100e+01	-5.530912e-01	-3.937116e+01	4.047711e+01	-5.531617e-01	5.530208e-01	6.968188e-01	-8.054517e+01
6.37          	1.106138e+00	-1.449640e-04	-7.984825e+01	-3.992408e+01	4.062092e+01	-5.531877e-01	-3.937101e+01	4.047715e+01	-5.532602e-01	5.531152e-01	6.967893e-01	-8.054504e+01
6.38          	1.106330e+00	-1.484109e-04	-7.984815e+01	-3.992403e+01	4.062084e+01	-5.532852e-01	-3.937086e+01	4.047719e+01	-5.533594e-01	5.532109e-01	6.967610e-01	-8.054492e+01
6.39          	1.106524e+00	-1.510227e-04	-7.984805e+01	-3.992398e+01	4.062076e+01	-5.533831e-01	-3.937072e+01	4.047724e+01	-5.534586e-01	5.533076e-01	6.967337e-01	-8.054479e+01
6.4           	1.106719e+00	-1.528389e-04	-7.984796e+01	-3.992393e+01	4.062069e+01	-5.534813e-01	-3.937057e+01	4.047729e+01	-5.535577e-01	5.534048e-01	6.967072e-01	-8.054466e+01
6.41          	1.106916e+00	-1.540758e-04	-7.984786e+01	-3.992388e+01	4.062061e+01	-5.535794e-01	-3.937042e+01	4.047734e+01	-5.536564e-01	5.535024e-01	6.966813e-01	-8.054454e+01
6.42          	1.107112e+00	-1.550793e-04	-7.984776e+01	-3.992383e+01	4.062053e+01	-5.536775e-01	-3.937027e+01	4.047739e+01	-5.537550e-01	5.535999e-01	6.966558e-01	-8.054441e+01
6.43          	1.107309e+00	-1.561813e-04	-7.984766e+01	-3.992378e+01	4.062046e+01	-5.537756e-01	-3.937013e+01	4.047743e+01	-5.538537e-01	5.536975e-01	6.966306e-01	-8.054429e+01
6.44          	1.107506e+00	-1.575244e-04	-7.984756e+01	-3.992373e+01	4.062039e+01	-5.538739e-01	-3.936998e+01	4.047748e+01	-5.539527e-01	5.537952e-01	6.966056e-01	-8.054417e+01
6.45          	1.107702e+00	-1.591382e-04	-7.984746e+01	-3.992368e+01	4.062031e+01	-5.539722e-01	-3.936983e+01	4.047753e+01	-5.540518e-01	5.538927e-01	6.965809e-01	-8.054405e+01
6.46          	1.107898e+00	-1.610418e-04	-7.984737e+01	-3.992363e+01	4.062024e+01	-5.540706e-01	-3.936968e+01	4.047758e+01	-5.541511e-01	5.539901e-01	6.965564e-01	-8.054392e+01
6.47          	1.108094e+00	-1.631741e-04	-7.984727e+01	-3.992358e+01	4.062017e+01	-5.541694e-01	-3.936954e+01	4.047763e+01	-5.542509e-01	5.540878e-01	6.965323e-01	-8.054380e+01
6.48          	1.108291e+00	-1.652947e-04	-7.984717e+01	-3.992353e+01	4.062010e+01	-5.542684e-01	-3.936939e+01	4.047768e+01	-5.543511e-01	5.541858e-01	6.965087e-01	-8.054368e+01
6.49          	1.108489e+00	-1.673141e-04	-7.984708e+01	-3.992348e+01	4.062003e+01	-5.543678e-01	-3.936924e+01	4.047773e+01	-5.544514e-01	5.542841e-01	6.964856e-01	-8.054356e+01
6.5           	1.108687e+00	-1.692629e-04	-7.984698e+01	-3.992344e+01	4.061995e+01	-5.544673e-01	-3.936909e+01	4.047778e+01	-5.545520e-01	5.543827e-01	6.964630e-01	-8.054345e+01
6.51          	1.108887e+00	-1.712976e-04	-7.984689e+01	-3.992339e+01	4.061988e+01	-5.545676e-01	-3.936894e+01	4.047783e+01	-5.546532e-01	5.544819e-01	6.964411e-01	-8.054333e+01
6.52          	1.109087e+00	-1.734450e-04	-7.984679e+01	-3.992334e+01	4.061982e+01	-5.546686e-01	-3.936880e+01	4.047788e+01	-5.547553e-01	5.545818e-01	6.964197e-01	-8.054321e+01
6.53          	1.109288e+00	-1.757216e-04	-7.984670e+01	-3.992329e+01	4.061975e+01	-5.547701e-01	-3.936865e+01	4.047794e+01	-5.548580e-01	5.546823e-01	6.963987e-01	-8.054310e+01
6.54          	1.109491e+00	-1.779100e-04	-7.984660e+01	-3.992324e+01	4.061968e+01	-5.548723e-01	-3.936850e+01	4.047799e+01	-5.549612e-01	5.547833e-01	6.963785e-01	-8.054298e+01
6.55          	1.109694e+00	-1.798532e-04	-7.984651e+01	-3.992320e+01	4.061961e+01	-5.549745e-01	-3.936835e+01	4.047804e+01	-5.550645e-01	5.548846e-01	6.963587e-01	-8.054287e+01
6.56          	1.109898e+00	-1.815671e-04	-7.984642e+01	-3.992315e+01	4.061955e+01	-5.550768e-01	-3.936820e+01	4.047810e+01	-5.551676e-01	5.549860e-01	6.963394e-01	-8.054275e+01
6.57          	1.110102e+00	-1.830554e-04	-7.984632e+01	-3.992310e+01	4.061948e+01	-5.551789e-01	-3.936805e+01	4.047815e+01	-5.552704e-01	5.550874e-01	6.963205e-01	-8.054264e+01
6.58          	1.110306e+00	-1.843183e-04	-7.984623e+01	-3.992305e+01	4.061942e+01	-5.552805e-01	-3.936790e+01	4.047821e+01	-5.553727e-01	5.551884e-01	6.963017e-01	-8.054253e+01
6.59          	1.110509e+00	-1.856560e-04	-7.984614e+01	-3.992301e+01	4.061935e+01	-5.553819e-01	-3.936775e+01	4.047826e+01	-5.554747e-01	5.552891e-01	6.962830e-01	-8.054242e+01
6.6           	1.110712e+00	-1.871879e-04	-7.984604e+01	-3.992296e+01	4.061929e+01	-5.554834e-01	-3.936760e+01	4.047831e+01	-5.555770e-01	5.553898e-01	6.962646e-01	-8.054231e+01
6.61          	1.110915e+00	-1.890050e-04	-7.984595e+01	-3.992291e+01	4.061922e+01	-5.555854e-01	-3.936745e+01	4.047837e+01	-5.556799e-01	5.554909e-01	6.962465e-01	-8.054220e+01
6.62          	1.111119e+00	-1.910139e-04	-7.984586e+01	-3.992286e+01	4.061916e+01	-5.556878e-01	-3.936731e+01	4.047842e+01	-5.557833e-01	5.555923e-01	6.962288e-01	-8.054209e+01
6.63          	1.111323e+00	-1.931223e-04	-7.984577e+01	-3.992282e+01	4.061910e+01	-5.557908e-01	-3.936716e+01	4.047848e+01	-5.558874e-01	5.556942e-01	6.962117e-01	-8.054198e+01
6.64          	1.111529e+00	-1.952784e-04	-7.984568e+01	-3.992277e+01	4.061903e+01	-5.558944e-01	-3.936701e+01	4.047854e+01	-5.559920e-01	5.557967e-01	6.961951e-01	-8.054187e+01
6.65          	1.111736e+00	-1.973477e-04	-7.984558e+01	-3.992273e+01	4.061897e+01	-5.559985e-01	-3.936686e+01	4.047859e+01	-5.560971e-01	5.558998e-01	6.961792e-01	-8.054176e+01
6.66          	1.111943e+00	-1.992876e-04	-7.984549e+01	-3.992268e+01	4.061891e+01	-5.561029e-01	-3.936671e+01	4.047865e+01	-5.562025e-01	5.560032e-01	6.961638e-01	-8.054166e+01
6.67          	1.112152e+00	-2.011154e-04	-7.984540e+01	-3.992263e+01	4.061885e+01	-5.562076e-01	-3.936656e+01	4.047871e+01	-5.563081e-01	5.561070e-01	6.961491e-01	-8.054155e+01
6.68          	1.112362e+00	-2.028759e-04	-7.984531e+01	-3.992259e+01	4.061879e+01	-5.563126e-01	-3.936641e+01	4.047877e+01	-5.564141e-01	5.562112e-01	6.961349e-01	-8.054145e+01
6.69          	1.112572e+00	-2.045770e-04	-7.984522e+01	-3.992254e+01	4.061873e+01	-5.564181e-01	-3.936625e+01	4.047883e+01	-5.565203e-01	5.563158e-01	6.961213e-01	-8.054134e+01
6.7           	1.112783e+00	-2.062380e-04	-7.984513e+01	-3.992249e+01	4.061867e+01	-5.565239e-01	-3.936610e+01	4.047889e+01	-5.566270e-01	5.564208e-01	6.961083e-01	-8.054124e+01
6.71          	1.112996e+00	-2.079191e-04	-7.984504e+01	-3.992245e+01	4.061862e+01	-5.566303e-01	-3.936595e+01	4.047895e+01	-5.567343e-01	5.565264e-01	6.960958e-01	-8.054114e+01
6.72          	1.113209e+00	-2.096467e-04	-7.984495e+01	-3.992240e+01	4.061856e+01	-5.567374e-01	-3.936580e+01	4.047901e+01	-5.568422e-01	5.566326e-01	6.960841e-01	-8.054103e+01
6.73          	1.113425e+00	-2.113660e-04	-7.984486e+01	-3.992236e+01	4.061850e+01	-5.568453e-01	-3.936564e+01	4.047907e+01	-5.569510e-01	5.567396e-01	6.960732e-01	-8.054093e+01
6.74          	1.113641e+00	-2.131415e-04	-7.984477e+01	-3.992231e+01	4.061845e+01	-5.569540e-01	-3.936549e+01	4.047913e+01	-5.570605e-01	5.568474e-01	6.960630e-01	-8.054083e+01
6.75          	1.113859e+00	-2.150184e-04	-7.984468e+01	-3.992227e+01	4.061839e+01	-5.570632e-01	-3.936534e+01	4.047920e+01	-5.571707e-01	5.569557e-01	6.960533e-01	-8.054073e+01
6.76          	1.114077e+00	-2.169788e-04	-7.984459e+01	-3.992222e+01	4.061834e+01	-5.571726e-01	-3.936518e+01	4.047926e+01	-5.572811e-01	5.570641e-01	6.960441e-01	-8.054063e+01
6.77          	1.114295e+00	-2.189535e-04	-7.984450e+01	-3.992217e+01	4.061829e+01	-5.572822e-01	-3.936503e+01	4.047932e+01	-5.573916e-01	5.571727e-01	6.960351e-01	-8.054054e+01
6.78          	1.114513e+00	-2.209672e-04	-7.984441e+01	-3.992213e+01	4.061823e+01	-5.573918e-01	-3.936487e+01	4.047939e+01	-5.575022e-01	5.572813e-01	6.960265e-01	-8.054044e+01
6.79          	1.114731e+00	-2.229727e-04	-7.984432e+01	-3.992208e+01	4.061818e+01	-5.575013e-01	-3.936472e+01	4.047945e+01	-5.576128e-01	5.573898e-01	6.960180e-01	-8.054034e+01
6.8           	1.114950e+00	-2.249810e-04	-7.984424e+01	-3.992204e+01	4.061813e+01	-5.576110e-01	-3.936456e+01	4.047951e+01	-5.577235e-01	5.574985e-01	6.960099e-01	-8.054025e+01
6.81          	1.115169e+00	-2.269535e-04	-7.984415e+01	-3.992200e+01	4.061808e+01	-5.577209e-01	-3.936441e+01	4.047958e+01	-5.578343e-01	5.576074e-01	6.960021e-01	-8.054015e+01
6.82          	1.115388e+00	-2.289407e-04	-7.984406e+01	-3.992195e+01	4.061803e+01	-5.578310e-01	-3.936426e+01	4.047964e+01	-5.579455e-01	5.577166e-01	6.959947e-01	-8.054006e+01
6.83          	1.115608e+00	-2.309147e-04	-7.984397e+01	-3.992191e+01	4.061797e+01	-5.579416e-01	-3.936410e+01	4.047971e+01	-5.580570e-01	5.578261e-01	6.959877e-01	-8.053996e+01
6.84          	1.115829e+00	-2.328496e-04	-7.984389e+01	-3.992186e+01	4.061792e+01	-5.580526e-01	-3.936395e+01	4.047978e+01	-5.581690e-01	5.579362e-01	6.959813e-01	-8.053987e+01
6.85          	1.116051e+00	-2.347132e-04	-7.984380e+01	-3.992182e+01	4.061787e+01	-5.581641e-01	-3.936379e+01	4.047984e+01	-5.582814e-01	5.580467e-01	6.959755e-01	-8.053977e+01
6.86          	1.116274e+00	-2.364361e-04	-7.984371e+01	-3.992177e+01	4.061783e+01	-5.582759e-01	-3.936364e+01	4.047991e+01	-5.583941e-01	5.581577e-01	6.959702e-01	-8.053968e+01
6.87          	1.116498e+00	-2.380228e-04	-7.984363e+01	-3.992173e+01	4.061778e+01	-5.583882e-01	-3.936348e+01	4.047998e+01	-5.585072e-01	5.582692e-01	6.959655e-01	-8.053959e+01
6.88          	1.116723e+00	-2.396134e-04	-7.984354e+01	-3.992168e+01	4.061773e+01	-5.585010e-01	-3.936332e+01	4.048005e+01	-5.586208e-01	5.583812e-01	6.959614e-01	-8.053950e+01
6.89          	1.116949e+00	-2.414118e-04	-7.984345e+01	-3.992164e+01	4.061768e+01	-5.586141e-01	-3.936317e+01	4.048012e+01	-5.587348e-01	5.584934e-01	6.959577e-01	-8.053941e+01
6.9           	1.117175e+00	-2.434795e-04	-7.984337e+01	-3.992160e+01	4.061764e+01	-5.587276e-01	-3.936301e+01	4.048018e+01	-5.588493e-01	5.586059e-01	6.959544e-01	-8.053932e+01
6.91          	1.117402e+00	-2.458219e-04	-7.984328e+01	-3.992155e+01	4.061759e+01	-5.588413e-01	-3.936285e+01	4.048025e+01	-5.589642e-01	5.587183e-01	6.959513e-01	-8.053923e+01
6.92          	1.117628e+00	-2.482998e-04	-7.984319e+01	-3.992151e+01	4.061755e+01	-5.589549e-01	-3.936270e+01	4.048032e+01	-5.590790e-01	5.588307e-01	6.959485e-01	-8.053914e+01
6.93          	1.117854e+00	-2.508718e-04	-7.984311e+01	-3.992147e+01	4.061750e+01	-5.590687e-01	-3.936254e+01	4.048039e+01	-5.591941e-01	5.589432e-01	6.959459e-01	-8.053906e+01
6.94          	1.118080e+00	-2.533621e-04	-7.984302e+01	-3.992142e+01	4.061746e+01	-5.591825e-01	-3.936238e+01	4.048046e+01	-5.593092e-01	5.590559e-01	6.959436e-01	-8.053897e+01
6.95          	1.118307e+00	-2.556003e-04	-7.984294e+01	-3.992138e+01	4.061741e+01	-5.592965e-01	-3.936223e+01	4.048053e+01	-5.594243e-01	5.591687e-01	6.959417e-01	-8.053888e+01
6.96          	1.118534e+00	-2.576762e-04	-7.984285e+01	-3.992134e+01	4.061737e+01	-5.594108e-01	-3.936207e+01	4.048060e+01	-5.595397e-01	5.592820e-01	6.959402e-01	-8.053880e+01
6.97          	1.118762e+00	-2.596303e-04	-7.984277e+01	-3.992129e+01	4.061732e+01	-5.595255e-01	-3.936191e+01	4.048067e+01	-5.596553e-01	5.593957e-01	6.959392e-01	-8.053871e+01
6.98          	1.118991e+00	-2.614616e-04	-7.984269e+01	-3.992125e+01	4.061728e+01	-5.596404e-01	-3.936175e+01	4.048075e+01	-5.597711e-01	5.595096e-01	6.959386e-01	-8.053862e+01
6.99          	1.119220e+00	-2.631185e-04	-7.984260e+01	-3.992121e+01	4.061724e+01	-5.597553e-01	-3.936160e+01	4.048082e+01	-5.598869e-01	5.596238e-01	6.959384e-01	-8.053854e+01
7             	1.119449e+00	-2.647146e-04	-7.984252e+01	-3.992116e+01	4.061720e+01	-5.598703e-01	-3.936144e+01	4.048089e+01	-5.600027e-01	5.597379e-01	6.959384e-01	-8.053846e+01
7.01          	1.119679e+00	-2.662338e-04	-7.984243e+01	-3.992112e+01	4.061716e+01	-5.599852e-01	-3.936128e+01	4.048096e+01	-5.601184e-01	5.598521e-01	6.959387e-01	-8.053837e+01
7.02          	1.119909e+00	-2.677924e-04	-7.984235e+01	-3.992108e+01	4.061711e+01	-5.601002e-01	-3.936113e+01	4.048103e+01	-5.602341e-01	5.599663e-01	6.959392e-01	-8.053829e+01
7.03          	1.120138e+00	-2.694639e-04	-7.984227e+01	-3.992104e+01	4.061707e+01	-5.602152e-01	-3.936097e+01	4.048111e+01	-5.603499e-01	5.600804e-01	6.959399e-01	-8.053821e+01
7.04          	1.120368e+00	-2.713549e-04	-7.984219e+01	-3.992099e+01	4.061703e+01	-5.603304e-01	-3.936081e+01	4.048118e+01	-5.604661e-01	5.601947e-01	6.959409e-01	-8.053813e+01
7.05          	1.120598e+00	-2.733586e-04	-7.984210e+01	-3.992095e+01	4.061699e+01	-5.604459e-01	-3.936065e+01	4.048125e+01	-5.605825e-01	5.603092e-01	6.959422e-01	-8.053805e+01
7.06          	1.120829e+00	-2.753664e-04	-7.984202e+01	-3.992091e+01	4.061695e+01	-5.605617e-01	-3.936050e+01	4.048132e+01	-5.606993e-01	5.604240e-01	6.959438e-01	-8.053796e+01
7.07          	1.121060e+00	-2.774296e-04	-7.984194e+01	-3.992087e+01	4.061692e+01	-5.606779e-01	-3.936034e+01	4.048140e+01	-5.608166e-01	5.605392e-01	6.959459e-01	-8.053788e+01
7.08          	1.121292e+00	-2.796197e-04	-7.984186e+01	-3.992083e+01	4.061688e+01	-5.607946e-01	-3.936018e+01	4.048147e+01	-5.609345e-01	5.606548e-01	6.959485e-01	-8.053780e+01
7.09          	1.121525e+00	-2.817777e-04	-7.984177e+01	-3.992078e+01	4.061684e+01	-5.609118e-01	-3.936002e+01	4.048155e+01	-5.610527e-01	5.607709e-01	6.959517e-01	-8.053773e+01
7.1           	1.121759e+00	-2.838295e-04	-7.984169e+01	-3.992074e+01	4.061680e+01	-5.610293e-01	-3.935986e+01	4.048162e+01	-5.611712e-01	5.608874e-01	6.959553e-01	-8.053765e+01
7.11          	1.121994e+00	-2.858352e-04	-7.984161e+01	-3.992070e+01	4.061676e+01	-5.611472e-01	-3.935970e+01	4.048170e+01	-5.612901e-01	5.610043e-01	6.959594e-01	-8.053757e+01
7.12          	1.122229e+00	-2.878008e-04	-7.984153e+01	-3.992066e+01	4.061673e+01	-5.612655e-01	-3.935954e+01	4.048177e+01	-5.614094e-01	5.611216e-01	6.959641e-01	-8.053749e+01
7.13          	1.122465e+00	-2.896945e-04	-7.984145e+01	-3.992062e+01	4.061669e+01	-5.613840e-01	-3.935939e+01	4.048185e+01	-5.615288e-01	5.612391e-01	6.959691e-01	-8.053742e+01
7.14          	1.122702e+00	-2.916552e-04	-7.984137e+01	-3.992058e+01	4.061666e+01	-5.615026e-01	-3.935923e+01	4.048193e+01	-5.616484e-01	5.613568e-01	6.959743e-01	-8.053734e+01
7.15          	1.122938e+00	-2.935978e-04	-7.984129e+01	-3.992054e+01	4.061662e+01	-5.616212e-01	-3.935907e+01	4.048200e+01	-5.617680e-01	5.614744e-01	6.959797e-01	-8.053726e+01
7.16          	1.123174e+00	-2.954810e-04	-7.984120e+01	-3.992049e+01	4.061659e+01	-5.617397e-01	-3.935891e+01	4.048208e+01	-5.618874e-01	5.615919e-01	6.959853e-01	-8.053719e+01
7.17          	1.123410e+00	-2.971642e-04	-7.984112e+01	-3.992045e+01	4.061655e+01	-5.618578e-01	-3.935875e+01	4.048216e+01	-5.620063e-01	5.617092e-01	6.959908e-01	-8.053711e+01
7.18          	1.123645e+00	-2.987513e-04	-7.984104e+01	-3.992041e+01	4.061652e+01	-5.619756e-01	-3.935859e+01	4.048223e+01	-5.621250e-01	5.618262e-01	6.959965e-01	-8.053704e+01
7.19          	1.123880e+00	-3.004706e-04	-7.984096e+01	-3.992037e+01	4.061648e+01	-5.620935e-01	-3.935843e+01	4.048231e+01	-5.622438e-01	5.619433e-01	6.960025e-01	-8.053697e+01
7.2           	1.124115e+00	-3.023623e-04	-7.984088e+01	-3.992033e+01	4.061645e+01	-5.622117e-01	-3.935827e+01	4.048239e+01	-5.623629e-01	5.620605e-01	6.960088e-01	-8.053689e+01
7.21          	1.124351e+00	-3.043459e-04	-7.984080e+01	-3.992029e+01	4.061642e+01	-5.623303e-01	-3.935811e+01	4.048246e+01	-5.624825e-01	5.621782e-01	6.960155e-01	-8.053682e+01
7.22          	1.124589e+00	-3.064152e-04	-7.984072e+01	-3.992025e+01	4.061638e+01	-5.624495e-01	-3.935795e+01	4.048254e+01	-5.626027e-01	5.622963e-01	6.960228e-01	-8.053675e+01
7.23          	1.124827e+00	-3.083735e-04	-7.984064e+01	-3.992021e+01	4.061635e+01	-5.625690e-01	-3.935779e+01	4.048262e+01	-5.627232e-01	5.624148e-01	6.960306e-01	-8.053667e+01
7.24          	1.125065e+00	-3.100294e-04	-7.984056e+01	-3.992017e+01	4.061632e+01	-5.626886e-01	-3.935763e+01	4.048270e+01	-5.628436e-01	5.625336e-01	6.960389e-01	-8.053660e+01
7.25          	1.125304e+00	-3.114655e-04	-7.984048e+01	-3.992013e+01	4.061629e+01	-5.628082e-01	-3.935747e+01	4.048278e+01	-5.629639e-01	5.626525e-01	6.960474e-01	-8.053653e+01
7.26          	1.125543e+00	-3.128494e-04	-7.984040e+01	-3.992009e+01	4.061626e+01	-5.629278e-01	-3.935731e+01	4.048286e+01	-5.630842e-01	5.627714e-01	6.960562e-01	-8.053646e+01
7.27          	1.125782e+00	-3.143955e-04	-7.984033e+01	-3.992005e+01	4.061623e+01	-5.630475e-01	-3.935715e+01	4.048294e+01	-5.632047e-01	5.628903e-01	6.960652e-01	-8.053639e+01
7.28          	1.126021e+00	-3.164173e-04	-7.984025e+01	-3.992000e+01	4.061620e+01	-5.631673e-01	-3.935699e+01	4.048302e+01	-5.633255e-01	5.630091e-01	6.960743e-01	-8.053632e+01
7.29          	1.126260e+00	-3.188686e-04	-7.984017e+01	-3.991996e+01	4.061617e+01	-5.632874e-01	-3.935683e+01	4.048309e+01	-5.634468e-01	5.631279e-01	6.960836e-01	-8.053625e+01
7.3           	1.126498e+00	-3.215366e-04	-7.984009e+01	-3.991992e+01	4.061614e+01	-5.634074e-01	-3.935667e+01	4.048317e+01	-5.635682e-01	5.632466e-01	6.960930e-01	-8.053618e+01
7.31          	1.126736e+00	-3.240196e-04	-7.984001e+01	-3.991988e+01	4.061611e+01	-5.635272e-01	-3.935652e+01	4.048325e+01	-5.636892e-01	5.633652e-01	6.961026e-01	-8.053611e+01
7.32          	1.126973e+00	-3.262269e-04	-7.983993e+01	-3.991984e+01	4.061608e+01	-5.636466e-01	-3.935636e+01	4.048333e+01	-5.638097e-01	5.634834e-01	6.961122e-01	-8.053604e+01
7.33          	1.127210e+00	-3.281461e-04	-7.983985e+01	-3.991980e+01	4.061605e+01	-5.637654e-01	-3.935620e+01	4.048341e+01	-5.639295e-01	5.636014e-01	6.961217e-01	-8.053597e+01
7.34          	1.127446e+00	-3.298232e-04	-7.983977e+01	-3.991976e+01	4.061602e+01	-5.638838e-01	-3.935604e+01	4.048349e+01	-5.640487e-01	5.637189e-01	6.961312e-01	-8.053591e+01
7.35          	1.127681e+00	-3.314791e-04	-7.983970e+01	-3.991972e+01	4.061599e+01	-5.640016e-01	-3.935588e+01	4.048356e+01	-5.641674e-01	5.638359e-01	6.961406e-01	-8.053584e+01
7.36          	1.127916e+00	-3.332453e-04	-7.983962e+01	-3.991968e+01	4.061596e+01	-5.641191e-01	-3.935573e+01	4.048364e+01	-5.642857e-01	5.639524e-01	6.961498e-01	-8.053577e+01
7.37          	1.128149e+00	-3.350006e-04	-7.983954e+01	-3.991965e+01	4.061593e+01	-5.642361e-01	-3.935557e+01	4.048372e+01	-5.644036e-01	5.640686e-01	6.961590e-01	-8.053570e+01
7.38          	1.128381e+00	-3.367196e-04	-7.983947e+01	-3.991961e+01	4.061590e+01	-5.643526e-01	-3.935542e+01	4.048380e+01	-5.645210e-01	5.641843e-01	6.961680e-01	-8.053563e+01
7.39          	1.128613e+00	-3.385339e-04	-7.983939e+01	-3.991957e+01	4.061587e+01	-5.644689e-01	-3.935526e+01	4.048387e+01	-5.646382e-01	5.642997e-01	6.961771e-01	-8.053557e+01
7.4           	1.128844e+00	-3.404554e-04	-7.983931e+01	-3.991953e+01	4.061584e+01	-5.645851e-01	-3.935511e+01	4.048395e+01	-5.647553e-01	5.644149e-01	6.961862e-01	-8.053550e+01
7.41          	1.129075e+00	-3.420713e-04	-7.983924e+01	-3.991949e+01	4.061581e+01	-5.647010e-01	-3.935495e+01	4.048403e+01	-5.648720e-01	5.645300e-01	6.961954e-01	-8.053543e+01
7.42          	1.129306e+00	-3.434969e-04	-7.983916e+01	-3.991945e+01	4.061579e+01	-5.648166e-01	-3.935480e+01	4.048410e+01	-5.649884e-01	5.646449e-01	6.962048e-01	-8.053537e+01
7.43          	1.129536e+00	-3.450364e-04	-7.983908e+01	-3.991941e+01	4.061576e+01	-5.649321e-01	-3.935464e+01	4.048418e+01	-5.651046e-01	5.647596e-01	6.962143e-01	-8.053530e+01
7.44          	1.129767e+00	-3.469189e-04	-7.983901e+01	-3.991937e+01	4.061573e+01	-5.650477e-01	-3.935449e+01	4.048426e+01	-5.652211e-01	5.648742e-01	6.962239e-01	-8.053523e+01
7.45          	1.129997e+00	-3.492011e-04	-7.983893e+01	-3.991933e+01	4.061570e+01	-5.651633e-01	-3.935434e+01	4.048433e+01	-5.653379e-01	5.649887e-01	6.962335e-01	-8.053517e+01
7.46          	1.130226e+00	-3.518160e-04	-7.983886e+01	-3.991930e+01	4.061567e+01	-5.652789e-01	-3.935418e+01	4.048441e+01	-5.654548e-01	5.651030e-01	6.962432e-01	-8.053510e+01
7.47          	1.130455e+00	-3.545753e-04	-7.983878e+01	-3.991926e+01	4.061564e+01	-5.653944e-01	-3.935403e+01	4.048448e+01	-5.655717e-01	5.652171e-01	6.962530e-01	-8.053504e+01
7.48          	1.130684e+00	-3.572299e-04	-7.983871e+01	-3.991922e+01	4.061562e+01	-5.655097e-01	-3.935388e+01	4.048456e+01	-5.656883e-01	5.653311e-01	6.962628e-01	-8.053497e+01
7.49          	1.130912e+00	-3.596148e-04	-7.983863e+01	-3.991918e+01	4.061559e+01	-5.656247e-01	-3.935372e+01	4.048464e+01	-5.658045e-01	5.654449e-01	6.962727e-01	-8.053491e+01
7.5           	1.131140e+00	-3.617754e-04	-7.983856e+01	-3.991914e+01	4.061556e+01	-5.657395e-01	-3.935357e+01	4.048471e+01	-5.659203e-01	5.655586e-01	6.962827e-01	-8.053484e+01
7.51          	1.131368e+00	-3.638521e-04	-7.983849e+01	-3.991910e+01	4.061554e+01	-5.658541e-01	-3.935342e+01	4.048479e+01	-5.660360e-01	5.656722e-01	6.962929e-01	-8.053478e+01
7.52          	1.131596e+00	-3.659514e-04	-7.983841e+01	-3.991907e+01	4.061551e+01	-5.659686e-01	-3.935327e+01	4.048486e+01	-5.661515e-01	5.657856e-01	6.963033e-01	-8.053472e+01
7.53          	1.131824e+00	-3.680959e-04	-7.983834e+01	-3.991903e+01	4.061548e+01	-5.660829e-01	-3.935312e+01	4.048494e+01	-5.662669e-01	5.658988e-01	6.963137e-01	-8.053465e+01
7.54          	1.132051e+00	-3.703032e-04	-7.983827e+01	-3.991899e+01	4.061546e+01	-5.661971e-01	-3.935297e+01	4.048502e+01	-5.663822e-01	5.660119e-01	6.963242e-01	-8.053459e+01
7.55          	1.132278e+00	-3.725538e-04	-7.983819e+01	-3.991895e+01	4.061543e+01	-5.663112e-01	-3.935281e+01	4.048509e+01	-5.664974e-01	5.661249e-01	6.963348e-01	-8.053453e+01
7.56          	1.132504e+00	-3.748336e-04	-7.983812e+01	-3.991892e+01	4.061540e+01	-5.664251e-01	-3.935266e+01	4.048517e+01	-5.666125e-01	5.662377e-01	6.963456e-01	-8.053446e+01
7.57          	1.132730e+00	-3.770792e-04	-7.983805e+01	-3.991888e+01	4.061538e+01	-5.665389e-01	-3.935251e+01	4.048524e+01	-5.667275e-01	5.663504e-01	6.963564e-01	-8.053440e+01
7.58          	1.132956e+00	-3.792022e-04	-7.983797e+01	-3.991884e+01	4.061535e+01	-5.666526e-01	-3.935236e+01	4.048532e+01	-5.668422e-01	5.664630e-01	6.963673e-01	-8.053434e+01
7.59          	1.133182e+00	-3.809593e-04	-7.983790e+01	-3.991880e+01	4.061533e+01	-5.667658e-01	-3.935221e+01	4.048539e+01	-5.669563e-01	5.665753e-01	6.963783e-01	-8.053428e+01
7.6           	1.133407e+00	-3.824073e-04	-7.983783e+01	-3.991877e+01	4.061530e+01	-5.668786e-01	-3.935206e+01	4.048547e+01	-5.670698e-01	5.666874e-01	6.963893e-01	-8.053422e+01
7.61          	1.133632e+00	-3.838683e-04	-7.983776e+01	-3.991873e+01	4.061528e+01	-5.669911e-01	-3.935191e+01	4.048555e+01	-5.671830e-01	5.667991e-01	6.964003e-01	-8.053416e+01
7.62          	1.133856e+00	-3.855490e-04	-7.983768e+01	-3.991869e+01	4.061525e+01	-5.671034e-01	-3.935177e+01	4.048562e+01	-5.672962e-01	5.669106e-01	6.964113e-01	-8.053410e+01
7.63          	1.134079e+00	-3.874912e-04	-7.983761e+01	-3.991866e+01	4.061523e+01	-5.672156e-01	-3.935162e+01	4.048570e+01	-5.674094e-01	5.670219e-01	6.964224e-01	-8.053403e+01
7.64          	1.134302e+00	-3.897460e-04	-7.983754e+01	-3.991862e+01	4.061520e+01	-5.673279e-01	-3.935147e+01	4.048577e+01	-5.675228e-01	5.671331e-01	6.964335e-01	-8.053397e+01
7.65          	1.134525e+00	-3.922996e-04	-7.983747e+01	-3.991858e+01	4.061518e+01	-5.674404e-01	-3.935132e+01	4.048585e+01	-5.676366e-01	5.672443e-01	6.964449e-01	-8.053391e+01
7.66          	1.134749e+00	-3.949943e-04	-7.983740e+01	-3.991855e+01	4.061516e+01	-5.675530e-01	-3.935117e+01	4.048592e+01	-5.677505e-01	5.673555e-01	6.964564e-01	-8.053385e+01
7.67          	1.134972e+00	-3.976344e-04	-7.983733e+01	-3.991851e+01	4.061513e+01	-5.676656e-01	-3.935102e+01	4.048600e+01	-5.678644e-01	5.674667e-01	6.964681e-01	-8.053380e+01
7.68          	1.135195e+00	-4.001416e-04	-7.983726e+01	-3.991847e+01	4.061511e+01	-5.677781e-01	-3.935088e+01	4.048607e+01	-5.679781e-01	5.675780e-01	6.964800e-01	-8.053374e+01
7.69          	1.135418e+00	-4.023526e-04	-7.983719e+01	-3.991844e+01	4.061508e+01	-5.678904e-01	-3.935073e+01	4.048615e+01	-5.680916e-01	5.676893e-01	6.964921e-01	-8.053368e+01
7.7           	1.135641e+00	-4.041528e-04	-7.983711e+01	-3.991840e+01	4.061506e+01	-5.680026e-01	-3.935058e+01	4.048622e+01	-5.682047e-01	5.678005e-01	6.965044e-01	-8.053362e+01
7.71          	1.135865e+00	-4.056538e-04	-7.983704e+01	-3.991836e+01	4.061504e+01	-5.681146e-01	-3.935043e+01	4.048630e+01	-5.683175e-01	5.679118e-01	6.965169e-01	-8.053356e+01
7.72          	1.136088e+00	-4.071928e-04	-7.983697e+01	-3.991833e+01	4.061502e+01	-5.682266e-01	-3.935028e+01	4.048637e+01	-5.684302e-01	5.680230e-01	6.965295e-01	-8.053350e+01
7.73          	1.136310e+00	-4.089254e-04	-7.983690e+01	-3.991829e+01	4.061499e+01	-5.683384e-01	-3.935014e+01	4.048645e+01	-5.685428e-01	5.681339e-01	6.965421e-01	-8.053344e+01
7.74          	1.136532e+00	-4.109723e-04	-7.983683e+01	-3.991826e+01	4.061497e+01	-5.684501e-01	-3.934999e+01	4.048652e+01	-5.686556e-01	5.682446e-01	6.965547e-01	-8.053339e+01
7.75          	1.136754e+00	-4.133638e-04	-7.983676e+01	-3.991822e+01	4.061495e+01	-5.685616e-01	-3.934984e+01	4.048660e+01	-5.687683e-01	5.683550e-01	6.965672e-01	-8.053333e+01
7.76          	1.136974e+00	-4.159864e-04	-7.983669e+01	-3.991818e+01	4.061493e+01	-5.686731e-01	-3.934970e+01	4.048667e+01	-5.688811e-01	5.684651e-01	6.965797e-01	-8.053327e+01
7.77          	1.137195e+00	-4.187280e-04	-7.983662e+01	-3.991815e+01	4.061490e+01	-5.687843e-01	-3.934955e+01	4.048675e+01	-5.689937e-01	5.685749e-01	6.965922e-01	-8.053322e+01
7.78          	1.137415e+00	-4.215421e-04	-7.983655e+01	-3.991811e+01	4.061488e+01	-5.688953e-01	-3.934941e+01	4.048682e+01	-5.691061e-01	5.686846e-01	6.966047e-01	-8.053316e+01
7.79          	1.137635e+00	-4.244001e-04	-7.983649e+01	-3.991808e+01	4.061486e+01	-5.690062e-01	-3.934926e+01	4.048690e+01	-5.692184e-01	5.687940e-01	6.966172e-01	-8.053310e+01
7.8           	1.137854e+00	-4.270826e-04	-7.983642e+01	-3.991804e+01	4.061484e+01	-5.691167e-01	-3.934912e+01	4.048697e+01	-5.693302e-01	5.689031e-01	6.966297e-01	-8.053305e+01
7.81          	1.138072e+00	-4.294818e-04	-7.983635e+01	-3.991801e+01	4.061482e+01	-5.692267e-01	-3.934897e+01	4.048704e+01	-5.694415e-01	5.690120e-01	6.966422e-01	-8.053299e+01
7.82          	1.138290e+00	-4.316414e-04	-7.983628e+01	-3.991797e+01	4.061480e+01	-5.693363e-01	-3.934883e+01	4.048712e+01	-5.695522e-01	5.691205e-01	6.966547e-01	-8.053294e+01
7.83          	1.138507e+00	-4.336781e-04	-7.983621e+01	-3.991794e+01	4.061477e+01	-5.694456e-01	-3.934868e+01	4.048719e+01	-5.696625e-01	5.692288e-01	6.966671e-01	-8.053288e+01
7.84          	1.138724e+00	-4.356895e-04	-7.983615e+01	-3.991790e+01	4.061475e+01	-5.695547e-01	-3.934854e+01	4.048727e+01	-5.697726e-01	5.693369e-01	6.966795e-01	-8.053283e+01
7.85          	1.138941e+00	-4.377356e-04	-7.983608e+01	-3.991787e+01	4.061473e+01	-5.696637e-01	-3.934840e+01	4.048734e+01	-5.698825e-01	5.694448e-01	6.966920e-01	-8.053277e+01
7.86          	1.139157e+00	-4.398992e-04	-7.983601e+01	-3.991783e+01	4.061471e+01	-5.697726e-01	-3.934826e+01	4.048741e+01	-5.699926e-01	5.695527e-01	6.967046e-01	-8.053272e+01
7.87          	1.139373e+00	-4.422065e-04	-7.983594e+01	-3.991780e+01	4.061469e+01	-5.698816e-01	-3.934811e+01	4.048749e+01	-5.701027e-01	5.696605e-01	6.967174e-01	-8.053266e+01
7.88          	1.139590e+00	-4.446362e-04	-7.983588e+01	-3.991777e+01	4.061467e+01	-5.699906e-01	-3.934797e+01	4.048756e+01	-5.702129e-01	5.697683e-01	6.967304e-01	-8.053261e+01
7.89          	1.139806e+00	-4.471286e-04	-7.983581e+01	-3.991773e+01	4.061465e+01	-5.700998e-01	-3.934783e+01	4.048763e+01	-5.703233e-01	5.698762e-01	6.967435e-01	-8.053256e+01
7.9           	1.140023e+00	-4.496061e-04	-7.983575e+01	-3.991770e+01	4.061463e+01	-5.702089e-01	-3.934769e+01	4.048771e+01	-5.704337e-01	5.699841e-01	6.967568e-01	-8.053250e+01
7.91          	1.140239e+00	-4.520086e-04	-7.983568e+01	-3.991766e+01	4.061461e+01	-5.703180e-01	-3.934754e+01	4.048778e+01	-5.705440e-01	5.700920e-01	6.967703e-01	-8.053245e+01
7.92          	1.140456e+00	-4.543011e-04	-7.983561e+01	-3.991763e+01	4.061459e+01	-5.704268e-01	-3.934740e+01	4.048786e+01	-5.706540e-01	5.701997e-01	6.967838e-01	-8.053240e+01
7.93          	1.140671e+00	-4.565107e-04	-7.983555e+01	-3.991759e+01	4.061457e+01	-5.705354e-01	-3.934726e+01	4.048793e+01	-5.707637e-01	5.703072e-01	6.967974e-01	-8.053234e+01
7.94          	1.140887e+00	-4.586103e-04	-7.983548e+01	-3.991756e+01	4.061455e+01	-5.706437e-01	-3.934712e+01	4.048800e+01	-5.708730e-01	5.704144e-01	6.968109e-01	-8.053229e+01
7.95          	1.141101e+00	-4.605051e-04	-7.983541e+01	-3.991753e+01	4.061453e+01	-5.707517e-01	-3.934698e+01	4.048808e+01	-5.709819e-01	5.705214e-01	6.968245e-01	-8.053224e+01
7.96          	1.141315e+00	-4.622805e-04	-7.983535e+01	-3.991749e+01	4.061451e+01	-5.708592e-01	-3.934684e+01	4.048815e+01	-5.710903e-01	5.706281e-01	6.968380e-01	-8.053219e+01
7.97          	1.141529e+00	-4.640471e-04	-7.983528e+01	-3.991746e+01	4.061449e+01	-5.709665e-01	-3.934670e+01	4.048822e+01	-5.711985e-01	5.707345e-01	6.968514e-01	-8.053214e+01
7.98          	1.141742e+00	-4.659270e-04	-7.983522e+01	-3.991743e+01	4.061447e+01	-5.710736e-01	-3.934656e+01	4.048830e+01	-5.713065e-01	5.708406e-01	6.968649e-01	-8.053208e+01
7.99          	1.141955e+00	-4.679546e-04	-7.983515e+01	-3.991739e+01	4.061446e+01	-5.711806e-01	-3.934642e+01	4.048837e+01	-5.714146e-01	5.709466e-01	6.968785e-01	-8.053203e+01
8             	1.142167e+00	-4.701937e-04	-7.983509e+01	-3.991736e+01	4.061444e+01	-5.712877e-01	-3.934628e+01	4.048844e+01	-5.715227e-01	5.710526e-01	6.968921e-01	-8.053198e+01
8.01          	1.142380e+00	-4.725928e-04	-7.983502e+01	-3.991733e+01	4.061442e+01	-5.713947e-01	-3.934614e+01	4.048852e+01	-5.716310e-01	5.711584e-01	6.969058e-01	-8.053193e+01
8.02          	1.142592e+00	-4.750700e-04	-7.983496e+01	-3.991729e+01	4.061440e+01	-5.715018e-01	-3.934600e+01	4.048859e+01	-5.717393e-01	5.712642e-01	6.969197e-01	-8.053188e+01
8.03          	1.142805e+00	-4.775133e-04	-7.983490e+01	-3.991726e+01	4.061438e+01	-5.716087e-01	-3.934586e+01	4.048866e+01	-5.718475e-01	5.713700e-01	6.969337e-01	-8.053183e+01
8.04          	1.143017e+00	-4.798619e-04	-7.983483e+01	-3.991723e+01	4.061436e+01	-5.717156e-01	-3.934572e+01	4.048874e+01	-5.719555e-01	5.714756e-01	6.969478e-01	-8.053178e+01
8.05          	1.143229e+00	-4.820682e-04	-7.983477e+01	-3.991719e+01	4.061435e+01	-5.718222e-01	-3.934558e+01	4.048881e+01	-5.720632e-01	5.715812e-01	6.969621e-01	-8.053173e+01
8.06          	1.143440e+00	-4.841326e-04	-7.983470e+01	-3.991716e+01	4.061433e+01	-5.719286e-01	-3.934544e+01	4.048888e+01	-5.721706e-01	5.716865e-01	6.969763e-01	-8.053168e+01
8.07          	1.143652e+00	-4.860920e-04	-7.983464e+01	-3.991713e+01	4.061431e+01	-5.720347e-01	-3.934530e+01	4.048895e+01	-5.722777e-01	5.717916e-01	6.969906e-01	-8.053163e+01
8.08          	1.143862e+00	-4.880464e-04	-7.983457e+01	-3.991710e+01	4.061429e+01	-5.721406e-01	-3.934516e+01	4.048903e+01	-5.723846e-01	5.718965e-01	6.970048e-01	-8.053158e+01
8.09          	1.144073e+00	-4.900003e-04	-7.983451e+01	-3.991706e+01	4.061427e+01	-5.722462e-01	-3.934503e+01	4.048910e+01	-5.724912e-01	5.720012e-01	6.970191e-01	-8.053153e+01
8.1           	1.144282e+00	-4.919345e-04	-7.983445e+01	-3.991703e+01	4.061426e+01	-5.723517e-01	-3.934489e+01	4.048917e+01	-5.725976e-01	5.721057e-01	6.970333e-01	-8.053148e+01
8.11          	1.144492e+00	-4.938739e-04	-7.983439e+01	-3.991700e+01	4.061424e+01	-5.724570e-01	-3.934475e+01	4.048924e+01	-5.727039e-01	5.722100e-01	6.970476e-01	-8.053143e+01
8.12          	1.144701e+00	-4.958921e-04	-7.983432e+01	-3.991697e+01	4.061422e+01	-5.725622e-01	-3.934462e+01	4.048932e+01	-5.728101e-01	5.723142e-01	6.970619e-01	-8.053138e+01
8.13          	1.144910e+00	-4.979795e-04	-7.983426e+01	-3.991693e+01	4.061421e+01	-5.726673e-01	-3.934448e+01	4.048939e+01	-5.729162e-01	5.724183e-01	6.970763e-01	-8.053134e+01
8.14          	1.145119e+00	-5.000436e-04	-7.983420e+01	-3.991690e+01	4.061419e+01	-5.727722e-01	-3.934434e+01	4.048946e+01	-5.730222e-01	5.725221e-01	6.970907e-01	-8.053129e+01
8.15          	1.145327e+00	-5.020009e-04	-7.983414e+01	-3.991687e+01	4.061417e+01	-5.728769e-01	-3.934421e+01	4.048953e+01	-5.731279e-01	5.726259e-01	6.971052e-01	-8.053124e+01
8.16          	1.145535e+00	-5.038784e-04	-7.983407e+01	-3.991684e+01	4.061416e+01	-5.729814e-01	-3.934407e+01	4.048961e+01	-5.732334e-01	5.727295e-01	6.971197e-01	-8.053119e+01
8.17          	1.145743e+00	-5.057048e-04	-7.983401e+01	-3.991681e+01	4.061414e+01	-5.730859e-01	-3.934393e+01	4.048968e+01	-5.733387e-01	5.728330e-01	6.971343e-01	-8.053115e+01
8.18          	1.145951e+00	-5.074911e-04	-7.983395e+01	-3.991677e+01	4.061412e+01	-5.731902e-01	-3.934380e+01	4.048975e+01	-5.734439e-01	5.729364e-01	6.971491e-01	-8.053110e+01
8.19          	1.146159e+00	-5.092434e-04	-7.983389e+01	-3.991674e+01	4.061411e+01	-5.732945e-01	-3.934366e+01	4.048982e+01	-5.735491e-01	5.730399e-01	6.971639e-01	-8.053105e+01
8.2           	1.146366e+00	-5.110083e-04	-7.983383e+01	-3.991671e+01	4.061409e+01	-5.733988e-01	-3.934353e+01	4.048989e+01	-5.736543e-01	5.731433e-01	6.971789e-01	-8.053101e+01
8.21          	1.146574e+00	-5.127864e-04	-7.983377e+01	-3.991668e+01	4.061408e+01	-5.735030e-01	-3.934339e+01	4.048997e+01	-5.737594e-01	5.732466e-01	6.971939e-01	-8.053096e+01
8.22          	1.146781e+00	-5.145289e-04	-7.983371e+01	-3.991665e+01	4.061406e+01	-5.736071e-01	-3.934326e+01	4.049004e+01	-5.738643e-01	5.733498e-01	6.972090e-01	-8.053091e+01
8.23          	1.146988e+00	-5.162227e-04	-7.983364e+01	-3.991662e+01	4.061405e+01	-5.737110e-01	-3.934312e+01	4.049011e+01	-5.739691e-01	5.734529e-01	6.972241e-01	-8.053087e+01
8.24          	1.147195e+00	-5.179543e-04	-7.983358e+01	-3.991659e+01	4.061403e+01	-5.738148e-01	-3.934299e+01	4.049018e+01	-5.740737e-01	5.735558e-01	6.972393e-01	-8.053082e+01
8.25          	1.147401e+00	-5.197614e-04	-7.983352e+01	-3.991656e+01	4.061402e+01	-5.739184e-01	-3.934286e+01	4.049026e+01	-5.741783e-01	5.736585e-01	6.972544e-01	-8.053078e+01
8.26          	1.147607e+00	-5.216460e-04	-7.983346e+01	-3.991652e+01	4.061400e+01	-5.740220e-01	-3.934272e+01	4.049033e+01	-5.742828e-01	5.737611e-01	6.972697e-01	-8.053073e+01
8.27          	1.147813e+00	-5.235893e-04	-7.983340e+01	-3.991649e+01	4.061399e+01	-5.741254e-01	-3.934259e+01	4.049040e+01	-5.743872e-01	5.738636e-01	6.972849e-01	-8.053069e+01
8.28          	1.148019e+00	-5.255765e-04	-7.983334e+01	-3.991646e+01	4.061397e+01	-5.742287e-01	-3.934245e+01	4.049047e+01	-5.744915e-01	5.739659e-01	6.973002e-01	-8.053064e+01
8.29          	1.148224e+00	-5.275690e-04	-7.983328e+01	-3.991643e+01	4.061396e+01	-5.743318e-01	-3.934232e+01	4.049054e+01	-5.745956e-01	5.740681e-01	6.973155e-01	-8.053060e+01
8.3           	1.148429e+00	-5.294995e-04	-7.983323e+01	-3.991640e+01	4.061394e+01	-5.744347e-01	-3.934219e+01	4.049062e+01	-5.746995e-01	5.741700e-01	6.973308e-01	-8.053056e+01
8.31          	1.148633e+00	-5.313604e-04	-7.983317e+01	-3.991637e+01	4.061393e+01	-5.745374e-01	-3.934206e+01	4.049069e+01	-5.748031e-01	5.742717e-01	6.973461e-01	-8.053051e+01
8.32          	1.148837e+00	-5.332085e-04	-7.983311e+01	-3.991634e+01	4.061391e+01	-5.746399e-01	-3.934192e+01	4.049076e+01	-5.749066e-01	5.743733e-01	6.973614e-01	-8.053047e+01
8.33          	1.149041e+00	-5.350722e-04	-7.983305e+01	-3.991631e+01	4.061390e+01	-5.747423e-01	-3.934179e+01	4.049083e+01	-5.750099e-01	5.744748e-01	6.973766e-01	-8.053042e+01
8.34          	1.149244e+00	-5.368913e-04	-7.983299e+01	-3.991628e+01	4.061389e+01	-5.748445e-01	-3.934166e+01	4.049090e+01	-5.751130e-01	5.745761e-01	6.973919e-01	-8.053038e+01
8.35          	1.149447e+00	-5.386357e-04	-7.983293e+01	-3.991625e+01	4.061387e+01	-5.749465e-01	-3.934153e+01	4.049097e+01	-5.752158e-01	5.746771e-01	6.974071e-01	-8.053034e+01
8.36          	1.149649e+00	-5.402803e-04	-7.983287e+01	-3.991622e+01	4.061386e+01	-5.750481e-01	-3.934140e+01	4.049105e+01	-5.753182e-01	5.747780e-01	6.974224e-01	-8.053030e+01
8.37          	1.149851e+00	-5.418435e-04	-7.983282e+01	-3.991619e+01	4.061385e+01	-5.751495e-01	-3.934127e+01	4.049112e+01	-5.754204e-01	5.748786e-01	6.974376e-01	-8.053025e+01
8.38          	1.150053e+00	-5.433811e-04	-7.983276e+01	-3.991616e+01	4.061383e+01	-5.752507e-01	-3.934114e+01	4.049119e+01	-5.755224e-01	5.749790e-01	6.974529e-01	-8.053021e+01
8.39          	1.150255e+00	-5.449223e-04	-7.983270e+01	-3.991613e+01	4.061382e+01	-5.753518e-01	-3.934101e+01	4.049126e+01	-5.756243e-01	5.750793e-01	6.974683e-01	-8.053017e+01
8.4           	1.150457e+00	-5.464657e-04	-7.983264e+01	-3.991610e+01	4.061380e+01	-5.754529e-01	-3.934087e+01	4.049133e+01	-5.757261e-01	5.751797e-01	6.974838e-01	-8.053013e+01
8.41          	1.150658e+00	-5.480613e-04	-7.983258e+01	-3.991607e+01	4.061379e+01	-5.755541e-01	-3.934074e+01	4.049140e+01	-5.758281e-01	5.752800e-01	6.974994e-01	-8.053008e+01
8.42          	1.150860e+00	-5.497669e-04	-7.983253e+01	-3.991604e+01	4.061378e+01	-5.756554e-01	-3.934061e+01	4.049147e+01	-5.759303e-01	5.753805e-01	6.975152e-01	-8.053004e+01
8.43          	1.151062e+00	-5.515568e-04	-7.983247e+01	-3.991601e+01	4.061377e+01	-5.757567e-01	-3.934048e+01	4.049155e+01	-5.760325e-01	5.754809e-01	6.975311e-01	-8.053000e+01
8.44          	1.151263e+00	-5.533092e-04	-7.983241e+01	-3.991599e+01	4.061375e+01	-5.758580e-01	-3.934035e+01	4.049162e+01	-5.761346e-01	5.755813e-01	6.975471e-01	-8.052996e+01
8.45          	1.151464e+00	-5.549555e-04	-7.983236e+01	-3.991596e+01	4.061374e+01	-5.759590e-01	-3.934022e+01	4.049169e+01	-5.762365e-01	5.756815e-01	6.975632e-01	-8.052992e+01
8.46          	1.151665e+00	-5.565483e-04	-7.983230e+01	-3.991593e+01	4.061373e+01	-5.760598e-01	-3.934009e+01	4.049176e+01	-5.763381e-01	5.757815e-01	6.975793e-01	-8.052988e+01
8.47          	1.151866e+00	-5.581571e-04	-7.983224e+01	-3.991590e+01	4.061372e+01	-5.761604e-01	-3.933996e+01	4.049183e+01	-5.764395e-01	5.758813e-01	6.975953e-01	-8.052984e+01
8.48          	1.152066e+00	-5.598104e-04	-7.983219e+01	-3.991587e+01	4.061370e+01	-5.762609e-01	-3.933984e+01	4.049190e+01	-5.765408e-01	5.759810e-01	6.976115e-01	-8.052980e+01
8.49          	1.152266e+00	-5.615379e-04	-7.983213e+01	-3.991584e+01	4.061369e+01	-5.763614e-01	-3.933971e+01	4.049197e+01	-5.766421e-01	5.760806e-01	6.976276e-01	-8.052976e+01
8.5           	1.152466e+00	-5.632943e-04	-7.983207e+01	-3.991581e+01	4.061368e+01	-5.764618e-01	-3.933958e+01	4.049204e+01	-5.767434e-01	5.761802e-01	6.976439e-01	-8.052972e+01
8.51          	1.152666e+00	-5.650899e-04	-7.983202e+01	-3.991578e+01	4.061367e+01	-5.765622e-01	-3.933945e+01	4.049212e+01	-5.768448e-01	5.762797e-01	6.976603e-01	-8.052968e+01
8.52          	1.152866e+00	-5.668900e-04	-7.983196e+01	-3.991575e+01	4.061366e+01	-5.766626e-01	-3.933932e+01	4.049219e+01	-5.769461e-01	5.763792e-01	6.976767e-01	-8.052964e+01
8.53          	1.153066e+00	-5.686980e-04	-7.983190e+01	-3.991572e+01	4.061365e+01	-5.767630e-01	-3.933919e+01	4.049226e+01	-5.770474e-01	5.764787e-01	6.976933e-01	-8.052960e+01
8.54          	1.153266e+00	-5.705583e-04	-7.983185e+01	-3.991570e+01	4.061363e+01	-5.768635e-01	-3.933906e+01	4.049233e+01	-5.771488e-01	5.765782e-01	6.977101e-01	-8.052956e+01
8.55          	1.153466e+00	-5.724342e-04	-7.983179e+01	-3.991567e+01	4.061362e+01	-5.769639e-01	-3.933893e+01	4.049240e+01	-5.772502e-01	5.766777e-01	6.977269e-01	-8.052952e+01
8.56          	1.153665e+00	-5.742583e-04	-7.983174e+01	-3.991564e+01	4.061361e+01	-5.770643e-01	-3.933881e+01	4.049247e+01	-5.773514e-01	5.767772e-01	6.977437e-01	-8.052948e+01
8.57          	1.153865e+00	-5.760123e-04	-7.983168e+01	-3.991561e+01	4.061360e+01	-5.771645e-01	-3.933868e+01	4.049254e+01	-5.774525e-01	5.768765e-01	6.977607e-01	-8.052944e+01
8.58          	1.154064e+00	-5.776949e-04	-7.983163e+01	-3.991558e+01	4.061359e+01	-5.772646e-01	-3.933855e+01	4.049261e+01	-5.775534e-01	5.769757e-01	6.977777e-01	-8.052941e+01
8.59          	1.154263e+00	-5.793910e-04	-7.983157e+01	-3.991555e+01	4.061358e+01	-5.773644e-01	-3.933842e+01	4.049269e+01	-5.776541e-01	5.770747e-01	6.977947e-01	-8.052937e+01
8.6           	1.154461e+00	-5.811084e-04	-7.983152e+01	-3.991553e+01	4.061357e+01	-5.774641e-01	-3.933830e+01	4.049276e+01	-5.777547e-01	5.771736e-01	6.978117e-01	-8.052933e+01
8.61          	1.154660e+00	-5.827589e-04	-7.983146e+01	-3.991550e+01	4.061356e+01	-5.775636e-01	-3.933817e+01	4.049283e+01	-5.778550e-01	5.772723e-01	6.978287e-01	-8.052929e+01
8.62          	1.154857e+00	-5.842704e-04	-7.983141e+01	-3.991547e+01	4.061355e+01	-5.776629e-01	-3.933804e+01	4.049290e+01	-5.779551e-01	5.773708e-01	6.978457e-01	-8.052926e+01
8.63          	1.155055e+00	-5.856868e-04	-7.983136e+01	-3.991544e+01	4.061354e+01	-5.777620e-01	-3.933791e+01	4.049297e+01	-5.780549e-01	5.774692e-01	6.978627e-01	-8.052922e+01
8.64          	1.155252e+00	-5.870407e-04	-7.983130e+01	-3.991541e+01	4.061353e+01	-5.778610e-01	-3.933779e+01	4.049304e+01	-5.781545e-01	5.775675e-01	6.978797e-01	-8.052918e+01
8.65          	1.155449e+00	-5.884004e-04	-7.983125e+01	-3.991539e+01	4.061352e+01	-5.779599e-01	-3.933766e+01	4.049311e+01	-5.782541e-01	5.776657e-01	6.978968e-01	-8.052914e+01
8.66          	1.155646e+00	-5.898287e-04	-7.983119e+01	-3.991536e+01	4.061351e+01	-5.780588e-01	-3.933754e+01	4.049318e+01	-5.783537e-01	5.777638e-01	6.979139e-01	-8.052911e+01
8.67          	1.155843e+00	-5.914329e-04	-7.983114e+01	-3.991533e+01	4.061350e+01	-5.781577e-01	-3.933741e+01	4.049325e+01	-5.784534e-01	5.778620e-01	6.979311e-01	-8.052907e+01
8.68          	1.156040e+00	-5.932214e-04	-7.983109e+01	-3.991530e+01	4.061349e+01	-5.782567e-01	-3.933728e+01	4.049332e+01	-5.785533e-01	5.779601e-01	6.979485e-01	-8.052904e+01
8.69          	1.156237e+00	-5.951258e-04	-7.983103e+01	-3.991528e+01	4.061348e+01	-5.783557e-01	-3.933716e+01	4.049340e+01	-5.786533e-01	5.780581e-01	6.979659e-01	-8.052900e+01
8.7           	1.156434e+00	-5.970476e-04	-7.983098e+01	-3.991525e+01	4.061347e+01	-5.784546e-01	-3.933703e+01	4.049347e+01	-5.787532e-01	5.781561e-01	6.979834e-01	-8.052896e+01
8.71          	1.156630e+00	-5.989220e-04	-7.983093e+01	-3.991522e+01	4.061347e+01	-5.785534e-01	-3.933691e+01	4.049354e+01	-5.788529e-01	5.782540e-01	6.980009e-01	-8.052893e+01
8.72          	1.156826e+00	-6.006970e-04	-7.983088e+01	-3.991520e+01	4.061346e+01	-5.786520e-01	-3.933678e+01	4.049361e+01	-5.789523e-01	5.783516e-01	6.980185e-01	-8.052889e+01
8.73          	1.157022e+00	-6.023279e-04	-7.983082e+01	-3.991517e+01	4.061345e+01	-5.787503e-01	-3.933666e+01	4.049368e+01	-5.790514e-01	5.784491e-01	6.980360e-01	-8.052886e+01
8.74          	1.157217e+00	-6.037603e-04	-7.983077e+01	-3.991514e+01	4.061344e+01	-5.788483e-01	-3.933653e+01	4.049375e+01	-5.791501e-01	5.785464e-01	6.980536e-01	-8.052882e+01
8.75          	1.157412e+00	-6.049996e-04	-7.983072e+01	-3.991512e+01	4.061343e+01	-5.789460e-01	-3.933641e+01	4.049382e+01	-5.792485e-01	5.786435e-01	6.980711e-01	-8.052879e+01
8.76          	1.157607e+00	-6.061599e-04	-7.983067e+01	-3.991509e+01	4.061342e+01	-5.790435e-01	-3.933628e+01	4.049389e+01	-5.793466e-01	5.787404e-01	6.980887e-01	-8.052876e+01
8.77          	1.157802e+00	-6.073581e-04	-7.983062e+01	-3.991506e+01	4.061341e+01	-5.791410e-01	-3.933616e+01	4.049396e+01	-5.794446e-01	5.788373e-01	6.981062e-01	-8.052872e+01
8.78          	1.157996e+00	-6.086827e-04	-7.983056e+01	-3.991504e+01	4.061341e+01	-5.792384e-01	-3.933604e+01	4.049403e+01	-5.795427e-01	5.789341e-01	6.981239e-01	-8.052869e+01
8.79          	1.158190e+00	-6.101648e-04	-7.983051e+01	-3.991501e+01	4.061340e+01	-5.793359e-01	-3.933591e+01	4.049410e+01	-5.796410e-01	5.790308e-01	6.981416e-01	-8.052865e+01
8.8           	1.158384e+00	-6.117758e-04	-7.983046e+01	-3.991498e+01	4.061339e+01	-5.794334e-01	-3.933579e+01	4.049417e+01	-5.797393e-01	5.791275e-01	6.981593e-01	-8.052862e+01
8.81          	1.158578e+00	-6.135674e-04	-7.983041e+01	-3.991496e+01	4.061338e+01	-5.795310e-01	-3.933567e+01	4.049425e+01	-5.798377e-01	5.792242e-01	6.981772e-01	-8.052859e+01
8.82          	1.158772e+00	-6.155151e-04	-7.983036e+01	-3.991493e+01	4.061337e+01	-5.796287e-01	-3.933554e+01	4.049432e+01	-5.799364e-01	5.793209e-01	6.981953e-01	-8.052855e+01
8.83          	1.158967e+00	-6.174798e-04	-7.983031e+01	-3.991490e+01	4.061337e+01	-5.797264e-01	-3.933542e+01	4.049439e+01	-5.800352e-01	5.794177e-01	6.982135e-01	-8.052852e+01
8.84          	1.159161e+00	-6.193268e-04	-7.983026e+01	-3.991488e+01	4.061336e+01	-5.798241e-01	-3.933530e+01	4.049446e+01	-5.801338e-01	5.795145e-01	6.982318e-01	-8.052849e+01
8.85          	1.159355e+00	-6.209727e-04	-7.983021e+01	-3.991485e+01	4.061335e+01	-5.799217e-01	-3.933517e+01	4.049453e+01	-5.802322e-01	5.796112e-01	6.982502e-01	-8.052846e+01
8.86          	1.159549e+00	-6.223510e-04	-7.983016e+01	-3.991483e+01	4.061335e+01	-5.800190e-01	-3.933505e+01	4.049460e+01	-5.803302e-01	5.797078e-01	6.982686e-01	-8.052842e+01
8.87          	1.159743e+00	-6.235367e-04	-7.983011e+01	-3.991480e+01	4.061334e+01	-5.801160e-01	-3.933493e+01	4.049467e+01	-5.804278e-01	5.798042e-01	6.982871e-01	-8.052839e+01
8.88          	1.159936e+00	-6.246720e-04	-7.983005e+01	-3.991477e+01	4.061333e+01	-5.802128e-01	-3.933481e+01	4.049474e+01	-5.805251e-01	5.799004e-01	6.983055e-01	-8.052836e+01
8.89          	1.160129e+00	-6.259201e-04	-7.983000e+01	-3.991475e+01	4.061333e+01	-5.803094e-01	-3.933468e+01	4.049481e+01	-5.806224e-01	5.799965e-01	6.983238e-01	-8.052833e+01
8.9           	1.160322e+00	-6.273316e-04	-7.982996e+01	-3.991472e+01	4.061332e+01	-5.804060e-01	-3.933456e+01	4.049488e+01	-5.807196e-01	5.800923e-01	6.983422e-01	-8.052830e+01
8.91          	1.160514e+00	-6.289052e-04	-7.982991e+01	-3.991470e+01	4.061331e+01	-5.805024e-01	-3.933444e+01	4.049495e+01	-5.808169e-01	5.801880e-01	6.983605e-01	-8.052827e+01
8.92          	1.160705e+00	-6.305971e-04	-7.982986e+01	-3.991467e+01	4.061331e+01	-5.805988e-01	-3.933432e+01	4.049502e+01	-5.809141e-01	5.802835e-01	6.983789e-01	-8.052823e+01
8.93          	1.160897e+00	-6.323310e-04	-7.982981e+01	-3.991465e+01	4.061330e+01	-5.806952e-01	-3.933420e+01	4.049509e+01	-5.810113e-01	5.803790e-01	6.983973e-01	-8.052820e+01
8.94          	1.161089e+00	-6.340171e-04	-7.982976e+01	-3.991462e+01	4.061329e+01	-5.807914e-01	-3.933408e+01	4.049517e+01	-5.811084e-01	5.804744e-01	6.984157e-01	-8.052817e+01
8.95          	1.161280e+00	-6.356057e-04	-7.982971e+01	-3.991460e+01	4.061329e+01	-5.808876e-01	-3.933396e+01	4.049524e+01	-5.812054e-01	5.805697e-01	6.984343e-01	-8.052814e+01
8.96          	1.161472e+00	-6.370699e-04	-7.982966e+01	-3.991457e+01	4.061328e+01	-5.809836e-01	-3.933383e+01	4.049531e+01	-5.813021e-01	5.806651e-01	6.984530e-01	-8.052811e+01
8.97          	1.161663e+00	-6.384081e-04	-7.982961e+01	-3.991455e+01	4.061328e+01	-5.810795e-01	-3.933371e+01	4.049538e+01	-5.813987e-01	5.807603e-01	6.984717e-01	-8.052808e+01
8.98          	1.161854e+00	-6.397290e-04	-7.982956e+01	-3.991452e+01	4.061327e+01	-5.811754e-01	-3.933359e+01	4.049545e+01	-5.814952e-01	5.808555e-01	6.984904e-01	-8.052805e+01
8.99          	1.162045e+00	-6.411051e-04	-7.982951e+01	-3.991450e+01	4.061327e+01	-5.812712e-01	-3.933347e+01	4.049552e+01	-5.815918e-01	5.809506e-01	6.985093e-01	-8.052802e+01
9             	1.162236e+00	-6.425091e-04	-7.982946e+01	-3.991447e+01	4.061326e+01	-5.813670e-01	-3.933335e+01	4.049559e+01	-5.816882e-01	5.810457e-01	6.985281e-01	-8.052799e+01
9.01          	1.162427e+00	-6.438905e-04	-7.982942e+01	-3.991445e+01	4.061326e+01	-5.814627e-01	-3.933323e+01	4.049566e+01	-5.817846e-01	5.811407e-01	6.985471e-01	-8.052796e+01
9.02          	1.162617e+00	-6.452005e-04	-7.982937e+01	-3.991442e+01	4.061325e+01	-5.815582e-01	-3.933311e+01	4.049573e+01	-5.818808e-01	5.812356e-01	6.985660e-01	-8.052793e+01
9.03          	1.162807e+00	-6.464157e-04	-7.982932e+01	-3.991440e+01	4.061325e+01	-5.816536e-01	-3.933299e+01	4.049580e+01	-5.819768e-01	5.813304e-01	6.985850e-01	-8.052791e+01
9.04          	1.162997e+00	-6.475541e-04	-7.982927e+01	-3.991437e+01	4.061324e+01	-5.817488e-01	-3.933287e+01	4.049587e+01	-5.820726e-01	5.814251e-01	6.986040e-01	-8.052788e+01
9.05          	1.163187e+00	-6.486578e-04	-7.982923e+01	-3.991435e+01	4.061324e+01	-5.818439e-01	-3.933275e+01	4.049594e+01	-5.821682e-01	5.815196e-01	6.986230e-01	-8.052785e+01
9.06          	1.163377e+00	-6.497678e-04	-7.982918e+01	-3.991432e+01	4.061323e+01	-5.819388e-01	-3.933264e+01	4.049601e+01	-5.822637e-01	5.816139e-01	6.986420e-01	-8.052782e+01
9.07          	1.163566e+00	-6.509561e-04	-7.982913e+01	-3.991430e+01	4.061323e+01	-5.820336e-01	-3.933252e+01	4.049608e+01	-5.823591e-01	5.817082e-01	6.986611e-01	-8.052779e+01
9.08          	1.163755e+00	-6.522549e-04	-7.982908e+01	-3.991428e+01	4.061322e+01	-5.821285e-01	-3.933240e+01	4.049615e+01	-5.824546e-01	5.818023e-01	6.986802e-01	-8.052776e+01
9.09          	1.163944e+00	-6.536223e-04	-7.982904e+01	-3.991425e+01	4.061322e+01	-5.822233e-01	-3.933228e+01	4.049622e+01	-5.825501e-01	5.818965e-01	6.986994e-01	-8.052774e+01
9.1           	1.164133e+00	-6.549920e-04	-7.982899e+01	-3.991423e+01	4.061321e+01	-5.823180e-01	-3.933216e+01	4.049629e+01	-5.826455e-01	5.819905e-01	6.987186e-01	-8.052771e+01
9.11          	1.164322e+00	-6.563225e-04	-7.982894e+01	-3.991420e+01	4.061321e+01	-5.824127e-01	-3.933204e+01	4.049636e+01	-5.827408e-01	5.820845e-01	6.987378e-01	-8.052768e+01
9.12          	1.164510e+00	-6.576580e-04	-7.982890e+01	-3.991418e+01	4.061321e+01	-5.825072e-01	-3.933192e+01	4.049643e+01	-5.828360e-01	5.821783e-01	6.987570e-01	-8.052765e+01
9.13          	1.164698e+00	-6.590067e-04	-7.982885e+01	-3.991416e+01	4.061320e+01	-5.826016e-01	-3.933181e+01	4.049651e+01	-5.829311e-01	5.822721e-01	6.987762e-01	-8.052763e+01
9.14          	1.164886e+00	-6.603618e-04	-7.982880e+01	-3.991413e+01	4.061320e+01	-5.826958e-01	-3.933169e+01	4.049658e+01	-5.830260e-01	5.823656e-01	6.987954e-01	-8.052760e+01
9.15          	1.165073e+00	-6.617048e-04	-7.982876e+01	-3.991411e+01	4.061319e+01	-5.827898e-01	-3.933157e+01	4.049665e+01	-5.831207e-01	5.824590e-01	6.988146e-01	-8.052757e+01
9.16          	1.165260e+00	-6.630307e-04	-7.982871e+01	-3.991409e+01	4.061319e+01	-5.828837e-01	-3.933146e+01	4.049672e+01	-5.832152e-01	5.825522e-01	6.988339e-01	-8.052755e+01
9.17          	1.165447e+00	-6.643758e-04	-7.982867e+01	-3.991406e+01	4.061319e+01	-5.829775e-01	-3.933134e+01	4.049679e+01	-5.833096e-01	5.826453e-01	6.988531e-01	-8.052752e+01
9.18          	1.165634e+00	-6.658765e-04	-7.982862e+01	-3.991404e+01	4.061318e+01	-5.830712e-01	-3.933122e+01	4.049686e+01	-5.834041e-01	5.827382e-01	6.988723e-01	-8.052749e+01
9.19          	1.165820e+00	-6.676072e-04	-7.982858e+01	-3.991401e+01	4.061318e+01	-5.831649e-01	-3.933110e+01	4.049692e+01	-5.834987e-01	5.828311e-01	6.988916e-01	-8.052747e+01
9.2           	1.166006e+00	-6.694815e-04	-7.982853e+01	-3.991399e+01	4.061318e+01	-5.832588e-01	-3.933099e+01	4.049699e+01	-5.835935e-01	5.829240e-01	6.989110e-01	-8.052744e+01
9.21          	1.166193e+00	-6.713235e-04	-7.982849e+01	-3.991397e+01	4.061317e+01	-5.833525e-01	-3.933087e+01	4.049706e+01	-5.836882e-01	5.830169e-01	6.989304e-01	-8.052742e+01
9.22          	1.166379e+00	-6.730169e-04	-7.982844e+01	-3.991395e+01	4.061317e+01	-5.834462e-01	-3.933076e+01	4.049713e+01	-5.837827e-01	5.831097e-01	6.989498e-01	-8.052739e+01
9.23          	1.166565e+00	-6.745003e-04	-7.982840e+01	-3.991392e+01	4.061317e+01	-5.835397e-01	-3.933064e+01	4.049720e+01	-5.838769e-01	5.832024e-01	6.989693e-01	-8.052737e+01
9.24          	1.166750e+00	-6.757645e-04	-7.982835e+01	-3.991390e+01	4.061317e+01	-5.836329e-01	-3.933052e+01	4.049727e+01	-5.839708e-01	5.832950e-01	6.989889e-01	-8.052734e+01
9.25          	1.166936e+00	-6.768398e-04	-7.982831e+01	-3.991388e+01	4.061316e+01	-5.837259e-01	-3.933041e+01	4.049734e+01	-5.840643e-01	5.833875e-01	6.990084e-01	-8.052732e+01
9.26          	1.167121e+00	-6.777880e-04	-7.982826e+01	-3.991385e+01	4.061316e+01	-5.838187e-01	-3.933029e+01	4.049741e+01	-5.841576e-01	5.834798e-01	6.990280e-01	-8.052729e+01
9.27          	1.167306e+00	-6.787503e-04	-7.982822e+01	-3.991383e+01	4.061316e+01	-5.839114e-01	-3.933018e+01	4.049748e+01	-5.842507e-01	5.835720e-01	6.990476e-01	-8.052727e+01
9.28          	1.167491e+00	-6.798294e-04	-7.982818e+01	-3.991381e+01	4.061316e+01	-5.840040e-01	-3.933006e+01	4.049755e+01	-5.843439e-01	5.836641e-01	6.990672e-01	-8.052724e+01
9.29          	1.167676e+00	-6.810730e-04	-7.982813e+01	-3.991379e+01	4.061315e+01	-5.840967e-01	-3.932995e+01	4.049762e+01	-5.844372e-01	5.837561e-01	6.990869e-01	-8.052722e+01
9.3           	1.167861e+00	-6.824590e-04	-7.982809e+01	-3.991376e+01	4.061315e+01	-5.841893e-01	-3.932983e+01	4.049769e+01	-5.845305e-01	5.838481e-01	6.991066e-01	-8.052719e+01
9.31          	1.168045e+00	-6.839051e-04	-7.982804e+01	-3.991374e+01	4.061315e+01	-5.842819e-01	-3.932972e+01	4.049776e+01	-5.846239e-01	5.839400e-01	6.991264e-01	-8.052717e+01
9.32          	1.168229e+00	-6.853363e-04	-7.982800e+01	-3.991372e+01	4.061315e+01	-5.843745e-01	-3.932960e+01	4.049783e+01	-5.847172e-01	5.840318e-01	6.991462e-01	-8.052715e+01
9.33          	1.168414e+00	-6.866726e-04	-7.982796e+01	-3.991370e+01	4.061315e+01	-5.844669e-01	-3.932949e+01	4.049790e+01	-5.848103e-01	5.841236e-01	6.991661e-01	-8.052712e+01
9.34          	1.168598e+00	-6.879012e-04	-7.982791e+01	-3.991368e+01	4.061314e+01	-5.845592e-01	-3.932938e+01	4.049797e+01	-5.849032e-01	5.842153e-01	6.991860e-01	-8.052710e+01
9.35          	1.168782e+00	-6.890345e-04	-7.982787e+01	-3.991365e+01	4.061314e+01	-5.846514e-01	-3.932926e+01	4.049804e+01	-5.849959e-01	5.843069e-01	6.992059e-01	-8.052708e+01
9.36          	1.168965e+00	-6.901336e-04	-7.982783e+01	-3.991363e+01	4.061314e+01	-5.847435e-01	-3.932915e+01	4.049811e+01	-5.850885e-01	5.843984e-01	6.992259e-01	-8.052705e+01
9.37          	1.169149e+00	-6.912599e-04	-7.982779e+01	-3.991361e+01	4.061314e+01	-5.848355e-01	-3.932903e+01	4.049818e+01	-5.851811e-01	5.844898e-01	6.992459e-01	-8.052703e+01
9.38          	1.169332e+00	-6.924484e-04	-7.982774e+01	-3.991359e+01	4.061314e+01	-5.849274e-01	-3.932892e+01	4.049825e+01	-5.852736e-01	5.845811e-01	6.992659e-01	-8.052701e+01
9.39          	1.169515e+00	-6.936949e-04	-7.982770e+01	-3.991357e+01	4.061314e+01	-5.850192e-01	-3.932881e+01	4.049832e+01	-5.853661e-01	5.846724e-01	6.992860e-01	-8.052699e+01
9.4           	1.169698e+00	-6.949583e-04	-7.982766e+01	-3.991354e+01	4.061314e+01	-5.851110e-01	-3.932869e+01	4.049839e+01	-5.854585e-01	5.847635e-01	6.993061e-01	-8.052696e+01
9.41          	1.169881e+00	-6.962085e-04	-7.982762e+01	-3.991352e+01	4.061313e+01	-5.852028e-01	-3.932858e+01	4.049846e+01	-5.855509e-01	5.848547e-01	6.993262e-01	-8.052694e+01
9.42          	1.170064e+00	-6.974562e-04	-7.982757e+01	-3.991350e+01	4.061313e+01	-5.852945e-01	-3.932847e+01	4.049853e+01	-5.856433e-01	5.849458e-01	6.993465e-01	-8.052692e+01
9.43          	1.170247e+00	-6.987186e-04	-7.982753e+01	-3.991348e+01	4.061313e+01	-5.853863e-01	-3.932836e+01	4.049860e+01	-5.857357e-01	5.850370e-01	6.993668e-01	-8.052690e+01
9.44          	1.170430e+00	-7.000328e-04	-7.982749e+01	-3.991346e+01	4.061313e+01	-5.854781e-01	-3.932824e+01	4.049867e+01	-5.858281e-01	5.851281e-01	6.993872e-01	-8.052688e+01
9.45          	1.170612e+00	-7.013974e-04	-7.982745e+01	-3.991344e+01	4.061313e+01	-5.855699e-01	-3.932813e+01	4.049874e+01	-5.859206e-01	5.852192e-01	6.994077e-01	-8.052686e+01
9.46          	1.170795e+00	-7.027103e-04	-7.982741e+01	-3.991341e+01	4.061313e+01	-5.856617e-01	-3.932802e+01	4.049881e+01	-5.860130e-01	5.853103e-01	6.994283e-01	-8.052684e+01
9.47          	1.170978e+00	-7.039023e-04	-7.982737e+01	-3.991339e+01	4.061313e+01	-5.857533e-01	-3.932790e+01	4.049888e+01	-5.861053e-01	5.854014e-01	6.994489e-01	-8.052681e+01
9.48          	1.171160e+00	-7.049603e-04	-7.982732e+01	-3.991337e+01	4.061313e+01	-5.858447e-01	-3.932779e+01	4.049895e+01	-5.861972e-01	5.854923e-01	6.994696e-01	-8.052679e+01
9.49          	1.171343e+00	-7.059198e-04	-7.982728e+01	-3.991335e+01	4.061313e+01	-5.859360e-01	-3.932768e+01	4.049902e+01	-5.862889e-01	5.855830e-01	6.994903e-01	-8.052677e+01
9.5           	1.171525e+00	-7.068382e-04	-7.982724e+01	-3.991333e+01	4.061313e+01	-5.860270e-01	-3.932757e+01	4.049909e+01	-5.863804e-01	5.856736e-01	6.995109e-01	-8.052675e+01
9.51          	1.171706e+00	-7.077554e-04	-7.982720e+01	-3.991331e+01	4.061313e+01	-5.861178e-01	-3.932746e+01	4.049916e+01	-5.864717e-01	5.857640e-01	6.995315e-01	-8.052673e+01
9.52          	1.171887e+00	-7.086290e-04	-7.982716e+01	-3.991329e+01	4.061313e+01	-5.862085e-01	-3.932734e+01	4.049923e+01	-5.865628e-01	5.858542e-01	6.995521e-01	-8.052671e+01
9.53          	1.172068e+00	-7.094262e-04	-7.982712e+01	-3.991327e+01	4.061313e+01	-5.862990e-01	-3.932723e+01	4.049930e+01	-5.866537e-01	5.859443e-01	6.995727e-01	-8.052669e+01
9.54          	1.172248e+00	-7.102524e-04	-7.982708e+01	-3.991325e+01	4.061313e+01	-5.863894e-01	-3.932712e+01	4.049937e+01	-5.867445e-01	5.860343e-01	6.995933e-01	-8.052667e+01
9.55          	1.172429e+00	-7.112033e-04	-7.982704e+01	-3.991323e+01	4.061313e+01	-5.864798e-01	-3.932701e+01	4.049944e+01	-5.868354e-01	5.861242e-01	6.996140e-01	-8.052665e+01
9.56          	1.172609e+00	-7.123100e-04	-7.982700e+01	-3.991320e+01	4.061313e+01	-5.865702e-01	-3.932690e+01	4.049951e+01	-5.869264e-01	5.862141e-01	6.996346e-01	-8.052663e+01
9.57          	1.172789e+00	-7.135162e-04	-7.982696e+01	-3.991318e+01	4.061313e+01	-5.866606e-01	-3.932679e+01	4.049958e+01	-5.870174e-01	5.863039e-01	6.996554e-01	-8.052661e+01
9.58          	1.172970e+00	-7.147377e-04	-7.982692e+01	-3.991316e+01	4.061313e+01	-5.867510e-01	-3.932668e+01	4.049965e+01	-5.871084e-01	5.863936e-01	6.996762e-01	-8.052659e+01
9.59          	1.173150e+00	-7.159297e-04	-7.982688e+01	-3.991314e+01	4.061314e+01	-5.868413e-01	-3.932657e+01	4.049972e+01	-5.871993e-01	5.864833e-01	6.996970e-01	-8.052657e+01
9.6           	1.173329e+00	-7.170036e-04	-7.982684e+01	-3.991312e+01	4.061314e+01	-5.869314e-01	-3.932646e+01	4.049979e+01	-5.872899e-01	5.865729e-01	6.997179e-01	-8.052655e+01
9.61          	1.173509e+00	-7.179122e-04	-7.982680e+01	-3.991310e+01	4.061314e+01	-5.870213e-01	-3.932635e+01	4.049986e+01	-5.873803e-01	5.866624e-01	6.997389e-01	-8.052654e+01
9.62          	1.173688e+00	-7.186838e-04	-7.982676e+01	-3.991308e+01	4.061314e+01	-5.871111e-01	-3.932624e+01	4.049993e+01	-5.874705e-01	5.867518e-01	6.997598e-01	-8.052652e+01
9.63          	1.173868e+00	-7.193476e-04	-7.982672e+01	-3.991306e+01	4.061314e+01	-5.872007e-01	-3.932613e+01	4.049999e+01	-5.875604e-01	5.868410e-01	6.997807e-01	-8.052650e+01
9.64          	1.174046e+00	-7.199667e-04	-7.982668e+01	-3.991304e+01	4.061314e+01	-5.872901e-01	-3.932602e+01	4.050006e+01	-5.876501e-01	5.869302e-01	6.998017e-01	-8.052648e+01
9.65          	1.174225e+00	-7.205825e-04	-7.982664e+01	-3.991302e+01	4.061314e+01	-5.873795e-01	-3.932591e+01	4.050013e+01	-5.877398e-01	5.870192e-01	6.998226e-01	-8.052646e+01
9.66          	1.174403e+00	-7.213265e-04	-7.982660e+01	-3.991300e+01	4.061314e+01	-5.874688e-01	-3.932580e+01	4.050020e+01	-5.878294e-01	5.871081e-01	6.998436e-01	-8.052644e+01
9.67          	1.174582e+00	-7.223074e-04	-7.982656e+01	-3.991298e+01	4.061314e+01	-5.875581e-01	-3.932569e+01	4.050027e+01	-5.879193e-01	5.871970e-01	6.998646e-01	-8.052642e+01
9.68          	1.174760e+00	-7.235318e-04	-7.982652e+01	-3.991296e+01	4.061315e+01	-5.876475e-01	-3.932558e+01	4.050034e+01	-5.880093e-01	5.872858e-01	6.998857e-01	-8.052641e+01
9.69          	1.174938e+00	-7.249097e-04	-7.982648e+01	-3.991294e+01	4.061315e+01	-5.877370e-01	-3.932547e+01	4.050041e+01	-5.880994e-01	5.873745e-01	6.999068e-01	-8.052639e+01
9.7           	1.175116e+00	-7.263208e-04	-7.982644e+01	-3.991292e+01	4.061315e+01	-5.878263e-01	-3.932536e+01	4.050048e+01	-5.881895e-01	5.874632e-01	6.999279e-01	-8.052637e+01
9.71          	1.175293e+00	-7.276689e-04	-7.982640e+01	-3.991290e+01	4.061315e+01	-5.879156e-01	-3.932525e+01	4.050055e+01	-5.882795e-01	5.875518e-01	6.999491e-01	-8.052635e+01
9.72          	1.175471e+00	-7.288702e-04	-7.982637e+01	-3.991288e+01	4.061315e+01	-5.880048e-01	-3.932515e+01	4.050062e+01	-5.883692e-01	5.876403e-01	6.999704e-01	-8.052634e+01
9.73          	1.175649e+00	-7.298738e-04	-7.982633e+01	-3.991286e+01	4.061316e+01	-5.880938e-01	-3.932504e+01	4.050069e+01	-5.884587e-01	5.877288e-01	6.999917e-01	-8.052632e+01
9.74          	1.175826e+00	-7.306938e-04	-7.982629e+01	-3.991284e+01	4.061316e+01	-5.881826e-01	-3.932493e+01	4.050075e+01	-5.885479e-01	5.878172e-01	7.000130e-01	-8.052630e+01
9.75          	1.176003e+00	-7.313455e-04	-7.982625e+01	-3.991282e+01	4.061316e+01	-5.882713e-01	-3.932482e+01	4.050082e+01	-5.886369e-01	5.879056e-01	7.000344e-01	-8.052629e+01
9.76          	1.176181e+00	-7.318998e-04	-7.982621e+01	-3.991280e+01	4.061316e+01	-5.883598e-01	-3.932471e+01	4.050089e+01	-5.887258e-01	5.879939e-01	7.000558e-01	-8.052627e+01
9.77          	1.176358e+00	-7.324637e-04	-7.982617e+01	-3.991278e+01	4.061316e+01	-5.884484e-01	-3.932460e+01	4.050096e+01	-5.888146e-01	5.880822e-01	7.000772e-01	-8.052625e+01
9.78          	1.176535e+00	-7.331152e-04	-7.982614e+01	-3.991276e+01	4.061317e+01	-5.885370e-01	-3.932450e+01	4.050103e+01	-5.889036e-01	5.881705e-01	7.000988e-01	-8.052624e+01
9.79          	1.176712e+00	-7.338681e-04	-7.982610e+01	-3.991274e+01	4.061317e+01	-5.886257e-01	-3.932439e+01	4.050110e+01	-5.889926e-01	5.882587e-01	7.001203e-01	-8.052622e+01
9.8           	1.176889e+00	-7.346946e-04	-7.982606e+01	-3.991272e+01	4.061317e+01	-5.887144e-01	-3.932428e+01	4.050117e+01	-5.890817e-01	5.883470e-01	7.001420e-01	-8.052620e+01
9.81          	1.177066e+00	-7.355646e-04	-7.982602e+01	-3.991271e+01	4.061317e+01	-5.888030e-01	-3.932417e+01	4.050124e+01	-5.891708e-01	5.884353e-01	7.001637e-01	-8.052619e+01
9.82          	1.177243e+00	-7.363955e-04	-7.982598e+01	-3.991269e+01	4.061318e+01	-5.888917e-01	-3.932406e+01	4.050131e+01	-5.892599e-01	5.885235e-01	7.001855e-01	-8.052617e+01
9.83          	1.177419e+00	-7.371021e-04	-7.982595e+01	-3.991267e+01	4.061318e+01	-5.889801e-01	-3.932396e+01	4.050138e+01	-5.893487e-01	5.886115e-01	7.002073e-01	-8.052615e+01
9.84          	1.177596e+00	-7.376706e-04	-7.982591e+01	-3.991265e+01	4.061318e+01	-5.890683e-01	-3.932385e+01	4.050145e+01	-5.894372e-01	5.886995e-01	7.002291e-01	-8.052614e+01
9.85          	1.177772e+00	-7.381482e-04	-7.982587e+01	-3.991263e+01	4.061319e+01	-5.891564e-01	-3.932374e+01	4.050151e+01	-5.895254e-01	5.887873e-01	7.002509e-01	-8.052612e+01
9.86          	1.177948e+00	-7.386335e-04	-7.982583e+01	-3.991261e+01	4.061319e+01	-5.892442e-01	-3.932364e+01	4.050158e+01	-5.896136e-01	5.888749e-01	7.002727e-01	-8.052611e+01
9.87          	1.178123e+00	-7.392314e-04	-7.982580e+01	-3.991259e+01	4.061319e+01	-5.893321e-01	-3.932353e+01	4.050165e+01	-5.897017e-01	5.889624e-01	7.002944e-01	-8.052609e+01
9.88          	1.178298e+00	-7.399969e-04	-7.982576e+01	-3.991257e+01	4.061320e+01	-5.894199e-01	-3.932342e+01	4.050172e+01	-5.897899e-01	5.890499e-01	7.003162e-01	-8.052608e+01
9.89          	1.178474e+00	-7.409518e-04	-7.982572e+01	-3.991255e+01	4.061320e+01	-5.895077e-01	-3.932332e+01	4.050179e+01	-5.898782e-01	5.891372e-01	7.003379e-01	-8.052606e+01
9.9           	1.178648e+00	-7.420583e-04	-7.982569e+01	-3.991253e+01	4.061320e+01	-5.895956e-01	-3.932321e+01	4.050186e+01	-5.899666e-01	5.892245e-01	7.003597e-01	-8.052604e+01
9.91          	1.178823e+00	-7.432446e-04	-7.982565e+01	-3.991251e+01	4.061321e+01	-5.896834e-01	-3.932310e+01	4.050193e+01	-5.900550e-01	5.893118e-01	7.003815e-01	-8.052603e+01
9.92          	1.178998e+00	-7.443886e-04	-7.982561e+01	-3.991250e+01	4.061321e+01	-5.897712e-01	-3.932300e+01	4.050199e+01	-5.901434e-01	5.893990e-01	7.004034e-01	-8.052601e+01
9.93          	1.179173e+00	-7.454037e-04	-7.982557e+01	-3.991248e+01	4.061321e+01	-5.898588e-01	-3.932289e+01	4.050206e+01	-5.902315e-01	5.894861e-01	7.004253e-01	-8.052600e+01
9.94          	1.179347e+00	-7.462307e-04	-7.982554e+01	-3.991246e+01	4.061322e+01	-5.899463e-01	-3.932278e+01	4.050213e+01	-5.903195e-01	5.895732e-01	7.004473e-01	-8.052598e+01
9.95          	1.179522e+00	-7.468766e-04	-7.982550e+01	-3.991244e+01	4.061322e+01	-5.900337e-01	-3.932268e+01	4.050220e+01	-5.904072e-01	5.896603e-01	7.004693e-01	-8.052597e+01
9.96          	1.179696e+00	-7.474166e-04	-7.982546e+01	-3.991242e+01	4.061322e+01	-5.901210e-01	-3.932257e+01	4.050227e+01	-5.904947e-01	5.897473e-01	7.004913e-01	-8.052595e+01
9.97          	1.179870e+00	-7.479453e-04	-7.982543e+01	-3.991240e+01	4.061323e+01	-5.902081e-01	-3.932247e+01	4.050234e+01	-5.905821e-01	5.898342e-01	7.005134e-01	-8.052594e+01
9.98          	1.180044e+00	-7.485480e-04	-7.982539e+01	-3.991238e+01	4.061323e+01	-5.902952e-01	-3.932236e+01	4.050240e+01	-5.906695e-01	5.899210e-01	7.005355e-01	-8.052593e+01
9.99          	1.180218e+00	-7.492544e-04	-7.982535e+01	-3.991236e+01	4.061323e+01	-5.903823e-01	-3.932225e+01	4.050247e+01	-5.907569e-01	5.900077e-01	7.005577e-01	-8.052591e+01
10            	1.180392e+00	-7.500491e-04	-7.982532e+01	-3.991234e+01	4.061324e+01	-5.904693e-01	-3.932215e+01	4.050254e+01	-5.908444e-01	5.900943e-01	7.005798e-01	-8.052590e+01
