🔹 Updating APT sources...
Get:1 http://security.ubuntu.com/ubuntu jammy-security InRelease [129 kB]
Get:2 http://archive.ubuntu.com/ubuntu jammy InRelease [270 kB]
Get:3 http://archive.ubuntu.com/ubuntu jammy-updates InRelease [128 kB]
Get:4 http://archive.ubuntu.com/ubuntu jammy-backports InRelease [127 kB]
Get:5 http://security.ubuntu.com/ubuntu jammy-security/restricted amd64 Packages [4476 kB]
Get:6 http://security.ubuntu.com/ubuntu jammy-security/universe amd64 Packages [1253 kB]
Get:7 http://archive.ubuntu.com/ubuntu jammy/main amd64 Packages [1792 kB]
Get:8 http://security.ubuntu.com/ubuntu jammy-security/main amd64 Packages [2994 kB]
Get:9 http://archive.ubuntu.com/ubuntu jammy/restricted amd64 Packages [164 kB]
Get:10 http://security.ubuntu.com/ubuntu jammy-security/multiverse amd64 Packages [47.7 kB]
Get:11 http://archive.ubuntu.com/ubuntu jammy/universe amd64 Packages [17.5 MB]
Get:12 http://archive.ubuntu.com/ubuntu jammy/multiverse amd64 Packages [266 kB]
Get:13 http://archive.ubuntu.com/ubuntu jammy-updates/multiverse amd64 Packages [55.7 kB]
Get:14 http://archive.ubuntu.com/ubuntu jammy-updates/universe amd64 Packages [1561 kB]
Get:15 http://archive.ubuntu.com/ubuntu jammy-updates/main amd64 Packages [3340 kB]
Get:16 http://archive.ubuntu.com/ubuntu jammy-updates/restricted amd64 Packages [4703 kB]
Get:17 http://archive.ubuntu.com/ubuntu jammy-backports/universe amd64 Packages [35.2 kB]
Get:18 http://archive.ubuntu.com/ubuntu jammy-backports/main amd64 Packages [83.2 kB]
Fetched 38.9 MB in 3s (14.0 MB/s)
Reading package lists...
🔹 Installing system dependencies...
Reading package lists...
Building dependency tree...
Reading state information...
passwd is already the newest version (1:4.8.1-2ubuntu2.2).
The following additional packages will be installed:
  binutils binutils-common binutils-x86-64-linux-gnu blt cpp cpp-11 cython3
  fontconfig fontconfig-config fonts-dejavu-core fonts-lyx g++ g++-11 gcc
  gcc-11 gcc-11-base gdal-data ibverbs-providers libaec0 libaom3
  libarmadillo10 libarpack2 libasan6 libatomic1 libavcodec58 libavformat58
  libavutil56 libbinutils libblas3 libblosc1 libbluray2 libboost-dev
  libboost1.74-dev libbrotli1 libbsd0 libc-dev-bin libc6-dev libcairo-gobject2
  libcairo2 libcbor0.8 libcc1-0 libcfitsio9 libcharls2 libchromaprint1
  libcodec2-1.0 libcrypt-dev libctf-nobfd0 libctf0 libcurl3-gnutls libcurl4
  libdatrie1 libdav1d5 libdbus-1-3 libde265-0 libdeflate0
  libdouble-conversion3 libdrm-amdgpu1 libdrm-common libdrm-intel1
  libdrm-nouveau2 libdrm-radeon1 libdrm2 libedit2 libegl-mesa0 libegl1 libelf1
  libevdev2 libevent-core-2.1-7 libevent-pthreads-2.1-7 libexpat1
  libexpat1-dev libfabric1 libfido2-1 libfontconfig1 libfreetype6 libfreexl1
  libfribidi0 libfyba0 libgbm1 libgcc-11-dev libgdal30 libgdk-pixbuf-2.0-0
  libgdk-pixbuf2.0-common libgeos-c1v5 libgeos3.10.2 libgeotiff5 libgfortran5
  libgif7 libgl1 libgl1-mesa-dri libgl2ps1.4 libglapi-mesa libglew2.2
  libglib2.0-0 libglvnd0 libglx-mesa0 libglx0 libgme0 libgomp1 libgraphite2-3
  libgsm1 libgudev-1.0-0 libharfbuzz0b libhdf4-0-alt libhdf5-103-1
  libhdf5-hl-100 libheif1 libhwloc-plugins libhwloc15 libibverbs1 libice6
  libicu70 libimagequant0 libinput-bin libinput10 libisl23 libitm1 libjbig0
  libjpeg-turbo8 libjpeg8 libjs-jquery libjs-jquery-ui libjs-sphinxdoc
  libjs-underscore libjson-c5 libkmlbase1 libkmldom1 libkmlengine1 liblapack3
  liblaszip8 liblbfgsb0 liblcms2-2 libldap-2.5-0 libllvm15 liblsan0 libltdl7
  libmd0 libmd4c0 libmfx1 libminizip1 libmp3lame0 libmpc3 libmpdec3 libmpfr6
  libmpg123-0 libmtdev1 libmysqlclient21 libnetcdf19 libnghttp2-14 libnl-3-200
  libnl-route-3-200 libnorm1 libnsl-dev libnspr4 libnss3 libnuma1 libodbc2
  libodbcinst2 libogdi4.1 libogg0 libopenblas-dev libopenblas-pthread-dev
  libopenblas0 libopenblas0-pthread libopengl0 libopenjp2-7 libopenmpi3
  libopenmpt0 libopus0 libpango-1.0-0 libpangocairo-1.0-0 libpangoft2-1.0-0
  libpciaccess0 libpcre2-16-0 libpdal-base13 libpdal-util13 libpgm-5.3-0
  libpixman-1-0 libpmix2 libpng16-16 libpoppler118 libpopt0 libpq5 libproj22
  libpsl5 libpsm-infinipath1 libpsm2-2 libpython3-dev libpython3-stdlib
  libpython3.10 libpython3.10-dev libpython3.10-minimal libpython3.10-stdlib
  libqhull-r8.0 libqt5core5a libqt5dbus5 libqt5gui5 libqt5help5 libqt5network5
  libqt5sql5 libqt5widgets5 libquadmath0 librabbitmq4 libraqm0 librdmacm1
  libreadline8 librsvg2-2 librtmp1 librttopo1 libsasl2-2 libsasl2-modules-db
  libsensors-config libsensors5 libshine3 libsm6 libsnappy1v5 libsodium23
  libsoxr0 libspatialite7 libspeex1 libsqlite3-0 libsrt1.4-gnutls libssh-4
  libssh-gcrypt-4 libstdc++-11-dev libsuperlu5 libswresample3 libswscale5
  libsz2 libtcl8.6 libthai-data libthai0 libtheora0 libtiff5 libtirpc-dev
  libtk8.6 libtsan0 libtwolame0 libubsan1 libucx0 libudfread0 liburiparser1
  libva-drm2 libva-x11-2 libva2 libvdpau1 libvorbis0a libvorbisenc2
  libvorbisfile3 libvpx7 libwacom-common libwacom9 libwayland-client0
  libwayland-server0 libwebp7 libwebpdemux2 libwebpmux3 libx11-6 libx11-data
  libx11-xcb1 libx264-163 libx265-199 libxau6 libxcb-dri2-0 libxcb-dri3-0
  libxcb-glx0 libxcb-icccm4 libxcb-image0 libxcb-keysyms1 libxcb-present0
  libxcb-randr0 libxcb-render-util0 libxcb-render0 libxcb-shape0 libxcb-shm0
  libxcb-sync1 libxcb-util1 libxcb-xfixes0 libxcb-xinerama0 libxcb-xinput0
  libxcb-xkb1 libxcb1 libxcursor1 libxdmcp6 libxerces-c3.2 libxext6 libxfixes3
  libxft2 libxkbcommon-x11-0 libxkbcommon0 libxml2 libxnvctrl0 libxrender1
  libxshmfence1 libxsimd-dev libxslt1.1 libxss1 libxvidcore4 libxxf86vm1
  libzmq5 libzvbi-common libzvbi0 linux-libc-dev media-types mpi-default-bin
  mysql-common ocl-icd-libopencl1 openmpi-bin openmpi-common openssh-client
  openssl proj-data python-matplotlib-data python3-appdirs python3-attr
  python3-autobahn python3-automat python3-base58 python3-bcrypt
  python3-beniget python3-brotli python3-cbor python3-cffi
  python3-cffi-backend python3-constantly python3-cryptography python3-cycler
  python3-dateutil python3-decorator python3-dev python3-distutils
  python3-ecdsa python3-flatbuffers python3-fonttools python3-fs python3-gast
  python3-hamcrest python3-hyperlink python3-idna python3-incremental
  python3-kiwisolver python3-lib2to3 python3-lxml python3-lz4
  python3-matplotlib python3-minimal python3-mnemonic python3-mpi4py
  python3-mpmath python3-msgpack python3-nacl python3-numpy python3-openssl
  python3-packaging python3-passlib python3-pil python3-pil.imagetk
  python3-pip-whl python3-pkg-resources python3-ply python3-pyasn1
  python3-pyasn1-modules python3-pycparser python3-pyparsing python3-pyqrcode
  python3-pythran python3-scipy python3-service-identity python3-setuptools
  python3-setuptools-whl python3-six python3-snappy python3-sortedcontainers
  python3-sympy python3-tk python3-trie python3-twisted python3-txaio
  python3-tz python3-u-msgpack python3-ubjson python3-ufolib2 python3-ujson
  python3-unicodedata2 python3-wheel python3-wsaccel python3-zope.interface
  python3.10 python3.10-dev python3.10-minimal python3.10-venv readline-common
  rpcsvc-proto shared-mime-info tcl tcl8.6 tk8.6-blt2.5 tzdata ucf
  unicode-data unixodbc-common vim-common x11-common xkb-data xxd zlib1g-dev
Suggested packages:
  binutils-doc blt-demo cpp-doc gcc-11-locales cython-doc g++-multilib
  g++-11-multilib gcc-11-doc gcc-multilib make manpages-dev autoconf automake
  libtool flex bison gdb gcc-doc gcc-11-multilib libcuda1 libnvcuvid1
  libnvidia-encode1 libbluray-bdj libboost-doc libboost1.74-doc
  libboost-atomic1.74-dev libboost-chrono1.74-dev libboost-container1.74-dev
  libboost-context1.74-dev libboost-contract1.74-dev
  libboost-coroutine1.74-dev libboost-date-time1.74-dev
  libboost-exception1.74-dev libboost-fiber1.74-dev
  libboost-filesystem1.74-dev libboost-graph1.74-dev
  libboost-graph-parallel1.74-dev libboost-iostreams1.74-dev
  libboost-locale1.74-dev libboost-log1.74-dev libboost-math1.74-dev
  libboost-mpi1.74-dev libboost-mpi-python1.74-dev libboost-numpy1.74-dev
  libboost-program-options1.74-dev libboost-python1.74-dev
  libboost-random1.74-dev libboost-regex1.74-dev
  libboost-serialization1.74-dev libboost-stacktrace1.74-dev
  libboost-system1.74-dev libboost-test1.74-dev libboost-thread1.74-dev
  libboost-timer1.74-dev libboost-type-erasure1.74-dev libboost-wave1.74-dev
  libboost1.74-tools-dev libmpfrc++-dev libntl-dev libboost-nowide1.74-dev
  glibc-doc geotiff-bin gdal-bin libgeotiff-epsg glew-utils libhdf4-doc
  libhdf4-alt-dev hdf4-tools libhwloc-contrib-plugins libjs-jquery-ui-docs
  liblcms2-utils odbc-postgresql tdsodbc ogdi-bin opus-tools pciutils proj-bin
  qt5-image-formats-plugins qtwayland5 librsvg2-bin lm-sensors speex
  libstdc++-11-doc tk8.6 libxsimd-doc opencl-icd gfortran | fortran-compiler
  keychain libpam-ssh monkeysphere ssh-askpass hdf5-tools h5utils python3-doc
  python-attr-doc python-cryptography-doc python3-cryptography-vectors
  python-cycler-doc python-lxml-doc dvipng ffmpeg fonts-staypuft ghostscript
  gir1.2-gtk-3.0 inkscape ipython3 librsvg2-common python-matplotlib-doc
  python3-cairocffi python3-gi python3-gi-cairo python3-gobject python3-pyqt5
  python3-sip python3-tornado texlive-extra-utils texlive-latex-extra
  python-mpmath-doc python3-gmpy2 python-nacl-doc gfortran python-numpy-doc
  python3-pytest python-openssl-doc python3-openssl-dbg python-pil-doc
  python-ply-doc python-pyparsing-doc python-scipy-doc python-setuptools-doc
  python-sortedcontainers-doc texlive-fonts-extra python-sympy-doc tix
  python3-tk-dbg python-trie-doc python3-pampy python3-serial python3-wxgtk4.0
  python-txaio-doc python3.10-doc binfmt-support readline-doc openssh-server
  python3-braceexpand tcl-tclreadline indent
Recommended packages:
  libaacs0 manpages manpages-dev libc-devtools dbus proj-bin
  libgdk-pixbuf2.0-bin libgl1-amber-dri libglib2.0-data xdg-user-dirs
  javascript-common libldap-common libpdal-plugins poppler-data publicsuffix
  qttranslations5-l10n libqt5svg5 qt5-gtk-platformtheme libqt5sql5-sqlite
  | libqt5sql5-mysql | libqt5sql5-odbc | libqt5sql5-psql | libqt5sql5-tds
  | libqt5sql5-ibase librsvg2-common libsasl2-modules va-driver-all
  | va-driver vdpau-driver-all | vdpau-driver libwacom-bin xauth
  python3-paraview paraview-doc base58 python3-click python3-bs4
  python3-html5lib python3-olefile build-essential python3-png
The following NEW packages will be installed:
  apt-utils binutils binutils-common binutils-x86-64-linux-gnu blt
  ca-certificates cpp cpp-11 cython3 fontconfig fontconfig-config
  fonts-dejavu-core fonts-lyx g++ g++-11 gcc gcc-11 gcc-11-base gdal-data
  ibverbs-providers libaec0 libaom3 libarmadillo10 libarpack2 libasan6
  libatomic1 libavcodec58 libavformat58 libavutil56 libbinutils libblas3
  libblosc1 libbluray2 libboost-dev libboost1.74-dev libbrotli1 libbsd0
  libc-dev-bin libc6-dev libcairo-gobject2 libcairo2 libcbor0.8 libcc1-0
  libcfitsio9 libcharls2 libchromaprint1 libcodec2-1.0 libcrypt-dev
  libctf-nobfd0 libctf0 libcurl3-gnutls libcurl4 libdatrie1 libdav1d5
  libdbus-1-3 libde265-0 libdeflate0 libdouble-conversion3 libdrm-amdgpu1
  libdrm-common libdrm-intel1 libdrm-nouveau2 libdrm-radeon1 libdrm2 libedit2
  libegl-mesa0 libegl1 libelf1 libevdev2 libevent-core-2.1-7
  libevent-pthreads-2.1-7 libexpat1 libexpat1-dev libfabric1 libfido2-1
  libfontconfig1 libfreetype6 libfreexl1 libfribidi0 libfyba0 libgbm1
  libgcc-11-dev libgdal30 libgdk-pixbuf-2.0-0 libgdk-pixbuf2.0-common
  libgeos-c1v5 libgeos3.10.2 libgeotiff5 libgfortran5 libgif7 libgl1
  libgl1-mesa-dri libgl2ps1.4 libglapi-mesa libglew2.2 libglib2.0-0 libglvnd0
  libglx-mesa0 libglx0 libgme0 libgomp1 libgraphite2-3 libgsm1 libgudev-1.0-0
  libharfbuzz0b libhdf4-0-alt libhdf5-103-1 libhdf5-hl-100 libheif1
  libhwloc-plugins libhwloc15 libibverbs1 libice6 libicu70 libimagequant0
  libinput-bin libinput10 libisl23 libitm1 libjbig0 libjpeg-turbo8 libjpeg8
  libjs-jquery libjs-jquery-ui libjs-sphinxdoc libjs-underscore libjson-c5
  libkmlbase1 libkmldom1 libkmlengine1 liblapack3 liblaszip8 liblbfgsb0
  liblcms2-2 libldap-2.5-0 libllvm15 liblsan0 libltdl7 libmd0 libmd4c0 libmfx1
  libminizip1 libmp3lame0 libmpc3 libmpdec3 libmpfr6 libmpg123-0 libmtdev1
  libmysqlclient21 libnetcdf19 libnghttp2-14 libnl-3-200 libnl-route-3-200
  libnorm1 libnsl-dev libnspr4 libnss-wrapper libnss3 libnuma1 libodbc2
  libodbcinst2 libogdi4.1 libogg0 libopenblas-dev libopenblas-pthread-dev
  libopenblas0 libopenblas0-pthread libopengl0 libopenjp2-7 libopenmpi3
  libopenmpt0 libopus0 libpango-1.0-0 libpangocairo-1.0-0 libpangoft2-1.0-0
  libpciaccess0 libpcre2-16-0 libpdal-base13 libpdal-util13 libpgm-5.3-0
  libpixman-1-0 libpmix2 libpng16-16 libpoppler118 libpopt0 libpq5 libproj22
  libpsl5 libpsm-infinipath1 libpsm2-2 libpython3-dev libpython3-stdlib
  libpython3.10 libpython3.10-dev libpython3.10-minimal libpython3.10-stdlib
  libqhull-r8.0 libqt5core5a libqt5dbus5 libqt5gui5 libqt5help5 libqt5network5
  libqt5sql5 libqt5widgets5 libquadmath0 librabbitmq4 libraqm0 librdmacm1
  libreadline8 librsvg2-2 librtmp1 librttopo1 libsasl2-2 libsasl2-modules-db
  libsensors-config libsensors5 libshine3 libsm6 libsnappy1v5 libsodium23
  libsoxr0 libspatialite7 libspeex1 libsqlite3-0 libsrt1.4-gnutls libssh-4
  libssh-gcrypt-4 libstdc++-11-dev libsuperlu5 libswresample3 libswscale5
  libsz2 libtcl8.6 libthai-data libthai0 libtheora0 libtiff5 libtirpc-dev
  libtk8.6 libtsan0 libtwolame0 libubsan1 libucx0 libudfread0 liburiparser1
  libva-drm2 libva-x11-2 libva2 libvdpau1 libvorbis0a libvorbisenc2
  libvorbisfile3 libvpx7 libwacom-common libwacom9 libwayland-client0
  libwayland-server0 libwebp7 libwebpdemux2 libwebpmux3 libx11-6 libx11-data
  libx11-xcb1 libx264-163 libx265-199 libxau6 libxcb-dri2-0 libxcb-dri3-0
  libxcb-glx0 libxcb-icccm4 libxcb-image0 libxcb-keysyms1 libxcb-present0
  libxcb-randr0 libxcb-render-util0 libxcb-render0 libxcb-shape0 libxcb-shm0
  libxcb-sync1 libxcb-util1 libxcb-xfixes0 libxcb-xinerama0 libxcb-xinput0
  libxcb-xkb1 libxcb1 libxcursor1 libxdmcp6 libxerces-c3.2 libxext6 libxfixes3
  libxft2 libxkbcommon-x11-0 libxkbcommon0 libxml2 libxnvctrl0 libxrender1
  libxshmfence1 libxsimd-dev libxslt1.1 libxss1 libxvidcore4 libxxf86vm1
  libzmq5 libzvbi-common libzvbi0 linux-libc-dev media-types mpi-default-bin
  mysql-common nano-tiny ocl-icd-libopencl1 openmpi-bin openmpi-common
  openssh-client openssl paraview proj-data python-matplotlib-data python3
  python3-appdirs python3-attr python3-autobahn python3-automat python3-base58
  python3-bcrypt python3-beniget python3-brotli python3-cbor python3-cffi
  python3-cffi-backend python3-constantly python3-cryptography python3-cycler
  python3-dateutil python3-decorator python3-dev python3-distutils
  python3-ecdsa python3-flatbuffers python3-fonttools python3-fs python3-gast
  python3-hamcrest python3-hyperlink python3-idna python3-incremental
  python3-kiwisolver python3-lib2to3 python3-lxml python3-lz4
  python3-matplotlib python3-minimal python3-mnemonic python3-mpi4py
  python3-mpmath python3-msgpack python3-nacl python3-numpy python3-openssl
  python3-packaging python3-passlib python3-pil python3-pil.imagetk
  python3-pip python3-pip-whl python3-pkg-resources python3-ply python3-pyasn1
  python3-pyasn1-modules python3-pycparser python3-pyparsing python3-pyqrcode
  python3-pythran python3-scipy python3-service-identity python3-setuptools
  python3-setuptools-whl python3-six python3-snappy python3-sortedcontainers
  python3-sympy python3-tk python3-trie python3-twisted python3-txaio
  python3-tz python3-u-msgpack python3-ubjson python3-ufolib2 python3-ujson
  python3-unicodedata2 python3-venv python3-wheel python3-wsaccel
  python3-zope.interface python3.10 python3.10-dev python3.10-minimal
  python3.10-venv readline-common rpcsvc-proto rsync shared-mime-info tcl
  tcl8.6 tk8.6-blt2.5 tzdata ucf unicode-data unixodbc-common vim-common
  vim-tiny wget x11-common xkb-data xxd zlib1g-dev
0 upgraded, 417 newly installed, 0 to remove and 6 not upgraded.
Need to get 350 MB of archives.
After this operation, 1497 MB of additional disk space will be used.
Get:1 http://archive.ubuntu.com/ubuntu jammy-updates/main amd64 libpython3.10-minimal amd64 3.10.12-1~22.04.10 [815 kB]
Get:2 http://archive.ubuntu.com/ubuntu jammy-updates/main amd64 libexpat1 amd64 2.4.7-1ubuntu0.6 [92.1 kB]
Get:3 http://archive.ubuntu.com/ubuntu jammy-updates/main amd64 python3.10-minimal amd64 3.10.12-1~22.04.10 [2277 kB]
Get:4 http://archive.ubuntu.com/ubuntu jammy-updates/main amd64 python3-minimal amd64 3.10.6-1~22.04.1 [24.3 kB]
Get:5 http://archive.ubuntu.com/ubuntu jammy/main amd64 media-types all 7.0.0 [25.5 kB]
Get:6 http://archive.ubuntu.com/ubuntu jammy/main amd64 libmpdec3 amd64 2.5.1-2build2 [86.8 kB]
Get:7 http://archive.ubuntu.com/ubuntu jammy/main amd64 readline-common all 8.1.2-1 [53.5 kB]
Get:8 http://archive.ubuntu.com/ubuntu jammy/main amd64 libreadline8 amd64 8.1.2-1 [153 kB]
Get:9 http://archive.ubuntu.com/ubuntu jammy-updates/main amd64 libsqlite3-0 amd64 3.37.2-2ubuntu0.4 [643 kB]
Get:10 http://archive.ubuntu.com/ubuntu jammy-updates/main amd64 libpython3.10-stdlib amd64 3.10.12-1~22.04.10 [1850 kB]
Get:11 http://archive.ubuntu.com/ubuntu jammy-updates/main amd64 python3.10 amd64 3.10.12-1~22.04.10 [508 kB]
Get:12 http://archive.ubuntu.com/ubuntu jammy-updates/main amd64 libpython3-stdlib amd64 3.10.6-1~22.04.1 [6812 B]
Get:13 http://archive.ubuntu.com/ubuntu jammy-updates/main amd64 python3 amd64 3.10.6-1~22.04.1 [22.8 kB]
Get:14 http://archive.ubuntu.com/ubuntu jammy/main amd64 libpopt0 amd64 1.18-3build1 [28.2 kB]
Get:15 http://archive.ubuntu.com/ubuntu jammy-updates/main amd64 rsync amd64 3.2.7-0ubuntu0.22.04.4 [437 kB]
Get:16 http://archive.ubuntu.com/ubuntu jammy-updates/main amd64 apt-utils amd64 2.4.14 [211 kB]
Get:17 http://archive.ubuntu.com/ubuntu jammy-updates/main amd64 openssl amd64 3.0.2-0ubuntu1.19 [1186 kB]
Get:18 http://archive.ubuntu.com/ubuntu jammy-updates/main amd64 ca-certificates all 20240203~22.04.1 [162 kB]
Get:19 http://archive.ubuntu.com/ubuntu jammy/main amd64 libmd0 amd64 1.0.4-1build1 [23.0 kB]
Get:20 http://archive.ubuntu.com/ubuntu jammy/main amd64 libbsd0 amd64 0.11.5-1 [44.8 kB]
Get:21 http://archive.ubuntu.com/ubuntu jammy-updates/main amd64 libdbus-1-3 amd64 1.12.20-2ubuntu4.1 [189 kB]
Get:22 http://archive.ubuntu.com/ubuntu jammy-updates/main amd64 libelf1 amd64 0.186-1ubuntu0.1 [51.1 kB]
Get:23 http://archive.ubuntu.com/ubuntu jammy-updates/main amd64 libfribidi0 amd64 1.0.8-2ubuntu3.1 [26.1 kB]
Get:24 http://archive.ubuntu.com/ubuntu jammy-updates/main amd64 libglib2.0-0 amd64 2.72.4-0ubuntu2.5 [1466 kB]
Get:25 http://archive.ubuntu.com/ubuntu jammy/main amd64 libicu70 amd64 70.1-2 [10.6 MB]
Get:26 http://archive.ubuntu.com/ubuntu jammy-updates/main amd64 libjson-c5 amd64 0.15-3~ubuntu1.22.04.2 [33.5 kB]
Get:27 http://archive.ubuntu.com/ubuntu jammy-updates/main amd64 libxml2 amd64 2.9.13+dfsg-1ubuntu0.7 [763 kB]
Get:28 http://archive.ubuntu.com/ubuntu jammy-updates/main amd64 python3-pkg-resources all 59.6.0-1.2ubuntu0.22.04.3 [133 kB]
Get:29 http://archive.ubuntu.com/ubuntu jammy/main amd64 shared-mime-info amd64 2.1-2 [454 kB]
Get:30 http://archive.ubuntu.com/ubuntu jammy-updates/main amd64 tzdata all 2025b-0ubuntu0.22.04.1 [347 kB]
Get:31 http://archive.ubuntu.com/ubuntu jammy/main amd64 ucf all 3.0043 [56.1 kB]
Get:32 http://archive.ubuntu.com/ubuntu jammy-updates/main amd64 xxd amd64 2:8.2.3995-1ubuntu2.24 [51.4 kB]
Get:33 http://archive.ubuntu.com/ubuntu jammy-updates/main amd64 vim-common all 2:8.2.3995-1ubuntu2.24 [81.5 kB]
Get:34 http://archive.ubuntu.com/ubuntu jammy-updates/main amd64 vim-tiny amd64 2:8.2.3995-1ubuntu2.24 [707 kB]
Get:35 http://archive.ubuntu.com/ubuntu jammy/main amd64 xkb-data all 2.33-1 [394 kB]
Get:36 http://archive.ubuntu.com/ubuntu jammy/main amd64 libcbor0.8 amd64 0.8.0-2ubuntu1 [24.6 kB]
Get:37 http://archive.ubuntu.com/ubuntu jammy-updates/main amd64 libdrm-common all 2.4.113-2~ubuntu0.22.04.1 [5450 B]
Get:38 http://archive.ubuntu.com/ubuntu jammy-updates/main amd64 libdrm2 amd64 2.4.113-2~ubuntu0.22.04.1 [38.1 kB]
Get:39 http://archive.ubuntu.com/ubuntu jammy/main amd64 libedit2 amd64 3.1-20210910-1build1 [96.8 kB]
Get:40 http://archive.ubuntu.com/ubuntu jammy/main amd64 libfido2-1 amd64 1.10.0-1 [82.8 kB]
Get:41 http://archive.ubuntu.com/ubuntu jammy-updates/main amd64 libnghttp2-14 amd64 1.43.0-1ubuntu0.2 [76.9 kB]
Get:42 http://archive.ubuntu.com/ubuntu jammy/main amd64 libnuma1 amd64 2.0.14-3ubuntu2 [22.5 kB]
Get:43 http://archive.ubuntu.com/ubuntu jammy/main amd64 libpng16-16 amd64 1.6.37-3build5 [191 kB]
Get:44 http://archive.ubuntu.com/ubuntu jammy/main amd64 libpsl5 amd64 0.21.0-1.2build2 [58.4 kB]
Get:45 http://archive.ubuntu.com/ubuntu jammy/main amd64 libxau6 amd64 1:1.0.9-1build5 [7634 B]
Get:46 http://archive.ubuntu.com/ubuntu jammy/main amd64 libxdmcp6 amd64 1:1.1.3-0ubuntu5 [10.9 kB]
Get:47 http://archive.ubuntu.com/ubuntu jammy/main amd64 libxcb1 amd64 1.14-3ubuntu3 [49.0 kB]
Get:48 http://archive.ubuntu.com/ubuntu jammy-updates/main amd64 libx11-data all 2:1.7.5-1ubuntu0.3 [120 kB]
Get:49 http://archive.ubuntu.com/ubuntu jammy-updates/main amd64 libx11-6 amd64 2:1.7.5-1ubuntu0.3 [667 kB]
Get:50 http://archive.ubuntu.com/ubuntu jammy/main amd64 libxext6 amd64 2:1.3.4-1build1 [31.8 kB]
Get:51 http://archive.ubuntu.com/ubuntu jammy-updates/main amd64 openssh-client amd64 1:8.9p1-3ubuntu0.13 [903 kB]
Get:52 http://archive.ubuntu.com/ubuntu jammy-updates/main amd64 wget amd64 1.21.2-2ubuntu1.1 [339 kB]
Get:53 http://archive.ubuntu.com/ubuntu jammy-updates/main amd64 binutils-common amd64 2.38-4ubuntu2.8 [223 kB]
Get:54 http://archive.ubuntu.com/ubuntu jammy-updates/main amd64 libbinutils amd64 2.38-4ubuntu2.8 [661 kB]
Get:55 http://archive.ubuntu.com/ubuntu jammy-updates/main amd64 libctf-nobfd0 amd64 2.38-4ubuntu2.8 [108 kB]
Get:56 http://archive.ubuntu.com/ubuntu jammy-updates/main amd64 libctf0 amd64 2.38-4ubuntu2.8 [103 kB]
Get:57 http://archive.ubuntu.com/ubuntu jammy-updates/main amd64 binutils-x86-64-linux-gnu amd64 2.38-4ubuntu2.8 [2324 kB]
Get:58 http://archive.ubuntu.com/ubuntu jammy-updates/main amd64 binutils amd64 2.38-4ubuntu2.8 [3196 B]
Get:59 http://archive.ubuntu.com/ubuntu jammy/main amd64 libtcl8.6 amd64 8.6.12+dfsg-1build1 [990 kB]
Get:60 http://archive.ubuntu.com/ubuntu jammy/main amd64 libbrotli1 amd64 1.0.9-2build6 [315 kB]
Get:61 http://archive.ubuntu.com/ubuntu jammy-updates/main amd64 libfreetype6 amd64 2.11.1+dfsg-1ubuntu0.3 [388 kB]
Get:62 http://archive.ubuntu.com/ubuntu jammy/main amd64 fonts-dejavu-core all 2.37-2build1 [1041 kB]
Get:63 http://archive.ubuntu.com/ubuntu jammy/main amd64 fontconfig-config all 2.13.1-4.2ubuntu5 [29.1 kB]
Get:64 http://archive.ubuntu.com/ubuntu jammy/main amd64 libfontconfig1 amd64 2.13.1-4.2ubuntu5 [131 kB]
Get:65 http://archive.ubuntu.com/ubuntu jammy/main amd64 libxrender1 amd64 1:0.9.10-1build4 [19.7 kB]
Get:66 http://archive.ubuntu.com/ubuntu jammy/main amd64 libxft2 amd64 2.3.4-1 [41.8 kB]
Get:67 http://archive.ubuntu.com/ubuntu jammy/main amd64 x11-common all 1:7.7+23ubuntu2 [23.4 kB]
Get:68 http://archive.ubuntu.com/ubuntu jammy/main amd64 libxss1 amd64 1:1.2.3-1build2 [8476 B]
Get:69 http://archive.ubuntu.com/ubuntu jammy/main amd64 libtk8.6 amd64 8.6.12-1build1 [784 kB]
Get:70 http://archive.ubuntu.com/ubuntu jammy/main amd64 tk8.6-blt2.5 amd64 2.5.3+dfsg-4.1build2 [643 kB]
Get:71 http://archive.ubuntu.com/ubuntu jammy/main amd64 blt amd64 2.5.3+dfsg-4.1build2 [4838 B]
Get:72 http://archive.ubuntu.com/ubuntu jammy-updates/main amd64 gcc-11-base amd64 11.4.0-1ubuntu1~22.04 [20.2 kB]
Get:73 http://archive.ubuntu.com/ubuntu jammy/main amd64 libisl23 amd64 0.24-2build1 [727 kB]
Get:74 http://archive.ubuntu.com/ubuntu jammy/main amd64 libmpfr6 amd64 4.1.0-3build3 [1425 kB]
Get:75 http://archive.ubuntu.com/ubuntu jammy/main amd64 libmpc3 amd64 1.2.1-2build1 [46.9 kB]
Get:76 http://archive.ubuntu.com/ubuntu jammy-updates/main amd64 cpp-11 amd64 11.4.0-1ubuntu1~22.04 [10.0 MB]
Get:77 http://archive.ubuntu.com/ubuntu jammy/main amd64 cpp amd64 4:11.2.0-1ubuntu1 [27.7 kB]
Get:78 http://archive.ubuntu.com/ubuntu jammy/universe amd64 cython3 amd64 0.29.28-1ubuntu3 [1336 kB]
Get:79 http://archive.ubuntu.com/ubuntu jammy/main amd64 fontconfig amd64 2.13.1-4.2ubuntu5 [177 kB]
Get:80 http://archive.ubuntu.com/ubuntu jammy/universe amd64 fonts-lyx all 2.3.6-1 [159 kB]
Get:81 http://archive.ubuntu.com/ubuntu jammy-updates/main amd64 libcc1-0 amd64 12.3.0-1ubuntu1~22.04 [48.3 kB]
Get:82 http://archive.ubuntu.com/ubuntu jammy-updates/main amd64 libgomp1 amd64 12.3.0-1ubuntu1~22.04 [126 kB]
Get:83 http://archive.ubuntu.com/ubuntu jammy-updates/main amd64 libitm1 amd64 12.3.0-1ubuntu1~22.04 [30.2 kB]
Get:84 http://archive.ubuntu.com/ubuntu jammy-updates/main amd64 libatomic1 amd64 12.3.0-1ubuntu1~22.04 [10.4 kB]
Get:85 http://archive.ubuntu.com/ubuntu jammy-updates/main amd64 libasan6 amd64 11.4.0-1ubuntu1~22.04 [2282 kB]
Get:86 http://archive.ubuntu.com/ubuntu jammy-updates/main amd64 liblsan0 amd64 12.3.0-1ubuntu1~22.04 [1069 kB]
Get:87 http://archive.ubuntu.com/ubuntu jammy-updates/main amd64 libtsan0 amd64 11.4.0-1ubuntu1~22.04 [2260 kB]
Get:88 http://archive.ubuntu.com/ubuntu jammy-updates/main amd64 libubsan1 amd64 12.3.0-1ubuntu1~22.04 [976 kB]
Get:89 http://archive.ubuntu.com/ubuntu jammy-updates/main amd64 libquadmath0 amd64 12.3.0-1ubuntu1~22.04 [154 kB]
Get:90 http://archive.ubuntu.com/ubuntu jammy-updates/main amd64 libgcc-11-dev amd64 11.4.0-1ubuntu1~22.04 [2517 kB]
Get:91 http://archive.ubuntu.com/ubuntu jammy-updates/main amd64 gcc-11 amd64 11.4.0-1ubuntu1~22.04 [20.1 MB]
Get:92 http://archive.ubuntu.com/ubuntu jammy/main amd64 gcc amd64 4:11.2.0-1ubuntu1 [5112 B]
Get:93 http://archive.ubuntu.com/ubuntu jammy-updates/main amd64 libc-dev-bin amd64 2.35-0ubuntu3.10 [20.3 kB]
Get:94 http://archive.ubuntu.com/ubuntu jammy-updates/main amd64 linux-libc-dev amd64 5.15.0-142.152 [1321 kB]
Get:95 http://archive.ubuntu.com/ubuntu jammy/main amd64 libcrypt-dev amd64 1:4.4.27-1 [112 kB]
Get:96 http://archive.ubuntu.com/ubuntu jammy/main amd64 rpcsvc-proto amd64 1.4.2-0ubuntu6 [68.5 kB]
Get:97 http://archive.ubuntu.com/ubuntu jammy-updates/main amd64 libtirpc-dev amd64 1.3.2-2ubuntu0.1 [192 kB]
Get:98 http://archive.ubuntu.com/ubuntu jammy/main amd64 libnsl-dev amd64 1.3.0-2build2 [71.3 kB]
Get:99 http://archive.ubuntu.com/ubuntu jammy-updates/main amd64 libc6-dev amd64 2.35-0ubuntu3.10 [2100 kB]
Get:100 http://archive.ubuntu.com/ubuntu jammy-updates/main amd64 libstdc++-11-dev amd64 11.4.0-1ubuntu1~22.04 [2101 kB]
Get:101 http://archive.ubuntu.com/ubuntu jammy-updates/main amd64 g++-11 amd64 11.4.0-1ubuntu1~22.04 [11.4 MB]
Get:102 http://archive.ubuntu.com/ubuntu jammy/main amd64 g++ amd64 4:11.2.0-1ubuntu1 [1412 B]
Get:103 http://archive.ubuntu.com/ubuntu jammy/universe amd64 gdal-data all 3.4.1+dfsg-1build4 [216 kB]
Get:104 http://archive.ubuntu.com/ubuntu jammy/main amd64 libnl-3-200 amd64 3.5.0-0.1 [59.1 kB]
Get:105 http://archive.ubuntu.com/ubuntu jammy/main amd64 libnl-route-3-200 amd64 3.5.0-0.1 [180 kB]
Get:106 http://archive.ubuntu.com/ubuntu jammy/main amd64 libibverbs1 amd64 39.0-1 [69.3 kB]
Get:107 http://archive.ubuntu.com/ubuntu jammy/main amd64 ibverbs-providers amd64 39.0-1 [341 kB]
Get:108 http://archive.ubuntu.com/ubuntu jammy/universe amd64 libaec0 amd64 1.0.6-1 [20.1 kB]
Get:109 http://archive.ubuntu.com/ubuntu jammy-updates/universe amd64 libaom3 amd64 3.3.0-1ubuntu0.1 [1748 kB]
Get:110 http://archive.ubuntu.com/ubuntu jammy/main amd64 libblas3 amd64 3.10.0-2ubuntu1 [228 kB]
Get:111 http://archive.ubuntu.com/ubuntu jammy-updates/main amd64 libgfortran5 amd64 12.3.0-1ubuntu1~22.04 [879 kB]
Get:112 http://archive.ubuntu.com/ubuntu jammy/universe amd64 libopenblas0-pthread amd64 0.3.20+ds-1 [6803 kB]
Get:113 http://archive.ubuntu.com/ubuntu jammy/main amd64 liblapack3 amd64 3.10.0-2ubuntu1 [2504 kB]
Get:114 http://archive.ubuntu.com/ubuntu jammy/universe amd64 libarpack2 amd64 3.8.0-1 [92.4 kB]
Get:115 http://archive.ubuntu.com/ubuntu jammy/universe amd64 libsuperlu5 amd64 5.3.0+dfsg1-2 [183 kB]
Get:116 http://archive.ubuntu.com/ubuntu jammy/universe amd64 libarmadillo10 amd64 1:10.8.2+dfsg-1 [105 kB]
Get:117 http://archive.ubuntu.com/ubuntu jammy/universe amd64 libva2 amd64 2.14.0-1 [65.0 kB]
Get:118 http://archive.ubuntu.com/ubuntu jammy/universe amd64 libmfx1 amd64 22.3.0-1 [3105 kB]
Get:119 http://archive.ubuntu.com/ubuntu jammy/universe amd64 libva-drm2 amd64 2.14.0-1 [7502 B]
Get:120 http://archive.ubuntu.com/ubuntu jammy/main amd64 libxfixes3 amd64 1:6.0.0-1 [11.7 kB]
Get:121 http://archive.ubuntu.com/ubuntu jammy/universe amd64 libva-x11-2 amd64 2.14.0-1 [12.6 kB]
Get:122 http://archive.ubuntu.com/ubuntu jammy/main amd64 libvdpau1 amd64 1.4-3build2 [27.0 kB]
Get:123 http://archive.ubuntu.com/ubuntu jammy/universe amd64 ocl-icd-libopencl1 amd64 2.2.14-3 [39.1 kB]
Get:124 http://archive.ubuntu.com/ubuntu jammy-updates/universe amd64 libavutil56 amd64 7:4.4.2-0ubuntu0.22.04.1 [290 kB]
Get:125 http://archive.ubuntu.com/ubuntu jammy-updates/main amd64 libpixman-1-0 amd64 0.40.0-1ubuntu0.22.04.1 [264 kB]
Get:126 http://archive.ubuntu.com/ubuntu jammy/main amd64 libxcb-render0 amd64 1.14-3ubuntu3 [16.4 kB]
Get:127 http://archive.ubuntu.com/ubuntu jammy/main amd64 libxcb-shm0 amd64 1.14-3ubuntu3 [5780 B]
Get:128 http://archive.ubuntu.com/ubuntu jammy/main amd64 libcairo2 amd64 1.16.0-5ubuntu2 [628 kB]
Get:129 http://archive.ubuntu.com/ubuntu jammy/universe amd64 libcodec2-1.0 amd64 1.0.1-3 [8435 kB]
Get:130 http://archive.ubuntu.com/ubuntu jammy/universe amd64 libdav1d5 amd64 0.9.2-1 [463 kB]
Get:131 http://archive.ubuntu.com/ubuntu jammy/universe amd64 libgsm1 amd64 1.0.19-1 [27.7 kB]
Get:132 http://archive.ubuntu.com/ubuntu jammy/main amd64 libmp3lame0 amd64 3.100-3build2 [141 kB]
Get:133 http://archive.ubuntu.com/ubuntu jammy-updates/main amd64 libopenjp2-7 amd64 2.4.0-6ubuntu0.3 [158 kB]
Get:134 http://archive.ubuntu.com/ubuntu jammy/main amd64 libopus0 amd64 1.3.1-0.1build2 [203 kB]
Get:135 http://archive.ubuntu.com/ubuntu jammy/main amd64 libcairo-gobject2 amd64 1.16.0-5ubuntu2 [19.4 kB]
Get:136 http://archive.ubuntu.com/ubuntu jammy-updates/main amd64 libgdk-pixbuf2.0-common all 2.42.8+dfsg-1ubuntu0.3 [5630 B]
Get:137 http://archive.ubuntu.com/ubuntu jammy/main amd64 libjpeg-turbo8 amd64 2.1.2-0ubuntu1 [134 kB]
Get:138 http://archive.ubuntu.com/ubuntu jammy/main amd64 libjpeg8 amd64 8c-2ubuntu10 [2264 B]
Get:139 http://archive.ubuntu.com/ubuntu jammy/main amd64 libdeflate0 amd64 1.10-2 [70.9 kB]
Get:140 http://archive.ubuntu.com/ubuntu jammy-updates/main amd64 libjbig0 amd64 2.1-3.1ubuntu0.22.04.1 [29.2 kB]
Get:141 http://archive.ubuntu.com/ubuntu jammy-updates/main amd64 libwebp7 amd64 1.2.2-2ubuntu0.22.04.2 [206 kB]
Get:142 http://archive.ubuntu.com/ubuntu jammy-updates/main amd64 libtiff5 amd64 4.3.0-6ubuntu0.10 [185 kB]
Get:143 http://archive.ubuntu.com/ubuntu jammy-updates/main amd64 libgdk-pixbuf-2.0-0 amd64 2.42.8+dfsg-1ubuntu0.3 [148 kB]
Get:144 http://archive.ubuntu.com/ubuntu jammy/main amd64 libgraphite2-3 amd64 1.3.14-1build2 [71.3 kB]
Get:145 http://archive.ubuntu.com/ubuntu jammy-updates/main amd64 libharfbuzz0b amd64 2.7.4-1ubuntu3.2 [353 kB]
Get:146 http://archive.ubuntu.com/ubuntu jammy/main amd64 libthai-data all 0.1.29-1build1 [162 kB]
Get:147 http://archive.ubuntu.com/ubuntu jammy/main amd64 libdatrie1 amd64 0.2.13-2 [19.9 kB]
Get:148 http://archive.ubuntu.com/ubuntu jammy/main amd64 libthai0 amd64 0.1.29-1build1 [19.2 kB]
Get:149 http://archive.ubuntu.com/ubuntu jammy-updates/main amd64 libpango-1.0-0 amd64 1.50.6+ds-2ubuntu1 [230 kB]
Get:150 http://archive.ubuntu.com/ubuntu jammy-updates/main amd64 libpangoft2-1.0-0 amd64 1.50.6+ds-2ubuntu1 [54.0 kB]
Get:151 http://archive.ubuntu.com/ubuntu jammy-updates/main amd64 libpangocairo-1.0-0 amd64 1.50.6+ds-2ubuntu1 [39.8 kB]
Get:152 http://archive.ubuntu.com/ubuntu jammy-updates/main amd64 librsvg2-2 amd64 2.52.5+dfsg-3ubuntu0.2 [2974 kB]
Get:153 http://archive.ubuntu.com/ubuntu jammy/universe amd64 libshine3 amd64 3.1.1-2 [23.2 kB]
Get:154 http://archive.ubuntu.com/ubuntu jammy/main amd64 libsnappy1v5 amd64 1.1.8-1build3 [17.5 kB]
Get:155 http://archive.ubuntu.com/ubuntu jammy/main amd64 libspeex1 amd64 1.2~rc1.2-1.1ubuntu3 [57.9 kB]
Get:156 http://archive.ubuntu.com/ubuntu jammy/main amd64 libsoxr0 amd64 0.1.3-4build2 [79.8 kB]
Get:157 http://archive.ubuntu.com/ubuntu jammy-updates/universe amd64 libswresample3 amd64 7:4.4.2-0ubuntu0.22.04.1 [62.2 kB]
Get:158 http://archive.ubuntu.com/ubuntu jammy/main amd64 libogg0 amd64 1.3.5-0ubuntu3 [22.9 kB]
Get:159 http://archive.ubuntu.com/ubuntu jammy/main amd64 libtheora0 amd64 1.1.1+dfsg.1-15ubuntu4 [209 kB]
Get:160 http://archive.ubuntu.com/ubuntu jammy/main amd64 libtwolame0 amd64 0.4.0-2build2 [52.5 kB]
Get:161 http://archive.ubuntu.com/ubuntu jammy/main amd64 libvorbis0a amd64 1.3.7-1build2 [99.2 kB]
Get:162 http://archive.ubuntu.com/ubuntu jammy/main amd64 libvorbisenc2 amd64 1.3.7-1build2 [82.6 kB]
Get:163 http://archive.ubuntu.com/ubuntu jammy-updates/main amd64 libvpx7 amd64 1.11.0-2ubuntu2.4 [1078 kB]
Get:164 http://archive.ubuntu.com/ubuntu jammy-updates/main amd64 libwebpmux3 amd64 1.2.2-2ubuntu0.22.04.2 [20.5 kB]
Get:165 http://archive.ubuntu.com/ubuntu jammy/universe amd64 libx264-163 amd64 2:0.163.3060+git5db6aa6-2build1 [591 kB]
Get:166 http://archive.ubuntu.com/ubuntu jammy/universe amd64 libx265-199 amd64 3.5-2 [1170 kB]
Get:167 http://archive.ubuntu.com/ubuntu jammy/universe amd64 libxvidcore4 amd64 2:1.3.7-1 [201 kB]
Get:168 http://archive.ubuntu.com/ubuntu jammy/universe amd64 libzvbi-common all 0.2.35-19 [35.5 kB]
Get:169 http://archive.ubuntu.com/ubuntu jammy/universe amd64 libzvbi0 amd64 0.2.35-19 [262 kB]
Get:170 http://archive.ubuntu.com/ubuntu jammy-updates/universe amd64 libavcodec58 amd64 7:4.4.2-0ubuntu0.22.04.1 [5567 kB]
Get:171 http://archive.ubuntu.com/ubuntu jammy/universe amd64 libudfread0 amd64 1.1.2-1 [16.2 kB]
Get:172 http://archive.ubuntu.com/ubuntu jammy/universe amd64 libbluray2 amd64 1:1.3.1-1 [159 kB]
Get:173 http://archive.ubuntu.com/ubuntu jammy/universe amd64 libchromaprint1 amd64 1.5.1-2 [28.4 kB]
Get:174 http://archive.ubuntu.com/ubuntu jammy/universe amd64 libgme0 amd64 0.6.3-2 [127 kB]
Get:175 http://archive.ubuntu.com/ubuntu jammy-updates/main amd64 libmpg123-0 amd64 1.29.3-1ubuntu0.1 [172 kB]
Get:176 http://archive.ubuntu.com/ubuntu jammy/main amd64 libvorbisfile3 amd64 1.3.7-1build2 [17.1 kB]
Get:177 http://archive.ubuntu.com/ubuntu jammy/universe amd64 libopenmpt0 amd64 0.6.1-1 [592 kB]
Get:178 http://archive.ubuntu.com/ubuntu jammy/main amd64 librabbitmq4 amd64 0.10.0-1ubuntu2 [39.3 kB]
Get:179 http://archive.ubuntu.com/ubuntu jammy/universe amd64 libsrt1.4-gnutls amd64 1.4.4-4 [309 kB]
Get:180 http://archive.ubuntu.com/ubuntu jammy-updates/main amd64 libssh-gcrypt-4 amd64 0.9.6-2ubuntu0.22.04.3 [223 kB]
Get:181 http://archive.ubuntu.com/ubuntu jammy/universe amd64 libnorm1 amd64 1.5.9+dfsg-2 [221 kB]
Get:182 http://archive.ubuntu.com/ubuntu jammy/universe amd64 libpgm-5.3-0 amd64 5.3.128~dfsg-2 [161 kB]
Get:183 http://archive.ubuntu.com/ubuntu jammy/main amd64 libsodium23 amd64 1.0.18-1build2 [164 kB]
Get:184 http://archive.ubuntu.com/ubuntu jammy/universe amd64 libzmq5 amd64 4.3.4-2 [256 kB]
Get:185 http://archive.ubuntu.com/ubuntu jammy-updates/universe amd64 libavformat58 amd64 7:4.4.2-0ubuntu0.22.04.1 [1103 kB]
Get:186 http://archive.ubuntu.com/ubuntu jammy/universe amd64 libblosc1 amd64 1.21.1+ds2-2 [35.8 kB]
Get:187 http://archive.ubuntu.com/ubuntu jammy/main amd64 libboost1.74-dev amd64 1.74.0-14ubuntu3 [9609 kB]
Get:188 http://archive.ubuntu.com/ubuntu jammy/main amd64 libboost-dev amd64 1.74.0.3ubuntu7 [3490 B]
Get:189 http://archive.ubuntu.com/ubuntu jammy-updates/main amd64 libsasl2-modules-db amd64 2.1.27+dfsg2-3ubuntu1.2 [20.5 kB]
Get:190 http://archive.ubuntu.com/ubuntu jammy-updates/main amd64 libsasl2-2 amd64 2.1.27+dfsg2-3ubuntu1.2 [53.8 kB]
Get:191 http://archive.ubuntu.com/ubuntu jammy-updates/main amd64 libldap-2.5-0 amd64 2.5.19+dfsg-0ubuntu0.22.04.1 [184 kB]
Get:192 http://archive.ubuntu.com/ubuntu jammy/main amd64 librtmp1 amd64 2.4+20151223.gitfa8646d.1-2build4 [58.2 kB]
Get:193 http://archive.ubuntu.com/ubuntu jammy-updates/main amd64 libssh-4 amd64 0.9.6-2ubuntu0.22.04.3 [186 kB]
Get:194 http://archive.ubuntu.com/ubuntu jammy-updates/main amd64 libcurl3-gnutls amd64 7.81.0-1ubuntu1.20 [284 kB]
Get:195 http://archive.ubuntu.com/ubuntu jammy/universe amd64 libcfitsio9 amd64 4.0.0-1 [519 kB]
Get:196 http://archive.ubuntu.com/ubuntu jammy/universe amd64 libcharls2 amd64 2.3.4-1 [87.0 kB]
Get:197 http://archive.ubuntu.com/ubuntu jammy-updates/main amd64 libcurl4 amd64 7.81.0-1ubuntu1.20 [289 kB]
Get:198 http://archive.ubuntu.com/ubuntu jammy-updates/universe amd64 libde265-0 amd64 1.0.8-1ubuntu0.3 [290 kB]
Get:199 http://archive.ubuntu.com/ubuntu jammy/universe amd64 libdouble-conversion3 amd64 3.1.7-4 [39.0 kB]
Get:200 http://archive.ubuntu.com/ubuntu jammy-updates/main amd64 libdrm-amdgpu1 amd64 2.4.113-2~ubuntu0.22.04.1 [19.9 kB]
Get:201 http://archive.ubuntu.com/ubuntu jammy/main amd64 libpciaccess0 amd64 0.16-3 [19.1 kB]
Get:202 http://archive.ubuntu.com/ubuntu jammy-updates/main amd64 libdrm-intel1 amd64 2.4.113-2~ubuntu0.22.04.1 [66.7 kB]
Get:203 http://archive.ubuntu.com/ubuntu jammy-updates/main amd64 libdrm-nouveau2 amd64 2.4.113-2~ubuntu0.22.04.1 [17.5 kB]
Get:204 http://archive.ubuntu.com/ubuntu jammy-updates/main amd64 libdrm-radeon1 amd64 2.4.113-2~ubuntu0.22.04.1 [21.6 kB]
Get:205 http://archive.ubuntu.com/ubuntu jammy-updates/main amd64 libwayland-server0 amd64 1.20.0-1ubuntu0.1 [34.3 kB]
Get:206 http://archive.ubuntu.com/ubuntu jammy/main amd64 libxcb-randr0 amd64 1.14-3ubuntu3 [18.3 kB]
Get:207 http://archive.ubuntu.com/ubuntu jammy-updates/main amd64 libgbm1 amd64 23.2.1-1ubuntu3.1~22.04.3 [33.5 kB]
Get:208 http://archive.ubuntu.com/ubuntu jammy-updates/main amd64 libglapi-mesa amd64 23.2.1-1ubuntu3.1~22.04.3 [35.4 kB]
Get:209 http://archive.ubuntu.com/ubuntu jammy-updates/main amd64 libwayland-client0 amd64 1.20.0-1ubuntu0.1 [25.9 kB]
Get:210 http://archive.ubuntu.com/ubuntu jammy-updates/main amd64 libx11-xcb1 amd64 2:1.7.5-1ubuntu0.3 [7802 B]
Get:211 http://archive.ubuntu.com/ubuntu jammy/main amd64 libxcb-dri2-0 amd64 1.14-3ubuntu3 [7206 B]
Get:212 http://archive.ubuntu.com/ubuntu jammy/main amd64 libxcb-dri3-0 amd64 1.14-3ubuntu3 [6968 B]
Get:213 http://archive.ubuntu.com/ubuntu jammy/main amd64 libxcb-present0 amd64 1.14-3ubuntu3 [5734 B]
Get:214 http://archive.ubuntu.com/ubuntu jammy/main amd64 libxcb-sync1 amd64 1.14-3ubuntu3 [9416 B]
Get:215 http://archive.ubuntu.com/ubuntu jammy/main amd64 libxcb-xfixes0 amd64 1.14-3ubuntu3 [9996 B]
Get:216 http://archive.ubuntu.com/ubuntu jammy/main amd64 libxshmfence1 amd64 1.3-1build4 [5394 B]
Get:217 http://archive.ubuntu.com/ubuntu jammy-updates/main amd64 libegl-mesa0 amd64 23.2.1-1ubuntu3.1~22.04.3 [118 kB]
Get:218 http://archive.ubuntu.com/ubuntu jammy/main amd64 libevent-core-2.1-7 amd64 2.1.12-stable-1build3 [93.9 kB]
Get:219 http://archive.ubuntu.com/ubuntu jammy/main amd64 libevent-pthreads-2.1-7 amd64 2.1.12-stable-1build3 [7642 B]
Get:220 http://archive.ubuntu.com/ubuntu jammy-updates/main amd64 libexpat1-dev amd64 2.4.7-1ubuntu0.6 [148 kB]
Get:221 http://archive.ubuntu.com/ubuntu jammy/universe amd64 libpsm-infinipath1 amd64 3.3+20.604758e7-6.1 [170 kB]
Get:222 http://archive.ubuntu.com/ubuntu jammy/universe amd64 libpsm2-2 amd64 11.2.185-1 [182 kB]
Get:223 http://archive.ubuntu.com/ubuntu jammy/main amd64 librdmacm1 amd64 39.0-1 [71.2 kB]
Get:224 http://archive.ubuntu.com/ubuntu jammy/universe amd64 libfabric1 amd64 1.11.0-3 [558 kB]
Get:225 http://archive.ubuntu.com/ubuntu jammy/universe amd64 libfyba0 amd64 4.1.1-7 [113 kB]
Get:226 http://archive.ubuntu.com/ubuntu jammy/universe amd64 libfreexl1 amd64 1.0.6-1 [33.5 kB]
Get:227 http://archive.ubuntu.com/ubuntu jammy/universe amd64 libgeos3.10.2 amd64 3.10.2-1 [713 kB]
Get:228 http://archive.ubuntu.com/ubuntu jammy/universe amd64 libgeos-c1v5 amd64 3.10.2-1 [82.5 kB]
Get:229 http://archive.ubuntu.com/ubuntu jammy/universe amd64 proj-data all 8.2.1-1 [10.0 MB]
Get:230 http://archive.ubuntu.com/ubuntu jammy/universe amd64 libproj22 amd64 8.2.1-1 [1257 kB]
Get:231 http://archive.ubuntu.com/ubuntu jammy/universe amd64 libgeotiff5 amd64 1.7.0-2build1 [67.1 kB]
Get:232 http://archive.ubuntu.com/ubuntu jammy-updates/main amd64 libgif7 amd64 5.1.9-2ubuntu0.1 [33.9 kB]
Get:233 http://archive.ubuntu.com/ubuntu jammy/universe amd64 libhdf4-0-alt amd64 4.2.15-4 [290 kB]
Get:234 http://archive.ubuntu.com/ubuntu jammy/universe amd64 libsz2 amd64 1.0.6-1 [5354 B]
Get:235 http://archive.ubuntu.com/ubuntu jammy/universe amd64 libhdf5-103-1 amd64 1.10.7+repack-4ubuntu2 [1295 kB]
Get:236 http://archive.ubuntu.com/ubuntu jammy/universe amd64 libheif1 amd64 1.12.0-2build1 [196 kB]
Get:237 http://archive.ubuntu.com/ubuntu jammy/universe amd64 libminizip1 amd64 1.1-8build1 [20.2 kB]
Get:238 http://archive.ubuntu.com/ubuntu jammy/universe amd64 liburiparser1 amd64 0.9.6+dfsg-1 [36.4 kB]
Get:239 http://archive.ubuntu.com/ubuntu jammy/universe amd64 libkmlbase1 amd64 1.3.0-9 [45.0 kB]
Get:240 http://archive.ubuntu.com/ubuntu jammy/universe amd64 libkmldom1 amd64 1.3.0-9 [150 kB]
Get:241 http://archive.ubuntu.com/ubuntu jammy/universe amd64 libkmlengine1 amd64 1.3.0-9 [71.7 kB]
Get:242 http://archive.ubuntu.com/ubuntu jammy/main amd64 mysql-common all 5.8+1.0.8 [7212 B]
Get:243 http://archive.ubuntu.com/ubuntu jammy-updates/main amd64 libmysqlclient21 amd64 8.0.42-0ubuntu0.22.04.1 [1308 kB]
Get:244 http://archive.ubuntu.com/ubuntu jammy/universe amd64 libhdf5-hl-100 amd64 1.10.7+repack-4ubuntu2 [59.1 kB]
Get:245 http://archive.ubuntu.com/ubuntu jammy/universe amd64 libnetcdf19 amd64 1:4.8.1-1 [456 kB]
Get:246 http://archive.ubuntu.com/ubuntu jammy/main amd64 libltdl7 amd64 2.4.6-15build2 [39.6 kB]
Get:247 http://archive.ubuntu.com/ubuntu jammy-updates/main amd64 libodbc2 amd64 2.3.9-5ubuntu0.1 [159 kB]
Get:248 http://archive.ubuntu.com/ubuntu jammy-updates/main amd64 unixodbc-common all 2.3.9-5ubuntu0.1 [9256 B]
Get:249 http://archive.ubuntu.com/ubuntu jammy-updates/main amd64 libodbcinst2 amd64 2.3.9-5ubuntu0.1 [31.9 kB]
Get:250 http://archive.ubuntu.com/ubuntu jammy/universe amd64 libogdi4.1 amd64 4.1.0+ds-5 [197 kB]
Get:251 http://archive.ubuntu.com/ubuntu jammy/main amd64 liblcms2-2 amd64 2.12~rc1-2build2 [159 kB]
Get:252 http://archive.ubuntu.com/ubuntu jammy-updates/main amd64 libnspr4 amd64 2:4.35-0ubuntu0.22.04.1 [119 kB]
Get:253 http://archive.ubuntu.com/ubuntu jammy-updates/main amd64 libnss3 amd64 2:3.98-0ubuntu0.22.04.2 [1347 kB]
Get:254 http://archive.ubuntu.com/ubuntu jammy-updates/main amd64 libpoppler118 amd64 22.02.0-2ubuntu0.8 [1072 kB]
Get:255 http://archive.ubuntu.com/ubuntu jammy-updates/main amd64 libpq5 amd64 14.18-0ubuntu0.22.04.1 [152 kB]
Get:256 http://archive.ubuntu.com/ubuntu jammy/universe amd64 libqhull-r8.0 amd64 2020.2-4 [196 kB]
Get:257 http://archive.ubuntu.com/ubuntu jammy/universe amd64 librttopo1 amd64 1.1.0-2 [178 kB]
Get:258 http://archive.ubuntu.com/ubuntu jammy/universe amd64 libspatialite7 amd64 5.0.1-2build2 [2092 kB]
Get:259 http://archive.ubuntu.com/ubuntu jammy-updates/universe amd64 libxerces-c3.2 amd64 3.2.3+debian-3ubuntu0.1 [929 kB]
Get:260 http://archive.ubuntu.com/ubuntu jammy/universe amd64 libgdal30 amd64 3.4.1+dfsg-1build4 [7642 kB]
Get:261 http://archive.ubuntu.com/ubuntu jammy-updates/main amd64 libllvm15 amd64 1:15.0.7-0ubuntu0.22.04.3 [25.4 MB]
Get:262 http://archive.ubuntu.com/ubuntu jammy/main amd64 libsensors-config all 1:3.6.0-7ubuntu1 [5274 B]
Get:263 http://archive.ubuntu.com/ubuntu jammy/main amd64 libsensors5 amd64 1:3.6.0-7ubuntu1 [26.3 kB]
Get:264 http://archive.ubuntu.com/ubuntu jammy-updates/main amd64 libgl1-mesa-dri amd64 23.2.1-1ubuntu3.1~22.04.3 [8860 kB]
Get:265 http://archive.ubuntu.com/ubuntu jammy/main amd64 libglvnd0 amd64 1.4.0-1 [73.6 kB]
Get:266 http://archive.ubuntu.com/ubuntu jammy/main amd64 libxcb-glx0 amd64 1.14-3ubuntu3 [25.9 kB]
Get:267 http://archive.ubuntu.com/ubuntu jammy/main amd64 libxxf86vm1 amd64 1:1.1.4-1build3 [10.4 kB]
Get:268 http://archive.ubuntu.com/ubuntu jammy-updates/main amd64 libglx-mesa0 amd64 23.2.1-1ubuntu3.1~22.04.3 [158 kB]
Get:269 http://archive.ubuntu.com/ubuntu jammy/main amd64 libglx0 amd64 1.4.0-1 [41.0 kB]
Get:270 http://archive.ubuntu.com/ubuntu jammy/main amd64 libgl1 amd64 1.4.0-1 [110 kB]
Get:271 http://archive.ubuntu.com/ubuntu jammy/universe amd64 libgl2ps1.4 amd64 1.4.2+dfsg1-2 [43.5 kB]
Get:272 http://archive.ubuntu.com/ubuntu jammy/universe amd64 libglew2.2 amd64 2.2.0-4 [196 kB]
Get:273 http://archive.ubuntu.com/ubuntu jammy/main amd64 libgudev-1.0-0 amd64 1:237-2build1 [16.3 kB]
Get:274 http://archive.ubuntu.com/ubuntu jammy-updates/universe amd64 libhwloc15 amd64 2.7.0-2ubuntu1 [159 kB]
Get:275 http://archive.ubuntu.com/ubuntu jammy/main amd64 libice6 amd64 2:1.0.10-1build2 [42.6 kB]
Get:276 http://archive.ubuntu.com/ubuntu jammy/main amd64 libimagequant0 amd64 2.17.0-1 [34.6 kB]
Get:277 http://archive.ubuntu.com/ubuntu jammy/main amd64 libevdev2 amd64 1.12.1+dfsg-1 [39.5 kB]
Get:278 http://archive.ubuntu.com/ubuntu jammy/main amd64 libwacom-common all 2.2.0-1 [54.3 kB]
Get:279 http://archive.ubuntu.com/ubuntu jammy/main amd64 libwacom9 amd64 2.2.0-1 [22.0 kB]
Get:280 http://archive.ubuntu.com/ubuntu jammy-updates/main amd64 libinput-bin amd64 1.20.0-1ubuntu0.3 [19.9 kB]
Get:281 http://archive.ubuntu.com/ubuntu jammy/main amd64 libmtdev1 amd64 1.1.6-1build4 [14.5 kB]
Get:282 http://archive.ubuntu.com/ubuntu jammy-updates/main amd64 libinput10 amd64 1.20.0-1ubuntu0.3 [131 kB]
Get:283 http://archive.ubuntu.com/ubuntu jammy/main amd64 libjs-jquery all 3.6.0+dfsg+~3.5.13-1 [321 kB]
Get:284 http://archive.ubuntu.com/ubuntu jammy/universe amd64 libjs-jquery-ui all 1.13.1+dfsg-1 [253 kB]
Get:285 http://archive.ubuntu.com/ubuntu jammy/main amd64 libjs-underscore all 1.13.2~dfsg-2 [118 kB]
Get:286 http://archive.ubuntu.com/ubuntu jammy/main amd64 libjs-sphinxdoc all 4.3.2-1 [139 kB]
Get:287 http://archive.ubuntu.com/ubuntu jammy/universe amd64 liblaszip8 amd64 3.4.3-2 [120 kB]
Get:288 http://archive.ubuntu.com/ubuntu jammy/universe amd64 liblbfgsb0 amd64 3.0+dfsg.3-10 [29.9 kB]
Get:289 http://archive.ubuntu.com/ubuntu jammy/universe amd64 libmd4c0 amd64 0.4.8-1 [42.0 kB]
Get:290 http://archive.ubuntu.com/ubuntu jammy/universe amd64 libnss-wrapper amd64 1.1.11-1ubuntu2 [29.2 kB]
Get:291 http://archive.ubuntu.com/ubuntu jammy/universe amd64 libopenblas0 amd64 0.3.20+ds-1 [6098 B]
Get:292 http://archive.ubuntu.com/ubuntu jammy/universe amd64 libopenblas-pthread-dev amd64 0.3.20+ds-1 [4634 kB]
Get:293 http://archive.ubuntu.com/ubuntu jammy/universe amd64 libopenblas-dev amd64 0.3.20+ds-1 [18.6 kB]
Get:294 http://archive.ubuntu.com/ubuntu jammy/main amd64 libxnvctrl0 amd64 510.47.03-0ubuntu1 [11.5 kB]
Get:295 http://archive.ubuntu.com/ubuntu jammy-updates/universe amd64 libhwloc-plugins amd64 2.7.0-2ubuntu1 [15.6 kB]
Get:296 http://archive.ubuntu.com/ubuntu jammy/universe amd64 libpmix2 amd64 4.1.2-2ubuntu1 [604 kB]
Get:297 http://archive.ubuntu.com/ubuntu jammy/universe amd64 libucx0 amd64 1.12.1~rc2-1 [891 kB]
Get:298 http://archive.ubuntu.com/ubuntu jammy/universe amd64 libopenmpi3 amd64 4.1.2-2ubuntu1 [2594 kB]
Get:299 http://archive.ubuntu.com/ubuntu jammy-updates/main amd64 libpcre2-16-0 amd64 10.39-3ubuntu0.1 [203 kB]
Get:300 http://archive.ubuntu.com/ubuntu jammy/universe amd64 libpdal-util13 amd64 2.3.0+ds-2ubuntu4 [80.4 kB]
Get:301 http://archive.ubuntu.com/ubuntu jammy/universe amd64 libpdal-base13 amd64 2.3.0+ds-2ubuntu4 [1966 kB]
Get:302 http://archive.ubuntu.com/ubuntu jammy-updates/main amd64 libpython3.10 amd64 3.10.12-1~22.04.10 [1950 kB]
Get:303 http://archive.ubuntu.com/ubuntu jammy-updates/main amd64 zlib1g-dev amd64 1:1.2.11.dfsg-2ubuntu9.2 [164 kB]
Get:304 http://archive.ubuntu.com/ubuntu jammy-updates/main amd64 libpython3.10-dev amd64 3.10.12-1~22.04.10 [4763 kB]
Get:305 http://archive.ubuntu.com/ubuntu jammy-updates/main amd64 libpython3-dev amd64 3.10.6-1~22.04.1 [7064 B]
Get:306 http://archive.ubuntu.com/ubuntu jammy-updates/universe amd64 libqt5core5a amd64 5.15.3+dfsg-2ubuntu0.2 [2006 kB]
Get:307 http://archive.ubuntu.com/ubuntu jammy-updates/universe amd64 libqt5dbus5 amd64 5.15.3+dfsg-2ubuntu0.2 [222 kB]
Get:308 http://archive.ubuntu.com/ubuntu jammy/main amd64 libegl1 amd64 1.4.0-1 [28.6 kB]
Get:309 http://archive.ubuntu.com/ubuntu jammy-updates/universe amd64 libqt5network5 amd64 5.15.3+dfsg-2ubuntu0.2 [731 kB]
Get:310 http://archive.ubuntu.com/ubuntu jammy/main amd64 libsm6 amd64 2:1.2.3-1build2 [16.7 kB]
Get:311 http://archive.ubuntu.com/ubuntu jammy/main amd64 libxcb-icccm4 amd64 0.4.1-1.1build2 [11.5 kB]
Get:312 http://archive.ubuntu.com/ubuntu jammy/main amd64 libxcb-util1 amd64 0.4.0-1build2 [11.4 kB]
Get:313 http://archive.ubuntu.com/ubuntu jammy/main amd64 libxcb-image0 amd64 0.4.0-2 [11.5 kB]
Get:314 http://archive.ubuntu.com/ubuntu jammy/main amd64 libxcb-keysyms1 amd64 0.4.0-1build3 [8746 B]
Get:315 http://archive.ubuntu.com/ubuntu jammy/main amd64 libxcb-render-util0 amd64 0.3.9-1build3 [10.3 kB]
Get:316 http://archive.ubuntu.com/ubuntu jammy/main amd64 libxcb-shape0 amd64 1.14-3ubuntu3 [6158 B]
Get:317 http://archive.ubuntu.com/ubuntu jammy/main amd64 libxcb-xinerama0 amd64 1.14-3ubuntu3 [5414 B]
Get:318 http://archive.ubuntu.com/ubuntu jammy/main amd64 libxcb-xinput0 amd64 1.14-3ubuntu3 [34.3 kB]
Get:319 http://archive.ubuntu.com/ubuntu jammy/main amd64 libxcb-xkb1 amd64 1.14-3ubuntu3 [32.8 kB]
Get:320 http://archive.ubuntu.com/ubuntu jammy/main amd64 libxkbcommon0 amd64 1.4.0-1 [125 kB]
Get:321 http://archive.ubuntu.com/ubuntu jammy/main amd64 libxkbcommon-x11-0 amd64 1.4.0-1 [14.4 kB]
Get:322 http://archive.ubuntu.com/ubuntu jammy-updates/universe amd64 libqt5gui5 amd64 5.15.3+dfsg-2ubuntu0.2 [3722 kB]
Get:323 http://archive.ubuntu.com/ubuntu jammy-updates/universe amd64 libqt5sql5 amd64 5.15.3+dfsg-2ubuntu0.2 [123 kB]
Get:324 http://archive.ubuntu.com/ubuntu jammy-updates/universe amd64 libqt5widgets5 amd64 5.15.3+dfsg-2ubuntu0.2 [2561 kB]
Get:325 http://archive.ubuntu.com/ubuntu jammy/universe amd64 libqt5help5 amd64 5.15.3-1 [162 kB]
Get:326 http://archive.ubuntu.com/ubuntu jammy/main amd64 libraqm0 amd64 0.7.0-4ubuntu1 [11.7 kB]
Get:327 http://archive.ubuntu.com/ubuntu jammy-updates/universe amd64 libswscale5 amd64 7:4.4.2-0ubuntu0.22.04.1 [180 kB]
Get:328 http://archive.ubuntu.com/ubuntu jammy-updates/main amd64 libwebpdemux2 amd64 1.2.2-2ubuntu0.22.04.2 [9964 B]
Get:329 http://archive.ubuntu.com/ubuntu jammy/main amd64 libxcursor1 amd64 1:1.2.0-2build4 [20.9 kB]
Get:330 http://archive.ubuntu.com/ubuntu jammy/universe amd64 libxsimd-dev amd64 7.6.0-2 [108 kB]
Get:331 http://archive.ubuntu.com/ubuntu jammy-updates/main amd64 libxslt1.1 amd64 1.1.34-4ubuntu0.22.04.3 [164 kB]
Get:332 http://archive.ubuntu.com/ubuntu jammy-updates/universe amd64 nano-tiny amd64 6.2-1ubuntu0.1 [38.9 kB]
Get:333 http://archive.ubuntu.com/ubuntu jammy/universe amd64 openmpi-common all 4.1.2-2ubuntu1 [162 kB]
Get:334 http://archive.ubuntu.com/ubuntu jammy/universe amd64 openmpi-bin amd64 4.1.2-2ubuntu1 [116 kB]
Get:335 http://archive.ubuntu.com/ubuntu jammy/universe amd64 python-matplotlib-data all 3.5.1-2build1 [2942 kB]
Get:336 http://archive.ubuntu.com/ubuntu jammy/main amd64 python3-appdirs all 1.4.4-2 [11.4 kB]
Get:337 http://archive.ubuntu.com/ubuntu jammy/main amd64 python3-attr all 21.2.0-1 [44.0 kB]
Get:338 http://archive.ubuntu.com/ubuntu jammy/universe amd64 python3-base58 all 1.0.3-1.1 [4956 B]
Get:339 http://archive.ubuntu.com/ubuntu jammy/universe amd64 python3-cbor amd64 1.0.0-1.1build6 [22.3 kB]
Get:340 http://archive.ubuntu.com/ubuntu jammy/main amd64 python3-cffi-backend amd64 1.15.0-1build2 [77.4 kB]
Get:341 http://archive.ubuntu.com/ubuntu jammy/main amd64 python3-ply all 3.11-5 [47.5 kB]
Get:342 http://archive.ubuntu.com/ubuntu jammy/main amd64 python3-pycparser all 2.21-1 [76.9 kB]
Get:343 http://archive.ubuntu.com/ubuntu jammy/main amd64 python3-cffi all 1.15.0-1build2 [72.6 kB]
Get:344 http://archive.ubuntu.com/ubuntu jammy-updates/main amd64 python3-cryptography amd64 3.4.8-1ubuntu2.2 [236 kB]
Get:345 http://archive.ubuntu.com/ubuntu jammy/main amd64 python3-six all 1.16.0-3ubuntu1 [12.6 kB]
Get:346 http://archive.ubuntu.com/ubuntu jammy/universe amd64 python3-ecdsa all 0.18.0~b1-1 [116 kB]
Get:347 http://archive.ubuntu.com/ubuntu jammy/universe amd64 python3-flatbuffers all 1.12.1~git20200711.33e2d80+dfsg1-0.6 [22.7 kB]
Get:348 http://archive.ubuntu.com/ubuntu jammy-updates/main amd64 python3-idna all 3.3-1ubuntu0.1 [52.1 kB]
Get:349 http://archive.ubuntu.com/ubuntu jammy/main amd64 python3-hyperlink all 21.0.0-3 [68.8 kB]
Get:350 http://archive.ubuntu.com/ubuntu jammy/universe amd64 python3-lz4 amd64 3.1.3+dfsg-1build3 [33.3 kB]
Get:351 http://archive.ubuntu.com/ubuntu jammy/universe amd64 python3-mnemonic all 0.19-1 [48.9 kB]
Get:352 http://archive.ubuntu.com/ubuntu jammy/main amd64 python3-msgpack amd64 1.0.3-1build1 [67.8 kB]
Get:353 http://archive.ubuntu.com/ubuntu jammy/main amd64 python3-nacl amd64 1.5.0-2 [63.1 kB]
Get:354 http://archive.ubuntu.com/ubuntu jammy/main amd64 python3-openssl all 21.0.0-1 [45.2 kB]
Get:355 http://archive.ubuntu.com/ubuntu jammy/main amd64 python3-passlib all 1.7.4-1 [368 kB]
Get:356 http://archive.ubuntu.com/ubuntu jammy/universe amd64 python3-pyqrcode all 1.2.1-4 [30.3 kB]
Get:357 http://archive.ubuntu.com/ubuntu jammy/main amd64 python3-pyasn1 all 0.4.8-1 [50.9 kB]
Get:358 http://archive.ubuntu.com/ubuntu jammy/main amd64 python3-pyasn1-modules all 0.2.1-1 [33.0 kB]
Get:359 http://archive.ubuntu.com/ubuntu jammy/main amd64 python3-service-identity all 18.1.0-6 [10.7 kB]
Get:360 http://archive.ubuntu.com/ubuntu jammy/universe amd64 python3-snappy amd64 0.5.3-1.1build5 [18.1 kB]
Get:361 http://archive.ubuntu.com/ubuntu jammy/main amd64 python3-sortedcontainers all 2.1.0-2 [27.3 kB]
Get:362 http://archive.ubuntu.com/ubuntu jammy/universe amd64 python3-trie all 0.4.0+ds-1 [7784 B]
Get:363 http://archive.ubuntu.com/ubuntu jammy/main amd64 python3-bcrypt amd64 3.2.0-1build1 [32.7 kB]
Get:364 http://archive.ubuntu.com/ubuntu jammy/main amd64 python3-hamcrest all 2.0.2-2 [26.8 kB]
Get:365 http://archive.ubuntu.com/ubuntu jammy/main amd64 python3-automat all 20.2.0-1 [27.6 kB]
Get:366 http://archive.ubuntu.com/ubuntu jammy/main amd64 python3-constantly all 15.1.0-2 [8396 B]
Get:367 http://archive.ubuntu.com/ubuntu jammy/main amd64 python3-incremental all 21.3.0-1 [14.4 kB]
Get:368 http://archive.ubuntu.com/ubuntu jammy/main amd64 python3-zope.interface amd64 5.4.0-1build1 [142 kB]
Get:369 http://archive.ubuntu.com/ubuntu jammy-updates/main amd64 python3-twisted all 22.1.0-2ubuntu2.6 [2007 kB]
Get:370 http://archive.ubuntu.com/ubuntu jammy/main amd64 python3-pyparsing all 2.4.7-1 [61.4 kB]
Get:371 http://archive.ubuntu.com/ubuntu jammy/main amd64 python3-packaging all 21.3-1 [30.7 kB]
Get:372 http://archive.ubuntu.com/ubuntu jammy-updates/main amd64 python3-lib2to3 all 3.10.8-1~22.04 [77.6 kB]
Get:373 http://archive.ubuntu.com/ubuntu jammy-updates/main amd64 python3-distutils all 3.10.8-1~22.04 [139 kB]
Get:374 http://archive.ubuntu.com/ubuntu jammy-updates/main amd64 python3-setuptools all 59.6.0-1.2ubuntu0.22.04.3 [340 kB]
Get:375 http://archive.ubuntu.com/ubuntu jammy/universe amd64 python3-txaio all 21.2.1-2 [19.0 kB]
Get:376 http://archive.ubuntu.com/ubuntu jammy/universe amd64 python3-u-msgpack all 2.3.0-2 [8292 B]
Get:377 http://archive.ubuntu.com/ubuntu jammy/universe amd64 python3-ubjson amd64 0.16.1-2build1 [34.2 kB]
Get:378 http://archive.ubuntu.com/ubuntu jammy/universe amd64 python3-ujson amd64 5.1.0-1build1 [23.8 kB]
Get:379 http://archive.ubuntu.com/ubuntu jammy/universe amd64 python3-wsaccel amd64 0.6.3-2build1 [92.9 kB]
Get:380 http://archive.ubuntu.com/ubuntu jammy/universe amd64 python3-autobahn all 21.11.1+dfsg1-2build1 [268 kB]
Get:381 http://archive.ubuntu.com/ubuntu jammy/universe amd64 python3-gast all 0.5.2-2 [9394 B]
Get:382 http://archive.ubuntu.com/ubuntu jammy/universe amd64 python3-beniget all 0.4.1-2 [9904 B]
Get:383 http://archive.ubuntu.com/ubuntu jammy/universe amd64 python3-brotli amd64 1.0.9-2build6 [319 kB]
Get:384 http://archive.ubuntu.com/ubuntu jammy/universe amd64 python3-cycler all 0.11.0-1 [8156 B]
Get:385 http://archive.ubuntu.com/ubuntu jammy/main amd64 python3-dateutil all 2.8.1-6 [78.4 kB]
Get:386 http://archive.ubuntu.com/ubuntu jammy/main amd64 python3-decorator all 4.4.2-0ubuntu1 [10.3 kB]
Get:387 http://archive.ubuntu.com/ubuntu jammy-updates/main amd64 python3.10-dev amd64 3.10.12-1~22.04.10 [508 kB]
Get:388 http://archive.ubuntu.com/ubuntu jammy-updates/main amd64 python3-dev amd64 3.10.6-1~22.04.1 [26.0 kB]
Get:389 http://archive.ubuntu.com/ubuntu jammy-updates/main amd64 python3-numpy amd64 1:1.21.5-1ubuntu22.04.1 [3467 kB]
Get:390 http://archive.ubuntu.com/ubuntu jammy/universe amd64 python3-pythran amd64 0.10.0+ds2-1 [423 kB]
Get:391 http://archive.ubuntu.com/ubuntu jammy/universe amd64 python3-scipy amd64 1.8.0-1exp2ubuntu1 [14.7 MB]
Get:392 http://archive.ubuntu.com/ubuntu jammy/universe amd64 python3-ufolib2 all 0.13.1+dfsg1-1 [32.2 kB]
Get:393 http://archive.ubuntu.com/ubuntu jammy/universe amd64 python3-mpmath all 1.2.1-2 [419 kB]
Get:394 http://archive.ubuntu.com/ubuntu jammy/universe amd64 python3-sympy all 1.9-1 [4312 kB]
Get:395 http://archive.ubuntu.com/ubuntu jammy-updates/main amd64 python3-tz all 2022.1-1ubuntu0.22.04.1 [30.7 kB]
Get:396 http://archive.ubuntu.com/ubuntu jammy/universe amd64 python3-fs all 2.4.12-1 [84.9 kB]
Get:397 http://archive.ubuntu.com/ubuntu jammy/main amd64 python3-lxml amd64 4.8.0-1build1 [1150 kB]
Get:398 http://archive.ubuntu.com/ubuntu jammy/universe amd64 python3-unicodedata2 amd64 14.0.0+ds-8 [376 kB]
Get:399 http://archive.ubuntu.com/ubuntu jammy/universe amd64 unicode-data all 14.0.0-1.1 [8206 kB]
Get:400 http://archive.ubuntu.com/ubuntu jammy/universe amd64 python3-fonttools amd64 4.29.1-2build1 [810 kB]
Get:401 http://archive.ubuntu.com/ubuntu jammy/universe amd64 python3-kiwisolver amd64 1.3.2-1build1 [48.0 kB]
Get:402 http://archive.ubuntu.com/ubuntu jammy-updates/main amd64 python3-pil amd64 9.0.1-1ubuntu0.3 [419 kB]
Get:403 http://archive.ubuntu.com/ubuntu jammy-updates/main amd64 python3-tk amd64 3.10.8-1~22.04 [110 kB]
Get:404 http://archive.ubuntu.com/ubuntu jammy-updates/universe amd64 python3-pil.imagetk amd64 9.0.1-1ubuntu0.3 [9616 B]
Get:405 http://archive.ubuntu.com/ubuntu jammy/universe amd64 python3-matplotlib amd64 3.5.1-2build1 [5937 kB]
Get:406 http://archive.ubuntu.com/ubuntu jammy-updates/universe amd64 python3-wheel all 0.37.1-2ubuntu0.22.04.1 [32.0 kB]
Get:407 http://archive.ubuntu.com/ubuntu jammy-updates/universe amd64 python3-pip all 22.0.2+dfsg-1ubuntu0.5 [1306 kB]
Get:408 http://archive.ubuntu.com/ubuntu jammy-updates/universe amd64 python3-pip-whl all 22.0.2+dfsg-1ubuntu0.5 [1680 kB]
Get:409 http://archive.ubuntu.com/ubuntu jammy-updates/universe amd64 python3-setuptools-whl all 59.6.0-1.2ubuntu0.22.04.3 [789 kB]
Get:410 http://archive.ubuntu.com/ubuntu jammy-updates/universe amd64 python3.10-venv amd64 3.10.12-1~22.04.10 [5722 B]
Get:411 http://archive.ubuntu.com/ubuntu jammy-updates/universe amd64 python3-venv amd64 3.10.6-1~22.04.1 [1042 B]
Get:412 http://archive.ubuntu.com/ubuntu jammy/main amd64 tcl8.6 amd64 8.6.12+dfsg-1build1 [15.0 kB]
Get:413 http://archive.ubuntu.com/ubuntu jammy/main amd64 tcl amd64 8.6.11+1build2 [4678 B]
Get:414 http://archive.ubuntu.com/ubuntu jammy/main amd64 libopengl0 amd64 1.4.0-1 [36.5 kB]
Get:415 http://archive.ubuntu.com/ubuntu jammy/universe amd64 mpi-default-bin amd64 1.14 [2898 B]
Get:416 http://archive.ubuntu.com/ubuntu jammy/universe amd64 python3-mpi4py amd64 3.1.3-1build2 [465 kB]
Get:417 http://archive.ubuntu.com/ubuntu jammy/universe amd64 paraview amd64 5.10.0~rc1-1build3 [46.1 MB]
Fetched 350 MB in 7s (51.2 MB/s)
Selecting previously unselected package libpython3.10-minimal:amd64.
(Reading database ... (Reading database ... 5%(Reading database ... 10%(Reading database ... 15%(Reading database ... 20%(Reading database ... 25%(Reading database ... 30%(Reading database ... 35%(Reading database ... 40%(Reading database ... 45%(Reading database ... 50%(Reading database ... 55%(Reading database ... 60%(Reading database ... 65%(Reading database ... 70%(Reading database ... 75%(Reading database ... 80%(Reading database ... 85%(Reading database ... 90%(Reading database ... 95%(Reading database ... 100%(Reading database ... 4393 files and directories currently installed.)
Preparing to unpack .../libpython3.10-minimal_3.10.12-1~22.04.10_amd64.deb ...
Unpacking libpython3.10-minimal:amd64 (3.10.12-1~22.04.10) ...
Selecting previously unselected package libexpat1:amd64.
Preparing to unpack .../libexpat1_2.4.7-1ubuntu0.6_amd64.deb ...
Unpacking libexpat1:amd64 (2.4.7-1ubuntu0.6) ...
Selecting previously unselected package python3.10-minimal.
Preparing to unpack .../python3.10-minimal_3.10.12-1~22.04.10_amd64.deb ...
Unpacking python3.10-minimal (3.10.12-1~22.04.10) ...
Setting up libpython3.10-minimal:amd64 (3.10.12-1~22.04.10) ...
Setting up libexpat1:amd64 (2.4.7-1ubuntu0.6) ...
Setting up python3.10-minimal (3.10.12-1~22.04.10) ...
Selecting previously unselected package python3-minimal.
(Reading database ... (Reading database ... 5%(Reading database ... 10%(Reading database ... 15%(Reading database ... 20%(Reading database ... 25%(Reading database ... 30%(Reading database ... 35%(Reading database ... 40%(Reading database ... 45%(Reading database ... 50%(Reading database ... 55%(Reading database ... 60%(Reading database ... 65%(Reading database ... 70%(Reading database ... 75%(Reading database ... 80%(Reading database ... 85%(Reading database ... 90%(Reading database ... 95%(Reading database ... 100%(Reading database ... 4697 files and directories currently installed.)
Preparing to unpack .../0-python3-minimal_3.10.6-1~22.04.1_amd64.deb ...
Unpacking python3-minimal (3.10.6-1~22.04.1) ...
Selecting previously unselected package media-types.
Preparing to unpack .../1-media-types_7.0.0_all.deb ...
Unpacking media-types (7.0.0) ...
Selecting previously unselected package libmpdec3:amd64.
Preparing to unpack .../2-libmpdec3_2.5.1-2build2_amd64.deb ...
Unpacking libmpdec3:amd64 (2.5.1-2build2) ...
Selecting previously unselected package readline-common.
Preparing to unpack .../3-readline-common_8.1.2-1_all.deb ...
Unpacking readline-common (8.1.2-1) ...
Selecting previously unselected package libreadline8:amd64.
Preparing to unpack .../4-libreadline8_8.1.2-1_amd64.deb ...
Unpacking libreadline8:amd64 (8.1.2-1) ...
Selecting previously unselected package libsqlite3-0:amd64.
Preparing to unpack .../5-libsqlite3-0_3.37.2-2ubuntu0.4_amd64.deb ...
Unpacking libsqlite3-0:amd64 (3.37.2-2ubuntu0.4) ...
Selecting previously unselected package libpython3.10-stdlib:amd64.
Preparing to unpack .../6-libpython3.10-stdlib_3.10.12-1~22.04.10_amd64.deb ...
Unpacking libpython3.10-stdlib:amd64 (3.10.12-1~22.04.10) ...
Selecting previously unselected package python3.10.
Preparing to unpack .../7-python3.10_3.10.12-1~22.04.10_amd64.deb ...
Unpacking python3.10 (3.10.12-1~22.04.10) ...
Selecting previously unselected package libpython3-stdlib:amd64.
Preparing to unpack .../8-libpython3-stdlib_3.10.6-1~22.04.1_amd64.deb ...
Unpacking libpython3-stdlib:amd64 (3.10.6-1~22.04.1) ...
Setting up python3-minimal (3.10.6-1~22.04.1) ...
Selecting previously unselected package python3.
(Reading database ... (Reading database ... 5%(Reading database ... 10%(Reading database ... 15%(Reading database ... 20%(Reading database ... 25%(Reading database ... 30%(Reading database ... 35%(Reading database ... 40%(Reading database ... 45%(Reading database ... 50%(Reading database ... 55%(Reading database ... 60%(Reading database ... 65%(Reading database ... 70%(Reading database ... 75%(Reading database ... 80%(Reading database ... 85%(Reading database ... 90%(Reading database ... 95%(Reading database ... 100%(Reading database ... 5127 files and directories currently installed.)
Preparing to unpack .../000-python3_3.10.6-1~22.04.1_amd64.deb ...
Unpacking python3 (3.10.6-1~22.04.1) ...
Selecting previously unselected package libpopt0:amd64.
Preparing to unpack .../001-libpopt0_1.18-3build1_amd64.deb ...
Unpacking libpopt0:amd64 (1.18-3build1) ...
Selecting previously unselected package rsync.
Preparing to unpack .../002-rsync_3.2.7-0ubuntu0.22.04.4_amd64.deb ...
Unpacking rsync (3.2.7-0ubuntu0.22.04.4) ...
Selecting previously unselected package apt-utils.
Preparing to unpack .../003-apt-utils_2.4.14_amd64.deb ...
Unpacking apt-utils (2.4.14) ...
Selecting previously unselected package openssl.
Preparing to unpack .../004-openssl_3.0.2-0ubuntu1.19_amd64.deb ...
Unpacking openssl (3.0.2-0ubuntu1.19) ...
Selecting previously unselected package ca-certificates.
Preparing to unpack .../005-ca-certificates_20240203~22.04.1_all.deb ...
Unpacking ca-certificates (20240203~22.04.1) ...
Selecting previously unselected package libmd0:amd64.
Preparing to unpack .../006-libmd0_1.0.4-1build1_amd64.deb ...
Unpacking libmd0:amd64 (1.0.4-1build1) ...
Selecting previously unselected package libbsd0:amd64.
Preparing to unpack .../007-libbsd0_0.11.5-1_amd64.deb ...
Unpacking libbsd0:amd64 (0.11.5-1) ...
Selecting previously unselected package libdbus-1-3:amd64.
Preparing to unpack .../008-libdbus-1-3_1.12.20-2ubuntu4.1_amd64.deb ...
Unpacking libdbus-1-3:amd64 (1.12.20-2ubuntu4.1) ...
Selecting previously unselected package libelf1:amd64.
Preparing to unpack .../009-libelf1_0.186-1ubuntu0.1_amd64.deb ...
Unpacking libelf1:amd64 (0.186-1ubuntu0.1) ...
Selecting previously unselected package libfribidi0:amd64.
Preparing to unpack .../010-libfribidi0_1.0.8-2ubuntu3.1_amd64.deb ...
Unpacking libfribidi0:amd64 (1.0.8-2ubuntu3.1) ...
Selecting previously unselected package libglib2.0-0:amd64.
Preparing to unpack .../011-libglib2.0-0_2.72.4-0ubuntu2.5_amd64.deb ...
Unpacking libglib2.0-0:amd64 (2.72.4-0ubuntu2.5) ...
Selecting previously unselected package libicu70:amd64.
Preparing to unpack .../012-libicu70_70.1-2_amd64.deb ...
Unpacking libicu70:amd64 (70.1-2) ...
Selecting previously unselected package libjson-c5:amd64.
Preparing to unpack .../013-libjson-c5_0.15-3~ubuntu1.22.04.2_amd64.deb ...
Unpacking libjson-c5:amd64 (0.15-3~ubuntu1.22.04.2) ...
Selecting previously unselected package libxml2:amd64.
Preparing to unpack .../014-libxml2_2.9.13+dfsg-1ubuntu0.7_amd64.deb ...
Unpacking libxml2:amd64 (2.9.13+dfsg-1ubuntu0.7) ...
Selecting previously unselected package python3-pkg-resources.
Preparing to unpack .../015-python3-pkg-resources_59.6.0-1.2ubuntu0.22.04.3_all.deb ...
Unpacking python3-pkg-resources (59.6.0-1.2ubuntu0.22.04.3) ...
Selecting previously unselected package shared-mime-info.
Preparing to unpack .../016-shared-mime-info_2.1-2_amd64.deb ...
Unpacking shared-mime-info (2.1-2) ...
Selecting previously unselected package tzdata.
Preparing to unpack .../017-tzdata_2025b-0ubuntu0.22.04.1_all.deb ...
Unpacking tzdata (2025b-0ubuntu0.22.04.1) ...
Selecting previously unselected package ucf.
Preparing to unpack .../018-ucf_3.0043_all.deb ...
Moving old data out of the way
Unpacking ucf (3.0043) ...
Selecting previously unselected package xxd.
Preparing to unpack .../019-xxd_2%3a8.2.3995-1ubuntu2.24_amd64.deb ...
Unpacking xxd (2:8.2.3995-1ubuntu2.24) ...
Selecting previously unselected package vim-common.
Preparing to unpack .../020-vim-common_2%3a8.2.3995-1ubuntu2.24_all.deb ...
Unpacking vim-common (2:8.2.3995-1ubuntu2.24) ...
Selecting previously unselected package vim-tiny.
Preparing to unpack .../021-vim-tiny_2%3a8.2.3995-1ubuntu2.24_amd64.deb ...
Unpacking vim-tiny (2:8.2.3995-1ubuntu2.24) ...
Selecting previously unselected package xkb-data.
Preparing to unpack .../022-xkb-data_2.33-1_all.deb ...
Unpacking xkb-data (2.33-1) ...
Selecting previously unselected package libcbor0.8:amd64.
Preparing to unpack .../023-libcbor0.8_0.8.0-2ubuntu1_amd64.deb ...
Unpacking libcbor0.8:amd64 (0.8.0-2ubuntu1) ...
Selecting previously unselected package libdrm-common.
Preparing to unpack .../024-libdrm-common_2.4.113-2~ubuntu0.22.04.1_all.deb ...
Unpacking libdrm-common (2.4.113-2~ubuntu0.22.04.1) ...
Selecting previously unselected package libdrm2:amd64.
Preparing to unpack .../025-libdrm2_2.4.113-2~ubuntu0.22.04.1_amd64.deb ...
Unpacking libdrm2:amd64 (2.4.113-2~ubuntu0.22.04.1) ...
Selecting previously unselected package libedit2:amd64.
Preparing to unpack .../026-libedit2_3.1-20210910-1build1_amd64.deb ...
Unpacking libedit2:amd64 (3.1-20210910-1build1) ...
Selecting previously unselected package libfido2-1:amd64.
Preparing to unpack .../027-libfido2-1_1.10.0-1_amd64.deb ...
Unpacking libfido2-1:amd64 (1.10.0-1) ...
Selecting previously unselected package libnghttp2-14:amd64.
Preparing to unpack .../028-libnghttp2-14_1.43.0-1ubuntu0.2_amd64.deb ...
Unpacking libnghttp2-14:amd64 (1.43.0-1ubuntu0.2) ...
Selecting previously unselected package libnuma1:amd64.
Preparing to unpack .../029-libnuma1_2.0.14-3ubuntu2_amd64.deb ...
Unpacking libnuma1:amd64 (2.0.14-3ubuntu2) ...
Selecting previously unselected package libpng16-16:amd64.
Preparing to unpack .../030-libpng16-16_1.6.37-3build5_amd64.deb ...
Unpacking libpng16-16:amd64 (1.6.37-3build5) ...
Selecting previously unselected package libpsl5:amd64.
Preparing to unpack .../031-libpsl5_0.21.0-1.2build2_amd64.deb ...
Unpacking libpsl5:amd64 (0.21.0-1.2build2) ...
Selecting previously unselected package libxau6:amd64.
Preparing to unpack .../032-libxau6_1%3a1.0.9-1build5_amd64.deb ...
Unpacking libxau6:amd64 (1:1.0.9-1build5) ...
Selecting previously unselected package libxdmcp6:amd64.
Preparing to unpack .../033-libxdmcp6_1%3a1.1.3-0ubuntu5_amd64.deb ...
Unpacking libxdmcp6:amd64 (1:1.1.3-0ubuntu5) ...
Selecting previously unselected package libxcb1:amd64.
Preparing to unpack .../034-libxcb1_1.14-3ubuntu3_amd64.deb ...
Unpacking libxcb1:amd64 (1.14-3ubuntu3) ...
Selecting previously unselected package libx11-data.
Preparing to unpack .../035-libx11-data_2%3a1.7.5-1ubuntu0.3_all.deb ...
Unpacking libx11-data (2:1.7.5-1ubuntu0.3) ...
Selecting previously unselected package libx11-6:amd64.
Preparing to unpack .../036-libx11-6_2%3a1.7.5-1ubuntu0.3_amd64.deb ...
Unpacking libx11-6:amd64 (2:1.7.5-1ubuntu0.3) ...
Selecting previously unselected package libxext6:amd64.
Preparing to unpack .../037-libxext6_2%3a1.3.4-1build1_amd64.deb ...
Unpacking libxext6:amd64 (2:1.3.4-1build1) ...
Selecting previously unselected package openssh-client.
Preparing to unpack .../038-openssh-client_1%3a8.9p1-3ubuntu0.13_amd64.deb ...
Unpacking openssh-client (1:8.9p1-3ubuntu0.13) ...
Selecting previously unselected package wget.
Preparing to unpack .../039-wget_1.21.2-2ubuntu1.1_amd64.deb ...
Unpacking wget (1.21.2-2ubuntu1.1) ...
Selecting previously unselected package binutils-common:amd64.
Preparing to unpack .../040-binutils-common_2.38-4ubuntu2.8_amd64.deb ...
Unpacking binutils-common:amd64 (2.38-4ubuntu2.8) ...
Selecting previously unselected package libbinutils:amd64.
Preparing to unpack .../041-libbinutils_2.38-4ubuntu2.8_amd64.deb ...
Unpacking libbinutils:amd64 (2.38-4ubuntu2.8) ...
Selecting previously unselected package libctf-nobfd0:amd64.
Preparing to unpack .../042-libctf-nobfd0_2.38-4ubuntu2.8_amd64.deb ...
Unpacking libctf-nobfd0:amd64 (2.38-4ubuntu2.8) ...
Selecting previously unselected package libctf0:amd64.
Preparing to unpack .../043-libctf0_2.38-4ubuntu2.8_amd64.deb ...
Unpacking libctf0:amd64 (2.38-4ubuntu2.8) ...
Selecting previously unselected package binutils-x86-64-linux-gnu.
Preparing to unpack .../044-binutils-x86-64-linux-gnu_2.38-4ubuntu2.8_amd64.deb ...
Unpacking binutils-x86-64-linux-gnu (2.38-4ubuntu2.8) ...
Selecting previously unselected package binutils.
Preparing to unpack .../045-binutils_2.38-4ubuntu2.8_amd64.deb ...
Unpacking binutils (2.38-4ubuntu2.8) ...
Selecting previously unselected package libtcl8.6:amd64.
Preparing to unpack .../046-libtcl8.6_8.6.12+dfsg-1build1_amd64.deb ...
Unpacking libtcl8.6:amd64 (8.6.12+dfsg-1build1) ...
Selecting previously unselected package libbrotli1:amd64.
Preparing to unpack .../047-libbrotli1_1.0.9-2build6_amd64.deb ...
Unpacking libbrotli1:amd64 (1.0.9-2build6) ...
Selecting previously unselected package libfreetype6:amd64.
Preparing to unpack .../048-libfreetype6_2.11.1+dfsg-1ubuntu0.3_amd64.deb ...
Unpacking libfreetype6:amd64 (2.11.1+dfsg-1ubuntu0.3) ...
Selecting previously unselected package fonts-dejavu-core.
Preparing to unpack .../049-fonts-dejavu-core_2.37-2build1_all.deb ...
Unpacking fonts-dejavu-core (2.37-2build1) ...
Selecting previously unselected package fontconfig-config.
Preparing to unpack .../050-fontconfig-config_2.13.1-4.2ubuntu5_all.deb ...
Unpacking fontconfig-config (2.13.1-4.2ubuntu5) ...
Selecting previously unselected package libfontconfig1:amd64.
Preparing to unpack .../051-libfontconfig1_2.13.1-4.2ubuntu5_amd64.deb ...
Unpacking libfontconfig1:amd64 (2.13.1-4.2ubuntu5) ...
Selecting previously unselected package libxrender1:amd64.
Preparing to unpack .../052-libxrender1_1%3a0.9.10-1build4_amd64.deb ...
Unpacking libxrender1:amd64 (1:0.9.10-1build4) ...
Selecting previously unselected package libxft2:amd64.
Preparing to unpack .../053-libxft2_2.3.4-1_amd64.deb ...
Unpacking libxft2:amd64 (2.3.4-1) ...
Selecting previously unselected package x11-common.
Preparing to unpack .../054-x11-common_1%3a7.7+23ubuntu2_all.deb ...
Unpacking x11-common (1:7.7+23ubuntu2) ...
Selecting previously unselected package libxss1:amd64.
Preparing to unpack .../055-libxss1_1%3a1.2.3-1build2_amd64.deb ...
Unpacking libxss1:amd64 (1:1.2.3-1build2) ...
Selecting previously unselected package libtk8.6:amd64.
Preparing to unpack .../056-libtk8.6_8.6.12-1build1_amd64.deb ...
Unpacking libtk8.6:amd64 (8.6.12-1build1) ...
Selecting previously unselected package tk8.6-blt2.5.
Preparing to unpack .../057-tk8.6-blt2.5_2.5.3+dfsg-4.1build2_amd64.deb ...
Unpacking tk8.6-blt2.5 (2.5.3+dfsg-4.1build2) ...
Selecting previously unselected package blt.
Preparing to unpack .../058-blt_2.5.3+dfsg-4.1build2_amd64.deb ...
Unpacking blt (2.5.3+dfsg-4.1build2) ...
Selecting previously unselected package gcc-11-base:amd64.
Preparing to unpack .../059-gcc-11-base_11.4.0-1ubuntu1~22.04_amd64.deb ...
Unpacking gcc-11-base:amd64 (11.4.0-1ubuntu1~22.04) ...
Selecting previously unselected package libisl23:amd64.
Preparing to unpack .../060-libisl23_0.24-2build1_amd64.deb ...
Unpacking libisl23:amd64 (0.24-2build1) ...
Selecting previously unselected package libmpfr6:amd64.
Preparing to unpack .../061-libmpfr6_4.1.0-3build3_amd64.deb ...
Unpacking libmpfr6:amd64 (4.1.0-3build3) ...
Selecting previously unselected package libmpc3:amd64.
Preparing to unpack .../062-libmpc3_1.2.1-2build1_amd64.deb ...
Unpacking libmpc3:amd64 (1.2.1-2build1) ...
Selecting previously unselected package cpp-11.
Preparing to unpack .../063-cpp-11_11.4.0-1ubuntu1~22.04_amd64.deb ...
Unpacking cpp-11 (11.4.0-1ubuntu1~22.04) ...
Selecting previously unselected package cpp.
Preparing to unpack .../064-cpp_4%3a11.2.0-1ubuntu1_amd64.deb ...
Unpacking cpp (4:11.2.0-1ubuntu1) ...
Selecting previously unselected package cython3.
Preparing to unpack .../065-cython3_0.29.28-1ubuntu3_amd64.deb ...
Unpacking cython3 (0.29.28-1ubuntu3) ...
Selecting previously unselected package fontconfig.
Preparing to unpack .../066-fontconfig_2.13.1-4.2ubuntu5_amd64.deb ...
Unpacking fontconfig (2.13.1-4.2ubuntu5) ...
Selecting previously unselected package fonts-lyx.
Preparing to unpack .../067-fonts-lyx_2.3.6-1_all.deb ...
Unpacking fonts-lyx (2.3.6-1) ...
Selecting previously unselected package libcc1-0:amd64.
Preparing to unpack .../068-libcc1-0_12.3.0-1ubuntu1~22.04_amd64.deb ...
Unpacking libcc1-0:amd64 (12.3.0-1ubuntu1~22.04) ...
Selecting previously unselected package libgomp1:amd64.
Preparing to unpack .../069-libgomp1_12.3.0-1ubuntu1~22.04_amd64.deb ...
Unpacking libgomp1:amd64 (12.3.0-1ubuntu1~22.04) ...
Selecting previously unselected package libitm1:amd64.
Preparing to unpack .../070-libitm1_12.3.0-1ubuntu1~22.04_amd64.deb ...
Unpacking libitm1:amd64 (12.3.0-1ubuntu1~22.04) ...
Selecting previously unselected package libatomic1:amd64.
Preparing to unpack .../071-libatomic1_12.3.0-1ubuntu1~22.04_amd64.deb ...
Unpacking libatomic1:amd64 (12.3.0-1ubuntu1~22.04) ...
Selecting previously unselected package libasan6:amd64.
Preparing to unpack .../072-libasan6_11.4.0-1ubuntu1~22.04_amd64.deb ...
Unpacking libasan6:amd64 (11.4.0-1ubuntu1~22.04) ...
Selecting previously unselected package liblsan0:amd64.
Preparing to unpack .../073-liblsan0_12.3.0-1ubuntu1~22.04_amd64.deb ...
Unpacking liblsan0:amd64 (12.3.0-1ubuntu1~22.04) ...
Selecting previously unselected package libtsan0:amd64.
Preparing to unpack .../074-libtsan0_11.4.0-1ubuntu1~22.04_amd64.deb ...
Unpacking libtsan0:amd64 (11.4.0-1ubuntu1~22.04) ...
Selecting previously unselected package libubsan1:amd64.
Preparing to unpack .../075-libubsan1_12.3.0-1ubuntu1~22.04_amd64.deb ...
Unpacking libubsan1:amd64 (12.3.0-1ubuntu1~22.04) ...
Selecting previously unselected package libquadmath0:amd64.
Preparing to unpack .../076-libquadmath0_12.3.0-1ubuntu1~22.04_amd64.deb ...
Unpacking libquadmath0:amd64 (12.3.0-1ubuntu1~22.04) ...
Selecting previously unselected package libgcc-11-dev:amd64.
Preparing to unpack .../077-libgcc-11-dev_11.4.0-1ubuntu1~22.04_amd64.deb ...
Unpacking libgcc-11-dev:amd64 (11.4.0-1ubuntu1~22.04) ...
Selecting previously unselected package gcc-11.
Preparing to unpack .../078-gcc-11_11.4.0-1ubuntu1~22.04_amd64.deb ...
Unpacking gcc-11 (11.4.0-1ubuntu1~22.04) ...
Selecting previously unselected package gcc.
Preparing to unpack .../079-gcc_4%3a11.2.0-1ubuntu1_amd64.deb ...
Unpacking gcc (4:11.2.0-1ubuntu1) ...
Selecting previously unselected package libc-dev-bin.
Preparing to unpack .../080-libc-dev-bin_2.35-0ubuntu3.10_amd64.deb ...
Unpacking libc-dev-bin (2.35-0ubuntu3.10) ...
Selecting previously unselected package linux-libc-dev:amd64.
Preparing to unpack .../081-linux-libc-dev_5.15.0-142.152_amd64.deb ...
Unpacking linux-libc-dev:amd64 (5.15.0-142.152) ...
Selecting previously unselected package libcrypt-dev:amd64.
Preparing to unpack .../082-libcrypt-dev_1%3a4.4.27-1_amd64.deb ...
Unpacking libcrypt-dev:amd64 (1:4.4.27-1) ...
Selecting previously unselected package rpcsvc-proto.
Preparing to unpack .../083-rpcsvc-proto_1.4.2-0ubuntu6_amd64.deb ...
Unpacking rpcsvc-proto (1.4.2-0ubuntu6) ...
Selecting previously unselected package libtirpc-dev:amd64.
Preparing to unpack .../084-libtirpc-dev_1.3.2-2ubuntu0.1_amd64.deb ...
Unpacking libtirpc-dev:amd64 (1.3.2-2ubuntu0.1) ...
Selecting previously unselected package libnsl-dev:amd64.
Preparing to unpack .../085-libnsl-dev_1.3.0-2build2_amd64.deb ...
Unpacking libnsl-dev:amd64 (1.3.0-2build2) ...
Selecting previously unselected package libc6-dev:amd64.
Preparing to unpack .../086-libc6-dev_2.35-0ubuntu3.10_amd64.deb ...
Unpacking libc6-dev:amd64 (2.35-0ubuntu3.10) ...
Selecting previously unselected package libstdc++-11-dev:amd64.
Preparing to unpack .../087-libstdc++-11-dev_11.4.0-1ubuntu1~22.04_amd64.deb ...
Unpacking libstdc++-11-dev:amd64 (11.4.0-1ubuntu1~22.04) ...
Selecting previously unselected package g++-11.
Preparing to unpack .../088-g++-11_11.4.0-1ubuntu1~22.04_amd64.deb ...
Unpacking g++-11 (11.4.0-1ubuntu1~22.04) ...
Selecting previously unselected package g++.
Preparing to unpack .../089-g++_4%3a11.2.0-1ubuntu1_amd64.deb ...
Unpacking g++ (4:11.2.0-1ubuntu1) ...
Selecting previously unselected package gdal-data.
Preparing to unpack .../090-gdal-data_3.4.1+dfsg-1build4_all.deb ...
Unpacking gdal-data (3.4.1+dfsg-1build4) ...
Selecting previously unselected package libnl-3-200:amd64.
Preparing to unpack .../091-libnl-3-200_3.5.0-0.1_amd64.deb ...
Unpacking libnl-3-200:amd64 (3.5.0-0.1) ...
Selecting previously unselected package libnl-route-3-200:amd64.
Preparing to unpack .../092-libnl-route-3-200_3.5.0-0.1_amd64.deb ...
Unpacking libnl-route-3-200:amd64 (3.5.0-0.1) ...
Selecting previously unselected package libibverbs1:amd64.
Preparing to unpack .../093-libibverbs1_39.0-1_amd64.deb ...
Unpacking libibverbs1:amd64 (39.0-1) ...
Selecting previously unselected package ibverbs-providers:amd64.
Preparing to unpack .../094-ibverbs-providers_39.0-1_amd64.deb ...
Unpacking ibverbs-providers:amd64 (39.0-1) ...
Selecting previously unselected package libaec0:amd64.
Preparing to unpack .../095-libaec0_1.0.6-1_amd64.deb ...
Unpacking libaec0:amd64 (1.0.6-1) ...
Selecting previously unselected package libaom3:amd64.
Preparing to unpack .../096-libaom3_3.3.0-1ubuntu0.1_amd64.deb ...
Unpacking libaom3:amd64 (3.3.0-1ubuntu0.1) ...
Selecting previously unselected package libblas3:amd64.
Preparing to unpack .../097-libblas3_3.10.0-2ubuntu1_amd64.deb ...
Unpacking libblas3:amd64 (3.10.0-2ubuntu1) ...
Selecting previously unselected package libgfortran5:amd64.
Preparing to unpack .../098-libgfortran5_12.3.0-1ubuntu1~22.04_amd64.deb ...
Unpacking libgfortran5:amd64 (12.3.0-1ubuntu1~22.04) ...
Selecting previously unselected package libopenblas0-pthread:amd64.
Preparing to unpack .../099-libopenblas0-pthread_0.3.20+ds-1_amd64.deb ...
Unpacking libopenblas0-pthread:amd64 (0.3.20+ds-1) ...
Selecting previously unselected package liblapack3:amd64.
Preparing to unpack .../100-liblapack3_3.10.0-2ubuntu1_amd64.deb ...
Unpacking liblapack3:amd64 (3.10.0-2ubuntu1) ...
Selecting previously unselected package libarpack2:amd64.
Preparing to unpack .../101-libarpack2_3.8.0-1_amd64.deb ...
Unpacking libarpack2:amd64 (3.8.0-1) ...
Selecting previously unselected package libsuperlu5:amd64.
Preparing to unpack .../102-libsuperlu5_5.3.0+dfsg1-2_amd64.deb ...
Unpacking libsuperlu5:amd64 (5.3.0+dfsg1-2) ...
Selecting previously unselected package libarmadillo10.
Preparing to unpack .../103-libarmadillo10_1%3a10.8.2+dfsg-1_amd64.deb ...
Unpacking libarmadillo10 (1:10.8.2+dfsg-1) ...
Selecting previously unselected package libva2:amd64.
Preparing to unpack .../104-libva2_2.14.0-1_amd64.deb ...
Unpacking libva2:amd64 (2.14.0-1) ...
Selecting previously unselected package libmfx1:amd64.
Preparing to unpack .../105-libmfx1_22.3.0-1_amd64.deb ...
Unpacking libmfx1:amd64 (22.3.0-1) ...
Selecting previously unselected package libva-drm2:amd64.
Preparing to unpack .../106-libva-drm2_2.14.0-1_amd64.deb ...
Unpacking libva-drm2:amd64 (2.14.0-1) ...
Selecting previously unselected package libxfixes3:amd64.
Preparing to unpack .../107-libxfixes3_1%3a6.0.0-1_amd64.deb ...
Unpacking libxfixes3:amd64 (1:6.0.0-1) ...
Selecting previously unselected package libva-x11-2:amd64.
Preparing to unpack .../108-libva-x11-2_2.14.0-1_amd64.deb ...
Unpacking libva-x11-2:amd64 (2.14.0-1) ...
Selecting previously unselected package libvdpau1:amd64.
Preparing to unpack .../109-libvdpau1_1.4-3build2_amd64.deb ...
Unpacking libvdpau1:amd64 (1.4-3build2) ...
Selecting previously unselected package ocl-icd-libopencl1:amd64.
Preparing to unpack .../110-ocl-icd-libopencl1_2.2.14-3_amd64.deb ...
Unpacking ocl-icd-libopencl1:amd64 (2.2.14-3) ...
Selecting previously unselected package libavutil56:amd64.
Preparing to unpack .../111-libavutil56_7%3a4.4.2-0ubuntu0.22.04.1_amd64.deb ...
Unpacking libavutil56:amd64 (7:4.4.2-0ubuntu0.22.04.1) ...
Selecting previously unselected package libpixman-1-0:amd64.
Preparing to unpack .../112-libpixman-1-0_0.40.0-1ubuntu0.22.04.1_amd64.deb ...
Unpacking libpixman-1-0:amd64 (0.40.0-1ubuntu0.22.04.1) ...
Selecting previously unselected package libxcb-render0:amd64.
Preparing to unpack .../113-libxcb-render0_1.14-3ubuntu3_amd64.deb ...
Unpacking libxcb-render0:amd64 (1.14-3ubuntu3) ...
Selecting previously unselected package libxcb-shm0:amd64.
Preparing to unpack .../114-libxcb-shm0_1.14-3ubuntu3_amd64.deb ...
Unpacking libxcb-shm0:amd64 (1.14-3ubuntu3) ...
Selecting previously unselected package libcairo2:amd64.
Preparing to unpack .../115-libcairo2_1.16.0-5ubuntu2_amd64.deb ...
Unpacking libcairo2:amd64 (1.16.0-5ubuntu2) ...
Selecting previously unselected package libcodec2-1.0:amd64.
Preparing to unpack .../116-libcodec2-1.0_1.0.1-3_amd64.deb ...
Unpacking libcodec2-1.0:amd64 (1.0.1-3) ...
Selecting previously unselected package libdav1d5:amd64.
Preparing to unpack .../117-libdav1d5_0.9.2-1_amd64.deb ...
Unpacking libdav1d5:amd64 (0.9.2-1) ...
Selecting previously unselected package libgsm1:amd64.
Preparing to unpack .../118-libgsm1_1.0.19-1_amd64.deb ...
Unpacking libgsm1:amd64 (1.0.19-1) ...
Selecting previously unselected package libmp3lame0:amd64.
Preparing to unpack .../119-libmp3lame0_3.100-3build2_amd64.deb ...
Unpacking libmp3lame0:amd64 (3.100-3build2) ...
Selecting previously unselected package libopenjp2-7:amd64.
Preparing to unpack .../120-libopenjp2-7_2.4.0-6ubuntu0.3_amd64.deb ...
Unpacking libopenjp2-7:amd64 (2.4.0-6ubuntu0.3) ...
Selecting previously unselected package libopus0:amd64.
Preparing to unpack .../121-libopus0_1.3.1-0.1build2_amd64.deb ...
Unpacking libopus0:amd64 (1.3.1-0.1build2) ...
Selecting previously unselected package libcairo-gobject2:amd64.
Preparing to unpack .../122-libcairo-gobject2_1.16.0-5ubuntu2_amd64.deb ...
Unpacking libcairo-gobject2:amd64 (1.16.0-5ubuntu2) ...
Selecting previously unselected package libgdk-pixbuf2.0-common.
Preparing to unpack .../123-libgdk-pixbuf2.0-common_2.42.8+dfsg-1ubuntu0.3_all.deb ...
Unpacking libgdk-pixbuf2.0-common (2.42.8+dfsg-1ubuntu0.3) ...
Selecting previously unselected package libjpeg-turbo8:amd64.
Preparing to unpack .../124-libjpeg-turbo8_2.1.2-0ubuntu1_amd64.deb ...
Unpacking libjpeg-turbo8:amd64 (2.1.2-0ubuntu1) ...
Selecting previously unselected package libjpeg8:amd64.
Preparing to unpack .../125-libjpeg8_8c-2ubuntu10_amd64.deb ...
Unpacking libjpeg8:amd64 (8c-2ubuntu10) ...
Selecting previously unselected package libdeflate0:amd64.
Preparing to unpack .../126-libdeflate0_1.10-2_amd64.deb ...
Unpacking libdeflate0:amd64 (1.10-2) ...
Selecting previously unselected package libjbig0:amd64.
Preparing to unpack .../127-libjbig0_2.1-3.1ubuntu0.22.04.1_amd64.deb ...
Unpacking libjbig0:amd64 (2.1-3.1ubuntu0.22.04.1) ...
Selecting previously unselected package libwebp7:amd64.
Preparing to unpack .../128-libwebp7_1.2.2-2ubuntu0.22.04.2_amd64.deb ...
Unpacking libwebp7:amd64 (1.2.2-2ubuntu0.22.04.2) ...
Selecting previously unselected package libtiff5:amd64.
Preparing to unpack .../129-libtiff5_4.3.0-6ubuntu0.10_amd64.deb ...
Unpacking libtiff5:amd64 (4.3.0-6ubuntu0.10) ...
Selecting previously unselected package libgdk-pixbuf-2.0-0:amd64.
Preparing to unpack .../130-libgdk-pixbuf-2.0-0_2.42.8+dfsg-1ubuntu0.3_amd64.deb ...
Unpacking libgdk-pixbuf-2.0-0:amd64 (2.42.8+dfsg-1ubuntu0.3) ...
Selecting previously unselected package libgraphite2-3:amd64.
Preparing to unpack .../131-libgraphite2-3_1.3.14-1build2_amd64.deb ...
Unpacking libgraphite2-3:amd64 (1.3.14-1build2) ...
Selecting previously unselected package libharfbuzz0b:amd64.
Preparing to unpack .../132-libharfbuzz0b_2.7.4-1ubuntu3.2_amd64.deb ...
Unpacking libharfbuzz0b:amd64 (2.7.4-1ubuntu3.2) ...
Selecting previously unselected package libthai-data.
Preparing to unpack .../133-libthai-data_0.1.29-1build1_all.deb ...
Unpacking libthai-data (0.1.29-1build1) ...
Selecting previously unselected package libdatrie1:amd64.
Preparing to unpack .../134-libdatrie1_0.2.13-2_amd64.deb ...
Unpacking libdatrie1:amd64 (0.2.13-2) ...
Selecting previously unselected package libthai0:amd64.
Preparing to unpack .../135-libthai0_0.1.29-1build1_amd64.deb ...
Unpacking libthai0:amd64 (0.1.29-1build1) ...
Selecting previously unselected package libpango-1.0-0:amd64.
Preparing to unpack .../136-libpango-1.0-0_1.50.6+ds-2ubuntu1_amd64.deb ...
Unpacking libpango-1.0-0:amd64 (1.50.6+ds-2ubuntu1) ...
Selecting previously unselected package libpangoft2-1.0-0:amd64.
Preparing to unpack .../137-libpangoft2-1.0-0_1.50.6+ds-2ubuntu1_amd64.deb ...
Unpacking libpangoft2-1.0-0:amd64 (1.50.6+ds-2ubuntu1) ...
Selecting previously unselected package libpangocairo-1.0-0:amd64.
Preparing to unpack .../138-libpangocairo-1.0-0_1.50.6+ds-2ubuntu1_amd64.deb ...
Unpacking libpangocairo-1.0-0:amd64 (1.50.6+ds-2ubuntu1) ...
Selecting previously unselected package librsvg2-2:amd64.
Preparing to unpack .../139-librsvg2-2_2.52.5+dfsg-3ubuntu0.2_amd64.deb ...
Unpacking librsvg2-2:amd64 (2.52.5+dfsg-3ubuntu0.2) ...
Selecting previously unselected package libshine3:amd64.
Preparing to unpack .../140-libshine3_3.1.1-2_amd64.deb ...
Unpacking libshine3:amd64 (3.1.1-2) ...
Selecting previously unselected package libsnappy1v5:amd64.
Preparing to unpack .../141-libsnappy1v5_1.1.8-1build3_amd64.deb ...
Unpacking libsnappy1v5:amd64 (1.1.8-1build3) ...
Selecting previously unselected package libspeex1:amd64.
Preparing to unpack .../142-libspeex1_1.2~rc1.2-1.1ubuntu3_amd64.deb ...
Unpacking libspeex1:amd64 (1.2~rc1.2-1.1ubuntu3) ...
Selecting previously unselected package libsoxr0:amd64.
Preparing to unpack .../143-libsoxr0_0.1.3-4build2_amd64.deb ...
Unpacking libsoxr0:amd64 (0.1.3-4build2) ...
Selecting previously unselected package libswresample3:amd64.
Preparing to unpack .../144-libswresample3_7%3a4.4.2-0ubuntu0.22.04.1_amd64.deb ...
Unpacking libswresample3:amd64 (7:4.4.2-0ubuntu0.22.04.1) ...
Selecting previously unselected package libogg0:amd64.
Preparing to unpack .../145-libogg0_1.3.5-0ubuntu3_amd64.deb ...
Unpacking libogg0:amd64 (1.3.5-0ubuntu3) ...
Selecting previously unselected package libtheora0:amd64.
Preparing to unpack .../146-libtheora0_1.1.1+dfsg.1-15ubuntu4_amd64.deb ...
Unpacking libtheora0:amd64 (1.1.1+dfsg.1-15ubuntu4) ...
Selecting previously unselected package libtwolame0:amd64.
Preparing to unpack .../147-libtwolame0_0.4.0-2build2_amd64.deb ...
Unpacking libtwolame0:amd64 (0.4.0-2build2) ...
Selecting previously unselected package libvorbis0a:amd64.
Preparing to unpack .../148-libvorbis0a_1.3.7-1build2_amd64.deb ...
Unpacking libvorbis0a:amd64 (1.3.7-1build2) ...
Selecting previously unselected package libvorbisenc2:amd64.
Preparing to unpack .../149-libvorbisenc2_1.3.7-1build2_amd64.deb ...
Unpacking libvorbisenc2:amd64 (1.3.7-1build2) ...
Selecting previously unselected package libvpx7:amd64.
Preparing to unpack .../150-libvpx7_1.11.0-2ubuntu2.4_amd64.deb ...
Unpacking libvpx7:amd64 (1.11.0-2ubuntu2.4) ...
Selecting previously unselected package libwebpmux3:amd64.
Preparing to unpack .../151-libwebpmux3_1.2.2-2ubuntu0.22.04.2_amd64.deb ...
Unpacking libwebpmux3:amd64 (1.2.2-2ubuntu0.22.04.2) ...
Selecting previously unselected package libx264-163:amd64.
Preparing to unpack .../152-libx264-163_2%3a0.163.3060+git5db6aa6-2build1_amd64.deb ...
Unpacking libx264-163:amd64 (2:0.163.3060+git5db6aa6-2build1) ...
Selecting previously unselected package libx265-199:amd64.
Preparing to unpack .../153-libx265-199_3.5-2_amd64.deb ...
Unpacking libx265-199:amd64 (3.5-2) ...
Selecting previously unselected package libxvidcore4:amd64.
Preparing to unpack .../154-libxvidcore4_2%3a1.3.7-1_amd64.deb ...
Unpacking libxvidcore4:amd64 (2:1.3.7-1) ...
Selecting previously unselected package libzvbi-common.
Preparing to unpack .../155-libzvbi-common_0.2.35-19_all.deb ...
Unpacking libzvbi-common (0.2.35-19) ...
Selecting previously unselected package libzvbi0:amd64.
Preparing to unpack .../156-libzvbi0_0.2.35-19_amd64.deb ...
Unpacking libzvbi0:amd64 (0.2.35-19) ...
Selecting previously unselected package libavcodec58:amd64.
Preparing to unpack .../157-libavcodec58_7%3a4.4.2-0ubuntu0.22.04.1_amd64.deb ...
Unpacking libavcodec58:amd64 (7:4.4.2-0ubuntu0.22.04.1) ...
Selecting previously unselected package libudfread0:amd64.
Preparing to unpack .../158-libudfread0_1.1.2-1_amd64.deb ...
Unpacking libudfread0:amd64 (1.1.2-1) ...
Selecting previously unselected package libbluray2:amd64.
Preparing to unpack .../159-libbluray2_1%3a1.3.1-1_amd64.deb ...
Unpacking libbluray2:amd64 (1:1.3.1-1) ...
Selecting previously unselected package libchromaprint1:amd64.
Preparing to unpack .../160-libchromaprint1_1.5.1-2_amd64.deb ...
Unpacking libchromaprint1:amd64 (1.5.1-2) ...
Selecting previously unselected package libgme0:amd64.
Preparing to unpack .../161-libgme0_0.6.3-2_amd64.deb ...
Unpacking libgme0:amd64 (0.6.3-2) ...
Selecting previously unselected package libmpg123-0:amd64.
Preparing to unpack .../162-libmpg123-0_1.29.3-1ubuntu0.1_amd64.deb ...
Unpacking libmpg123-0:amd64 (1.29.3-1ubuntu0.1) ...
Selecting previously unselected package libvorbisfile3:amd64.
Preparing to unpack .../163-libvorbisfile3_1.3.7-1build2_amd64.deb ...
Unpacking libvorbisfile3:amd64 (1.3.7-1build2) ...
Selecting previously unselected package libopenmpt0:amd64.
Preparing to unpack .../164-libopenmpt0_0.6.1-1_amd64.deb ...
Unpacking libopenmpt0:amd64 (0.6.1-1) ...
Selecting previously unselected package librabbitmq4:amd64.
Preparing to unpack .../165-librabbitmq4_0.10.0-1ubuntu2_amd64.deb ...
Unpacking librabbitmq4:amd64 (0.10.0-1ubuntu2) ...
Selecting previously unselected package libsrt1.4-gnutls:amd64.
Preparing to unpack .../166-libsrt1.4-gnutls_1.4.4-4_amd64.deb ...
Unpacking libsrt1.4-gnutls:amd64 (1.4.4-4) ...
Selecting previously unselected package libssh-gcrypt-4:amd64.
Preparing to unpack .../167-libssh-gcrypt-4_0.9.6-2ubuntu0.22.04.3_amd64.deb ...
Unpacking libssh-gcrypt-4:amd64 (0.9.6-2ubuntu0.22.04.3) ...
Selecting previously unselected package libnorm1:amd64.
Preparing to unpack .../168-libnorm1_1.5.9+dfsg-2_amd64.deb ...
Unpacking libnorm1:amd64 (1.5.9+dfsg-2) ...
Selecting previously unselected package libpgm-5.3-0:amd64.
Preparing to unpack .../169-libpgm-5.3-0_5.3.128~dfsg-2_amd64.deb ...
Unpacking libpgm-5.3-0:amd64 (5.3.128~dfsg-2) ...
Selecting previously unselected package libsodium23:amd64.
Preparing to unpack .../170-libsodium23_1.0.18-1build2_amd64.deb ...
Unpacking libsodium23:amd64 (1.0.18-1build2) ...
Selecting previously unselected package libzmq5:amd64.
Preparing to unpack .../171-libzmq5_4.3.4-2_amd64.deb ...
Unpacking libzmq5:amd64 (4.3.4-2) ...
Selecting previously unselected package libavformat58:amd64.
Preparing to unpack .../172-libavformat58_7%3a4.4.2-0ubuntu0.22.04.1_amd64.deb ...
Unpacking libavformat58:amd64 (7:4.4.2-0ubuntu0.22.04.1) ...
Selecting previously unselected package libblosc1:amd64.
Preparing to unpack .../173-libblosc1_1.21.1+ds2-2_amd64.deb ...
Unpacking libblosc1:amd64 (1.21.1+ds2-2) ...
Selecting previously unselected package libboost1.74-dev:amd64.
Preparing to unpack .../174-libboost1.74-dev_1.74.0-14ubuntu3_amd64.deb ...
Unpacking libboost1.74-dev:amd64 (1.74.0-14ubuntu3) ...
Selecting previously unselected package libboost-dev:amd64.
Preparing to unpack .../175-libboost-dev_1.74.0.3ubuntu7_amd64.deb ...
Unpacking libboost-dev:amd64 (1.74.0.3ubuntu7) ...
Selecting previously unselected package libsasl2-modules-db:amd64.
Preparing to unpack .../176-libsasl2-modules-db_2.1.27+dfsg2-3ubuntu1.2_amd64.deb ...
Unpacking libsasl2-modules-db:amd64 (2.1.27+dfsg2-3ubuntu1.2) ...
Selecting previously unselected package libsasl2-2:amd64.
Preparing to unpack .../177-libsasl2-2_2.1.27+dfsg2-3ubuntu1.2_amd64.deb ...
Unpacking libsasl2-2:amd64 (2.1.27+dfsg2-3ubuntu1.2) ...
Selecting previously unselected package libldap-2.5-0:amd64.
Preparing to unpack .../178-libldap-2.5-0_2.5.19+dfsg-0ubuntu0.22.04.1_amd64.deb ...
Unpacking libldap-2.5-0:amd64 (2.5.19+dfsg-0ubuntu0.22.04.1) ...
Selecting previously unselected package librtmp1:amd64.
Preparing to unpack .../179-librtmp1_2.4+20151223.gitfa8646d.1-2build4_amd64.deb ...
Unpacking librtmp1:amd64 (2.4+20151223.gitfa8646d.1-2build4) ...
Selecting previously unselected package libssh-4:amd64.
Preparing to unpack .../180-libssh-4_0.9.6-2ubuntu0.22.04.3_amd64.deb ...
Unpacking libssh-4:amd64 (0.9.6-2ubuntu0.22.04.3) ...
Selecting previously unselected package libcurl3-gnutls:amd64.
Preparing to unpack .../181-libcurl3-gnutls_7.81.0-1ubuntu1.20_amd64.deb ...
Unpacking libcurl3-gnutls:amd64 (7.81.0-1ubuntu1.20) ...
Selecting previously unselected package libcfitsio9:amd64.
Preparing to unpack .../182-libcfitsio9_4.0.0-1_amd64.deb ...
Unpacking libcfitsio9:amd64 (4.0.0-1) ...
Selecting previously unselected package libcharls2:amd64.
Preparing to unpack .../183-libcharls2_2.3.4-1_amd64.deb ...
Unpacking libcharls2:amd64 (2.3.4-1) ...
Selecting previously unselected package libcurl4:amd64.
Preparing to unpack .../184-libcurl4_7.81.0-1ubuntu1.20_amd64.deb ...
Unpacking libcurl4:amd64 (7.81.0-1ubuntu1.20) ...
Selecting previously unselected package libde265-0:amd64.
Preparing to unpack .../185-libde265-0_1.0.8-1ubuntu0.3_amd64.deb ...
Unpacking libde265-0:amd64 (1.0.8-1ubuntu0.3) ...
Selecting previously unselected package libdouble-conversion3:amd64.
Preparing to unpack .../186-libdouble-conversion3_3.1.7-4_amd64.deb ...
Unpacking libdouble-conversion3:amd64 (3.1.7-4) ...
Selecting previously unselected package libdrm-amdgpu1:amd64.
Preparing to unpack .../187-libdrm-amdgpu1_2.4.113-2~ubuntu0.22.04.1_amd64.deb ...
Unpacking libdrm-amdgpu1:amd64 (2.4.113-2~ubuntu0.22.04.1) ...
Selecting previously unselected package libpciaccess0:amd64.
Preparing to unpack .../188-libpciaccess0_0.16-3_amd64.deb ...
Unpacking libpciaccess0:amd64 (0.16-3) ...
Selecting previously unselected package libdrm-intel1:amd64.
Preparing to unpack .../189-libdrm-intel1_2.4.113-2~ubuntu0.22.04.1_amd64.deb ...
Unpacking libdrm-intel1:amd64 (2.4.113-2~ubuntu0.22.04.1) ...
Selecting previously unselected package libdrm-nouveau2:amd64.
Preparing to unpack .../190-libdrm-nouveau2_2.4.113-2~ubuntu0.22.04.1_amd64.deb ...
Unpacking libdrm-nouveau2:amd64 (2.4.113-2~ubuntu0.22.04.1) ...
Selecting previously unselected package libdrm-radeon1:amd64.
Preparing to unpack .../191-libdrm-radeon1_2.4.113-2~ubuntu0.22.04.1_amd64.deb ...
Unpacking libdrm-radeon1:amd64 (2.4.113-2~ubuntu0.22.04.1) ...
Selecting previously unselected package libwayland-server0:amd64.
Preparing to unpack .../192-libwayland-server0_1.20.0-1ubuntu0.1_amd64.deb ...
Unpacking libwayland-server0:amd64 (1.20.0-1ubuntu0.1) ...
Selecting previously unselected package libxcb-randr0:amd64.
Preparing to unpack .../193-libxcb-randr0_1.14-3ubuntu3_amd64.deb ...
Unpacking libxcb-randr0:amd64 (1.14-3ubuntu3) ...
Selecting previously unselected package libgbm1:amd64.
Preparing to unpack .../194-libgbm1_23.2.1-1ubuntu3.1~22.04.3_amd64.deb ...
Unpacking libgbm1:amd64 (23.2.1-1ubuntu3.1~22.04.3) ...
Selecting previously unselected package libglapi-mesa:amd64.
Preparing to unpack .../195-libglapi-mesa_23.2.1-1ubuntu3.1~22.04.3_amd64.deb ...
Unpacking libglapi-mesa:amd64 (23.2.1-1ubuntu3.1~22.04.3) ...
Selecting previously unselected package libwayland-client0:amd64.
Preparing to unpack .../196-libwayland-client0_1.20.0-1ubuntu0.1_amd64.deb ...
Unpacking libwayland-client0:amd64 (1.20.0-1ubuntu0.1) ...
Selecting previously unselected package libx11-xcb1:amd64.
Preparing to unpack .../197-libx11-xcb1_2%3a1.7.5-1ubuntu0.3_amd64.deb ...
Unpacking libx11-xcb1:amd64 (2:1.7.5-1ubuntu0.3) ...
Selecting previously unselected package libxcb-dri2-0:amd64.
Preparing to unpack .../198-libxcb-dri2-0_1.14-3ubuntu3_amd64.deb ...
Unpacking libxcb-dri2-0:amd64 (1.14-3ubuntu3) ...
Selecting previously unselected package libxcb-dri3-0:amd64.
Preparing to unpack .../199-libxcb-dri3-0_1.14-3ubuntu3_amd64.deb ...
Unpacking libxcb-dri3-0:amd64 (1.14-3ubuntu3) ...
Selecting previously unselected package libxcb-present0:amd64.
Preparing to unpack .../200-libxcb-present0_1.14-3ubuntu3_amd64.deb ...
Unpacking libxcb-present0:amd64 (1.14-3ubuntu3) ...
Selecting previously unselected package libxcb-sync1:amd64.
Preparing to unpack .../201-libxcb-sync1_1.14-3ubuntu3_amd64.deb ...
Unpacking libxcb-sync1:amd64 (1.14-3ubuntu3) ...
Selecting previously unselected package libxcb-xfixes0:amd64.
Preparing to unpack .../202-libxcb-xfixes0_1.14-3ubuntu3_amd64.deb ...
Unpacking libxcb-xfixes0:amd64 (1.14-3ubuntu3) ...
Selecting previously unselected package libxshmfence1:amd64.
Preparing to unpack .../203-libxshmfence1_1.3-1build4_amd64.deb ...
Unpacking libxshmfence1:amd64 (1.3-1build4) ...
Selecting previously unselected package libegl-mesa0:amd64.
Preparing to unpack .../204-libegl-mesa0_23.2.1-1ubuntu3.1~22.04.3_amd64.deb ...
Unpacking libegl-mesa0:amd64 (23.2.1-1ubuntu3.1~22.04.3) ...
Selecting previously unselected package libevent-core-2.1-7:amd64.
Preparing to unpack .../205-libevent-core-2.1-7_2.1.12-stable-1build3_amd64.deb ...
Unpacking libevent-core-2.1-7:amd64 (2.1.12-stable-1build3) ...
Selecting previously unselected package libevent-pthreads-2.1-7:amd64.
Preparing to unpack .../206-libevent-pthreads-2.1-7_2.1.12-stable-1build3_amd64.deb ...
Unpacking libevent-pthreads-2.1-7:amd64 (2.1.12-stable-1build3) ...
Selecting previously unselected package libexpat1-dev:amd64.
Preparing to unpack .../207-libexpat1-dev_2.4.7-1ubuntu0.6_amd64.deb ...
Unpacking libexpat1-dev:amd64 (2.4.7-1ubuntu0.6) ...
Selecting previously unselected package libpsm-infinipath1.
Preparing to unpack .../208-libpsm-infinipath1_3.3+20.604758e7-6.1_amd64.deb ...
Unpacking libpsm-infinipath1 (3.3+20.604758e7-6.1) ...
Selecting previously unselected package libpsm2-2.
Preparing to unpack .../209-libpsm2-2_11.2.185-1_amd64.deb ...
Unpacking libpsm2-2 (11.2.185-1) ...
Selecting previously unselected package librdmacm1:amd64.
Preparing to unpack .../210-librdmacm1_39.0-1_amd64.deb ...
Unpacking librdmacm1:amd64 (39.0-1) ...
Selecting previously unselected package libfabric1:amd64.
Preparing to unpack .../211-libfabric1_1.11.0-3_amd64.deb ...
Unpacking libfabric1:amd64 (1.11.0-3) ...
Selecting previously unselected package libfyba0:amd64.
Preparing to unpack .../212-libfyba0_4.1.1-7_amd64.deb ...
Unpacking libfyba0:amd64 (4.1.1-7) ...
Selecting previously unselected package libfreexl1:amd64.
Preparing to unpack .../213-libfreexl1_1.0.6-1_amd64.deb ...
Unpacking libfreexl1:amd64 (1.0.6-1) ...
Selecting previously unselected package libgeos3.10.2:amd64.
Preparing to unpack .../214-libgeos3.10.2_3.10.2-1_amd64.deb ...
Unpacking libgeos3.10.2:amd64 (3.10.2-1) ...
Selecting previously unselected package libgeos-c1v5:amd64.
Preparing to unpack .../215-libgeos-c1v5_3.10.2-1_amd64.deb ...
Unpacking libgeos-c1v5:amd64 (3.10.2-1) ...
Selecting previously unselected package proj-data.
Preparing to unpack .../216-proj-data_8.2.1-1_all.deb ...
Unpacking proj-data (8.2.1-1) ...
Selecting previously unselected package libproj22:amd64.
Preparing to unpack .../217-libproj22_8.2.1-1_amd64.deb ...
Unpacking libproj22:amd64 (8.2.1-1) ...
Selecting previously unselected package libgeotiff5:amd64.
Preparing to unpack .../218-libgeotiff5_1.7.0-2build1_amd64.deb ...
Unpacking libgeotiff5:amd64 (1.7.0-2build1) ...
Selecting previously unselected package libgif7:amd64.
Preparing to unpack .../219-libgif7_5.1.9-2ubuntu0.1_amd64.deb ...
Unpacking libgif7:amd64 (5.1.9-2ubuntu0.1) ...
Selecting previously unselected package libhdf4-0-alt.
Preparing to unpack .../220-libhdf4-0-alt_4.2.15-4_amd64.deb ...
Unpacking libhdf4-0-alt (4.2.15-4) ...
Selecting previously unselected package libsz2:amd64.
Preparing to unpack .../221-libsz2_1.0.6-1_amd64.deb ...
Unpacking libsz2:amd64 (1.0.6-1) ...
Selecting previously unselected package libhdf5-103-1:amd64.
Preparing to unpack .../222-libhdf5-103-1_1.10.7+repack-4ubuntu2_amd64.deb ...
Unpacking libhdf5-103-1:amd64 (1.10.7+repack-4ubuntu2) ...
Selecting previously unselected package libheif1:amd64.
Preparing to unpack .../223-libheif1_1.12.0-2build1_amd64.deb ...
Unpacking libheif1:amd64 (1.12.0-2build1) ...
Selecting previously unselected package libminizip1:amd64.
Preparing to unpack .../224-libminizip1_1.1-8build1_amd64.deb ...
Unpacking libminizip1:amd64 (1.1-8build1) ...
Selecting previously unselected package liburiparser1:amd64.
Preparing to unpack .../225-liburiparser1_0.9.6+dfsg-1_amd64.deb ...
Unpacking liburiparser1:amd64 (0.9.6+dfsg-1) ...
Selecting previously unselected package libkmlbase1:amd64.
Preparing to unpack .../226-libkmlbase1_1.3.0-9_amd64.deb ...
Unpacking libkmlbase1:amd64 (1.3.0-9) ...
Selecting previously unselected package libkmldom1:amd64.
Preparing to unpack .../227-libkmldom1_1.3.0-9_amd64.deb ...
Unpacking libkmldom1:amd64 (1.3.0-9) ...
Selecting previously unselected package libkmlengine1:amd64.
Preparing to unpack .../228-libkmlengine1_1.3.0-9_amd64.deb ...
Unpacking libkmlengine1:amd64 (1.3.0-9) ...
Selecting previously unselected package mysql-common.
Preparing to unpack .../229-mysql-common_5.8+1.0.8_all.deb ...
Unpacking mysql-common (5.8+1.0.8) ...
Selecting previously unselected package libmysqlclient21:amd64.
Preparing to unpack .../230-libmysqlclient21_8.0.42-0ubuntu0.22.04.1_amd64.deb ...
Unpacking libmysqlclient21:amd64 (8.0.42-0ubuntu0.22.04.1) ...
Selecting previously unselected package libhdf5-hl-100:amd64.
Preparing to unpack .../231-libhdf5-hl-100_1.10.7+repack-4ubuntu2_amd64.deb ...
Unpacking libhdf5-hl-100:amd64 (1.10.7+repack-4ubuntu2) ...
Selecting previously unselected package libnetcdf19:amd64.
Preparing to unpack .../232-libnetcdf19_1%3a4.8.1-1_amd64.deb ...
Unpacking libnetcdf19:amd64 (1:4.8.1-1) ...
Selecting previously unselected package libltdl7:amd64.
Preparing to unpack .../233-libltdl7_2.4.6-15build2_amd64.deb ...
Unpacking libltdl7:amd64 (2.4.6-15build2) ...
Selecting previously unselected package libodbc2:amd64.
Preparing to unpack .../234-libodbc2_2.3.9-5ubuntu0.1_amd64.deb ...
Unpacking libodbc2:amd64 (2.3.9-5ubuntu0.1) ...
Selecting previously unselected package unixodbc-common.
Preparing to unpack .../235-unixodbc-common_2.3.9-5ubuntu0.1_all.deb ...
Unpacking unixodbc-common (2.3.9-5ubuntu0.1) ...
Selecting previously unselected package libodbcinst2:amd64.
Preparing to unpack .../236-libodbcinst2_2.3.9-5ubuntu0.1_amd64.deb ...
Unpacking libodbcinst2:amd64 (2.3.9-5ubuntu0.1) ...
Selecting previously unselected package libogdi4.1.
Preparing to unpack .../237-libogdi4.1_4.1.0+ds-5_amd64.deb ...
Unpacking libogdi4.1 (4.1.0+ds-5) ...
Selecting previously unselected package liblcms2-2:amd64.
Preparing to unpack .../238-liblcms2-2_2.12~rc1-2build2_amd64.deb ...
Unpacking liblcms2-2:amd64 (2.12~rc1-2build2) ...
Selecting previously unselected package libnspr4:amd64.
Preparing to unpack .../239-libnspr4_2%3a4.35-0ubuntu0.22.04.1_amd64.deb ...
Unpacking libnspr4:amd64 (2:4.35-0ubuntu0.22.04.1) ...
Selecting previously unselected package libnss3:amd64.
Preparing to unpack .../240-libnss3_2%3a3.98-0ubuntu0.22.04.2_amd64.deb ...
Unpacking libnss3:amd64 (2:3.98-0ubuntu0.22.04.2) ...
Selecting previously unselected package libpoppler118:amd64.
Preparing to unpack .../241-libpoppler118_22.02.0-2ubuntu0.8_amd64.deb ...
Unpacking libpoppler118:amd64 (22.02.0-2ubuntu0.8) ...
Selecting previously unselected package libpq5:amd64.
Preparing to unpack .../242-libpq5_14.18-0ubuntu0.22.04.1_amd64.deb ...
Unpacking libpq5:amd64 (14.18-0ubuntu0.22.04.1) ...
Selecting previously unselected package libqhull-r8.0:amd64.
Preparing to unpack .../243-libqhull-r8.0_2020.2-4_amd64.deb ...
Unpacking libqhull-r8.0:amd64 (2020.2-4) ...
Selecting previously unselected package librttopo1:amd64.
Preparing to unpack .../244-librttopo1_1.1.0-2_amd64.deb ...
Unpacking librttopo1:amd64 (1.1.0-2) ...
Selecting previously unselected package libspatialite7:amd64.
Preparing to unpack .../245-libspatialite7_5.0.1-2build2_amd64.deb ...
Unpacking libspatialite7:amd64 (5.0.1-2build2) ...
Selecting previously unselected package libxerces-c3.2:amd64.
Preparing to unpack .../246-libxerces-c3.2_3.2.3+debian-3ubuntu0.1_amd64.deb ...
Unpacking libxerces-c3.2:amd64 (3.2.3+debian-3ubuntu0.1) ...
Selecting previously unselected package libgdal30.
Preparing to unpack .../247-libgdal30_3.4.1+dfsg-1build4_amd64.deb ...
Unpacking libgdal30 (3.4.1+dfsg-1build4) ...
Selecting previously unselected package libllvm15:amd64.
Preparing to unpack .../248-libllvm15_1%3a15.0.7-0ubuntu0.22.04.3_amd64.deb ...
Unpacking libllvm15:amd64 (1:15.0.7-0ubuntu0.22.04.3) ...
Selecting previously unselected package libsensors-config.
Preparing to unpack .../249-libsensors-config_1%3a3.6.0-7ubuntu1_all.deb ...
Unpacking libsensors-config (1:3.6.0-7ubuntu1) ...
Selecting previously unselected package libsensors5:amd64.
Preparing to unpack .../250-libsensors5_1%3a3.6.0-7ubuntu1_amd64.deb ...
Unpacking libsensors5:amd64 (1:3.6.0-7ubuntu1) ...
Selecting previously unselected package libgl1-mesa-dri:amd64.
Preparing to unpack .../251-libgl1-mesa-dri_23.2.1-1ubuntu3.1~22.04.3_amd64.deb ...
Unpacking libgl1-mesa-dri:amd64 (23.2.1-1ubuntu3.1~22.04.3) ...
Selecting previously unselected package libglvnd0:amd64.
Preparing to unpack .../252-libglvnd0_1.4.0-1_amd64.deb ...
Unpacking libglvnd0:amd64 (1.4.0-1) ...
Selecting previously unselected package libxcb-glx0:amd64.
Preparing to unpack .../253-libxcb-glx0_1.14-3ubuntu3_amd64.deb ...
Unpacking libxcb-glx0:amd64 (1.14-3ubuntu3) ...
Selecting previously unselected package libxxf86vm1:amd64.
Preparing to unpack .../254-libxxf86vm1_1%3a1.1.4-1build3_amd64.deb ...
Unpacking libxxf86vm1:amd64 (1:1.1.4-1build3) ...
Selecting previously unselected package libglx-mesa0:amd64.
Preparing to unpack .../255-libglx-mesa0_23.2.1-1ubuntu3.1~22.04.3_amd64.deb ...
Unpacking libglx-mesa0:amd64 (23.2.1-1ubuntu3.1~22.04.3) ...
Selecting previously unselected package libglx0:amd64.
Preparing to unpack .../256-libglx0_1.4.0-1_amd64.deb ...
Unpacking libglx0:amd64 (1.4.0-1) ...
Selecting previously unselected package libgl1:amd64.
Preparing to unpack .../257-libgl1_1.4.0-1_amd64.deb ...
Unpacking libgl1:amd64 (1.4.0-1) ...
Selecting previously unselected package libgl2ps1.4.
Preparing to unpack .../258-libgl2ps1.4_1.4.2+dfsg1-2_amd64.deb ...
Unpacking libgl2ps1.4 (1.4.2+dfsg1-2) ...
Selecting previously unselected package libglew2.2:amd64.
Preparing to unpack .../259-libglew2.2_2.2.0-4_amd64.deb ...
Unpacking libglew2.2:amd64 (2.2.0-4) ...
Selecting previously unselected package libgudev-1.0-0:amd64.
Preparing to unpack .../260-libgudev-1.0-0_1%3a237-2build1_amd64.deb ...
Unpacking libgudev-1.0-0:amd64 (1:237-2build1) ...
Selecting previously unselected package libhwloc15:amd64.
Preparing to unpack .../261-libhwloc15_2.7.0-2ubuntu1_amd64.deb ...
Unpacking libhwloc15:amd64 (2.7.0-2ubuntu1) ...
Selecting previously unselected package libice6:amd64.
Preparing to unpack .../262-libice6_2%3a1.0.10-1build2_amd64.deb ...
Unpacking libice6:amd64 (2:1.0.10-1build2) ...
Selecting previously unselected package libimagequant0:amd64.
Preparing to unpack .../263-libimagequant0_2.17.0-1_amd64.deb ...
Unpacking libimagequant0:amd64 (2.17.0-1) ...
Selecting previously unselected package libevdev2:amd64.
Preparing to unpack .../264-libevdev2_1.12.1+dfsg-1_amd64.deb ...
Unpacking libevdev2:amd64 (1.12.1+dfsg-1) ...
Selecting previously unselected package libwacom-common.
Preparing to unpack .../265-libwacom-common_2.2.0-1_all.deb ...
Unpacking libwacom-common (2.2.0-1) ...
Selecting previously unselected package libwacom9:amd64.
Preparing to unpack .../266-libwacom9_2.2.0-1_amd64.deb ...
Unpacking libwacom9:amd64 (2.2.0-1) ...
Selecting previously unselected package libinput-bin.
Preparing to unpack .../267-libinput-bin_1.20.0-1ubuntu0.3_amd64.deb ...
Unpacking libinput-bin (1.20.0-1ubuntu0.3) ...
Selecting previously unselected package libmtdev1:amd64.
Preparing to unpack .../268-libmtdev1_1.1.6-1build4_amd64.deb ...
Unpacking libmtdev1:amd64 (1.1.6-1build4) ...
Selecting previously unselected package libinput10:amd64.
Preparing to unpack .../269-libinput10_1.20.0-1ubuntu0.3_amd64.deb ...
Unpacking libinput10:amd64 (1.20.0-1ubuntu0.3) ...
Selecting previously unselected package libjs-jquery.
Preparing to unpack .../270-libjs-jquery_3.6.0+dfsg+~3.5.13-1_all.deb ...
Unpacking libjs-jquery (3.6.0+dfsg+~3.5.13-1) ...
Selecting previously unselected package libjs-jquery-ui.
Preparing to unpack .../271-libjs-jquery-ui_1.13.1+dfsg-1_all.deb ...
Unpacking libjs-jquery-ui (1.13.1+dfsg-1) ...
Selecting previously unselected package libjs-underscore.
Preparing to unpack .../272-libjs-underscore_1.13.2~dfsg-2_all.deb ...
Unpacking libjs-underscore (1.13.2~dfsg-2) ...
Selecting previously unselected package libjs-sphinxdoc.
Preparing to unpack .../273-libjs-sphinxdoc_4.3.2-1_all.deb ...
Unpacking libjs-sphinxdoc (4.3.2-1) ...
Selecting previously unselected package liblaszip8:amd64.
Preparing to unpack .../274-liblaszip8_3.4.3-2_amd64.deb ...
Unpacking liblaszip8:amd64 (3.4.3-2) ...
Selecting previously unselected package liblbfgsb0:amd64.
Preparing to unpack .../275-liblbfgsb0_3.0+dfsg.3-10_amd64.deb ...
Unpacking liblbfgsb0:amd64 (3.0+dfsg.3-10) ...
Selecting previously unselected package libmd4c0:amd64.
Preparing to unpack .../276-libmd4c0_0.4.8-1_amd64.deb ...
Unpacking libmd4c0:amd64 (0.4.8-1) ...
Selecting previously unselected package libnss-wrapper:amd64.
Preparing to unpack .../277-libnss-wrapper_1.1.11-1ubuntu2_amd64.deb ...
Unpacking libnss-wrapper:amd64 (1.1.11-1ubuntu2) ...
Selecting previously unselected package libopenblas0:amd64.
Preparing to unpack .../278-libopenblas0_0.3.20+ds-1_amd64.deb ...
Unpacking libopenblas0:amd64 (0.3.20+ds-1) ...
Selecting previously unselected package libopenblas-pthread-dev:amd64.
Preparing to unpack .../279-libopenblas-pthread-dev_0.3.20+ds-1_amd64.deb ...
Unpacking libopenblas-pthread-dev:amd64 (0.3.20+ds-1) ...
Selecting previously unselected package libopenblas-dev:amd64.
Preparing to unpack .../280-libopenblas-dev_0.3.20+ds-1_amd64.deb ...
Unpacking libopenblas-dev:amd64 (0.3.20+ds-1) ...
Selecting previously unselected package libxnvctrl0:amd64.
Preparing to unpack .../281-libxnvctrl0_510.47.03-0ubuntu1_amd64.deb ...
Unpacking libxnvctrl0:amd64 (510.47.03-0ubuntu1) ...
Selecting previously unselected package libhwloc-plugins:amd64.
Preparing to unpack .../282-libhwloc-plugins_2.7.0-2ubuntu1_amd64.deb ...
Unpacking libhwloc-plugins:amd64 (2.7.0-2ubuntu1) ...
Selecting previously unselected package libpmix2:amd64.
Preparing to unpack .../283-libpmix2_4.1.2-2ubuntu1_amd64.deb ...
Unpacking libpmix2:amd64 (4.1.2-2ubuntu1) ...
Selecting previously unselected package libucx0:amd64.
Preparing to unpack .../284-libucx0_1.12.1~rc2-1_amd64.deb ...
Unpacking libucx0:amd64 (1.12.1~rc2-1) ...
Selecting previously unselected package libopenmpi3:amd64.
Preparing to unpack .../285-libopenmpi3_4.1.2-2ubuntu1_amd64.deb ...
Unpacking libopenmpi3:amd64 (4.1.2-2ubuntu1) ...
Selecting previously unselected package libpcre2-16-0:amd64.
Preparing to unpack .../286-libpcre2-16-0_10.39-3ubuntu0.1_amd64.deb ...
Unpacking libpcre2-16-0:amd64 (10.39-3ubuntu0.1) ...
Selecting previously unselected package libpdal-util13.
Preparing to unpack .../287-libpdal-util13_2.3.0+ds-2ubuntu4_amd64.deb ...
Unpacking libpdal-util13 (2.3.0+ds-2ubuntu4) ...
Selecting previously unselected package libpdal-base13.
Preparing to unpack .../288-libpdal-base13_2.3.0+ds-2ubuntu4_amd64.deb ...
Unpacking libpdal-base13 (2.3.0+ds-2ubuntu4) ...
Selecting previously unselected package libpython3.10:amd64.
Preparing to unpack .../289-libpython3.10_3.10.12-1~22.04.10_amd64.deb ...
Unpacking libpython3.10:amd64 (3.10.12-1~22.04.10) ...
Selecting previously unselected package zlib1g-dev:amd64.
Preparing to unpack .../290-zlib1g-dev_1%3a1.2.11.dfsg-2ubuntu9.2_amd64.deb ...
Unpacking zlib1g-dev:amd64 (1:1.2.11.dfsg-2ubuntu9.2) ...
Selecting previously unselected package libpython3.10-dev:amd64.
Preparing to unpack .../291-libpython3.10-dev_3.10.12-1~22.04.10_amd64.deb ...
Unpacking libpython3.10-dev:amd64 (3.10.12-1~22.04.10) ...
Selecting previously unselected package libpython3-dev:amd64.
Preparing to unpack .../292-libpython3-dev_3.10.6-1~22.04.1_amd64.deb ...
Unpacking libpython3-dev:amd64 (3.10.6-1~22.04.1) ...
Selecting previously unselected package libqt5core5a:amd64.
Preparing to unpack .../293-libqt5core5a_5.15.3+dfsg-2ubuntu0.2_amd64.deb ...
Unpacking libqt5core5a:amd64 (5.15.3+dfsg-2ubuntu0.2) ...
Selecting previously unselected package libqt5dbus5:amd64.
Preparing to unpack .../294-libqt5dbus5_5.15.3+dfsg-2ubuntu0.2_amd64.deb ...
Unpacking libqt5dbus5:amd64 (5.15.3+dfsg-2ubuntu0.2) ...
Selecting previously unselected package libegl1:amd64.
Preparing to unpack .../295-libegl1_1.4.0-1_amd64.deb ...
Unpacking libegl1:amd64 (1.4.0-1) ...
Selecting previously unselected package libqt5network5:amd64.
Preparing to unpack .../296-libqt5network5_5.15.3+dfsg-2ubuntu0.2_amd64.deb ...
Unpacking libqt5network5:amd64 (5.15.3+dfsg-2ubuntu0.2) ...
Selecting previously unselected package libsm6:amd64.
Preparing to unpack .../297-libsm6_2%3a1.2.3-1build2_amd64.deb ...
Unpacking libsm6:amd64 (2:1.2.3-1build2) ...
Selecting previously unselected package libxcb-icccm4:amd64.
Preparing to unpack .../298-libxcb-icccm4_0.4.1-1.1build2_amd64.deb ...
Unpacking libxcb-icccm4:amd64 (0.4.1-1.1build2) ...
Selecting previously unselected package libxcb-util1:amd64.
Preparing to unpack .../299-libxcb-util1_0.4.0-1build2_amd64.deb ...
Unpacking libxcb-util1:amd64 (0.4.0-1build2) ...
Selecting previously unselected package libxcb-image0:amd64.
Preparing to unpack .../300-libxcb-image0_0.4.0-2_amd64.deb ...
Unpacking libxcb-image0:amd64 (0.4.0-2) ...
Selecting previously unselected package libxcb-keysyms1:amd64.
Preparing to unpack .../301-libxcb-keysyms1_0.4.0-1build3_amd64.deb ...
Unpacking libxcb-keysyms1:amd64 (0.4.0-1build3) ...
Selecting previously unselected package libxcb-render-util0:amd64.
Preparing to unpack .../302-libxcb-render-util0_0.3.9-1build3_amd64.deb ...
Unpacking libxcb-render-util0:amd64 (0.3.9-1build3) ...
Selecting previously unselected package libxcb-shape0:amd64.
Preparing to unpack .../303-libxcb-shape0_1.14-3ubuntu3_amd64.deb ...
Unpacking libxcb-shape0:amd64 (1.14-3ubuntu3) ...
Selecting previously unselected package libxcb-xinerama0:amd64.
Preparing to unpack .../304-libxcb-xinerama0_1.14-3ubuntu3_amd64.deb ...
Unpacking libxcb-xinerama0:amd64 (1.14-3ubuntu3) ...
Selecting previously unselected package libxcb-xinput0:amd64.
Preparing to unpack .../305-libxcb-xinput0_1.14-3ubuntu3_amd64.deb ...
Unpacking libxcb-xinput0:amd64 (1.14-3ubuntu3) ...
Selecting previously unselected package libxcb-xkb1:amd64.
Preparing to unpack .../306-libxcb-xkb1_1.14-3ubuntu3_amd64.deb ...
Unpacking libxcb-xkb1:amd64 (1.14-3ubuntu3) ...
Selecting previously unselected package libxkbcommon0:amd64.
Preparing to unpack .../307-libxkbcommon0_1.4.0-1_amd64.deb ...
Unpacking libxkbcommon0:amd64 (1.4.0-1) ...
Selecting previously unselected package libxkbcommon-x11-0:amd64.
Preparing to unpack .../308-libxkbcommon-x11-0_1.4.0-1_amd64.deb ...
Unpacking libxkbcommon-x11-0:amd64 (1.4.0-1) ...
Selecting previously unselected package libqt5gui5:amd64.
Preparing to unpack .../309-libqt5gui5_5.15.3+dfsg-2ubuntu0.2_amd64.deb ...
Unpacking libqt5gui5:amd64 (5.15.3+dfsg-2ubuntu0.2) ...
Selecting previously unselected package libqt5sql5:amd64.
Preparing to unpack .../310-libqt5sql5_5.15.3+dfsg-2ubuntu0.2_amd64.deb ...
Unpacking libqt5sql5:amd64 (5.15.3+dfsg-2ubuntu0.2) ...
Selecting previously unselected package libqt5widgets5:amd64.
Preparing to unpack .../311-libqt5widgets5_5.15.3+dfsg-2ubuntu0.2_amd64.deb ...
Unpacking libqt5widgets5:amd64 (5.15.3+dfsg-2ubuntu0.2) ...
Selecting previously unselected package libqt5help5:amd64.
Preparing to unpack .../312-libqt5help5_5.15.3-1_amd64.deb ...
Unpacking libqt5help5:amd64 (5.15.3-1) ...
Selecting previously unselected package libraqm0:amd64.
Preparing to unpack .../313-libraqm0_0.7.0-4ubuntu1_amd64.deb ...
Unpacking libraqm0:amd64 (0.7.0-4ubuntu1) ...
Selecting previously unselected package libswscale5:amd64.
Preparing to unpack .../314-libswscale5_7%3a4.4.2-0ubuntu0.22.04.1_amd64.deb ...
Unpacking libswscale5:amd64 (7:4.4.2-0ubuntu0.22.04.1) ...
Selecting previously unselected package libwebpdemux2:amd64.
Preparing to unpack .../315-libwebpdemux2_1.2.2-2ubuntu0.22.04.2_amd64.deb ...
Unpacking libwebpdemux2:amd64 (1.2.2-2ubuntu0.22.04.2) ...
Selecting previously unselected package libxcursor1:amd64.
Preparing to unpack .../316-libxcursor1_1%3a1.2.0-2build4_amd64.deb ...
Unpacking libxcursor1:amd64 (1:1.2.0-2build4) ...
Selecting previously unselected package libxsimd-dev:amd64.
Preparing to unpack .../317-libxsimd-dev_7.6.0-2_amd64.deb ...
Unpacking libxsimd-dev:amd64 (7.6.0-2) ...
Selecting previously unselected package libxslt1.1:amd64.
Preparing to unpack .../318-libxslt1.1_1.1.34-4ubuntu0.22.04.3_amd64.deb ...
Unpacking libxslt1.1:amd64 (1.1.34-4ubuntu0.22.04.3) ...
Selecting previously unselected package nano-tiny.
Preparing to unpack .../319-nano-tiny_6.2-1ubuntu0.1_amd64.deb ...
Unpacking nano-tiny (6.2-1ubuntu0.1) ...
Selecting previously unselected package openmpi-common.
Preparing to unpack .../320-openmpi-common_4.1.2-2ubuntu1_all.deb ...
Unpacking openmpi-common (4.1.2-2ubuntu1) ...
Selecting previously unselected package openmpi-bin.
Preparing to unpack .../321-openmpi-bin_4.1.2-2ubuntu1_amd64.deb ...
Unpacking openmpi-bin (4.1.2-2ubuntu1) ...
Selecting previously unselected package python-matplotlib-data.
Preparing to unpack .../322-python-matplotlib-data_3.5.1-2build1_all.deb ...
Unpacking python-matplotlib-data (3.5.1-2build1) ...
Selecting previously unselected package python3-appdirs.
Preparing to unpack .../323-python3-appdirs_1.4.4-2_all.deb ...
Unpacking python3-appdirs (1.4.4-2) ...
Selecting previously unselected package python3-attr.
Preparing to unpack .../324-python3-attr_21.2.0-1_all.deb ...
Unpacking python3-attr (21.2.0-1) ...
Selecting previously unselected package python3-base58.
Preparing to unpack .../325-python3-base58_1.0.3-1.1_all.deb ...
Unpacking python3-base58 (1.0.3-1.1) ...
Selecting previously unselected package python3-cbor.
Preparing to unpack .../326-python3-cbor_1.0.0-1.1build6_amd64.deb ...
Unpacking python3-cbor (1.0.0-1.1build6) ...
Selecting previously unselected package python3-cffi-backend:amd64.
Preparing to unpack .../327-python3-cffi-backend_1.15.0-1build2_amd64.deb ...
Unpacking python3-cffi-backend:amd64 (1.15.0-1build2) ...
Selecting previously unselected package python3-ply.
Preparing to unpack .../328-python3-ply_3.11-5_all.deb ...
Unpacking python3-ply (3.11-5) ...
Selecting previously unselected package python3-pycparser.
Preparing to unpack .../329-python3-pycparser_2.21-1_all.deb ...
Unpacking python3-pycparser (2.21-1) ...
Selecting previously unselected package python3-cffi.
Preparing to unpack .../330-python3-cffi_1.15.0-1build2_all.deb ...
Unpacking python3-cffi (1.15.0-1build2) ...
Selecting previously unselected package python3-cryptography.
Preparing to unpack .../331-python3-cryptography_3.4.8-1ubuntu2.2_amd64.deb ...
Unpacking python3-cryptography (3.4.8-1ubuntu2.2) ...
Selecting previously unselected package python3-six.
Preparing to unpack .../332-python3-six_1.16.0-3ubuntu1_all.deb ...
Unpacking python3-six (1.16.0-3ubuntu1) ...
Selecting previously unselected package python3-ecdsa.
Preparing to unpack .../333-python3-ecdsa_0.18.0~b1-1_all.deb ...
Unpacking python3-ecdsa (0.18.0~b1-1) ...
Selecting previously unselected package python3-flatbuffers.
Preparing to unpack .../334-python3-flatbuffers_1.12.1~git20200711.33e2d80+dfsg1-0.6_all.deb ...
Unpacking python3-flatbuffers (1.12.1~git20200711.33e2d80+dfsg1-0.6) ...
Selecting previously unselected package python3-idna.
Preparing to unpack .../335-python3-idna_3.3-1ubuntu0.1_all.deb ...
Unpacking python3-idna (3.3-1ubuntu0.1) ...
Selecting previously unselected package python3-hyperlink.
Preparing to unpack .../336-python3-hyperlink_21.0.0-3_all.deb ...
Unpacking python3-hyperlink (21.0.0-3) ...
Selecting previously unselected package python3-lz4.
Preparing to unpack .../337-python3-lz4_3.1.3+dfsg-1build3_amd64.deb ...
Unpacking python3-lz4 (3.1.3+dfsg-1build3) ...
Selecting previously unselected package python3-mnemonic.
Preparing to unpack .../338-python3-mnemonic_0.19-1_all.deb ...
Unpacking python3-mnemonic (0.19-1) ...
Selecting previously unselected package python3-msgpack.
Preparing to unpack .../339-python3-msgpack_1.0.3-1build1_amd64.deb ...
Unpacking python3-msgpack (1.0.3-1build1) ...
Selecting previously unselected package python3-nacl.
Preparing to unpack .../340-python3-nacl_1.5.0-2_amd64.deb ...
Unpacking python3-nacl (1.5.0-2) ...
Selecting previously unselected package python3-openssl.
Preparing to unpack .../341-python3-openssl_21.0.0-1_all.deb ...
Unpacking python3-openssl (21.0.0-1) ...
Selecting previously unselected package python3-passlib.
Preparing to unpack .../342-python3-passlib_1.7.4-1_all.deb ...
Unpacking python3-passlib (1.7.4-1) ...
Selecting previously unselected package python3-pyqrcode.
Preparing to unpack .../343-python3-pyqrcode_1.2.1-4_all.deb ...
Unpacking python3-pyqrcode (1.2.1-4) ...
Selecting previously unselected package python3-pyasn1.
Preparing to unpack .../344-python3-pyasn1_0.4.8-1_all.deb ...
Unpacking python3-pyasn1 (0.4.8-1) ...
Selecting previously unselected package python3-pyasn1-modules.
Preparing to unpack .../345-python3-pyasn1-modules_0.2.1-1_all.deb ...
Unpacking python3-pyasn1-modules (0.2.1-1) ...
Selecting previously unselected package python3-service-identity.
Preparing to unpack .../346-python3-service-identity_18.1.0-6_all.deb ...
Unpacking python3-service-identity (18.1.0-6) ...
Selecting previously unselected package python3-snappy.
Preparing to unpack .../347-python3-snappy_0.5.3-1.1build5_amd64.deb ...
Unpacking python3-snappy (0.5.3-1.1build5) ...
Selecting previously unselected package python3-sortedcontainers.
Preparing to unpack .../348-python3-sortedcontainers_2.1.0-2_all.deb ...
Unpacking python3-sortedcontainers (2.1.0-2) ...
Selecting previously unselected package python3-trie.
Preparing to unpack .../349-python3-trie_0.4.0+ds-1_all.deb ...
Unpacking python3-trie (0.4.0+ds-1) ...
Selecting previously unselected package python3-bcrypt.
Preparing to unpack .../350-python3-bcrypt_3.2.0-1build1_amd64.deb ...
Unpacking python3-bcrypt (3.2.0-1build1) ...
Selecting previously unselected package python3-hamcrest.
Preparing to unpack .../351-python3-hamcrest_2.0.2-2_all.deb ...
Unpacking python3-hamcrest (2.0.2-2) ...
Selecting previously unselected package python3-automat.
Preparing to unpack .../352-python3-automat_20.2.0-1_all.deb ...
Unpacking python3-automat (20.2.0-1) ...
Selecting previously unselected package python3-constantly.
Preparing to unpack .../353-python3-constantly_15.1.0-2_all.deb ...
Unpacking python3-constantly (15.1.0-2) ...
Selecting previously unselected package python3-incremental.
Preparing to unpack .../354-python3-incremental_21.3.0-1_all.deb ...
Unpacking python3-incremental (21.3.0-1) ...
Selecting previously unselected package python3-zope.interface.
Preparing to unpack .../355-python3-zope.interface_5.4.0-1build1_amd64.deb ...
Unpacking python3-zope.interface (5.4.0-1build1) ...
Selecting previously unselected package python3-twisted.
Preparing to unpack .../356-python3-twisted_22.1.0-2ubuntu2.6_all.deb ...
Unpacking python3-twisted (22.1.0-2ubuntu2.6) ...
Selecting previously unselected package python3-pyparsing.
Preparing to unpack .../357-python3-pyparsing_2.4.7-1_all.deb ...
Unpacking python3-pyparsing (2.4.7-1) ...
Selecting previously unselected package python3-packaging.
Preparing to unpack .../358-python3-packaging_21.3-1_all.deb ...
Unpacking python3-packaging (21.3-1) ...
Selecting previously unselected package python3-lib2to3.
Preparing to unpack .../359-python3-lib2to3_3.10.8-1~22.04_all.deb ...
Unpacking python3-lib2to3 (3.10.8-1~22.04) ...
Selecting previously unselected package python3-distutils.
Preparing to unpack .../360-python3-distutils_3.10.8-1~22.04_all.deb ...
Unpacking python3-distutils (3.10.8-1~22.04) ...
Selecting previously unselected package python3-setuptools.
Preparing to unpack .../361-python3-setuptools_59.6.0-1.2ubuntu0.22.04.3_all.deb ...
Unpacking python3-setuptools (59.6.0-1.2ubuntu0.22.04.3) ...
Selecting previously unselected package python3-txaio.
Preparing to unpack .../362-python3-txaio_21.2.1-2_all.deb ...
Unpacking python3-txaio (21.2.1-2) ...
Selecting previously unselected package python3-u-msgpack.
Preparing to unpack .../363-python3-u-msgpack_2.3.0-2_all.deb ...
Unpacking python3-u-msgpack (2.3.0-2) ...
Selecting previously unselected package python3-ubjson.
Preparing to unpack .../364-python3-ubjson_0.16.1-2build1_amd64.deb ...
Unpacking python3-ubjson (0.16.1-2build1) ...
Selecting previously unselected package python3-ujson:amd64.
Preparing to unpack .../365-python3-ujson_5.1.0-1build1_amd64.deb ...
Unpacking python3-ujson:amd64 (5.1.0-1build1) ...
Selecting previously unselected package python3-wsaccel.
Preparing to unpack .../366-python3-wsaccel_0.6.3-2build1_amd64.deb ...
Unpacking python3-wsaccel (0.6.3-2build1) ...
Selecting previously unselected package python3-autobahn.
Preparing to unpack .../367-python3-autobahn_21.11.1+dfsg1-2build1_all.deb ...
Unpacking python3-autobahn (21.11.1+dfsg1-2build1) ...
Selecting previously unselected package python3-gast.
Preparing to unpack .../368-python3-gast_0.5.2-2_all.deb ...
Unpacking python3-gast (0.5.2-2) ...
Selecting previously unselected package python3-beniget.
Preparing to unpack .../369-python3-beniget_0.4.1-2_all.deb ...
Unpacking python3-beniget (0.4.1-2) ...
Selecting previously unselected package python3-brotli.
Preparing to unpack .../370-python3-brotli_1.0.9-2build6_amd64.deb ...
Unpacking python3-brotli (1.0.9-2build6) ...
Selecting previously unselected package python3-cycler.
Preparing to unpack .../371-python3-cycler_0.11.0-1_all.deb ...
Unpacking python3-cycler (0.11.0-1) ...
Selecting previously unselected package python3-dateutil.
Preparing to unpack .../372-python3-dateutil_2.8.1-6_all.deb ...
Unpacking python3-dateutil (2.8.1-6) ...
Selecting previously unselected package python3-decorator.
Preparing to unpack .../373-python3-decorator_4.4.2-0ubuntu1_all.deb ...
Unpacking python3-decorator (4.4.2-0ubuntu1) ...
Selecting previously unselected package python3.10-dev.
Preparing to unpack .../374-python3.10-dev_3.10.12-1~22.04.10_amd64.deb ...
Unpacking python3.10-dev (3.10.12-1~22.04.10) ...
Selecting previously unselected package python3-dev.
Preparing to unpack .../375-python3-dev_3.10.6-1~22.04.1_amd64.deb ...
Unpacking python3-dev (3.10.6-1~22.04.1) ...
Selecting previously unselected package python3-numpy.
Preparing to unpack .../376-python3-numpy_1%3a1.21.5-1ubuntu22.04.1_amd64.deb ...
Unpacking python3-numpy (1:1.21.5-1ubuntu22.04.1) ...
Selecting previously unselected package python3-pythran.
Preparing to unpack .../377-python3-pythran_0.10.0+ds2-1_amd64.deb ...
Unpacking python3-pythran (0.10.0+ds2-1) ...
Selecting previously unselected package python3-scipy.
Preparing to unpack .../378-python3-scipy_1.8.0-1exp2ubuntu1_amd64.deb ...
Unpacking python3-scipy (1.8.0-1exp2ubuntu1) ...
Selecting previously unselected package python3-ufolib2.
Preparing to unpack .../379-python3-ufolib2_0.13.1+dfsg1-1_all.deb ...
Unpacking python3-ufolib2 (0.13.1+dfsg1-1) ...
Selecting previously unselected package python3-mpmath.
Preparing to unpack .../380-python3-mpmath_1.2.1-2_all.deb ...
Unpacking python3-mpmath (1.2.1-2) ...
Selecting previously unselected package python3-sympy.
Preparing to unpack .../381-python3-sympy_1.9-1_all.deb ...
Unpacking python3-sympy (1.9-1) ...
Selecting previously unselected package python3-tz.
Preparing to unpack .../382-python3-tz_2022.1-1ubuntu0.22.04.1_all.deb ...
Unpacking python3-tz (2022.1-1ubuntu0.22.04.1) ...
Selecting previously unselected package python3-fs.
Preparing to unpack .../383-python3-fs_2.4.12-1_all.deb ...
Unpacking python3-fs (2.4.12-1) ...
Selecting previously unselected package python3-lxml:amd64.
Preparing to unpack .../384-python3-lxml_4.8.0-1build1_amd64.deb ...
Unpacking python3-lxml:amd64 (4.8.0-1build1) ...
Selecting previously unselected package python3-unicodedata2.
Preparing to unpack .../385-python3-unicodedata2_14.0.0+ds-8_amd64.deb ...
Unpacking python3-unicodedata2 (14.0.0+ds-8) ...
Selecting previously unselected package unicode-data.
Preparing to unpack .../386-unicode-data_14.0.0-1.1_all.deb ...
Unpacking unicode-data (14.0.0-1.1) ...
Selecting previously unselected package python3-fonttools.
Preparing to unpack .../387-python3-fonttools_4.29.1-2build1_amd64.deb ...
Unpacking python3-fonttools (4.29.1-2build1) ...
Selecting previously unselected package python3-kiwisolver.
Preparing to unpack .../388-python3-kiwisolver_1.3.2-1build1_amd64.deb ...
Unpacking python3-kiwisolver (1.3.2-1build1) ...
Selecting previously unselected package python3-pil:amd64.
Preparing to unpack .../389-python3-pil_9.0.1-1ubuntu0.3_amd64.deb ...
Unpacking python3-pil:amd64 (9.0.1-1ubuntu0.3) ...
Selecting previously unselected package python3-tk:amd64.
Preparing to unpack .../390-python3-tk_3.10.8-1~22.04_amd64.deb ...
Unpacking python3-tk:amd64 (3.10.8-1~22.04) ...
Selecting previously unselected package python3-pil.imagetk:amd64.
Preparing to unpack .../391-python3-pil.imagetk_9.0.1-1ubuntu0.3_amd64.deb ...
Unpacking python3-pil.imagetk:amd64 (9.0.1-1ubuntu0.3) ...
Selecting previously unselected package python3-matplotlib.
Preparing to unpack .../392-python3-matplotlib_3.5.1-2build1_amd64.deb ...
Unpacking python3-matplotlib (3.5.1-2build1) ...
Selecting previously unselected package python3-wheel.
Preparing to unpack .../393-python3-wheel_0.37.1-2ubuntu0.22.04.1_all.deb ...
Unpacking python3-wheel (0.37.1-2ubuntu0.22.04.1) ...
Selecting previously unselected package python3-pip.
Preparing to unpack .../394-python3-pip_22.0.2+dfsg-1ubuntu0.5_all.deb ...
Unpacking python3-pip (22.0.2+dfsg-1ubuntu0.5) ...
Selecting previously unselected package python3-pip-whl.
Preparing to unpack .../395-python3-pip-whl_22.0.2+dfsg-1ubuntu0.5_all.deb ...
Unpacking python3-pip-whl (22.0.2+dfsg-1ubuntu0.5) ...
Selecting previously unselected package python3-setuptools-whl.
Preparing to unpack .../396-python3-setuptools-whl_59.6.0-1.2ubuntu0.22.04.3_all.deb ...
Unpacking python3-setuptools-whl (59.6.0-1.2ubuntu0.22.04.3) ...
Selecting previously unselected package python3.10-venv.
Preparing to unpack .../397-python3.10-venv_3.10.12-1~22.04.10_amd64.deb ...
Unpacking python3.10-venv (3.10.12-1~22.04.10) ...
Selecting previously unselected package python3-venv.
Preparing to unpack .../398-python3-venv_3.10.6-1~22.04.1_amd64.deb ...
Unpacking python3-venv (3.10.6-1~22.04.1) ...
Selecting previously unselected package tcl8.6.
Preparing to unpack .../399-tcl8.6_8.6.12+dfsg-1build1_amd64.deb ...
Unpacking tcl8.6 (8.6.12+dfsg-1build1) ...
Selecting previously unselected package tcl.
Preparing to unpack .../400-tcl_8.6.11+1build2_amd64.deb ...
Unpacking tcl (8.6.11+1build2) ...
Selecting previously unselected package libopengl0:amd64.
Preparing to unpack .../401-libopengl0_1.4.0-1_amd64.deb ...
Unpacking libopengl0:amd64 (1.4.0-1) ...
Selecting previously unselected package mpi-default-bin.
Preparing to unpack .../402-mpi-default-bin_1.14_amd64.deb ...
Unpacking mpi-default-bin (1.14) ...
Selecting previously unselected package python3-mpi4py.
Preparing to unpack .../403-python3-mpi4py_3.1.3-1build2_amd64.deb ...
Unpacking python3-mpi4py (3.1.3-1build2) ...
Selecting previously unselected package paraview.
Preparing to unpack .../404-paraview_5.10.0~rc1-1build3_amd64.deb ...
Unpacking paraview (5.10.0~rc1-1build3) ...
Setting up libgme0:amd64 (0.6.3-2) ...
Setting up libssh-gcrypt-4:amd64 (0.9.6-2ubuntu0.22.04.3) ...
Setting up media-types (7.0.0) ...
Setting up libgraphite2-3:amd64 (1.3.14-1build2) ...
Setting up libsrt1.4-gnutls:amd64 (1.4.4-4) ...
Setting up liblcms2-2:amd64 (2.12~rc1-2build2) ...
Setting up libpixman-1-0:amd64 (0.40.0-1ubuntu0.22.04.1) ...
Setting up libudfread0:amd64 (1.1.2-1) ...
Setting up gcc-11-base:amd64 (11.4.0-1ubuntu1~22.04) ...
Setting up libwayland-server0:amd64 (1.20.0-1ubuntu0.1) ...
Setting up libgeos3.10.2:amd64 (3.10.2-1) ...
Setting up libaom3:amd64 (3.3.0-1ubuntu0.1) ...
Setting up libpciaccess0:amd64 (0.16-3) ...
Setting up mysql-common (5.8+1.0.8) ...
update-alternatives: using /etc/mysql/my.cnf.fallback to provide /etc/mysql/my.cnf (my.cnf) in auto mode
Setting up librabbitmq4:amd64 (0.10.0-1ubuntu2) ...
Setting up libmysqlclient21:amd64 (8.0.42-0ubuntu0.22.04.1) ...
Setting up libxau6:amd64 (1:1.0.9-1build5) ...
Setting up libdouble-conversion3:amd64 (3.1.7-4) ...
Setting up python3-setuptools-whl (59.6.0-1.2ubuntu0.22.04.3) ...
Setting up libpsl5:amd64 (0.21.0-1.2build2) ...
Setting up libcodec2-1.0:amd64 (1.0.1-3) ...
Setting up libsodium23:amd64 (1.0.18-1build2) ...
Setting up apt-utils (2.4.14) ...
Setting up libmpg123-0:amd64 (1.29.3-1ubuntu0.1) ...
Setting up libogg0:amd64 (1.3.5-0ubuntu3) ...
Setting up libspeex1:amd64 (1.2~rc1.2-1.1ubuntu3) ...
Setting up proj-data (8.2.1-1) ...
Setting up libshine3:amd64 (3.1.1-2) ...
Setting up nano-tiny (6.2-1ubuntu0.1) ...
update-alternatives: using /bin/nano-tiny to provide /usr/bin/editor (editor) in auto mode
update-alternatives: warning: skip creation of /usr/share/man/man1/editor.1.gz because associated file /usr/share/man/man1/nano-tiny.1.gz (of link group editor) doesn't exist
Setting up wget (1.21.2-2ubuntu1.1) ...
Setting up libtwolame0:amd64 (0.4.0-2build2) ...
Setting up libdatrie1:amd64 (0.2.13-2) ...
Setting up libogdi4.1 (4.1.0+ds-5) ...
Setting up libgsm1:amd64 (1.0.19-1) ...
Setting up libcharls2:amd64 (2.3.4-1) ...
Setting up libminizip1:amd64 (1.1-8build1) ...
Setting up libglib2.0-0:amd64 (2.72.4-0ubuntu2.5) ...
No schema files found: doing nothing.
Setting up libglvnd0:amd64 (1.4.0-1) ...
Setting up libpgm-5.3-0:amd64 (5.3.128~dfsg-2) ...
Setting up fonts-lyx (2.3.6-1) ...
Setting up libcbor0.8:amd64 (0.8.0-2ubuntu1) ...
Setting up libbrotli1:amd64 (1.0.9-2build6) ...
Setting up libsqlite3-0:amd64 (3.37.2-2ubuntu0.4) ...
Setting up libgdk-pixbuf2.0-common (2.42.8+dfsg-1ubuntu0.3) ...
Setting up libnorm1:amd64 (1.5.9+dfsg-2) ...
Setting up binutils-common:amd64 (2.38-4ubuntu2.8) ...
Setting up x11-common (1:7.7+23ubuntu2) ...
debconf: unable to initialize frontend: Dialog
debconf: (No usable dialog-like program is installed, so the dialog based frontend cannot be used. at /usr/share/perl5/Debconf/FrontEnd/Dialog.pm line 78.)
debconf: falling back to frontend: Readline
debconf: unable to initialize frontend: Readline
debconf: (Can't locate Term/ReadLine.pm in @INC (you may need to install the Term::ReadLine module) (@INC contains: /etc/perl /usr/local/lib/x86_64-linux-gnu/perl/5.34.0 /usr/local/share/perl/5.34.0 /usr/lib/x86_64-linux-gnu/perl5/5.34 /usr/share/perl5 /usr/lib/x86_64-linux-gnu/perl-base /usr/lib/x86_64-linux-gnu/perl/5.34 /usr/share/perl/5.34 /usr/local/lib/site_perl) at /usr/share/perl5/Debconf/FrontEnd/Readline.pm line 7.)
debconf: falling back to frontend: Teletype
invoke-rc.d: could not determine current runlevel
invoke-rc.d: policy-rc.d denied execution of start.
Setting up libsensors-config (1:3.6.0-7ubuntu1) ...
Setting up libnghttp2-14:amd64 (1.43.0-1ubuntu0.2) ...
Setting up libdeflate0:amd64 (1.10-2) ...
Setting up linux-libc-dev:amd64 (5.15.0-142.152) ...
Setting up libctf-nobfd0:amd64 (2.38-4ubuntu2.8) ...
Setting up libqhull-r8.0:amd64 (2020.2-4) ...
Setting up xkb-data (2.33-1) ...
Setting up libgomp1:amd64 (12.3.0-1ubuntu1~22.04) ...
Setting up libxvidcore4:amd64 (2:1.3.7-1) ...
Setting up libjbig0:amd64 (2.1-3.1ubuntu0.22.04.1) ...
Setting up libpcre2-16-0:amd64 (10.39-3ubuntu0.1) ...
Setting up libaec0:amd64 (1.0.6-1) ...
Setting up gdal-data (3.4.1+dfsg-1build4) ...
Setting up xxd (2:8.2.3995-1ubuntu2.24) ...
Setting up libopengl0:amd64 (1.4.0-1) ...
Setting up libasan6:amd64 (11.4.0-1ubuntu1~22.04) ...
Setting up libsnappy1v5:amd64 (1.1.8-1build3) ...
Setting up libsasl2-modules-db:amd64 (2.1.27+dfsg2-3ubuntu1.2) ...
Setting up tzdata (2025b-0ubuntu0.22.04.1) ...
debconf: unable to initialize frontend: Dialog
debconf: (No usable dialog-like program is installed, so the dialog based frontend cannot be used. at /usr/share/perl5/Debconf/FrontEnd/Dialog.pm line 78.)
debconf: falling back to frontend: Readline
debconf: unable to initialize frontend: Readline
debconf: (Can't locate Term/ReadLine.pm in @INC (you may need to install the Term::ReadLine module) (@INC contains: /etc/perl /usr/local/lib/x86_64-linux-gnu/perl/5.34.0 /usr/local/share/perl/5.34.0 /usr/lib/x86_64-linux-gnu/perl5/5.34 /usr/share/perl5 /usr/lib/x86_64-linux-gnu/perl-base /usr/lib/x86_64-linux-gnu/perl/5.34 /usr/share/perl/5.34 /usr/local/lib/site_perl) at /usr/share/perl5/Debconf/FrontEnd/Readline.pm line 7.)
debconf: falling back to frontend: Teletype
Configuring tzdata
------------------

Please select the geographic area in which you live. Subsequent configuration
questions will narrow this down by presenting a list of cities, representing
the time zones in which they are located.

  1. Africa      4. Australia  7. Atlantic  10. Pacific  13. Legacy
  2. America     5. Arctic     8. Europe    11. US
  3. Antarctica  6. Asia       9. Indian    12. Etc
Geographic area: 
Use of uninitialized value $_[1] in join or string at /usr/share/perl5/Debconf/DbDriver/Stack.pm line 111.

Current default time zone: '/UTC'
Local time is now:      Thu Jun 19 20:37:25 UTC 2025.
Universal Time is now:  Thu Jun 19 20:37:25 UTC 2025.
Run 'dpkg-reconfigure tzdata' if you wish to change it.

Use of uninitialized value $val in substitution (s///) at /usr/share/perl5/Debconf/Format/822.pm line 83, <GEN6> line 4.
Use of uninitialized value $val in concatenation (.) or string at /usr/share/perl5/Debconf/Format/822.pm line 84, <GEN6> line 4.
Setting up unicode-data (14.0.0-1.1) ...
Setting up libxsimd-dev:amd64 (7.6.0-2) ...
Setting up libblas3:amd64 (3.10.0-2ubuntu1) ...
update-alternatives: using /usr/lib/x86_64-linux-gnu/blas/libblas.so.3 to provide /usr/lib/x86_64-linux-gnu/libblas.so.3 (libblas.so.3-x86_64-linux-gnu) in auto mode
Setting up libtirpc-dev:amd64 (1.3.2-2ubuntu0.1) ...
Setting up rpcsvc-proto (1.4.2-0ubuntu6) ...
Setting up vim-common (2:8.2.3995-1ubuntu2.24) ...
Setting up libpdal-util13 (2.3.0+ds-2ubuntu4) ...
Setting up libva2:amd64 (2.14.0-1) ...
Setting up libx11-data (2:1.7.5-1ubuntu0.3) ...
Setting up libmpfr6:amd64 (4.1.0-3build3) ...
Setting up libnspr4:amd64 (2:4.35-0ubuntu0.22.04.1) ...
Setting up librtmp1:amd64 (2.4+20151223.gitfa8646d.1-2build4) ...
Setting up libx264-163:amd64 (2:0.163.3060+git5db6aa6-2build1) ...
Setting up libdbus-1-3:amd64 (1.12.20-2ubuntu4.1) ...
Setting up libfribidi0:amd64 (1.0.8-2ubuntu3.1) ...
Setting up libopus0:amd64 (1.3.1-0.1build2) ...
Setting up libquadmath0:amd64 (12.3.0-1ubuntu1~22.04) ...
Setting up libimagequant0:amd64 (2.17.0-1) ...
Setting up libpng16-16:amd64 (1.6.37-3build5) ...
Setting up libhwloc15:amd64 (2.7.0-2ubuntu1) ...
Setting up libmpc3:amd64 (1.2.1-2build1) ...
Setting up libevent-core-2.1-7:amd64 (2.1.12-stable-1build3) ...
Setting up libatomic1:amd64 (12.3.0-1ubuntu1~22.04) ...
Setting up libvorbis0a:amd64 (1.3.7-1build2) ...
Setting up libtcl8.6:amd64 (8.6.12+dfsg-1build1) ...
Setting up libgeos-c1v5:amd64 (3.10.2-1) ...
Setting up fonts-dejavu-core (2.37-2build1) ...
Setting up unixodbc-common (2.3.9-5ubuntu0.1) ...
Setting up ucf (3.0043) ...
debconf: unable to initialize frontend: Dialog
debconf: (No usable dialog-like program is installed, so the dialog based frontend cannot be used. at /usr/share/perl5/Debconf/FrontEnd/Dialog.pm line 78.)
debconf: falling back to frontend: Readline
debconf: unable to initialize frontend: Readline
debconf: (Can't locate Term/ReadLine.pm in @INC (you may need to install the Term::ReadLine module) (@INC contains: /etc/perl /usr/local/lib/x86_64-linux-gnu/perl/5.34.0 /usr/local/share/perl/5.34.0 /usr/lib/x86_64-linux-gnu/perl5/5.34 /usr/share/perl5 /usr/lib/x86_64-linux-gnu/perl-base /usr/lib/x86_64-linux-gnu/perl/5.34 /usr/share/perl/5.34 /usr/local/lib/site_perl) at /usr/share/perl5/Debconf/FrontEnd/Readline.pm line 7.)
debconf: falling back to frontend: Teletype
Setting up libsensors5:amd64 (1:3.6.0-7ubuntu1) ...
Setting up libjpeg-turbo8:amd64 (2.1.2-0ubuntu1) ...
Setting up libltdl7:amd64 (2.4.6-15build2) ...
Setting up libglapi-mesa:amd64 (23.2.1-1ubuntu3.1~22.04.3) ...
Setting up libsasl2-2:amd64 (2.1.27+dfsg2-3ubuntu1.2) ...
Setting up libssh-4:amd64 (0.9.6-2ubuntu0.22.04.3) ...
Setting up libgfortran5:amd64 (12.3.0-1ubuntu1~22.04) ...
Setting up libmtdev1:amd64 (1.1.6-1build4) ...
Setting up libwebp7:amd64 (1.2.2-2ubuntu0.22.04.2) ...
Setting up libubsan1:amd64 (12.3.0-1ubuntu1~22.04) ...
Setting up libgif7:amd64 (5.1.9-2ubuntu0.1) ...
Setting up libodbc2:amd64 (2.3.9-5ubuntu0.1) ...
Setting up liburiparser1:amd64 (0.9.6+dfsg-1) ...
Setting up libnuma1:amd64 (2.0.14-3ubuntu2) ...
Setting up librttopo1:amd64 (1.1.0-2) ...
Setting up libmd0:amd64 (1.0.4-1build1) ...
Setting up libfreexl1:amd64 (1.0.6-1) ...
Setting up libnsl-dev:amd64 (1.3.0-2build2) ...
Setting up ocl-icd-libopencl1:amd64 (2.2.14-3) ...
Setting up libxshmfence1:amd64 (1.3-1build4) ...
Setting up liblaszip8:amd64 (3.4.3-2) ...
Setting up libcrypt-dev:amd64 (1:4.4.27-1) ...
Setting up libfyba0:amd64 (4.1.1-7) ...
Setting up libkmlbase1:amd64 (1.3.0-9) ...
Setting up libblosc1:amd64 (1.21.1+ds2-2) ...
Setting up libnl-3-200:amd64 (3.5.0-0.1) ...
Setting up libmpdec3:amd64 (2.5.1-2build2) ...
Setting up libpsm2-2 (11.2.185-1) ...
Setting up openmpi-common (4.1.2-2ubuntu1) ...
Setting up libmd4c0:amd64 (0.4.8-1) ...
Setting up libopenjp2-7:amd64 (2.4.0-6ubuntu0.3) ...
Setting up libthai-data (0.1.29-1build1) ...
Setting up libvpx7:amd64 (1.11.0-2ubuntu2.4) ...
Setting up libpsm-infinipath1 (3.3+20.604758e7-6.1) ...
update-alternatives: using /usr/lib/libpsm1/libpsm_infinipath.so.1.16 to provide /usr/lib/x86_64-linux-gnu/libpsm_infinipath.so.1 (libpsm_infinipath.so.1) in auto mode
Setting up libjs-jquery (3.6.0+dfsg+~3.5.13-1) ...
Setting up libbinutils:amd64 (2.38-4ubuntu2.8) ...
Setting up libdav1d5:amd64 (0.9.2-1) ...
Setting up libmfx1:amd64 (22.3.0-1) ...
Setting up libfido2-1:amd64 (1.10.0-1) ...
Setting up libisl23:amd64 (0.24-2build1) ...
Setting up libde265-0:amd64 (1.0.8-1ubuntu0.3) ...
Setting up libc-dev-bin (2.35-0ubuntu3.10) ...
Setting up python-matplotlib-data (3.5.1-2build1) ...
Setting up openssl (3.0.2-0ubuntu1.19) ...
Setting up libwebpmux3:amd64 (1.2.2-2ubuntu0.22.04.2) ...
Setting up libbsd0:amd64 (0.11.5-1) ...
Setting up libdrm-common (2.4.113-2~ubuntu0.22.04.1) ...
Setting up libelf1:amd64 (0.186-1ubuntu0.1) ...
Setting up libjson-c5:amd64 (0.15-3~ubuntu1.22.04.2) ...
Setting up libevdev2:amd64 (1.12.1+dfsg-1) ...
Setting up readline-common (8.1.2-1) ...
Setting up libnss-wrapper:amd64 (1.1.11-1ubuntu2) ...
Setting up libcc1-0:amd64 (12.3.0-1ubuntu1~22.04) ...
Setting up libgudev-1.0-0:amd64 (1:237-2build1) ...
Setting up libzvbi-common (0.2.35-19) ...
Setting up liblsan0:amd64 (12.3.0-1ubuntu1~22.04) ...
Setting up libmp3lame0:amd64 (3.100-3build2) ...
Setting up libsz2:amd64 (1.0.6-1) ...
Setting up libitm1:amd64 (12.3.0-1ubuntu1~22.04) ...
Setting up libvorbisenc2:amd64 (1.3.7-1build2) ...
Setting up libjs-underscore (1.13.2~dfsg-2) ...
Setting up libpopt0:amd64 (1.18-3build1) ...
Setting up libicu70:amd64 (70.1-2) ...
Setting up libevent-pthreads-2.1-7:amd64 (2.1.12-stable-1build3) ...
Setting up libwacom-common (2.2.0-1) ...
Setting up libtsan0:amd64 (11.4.0-1ubuntu1~22.04) ...
Setting up libxkbcommon0:amd64 (1.4.0-1) ...
Setting up libkmldom1:amd64 (1.3.0-9) ...
Setting up libwayland-client0:amd64 (1.20.0-1ubuntu0.1) ...
Setting up libctf0:amd64 (2.38-4ubuntu2.8) ...
Setting up libjpeg8:amd64 (8c-2ubuntu10) ...
Setting up cpp-11 (11.4.0-1ubuntu1~22.04) ...
Setting up libzvbi0:amd64 (0.2.35-19) ...
Setting up libice6:amd64 (2:1.0.10-1build2) ...
Setting up libodbcinst2:amd64 (2.3.9-5ubuntu0.1) ...
Setting up libxdmcp6:amd64 (1:1.1.3-0ubuntu5) ...
Setting up tcl8.6 (8.6.12+dfsg-1build1) ...
Setting up liblapack3:amd64 (3.10.0-2ubuntu1) ...
update-alternatives: using /usr/lib/x86_64-linux-gnu/lapack/liblapack.so.3 to provide /usr/lib/x86_64-linux-gnu/liblapack.so.3 (liblapack.so.3-x86_64-linux-gnu) in auto mode
Setting up libxcb1:amd64 (1.14-3ubuntu3) ...
Setting up libopenblas0-pthread:amd64 (0.3.20+ds-1) ...
update-alternatives: using /usr/lib/x86_64-linux-gnu/openblas-pthread/libblas.so.3 to provide /usr/lib/x86_64-linux-gnu/libblas.so.3 (libblas.so.3-x86_64-linux-gnu) in auto mode
update-alternatives: using /usr/lib/x86_64-linux-gnu/openblas-pthread/liblapack.so.3 to provide /usr/lib/x86_64-linux-gnu/liblapack.so.3 (liblapack.so.3-x86_64-linux-gnu) in auto mode
update-alternatives: using /usr/lib/x86_64-linux-gnu/openblas-pthread/libopenblas.so.0 to provide /usr/lib/x86_64-linux-gnu/libopenblas.so.0 (libopenblas.so.0-x86_64-linux-gnu) in auto mode
Setting up libxcb-xfixes0:amd64 (1.14-3ubuntu3) ...
Setting up libzmq5:amd64 (4.3.4-2) ...
Setting up libkmlengine1:amd64 (1.3.0-9) ...
Setting up libxcb-xinput0:amd64 (1.14-3ubuntu3) ...
Setting up libxcb-render0:amd64 (1.14-3ubuntu3) ...
Setting up libsoxr0:amd64 (0.1.3-4build2) ...
Setting up libwacom9:amd64 (2.2.0-1) ...
Setting up fontconfig-config (2.13.1-4.2ubuntu5) ...
Setting up libxcb-glx0:amd64 (1.14-3ubuntu3) ...
Setting up libwebpdemux2:amd64 (1.2.2-2ubuntu0.22.04.2) ...
Setting up libedit2:amd64 (3.1-20210910-1build1) ...
Setting up libreadline8:amd64 (8.1.2-1) ...
Setting up libxcb-keysyms1:amd64 (0.4.0-1build3) ...
Setting up libarpack2:amd64 (3.8.0-1) ...
Setting up libxcb-shape0:amd64 (1.14-3ubuntu3) ...
Setting up libsuperlu5:amd64 (5.3.0+dfsg1-2) ...
Setting up libxcb-render-util0:amd64 (0.3.9-1build3) ...
Setting up libnss3:amd64 (2:3.98-0ubuntu0.22.04.2) ...
Setting up libxcb-shm0:amd64 (1.14-3ubuntu3) ...
Setting up libxcb-icccm4:amd64 (0.4.1-1.1build2) ...
Setting up vim-tiny (2:8.2.3995-1ubuntu2.24) ...
update-alternatives: using /usr/bin/vim.tiny to provide /usr/bin/rview (rview) in auto mode
update-alternatives: using /usr/bin/vim.tiny to provide /usr/bin/vi (vi) in auto mode
update-alternatives: warning: skip creation of /usr/share/man/da/man1/vi.1.gz because associated file /usr/share/man/da/man1/vim.1.gz (of link group vi) doesn't exist
update-alternatives: warning: skip creation of /usr/share/man/de/man1/vi.1.gz because associated file /usr/share/man/de/man1/vim.1.gz (of link group vi) doesn't exist
update-alternatives: warning: skip creation of /usr/share/man/fr/man1/vi.1.gz because associated file /usr/share/man/fr/man1/vim.1.gz (of link group vi) doesn't exist
update-alternatives: warning: skip creation of /usr/share/man/it/man1/vi.1.gz because associated file /usr/share/man/it/man1/vim.1.gz (of link group vi) doesn't exist
update-alternatives: warning: skip creation of /usr/share/man/ja/man1/vi.1.gz because associated file /usr/share/man/ja/man1/vim.1.gz (of link group vi) doesn't exist
update-alternatives: warning: skip creation of /usr/share/man/pl/man1/vi.1.gz because associated file /usr/share/man/pl/man1/vim.1.gz (of link group vi) doesn't exist
update-alternatives: warning: skip creation of /usr/share/man/ru/man1/vi.1.gz because associated file /usr/share/man/ru/man1/vim.1.gz (of link group vi) doesn't exist
update-alternatives: warning: skip creation of /usr/share/man/man1/vi.1.gz because associated file /usr/share/man/man1/vim.1.gz (of link group vi) doesn't exist
update-alternatives: using /usr/bin/vim.tiny to provide /usr/bin/view (view) in auto mode
update-alternatives: warning: skip creation of /usr/share/man/da/man1/view.1.gz because associated file /usr/share/man/da/man1/vim.1.gz (of link group view) doesn't exist
update-alternatives: warning: skip creation of /usr/share/man/de/man1/view.1.gz because associated file /usr/share/man/de/man1/vim.1.gz (of link group view) doesn't exist
update-alternatives: warning: skip creation of /usr/share/man/fr/man1/view.1.gz because associated file /usr/share/man/fr/man1/vim.1.gz (of link group view) doesn't exist
update-alternatives: warning: skip creation of /usr/share/man/it/man1/view.1.gz because associated file /usr/share/man/it/man1/vim.1.gz (of link group view) doesn't exist
update-alternatives: warning: skip creation of /usr/share/man/ja/man1/view.1.gz because associated file /usr/share/man/ja/man1/vim.1.gz (of link group view) doesn't exist
update-alternatives: warning: skip creation of /usr/share/man/pl/man1/view.1.gz because associated file /usr/share/man/pl/man1/vim.1.gz (of link group view) doesn't exist
update-alternatives: warning: skip creation of /usr/share/man/ru/man1/view.1.gz because associated file /usr/share/man/ru/man1/vim.1.gz (of link group view) doesn't exist
update-alternatives: warning: skip creation of /usr/share/man/man1/view.1.gz because associated file /usr/share/man/man1/vim.1.gz (of link group view) doesn't exist
update-alternatives: using /usr/bin/vim.tiny to provide /usr/bin/ex (ex) in auto mode
update-alternatives: warning: skip creation of /usr/share/man/da/man1/ex.1.gz because associated file /usr/share/man/da/man1/vim.1.gz (of link group ex) doesn't exist
update-alternatives: warning: skip creation of /usr/share/man/de/man1/ex.1.gz because associated file /usr/share/man/de/man1/vim.1.gz (of link group ex) doesn't exist
update-alternatives: warning: skip creation of /usr/share/man/fr/man1/ex.1.gz because associated file /usr/share/man/fr/man1/vim.1.gz (of link group ex) doesn't exist
update-alternatives: warning: skip creation of /usr/share/man/it/man1/ex.1.gz because associated file /usr/share/man/it/man1/vim.1.gz (of link group ex) doesn't exist
update-alternatives: warning: skip creation of /usr/share/man/ja/man1/ex.1.gz because associated file /usr/share/man/ja/man1/vim.1.gz (of link group ex) doesn't exist
update-alternatives: warning: skip creation of /usr/share/man/pl/man1/ex.1.gz because associated file /usr/share/man/pl/man1/vim.1.gz (of link group ex) doesn't exist
update-alternatives: warning: skip creation of /usr/share/man/ru/man1/ex.1.gz because associated file /usr/share/man/ru/man1/vim.1.gz (of link group ex) doesn't exist
update-alternatives: warning: skip creation of /usr/share/man/man1/ex.1.gz because associated file /usr/share/man/man1/vim.1.gz (of link group ex) doesn't exist
update-alternatives: using /usr/bin/vim.tiny to provide /usr/bin/editor (editor) in auto mode
update-alternatives: warning: skip creation of /usr/share/man/man1/editor.1.gz because associated file /usr/share/man/man1/vim.1.gz (of link group editor) doesn't exist
update-alternatives: warning: skip creation of /usr/share/man/da/man1/editor.1.gz because associated file /usr/share/man/da/man1/vim.1.gz (of link group editor) doesn't exist
update-alternatives: warning: skip creation of /usr/share/man/de/man1/editor.1.gz because associated file /usr/share/man/de/man1/vim.1.gz (of link group editor) doesn't exist
update-alternatives: warning: skip creation of /usr/share/man/fr/man1/editor.1.gz because associated file /usr/share/man/fr/man1/vim.1.gz (of link group editor) doesn't exist
update-alternatives: warning: skip creation of /usr/share/man/it/man1/editor.1.gz because associated file /usr/share/man/it/man1/vim.1.gz (of link group editor) doesn't exist
update-alternatives: warning: skip creation of /usr/share/man/ja/man1/editor.1.gz because associated file /usr/share/man/ja/man1/vim.1.gz (of link group editor) doesn't exist
update-alternatives: warning: skip creation of /usr/share/man/pl/man1/editor.1.gz because associated file /usr/share/man/pl/man1/vim.1.gz (of link group editor) doesn't exist
update-alternatives: warning: skip creation of /usr/share/man/ru/man1/editor.1.gz because associated file /usr/share/man/ru/man1/vim.1.gz (of link group editor) doesn't exist
Setting up libldap-2.5-0:amd64 (2.5.19+dfsg-0ubuntu0.22.04.1) ...
Setting up libxcb-util1:amd64 (0.4.0-1build2) ...
Setting up libinput-bin (1.20.0-1ubuntu0.3) ...
Setting up libxcb-xkb1:amd64 (1.14-3ubuntu3) ...
Setting up libxcb-image0:amd64 (0.4.0-2) ...
Setting up libnl-route-3-200:amd64 (3.5.0-0.1) ...
Setting up libxcb-present0:amd64 (1.14-3ubuntu3) ...
Setting up libpython3.10-stdlib:amd64 (3.10.12-1~22.04.10) ...
Setting up libthai0:amd64 (0.1.29-1build1) ...
Setting up ca-certificates (20240203~22.04.1) ...
debconf: unable to initialize frontend: Dialog
debconf: (No usable dialog-like program is installed, so the dialog based frontend cannot be used. at /usr/share/perl5/Debconf/FrontEnd/Dialog.pm line 78.)
debconf: falling back to frontend: Readline
debconf: unable to initialize frontend: Readline
debconf: (Can't locate Term/ReadLine.pm in @INC (you may need to install the Term::ReadLine module) (@INC contains: /etc/perl /usr/local/lib/x86_64-linux-gnu/perl/5.34.0 /usr/local/share/perl/5.34.0 /usr/lib/x86_64-linux-gnu/perl5/5.34 /usr/share/perl5 /usr/lib/x86_64-linux-gnu/perl-base /usr/lib/x86_64-linux-gnu/perl/5.34 /usr/share/perl/5.34 /usr/local/lib/site_perl) at /usr/share/perl5/Debconf/FrontEnd/Readline.pm line 7.)
debconf: falling back to frontend: Teletype
Updating certificates in /etc/ssl/certs...
146 added, 0 removed; done.
Setting up libvorbisfile3:amd64 (1.3.7-1build2) ...
Setting up libxcb-xinerama0:amd64 (1.14-3ubuntu3) ...
Setting up libjs-jquery-ui (1.13.1+dfsg-1) ...
Setting up libfreetype6:amd64 (2.11.1+dfsg-1ubuntu0.3) ...
Setting up libxcb-sync1:amd64 (1.14-3ubuntu3) ...
Setting up libxkbcommon-x11-0:amd64 (1.4.0-1) ...
Setting up libjs-sphinxdoc (4.3.2-1) ...
Setting up libhdf4-0-alt (4.2.15-4) ...
Setting up libx265-199:amd64 (3.5-2) ...
Setting up libxcb-dri2-0:amd64 (1.14-3ubuntu3) ...
Setting up libgcc-11-dev:amd64 (11.4.0-1ubuntu1~22.04) ...
Setting up libdrm2:amd64 (2.4.113-2~ubuntu0.22.04.1) ...
Setting up libva-drm2:amd64 (2.14.0-1) ...
Setting up libopenblas0:amd64 (0.3.20+ds-1) ...
Setting up libxcb-randr0:amd64 (1.14-3ubuntu3) ...
Setting up cpp (4:11.2.0-1ubuntu1) ...
Setting up tcl (8.6.11+1build2) ...
Setting up libcurl4:amd64 (7.81.0-1ubuntu1.20) ...
Setting up libc6-dev:amd64 (2.35-0ubuntu3.10) ...
Setting up libx11-6:amd64 (2:1.7.5-1ubuntu0.3) ...
Setting up libharfbuzz0b:amd64 (2.7.4-1ubuntu3.2) ...
Setting up libtiff5:amd64 (4.3.0-6ubuntu0.10) ...
Setting up libfontconfig1:amd64 (2.13.1-4.2ubuntu5) ...
Setting up libsm6:amd64 (2:1.2.3-1build2) ...
Setting up libxml2:amd64 (2.9.13+dfsg-1ubuntu0.7) ...
Setting up libopenmpt0:amd64 (0.6.1-1) ...
Setting up rsync (3.2.7-0ubuntu0.22.04.4) ...
invoke-rc.d: could not determine current runlevel
invoke-rc.d: policy-rc.d denied execution of start.
Setting up libpython3-stdlib:amd64 (3.10.6-1~22.04.1) ...
Setting up liblbfgsb0:amd64 (3.0+dfsg.3-10) ...
Setting up binutils-x86-64-linux-gnu (2.38-4ubuntu2.8) ...
Setting up libdrm-amdgpu1:amd64 (2.4.113-2~ubuntu0.22.04.1) ...
Setting up libopenblas-pthread-dev:amd64 (0.3.20+ds-1) ...
update-alternatives: using /usr/lib/x86_64-linux-gnu/openblas-pthread/libblas.so to provide /usr/lib/x86_64-linux-gnu/libblas.so (libblas.so-x86_64-linux-gnu) in auto mode
update-alternatives: using /usr/lib/x86_64-linux-gnu/openblas-pthread/liblapack.so to provide /usr/lib/x86_64-linux-gnu/liblapack.so (liblapack.so-x86_64-linux-gnu) in auto mode
update-alternatives: using /usr/lib/x86_64-linux-gnu/openblas-pthread/libopenblas.so to provide /usr/lib/x86_64-linux-gnu/libopenblas.so (libopenblas.so-x86_64-linux-gnu) in auto mode
Setting up libxcb-dri3-0:amd64 (1.14-3ubuntu3) ...
Setting up libinput10:amd64 (1.20.0-1ubuntu0.3) ...
Setting up libx11-xcb1:amd64 (2:1.7.5-1ubuntu0.3) ...
Setting up libpython3.10:amd64 (3.10.12-1~22.04.10) ...
Setting up libibverbs1:amd64 (39.0-1) ...
Setting up fontconfig (2.13.1-4.2ubuntu5) ...
Regenerating fonts cache... done.
Setting up libarmadillo10 (1:10.8.2+dfsg-1) ...
Setting up libdrm-nouveau2:amd64 (2.4.113-2~ubuntu0.22.04.1) ...
Setting up python3.10 (3.10.12-1~22.04.10) ...
Setting up libxrender1:amd64 (1:0.9.10-1build4) ...
Setting up libgbm1:amd64 (23.2.1-1ubuntu3.1~22.04.3) ...
Setting up ibverbs-providers:amd64 (39.0-1) ...
Setting up python3-pip-whl (22.0.2+dfsg-1ubuntu0.5) ...
Setting up libdrm-radeon1:amd64 (2.4.113-2~ubuntu0.22.04.1) ...
Setting up openssh-client (1:8.9p1-3ubuntu0.13) ...
update-alternatives: using /usr/bin/ssh to provide /usr/bin/rsh (rsh) in auto mode
update-alternatives: warning: skip creation of /usr/share/man/man1/rsh.1.gz because associated file /usr/share/man/man1/ssh.1.gz (of link group rsh) doesn't exist
update-alternatives: using /usr/bin/slogin to provide /usr/bin/rlogin (rlogin) in auto mode
update-alternatives: warning: skip creation of /usr/share/man/man1/rlogin.1.gz because associated file /usr/share/man/man1/slogin.1.gz (of link group rlogin) doesn't exist
update-alternatives: using /usr/bin/scp to provide /usr/bin/rcp (rcp) in auto mode
update-alternatives: warning: skip creation of /usr/share/man/man1/rcp.1.gz because associated file /usr/share/man/man1/scp.1.gz (of link group rcp) doesn't exist
Setting up libpango-1.0-0:amd64 (1.50.6+ds-2ubuntu1) ...
Setting up libdrm-intel1:amd64 (2.4.113-2~ubuntu0.22.04.1) ...
Setting up libheif1:amd64 (1.12.0-2build1) ...
Setting up libpq5:amd64 (14.18-0ubuntu0.22.04.1) ...
Setting up libxext6:amd64 (2:1.3.4-1build1) ...
Setting up libcurl3-gnutls:amd64 (7.81.0-1ubuntu1.20) ...
Setting up python3 (3.10.6-1~22.04.1) ...
running python rtupdate hooks for python3.10...
running python post-rtupdate hooks for python3.10...
Setting up binutils (2.38-4ubuntu2.8) ...
Setting up python3-sortedcontainers (2.1.0-2) ...
Setting up libproj22:amd64 (8.2.1-1) ...
Setting up libcairo2:amd64 (1.16.0-5ubuntu2) ...
Setting up python3-ujson:amd64 (5.1.0-1build1) ...
Setting up python3-tz (2022.1-1ubuntu0.22.04.1) ...
Setting up libgeotiff5:amd64 (1.7.0-2build1) ...
Setting up libxxf86vm1:amd64 (1:1.1.4-1build3) ...
Setting up libcfitsio9:amd64 (4.0.0-1) ...
Setting up libxnvctrl0:amd64 (510.47.03-0ubuntu1) ...
Setting up python3-six (1.16.0-3ubuntu1) ...
Setting up python3-ecdsa (0.18.0~b1-1) ...
Setting up libpoppler118:amd64 (22.02.0-2ubuntu0.8) ...
Setting up libopenblas-dev:amd64 (0.3.20+ds-1) ...
Setting up python3-decorator (4.4.2-0ubuntu1) ...
Setting up libegl-mesa0:amd64 (23.2.1-1ubuntu3.1~22.04.3) ...
Setting up libexpat1-dev:amd64 (2.4.7-1ubuntu0.6) ...
Setting up python3-pyparsing (2.4.7-1) ...
Setting up python3-base58 (1.0.3-1.1) ...
Setting up libxfixes3:amd64 (1:6.0.0-1) ...
Setting up python3-brotli (1.0.9-2build6) ...
Setting up python3-incremental (21.3.0-1) ...
Setting up libraqm0:amd64 (0.7.0-4ubuntu1) ...
Setting up shared-mime-info (2.1-2) ...
Setting up python3-cycler (0.11.0-1) ...
Setting up python3-kiwisolver (1.3.2-1build1) ...
Setting up python3-idna (3.3-1ubuntu0.1) ...
Setting up cython3 (0.29.28-1ubuntu3) ...
Setting up python3-pyqrcode (1.2.1-4) ...
Setting up libqt5core5a:amd64 (5.15.3+dfsg-2ubuntu0.2) ...
Setting up libstdc++-11-dev:amd64 (11.4.0-1ubuntu1~22.04) ...
Setting up zlib1g-dev:amd64 (1:1.2.11.dfsg-2ubuntu9.2) ...
Setting up libhdf5-103-1:amd64 (1.10.7+repack-4ubuntu2) ...
Setting up gcc-11 (11.4.0-1ubuntu1~22.04) ...
Setting up libvdpau1:amd64 (1.4-3build2) ...
Setting up libqt5dbus5:amd64 (5.15.3+dfsg-2ubuntu0.2) ...
Setting up libllvm15:amd64 (1:15.0.7-0ubuntu0.22.04.3) ...
Setting up libtheora0:amd64 (1.1.1+dfsg.1-15ubuntu4) ...
Setting up libxslt1.1:amd64 (1.1.34-4ubuntu0.22.04.3) ...
Setting up libegl1:amd64 (1.4.0-1) ...
Setting up python3-pyasn1 (0.4.8-1) ...
Setting up python3-wsaccel (0.6.3-2build1) ...
Setting up python3-snappy (0.5.3-1.1build5) ...
Setting up python3-dateutil (2.8.1-6) ...
Setting up libgdk-pixbuf-2.0-0:amd64 (2.42.8+dfsg-1ubuntu0.3) ...
Setting up python3-mnemonic (0.19-1) ...
Setting up python3-constantly (15.1.0-2) ...
Setting up python3-msgpack (1.0.3-1build1) ...
Setting up libcairo-gobject2:amd64 (1.16.0-5ubuntu2) ...
Setting up libxss1:amd64 (1:1.2.3-1build2) ...
Setting up libpangoft2-1.0-0:amd64 (1.50.6+ds-2ubuntu1) ...
Setting up python3-ubjson (0.16.1-2build1) ...
Setting up python3-mpmath (1.2.1-2) ...
Setting up libbluray2:amd64 (1:1.3.1-1) ...
Setting up python3-trie (0.4.0+ds-1) ...
Setting up libva-x11-2:amd64 (2.14.0-1) ...
Setting up python3-lib2to3 (3.10.8-1~22.04) ...
Setting up python3-appdirs (1.4.4-2) ...
Setting up python3-u-msgpack (2.3.0-2) ...
Setting up python3-cffi-backend:amd64 (1.15.0-1build2) ...
Setting up libpangocairo-1.0-0:amd64 (1.50.6+ds-2ubuntu1) ...
Setting up libhdf5-hl-100:amd64 (1.10.7+repack-4ubuntu2) ...
Setting up python3-pkg-resources (59.6.0-1.2ubuntu0.22.04.3) ...
Setting up python3-cbor (1.0.0-1.1build6) ...
Setting up python3-distutils (3.10.8-1~22.04) ...
Setting up libspatialite7:amd64 (5.0.1-2build2) ...
Setting up python3-sympy (1.9-1) ...
Setting up librdmacm1:amd64 (39.0-1) ...
Setting up python3-attr (21.2.0-1) ...
Setting up libucx0:amd64 (1.12.1~rc2-1) ...
Setting up libxft2:amd64 (2.3.4-1) ...
Setting up libboost1.74-dev:amd64 (1.74.0-14ubuntu3) ...
Setting up python3.10-venv (3.10.12-1~22.04.10) ...
Setting up libxerces-c3.2:amd64 (3.2.3+debian-3ubuntu0.1) ...
Setting up python3-setuptools (59.6.0-1.2ubuntu0.22.04.3) ...
Setting up python3-flatbuffers (1.12.1~git20200711.33e2d80+dfsg1-0.6) ...
Setting up python3-passlib (1.7.4-1) ...
Setting up g++-11 (11.4.0-1ubuntu1~22.04) ...
Setting up python3-lz4 (3.1.3+dfsg-1build3) ...
Setting up python3-zope.interface (5.4.0-1build1) ...
Setting up python3-unicodedata2 (14.0.0+ds-8) ...
Setting up python3-bcrypt (3.2.0-1build1) ...
Setting up libtk8.6:amd64 (8.6.12-1build1) ...
Setting up libxcursor1:amd64 (1:1.2.0-2build4) ...
Setting up python3-ply (3.11-5) ...
Setting up python3-automat (20.2.0-1) ...
Setting up libgl1-mesa-dri:amd64 (23.2.1-1ubuntu3.1~22.04.3) ...
Setting up python3-gast (0.5.2-2) ...
Setting up python3-hamcrest (2.0.2-2) ...
Setting up libhwloc-plugins:amd64 (2.7.0-2ubuntu1) ...
Setting up python3-wheel (0.37.1-2ubuntu0.22.04.1) ...
Setting up libqt5network5:amd64 (5.15.3+dfsg-2ubuntu0.2) ...
Setting up python3-pycparser (2.21-1) ...
Setting up libavutil56:amd64 (7:4.4.2-0ubuntu0.22.04.1) ...
Setting up gcc (4:11.2.0-1ubuntu1) ...
Setting up python3-fs (2.4.12-1) ...
Setting up librsvg2-2:amd64 (2.52.5+dfsg-3ubuntu0.2) ...
Setting up libqt5sql5:amd64 (5.15.3+dfsg-2ubuntu0.2) ...
Setting up python3-beniget (0.4.1-2) ...
Setting up python3-packaging (21.3-1) ...
Setting up python3-venv (3.10.6-1~22.04.1) ...
Setting up python3-pyasn1-modules (0.2.1-1) ...
Setting up python3-cryptography (3.4.8-1ubuntu2.2) ...
Setting up python3-hyperlink (21.0.0-3) ...
Setting up python3-service-identity (18.1.0-6) ...
Setting up libpython3.10-dev:amd64 (3.10.12-1~22.04.10) ...
Setting up python3-pip (22.0.2+dfsg-1ubuntu0.5) ...
Setting up python3-numpy (1:1.21.5-1ubuntu22.04.1) ...
Setting up libnetcdf19:amd64 (1:4.8.1-1) ...
Setting up python3.10-dev (3.10.12-1~22.04.10) ...
Setting up g++ (4:11.2.0-1ubuntu1) ...
update-alternatives: using /usr/bin/g++ to provide /usr/bin/c++ (c++) in auto mode
update-alternatives: warning: skip creation of /usr/share/man/man1/c++.1.gz because associated file /usr/share/man/man1/g++.1.gz (of link group c++) doesn't exist
Setting up python3-lxml:amd64 (4.8.0-1build1) ...
Setting up libswscale5:amd64 (7:4.4.2-0ubuntu0.22.04.1) ...
Setting up libboost-dev:amd64 (1.74.0.3ubuntu7) ...
Setting up python3-nacl (1.5.0-2) ...
Setting up libfabric1:amd64 (1.11.0-3) ...
Setting up tk8.6-blt2.5 (2.5.3+dfsg-4.1build2) ...
Setting up libglx-mesa0:amd64 (23.2.1-1ubuntu3.1~22.04.3) ...
Setting up libpython3-dev:amd64 (3.10.6-1~22.04.1) ...
Setting up libglx0:amd64 (1.4.0-1) ...
Setting up libpmix2:amd64 (4.1.2-2ubuntu1) ...
Setting up python3-openssl (21.0.0-1) ...
Setting up libopenmpi3:amd64 (4.1.2-2ubuntu1) ...
Setting up blt (2.5.3+dfsg-4.1build2) ...
Setting up python3-cffi (1.15.0-1build2) ...
Setting up python3-tk:amd64 (3.10.8-1~22.04) ...
Setting up libswresample3:amd64 (7:4.4.2-0ubuntu0.22.04.1) ...
Setting up libgl1:amd64 (1.4.0-1) ...
Setting up libgdal30 (3.4.1+dfsg-1build4) ...
Setting up libpdal-base13 (2.3.0+ds-2ubuntu4) ...
Setting up python3-twisted (22.1.0-2ubuntu2.6) ...
Setting up python3-dev (3.10.6-1~22.04.1) ...
Setting up libglew2.2:amd64 (2.2.0-4) ...
Setting up python3-pythran (0.10.0+ds2-1) ...
Setting up libavcodec58:amd64 (7:4.4.2-0ubuntu0.22.04.1) ...
Setting up python3-txaio (21.2.1-2) ...
Setting up python3-autobahn (21.11.1+dfsg1-2build1) ...
Setting up openmpi-bin (4.1.2-2ubuntu1) ...
update-alternatives: using /usr/bin/mpirun.openmpi to provide /usr/bin/mpirun (mpirun) in auto mode
update-alternatives: warning: skip creation of /usr/share/man/man1/mpirun.1.gz because associated file /usr/share/man/man1/mpirun.openmpi.1.gz (of link group mpirun) doesn't exist
update-alternatives: warning: skip creation of /usr/share/man/man1/mpiexec.1.gz because associated file /usr/share/man/man1/mpiexec.openmpi.1.gz (of link group mpirun) doesn't exist
update-alternatives: using /usr/bin/mpicc.openmpi to provide /usr/bin/mpicc (mpi) in auto mode
update-alternatives: warning: skip creation of /usr/share/man/man1/mpicc.1.gz because associated file /usr/share/man/man1/mpicc.openmpi.1.gz (of link group mpi) doesn't exist
update-alternatives: warning: skip creation of /usr/share/man/man1/mpic++.1.gz because associated file /usr/share/man/man1/mpic++.openmpi.1.gz (of link group mpi) doesn't exist
update-alternatives: warning: skip creation of /usr/share/man/man1/mpicxx.1.gz because associated file /usr/share/man/man1/mpicxx.openmpi.1.gz (of link group mpi) doesn't exist
update-alternatives: warning: skip creation of /usr/share/man/man1/mpiCC.1.gz because associated file /usr/share/man/man1/mpiCC.openmpi.1.gz (of link group mpi) doesn't exist
update-alternatives: warning: skip creation of /usr/share/man/man1/mpif77.1.gz because associated file /usr/share/man/man1/mpif77.openmpi.1.gz (of link group mpi) doesn't exist
update-alternatives: warning: skip creation of /usr/share/man/man1/mpif90.1.gz because associated file /usr/share/man/man1/mpif90.openmpi.1.gz (of link group mpi) doesn't exist
update-alternatives: warning: skip creation of /usr/share/man/man1/mpifort.1.gz because associated file /usr/share/man/man1/mpifort.openmpi.1.gz (of link group mpi) doesn't exist
Setting up libchromaprint1:amd64 (1.5.1-2) ...
Setting up python3-scipy (1.8.0-1exp2ubuntu1) ...
Setting up libavformat58:amd64 (7:4.4.2-0ubuntu0.22.04.1) ...
Setting up libqt5gui5:amd64 (5.15.3+dfsg-2ubuntu0.2) ...
Setting up mpi-default-bin (1.14) ...
Setting up libqt5widgets5:amd64 (5.15.3+dfsg-2ubuntu0.2) ...
Setting up python3-mpi4py (3.1.3-1build2) ...
Setting up libqt5help5:amd64 (5.15.3-1) ...
Setting up libgl2ps1.4 (1.4.2+dfsg1-2) ...
Setting up python3-pil.imagetk:amd64 (9.0.1-1ubuntu0.3) ...
Setting up python3-ufolib2 (0.13.1+dfsg1-1) ...
Setting up python3-fonttools (4.29.1-2build1) ...
Setting up python3-pil:amd64 (9.0.1-1ubuntu0.3) ...
Setting up python3-matplotlib (3.5.1-2build1) ...
Setting up paraview (5.10.0~rc1-1build3) ...
Processing triggers for libc-bin (2.35-0ubuntu3.10) ...
Processing triggers for ca-certificates (20240203~22.04.1) ...
Updating certificates in /etc/ssl/certs...
0 added, 0 removed; done.
Running hooks in /etc/ca-certificates/update.d...
done.
🔹 Setting up Python venv...
Requirement already satisfied: pip in /openfoam/venv/lib/python3.10/site-packages (22.0.2)
Collecting pip
  Downloading pip-25.1.1-py3-none-any.whl (1.8 MB)
     ━━━━━━━━━━━━━━━━━━━━━━━━━━━━━━━━━━━━━━━━ 1.8/1.8 MB 9.9 MB/s eta 0:00:00
Installing collected packages: pip
  Attempting uninstall: pip
    Found existing installation: pip 22.0.2
    Uninstalling pip-22.0.2:
      Successfully uninstalled pip-22.0.2
Successfully installed pip-25.1.1
Collecting numpy==1.24.3 (from -r /openfoam/requirements.txt (line 1))
  Downloading numpy-1.24.3-cp310-cp310-manylinux_2_17_x86_64.manylinux2014_x86_64.whl.metadata (5.6 kB)
Collecting matplotlib==3.7.1 (from -r /openfoam/requirements.txt (line 2))
  Downloading matplotlib-3.7.1-cp310-cp310-manylinux_2_17_x86_64.manylinux2014_x86_64.whl.metadata (5.6 kB)
Collecting pandas==2.0.3 (from -r /openfoam/requirements.txt (line 3))
  Downloading pandas-2.0.3-cp310-cp310-manylinux_2_17_x86_64.manylinux2014_x86_64.whl.metadata (18 kB)
Collecting trimesh==3.23.5 (from -r /openfoam/requirements.txt (line 4))
  Downloading trimesh-3.23.5-py3-none-any.whl.metadata (17 kB)
Collecting openfoamparser-ilya==0.16 (from -r /openfoam/requirements.txt (line 5))
  Downloading openfoamparser_ilya-0.16-py3-none-any.whl.metadata (9.9 kB)
Collecting PyFoam==0.6.8 (from -r /openfoam/requirements.txt (line 6))
  Downloading PyFoam-0.6.8-py2.py3-none-any.whl.metadata (933 bytes)
Collecting scipy==1.10.1 (from -r /openfoam/requirements.txt (line 7))
  Downloading scipy-1.10.1-cp310-cp310-manylinux_2_17_x86_64.manylinux2014_x86_64.whl.metadata (58 kB)
Collecting numpy-stl==2.16.3 (from -r /openfoam/requirements.txt (line 8))
  Downloading numpy-stl-2.16.3.tar.gz (772 kB)
     ━━━━━━━━━━━━━━━━━━━━━━━━━━━━━━━━━━━━━━ 772.1/772.1 kB 45.2 MB/s eta 0:00:00
  Installing build dependencies: started
  Installing build dependencies: finished with status 'done'
  Getting requirements to build wheel: started
  Getting requirements to build wheel: finished with status 'done'
  Preparing metadata (pyproject.toml): started
  Preparing metadata (pyproject.toml): finished with status 'done'
Collecting scikit-learn (from -r /openfoam/requirements.txt (line 9))
  Downloading scikit_learn-1.7.0-cp310-cp310-manylinux_2_17_x86_64.manylinux2014_x86_64.whl.metadata (17 kB)
Collecting pyyaml (from -r /openfoam/requirements.txt (line 10))
  Downloading PyYAML-6.0.2-cp310-cp310-manylinux_2_17_x86_64.manylinux2014_x86_64.whl.metadata (2.1 kB)
Collecting contourpy>=1.0.1 (from matplotlib==3.7.1->-r /openfoam/requirements.txt (line 2))
  Downloading contourpy-1.3.2-cp310-cp310-manylinux_2_17_x86_64.manylinux2014_x86_64.whl.metadata (5.5 kB)
Collecting cycler>=0.10 (from matplotlib==3.7.1->-r /openfoam/requirements.txt (line 2))
  Downloading cycler-0.12.1-py3-none-any.whl.metadata (3.8 kB)
Collecting fonttools>=4.22.0 (from matplotlib==3.7.1->-r /openfoam/requirements.txt (line 2))
  Downloading fonttools-4.58.4-cp310-cp310-manylinux2014_x86_64.manylinux_2_17_x86_64.whl.metadata (106 kB)
Collecting kiwisolver>=1.0.1 (from matplotlib==3.7.1->-r /openfoam/requirements.txt (line 2))
  Downloading kiwisolver-1.4.8-cp310-cp310-manylinux_2_12_x86_64.manylinux2010_x86_64.whl.metadata (6.2 kB)
Collecting packaging>=20.0 (from matplotlib==3.7.1->-r /openfoam/requirements.txt (line 2))
  Downloading packaging-25.0-py3-none-any.whl.metadata (3.3 kB)
Collecting pillow>=6.2.0 (from matplotlib==3.7.1->-r /openfoam/requirements.txt (line 2))
  Downloading pillow-11.2.1-cp310-cp310-manylinux_2_28_x86_64.whl.metadata (8.9 kB)
Collecting pyparsing>=2.3.1 (from matplotlib==3.7.1->-r /openfoam/requirements.txt (line 2))
  Downloading pyparsing-3.2.3-py3-none-any.whl.metadata (5.0 kB)
Collecting python-dateutil>=2.7 (from matplotlib==3.7.1->-r /openfoam/requirements.txt (line 2))
  Downloading python_dateutil-2.9.0.post0-py2.py3-none-any.whl.metadata (8.4 kB)
Collecting pytz>=2020.1 (from pandas==2.0.3->-r /openfoam/requirements.txt (line 3))
  Downloading pytz-2025.2-py2.py3-none-any.whl.metadata (22 kB)
Collecting tzdata>=2022.1 (from pandas==2.0.3->-r /openfoam/requirements.txt (line 3))
  Downloading tzdata-2025.2-py2.py3-none-any.whl.metadata (1.4 kB)
Collecting python-utils>=1.6.2 (from numpy-stl==2.16.3->-r /openfoam/requirements.txt (line 8))
  Downloading python_utils-3.9.1-py2.py3-none-any.whl.metadata (9.8 kB)
Collecting joblib>=1.2.0 (from scikit-learn->-r /openfoam/requirements.txt (line 9))
  Downloading joblib-1.5.1-py3-none-any.whl.metadata (5.6 kB)
Collecting threadpoolctl>=3.1.0 (from scikit-learn->-r /openfoam/requirements.txt (line 9))
  Downloading threadpoolctl-3.6.0-py3-none-any.whl.metadata (13 kB)
Collecting six>=1.5 (from python-dateutil>=2.7->matplotlib==3.7.1->-r /openfoam/requirements.txt (line 2))
  Downloading six-1.17.0-py2.py3-none-any.whl.metadata (1.7 kB)
Collecting typing_extensions>3.10.0.2 (from python-utils>=1.6.2->numpy-stl==2.16.3->-r /openfoam/requirements.txt (line 8))
  Downloading typing_extensions-4.14.0-py3-none-any.whl.metadata (3.0 kB)
Downloading numpy-1.24.3-cp310-cp310-manylinux_2_17_x86_64.manylinux2014_x86_64.whl (17.3 MB)
   ━━━━━━━━━━━━━━━━━━━━━━━━━━━━━━━━━━━━━━━━ 17.3/17.3 MB 337.4 MB/s eta 0:00:00
Downloading matplotlib-3.7.1-cp310-cp310-manylinux_2_17_x86_64.manylinux2014_x86_64.whl (11.6 MB)
   ━━━━━━━━━━━━━━━━━━━━━━━━━━━━━━━━━━━━━━━━ 11.6/11.6 MB 222.6 MB/s eta 0:00:00
Downloading pandas-2.0.3-cp310-cp310-manylinux_2_17_x86_64.manylinux2014_x86_64.whl (12.3 MB)
   ━━━━━━━━━━━━━━━━━━━━━━━━━━━━━━━━━━━━━━━━ 12.3/12.3 MB 214.4 MB/s eta 0:00:00
Downloading trimesh-3.23.5-py3-none-any.whl (685 kB)
   ━━━━━━━━━━━━━━━━━━━━━━━━━━━━━━━━━━━━━━━ 685.4/685.4 kB 436.3 MB/s eta 0:00:00
Downloading openfoamparser_ilya-0.16-py3-none-any.whl (11 kB)
Downloading PyFoam-0.6.8-py2.py3-none-any.whl (650 kB)
   ━━━━━━━━━━━━━━━━━━━━━━━━━━━━━━━━━━━━━━━ 650.6/650.6 kB 447.9 MB/s eta 0:00:00
Downloading scipy-1.10.1-cp310-cp310-manylinux_2_17_x86_64.manylinux2014_x86_64.whl (34.4 MB)
   ━━━━━━━━━━━━━━━━━━━━━━━━━━━━━━━━━━━━━━━━ 34.4/34.4 MB 263.5 MB/s eta 0:00:00
Downloading scikit_learn-1.7.0-cp310-cp310-manylinux_2_17_x86_64.manylinux2014_x86_64.whl (12.9 MB)
   ━━━━━━━━━━━━━━━━━━━━━━━━━━━━━━━━━━━━━━━━ 12.9/12.9 MB 336.8 MB/s eta 0:00:00
Downloading PyYAML-6.0.2-cp310-cp310-manylinux_2_17_x86_64.manylinux2014_x86_64.whl (751 kB)
   ━━━━━━━━━━━━━━━━━━━━━━━━━━━━━━━━━━━━━━━ 751.2/751.2 kB 499.3 MB/s eta 0:00:00
Downloading contourpy-1.3.2-cp310-cp310-manylinux_2_17_x86_64.manylinux2014_x86_64.whl (325 kB)
Downloading cycler-0.12.1-py3-none-any.whl (8.3 kB)
Downloading fonttools-4.58.4-cp310-cp310-manylinux2014_x86_64.manylinux_2_17_x86_64.whl (4.8 MB)
   ━━━━━━━━━━━━━━━━━━━━━━━━━━━━━━━━━━━━━━━━ 4.8/4.8 MB 394.9 MB/s eta 0:00:00
Downloading joblib-1.5.1-py3-none-any.whl (307 kB)
Downloading kiwisolver-1.4.8-cp310-cp310-manylinux_2_12_x86_64.manylinux2010_x86_64.whl (1.6 MB)
   ━━━━━━━━━━━━━━━━━━━━━━━━━━━━━━━━━━━━━━━━ 1.6/1.6 MB 495.4 MB/s eta 0:00:00
Downloading packaging-25.0-py3-none-any.whl (66 kB)
Downloading pillow-11.2.1-cp310-cp310-manylinux_2_28_x86_64.whl (4.6 MB)
   ━━━━━━━━━━━━━━━━━━━━━━━━━━━━━━━━━━━━━━━━ 4.6/4.6 MB 384.4 MB/s eta 0:00:00
Downloading pyparsing-3.2.3-py3-none-any.whl (111 kB)
Downloading python_dateutil-2.9.0.post0-py2.py3-none-any.whl (229 kB)
Downloading python_utils-3.9.1-py2.py3-none-any.whl (32 kB)
Downloading pytz-2025.2-py2.py3-none-any.whl (509 kB)
Downloading six-1.17.0-py2.py3-none-any.whl (11 kB)
Downloading threadpoolctl-3.6.0-py3-none-any.whl (18 kB)
Downloading typing_extensions-4.14.0-py3-none-any.whl (43 kB)
Downloading tzdata-2025.2-py2.py3-none-any.whl (347 kB)
Building wheels for collected packages: numpy-stl
  Building wheel for numpy-stl (pyproject.toml): started
  Building wheel for numpy-stl (pyproject.toml): finished with status 'done'
  Created wheel for numpy-stl: filename=numpy_stl-2.16.3-py3-none-any.whl size=18744 sha256=480cf904b793da1b0aa3fdc38b28a14820578e92a0b61973dda53b0538e4f894
  Stored in directory: /tmp/pip-ephem-wheel-cache-v0sw37mw/wheels/51/59/9f/28b045800f3ca6beca8d9805d68009f1b006bb7ad67bb3b892
Successfully built numpy-stl
Installing collected packages: pytz, tzdata, typing_extensions, threadpoolctl, six, pyyaml, pyparsing, pillow, packaging, numpy, kiwisolver, joblib, fonttools, cycler, trimesh, scipy, python-utils, python-dateutil, PyFoam, openfoamparser-ilya, contourpy, scikit-learn, pandas, numpy-stl, matplotlib

Successfully installed PyFoam-0.6.8 contourpy-1.3.2 cycler-0.12.1 fonttools-4.58.4 joblib-1.5.1 kiwisolver-1.4.8 matplotlib-3.7.1 numpy-1.24.3 numpy-stl-2.16.3 openfoamparser-ilya-0.16 packaging-25.0 pandas-2.0.3 pillow-11.2.1 pyparsing-3.2.3 python-dateutil-2.9.0.post0 python-utils-3.9.1 pytz-2025.2 pyyaml-6.0.2 scikit-learn-1.7.0 scipy-1.10.1 six-1.17.0 threadpoolctl-3.6.0 trimesh-3.23.5 typing_extensions-4.14.0 tzdata-2025.2
🔹 Installing OpenFOAM...
Detected distribution code-name: jammy
Installing gnupg for handling repository keys...
Reading package lists...
Building dependency tree...
Reading state information...
The following additional packages will be installed:
  dirmngr gnupg-l10n gnupg-utils gpg gpg-agent gpg-wks-client gpg-wks-server
  gpgconf gpgsm libassuan0 libksba8 libnpth0 pinentry-curses
Suggested packages:
  dbus-user-session libpam-systemd pinentry-gnome3 tor parcimonie xloadimage
  scdaemon pinentry-doc
The following NEW packages will be installed:
  dirmngr gnupg gnupg-l10n gnupg-utils gpg gpg-agent gpg-wks-client
  gpg-wks-server gpgconf gpgsm libassuan0 libksba8 libnpth0 pinentry-curses
0 upgraded, 14 newly installed, 0 to remove and 6 not upgraded.
Need to get 2312 kB of archives.
After this operation, 5837 kB of additional disk space will be used.
Get:1 http://archive.ubuntu.com/ubuntu jammy/main amd64 libassuan0 amd64 2.5.5-1build1 [38.2 kB]
Get:2 http://archive.ubuntu.com/ubuntu jammy-updates/main amd64 gpgconf amd64 2.2.27-3ubuntu2.3 [94.4 kB]
Get:3 http://archive.ubuntu.com/ubuntu jammy-updates/main amd64 libksba8 amd64 1.6.0-2ubuntu0.2 [119 kB]
Get:4 http://archive.ubuntu.com/ubuntu jammy/main amd64 libnpth0 amd64 1.6-3build2 [8664 B]
Get:5 http://archive.ubuntu.com/ubuntu jammy-updates/main amd64 dirmngr amd64 2.2.27-3ubuntu2.3 [293 kB]
Get:6 http://archive.ubuntu.com/ubuntu jammy-updates/main amd64 gnupg-l10n all 2.2.27-3ubuntu2.3 [54.6 kB]
Get:7 http://archive.ubuntu.com/ubuntu jammy-updates/main amd64 gnupg-utils amd64 2.2.27-3ubuntu2.3 [309 kB]
Get:8 http://archive.ubuntu.com/ubuntu jammy-updates/main amd64 gpg amd64 2.2.27-3ubuntu2.3 [519 kB]
Get:9 http://archive.ubuntu.com/ubuntu jammy/main amd64 pinentry-curses amd64 1.1.1-1build2 [34.4 kB]
Get:10 http://archive.ubuntu.com/ubuntu jammy-updates/main amd64 gpg-agent amd64 2.2.27-3ubuntu2.3 [209 kB]
Get:11 http://archive.ubuntu.com/ubuntu jammy-updates/main amd64 gpg-wks-client amd64 2.2.27-3ubuntu2.3 [62.7 kB]
Get:12 http://archive.ubuntu.com/ubuntu jammy-updates/main amd64 gpg-wks-server amd64 2.2.27-3ubuntu2.3 [57.6 kB]
Get:13 http://archive.ubuntu.com/ubuntu jammy-updates/main amd64 gpgsm amd64 2.2.27-3ubuntu2.3 [198 kB]
Get:14 http://archive.ubuntu.com/ubuntu jammy-updates/main amd64 gnupg all 2.2.27-3ubuntu2.3 [315 kB]
Fetched 2312 kB in 0s (7555 kB/s)
Selecting previously unselected package libassuan0:amd64.
(Reading database ... (Reading database ... 5%(Reading database ... 10%(Reading database ... 15%(Reading database ... 20%(Reading database ... 25%(Reading database ... 30%(Reading database ... 35%(Reading database ... 40%(Reading database ... 45%(Reading database ... 50%(Reading database ... 55%(Reading database ... 60%(Reading database ... 65%(Reading database ... 70%(Reading database ... 75%(Reading database ... 80%(Reading database ... 85%(Reading database ... 90%(Reading database ... 95%(Reading database ... 100%(Reading database ... 43457 files and directories currently installed.)
Preparing to unpack .../00-libassuan0_2.5.5-1build1_amd64.deb ...
Unpacking libassuan0:amd64 (2.5.5-1build1) ...
Selecting previously unselected package gpgconf.
Preparing to unpack .../01-gpgconf_2.2.27-3ubuntu2.3_amd64.deb ...
Unpacking gpgconf (2.2.27-3ubuntu2.3) ...
Selecting previously unselected package libksba8:amd64.
Preparing to unpack .../02-libksba8_1.6.0-2ubuntu0.2_amd64.deb ...
Unpacking libksba8:amd64 (1.6.0-2ubuntu0.2) ...
Selecting previously unselected package libnpth0:amd64.
Preparing to unpack .../03-libnpth0_1.6-3build2_amd64.deb ...
Unpacking libnpth0:amd64 (1.6-3build2) ...
Selecting previously unselected package dirmngr.
Preparing to unpack .../04-dirmngr_2.2.27-3ubuntu2.3_amd64.deb ...
Unpacking dirmngr (2.2.27-3ubuntu2.3) ...
Selecting previously unselected package gnupg-l10n.
Preparing to unpack .../05-gnupg-l10n_2.2.27-3ubuntu2.3_all.deb ...
Unpacking gnupg-l10n (2.2.27-3ubuntu2.3) ...
Selecting previously unselected package gnupg-utils.
Preparing to unpack .../06-gnupg-utils_2.2.27-3ubuntu2.3_amd64.deb ...
Unpacking gnupg-utils (2.2.27-3ubuntu2.3) ...
Selecting previously unselected package gpg.
Preparing to unpack .../07-gpg_2.2.27-3ubuntu2.3_amd64.deb ...
Unpacking gpg (2.2.27-3ubuntu2.3) ...
Selecting previously unselected package pinentry-curses.
Preparing to unpack .../08-pinentry-curses_1.1.1-1build2_amd64.deb ...
Unpacking pinentry-curses (1.1.1-1build2) ...
Selecting previously unselected package gpg-agent.
Preparing to unpack .../09-gpg-agent_2.2.27-3ubuntu2.3_amd64.deb ...
Unpacking gpg-agent (2.2.27-3ubuntu2.3) ...
Selecting previously unselected package gpg-wks-client.
Preparing to unpack .../10-gpg-wks-client_2.2.27-3ubuntu2.3_amd64.deb ...
Unpacking gpg-wks-client (2.2.27-3ubuntu2.3) ...
Selecting previously unselected package gpg-wks-server.
Preparing to unpack .../11-gpg-wks-server_2.2.27-3ubuntu2.3_amd64.deb ...
Unpacking gpg-wks-server (2.2.27-3ubuntu2.3) ...
Selecting previously unselected package gpgsm.
Preparing to unpack .../12-gpgsm_2.2.27-3ubuntu2.3_amd64.deb ...
Unpacking gpgsm (2.2.27-3ubuntu2.3) ...
Selecting previously unselected package gnupg.
Preparing to unpack .../13-gnupg_2.2.27-3ubuntu2.3_all.deb ...
Unpacking gnupg (2.2.27-3ubuntu2.3) ...
Setting up libksba8:amd64 (1.6.0-2ubuntu0.2) ...
Setting up libnpth0:amd64 (1.6-3build2) ...
Setting up libassuan0:amd64 (2.5.5-1build1) ...
Setting up gnupg-l10n (2.2.27-3ubuntu2.3) ...
Setting up gpgconf (2.2.27-3ubuntu2.3) ...
Setting up gpg (2.2.27-3ubuntu2.3) ...
Setting up gnupg-utils (2.2.27-3ubuntu2.3) ...
Setting up pinentry-curses (1.1.1-1build2) ...
Setting up gpg-agent (2.2.27-3ubuntu2.3) ...
Setting up gpgsm (2.2.27-3ubuntu2.3) ...
Setting up dirmngr (2.2.27-3ubuntu2.3) ...
Setting up gpg-wks-server (2.2.27-3ubuntu2.3) ...
Setting up gpg-wks-client (2.2.27-3ubuntu2.3) ...
Setting up gnupg (2.2.27-3ubuntu2.3) ...
Processing triggers for libc-bin (2.35-0ubuntu3.10) ...
Added /etc/apt/sources.list.d/openfoam.list
Importing openfoam gpg key... done
Added /etc/apt/trusted.gpg.d/openfoam.gpg
Running apt-get update... done

The repository is setup! You can now install packages.
Hit:1 http://archive.ubuntu.com/ubuntu jammy InRelease
Hit:2 http://archive.ubuntu.com/ubuntu jammy-updates InRelease
Hit:3 http://archive.ubuntu.com/ubuntu jammy-backports InRelease
Hit:4 http://security.ubuntu.com/ubuntu jammy-security InRelease
Hit:5 https://sourceforge.net/projects/openfoam/files/repos/deb jammy InRelease
Reading package lists...
Reading package lists...
Building dependency tree...
Reading state information...
The following additional packages will be installed:
  autoconf automake autotools-dev flex gfortran gfortran-11
  libboost-atomic1.74-dev libboost-atomic1.74.0 libboost-chrono1.74-dev
  libboost-chrono1.74.0 libboost-date-time1.74-dev libboost-date-time1.74.0
  libboost-program-options-dev libboost-program-options1.74-dev
  libboost-program-options1.74.0 libboost-serialization1.74-dev
  libboost-serialization1.74.0 libboost-system-dev libboost-system1.74-dev
  libboost-system1.74.0 libboost-thread-dev libboost-thread1.74-dev
  libboost-thread1.74.0 libcgal-dev libevent-2.1-7 libevent-dev
  libevent-extra-2.1-7 libevent-openssl-2.1-7 libfftw3-bin libfftw3-dev
  libfftw3-double3 libfftw3-long3 libfftw3-quad3 libfftw3-single3 libfl-dev
  libfl2 libgdbm-compat4 libgdbm6 libgfortran-11-dev libgmp-dev libgmpxx4ldbl
  libhwloc-dev libibverbs-dev libltdl-dev libmpfr-dev libncurses-dev
  libnl-3-dev libnl-route-3-dev libnuma-dev libopenmpi-dev libperl5.34
  libpmix-dev libptscotch-6.1 libptscotch-dev libreadline-dev libscotch-6.1
  libscotch-dev libsigsegv2 m4 make mpi-default-dev openfoam2406-common
  openfoam2406-source openfoam2406-tools perl perl-modules-5.34
Suggested packages:
  autoconf-archive gnu-standards autoconf-doc libtool gettext bison
  build-essential flex-doc gfortran-multilib gfortran-doc gfortran-11-multilib
  gfortran-11-doc libcoarrays-dev libmpfi-dev libntl-dev libtbb-dev
  libfftw3-doc gdbm-l10n gmp-doc libgmp10-doc libtool-doc libmpfr-doc
  ncurses-doc openmpi-doc readline-doc m4-doc make-doc openfoam2406-tutorials
  gnuplot perl-doc libterm-readline-gnu-perl | libterm-readline-perl-perl
  libtap-harness-archive-perl
Recommended packages:
  libtool libcoarrays-openmpi-dev openfoam-selector netbase
The following NEW packages will be installed:
  autoconf automake autotools-dev flex gfortran gfortran-11
  libboost-atomic1.74-dev libboost-atomic1.74.0 libboost-chrono1.74-dev
  libboost-chrono1.74.0 libboost-date-time1.74-dev libboost-date-time1.74.0
  libboost-program-options-dev libboost-program-options1.74-dev
  libboost-program-options1.74.0 libboost-serialization1.74-dev
  libboost-serialization1.74.0 libboost-system-dev libboost-system1.74-dev
  libboost-system1.74.0 libboost-thread-dev libboost-thread1.74-dev
  libboost-thread1.74.0 libcgal-dev libevent-2.1-7 libevent-dev
  libevent-extra-2.1-7 libevent-openssl-2.1-7 libfftw3-bin libfftw3-dev
  libfftw3-double3 libfftw3-long3 libfftw3-quad3 libfftw3-single3 libfl-dev
  libfl2 libgdbm-compat4 libgdbm6 libgfortran-11-dev libgmp-dev libgmpxx4ldbl
  libhwloc-dev libibverbs-dev libltdl-dev libmpfr-dev libncurses-dev
  libnl-3-dev libnl-route-3-dev libnuma-dev libopenmpi-dev libperl5.34
  libpmix-dev libptscotch-6.1 libptscotch-dev libreadline-dev libscotch-6.1
  libscotch-dev libsigsegv2 m4 make mpi-default-dev openfoam2406
  openfoam2406-common openfoam2406-dev openfoam2406-source openfoam2406-tools
  perl perl-modules-5.34
0 upgraded, 68 newly installed, 0 to remove and 6 not upgraded.
Need to get 116 MB of archives.
After this operation, 657 MB of additional disk space will be used.
Get:1 http://archive.ubuntu.com/ubuntu jammy/main amd64 libsigsegv2 amd64 2.13-1ubuntu3 [14.6 kB]
Get:4 http://archive.ubuntu.com/ubuntu jammy/main amd64 m4 amd64 1.4.18-5ubuntu2 [199 kB]
Get:8 http://archive.ubuntu.com/ubuntu jammy/main amd64 flex amd64 2.6.4-8build2 [307 kB]
Get:9 http://archive.ubuntu.com/ubuntu jammy-updates/main amd64 perl-modules-5.34 all 5.34.0-3ubuntu1.4 [2977 kB]
Get:10 http://archive.ubuntu.com/ubuntu jammy/main amd64 libgdbm6 amd64 1.23-1 [33.9 kB]
Get:11 http://archive.ubuntu.com/ubuntu jammy/main amd64 libgdbm-compat4 amd64 1.23-1 [6606 B]
Get:12 http://archive.ubuntu.com/ubuntu jammy-updates/main amd64 libperl5.34 amd64 5.34.0-3ubuntu1.4 [4820 kB]
Get:13 http://archive.ubuntu.com/ubuntu jammy-updates/main amd64 perl amd64 5.34.0-3ubuntu1.4 [232 kB]
Get:14 http://archive.ubuntu.com/ubuntu jammy/main amd64 autoconf all 2.71-2 [338 kB]
Get:15 http://archive.ubuntu.com/ubuntu jammy/main amd64 autotools-dev all 20220109.1 [44.9 kB]
Get:16 http://archive.ubuntu.com/ubuntu jammy/main amd64 automake all 1:1.16.5-1.3 [558 kB]
Get:17 http://archive.ubuntu.com/ubuntu jammy-updates/main amd64 libgfortran-11-dev amd64 11.4.0-1ubuntu1~22.04 [842 kB]
Get:18 http://archive.ubuntu.com/ubuntu jammy-updates/main amd64 gfortran-11 amd64 11.4.0-1ubuntu1~22.04 [11.2 MB]
Get:19 http://archive.ubuntu.com/ubuntu jammy/main amd64 gfortran amd64 4:11.2.0-1ubuntu1 [1182 B]
Get:20 http://archive.ubuntu.com/ubuntu jammy/main amd64 libboost-atomic1.74.0 amd64 1.74.0-14ubuntu3 [224 kB]
Get:21 http://archive.ubuntu.com/ubuntu jammy/main amd64 libboost-atomic1.74-dev amd64 1.74.0-14ubuntu3 [221 kB]
Get:22 http://archive.ubuntu.com/ubuntu jammy/main amd64 libboost-chrono1.74.0 amd64 1.74.0-14ubuntu3 [232 kB]
Get:23 http://archive.ubuntu.com/ubuntu jammy/main amd64 libboost-chrono1.74-dev amd64 1.74.0-14ubuntu3 [239 kB]
Get:24 http://archive.ubuntu.com/ubuntu jammy/main amd64 libboost-date-time1.74.0 amd64 1.74.0-14ubuntu3 [221 kB]
Get:25 http://archive.ubuntu.com/ubuntu jammy/main amd64 libboost-serialization1.74.0 amd64 1.74.0-14ubuntu3 [327 kB]
Get:26 http://archive.ubuntu.com/ubuntu jammy/main amd64 libboost-serialization1.74-dev amd64 1.74.0-14ubuntu3 [375 kB]
Get:27 http://archive.ubuntu.com/ubuntu jammy/main amd64 libboost-date-time1.74-dev amd64 1.74.0-14ubuntu3 [226 kB]
Get:28 http://archive.ubuntu.com/ubuntu jammy/main amd64 libboost-program-options1.74.0 amd64 1.74.0-14ubuntu3 [311 kB]
Get:29 http://archive.ubuntu.com/ubuntu jammy/main amd64 libboost-program-options1.74-dev amd64 1.74.0-14ubuntu3 [380 kB]
Get:30 http://archive.ubuntu.com/ubuntu jammy/main amd64 libboost-program-options-dev amd64 1.74.0.3ubuntu7 [3266 B]
Get:31 http://archive.ubuntu.com/ubuntu jammy/main amd64 libboost-system1.74.0 amd64 1.74.0-14ubuntu3 [221 kB]
Get:32 http://archive.ubuntu.com/ubuntu jammy/main amd64 libboost-system1.74-dev amd64 1.74.0-14ubuntu3 [218 kB]
Get:33 http://archive.ubuntu.com/ubuntu jammy/main amd64 libboost-system-dev amd64 1.74.0.3ubuntu7 [3390 B]
Get:34 http://archive.ubuntu.com/ubuntu jammy/main amd64 libboost-thread1.74.0 amd64 1.74.0-14ubuntu3 [262 kB]
Get:35 http://archive.ubuntu.com/ubuntu jammy/main amd64 libboost-thread1.74-dev amd64 1.74.0-14ubuntu3 [272 kB]
Get:36 http://archive.ubuntu.com/ubuntu jammy/main amd64 libboost-thread-dev amd64 1.74.0.3ubuntu7 [3266 B]
Get:37 http://archive.ubuntu.com/ubuntu jammy/main amd64 libgmpxx4ldbl amd64 2:6.2.1+dfsg-3ubuntu1 [9580 B]
Get:38 http://archive.ubuntu.com/ubuntu jammy/main amd64 libgmp-dev amd64 2:6.2.1+dfsg-3ubuntu1 [337 kB]
Get:39 http://archive.ubuntu.com/ubuntu jammy/main amd64 libmpfr-dev amd64 4.1.0-3build3 [271 kB]
Get:40 http://archive.ubuntu.com/ubuntu jammy/universe amd64 libcgal-dev amd64 5.4-1 [4784 kB]
Get:41 http://archive.ubuntu.com/ubuntu jammy/main amd64 libevent-2.1-7 amd64 2.1.12-stable-1build3 [148 kB]
Get:42 http://archive.ubuntu.com/ubuntu jammy/main amd64 libevent-extra-2.1-7 amd64 2.1.12-stable-1build3 [65.4 kB]
Get:43 http://archive.ubuntu.com/ubuntu jammy/main amd64 libevent-openssl-2.1-7 amd64 2.1.12-stable-1build3 [15.8 kB]
Get:44 http://archive.ubuntu.com/ubuntu jammy/main amd64 libevent-dev amd64 2.1.12-stable-1build3 [278 kB]
Get:45 http://archive.ubuntu.com/ubuntu jammy/main amd64 libfftw3-double3 amd64 3.3.8-2ubuntu8 [770 kB]
Get:46 http://archive.ubuntu.com/ubuntu jammy/main amd64 libfftw3-long3 amd64 3.3.8-2ubuntu8 [335 kB]
Get:47 http://archive.ubuntu.com/ubuntu jammy/main amd64 libfftw3-quad3 amd64 3.3.8-2ubuntu8 [614 kB]
Get:48 http://archive.ubuntu.com/ubuntu jammy/main amd64 libfftw3-single3 amd64 3.3.8-2ubuntu8 [800 kB]
Get:49 http://archive.ubuntu.com/ubuntu jammy/main amd64 libfftw3-bin amd64 3.3.8-2ubuntu8 [35.5 kB]
Get:50 http://archive.ubuntu.com/ubuntu jammy/main amd64 libfftw3-dev amd64 3.3.8-2ubuntu8 [2101 kB]
Get:51 http://archive.ubuntu.com/ubuntu jammy/main amd64 libfl2 amd64 2.6.4-8build2 [10.7 kB]
Get:52 http://archive.ubuntu.com/ubuntu jammy/main amd64 libfl-dev amd64 2.6.4-8build2 [6236 B]
Get:53 http://archive.ubuntu.com/ubuntu jammy/main amd64 libltdl-dev amd64 2.4.6-15build2 [169 kB]
Get:54 http://archive.ubuntu.com/ubuntu jammy-updates/main amd64 libncurses-dev amd64 6.3-2ubuntu0.1 [381 kB]
Get:55 http://archive.ubuntu.com/ubuntu jammy/main amd64 libnl-3-dev amd64 3.5.0-0.1 [101 kB]
Get:56 http://archive.ubuntu.com/ubuntu jammy/main amd64 libnl-route-3-dev amd64 3.5.0-0.1 [202 kB]
Get:57 http://archive.ubuntu.com/ubuntu jammy/main amd64 libnuma-dev amd64 2.0.14-3ubuntu2 [35.9 kB]
Get:58 http://archive.ubuntu.com/ubuntu jammy-updates/universe amd64 libhwloc-dev amd64 2.7.0-2ubuntu1 [256 kB]
Get:59 http://archive.ubuntu.com/ubuntu jammy/universe amd64 libpmix-dev amd64 4.1.2-2ubuntu1 [805 kB]
Get:60 http://archive.ubuntu.com/ubuntu jammy/universe amd64 libptscotch-6.1 amd64 6.1.3-1 [702 kB]
Get:61 http://archive.ubuntu.com/ubuntu jammy/main amd64 libreadline-dev amd64 8.1.2-1 [166 kB]
Get:62 http://archive.ubuntu.com/ubuntu jammy/universe amd64 libscotch-6.1 amd64 6.1.3-1 [422 kB]
Get:63 http://archive.ubuntu.com/ubuntu jammy/main amd64 make amd64 4.3-4.1build1 [180 kB]
Get:64 http://archive.ubuntu.com/ubuntu jammy/main amd64 libibverbs-dev amd64 39.0-1 [628 kB]
Get:65 http://archive.ubuntu.com/ubuntu jammy/universe amd64 libopenmpi-dev amd64 4.1.2-2ubuntu1 [867 kB]
Get:66 http://archive.ubuntu.com/ubuntu jammy/universe amd64 mpi-default-dev amd64 1.14 [3698 B]
Get:67 http://archive.ubuntu.com/ubuntu jammy/universe amd64 libscotch-dev amd64 6.1.3-1 [1450 kB]
Get:68 http://archive.ubuntu.com/ubuntu jammy/universe amd64 libptscotch-dev amd64 6.1.3-1 [1271 kB]
Get:2 https://sourceforge.net/projects/openfoam/files/repos/deb jammy/main amd64 openfoam2406-common all 2406.241212-3 [1290 kB]
Get:5 https://sourceforge.net/projects/openfoam/files/repos/deb jammy/main amd64 openfoam2406-tools amd64 2406.241212-3 [53.0 kB]
Get:6 https://sourceforge.net/projects/openfoam/files/repos/deb jammy/main amd64 openfoam2406-source all 2406.241212-3 [7315 kB]
Get:3 https://sourceforge.net/projects/openfoam/files/repos/deb jammy/main amd64 openfoam2406 amd64 2406.241212-3 [63.5 MB]
Get:7 https://sourceforge.net/projects/openfoam/files/repos/deb jammy/main amd64 openfoam2406-dev amd64 2406.241212-3 [9872 B]
Fetched 116 MB in 9s (13.4 MB/s)
Selecting previously unselected package libsigsegv2:amd64.
(Reading database ... (Reading database ... 5%(Reading database ... 10%(Reading database ... 15%(Reading database ... 20%(Reading database ... 25%(Reading database ... 30%(Reading database ... 35%(Reading database ... 40%(Reading database ... 45%(Reading database ... 50%(Reading database ... 55%(Reading database ... 60%(Reading database ... 65%(Reading database ... 70%(Reading database ... 75%(Reading database ... 80%(Reading database ... 85%(Reading database ... 90%(Reading database ... 95%(Reading database ... 100%(Reading database ... 43668 files and directories currently installed.)
Preparing to unpack .../00-libsigsegv2_2.13-1ubuntu3_amd64.deb ...
Unpacking libsigsegv2:amd64 (2.13-1ubuntu3) ...
Selecting previously unselected package m4.
Preparing to unpack .../01-m4_1.4.18-5ubuntu2_amd64.deb ...
Unpacking m4 (1.4.18-5ubuntu2) ...
Selecting previously unselected package flex.
Preparing to unpack .../02-flex_2.6.4-8build2_amd64.deb ...
Unpacking flex (2.6.4-8build2) ...
Selecting previously unselected package perl-modules-5.34.
Preparing to unpack .../03-perl-modules-5.34_5.34.0-3ubuntu1.4_all.deb ...
Unpacking perl-modules-5.34 (5.34.0-3ubuntu1.4) ...
Selecting previously unselected package libgdbm6:amd64.
Preparing to unpack .../04-libgdbm6_1.23-1_amd64.deb ...
Unpacking libgdbm6:amd64 (1.23-1) ...
Selecting previously unselected package libgdbm-compat4:amd64.
Preparing to unpack .../05-libgdbm-compat4_1.23-1_amd64.deb ...
Unpacking libgdbm-compat4:amd64 (1.23-1) ...
Selecting previously unselected package libperl5.34:amd64.
Preparing to unpack .../06-libperl5.34_5.34.0-3ubuntu1.4_amd64.deb ...
Unpacking libperl5.34:amd64 (5.34.0-3ubuntu1.4) ...
Selecting previously unselected package perl.
Preparing to unpack .../07-perl_5.34.0-3ubuntu1.4_amd64.deb ...
Unpacking perl (5.34.0-3ubuntu1.4) ...
Selecting previously unselected package autoconf.
Preparing to unpack .../08-autoconf_2.71-2_all.deb ...
Unpacking autoconf (2.71-2) ...
Selecting previously unselected package autotools-dev.
Preparing to unpack .../09-autotools-dev_20220109.1_all.deb ...
Unpacking autotools-dev (20220109.1) ...
Selecting previously unselected package automake.
Preparing to unpack .../10-automake_1%3a1.16.5-1.3_all.deb ...
Unpacking automake (1:1.16.5-1.3) ...
Selecting previously unselected package libgfortran-11-dev:amd64.
Preparing to unpack .../11-libgfortran-11-dev_11.4.0-1ubuntu1~22.04_amd64.deb ...
Unpacking libgfortran-11-dev:amd64 (11.4.0-1ubuntu1~22.04) ...
Selecting previously unselected package gfortran-11.
Preparing to unpack .../12-gfortran-11_11.4.0-1ubuntu1~22.04_amd64.deb ...
Unpacking gfortran-11 (11.4.0-1ubuntu1~22.04) ...
Selecting previously unselected package gfortran.
Preparing to unpack .../13-gfortran_4%3a11.2.0-1ubuntu1_amd64.deb ...
Unpacking gfortran (4:11.2.0-1ubuntu1) ...
Selecting previously unselected package libboost-atomic1.74.0:amd64.
Preparing to unpack .../14-libboost-atomic1.74.0_1.74.0-14ubuntu3_amd64.deb ...
Unpacking libboost-atomic1.74.0:amd64 (1.74.0-14ubuntu3) ...
Selecting previously unselected package libboost-atomic1.74-dev:amd64.
Preparing to unpack .../15-libboost-atomic1.74-dev_1.74.0-14ubuntu3_amd64.deb ...
Unpacking libboost-atomic1.74-dev:amd64 (1.74.0-14ubuntu3) ...
Selecting previously unselected package libboost-chrono1.74.0:amd64.
Preparing to unpack .../16-libboost-chrono1.74.0_1.74.0-14ubuntu3_amd64.deb ...
Unpacking libboost-chrono1.74.0:amd64 (1.74.0-14ubuntu3) ...
Selecting previously unselected package libboost-chrono1.74-dev:amd64.
Preparing to unpack .../17-libboost-chrono1.74-dev_1.74.0-14ubuntu3_amd64.deb ...
Unpacking libboost-chrono1.74-dev:amd64 (1.74.0-14ubuntu3) ...
Selecting previously unselected package libboost-date-time1.74.0:amd64.
Preparing to unpack .../18-libboost-date-time1.74.0_1.74.0-14ubuntu3_amd64.deb ...
Unpacking libboost-date-time1.74.0:amd64 (1.74.0-14ubuntu3) ...
Selecting previously unselected package libboost-serialization1.74.0:amd64.
Preparing to unpack .../19-libboost-serialization1.74.0_1.74.0-14ubuntu3_amd64.deb ...
Unpacking libboost-serialization1.74.0:amd64 (1.74.0-14ubuntu3) ...
Selecting previously unselected package libboost-serialization1.74-dev:amd64.
Preparing to unpack .../20-libboost-serialization1.74-dev_1.74.0-14ubuntu3_amd64.deb ...
Unpacking libboost-serialization1.74-dev:amd64 (1.74.0-14ubuntu3) ...
Selecting previously unselected package libboost-date-time1.74-dev:amd64.
Preparing to unpack .../21-libboost-date-time1.74-dev_1.74.0-14ubuntu3_amd64.deb ...
Unpacking libboost-date-time1.74-dev:amd64 (1.74.0-14ubuntu3) ...
Selecting previously unselected package libboost-program-options1.74.0:amd64.
Preparing to unpack .../22-libboost-program-options1.74.0_1.74.0-14ubuntu3_amd64.deb ...
Unpacking libboost-program-options1.74.0:amd64 (1.74.0-14ubuntu3) ...
Selecting previously unselected package libboost-program-options1.74-dev:amd64.
Preparing to unpack .../23-libboost-program-options1.74-dev_1.74.0-14ubuntu3_amd64.deb ...
Unpacking libboost-program-options1.74-dev:amd64 (1.74.0-14ubuntu3) ...
Selecting previously unselected package libboost-program-options-dev:amd64.
Preparing to unpack .../24-libboost-program-options-dev_1.74.0.3ubuntu7_amd64.deb ...
Unpacking libboost-program-options-dev:amd64 (1.74.0.3ubuntu7) ...
Selecting previously unselected package libboost-system1.74.0:amd64.
Preparing to unpack .../25-libboost-system1.74.0_1.74.0-14ubuntu3_amd64.deb ...
Unpacking libboost-system1.74.0:amd64 (1.74.0-14ubuntu3) ...
Selecting previously unselected package libboost-system1.74-dev:amd64.
Preparing to unpack .../26-libboost-system1.74-dev_1.74.0-14ubuntu3_amd64.deb ...
Unpacking libboost-system1.74-dev:amd64 (1.74.0-14ubuntu3) ...
Selecting previously unselected package libboost-system-dev:amd64.
Preparing to unpack .../27-libboost-system-dev_1.74.0.3ubuntu7_amd64.deb ...
Unpacking libboost-system-dev:amd64 (1.74.0.3ubuntu7) ...
Selecting previously unselected package libboost-thread1.74.0:amd64.
Preparing to unpack .../28-libboost-thread1.74.0_1.74.0-14ubuntu3_amd64.deb ...
Unpacking libboost-thread1.74.0:amd64 (1.74.0-14ubuntu3) ...
Selecting previously unselected package libboost-thread1.74-dev:amd64.
Preparing to unpack .../29-libboost-thread1.74-dev_1.74.0-14ubuntu3_amd64.deb ...
Unpacking libboost-thread1.74-dev:amd64 (1.74.0-14ubuntu3) ...
Selecting previously unselected package libboost-thread-dev:amd64.
Preparing to unpack .../30-libboost-thread-dev_1.74.0.3ubuntu7_amd64.deb ...
Unpacking libboost-thread-dev:amd64 (1.74.0.3ubuntu7) ...
Selecting previously unselected package libgmpxx4ldbl:amd64.
Preparing to unpack .../31-libgmpxx4ldbl_2%3a6.2.1+dfsg-3ubuntu1_amd64.deb ...
Unpacking libgmpxx4ldbl:amd64 (2:6.2.1+dfsg-3ubuntu1) ...
Selecting previously unselected package libgmp-dev:amd64.
Preparing to unpack .../32-libgmp-dev_2%3a6.2.1+dfsg-3ubuntu1_amd64.deb ...
Unpacking libgmp-dev:amd64 (2:6.2.1+dfsg-3ubuntu1) ...
Selecting previously unselected package libmpfr-dev:amd64.
Preparing to unpack .../33-libmpfr-dev_4.1.0-3build3_amd64.deb ...
Unpacking libmpfr-dev:amd64 (4.1.0-3build3) ...
Selecting previously unselected package libcgal-dev:amd64.
Preparing to unpack .../34-libcgal-dev_5.4-1_amd64.deb ...
Unpacking libcgal-dev:amd64 (5.4-1) ...
Selecting previously unselected package libevent-2.1-7:amd64.
Preparing to unpack .../35-libevent-2.1-7_2.1.12-stable-1build3_amd64.deb ...
Unpacking libevent-2.1-7:amd64 (2.1.12-stable-1build3) ...
Selecting previously unselected package libevent-extra-2.1-7:amd64.
Preparing to unpack .../36-libevent-extra-2.1-7_2.1.12-stable-1build3_amd64.deb ...
Unpacking libevent-extra-2.1-7:amd64 (2.1.12-stable-1build3) ...
Selecting previously unselected package libevent-openssl-2.1-7:amd64.
Preparing to unpack .../37-libevent-openssl-2.1-7_2.1.12-stable-1build3_amd64.deb ...
Unpacking libevent-openssl-2.1-7:amd64 (2.1.12-stable-1build3) ...
Selecting previously unselected package libevent-dev.
Preparing to unpack .../38-libevent-dev_2.1.12-stable-1build3_amd64.deb ...
Unpacking libevent-dev (2.1.12-stable-1build3) ...
Selecting previously unselected package libfftw3-double3:amd64.
Preparing to unpack .../39-libfftw3-double3_3.3.8-2ubuntu8_amd64.deb ...
Unpacking libfftw3-double3:amd64 (3.3.8-2ubuntu8) ...
Selecting previously unselected package libfftw3-long3:amd64.
Preparing to unpack .../40-libfftw3-long3_3.3.8-2ubuntu8_amd64.deb ...
Unpacking libfftw3-long3:amd64 (3.3.8-2ubuntu8) ...
Selecting previously unselected package libfftw3-quad3:amd64.
Preparing to unpack .../41-libfftw3-quad3_3.3.8-2ubuntu8_amd64.deb ...
Unpacking libfftw3-quad3:amd64 (3.3.8-2ubuntu8) ...
Selecting previously unselected package libfftw3-single3:amd64.
Preparing to unpack .../42-libfftw3-single3_3.3.8-2ubuntu8_amd64.deb ...
Unpacking libfftw3-single3:amd64 (3.3.8-2ubuntu8) ...
Selecting previously unselected package libfftw3-bin.
Preparing to unpack .../43-libfftw3-bin_3.3.8-2ubuntu8_amd64.deb ...
Unpacking libfftw3-bin (3.3.8-2ubuntu8) ...
Selecting previously unselected package libfftw3-dev:amd64.
Preparing to unpack .../44-libfftw3-dev_3.3.8-2ubuntu8_amd64.deb ...
Unpacking libfftw3-dev:amd64 (3.3.8-2ubuntu8) ...
Selecting previously unselected package libfl2:amd64.
Preparing to unpack .../45-libfl2_2.6.4-8build2_amd64.deb ...
Unpacking libfl2:amd64 (2.6.4-8build2) ...
Selecting previously unselected package libfl-dev:amd64.
Preparing to unpack .../46-libfl-dev_2.6.4-8build2_amd64.deb ...
Unpacking libfl-dev:amd64 (2.6.4-8build2) ...
Selecting previously unselected package libltdl-dev:amd64.
Preparing to unpack .../47-libltdl-dev_2.4.6-15build2_amd64.deb ...
Unpacking libltdl-dev:amd64 (2.4.6-15build2) ...
Selecting previously unselected package libncurses-dev:amd64.
Preparing to unpack .../48-libncurses-dev_6.3-2ubuntu0.1_amd64.deb ...
Unpacking libncurses-dev:amd64 (6.3-2ubuntu0.1) ...
Selecting previously unselected package libnl-3-dev:amd64.
Preparing to unpack .../49-libnl-3-dev_3.5.0-0.1_amd64.deb ...
Unpacking libnl-3-dev:amd64 (3.5.0-0.1) ...
Selecting previously unselected package libnl-route-3-dev:amd64.
Preparing to unpack .../50-libnl-route-3-dev_3.5.0-0.1_amd64.deb ...
Unpacking libnl-route-3-dev:amd64 (3.5.0-0.1) ...
Selecting previously unselected package libnuma-dev:amd64.
Preparing to unpack .../51-libnuma-dev_2.0.14-3ubuntu2_amd64.deb ...
Unpacking libnuma-dev:amd64 (2.0.14-3ubuntu2) ...
Selecting previously unselected package libhwloc-dev:amd64.
Preparing to unpack .../52-libhwloc-dev_2.7.0-2ubuntu1_amd64.deb ...
Unpacking libhwloc-dev:amd64 (2.7.0-2ubuntu1) ...
Selecting previously unselected package libpmix-dev:amd64.
Preparing to unpack .../53-libpmix-dev_4.1.2-2ubuntu1_amd64.deb ...
Unpacking libpmix-dev:amd64 (4.1.2-2ubuntu1) ...
Selecting previously unselected package libptscotch-6.1:amd64.
Preparing to unpack .../54-libptscotch-6.1_6.1.3-1_amd64.deb ...
Unpacking libptscotch-6.1:amd64 (6.1.3-1) ...
Selecting previously unselected package libreadline-dev:amd64.
Preparing to unpack .../55-libreadline-dev_8.1.2-1_amd64.deb ...
Unpacking libreadline-dev:amd64 (8.1.2-1) ...
Selecting previously unselected package libscotch-6.1:amd64.
Preparing to unpack .../56-libscotch-6.1_6.1.3-1_amd64.deb ...
Unpacking libscotch-6.1:amd64 (6.1.3-1) ...
Selecting previously unselected package make.
Preparing to unpack .../57-make_4.3-4.1build1_amd64.deb ...
Unpacking make (4.3-4.1build1) ...
Selecting previously unselected package openfoam2406-common.
Preparing to unpack .../58-openfoam2406-common_2406.241212-3_all.deb ...
Unpacking openfoam2406-common (2406.241212-3) ...
Selecting previously unselected package openfoam2406:amd64.
Preparing to unpack .../59-openfoam2406_2406.241212-3_amd64.deb ...
Unpacking openfoam2406:amd64 (2406.241212-3) ...
Selecting previously unselected package openfoam2406-tools:amd64.
Preparing to unpack .../60-openfoam2406-tools_2406.241212-3_amd64.deb ...
Unpacking openfoam2406-tools:amd64 (2406.241212-3) ...
Selecting previously unselected package openfoam2406-source.
Preparing to unpack .../61-openfoam2406-source_2406.241212-3_all.deb ...
Unpacking openfoam2406-source (2406.241212-3) ...
Selecting previously unselected package libibverbs-dev:amd64.
Preparing to unpack .../62-libibverbs-dev_39.0-1_amd64.deb ...
Unpacking libibverbs-dev:amd64 (39.0-1) ...
Selecting previously unselected package libopenmpi-dev:amd64.
Preparing to unpack .../63-libopenmpi-dev_4.1.2-2ubuntu1_amd64.deb ...
Unpacking libopenmpi-dev:amd64 (4.1.2-2ubuntu1) ...
Selecting previously unselected package mpi-default-dev.
Preparing to unpack .../64-mpi-default-dev_1.14_amd64.deb ...
Unpacking mpi-default-dev (1.14) ...
Selecting previously unselected package libscotch-dev.
Preparing to unpack .../65-libscotch-dev_6.1.3-1_amd64.deb ...
Unpacking libscotch-dev (6.1.3-1) ...
Selecting previously unselected package libptscotch-dev.
Preparing to unpack .../66-libptscotch-dev_6.1.3-1_amd64.deb ...
Unpacking libptscotch-dev (6.1.3-1) ...
Selecting previously unselected package openfoam2406-dev:amd64.
Preparing to unpack .../67-openfoam2406-dev_2406.241212-3_amd64.deb ...
Unpacking openfoam2406-dev:amd64 (2406.241212-3) ...
Setting up libboost-chrono1.74.0:amd64 (1.74.0-14ubuntu3) ...
Setting up libboost-system1.74.0:amd64 (1.74.0-14ubuntu3) ...
Setting up libevent-extra-2.1-7:amd64 (2.1.12-stable-1build3) ...
Setting up libncurses-dev:amd64 (6.3-2ubuntu0.1) ...
Setting up libfftw3-single3:amd64 (3.3.8-2ubuntu8) ...
Setting up libboost-atomic1.74.0:amd64 (1.74.0-14ubuntu3) ...
Setting up libgfortran-11-dev:amd64 (11.4.0-1ubuntu1~22.04) ...
Setting up libboost-program-options1.74.0:amd64 (1.74.0-14ubuntu3) ...
Setting up libboost-chrono1.74-dev:amd64 (1.74.0-14ubuntu3) ...
Setting up libptscotch-6.1:amd64 (6.1.3-1) ...
Setting up libevent-openssl-2.1-7:amd64 (2.1.12-stable-1build3) ...
Setting up libfftw3-long3:amd64 (3.3.8-2ubuntu8) ...
Setting up libreadline-dev:amd64 (8.1.2-1) ...
Setting up perl-modules-5.34 (5.34.0-3ubuntu1.4) ...
Setting up libboost-program-options1.74-dev:amd64 (1.74.0-14ubuntu3) ...
Setting up libnuma-dev:amd64 (2.0.14-3ubuntu2) ...
Setting up openfoam2406-source (2406.241212-3) ...
Setting up autotools-dev (20220109.1) ...
Setting up libgmpxx4ldbl:amd64 (2:6.2.1+dfsg-3ubuntu1) ...
Setting up libboost-program-options-dev:amd64 (1.74.0.3ubuntu7) ...
Setting up make (4.3-4.1build1) ...
Setting up libboost-system1.74-dev:amd64 (1.74.0-14ubuntu3) ...
Setting up libsigsegv2:amd64 (2.13-1ubuntu3) ...
Setting up libfftw3-quad3:amd64 (3.3.8-2ubuntu8) ...
Setting up libevent-2.1-7:amd64 (2.1.12-stable-1build3) ...
Setting up libfl2:amd64 (2.6.4-8build2) ...
Setting up libfftw3-double3:amd64 (3.3.8-2ubuntu8) ...
Setting up gfortran-11 (11.4.0-1ubuntu1~22.04) ...
Setting up libboost-atomic1.74-dev:amd64 (1.74.0-14ubuntu3) ...
Setting up libboost-serialization1.74.0:amd64 (1.74.0-14ubuntu3) ...
Setting up libnl-3-dev:amd64 (3.5.0-0.1) ...
Setting up libboost-date-time1.74.0:amd64 (1.74.0-14ubuntu3) ...
Setting up libscotch-6.1:amd64 (6.1.3-1) ...
Setting up libgdbm6:amd64 (1.23-1) ...
Setting up libboost-thread1.74.0:amd64 (1.74.0-14ubuntu3) ...
Setting up openfoam2406-common (2406.241212-3) ...
Setting up openfoam2406:amd64 (2406.241212-3) ...
Update installation directory for openfoam2406
Configuring OpenFOAM (/usr/lib/openfoam/openfoam2406)
    Replaced WM_PROJECT_DIR by '"/usr/lib/openfoam/openfoam2406"'  (etc/bashrc)
    Replaced WM_PROJECT_DIR by '"/usr/lib/openfoam/openfoam2406"'  (etc/cshrc)
    Remove automatic projectDir setting (etc/bashrc)
    Remove automatic projectDir setting (etc/cshrc)
Did not register 'openfoam2406' [openfoam-selector missing]
**
** Different ways to setup OpenFOAM (www.openfoam.com)
** - shell session:                 /usr/bin/openfoam2406
** - select for login shell:        [openfoam-selector missing]
** - source from ~/.bashrc file:  . /usr/lib/openfoam/openfoam2406/etc/bashrc
**
** Upgrade information: www.openfoam.com/documentation/
**
Setting up libgmp-dev:amd64 (2:6.2.1+dfsg-3ubuntu1) ...
Setting up libfftw3-bin (3.3.8-2ubuntu8) ...
Setting up openfoam2406-tools:amd64 (2406.241212-3) ...
Setting up libboost-system-dev:amd64 (1.74.0.3ubuntu7) ...
Setting up m4 (1.4.18-5ubuntu2) ...
Setting up libmpfr-dev:amd64 (4.1.0-3build3) ...
Setting up gfortran (4:11.2.0-1ubuntu1) ...
update-alternatives: using /usr/bin/gfortran to provide /usr/bin/f95 (f95) in auto mode
update-alternatives: warning: skip creation of /usr/share/man/man1/f95.1.gz because associated file /usr/share/man/man1/gfortran.1.gz (of link group f95) doesn't exist
update-alternatives: using /usr/bin/gfortran to provide /usr/bin/f77 (f77) in auto mode
update-alternatives: warning: skip creation of /usr/share/man/man1/f77.1.gz because associated file /usr/share/man/man1/gfortran.1.gz (of link group f77) doesn't exist
Setting up libnl-route-3-dev:amd64 (3.5.0-0.1) ...
Setting up libevent-dev (2.1.12-stable-1build3) ...
Setting up libgdbm-compat4:amd64 (1.23-1) ...
Setting up libboost-serialization1.74-dev:amd64 (1.74.0-14ubuntu3) ...
Setting up libfftw3-dev:amd64 (3.3.8-2ubuntu8) ...
Setting up libperl5.34:amd64 (5.34.0-3ubuntu1.4) ...
Setting up flex (2.6.4-8build2) ...
Setting up libibverbs-dev:amd64 (39.0-1) ...
Setting up libfl-dev:amd64 (2.6.4-8build2) ...
Setting up libboost-date-time1.74-dev:amd64 (1.74.0-14ubuntu3) ...
Setting up perl (5.34.0-3ubuntu1.4) ...
Setting up autoconf (2.71-2) ...
Setting up libboost-thread1.74-dev:amd64 (1.74.0-14ubuntu3) ...
Setting up libboost-thread-dev:amd64 (1.74.0.3ubuntu7) ...
Setting up automake (1:1.16.5-1.3) ...
update-alternatives: using /usr/bin/automake-1.16 to provide /usr/bin/automake (automake) in auto mode
update-alternatives: warning: skip creation of /usr/share/man/man1/automake.1.gz because associated file /usr/share/man/man1/automake-1.16.1.gz (of link group automake) doesn't exist
update-alternatives: warning: skip creation of /usr/share/man/man1/aclocal.1.gz because associated file /usr/share/man/man1/aclocal-1.16.1.gz (of link group automake) doesn't exist
Setting up libcgal-dev:amd64 (5.4-1) ...
Setting up libltdl-dev:amd64 (2.4.6-15build2) ...
Setting up libhwloc-dev:amd64 (2.7.0-2ubuntu1) ...
Setting up libpmix-dev:amd64 (4.1.2-2ubuntu1) ...
Setting up libopenmpi-dev:amd64 (4.1.2-2ubuntu1) ...
update-alternatives: using /usr/lib/x86_64-linux-gnu/openmpi/include to provide /usr/include/x86_64-linux-gnu/mpi (mpi-x86_64-linux-gnu) in auto mode
Setting up mpi-default-dev (1.14) ...
Setting up libscotch-dev (6.1.3-1) ...
Setting up libptscotch-dev (6.1.3-1) ...
Setting up openfoam2406-dev:amd64 (2406.241212-3) ...
Processing triggers for libc-bin (2.35-0ubuntu3.10) ...
🔹 Cleaning up APT cache...
🔹 Finalizing permissions...
