# Force coefficients
# dragDir     : (1.000000e+00 0.000000e+00 0.000000e+00)
# sideDir     : (0.000000e+00 0.000000e+00 -1.000000e+00)
# liftDir     : (0.000000e+00 1.000000e+00 0.000000e+00)
# rollAxis    : (1.000000e+00 0.000000e+00 0.000000e+00)
# pitchAxis   : (0.000000e+00 0.000000e+00 -1.000000e+00)
# yawAxis     : (0.000000e+00 1.000000e+00 0.000000e+00)
# magUInf     : 3.000000e+01
# lRef        : 1.000000e+00
# Aref        : 2.000000e+00
# CofR        : (0.000000e+00 0.000000e+00 0.000000e+00)
#
# Time        	Cd            	Cs            	Cl            	CmRoll        	CmPitch       	CmYaw         	Cd(f)         	Cd(r)         	Cs(f)         	Cs(r)         	Cl(f)         	Cl(r)         
0.001         	1.655676e+02	6.331704e+01	8.949078e-04	-3.657472e-04	-1.988369e-03	2.423716e+02	8.278343e+01	8.278416e+01	2.740301e+02	-2.107131e+02	-1.540915e-03	2.435823e-03
0.002         	1.694440e+02	6.843146e+01	1.094824e-03	-5.454940e-04	-2.582880e-03	2.510365e+02	8.472146e+01	8.472255e+01	2.852523e+02	-2.168208e+02	-2.035468e-03	3.130292e-03
0.003         	6.909217e+01	3.507500e+01	5.974879e-04	-2.431810e-04	-1.415058e-03	1.106854e+02	3.454584e+01	3.454633e+01	1.282229e+02	-9.314792e+01	-1.116314e-03	1.713802e-03
0.004         	-4.497165e+01	-4.788373e+00	-1.411945e-04	2.228903e-04	3.711482e-04	-4.901903e+01	-2.248560e+01	-2.248605e+01	-5.141322e+01	4.662484e+01	3.005510e-04	-4.417455e-04
0.005         	-9.651262e+01	-2.513905e+01	-5.421168e-04	3.868621e-04	1.353759e-03	-1.244617e+02	-4.825592e+01	-4.825670e+01	-1.370312e+02	1.118922e+02	1.082700e-03	-1.624817e-03
0.006         	-7.451745e+01	-1.991767e+01	-5.063064e-04	3.077366e-04	1.242695e-03	-9.651603e+01	-3.725842e+01	-3.725903e+01	-1.064749e+02	8.655720e+01	9.895414e-04	-1.495848e-03
0.007         	-1.590118e+01	-1.895991e-01	-1.750083e-04	1.014519e-04	4.021544e-04	-1.427194e+01	-7.950490e+00	-7.950693e+00	-1.436674e+01	1.417714e+01	3.146502e-04	-4.896585e-04
0.008         	3.353592e+01	1.787967e+01	1.623496e-04	-1.072329e-04	-4.029003e-04	5.680019e+01	1.676785e+01	1.676807e+01	6.574003e+01	-4.786036e+01	-3.217255e-04	4.840751e-04
0.009         	4.793553e+01	2.409801e+01	3.001587e-04	-1.735902e-04	-7.828124e-04	7.811546e+01	2.396759e+01	2.396794e+01	9.016446e+01	-6.606646e+01	-6.327330e-04	9.328917e-04
0.01          	3.036837e+01	1.848886e+01	2.226732e-04	-1.209263e-04	-6.016951e-04	5.278164e+01	1.518406e+01	1.518430e+01	6.202607e+01	-4.353721e+01	-4.903585e-04	7.130316e-04
0.011         	1.375229e+00	8.089288e+00	3.483124e-05	-1.491216e-05	-1.205472e-04	1.043733e+01	6.875994e-01	6.876292e-01	1.448198e+01	-6.392688e+00	-1.031316e-04	1.379628e-04
0.012         	-1.852123e+01	5.270998e-01	-1.167444e-04	7.468390e-05	2.779346e-04	-1.861954e+01	-9.260540e+00	-9.260689e+00	-1.835599e+01	1.888309e+01	2.195624e-04	-3.363068e-04
0.013         	-2.065063e+01	-6.138082e-01	-1.521095e-04	9.754288e-05	3.808750e-04	-2.141923e+01	-1.032522e+01	-1.032541e+01	-2.172614e+01	2.111233e+01	3.048202e-04	-4.569297e-04
0.014         	-9.460830e+00	3.335425e+00	-8.636665e-05	5.821532e-05	2.135616e-04	-4.516375e+00	-4.730357e+00	-4.730473e+00	-2.848663e+00	6.184088e+00	1.703782e-04	-2.567449e-04
0.015         	4.276533e+00	8.460708e+00	1.322513e-05	-7.882051e-06	-4.330079e-05	1.596916e+01	2.138258e+00	2.138274e+00	2.019952e+01	-1.173881e+01	-3.668822e-05	4.991336e-05
0.016         	1.170023e+01	1.136198e+01	7.709625e-05	-5.230299e-05	-2.170277e-04	2.677033e+01	5.850064e+00	5.850168e+00	3.245132e+01	-2.108934e+01	-1.784796e-04	2.555758e-04
0.017         	1.044986e+01	1.101073e+01	7.499855e-05	-5.581424e-05	-2.181268e-04	2.448400e+01	5.224872e+00	5.224984e+00	2.998937e+01	-1.897863e+01	-1.806275e-04	2.556261e-04
0.018         	3.994289e+00	8.629391e+00	2.641030e-05	-2.826379e-05	-9.583781e-05	1.452904e+01	1.997116e+00	1.997173e+00	1.884374e+01	-1.021435e+01	-8.263266e-05	1.090430e-04
0.019         	-2.249453e+00	6.255042e+00	-2.648083e-05	6.407985e-06	4.211495e-05	5.164684e+00	-1.124720e+00	-1.124733e+00	8.292205e+00	-2.037162e+00	2.887454e-05	-5.535536e-05
0.02          	-4.694278e+00	5.287767e+00	-4.940597e-05	2.388572e-05	1.057964e-04	1.738611e+00	-2.347115e+00	-2.347163e+00	4.382494e+00	9.052728e-01	8.109344e-05	-1.304994e-04
0.021         	-3.108866e+00	5.861093e+00	-3.760240e-05	1.923101e-05	7.982871e-05	4.430223e+00	-1.554414e+00	-1.554452e+00	7.360770e+00	-1.499677e+00	6.102751e-05	-9.862991e-05
0.022         	3.032535e-01	7.157281e+00	-7.864301e-06	6.268414e-07	5.135183e-06	9.743015e+00	1.516274e-01	1.516261e-01	1.332166e+01	-6.164374e+00	1.203033e-06	-9.067334e-06
0.023         	2.959658e+00	8.185231e+00	1.727094e-05	-1.682013e-05	-5.918463e-05	1.370960e+01	1.479812e+00	1.479846e+00	1.780221e+01	-9.616981e+00	-5.054916e-05	6.782010e-05
0.024         	3.532150e+00	8.418955e+00	2.331223e-05	-2.264496e-05	-7.631549e-05	1.438685e+01	1.766052e+00	1.766097e+00	1.859633e+01	-1.017737e+01	-6.465938e-05	8.797161e-05
0.025         	2.333547e+00	7.964393e+00	1.196129e-05	-1.670869e-05	-4.870266e-05	1.238098e+01	1.166757e+00	1.166790e+00	1.636317e+01	-8.398780e+00	-4.272202e-05	5.468331e-05
0.026         	6.194826e-01	7.301622e+00	-4.724715e-06	-5.984638e-06	-5.999592e-06	9.702120e+00	3.097353e-01	3.097473e-01	1.335293e+01	-6.051309e+00	-8.361950e-06	3.637235e-06
0.027         	-4.446331e-01	6.884524e+00	-1.484627e-05	1.546539e-06	2.196494e-05	8.137845e+00	-2.223150e-01	-2.223181e-01	1.158011e+01	-4.695583e+00	1.454181e-05	-2.938808e-05
0.028         	-4.400903e-01	6.881380e+00	-1.337159e-05	2.305676e-06	2.218459e-05	8.264382e+00	-2.200428e-01	-2.200474e-01	1.170507e+01	-4.823692e+00	1.549879e-05	-2.887038e-05
0.029         	2.924622e-01	7.163362e+00	-3.437184e-06	-2.598293e-06	2.045287e-06	9.477409e+00	1.462285e-01	1.462337e-01	1.305909e+01	-5.895728e+00	3.266947e-07	-3.763878e-06
0.03          	1.090970e+00	7.472735e+00	7.500268e-06	-8.989374e-06	-2.048476e-05	1.071486e+01	5.454758e-01	5.454938e-01	1.445123e+01	-6.978491e+00	-1.673463e-05	2.423490e-05
0.031         	1.461876e+00	7.615016e+00	1.343841e-05	-1.287543e-05	-3.095927e-05	1.122758e+01	7.309249e-01	7.309507e-01	1.503508e+01	-7.420069e+00	-2.424006e-05	3.767847e-05
0.032         	1.317989e+00	7.554693e+00	1.303592e-05	-1.314995e-05	-2.617917e-05	1.092781e+01	6.589813e-01	6.590076e-01	1.470516e+01	-7.150464e+00	-1.966121e-05	3.269713e-05
0.033         	9.027606e-01	7.386941e+00	8.947142e-06	-1.111254e-05	-1.302292e-05	1.023715e+01	4.513692e-01	4.513914e-01	1.393062e+01	-6.543681e+00	-8.549349e-06	1.749649e-05
0.034         	5.435417e-01	7.240965e+00	5.339128e-06	-9.035657e-06	-1.665526e-06	9.679735e+00	2.717618e-01	2.717799e-01	1.330022e+01	-6.059253e+00	1.004038e-06	4.335089e-06
0.035         	4.326507e-01	7.193249e+00	5.236416e-06	-8.810520e-06	1.055134e-06	9.539753e+00	2.163166e-01	2.163342e-01	1.313638e+01	-5.943129e+00	3.673343e-06	1.563074e-06
0.036         	5.561189e-01	7.238608e+00	8.647100e-06	-1.074508e-05	-4.689800e-06	9.766431e+00	2.780487e-01	2.780702e-01	1.338574e+01	-6.147127e+00	-3.662497e-07	9.013350e-06
0.037         	7.663490e-01	7.318412e+00	1.340398e-05	-1.379407e-05	-1.366938e-05	1.010694e+01	3.831607e-01	3.831883e-01	1.376615e+01	-6.447735e+00	-6.967390e-06	2.037137e-05
0.038         	9.107881e-01	7.371884e+00	1.737607e-05	-1.650214e-05	-2.066803e-05	1.031903e+01	4.553776e-01	4.554106e-01	1.400497e+01	-6.633084e+00	-1.198000e-05	2.935607e-05
0.039         	9.234240e-01	7.372752e+00	1.953697e-05	-1.788556e-05	-2.342235e-05	1.031162e+01	4.616941e-01	4.617299e-01	1.399800e+01	-6.625245e+00	-1.365386e-05	3.319083e-05
0.04          	8.367050e-01	7.334200e+00	2.004047e-05	-1.773336e-05	-2.293143e-05	1.015243e+01	4.183348e-01	4.183702e-01	1.381953e+01	-6.485335e+00	-1.291119e-05	3.295166e-05
0.041         	7.317085e-01	7.288773e+00	1.986272e-05	-1.691269e-05	-2.186029e-05	9.978898e+00	3.658373e-01	3.658712e-01	1.362328e+01	-6.334511e+00	-1.192893e-05	3.179165e-05
0.042         	6.751251e-01	7.263237e+00	2.021926e-05	-1.650276e-05	-2.299899e-05	9.895094e+00	3.375460e-01	3.375790e-01	1.352671e+01	-6.263475e+00	-1.288936e-05	3.310862e-05
0.043         	6.843563e-01	7.264547e+00	2.155164e-05	-1.693705e-05	-2.682113e-05	9.920043e+00	3.421612e-01	3.421951e-01	1.355232e+01	-6.287769e+00	-1.604531e-05	3.759695e-05
0.044         	7.325724e-01	7.281904e+00	2.346167e-05	-1.807211e-05	-3.205216e-05	1.000258e+01	3.662681e-01	3.663043e-01	1.364354e+01	-6.361633e+00	-2.032133e-05	4.378300e-05
0.045         	7.783133e-01	7.298523e+00	2.522560e-05	-1.916768e-05	-3.665375e-05	1.007309e+01	3.891375e-01	3.891758e-01	1.372235e+01	-6.423826e+00	-2.404095e-05	4.926655e-05
0.046         	7.945474e-01	7.303314e+00	2.616478e-05	-1.966587e-05	-3.916201e-05	1.009045e+01	3.972540e-01	3.972934e-01	1.374211e+01	-6.438794e+00	-2.607962e-05	5.224440e-05
0.047         	7.801392e-01	7.295808e+00	2.610729e-05	-1.969553e-05	-3.953472e-05	1.005806e+01	3.900499e-01	3.900893e-01	1.370596e+01	-6.410156e+00	-2.648108e-05	5.258837e-05
0.048         	7.524825e-01	7.283118e+00	2.537905e-05	-1.955899e-05	-3.860854e-05	1.000802e+01	3.762217e-01	3.762608e-01	1.364958e+01	-6.366460e+00	-2.591902e-05	5.129807e-05
0.049         	7.314382e-01	7.273302e+00	2.431140e-05	-1.948474e-05	-3.721250e-05	9.973158e+00	3.656996e-01	3.657386e-01	1.360981e+01	-6.336507e+00	-2.505680e-05	4.936820e-05
0.05          	7.268281e-01	7.270262e+00	2.325742e-05	-1.963269e-05	-3.617546e-05	9.967287e+00	3.633944e-01	3.634337e-01	1.360242e+01	-6.332156e+00	-2.454675e-05	4.780417e-05
0.051         	7.357380e-01	7.272742e+00	2.234842e-05	-1.984700e-05	-3.573054e-05	9.982806e+00	3.678491e-01	3.678888e-01	1.361918e+01	-6.346435e+00	-2.455633e-05	4.690475e-05
0.052         	7.481685e-01	7.276691e+00	2.150814e-05	-2.005857e-05	-3.553882e-05	1.000182e+01	3.740642e-01	3.741043e-01	1.364016e+01	-6.363472e+00	-2.478475e-05	4.629289e-05
0.053         	7.551440e-01	7.278454e+00	2.057364e-05	-2.018198e-05	-3.507268e-05	1.000979e+01	3.775518e-01	3.775922e-01	1.364902e+01	-6.370562e+00	-2.478586e-05	4.535950e-05
0.054         	7.537204e-01	7.276810e+00	1.955353e-05	-2.007634e-05	-3.415136e-05	1.000323e+01	3.768401e-01	3.768803e-01	1.364163e+01	-6.364824e+00	-2.437460e-05	4.392813e-05
0.055         	7.468643e-01	7.272964e+00	1.833335e-05	-1.969793e-05	-3.282299e-05	9.988480e+00	3.734124e-01	3.734518e-01	1.362496e+01	-6.351998e+00	-2.365632e-05	4.198966e-05
0.056         	7.398278e-01	7.268945e+00	1.700055e-05	-1.915632e-05	-3.145978e-05	9.974713e+00	3.698947e-01	3.699330e-01	1.360919e+01	-6.340241e+00	-2.295950e-05	3.996005e-05
0.057         	7.363532e-01	7.266311e+00	1.565314e-05	-1.856148e-05	-3.025711e-05	9.967770e+00	3.681581e-01	3.681952e-01	1.360093e+01	-6.334615e+00	-2.243054e-05	3.808368e-05
0.058         	7.369084e-01	7.265315e+00	1.436887e-05	-1.805221e-05	-2.924811e-05	9.967628e+00	3.684361e-01	3.684722e-01	1.360029e+01	-6.334971e+00	-2.206367e-05	3.643254e-05
0.059         	7.394304e-01	7.265126e+00	1.321446e-05	-1.766382e-05	-2.846656e-05	9.970127e+00	3.696975e-01	3.697329e-01	1.360269e+01	-6.337564e+00	-2.185933e-05	3.507379e-05
0.06          	7.413173e-01	7.264668e+00	1.204779e-05	-1.731212e-05	-2.754750e-05	9.970721e+00	3.706413e-01	3.706760e-01	1.360306e+01	-6.338387e+00	-2.152360e-05	3.357139e-05
0.061         	7.411465e-01	7.263264e+00	1.090548e-05	-1.680825e-05	-2.663489e-05	9.967374e+00	3.705565e-01	3.705901e-01	1.359901e+01	-6.335742e+00	-2.118215e-05	3.208763e-05
0.062         	7.391578e-01	7.261033e+00	9.757447e-06	-1.616468e-05	-2.566833e-05	9.961024e+00	3.695628e-01	3.695951e-01	1.359154e+01	-6.330507e+00	-2.078960e-05	3.054705e-05
0.063         	7.365783e-01	7.258557e+00	8.643633e-06	-1.543765e-05	-2.472702e-05	9.954100e+00	3.682737e-01	3.683046e-01	1.358338e+01	-6.324821e+00	-2.040520e-05	2.904884e-05
0.064         	7.346107e-01	7.256375e+00	7.544420e-06	-1.469259e-05	-2.380967e-05	9.948606e+00	3.672907e-01	3.673201e-01	1.357679e+01	-6.320418e+00	-2.003746e-05	2.758188e-05
0.065         	7.337074e-01	7.254621e+00	6.518151e-06	-1.379297e-05	-2.297423e-05	9.944894e+00	3.668399e-01	3.668675e-01	1.357220e+01	-6.317583e+00	-1.971515e-05	2.623330e-05
0.066         	7.335548e-01	7.253095e+00	5.643825e-06	-1.288341e-05	-2.221310e-05	9.942227e+00	3.667645e-01	3.667903e-01	1.356877e+01	-6.315679e+00	-1.939118e-05	2.503501e-05
0.067         	7.334926e-01	7.251501e+00	4.913398e-06	-1.186124e-05	-2.155224e-05	9.939367e+00	3.667345e-01	3.667582e-01	1.356512e+01	-6.313617e+00	-1.909554e-05	2.400894e-05
0.068         	7.330135e-01	7.249671e+00	4.286778e-06	-1.098678e-05	-2.096315e-05	9.935609e+00	3.664957e-01	3.665177e-01	1.356044e+01	-6.310774e+00	-1.881976e-05	2.310654e-05
0.069         	7.319943e-01	7.247624e+00	3.763141e-06	-1.010542e-05	-2.044732e-05	9.930919e+00	3.659870e-01	3.660072e-01	1.355473e+01	-6.307107e+00	-1.856575e-05	2.232889e-05
0.07          	7.306645e-01	7.245520e+00	3.250242e-06	-9.219551e-06	-1.978857e-05	9.925840e+00	3.653230e-01	3.653415e-01	1.354860e+01	-6.303080e+00	-1.816345e-05	2.141369e-05
0.071         	7.293656e-01	7.243480e+00	2.811821e-06	-8.337900e-06	-1.908303e-05	9.920978e+00	3.646745e-01	3.646912e-01	1.354272e+01	-6.299238e+00	-1.767712e-05	2.048894e-05
0.072         	7.283089e-01	7.241574e+00	2.424589e-06	-7.471987e-06	-1.818857e-05	9.916695e+00	3.641470e-01	3.641619e-01	1.353748e+01	-6.295908e+00	-1.697627e-05	1.940086e-05
0.073         	7.274972e-01	7.239743e+00	2.121790e-06	-6.739709e-06	-1.721858e-05	9.912865e+00	3.637419e-01	3.637554e-01	1.353274e+01	-6.292994e+00	-1.615768e-05	1.827947e-05
0.074         	7.267830e-01	7.237962e+00	1.922194e-06	-5.961559e-06	-1.626568e-05	9.909234e+00	3.633856e-01	3.633975e-01	1.352821e+01	-6.290253e+00	-1.530458e-05	1.722678e-05
0.075         	7.260100e-01	7.236161e+00	1.748442e-06	-5.119877e-06	-1.534381e-05	9.905466e+00	3.629999e-01	3.630101e-01	1.352355e+01	-6.287386e+00	-1.446959e-05	1.621803e-05
0.076         	7.250972e-01	7.234258e+00	1.692075e-06	-4.057104e-06	-1.452309e-05	9.901318e+00	3.625445e-01	3.625527e-01	1.351845e+01	-6.284189e+00	-1.367705e-05	1.536912e-05
0.077         	7.240614e-01	7.232216e+00	1.853872e-06	-3.062125e-06	-1.376472e-05	9.896858e+00	3.620277e-01	3.620338e-01	1.351297e+01	-6.280749e+00	-1.283778e-05	1.469165e-05
0.078         	7.229821e-01	7.230088e+00	2.187474e-06	-2.091643e-06	-1.291250e-05	9.892362e+00	3.614889e-01	3.614931e-01	1.350741e+01	-6.277318e+00	-1.181876e-05	1.400624e-05
0.079         	7.219478e-01	7.227998e+00	2.584931e-06	-1.063997e-06	-1.177402e-05	9.888118e+00	3.609728e-01	3.609749e-01	1.350212e+01	-6.274119e+00	-1.048155e-05	1.306649e-05
0.08          	7.209997e-01	7.226017e+00	3.032821e-06	-3.193088e-08	-1.045740e-05	9.884224e+00	3.604998e-01	3.604999e-01	1.349723e+01	-6.271215e+00	-8.940985e-06	1.197381e-05
0.081         	7.201013e-01	7.224086e+00	3.549061e-06	1.089456e-06	-9.034339e-06	9.880449e+00	3.600518e-01	3.600496e-01	1.349249e+01	-6.268406e+00	-7.259808e-06	1.080887e-05
0.082         	7.192008e-01	7.222128e+00	4.212400e-06	2.087912e-06	-7.646045e-06	9.876749e+00	3.596025e-01	3.595983e-01	1.348781e+01	-6.265685e+00	-5.539845e-06	9.752244e-06
0.083         	7.182717e-01	7.220124e+00	5.096218e-06	3.194818e-06	-6.282812e-06	9.873080e+00	3.591390e-01	3.591326e-01	1.348314e+01	-6.263018e+00	-3.734703e-06	8.830921e-06
0.084         	7.173087e-01	7.218094e+00	6.127702e-06	4.462528e-06	-4.921936e-06	9.869404e+00	3.586588e-01	3.586499e-01	1.347845e+01	-6.260357e+00	-1.858085e-06	7.985787e-06
0.085         	7.163289e-01	7.216058e+00	7.162566e-06	5.773550e-06	-3.460835e-06	9.865716e+00	3.581702e-01	3.581587e-01	1.347375e+01	-6.257687e+00	1.204480e-07	7.042118e-06
0.086         	7.153498e-01	7.213988e+00	8.099943e-06	6.863635e-06	-1.889246e-06	9.862000e+00	3.576818e-01	3.576681e-01	1.346899e+01	-6.255006e+00	2.160725e-06	5.939218e-06
0.087         	7.143875e-01	7.211927e+00	8.891215e-06	7.819563e-06	-1.398274e-07	9.858359e+00	3.572015e-01	3.571859e-01	1.346432e+01	-6.252395e+00	4.305780e-06	4.585435e-06
0.088         	7.134454e-01	7.209927e+00	9.506546e-06	8.679929e-06	1.647935e-06	9.854906e+00	3.567314e-01	3.567140e-01	1.345987e+01	-6.249943e+00	6.401208e-06	3.105338e-06
0.089         	7.125217e-01	7.208010e+00	9.925625e-06	9.513625e-06	3.443435e-06	9.851707e+00	3.562704e-01	3.562513e-01	1.345571e+01	-6.247702e+00	8.406247e-06	1.519378e-06
0.09          	7.116024e-01	7.206194e+00	1.012859e-05	1.028764e-05	5.121490e-06	9.848740e+00	3.558115e-01	3.557909e-01	1.345184e+01	-6.245643e+00	1.018579e-05	-5.719365e-08
0.091         	7.106738e-01	7.204430e+00	1.005720e-05	1.096226e-05	6.697277e-06	9.845867e+00	3.553479e-01	3.553259e-01	1.344808e+01	-6.243652e+00	1.172588e-05	-1.668676e-06
0.092         	7.097386e-01	7.202691e+00	9.753548e-06	1.158151e-05	8.145989e-06	9.843099e+00	3.548809e-01	3.548577e-01	1.344444e+01	-6.241753e+00	1.302276e-05	-3.269214e-06
0.093         	7.088054e-01	7.200958e+00	9.305445e-06	1.216827e-05	9.525407e-06	9.840448e+00	3.544149e-01	3.543906e-01	1.344093e+01	-6.239969e+00	1.417813e-05	-4.872684e-06
0.094         	7.078706e-01	7.199215e+00	8.807732e-06	1.269992e-05	1.084886e-05	9.837877e+00	3.539480e-01	3.539226e-01	1.343748e+01	-6.238269e+00	1.525272e-05	-6.444993e-06
0.095         	7.069394e-01	7.197521e+00	8.251776e-06	1.312870e-05	1.229751e-05	9.835458e+00	3.534828e-01	3.534566e-01	1.343422e+01	-6.236697e+00	1.642339e-05	-8.171618e-06
0.096         	7.060175e-01	7.195948e+00	7.587570e-06	1.342606e-05	1.375916e-05	9.833293e+00	3.530222e-01	3.529953e-01	1.343127e+01	-6.235319e+00	1.755294e-05	-9.965370e-06
0.097         	7.051121e-01	7.194520e+00	6.838356e-06	1.355263e-05	1.514713e-05	9.831412e+00	3.525696e-01	3.525425e-01	1.342867e+01	-6.234152e+00	1.856631e-05	-1.172795e-05
0.098         	7.042277e-01	7.193233e+00	6.093734e-06	1.350995e-05	1.629136e-05	9.829833e+00	3.521273e-01	3.521003e-01	1.342645e+01	-6.233216e+00	1.933822e-05	-1.324449e-05
0.099         	7.033641e-01	7.192039e+00	5.528679e-06	1.338927e-05	1.716796e-05	9.828475e+00	3.516955e-01	3.516687e-01	1.342449e+01	-6.232456e+00	1.993230e-05	-1.440362e-05
0.1           	7.025180e-01	7.190878e+00	4.694822e-06	1.320179e-05	1.783443e-05	9.827256e+00	3.512722e-01	3.512458e-01	1.342270e+01	-6.231818e+00	2.018184e-05	-1.548702e-05
0.101         	7.016981e-01	7.189720e+00	3.429748e-06	1.291484e-05	1.842346e-05	9.826159e+00	3.508620e-01	3.508362e-01	1.342102e+01	-6.231299e+00	2.013834e-05	-1.670859e-05
0.102         	7.009116e-01	7.188570e+00	1.801670e-06	1.259154e-05	1.911760e-05	9.825197e+00	3.504684e-01	3.504432e-01	1.341948e+01	-6.230912e+00	2.001843e-05	-1.821676e-05
0.103         	7.001510e-01	7.187471e+00	1.440866e-07	1.219628e-05	1.976582e-05	9.824385e+00	3.500877e-01	3.500633e-01	1.341812e+01	-6.230649e+00	1.983787e-05	-1.969378e-05
0.104         	6.994263e-01	7.186491e+00	-1.294088e-06	1.181697e-05	2.033394e-05	9.823809e+00	3.497250e-01	3.497013e-01	1.341706e+01	-6.230564e+00	1.968689e-05	-2.098098e-05
0.105         	6.987527e-01	7.185634e+00	-2.381145e-06	1.145605e-05	2.082308e-05	9.823566e+00	3.493878e-01	3.493649e-01	1.341638e+01	-6.230749e+00	1.963251e-05	-2.201365e-05
0.106         	6.981290e-01	7.184892e+00	-3.174447e-06	1.113285e-05	2.109679e-05	9.823647e+00	3.490756e-01	3.490534e-01	1.341609e+01	-6.231201e+00	1.950957e-05	-2.268402e-05
0.107         	6.975357e-01	7.184240e+00	-3.849868e-06	1.083110e-05	2.123828e-05	9.824015e+00	3.487787e-01	3.487570e-01	1.341614e+01	-6.231895e+00	1.931334e-05	-2.316321e-05
0.108         	6.969775e-01	7.183639e+00	-4.473178e-06	1.051559e-05	2.120638e-05	9.824580e+00	3.484993e-01	3.484782e-01	1.341640e+01	-6.232760e+00	1.896979e-05	-2.344296e-05
0.109         	6.964675e-01	7.183078e+00	-5.000114e-06	1.014159e-05	2.094850e-05	9.825281e+00	3.482439e-01	3.482236e-01	1.341682e+01	-6.233743e+00	1.844845e-05	-2.344856e-05
0.11          	6.959992e-01	7.182558e+00	-5.448541e-06	9.807120e-06	2.064519e-05	9.826104e+00	3.480094e-01	3.479898e-01	1.341738e+01	-6.234825e+00	1.792092e-05	-2.336946e-05
0.111         	6.955730e-01	7.182085e+00	-5.793269e-06	9.540707e-06	2.032787e-05	9.827083e+00	3.477961e-01	3.477770e-01	1.341813e+01	-6.236040e+00	1.743123e-05	-2.322450e-05
0.112         	6.951859e-01	7.181681e+00	-6.030430e-06	9.343117e-06	2.014544e-05	9.828300e+00	3.476023e-01	3.475836e-01	1.341914e+01	-6.237459e+00	1.713022e-05	-2.316065e-05
0.113         	6.948441e-01	7.181366e+00	-6.169244e-06	9.131559e-06	1.990891e-05	9.829780e+00	3.474312e-01	3.474129e-01	1.342046e+01	-6.239097e+00	1.682428e-05	-2.299353e-05
0.114         	6.945495e-01	7.181135e+00	-6.258038e-06	8.855205e-06	1.961513e-05	9.831506e+00	3.472836e-01	3.472659e-01	1.342207e+01	-6.240938e+00	1.648611e-05	-2.274415e-05
0.115         	6.943021e-01	7.180995e+00	-6.214307e-06	8.560462e-06	1.917971e-05	9.833464e+00	3.471596e-01	3.471425e-01	1.342396e+01	-6.242967e+00	1.607256e-05	-2.228686e-05
0.116         	6.940959e-01	7.180910e+00	-6.037711e-06	8.195039e-06	1.863035e-05	9.835553e+00	3.470561e-01	3.470397e-01	1.342601e+01	-6.245098e+00	1.561150e-05	-2.164921e-05
0.117         	6.939100e-01	7.180872e+00	-5.817390e-06	7.768670e-06	1.823376e-05	9.837718e+00	3.469627e-01	3.469472e-01	1.342815e+01	-6.247282e+00	1.532506e-05	-2.114245e-05
0.118         	6.937350e-01	7.180881e+00	-5.567355e-06	7.405922e-06	1.790155e-05	9.839935e+00	3.468749e-01	3.468601e-01	1.343038e+01	-6.249495e+00	1.511788e-05	-2.068523e-05
0.119         	6.935744e-01	7.180957e+00	-5.454352e-06	7.342830e-06	1.790865e-05	9.842283e+00	3.467946e-01	3.467799e-01	1.343276e+01	-6.251804e+00	1.518147e-05	-2.063582e-05
0.12          	6.934326e-01	7.181091e+00	-5.445639e-06	7.375307e-06	1.798173e-05	9.844748e+00	3.467237e-01	3.467089e-01	1.343529e+01	-6.254203e+00	1.525891e-05	-2.070455e-05
0.121         	6.933166e-01	7.181263e+00	-5.424305e-06	7.348277e-06	1.786117e-05	9.847309e+00	3.466656e-01	3.466509e-01	1.343794e+01	-6.256677e+00	1.514902e-05	-2.057332e-05
0.122         	6.932232e-01	7.181503e+00	-5.288731e-06	7.254718e-06	1.756173e-05	9.850010e+00	3.466188e-01	3.466043e-01	1.344076e+01	-6.259259e+00	1.491737e-05	-2.020610e-05
0.123         	6.931503e-01	7.181804e+00	-5.112894e-06	7.250075e-06	1.724610e-05	9.852813e+00	3.465824e-01	3.465679e-01	1.344372e+01	-6.261911e+00	1.468965e-05	-1.980255e-05
0.124         	6.930894e-01	7.182150e+00	-4.941124e-06	7.348373e-06	1.707705e-05	9.855679e+00	3.465521e-01	3.465374e-01	1.344675e+01	-6.264604e+00	1.460649e-05	-1.954761e-05
0.125         	6.930235e-01	7.182506e+00	-4.982029e-06	7.554182e-06	1.729626e-05	9.858597e+00	3.465193e-01	3.465042e-01	1.344985e+01	-6.267344e+00	1.480524e-05	-1.978727e-05
0.126         	6.929463e-01	7.182893e+00	-5.175362e-06	7.820178e-06	1.769937e-05	9.861595e+00	3.464810e-01	3.464653e-01	1.345304e+01	-6.270148e+00	1.511169e-05	-2.028705e-05
0.127         	6.928552e-01	7.183313e+00	-5.393420e-06	8.085096e-06	1.803188e-05	9.864652e+00	3.464357e-01	3.464195e-01	1.345631e+01	-6.272996e+00	1.533517e-05	-2.072859e-05
0.128         	6.927469e-01	7.183732e+00	-5.572664e-06	8.517618e-06	1.813694e-05	9.867758e+00	3.463820e-01	3.463649e-01	1.345962e+01	-6.275892e+00	1.535060e-05	-2.092327e-05
0.129         	6.926284e-01	7.184131e+00	-5.708724e-06	8.935716e-06	1.807631e-05	9.870888e+00	3.463231e-01	3.463053e-01	1.346295e+01	-6.278823e+00	1.522194e-05	-2.093067e-05
0.13          	6.924846e-01	7.184540e+00	-5.874362e-06	9.170460e-06	1.800995e-05	9.874018e+00	3.462515e-01	3.462331e-01	1.346629e+01	-6.281748e+00	1.507277e-05	-2.094713e-05
0.131         	6.923055e-01	7.184948e+00	-6.303147e-06	9.388266e-06	1.841935e-05	9.877115e+00	3.461621e-01	3.461434e-01	1.346959e+01	-6.284641e+00	1.526778e-05	-2.157092e-05
0.132         	6.920887e-01	7.185361e+00	-6.928982e-06	9.551528e-06	1.905286e-05	9.880248e+00	3.460539e-01	3.460348e-01	1.347293e+01	-6.287567e+00	1.558837e-05	-2.251736e-05
0.133         	6.918372e-01	7.185788e+00	-7.652690e-06	9.752790e-06	1.986438e-05	9.883482e+00	3.459284e-01	3.459089e-01	1.347638e+01	-6.290588e+00	1.603804e-05	-2.369073e-05
0.134         	6.915446e-01	7.186200e+00	-8.345322e-06	1.015304e-05	2.070929e-05	9.886755e+00	3.457825e-01	3.457622e-01	1.347985e+01	-6.293655e+00	1.653663e-05	-2.488196e-05
0.135         	6.912073e-01	7.186649e+00	-8.899848e-06	1.060732e-05	2.128750e-05	9.890118e+00	3.456142e-01	3.455930e-01	1.348344e+01	-6.296794e+00	1.683758e-05	-2.573743e-05
0.136         	6.908255e-01	7.187187e+00	-9.155266e-06	1.120193e-05	2.166107e-05	9.893601e+00	3.454240e-01	3.454016e-01	1.348719e+01	-6.300008e+00	1.708344e-05	-2.623870e-05
0.137         	6.904100e-01	7.187765e+00	-9.369262e-06	1.185338e-05	2.225250e-05	9.897110e+00	3.452169e-01	3.451932e-01	1.349099e+01	-6.303228e+00	1.756787e-05	-2.693713e-05
0.138         	6.899657e-01	7.188338e+00	-9.661163e-06	1.230878e-05	2.303772e-05	9.900578e+00	3.449952e-01	3.449706e-01	1.349475e+01	-6.306409e+00	1.820714e-05	-2.786830e-05
0.139         	6.894943e-01	7.188856e+00	-1.023597e-05	1.261834e-05	2.429188e-05	9.903928e+00	3.447598e-01	3.447345e-01	1.349836e+01	-6.309500e+00	1.917390e-05	-2.940987e-05
0.14          	6.889950e-01	7.189304e+00	-1.126109e-05	1.273355e-05	2.595237e-05	9.907167e+00	3.445102e-01	3.444848e-01	1.350182e+01	-6.312515e+00	2.032182e-05	-3.158291e-05
0.141         	6.884630e-01	7.189715e+00	-1.258037e-05	1.316722e-05	2.804715e-05	9.910418e+00	3.442447e-01	3.442183e-01	1.350528e+01	-6.315560e+00	2.175697e-05	-3.433734e-05
0.142         	6.878924e-01	7.190124e+00	-1.381967e-05	1.379489e-05	3.000636e-05	9.913792e+00	3.439600e-01	3.439324e-01	1.350885e+01	-6.318730e+00	2.309652e-05	-3.691619e-05
0.143         	6.872821e-01	7.190591e+00	-1.479289e-05	1.467127e-05	3.186929e-05	9.917337e+00	3.436557e-01	3.436264e-01	1.351263e+01	-6.322042e+00	2.447285e-05	-3.926574e-05
0.144         	6.866307e-01	7.191113e+00	-1.534831e-05	1.550318e-05	3.355419e-05	9.920948e+00	3.433309e-01	3.432999e-01	1.351650e+01	-6.325392e+00	2.588003e-05	-4.122834e-05
0.145         	6.859397e-01	7.191631e+00	-1.560523e-05	1.629109e-05	3.538052e-05	9.924523e+00	3.429861e-01	3.429536e-01	1.352034e+01	-6.328708e+00	2.757791e-05	-4.318314e-05
0.146         	6.851990e-01	7.192112e+00	-1.574947e-05	1.695335e-05	3.761573e-05	9.928008e+00	3.426164e-01	3.425825e-01	1.352406e+01	-6.331952e+00	2.974099e-05	-4.549047e-05
0.147         	6.844051e-01	7.192576e+00	-1.615347e-05	1.742398e-05	4.017058e-05	9.931470e+00	3.422200e-01	3.421851e-01	1.352776e+01	-6.335182e+00	3.209384e-05	-4.824731e-05
0.148         	6.835740e-01	7.193017e+00	-1.687273e-05	1.799812e-05	4.299834e-05	9.934990e+00	3.418050e-01	3.417690e-01	1.353150e+01	-6.338481e+00	3.456197e-05	-5.143470e-05
0.149         	6.827358e-01	7.193449e+00	-1.718919e-05	1.870514e-05	4.539044e-05	9.938652e+00	3.413866e-01	3.413492e-01	1.353538e+01	-6.341928e+00	3.679585e-05	-5.398504e-05
0.15          	6.818970e-01	7.193933e+00	-1.743761e-05	1.938994e-05	4.765783e-05	9.942533e+00	3.409679e-01	3.409291e-01	1.353950e+01	-6.345567e+00	3.893902e-05	-5.637664e-05
0.151         	6.810515e-01	7.194444e+00	-1.776158e-05	1.956972e-05	4.968264e-05	9.946517e+00	3.405453e-01	3.405062e-01	1.354374e+01	-6.349295e+00	4.080185e-05	-5.856342e-05
0.152         	6.801636e-01	7.194874e+00	-1.811208e-05	1.955538e-05	5.210553e-05	9.950275e+00	3.401013e-01	3.400622e-01	1.354771e+01	-6.352838e+00	4.304949e-05	-6.116157e-05
0.153         	6.792241e-01	7.195175e+00	-1.832825e-05	1.936177e-05	5.440354e-05	9.953701e+00	3.396314e-01	3.395927e-01	1.355129e+01	-6.356113e+00	4.523941e-05	-6.356767e-05
0.154         	6.782483e-01	7.195385e+00	-1.793995e-05	1.932190e-05	5.625965e-05	9.956938e+00	3.391435e-01	3.391048e-01	1.355463e+01	-6.359245e+00	4.728968e-05	-6.522962e-05
0.155         	6.772586e-01	7.195585e+00	-1.694560e-05	1.947328e-05	5.769201e-05	9.960174e+00	3.386488e-01	3.386098e-01	1.355797e+01	-6.362382e+00	4.921921e-05	-6.616480e-05
0.156         	6.762784e-01	7.195855e+00	-1.559224e-05	1.989372e-05	5.893469e-05	9.963556e+00	3.381591e-01	3.381193e-01	1.356148e+01	-6.365629e+00	5.113858e-05	-6.673081e-05
0.157         	6.753015e-01	7.196146e+00	-1.513965e-05	2.012393e-05	6.039790e-05	9.966963e+00	3.376709e-01	3.376306e-01	1.356504e+01	-6.368890e+00	5.282808e-05	-6.796772e-05
0.158         	6.743169e-01	7.196429e+00	-1.553814e-05	1.951608e-05	6.176110e-05	9.970307e+00	3.371780e-01	3.371389e-01	1.356852e+01	-6.372093e+00	5.399203e-05	-6.953017e-05
0.159         	6.733232e-01	7.196691e+00	-1.633269e-05	1.843223e-05	6.283846e-05	9.973563e+00	3.366800e-01	3.366432e-01	1.357191e+01	-6.375217e+00	5.467212e-05	-7.100481e-05
0.16          	6.723088e-01	7.196944e+00	-1.716182e-05	1.736420e-05	6.369932e-05	9.976771e+00	3.361718e-01	3.361370e-01	1.357524e+01	-6.378299e+00	5.511840e-05	-7.228023e-05
0.161         	6.712722e-01	7.197216e+00	-1.768114e-05	1.651656e-05	6.429408e-05	9.979974e+00	3.356526e-01	3.356196e-01	1.357858e+01	-6.381366e+00	5.545351e-05	-7.313465e-05
0.162         	6.702242e-01	7.197493e+00	-1.789720e-05	1.576800e-05	6.501680e-05	9.983147e+00	3.351279e-01	3.350963e-01	1.358189e+01	-6.384401e+00	5.606821e-05	-7.396540e-05
0.163         	6.691613e-01	7.197768e+00	-1.816783e-05	1.490359e-05	6.579210e-05	9.986214e+00	3.345956e-01	3.345658e-01	1.358510e+01	-6.387330e+00	5.670818e-05	-7.487601e-05
0.164         	6.680820e-01	7.198036e+00	-1.851646e-05	1.415710e-05	6.642462e-05	9.989163e+00	3.340552e-01	3.340269e-01	1.358818e+01	-6.390145e+00	5.716639e-05	-7.568285e-05
0.165         	6.669856e-01	7.198322e+00	-1.894334e-05	1.333332e-05	6.707615e-05	9.992079e+00	3.335061e-01	3.334794e-01	1.359124e+01	-6.392918e+00	5.760448e-05	-7.654782e-05
0.166         	6.658638e-01	7.198660e+00	-1.931694e-05	1.238790e-05	6.767675e-05	9.995016e+00	3.329443e-01	3.329195e-01	1.359435e+01	-6.395686e+00	5.801827e-05	-7.733522e-05
0.167         	6.647182e-01	7.199106e+00	-2.000966e-05	1.125705e-05	6.833314e-05	9.998029e+00	3.323704e-01	3.323479e-01	1.359758e+01	-6.398476e+00	5.832830e-05	-7.833797e-05
0.168         	6.635727e-01	7.199631e+00	-2.081528e-05	1.021104e-05	6.891312e-05	1.000112e+01	3.317966e-01	3.317761e-01	1.360093e+01	-6.401301e+00	5.850548e-05	-7.932076e-05
0.169         	6.624504e-01	7.200165e+00	-2.132752e-05	9.558564e-06	6.933070e-05	1.000421e+01	3.312347e-01	3.312156e-01	1.360430e+01	-6.404132e+00	5.866694e-05	-7.999446e-05
0.17          	6.613472e-01	7.200710e+00	-2.171792e-05	9.187431e-06	6.978815e-05	1.000734e+01	3.306828e-01	3.306644e-01	1.360769e+01	-6.406980e+00	5.892919e-05	-8.064711e-05
0.171         	6.602484e-01	7.201283e+00	-2.187128e-05	8.875549e-06	7.022816e-05	1.001049e+01	3.301331e-01	3.301153e-01	1.361113e+01	-6.409845e+00	5.929252e-05	-8.116381e-05
0.172         	6.591401e-01	7.201905e+00	-2.178207e-05	8.519511e-06	7.075075e-05	1.001367e+01	3.295786e-01	3.295615e-01	1.361463e+01	-6.412722e+00	5.985972e-05	-8.164178e-05
0.173         	6.580219e-01	7.202593e+00	-2.155904e-05	8.155014e-06	7.140139e-05	1.001691e+01	3.290191e-01	3.290028e-01	1.361821e+01	-6.415618e+00	6.062187e-05	-8.218091e-05
0.174         	6.569067e-01	7.203338e+00	-2.137642e-05	8.035397e-06	7.229256e-05	1.002019e+01	3.284614e-01	3.284453e-01	1.362186e+01	-6.418519e+00	6.160435e-05	-8.298077e-05
0.175         	6.558036e-01	7.204133e+00	-2.134258e-05	8.368821e-06	7.336089e-05	1.002350e+01	3.279102e-01	3.278934e-01	1.362556e+01	-6.421429e+00	6.268960e-05	-8.403218e-05
0.176         	6.547307e-01	7.204993e+00	-2.141499e-05	9.001984e-06	7.452732e-05	1.002692e+01	3.273743e-01	3.273563e-01	1.362942e+01	-6.424424e+00	6.381982e-05	-8.523482e-05
0.177         	6.536884e-01	7.205924e+00	-2.132275e-05	9.929662e-06	7.583165e-05	1.003050e+01	3.268541e-01	3.268343e-01	1.363346e+01	-6.427540e+00	6.517027e-05	-8.649303e-05
0.178         	6.526647e-01	7.206947e+00	-2.108656e-05	1.116010e-05	7.712119e-05	1.003425e+01	3.263435e-01	3.263212e-01	1.363772e+01	-6.430775e+00	6.657791e-05	-8.766447e-05
0.179         	6.516487e-01	7.208074e+00	-2.044498e-05	1.254550e-05	7.843549e-05	1.003814e+01	3.258369e-01	3.258118e-01	1.364218e+01	-6.434107e+00	6.821300e-05	-8.865798e-05
0.18          	6.506440e-01	7.209280e+00	-1.999082e-05	1.393148e-05	8.011109e-05	1.004210e+01	3.253359e-01	3.253080e-01	1.364674e+01	-6.437459e+00	7.011568e-05	-9.010650e-05
0.181         	6.496640e-01	7.210534e+00	-1.966800e-05	1.538144e-05	8.206985e-05	1.004603e+01	3.248474e-01	3.248166e-01	1.365129e+01	-6.440759e+00	7.223584e-05	-9.190385e-05
0.182         	6.487236e-01	7.211843e+00	-1.955879e-05	1.714788e-05	8.443227e-05	1.004995e+01	3.243790e-01	3.243447e-01	1.365587e+01	-6.444026e+00	7.465287e-05	-9.421167e-05
0.183         	6.478201e-01	7.213219e+00	-1.969528e-05	1.906525e-05	8.703309e-05	1.005389e+01	3.239291e-01	3.238910e-01	1.366050e+01	-6.447279e+00	7.718545e-05	-9.688073e-05
0.184         	6.469449e-01	7.214666e+00	-1.976916e-05	2.092101e-05	8.967521e-05	1.005787e+01	3.234934e-01	3.234515e-01	1.366520e+01	-6.450535e+00	7.979064e-05	-9.955979e-05
0.185         	6.460905e-01	7.216168e+00	-1.977052e-05	2.280009e-05	9.232507e-05	1.006189e+01	3.230680e-01	3.230224e-01	1.366998e+01	-6.453809e+00	8.243981e-05	-1.022103e-04
0.186         	6.452585e-01	7.217712e+00	-1.970759e-05	2.479221e-05	9.514778e-05	1.006592e+01	3.226541e-01	3.226045e-01	1.367478e+01	-6.457067e+00	8.529399e-05	-1.050016e-04
0.187         	6.444609e-01	7.219298e+00	-1.941516e-05	2.670199e-05	9.782716e-05	1.006992e+01	3.222571e-01	3.222037e-01	1.367956e+01	-6.460267e+00	8.811958e-05	-1.075347e-04
0.188         	6.437081e-01	7.220909e+00	-1.914160e-05	2.831240e-05	1.003890e-04	1.007383e+01	3.218824e-01	3.218258e-01	1.368429e+01	-6.463376e+00	9.081819e-05	-1.099598e-04
0.189         	6.430009e-01	7.222562e+00	-1.901727e-05	2.978455e-05	1.025165e-04	1.007769e+01	3.215302e-01	3.214707e-01	1.368897e+01	-6.466405e+00	9.300785e-05	-1.120251e-04
0.19          	6.423450e-01	7.224274e+00	-1.839920e-05	3.136000e-05	1.043584e-04	1.008153e+01	3.212038e-01	3.211411e-01	1.369366e+01	-6.469389e+00	9.515879e-05	-1.135580e-04
0.191         	6.417285e-01	7.226049e+00	-1.745714e-05	3.321181e-05	1.061399e-04	1.008538e+01	3.208975e-01	3.208310e-01	1.369841e+01	-6.472357e+00	9.741134e-05	-1.148685e-04
0.192         	6.411464e-01	7.227888e+00	-1.586283e-05	3.489087e-05	1.075784e-04	1.008927e+01	3.206081e-01	3.205383e-01	1.370322e+01	-6.475329e+00	9.964699e-05	-1.155098e-04
0.193         	6.405898e-01	7.229783e+00	-1.427317e-05	3.623929e-05	1.088411e-04	1.009316e+01	3.203312e-01	3.202587e-01	1.370805e+01	-6.478268e+00	1.017045e-04	-1.159777e-04
0.194         	6.400597e-01	7.231743e+00	-1.307997e-05	3.708267e-05	1.093274e-04	1.009701e+01	3.200669e-01	3.199928e-01	1.371289e+01	-6.481142e+00	1.027874e-04	-1.158673e-04
0.195         	6.395585e-01	7.233767e+00	-1.224077e-05	3.721117e-05	1.093885e-04	1.010087e+01	3.198165e-01	3.197421e-01	1.371776e+01	-6.483991e+00	1.032681e-04	-1.155089e-04
0.196         	6.390858e-01	7.235828e+00	-1.139175e-05	3.706321e-05	1.087485e-04	1.010473e+01	3.195799e-01	3.195058e-01	1.372265e+01	-6.486820e+00	1.030526e-04	-1.144444e-04
0.197         	6.386471e-01	7.237910e+00	-1.028384e-05	3.700317e-05	1.073755e-04	1.010858e+01	3.193605e-01	3.192865e-01	1.372754e+01	-6.489626e+00	1.022335e-04	-1.125174e-04
0.198         	6.382476e-01	7.239992e+00	-8.595877e-06	3.730240e-05	1.054452e-04	1.011235e+01	3.191611e-01	3.190865e-01	1.373234e+01	-6.492351e+00	1.011473e-04	-1.097432e-04
0.199         	6.378944e-01	7.242060e+00	-6.744055e-06	3.728604e-05	1.031174e-04	1.011601e+01	3.189845e-01	3.189099e-01	1.373704e+01	-6.494977e+00	9.974539e-05	-1.064894e-04
0.2           	6.375847e-01	7.244118e+00	-4.665725e-06	3.667777e-05	1.008377e-04	1.011961e+01	3.188290e-01	3.187557e-01	1.374167e+01	-6.497550e+00	9.850479e-05	-1.031705e-04
0.201         	6.373100e-01	7.246221e+00	-2.608842e-06	3.565497e-05	9.849109e-05	1.012326e+01	3.186907e-01	3.186194e-01	1.374637e+01	-6.500145e+00	9.718667e-05	-9.979551e-05
0.202         	6.370556e-01	7.248383e+00	-7.680777e-07	3.439790e-05	9.619513e-05	1.012694e+01	3.185622e-01	3.184934e-01	1.375113e+01	-6.502747e+00	9.581110e-05	-9.657917e-05
0.203         	6.368211e-01	7.250608e+00	1.098533e-06	3.319045e-05	9.392344e-05	1.013064e+01	3.184437e-01	3.183774e-01	1.375595e+01	-6.505340e+00	9.447271e-05	-9.337418e-05
0.204         	6.366033e-01	7.252868e+00	3.174608e-06	3.201208e-05	9.157538e-05	1.013431e+01	3.183337e-01	3.182697e-01	1.376075e+01	-6.507880e+00	9.316268e-05	-8.998808e-05
0.205         	6.363902e-01	7.255124e+00	5.491652e-06	3.079080e-05	8.919035e-05	1.013789e+01	3.182259e-01	3.181643e-01	1.376545e+01	-6.510327e+00	9.193618e-05	-8.644453e-05
0.206         	6.361761e-01	7.257353e+00	7.608645e-06	2.964117e-05	8.729294e-05	1.014136e+01	3.181177e-01	3.180584e-01	1.377004e+01	-6.512687e+00	9.109726e-05	-8.348862e-05
0.207         	6.359626e-01	7.259545e+00	9.587544e-06	2.851512e-05	8.570222e-05	1.014476e+01	3.180098e-01	3.179528e-01	1.377453e+01	-6.514986e+00	9.049599e-05	-8.090844e-05
0.208         	6.357498e-01	7.261708e+00	1.127549e-05	2.760557e-05	8.494170e-05	1.014811e+01	3.179025e-01	3.178473e-01	1.377896e+01	-6.517255e+00	9.057944e-05	-7.930395e-05
0.209         	6.355288e-01	7.263840e+00	1.277754e-05	2.679521e-05	8.453685e-05	1.015140e+01	3.177912e-01	3.177376e-01	1.378332e+01	-6.519478e+00	9.092562e-05	-7.814808e-05
0.21          	6.352933e-01	7.265948e+00	1.433093e-05	2.604881e-05	8.430572e-05	1.015459e+01	3.176727e-01	3.176206e-01	1.378756e+01	-6.521616e+00	9.147118e-05	-7.714026e-05
0.211         	6.350494e-01	7.268049e+00	1.591313e-05	2.537498e-05	8.401575e-05	1.015771e+01	3.175501e-01	3.174993e-01	1.379173e+01	-6.523682e+00	9.197232e-05	-7.605919e-05
0.212         	6.347921e-01	7.270148e+00	1.752819e-05	2.472044e-05	8.399100e-05	1.016079e+01	3.174207e-01	3.173713e-01	1.379587e+01	-6.525717e+00	9.275509e-05	-7.522690e-05
0.213         	6.345124e-01	7.272220e+00	1.935325e-05	2.398049e-05	8.376127e-05	1.016384e+01	3.172802e-01	3.172322e-01	1.379995e+01	-6.527726e+00	9.343789e-05	-7.408464e-05
0.214         	6.342186e-01	7.274226e+00	2.115234e-05	2.329074e-05	8.347265e-05	1.016680e+01	3.171326e-01	3.170860e-01	1.380391e+01	-6.529689e+00	9.404882e-05	-7.289648e-05
0.215         	6.339131e-01	7.276151e+00	2.264139e-05	2.248238e-05	8.369589e-05	1.016968e+01	3.169790e-01	3.169341e-01	1.380776e+01	-6.531607e+00	9.501658e-05	-7.237519e-05
0.216         	6.335768e-01	7.277976e+00	2.389670e-05	2.165105e-05	8.385403e-05	1.017241e+01	3.168101e-01	3.167668e-01	1.381140e+01	-6.533427e+00	9.580238e-05	-7.190568e-05
0.217         	6.332089e-01	7.279700e+00	2.502625e-05	2.106134e-05	8.387102e-05	1.017498e+01	3.166255e-01	3.165834e-01	1.381483e+01	-6.535128e+00	9.638415e-05	-7.135789e-05
0.218         	6.328088e-01	7.281348e+00	2.623748e-05	2.082518e-05	8.342191e-05	1.017740e+01	3.164252e-01	3.163836e-01	1.381808e+01	-6.536728e+00	9.654065e-05	-7.030316e-05
0.219         	6.323739e-01	7.282925e+00	2.753933e-05	2.010075e-05	8.220259e-05	1.017970e+01	3.162070e-01	3.161668e-01	1.382117e+01	-6.538240e+00	9.597225e-05	-6.843292e-05
0.22          	6.319074e-01	7.284397e+00	2.887493e-05	1.918466e-05	8.090750e-05	1.018183e+01	3.159729e-01	3.159345e-01	1.382403e+01	-6.539636e+00	9.534496e-05	-6.647004e-05
0.221         	6.314203e-01	7.285753e+00	3.003179e-05	1.837349e-05	8.020175e-05	1.018378e+01	3.157285e-01	3.156918e-01	1.382665e+01	-6.540899e+00	9.521764e-05	-6.518585e-05
0.222         	6.309218e-01	7.287006e+00	3.083861e-05	1.743512e-05	7.911312e-05	1.018555e+01	3.154784e-01	3.154435e-01	1.382905e+01	-6.542045e+00	9.453243e-05	-6.369381e-05
0.223         	6.304178e-01	7.288176e+00	3.133781e-05	1.667320e-05	7.793146e-05	1.018720e+01	3.152256e-01	3.151922e-01	1.383129e+01	-6.543115e+00	9.360036e-05	-6.226256e-05
0.224         	6.299124e-01	7.289266e+00	3.200760e-05	1.587182e-05	7.578151e-05	1.018875e+01	3.149721e-01	3.149403e-01	1.383338e+01	-6.544117e+00	9.178530e-05	-5.977771e-05
0.225         	6.294067e-01	7.290272e+00	3.283506e-05	1.474319e-05	7.300196e-05	1.019018e+01	3.147181e-01	3.146886e-01	1.383532e+01	-6.545049e+00	8.941949e-05	-5.658443e-05
0.226         	6.288920e-01	7.291185e+00	3.336588e-05	1.315016e-05	7.026347e-05	1.019145e+01	3.144592e-01	3.144329e-01	1.383704e+01	-6.545858e+00	8.694641e-05	-5.358053e-05
0.227         	6.283716e-01	7.291974e+00	3.350290e-05	1.125404e-05	6.721195e-05	1.019247e+01	3.141970e-01	3.141745e-01	1.383846e+01	-6.546486e+00	8.396340e-05	-5.046050e-05
0.228         	6.278500e-01	7.292643e+00	3.323008e-05	9.409090e-06	6.445394e-05	1.019328e+01	3.139344e-01	3.139156e-01	1.383960e+01	-6.546961e+00	8.106898e-05	-4.783890e-05
0.229         	6.273392e-01	7.293194e+00	3.276814e-05	7.963480e-06	6.142912e-05	1.019391e+01	3.136776e-01	3.136616e-01	1.384051e+01	-6.547313e+00	7.781319e-05	-4.504504e-05
0.23          	6.268407e-01	7.293640e+00	3.245557e-05	6.394778e-06	5.787089e-05	1.019440e+01	3.134267e-01	3.134140e-01	1.384122e+01	-6.547581e+00	7.409867e-05	-4.164310e-05
0.231         	6.263571e-01	7.293958e+00	3.237330e-05	4.764925e-06	5.416249e-05	1.019471e+01	3.131833e-01	3.131738e-01	1.384169e+01	-6.547729e+00	7.034914e-05	-3.797584e-05
0.232         	6.258847e-01	7.294131e+00	3.221422e-05	2.925024e-06	5.057465e-05	1.019479e+01	3.129453e-01	3.129394e-01	1.384186e+01	-6.547726e+00	6.668176e-05	-3.446755e-05
0.233         	6.254203e-01	7.294184e+00	3.193512e-05	6.898897e-07	4.703338e-05	1.019467e+01	3.127108e-01	3.127095e-01	1.384176e+01	-6.547578e+00	6.300093e-05	-3.106582e-05
0.234         	6.249645e-01	7.294115e+00	3.128500e-05	-1.797878e-06	4.363258e-05	1.019436e+01	3.124804e-01	3.124840e-01	1.384141e+01	-6.547298e+00	5.927508e-05	-2.799008e-05
0.235         	6.245201e-01	7.293882e+00	3.018770e-05	-4.143664e-06	4.030853e-05	1.019380e+01	3.122559e-01	3.122642e-01	1.384074e+01	-6.546855e+00	5.540238e-05	-2.521468e-05
0.236         	6.240901e-01	7.293453e+00	2.885755e-05	-5.930019e-06	3.756888e-05	1.019297e+01	3.120391e-01	3.120510e-01	1.383969e+01	-6.546242e+00	5.199765e-05	-2.314010e-05
0.237         	6.236780e-01	7.292857e+00	2.775046e-05	-7.248259e-06	3.503339e-05	1.019190e+01	3.118318e-01	3.118462e-01	1.383833e+01	-6.545471e+00	4.890862e-05	-2.115816e-05
0.238         	6.232824e-01	7.292149e+00	2.728627e-05	-7.241666e-06	3.225679e-05	1.019063e+01	3.116340e-01	3.116485e-01	1.383671e+01	-6.544558e+00	4.589993e-05	-1.861366e-05
0.239         	6.228992e-01	7.291358e+00	2.722408e-05	-7.148000e-06	2.914651e-05	1.018919e+01	3.114424e-01	3.114567e-01	1.383487e+01	-6.543509e+00	4.275855e-05	-1.553447e-05
0.24          	6.225223e-01	7.290500e+00	2.747918e-05	-7.379678e-06	2.610804e-05	1.018756e+01	3.112538e-01	3.112685e-01	1.383281e+01	-6.542310e+00	3.984763e-05	-1.236845e-05
0.241         	6.221480e-01	7.289599e+00	2.747298e-05	-7.846261e-06	2.346690e-05	1.018578e+01	3.110662e-01	3.110819e-01	1.383058e+01	-6.540978e+00	3.720339e-05	-9.730413e-06
0.242         	6.217800e-01	7.288643e+00	2.725528e-05	-8.481712e-06	2.131047e-05	1.018385e+01	3.108815e-01	3.108985e-01	1.382817e+01	-6.539527e+00	3.493811e-05	-7.682832e-06
0.243         	6.214301e-01	7.287595e+00	2.694202e-05	-8.970275e-06	1.975069e-05	1.018174e+01	3.107061e-01	3.107240e-01	1.382553e+01	-6.537939e+00	3.322170e-05	-6.279682e-06
0.244         	6.211063e-01	7.286458e+00	2.641356e-05	-8.835905e-06	1.910882e-05	1.017946e+01	3.105443e-01	3.105620e-01	1.382268e+01	-6.536226e+00	3.231560e-05	-5.902036e-06
0.245         	6.208069e-01	7.285272e+00	2.629089e-05	-8.402811e-06	1.816707e-05	1.017707e+01	3.103950e-01	3.104119e-01	1.381971e+01	-6.534436e+00	3.131251e-05	-5.021625e-06
0.246         	6.205237e-01	7.284087e+00	2.696295e-05	-7.857455e-06	1.612744e-05	1.017464e+01	3.102540e-01	3.102697e-01	1.381668e+01	-6.532597e+00	2.960892e-05	-2.645962e-06
0.247         	6.202572e-01	7.282949e+00	2.803961e-05	-7.290265e-06	1.425852e-05	1.017222e+01	3.101213e-01	3.101359e-01	1.381369e+01	-6.530741e+00	2.827832e-05	-2.387092e-07
0.248         	6.200148e-01	7.281870e+00	2.923133e-05	-6.499819e-06	1.290632e-05	1.016986e+01	3.100009e-01	3.100139e-01	1.381080e+01	-6.528928e+00	2.752199e-05	1.709341e-06
0.249         	6.197984e-01	7.280833e+00	3.023216e-05	-5.692743e-06	1.246011e-05	1.016759e+01	3.098935e-01	3.099049e-01	1.380801e+01	-6.527173e+00	2.757619e-05	2.655968e-06
0.25          	6.196089e-01	7.279801e+00	3.105449e-05	-4.690376e-06	1.256688e-05	1.016535e+01	3.097998e-01	3.098092e-01	1.380525e+01	-6.525453e+00	2.809413e-05	2.960364e-06
0.251         	6.194417e-01	7.278788e+00	3.194957e-05	-4.265547e-06	1.261900e-05	1.016317e+01	3.097166e-01	3.097251e-01	1.380256e+01	-6.523771e+00	2.859378e-05	3.355790e-06
0.252         	6.192933e-01	7.277828e+00	3.286003e-05	-3.925128e-06	1.258726e-05	1.016105e+01	3.096427e-01	3.096506e-01	1.379997e+01	-6.522138e+00	2.901728e-05	3.842756e-06
0.253         	6.191503e-01	7.276918e+00	3.382126e-05	-3.166741e-06	1.225009e-05	1.015897e+01	3.095720e-01	3.095783e-01	1.379743e+01	-6.520510e+00	2.916072e-05	4.660540e-06
0.254         	6.190041e-01	7.276042e+00	3.464104e-05	-2.048572e-06	1.207560e-05	1.015691e+01	3.095000e-01	3.095041e-01	1.379493e+01	-6.518886e+00	2.939612e-05	5.244922e-06
0.255         	6.188541e-01	7.275216e+00	3.551666e-05	-1.619033e-06	1.110789e-05	1.015491e+01	3.094254e-01	3.094287e-01	1.379252e+01	-6.517304e+00	2.886622e-05	6.650438e-06
0.256         	6.187072e-01	7.274454e+00	3.613586e-05	-1.623623e-06	9.723099e-06	1.015303e+01	3.093520e-01	3.093552e-01	1.379026e+01	-6.515804e+00	2.779103e-05	8.344828e-06
0.257         	6.185661e-01	7.273765e+00	3.625263e-05	-1.726217e-06	8.802343e-06	1.015127e+01	3.092813e-01	3.092848e-01	1.378815e+01	-6.514383e+00	2.692866e-05	9.323971e-06
0.258         	6.184262e-01	7.273173e+00	3.639878e-05	-1.943736e-06	7.453800e-06	1.014962e+01	3.092112e-01	3.092151e-01	1.378621e+01	-6.513033e+00	2.565319e-05	1.074559e-05
0.259         	6.182727e-01	7.272689e+00	3.663195e-05	-2.680788e-06	6.101698e-06	1.014808e+01	3.091337e-01	3.091390e-01	1.378442e+01	-6.511733e+00	2.441768e-05	1.221428e-05
0.26          	6.180981e-01	7.272293e+00	3.670242e-05	-3.443237e-06	3.886826e-06	1.014657e+01	3.090456e-01	3.090525e-01	1.378272e+01	-6.510428e+00	2.223804e-05	1.446438e-05
0.261         	6.179020e-01	7.271965e+00	3.612821e-05	-4.074506e-06	2.154632e-06	1.014508e+01	3.089469e-01	3.089551e-01	1.378107e+01	-6.509102e+00	2.021874e-05	1.590947e-05
0.262         	6.176865e-01	7.271706e+00	3.520147e-05	-4.751971e-06	1.139792e-06	1.014365e+01	3.088385e-01	3.088480e-01	1.377950e+01	-6.507798e+00	1.874053e-05	1.646094e-05
0.263         	6.174534e-01	7.271543e+00	3.444360e-05	-5.570579e-06	-5.157365e-09	1.014234e+01	3.087211e-01	3.087323e-01	1.377812e+01	-6.506573e+00	1.721664e-05	1.722696e-05
0.264         	6.172073e-01	7.271493e+00	3.413424e-05	-6.937412e-06	-1.515754e-06	1.014120e+01	3.085967e-01	3.086106e-01	1.377694e+01	-6.505451e+00	1.555136e-05	1.858287e-05
0.265         	6.169511e-01	7.271562e+00	3.366694e-05	-8.932929e-06	-2.636323e-06	1.014022e+01	3.084666e-01	3.084845e-01	1.377600e+01	-6.504440e+00	1.419715e-05	1.946979e-05
0.266         	6.166858e-01	7.271716e+00	3.258444e-05	-1.084142e-05	-3.049024e-06	1.013936e+01	3.083320e-01	3.083537e-01	1.377521e+01	-6.503497e+00	1.324320e-05	1.934125e-05
0.267         	6.164114e-01	7.271929e+00	3.125418e-05	-1.266244e-05	-2.952828e-06	1.013856e+01	3.081930e-01	3.082183e-01	1.377452e+01	-6.502592e+00	1.267426e-05	1.857992e-05
0.268         	6.161254e-01	7.272203e+00	2.945046e-05	-1.457473e-05	-1.366172e-06	1.013784e+01	3.080481e-01	3.080773e-01	1.377394e+01	-6.501739e+00	1.335906e-05	1.609140e-05
0.269         	6.158233e-01	7.272550e+00	2.800919e-05	-1.616886e-05	-1.431233e-07	1.013727e+01	3.078955e-01	3.079278e-01	1.377355e+01	-6.500998e+00	1.386147e-05	1.414772e-05
0.27          	6.155021e-01	7.272960e+00	2.681098e-05	-1.729893e-05	5.309204e-07	1.013684e+01	3.077337e-01	3.077683e-01	1.377332e+01	-6.500361e+00	1.393641e-05	1.287457e-05
0.271         	6.151636e-01	7.273429e+00	2.604276e-05	-1.818463e-05	5.312660e-07	1.013656e+01	3.075636e-01	3.076000e-01	1.377327e+01	-6.499843e+00	1.355265e-05	1.249012e-05
0.272         	6.148113e-01	7.273945e+00	2.506785e-05	-1.912900e-05	1.249682e-06	1.013642e+01	3.073865e-01	3.074248e-01	1.377339e+01	-6.499449e+00	1.378361e-05	1.128424e-05
0.273         	6.144498e-01	7.274502e+00	2.364950e-05	-2.050892e-05	2.860618e-06	1.013641e+01	3.072044e-01	3.072454e-01	1.377366e+01	-6.499156e+00	1.468537e-05	8.964131e-06
0.274         	6.140810e-01	7.275104e+00	2.135231e-05	-2.125520e-05	6.441279e-06	1.013652e+01	3.070192e-01	3.070618e-01	1.377407e+01	-6.498966e+00	1.711743e-05	4.234877e-06
0.275         	6.137036e-01	7.275726e+00	1.927413e-05	-2.196371e-05	1.020343e-05	1.013671e+01	3.068299e-01	3.068738e-01	1.377457e+01	-6.498843e+00	1.984050e-05	-5.663681e-07
0.276         	6.133140e-01	7.276366e+00	1.792341e-05	-2.332296e-05	1.285195e-05	1.013699e+01	3.066337e-01	3.066803e-01	1.377517e+01	-6.498805e+00	2.181366e-05	-3.890247e-06
0.277         	6.129049e-01	7.276987e+00	1.758019e-05	-2.543420e-05	1.370394e-05	1.013732e+01	3.064270e-01	3.064779e-01	1.377581e+01	-6.498827e+00	2.249404e-05	-4.913843e-06
0.278         	6.124776e-01	7.277614e+00	1.799788e-05	-2.776669e-05	1.281693e-05	1.013776e+01	3.062110e-01	3.062666e-01	1.377656e+01	-6.498950e+00	2.181587e-05	-3.817988e-06
0.279         	6.120332e-01	7.278230e+00	1.805411e-05	-2.926234e-05	1.292501e-05	1.013825e+01	3.059873e-01	3.060459e-01	1.377737e+01	-6.499139e+00	2.195207e-05	-3.897960e-06
0.28          	6.115760e-01	7.278823e+00	1.778838e-05	-3.010627e-05	1.364093e-05	1.013878e+01	3.057579e-01	3.058181e-01	1.377819e+01	-6.499371e+00	2.253512e-05	-4.746738e-06
0.281         	6.111090e-01	7.279392e+00	1.650576e-05	-3.026252e-05	1.687716e-05	1.013935e+01	3.055242e-01	3.055848e-01	1.377904e+01	-6.499649e+00	2.513005e-05	-8.624284e-06
0.282         	6.106426e-01	7.279957e+00	1.439194e-05	-3.005650e-05	2.216573e-05	1.013998e+01	3.052913e-01	3.053514e-01	1.377996e+01	-6.500002e+00	2.936170e-05	-1.496976e-05
0.283         	6.101759e-01	7.280505e+00	1.194685e-05	-3.024379e-05	2.775493e-05	1.014068e+01	3.050577e-01	3.051182e-01	1.378093e+01	-6.500424e+00	3.372836e-05	-2.178151e-05
0.284         	6.097050e-01	7.281020e+00	9.915460e-06	-3.085349e-05	3.215076e-05	1.014141e+01	3.048217e-01	3.048834e-01	1.378192e+01	-6.500900e+00	3.710849e-05	-2.719303e-05
0.285         	6.092300e-01	7.281522e+00	8.693786e-06	-3.156568e-05	3.475296e-05	1.014227e+01	3.045834e-01	3.046466e-01	1.378303e+01	-6.501509e+00	3.909985e-05	-3.040606e-05
0.286         	6.087533e-01	7.282002e+00	7.740553e-06	-3.186943e-05	3.686140e-05	1.014323e+01	3.043448e-01	3.044085e-01	1.378423e+01	-6.502231e+00	4.073168e-05	-3.299113e-05
0.287         	6.082775e-01	7.282426e+00	6.348228e-06	-3.130902e-05	3.980900e-05	1.014423e+01	3.041075e-01	3.041701e-01	1.378544e+01	-6.503015e+00	4.298311e-05	-3.663489e-05
0.288         	6.078141e-01	7.282784e+00	4.252035e-06	-2.981076e-05	4.386051e-05	1.014526e+01	3.038773e-01	3.039369e-01	1.378665e+01	-6.503863e+00	4.598653e-05	-4.173449e-05
0.289         	6.073635e-01	7.283082e+00	2.301275e-06	-2.823179e-05	4.867427e-05	1.014634e+01	3.036535e-01	3.037100e-01	1.378788e+01	-6.504798e+00	4.982491e-05	-4.752364e-05
0.29          	6.069211e-01	7.283361e+00	-2.729490e-07	-2.637368e-05	5.596172e-05	1.014754e+01	3.034342e-01	3.034869e-01	1.378922e+01	-6.505855e+00	5.582525e-05	-5.609820e-05
0.291         	6.064797e-01	7.283615e+00	-3.103829e-06	-2.452720e-05	6.431078e-05	1.014878e+01	3.032153e-01	3.032644e-01	1.379059e+01	-6.506976e+00	6.275886e-05	-6.586269e-05
0.292         	6.060459e-01	7.283872e+00	-5.557934e-06	-2.269442e-05	7.186546e-05	1.015011e+01	3.030003e-01	3.030457e-01	1.379205e+01	-6.508178e+00	6.908649e-05	-7.464443e-05
0.293         	6.056339e-01	7.284149e+00	-7.978692e-06	-2.111626e-05	7.850823e-05	1.015153e+01	3.027959e-01	3.028381e-01	1.379361e+01	-6.509458e+00	7.451888e-05	-8.249757e-05
0.294         	6.052429e-01	7.284451e+00	-1.044558e-05	-1.976564e-05	8.422732e-05	1.015304e+01	3.026017e-01	3.026412e-01	1.379527e+01	-6.510819e+00	7.900453e-05	-8.945011e-05
0.295         	6.048735e-01	7.284737e+00	-1.322995e-05	-1.847006e-05	9.010576e-05	1.015462e+01	3.024183e-01	3.024552e-01	1.379699e+01	-6.512251e+00	8.349078e-05	-9.672073e-05
0.296         	6.045358e-01	7.284984e+00	-1.551761e-05	-1.685969e-05	9.563037e-05	1.015630e+01	3.022511e-01	3.022848e-01	1.379880e+01	-6.513813e+00	8.787157e-05	-1.033892e-04
0.297         	6.042331e-01	7.285208e+00	-1.772419e-05	-1.503817e-05	1.013759e-04	1.015813e+01	3.021015e-01	3.021316e-01	1.380073e+01	-6.515524e+00	9.251380e-05	-1.102380e-04
0.298         	6.039580e-01	7.285421e+00	-1.941331e-05	-1.292630e-05	1.071716e-04	1.016007e+01	3.019661e-01	3.019919e-01	1.380278e+01	-6.517360e+00	9.746491e-05	-1.168782e-04
0.299         	6.037106e-01	7.285664e+00	-2.085338e-05	-1.110424e-05	1.128168e-04	1.016221e+01	3.018442e-01	3.018664e-01	1.380504e+01	-6.519374e+00	1.023901e-04	-1.232435e-04
0.3           	6.034958e-01	7.285955e+00	-2.238527e-05	-9.868945e-06	1.176614e-04	1.016454e+01	3.017380e-01	3.017578e-01	1.380752e+01	-6.521564e+00	1.064688e-04	-1.288541e-04
0.301         	6.033161e-01	7.286303e+00	-2.372721e-05	-9.299014e-06	1.212189e-04	1.016709e+01	3.016487e-01	3.016673e-01	1.381024e+01	-6.523936e+00	1.093553e-04	-1.330825e-04
0.302         	6.031796e-01	7.286709e+00	-2.541983e-05	-8.725039e-06	1.248014e-04	1.016985e+01	3.015811e-01	3.015985e-01	1.381320e+01	-6.526495e+00	1.120915e-04	-1.375113e-04
0.303         	6.030909e-01	7.287154e+00	-2.705933e-05	-7.539900e-06	1.285914e-04	1.017282e+01	3.015379e-01	3.015530e-01	1.381640e+01	-6.529242e+00	1.150617e-04	-1.421211e-04
0.304         	6.030563e-01	7.287616e+00	-2.836262e-05	-5.948076e-06	1.317249e-04	1.017596e+01	3.015222e-01	3.015341e-01	1.381977e+01	-6.532152e+00	1.175436e-04	-1.459062e-04
0.305         	6.030749e-01	7.288090e+00	-2.907432e-05	-4.579421e-06	1.343000e-04	1.017927e+01	3.015329e-01	3.015420e-01	1.382331e+01	-6.535223e+00	1.197628e-04	-1.488371e-04
0.306         	6.031462e-01	7.288597e+00	-2.959274e-05	-3.771215e-06	1.366689e-04	1.018275e+01	3.015693e-01	3.015769e-01	1.382705e+01	-6.538450e+00	1.218725e-04	-1.514652e-04
0.307         	6.032790e-01	7.289150e+00	-3.011125e-05	-3.175816e-06	1.390990e-04	1.018641e+01	3.016363e-01	3.016427e-01	1.383099e+01	-6.541836e+00	1.240434e-04	-1.541546e-04
0.308         	6.034779e-01	7.289777e+00	-3.036501e-05	-2.651706e-06	1.401716e-04	1.019030e+01	3.017363e-01	3.017416e-01	1.383519e+01	-6.545412e+00	1.249891e-04	-1.553541e-04
0.309         	6.037446e-01	7.290464e+00	-3.036079e-05	-2.241621e-06	1.397445e-04	1.019436e+01	3.018701e-01	3.018745e-01	1.383960e+01	-6.549131e+00	1.245641e-04	-1.549249e-04
0.31          	6.040810e-01	7.291187e+00	-3.000567e-05	-2.255049e-06	1.378328e-04	1.019855e+01	3.020382e-01	3.020427e-01	1.384414e+01	-6.552958e+00	1.228299e-04	-1.528356e-04
0.311         	6.044822e-01	7.291948e+00	-2.984133e-05	-2.773733e-06	1.364202e-04	1.020290e+01	3.022383e-01	3.022439e-01	1.384887e+01	-6.556924e+00	1.214996e-04	-1.513409e-04
0.312         	6.049445e-01	7.292763e+00	-2.979489e-05	-3.185563e-06	1.357697e-04	1.020742e+01	3.024690e-01	3.024754e-01	1.385380e+01	-6.561037e+00	1.208723e-04	-1.506672e-04
0.313         	6.054598e-01	7.293634e+00	-2.982084e-05	-3.657463e-06	1.352974e-04	1.021211e+01	3.027263e-01	3.027336e-01	1.385893e+01	-6.565295e+00	1.203870e-04	-1.502079e-04
0.314         	6.060244e-01	7.294549e+00	-2.988288e-05	-4.060892e-06	1.345325e-04	1.021694e+01	3.030081e-01	3.030162e-01	1.386422e+01	-6.569670e+00	1.195910e-04	-1.494739e-04
0.315         	6.066329e-01	7.295490e+00	-3.051119e-05	-3.897646e-06	1.350044e-04	1.022185e+01	3.033126e-01	3.033204e-01	1.386959e+01	-6.574103e+00	1.197488e-04	-1.502600e-04
0.316         	6.072835e-01	7.296436e+00	-3.127489e-05	-3.511729e-06	1.359351e-04	1.022676e+01	3.036383e-01	3.036453e-01	1.387498e+01	-6.578546e+00	1.202976e-04	-1.515725e-04
0.317         	6.079740e-01	7.297367e+00	-3.232451e-05	-3.674258e-06	1.375514e-04	1.023168e+01	3.039833e-01	3.039907e-01	1.388037e+01	-6.582998e+00	1.213891e-04	-1.537136e-04
0.318         	6.086951e-01	7.298281e+00	-3.277446e-05	-4.898528e-06	1.377204e-04	1.023657e+01	3.043427e-01	3.043525e-01	1.388571e+01	-6.587425e+00	1.213332e-04	-1.541076e-04
0.319         	6.094285e-01	7.299198e+00	-3.223106e-05	-7.068559e-06	1.350754e-04	1.024141e+01	3.047072e-01	3.047213e-01	1.389101e+01	-6.591810e+00	1.189599e-04	-1.511910e-04
0.32          	6.101685e-01	7.300124e+00	-3.176886e-05	-8.711731e-06	1.324923e-04	1.024621e+01	3.050755e-01	3.050930e-01	1.389627e+01	-6.596147e+00	1.166078e-04	-1.483767e-04
0.321         	6.109084e-01	7.301061e+00	-3.148695e-05	-9.623718e-06	1.307192e-04	1.025095e+01	3.054446e-01	3.054638e-01	1.390148e+01	-6.600421e+00	1.149757e-04	-1.464627e-04
0.322         	6.116433e-01	7.301975e+00	-3.191637e-05	-1.039515e-05	1.310501e-04	1.025559e+01	3.058113e-01	3.058321e-01	1.390657e+01	-6.604600e+00	1.150919e-04	-1.470083e-04
0.323         	6.123702e-01	7.302861e+00	-3.203394e-05	-1.168383e-05	1.311687e-04	1.026010e+01	3.061734e-01	3.061968e-01	1.391153e+01	-6.608670e+00	1.151518e-04	-1.471857e-04
0.324         	6.130780e-01	7.303735e+00	-3.212798e-05	-1.328207e-05	1.317472e-04	1.026451e+01	3.065257e-01	3.065523e-01	1.391638e+01	-6.612647e+00	1.156832e-04	-1.478112e-04
0.325         	6.137654e-01	7.304601e+00	-3.202944e-05	-1.517614e-05	1.316764e-04	1.026881e+01	3.068675e-01	3.068979e-01	1.392111e+01	-6.616505e+00	1.156617e-04	-1.476912e-04
0.326         	6.144280e-01	7.305474e+00	-3.201237e-05	-1.630151e-05	1.305336e-04	1.027298e+01	3.071977e-01	3.072303e-01	1.392572e+01	-6.620248e+00	1.145274e-04	-1.465398e-04
0.327         	6.150677e-01	7.306347e+00	-3.165183e-05	-1.762966e-05	1.286567e-04	1.027705e+01	3.075162e-01	3.075515e-01	1.393022e+01	-6.623872e+00	1.128308e-04	-1.444826e-04
0.328         	6.156795e-01	7.307193e+00	-3.097720e-05	-1.944266e-05	1.267927e-04	1.028096e+01	3.078203e-01	3.078592e-01	1.393456e+01	-6.627363e+00	1.113041e-04	-1.422813e-04
0.329         	6.162585e-01	7.308014e+00	-2.915818e-05	-2.167321e-05	1.238129e-04	1.028473e+01	3.081076e-01	3.081509e-01	1.393874e+01	-6.630723e+00	1.092338e-04	-1.383920e-04
0.33          	6.168043e-01	7.308831e+00	-2.666572e-05	-2.366949e-05	1.190804e-04	1.028839e+01	3.083785e-01	3.084258e-01	1.394281e+01	-6.633979e+00	1.057476e-04	-1.324133e-04
0.331         	6.173073e-01	7.309664e+00	-2.471584e-05	-2.518056e-05	1.141952e-04	1.029196e+01	3.086285e-01	3.086788e-01	1.394679e+01	-6.637128e+00	1.018373e-04	-1.265531e-04
0.332         	6.177715e-01	7.310495e+00	-2.365827e-05	-2.753143e-05	1.096865e-04	1.029540e+01	3.088582e-01	3.089133e-01	1.395064e+01	-6.640148e+00	9.785736e-05	-1.215156e-04
0.333         	6.182003e-01	7.311309e+00	-2.202964e-05	-2.966972e-05	1.052568e-04	1.029865e+01	3.090705e-01	3.091298e-01	1.395431e+01	-6.642999e+00	9.424199e-05	-1.162716e-04
0.334         	6.185871e-01	7.312099e+00	-1.945317e-05	-3.168350e-05	1.004788e-04	1.030172e+01	3.092619e-01	3.093252e-01	1.395777e+01	-6.645673e+00	9.075219e-05	-1.102054e-04
0.335         	6.189298e-01	7.312902e+00	-1.669330e-05	-3.341379e-05	9.525992e-05	1.030467e+01	3.094315e-01	3.094983e-01	1.396112e+01	-6.648220e+00	8.691327e-05	-1.036066e-04
0.336         	6.192321e-01	7.313717e+00	-1.462970e-05	-3.501007e-05	9.051387e-05	1.030748e+01	3.095811e-01	3.096511e-01	1.396434e+01	-6.650623e+00	8.319902e-05	-9.782872e-05
0.337         	6.194931e-01	7.314562e+00	-1.179620e-05	-3.675803e-05	8.290592e-05	1.031020e+01	3.097098e-01	3.097833e-01	1.396748e+01	-6.652921e+00	7.700782e-05	-8.880402e-05
0.338         	6.197237e-01	7.315412e+00	-8.107589e-06	-3.884322e-05	7.324911e-05	1.031277e+01	3.098230e-01	3.099007e-01	1.397048e+01	-6.655068e+00	6.919532e-05	-7.730291e-05
0.339         	6.199215e-01	7.316246e+00	-4.675680e-06	-4.072433e-05	6.397255e-05	1.031517e+01	3.099200e-01	3.100015e-01	1.397329e+01	-6.657044e+00	6.163471e-05	-6.631039e-05
0.34          	6.200846e-01	7.317065e+00	-2.958342e-06	-4.152522e-05	5.883367e-05	1.031737e+01	3.100008e-01	3.100838e-01	1.397590e+01	-6.658839e+00	5.735450e-05	-6.031284e-05
0.341         	6.202236e-01	7.317867e+00	-1.732383e-06	-4.099472e-05	5.562972e-05	1.031937e+01	3.100708e-01	3.101528e-01	1.397830e+01	-6.660436e+00	5.476353e-05	-5.649591e-05
0.342         	6.203410e-01	7.318656e+00	-1.030759e-06	-4.105819e-05	5.321962e-05	1.032114e+01	3.101295e-01	3.102116e-01	1.398047e+01	-6.661816e+00	5.270425e-05	-5.373500e-05
0.343         	6.204271e-01	7.319435e+00	1.402311e-07	-4.122739e-05	5.023649e-05	1.032273e+01	3.101723e-01	3.102548e-01	1.398245e+01	-6.663014e+00	5.030660e-05	-5.016637e-05
0.344         	6.204742e-01	7.320184e+00	1.938094e-06	-4.135512e-05	4.638351e-05	1.032413e+01	3.101957e-01	3.102785e-01	1.398422e+01	-6.664035e+00	4.735255e-05	-4.541446e-05
0.345         	6.204935e-01	7.320906e+00	3.415890e-06	-3.938842e-05	4.355068e-05	1.032534e+01	3.102074e-01	3.102861e-01	1.398579e+01	-6.664887e+00	4.525863e-05	-4.184274e-05
0.346         	6.204895e-01	7.321599e+00	4.313711e-06	-3.831904e-05	4.082076e-05	1.032638e+01	3.102064e-01	3.102831e-01	1.398718e+01	-6.665582e+00	4.297762e-05	-3.866390e-05
0.347         	6.204681e-01	7.322248e+00	4.392257e-06	-3.954397e-05	3.824879e-05	1.032724e+01	3.101945e-01	3.102736e-01	1.398837e+01	-6.666121e+00	4.044492e-05	-3.605266e-05
0.348         	6.204286e-01	7.322817e+00	4.939885e-06	-3.982479e-05	3.543868e-05	1.032792e+01	3.101745e-01	3.102541e-01	1.398933e+01	-6.666515e+00	3.790862e-05	-3.296874e-05
0.349         	6.203759e-01	7.323298e+00	5.709473e-06	-3.874660e-05	3.313261e-05	1.032842e+01	3.101492e-01	3.102267e-01	1.399006e+01	-6.666767e+00	3.598735e-05	-3.027787e-05
0.35          	6.203145e-01	7.323662e+00	5.991640e-06	-3.710812e-05	3.150517e-05	1.032869e+01	3.101201e-01	3.101943e-01	1.399052e+01	-6.666858e+00	3.450099e-05	-2.850935e-05
0.351         	6.202501e-01	7.323878e+00	6.460679e-06	-3.591668e-05	2.958695e-05	1.032869e+01	3.100891e-01	3.101610e-01	1.399063e+01	-6.666754e+00	3.281729e-05	-2.635661e-05
0.352         	6.201848e-01	7.323954e+00	7.118299e-06	-3.492936e-05	2.736824e-05	1.032846e+01	3.100575e-01	3.101273e-01	1.399044e+01	-6.666482e+00	3.092739e-05	-2.380909e-05
0.353         	6.201192e-01	7.323927e+00	7.255981e-06	-3.349561e-05	2.596027e-05	1.032803e+01	3.100261e-01	3.100931e-01	1.398999e+01	-6.666065e+00	2.958826e-05	-2.233228e-05
0.354         	6.200582e-01	7.323754e+00	5.628741e-06	-2.947913e-05	2.804912e-05	1.032733e+01	3.099996e-01	3.100586e-01	1.398921e+01	-6.665454e+00	3.086349e-05	-2.523475e-05
0.355         	6.199979e-01	7.323453e+00	5.573151e-06	-2.764759e-05	2.747024e-05	1.032637e+01	3.099713e-01	3.100266e-01	1.398810e+01	-6.664647e+00	3.025681e-05	-2.468366e-05
0.356         	6.199296e-01	7.323029e+00	5.379612e-06	-2.643498e-05	2.662060e-05	1.032519e+01	3.099384e-01	3.099912e-01	1.398671e+01	-6.663676e+00	2.931040e-05	-2.393079e-05
0.357         	6.198588e-01	7.322461e+00	4.689909e-06	-2.380120e-05	2.654482e-05	1.032376e+01	3.099056e-01	3.099532e-01	1.398499e+01	-6.662534e+00	2.888977e-05	-2.419986e-05
0.358         	6.197854e-01	7.321746e+00	3.534177e-06	-2.229085e-05	2.664745e-05	1.032206e+01	3.098704e-01	3.099150e-01	1.398294e+01	-6.661191e+00	2.841453e-05	-2.488036e-05
0.359         	6.197085e-01	7.320884e+00	2.656964e-06	-2.076216e-05	2.707732e-05	1.032012e+01	3.098335e-01	3.098750e-01	1.398056e+01	-6.659674e+00	2.840580e-05	-2.574884e-05
0.36          	6.196344e-01	7.319900e+00	2.384684e-06	-1.712531e-05	2.809548e-05	1.031790e+01	3.098001e-01	3.098343e-01	1.397785e+01	-6.657953e+00	2.928782e-05	-2.690314e-05
0.361         	6.195616e-01	7.318822e+00	2.544802e-06	-1.416942e-05	2.842930e-05	1.031540e+01	3.097666e-01	3.097950e-01	1.397482e+01	-6.655993e+00	2.970171e-05	-2.715690e-05
0.362         	6.194855e-01	7.317643e+00	2.665702e-06	-1.479660e-05	2.689001e-05	1.031269e+01	3.097280e-01	3.097575e-01	1.397152e+01	-6.653872e+00	2.822286e-05	-2.555716e-05
0.363         	6.194004e-01	7.316349e+00	2.523072e-06	-1.437132e-05	2.642684e-05	1.030979e+01	3.096858e-01	3.097146e-01	1.396797e+01	-6.651620e+00	2.768838e-05	-2.516531e-05
0.364         	6.193098e-01	7.314951e+00	2.012697e-06	-1.286855e-05	2.730123e-05	1.030671e+01	3.096420e-01	3.096678e-01	1.396419e+01	-6.649234e+00	2.830758e-05	-2.629488e-05
0.365         	6.192093e-01	7.313447e+00	9.672811e-07	-1.211513e-05	2.784439e-05	1.030341e+01	3.095925e-01	3.096168e-01	1.396013e+01	-6.646683e+00	2.832803e-05	-2.736074e-05
0.366         	6.190884e-01	7.311879e+00	7.294857e-07	-1.249453e-05	2.601403e-05	1.029994e+01	3.095317e-01	3.095567e-01	1.395588e+01	-6.643997e+00	2.637878e-05	-2.564929e-05
0.367         	6.189488e-01	7.310251e+00	1.315755e-06	-1.153568e-05	2.347169e-05	1.029628e+01	3.094629e-01	3.094859e-01	1.395140e+01	-6.641153e+00	2.412956e-05	-2.281381e-05
0.368         	6.187949e-01	7.308551e+00	2.495974e-06	-9.901040e-06	2.089124e-05	1.029243e+01	3.093876e-01	3.094074e-01	1.394670e+01	-6.638150e+00	2.213923e-05	-1.964325e-05
0.369         	6.186207e-01	7.306837e+00	3.437347e-06	-9.344261e-06	1.829121e-05	1.028848e+01	3.093010e-01	3.093197e-01	1.394189e+01	-6.635057e+00	2.000988e-05	-1.657254e-05
0.37          	6.184237e-01	7.305113e+00	3.816464e-06	-9.697962e-06	1.577060e-05	1.028443e+01	3.092022e-01	3.092216e-01	1.393698e+01	-6.631869e+00	1.767883e-05	-1.386237e-05
0.371         	6.182139e-01	7.303324e+00	3.878322e-06	-8.592310e-06	1.492678e-05	1.028018e+01	3.090984e-01	3.091155e-01	1.393184e+01	-6.628514e+00	1.686594e-05	-1.298762e-05
0.372         	6.179875e-01	7.301512e+00	3.987922e-06	-9.761043e-06	1.251589e-05	1.027578e+01	3.089840e-01	3.090035e-01	1.392654e+01	-6.625029e+00	1.450985e-05	-1.052193e-05
0.373         	6.177362e-01	7.299710e+00	3.575333e-06	-1.059471e-05	1.031355e-05	1.027134e+01	3.088575e-01	3.088787e-01	1.392120e+01	-6.621487e+00	1.210121e-05	-8.525880e-06
0.374         	6.174695e-01	7.297890e+00	3.470024e-06	-1.119487e-05	7.697020e-06	1.026682e+01	3.087236e-01	3.087460e-01	1.391576e+01	-6.617871e+00	9.432032e-06	-5.962008e-06
0.375         	6.171876e-01	7.296038e+00	4.411280e-06	-1.193109e-05	2.752779e-06	1.026217e+01	3.085819e-01	3.086057e-01	1.391019e+01	-6.614150e+00	4.958420e-06	-5.471390e-07
0.376         	6.168770e-01	7.294180e+00	5.813610e-06	-1.248541e-05	-2.651256e-06	1.025743e+01	3.084260e-01	3.084510e-01	1.390452e+01	-6.610340e+00	2.555490e-07	5.558061e-06
0.377         	6.165470e-01	7.292324e+00	6.995946e-06	-9.474798e-06	-5.524249e-06	1.025263e+01	3.082640e-01	3.082830e-01	1.389879e+01	-6.606470e+00	-2.026276e-06	9.022223e-06
0.378         	6.162001e-01	7.290475e+00	6.884332e-06	-6.975718e-06	-6.298814e-06	1.024779e+01	3.080931e-01	3.081070e-01	1.389303e+01	-6.602554e+00	-2.856648e-06	9.740980e-06
0.379         	6.158354e-01	7.288636e+00	6.704807e-06	-8.222893e-06	-8.231905e-06	1.024291e+01	3.079095e-01	3.079259e-01	1.388723e+01	-6.598597e+00	-4.879502e-06	1.158431e-05
0.38          	6.154565e-01	7.286785e+00	6.634479e-06	-8.243023e-06	-9.553200e-06	1.023797e+01	3.077200e-01	3.077365e-01	1.388136e+01	-6.594576e+00	-6.235961e-06	1.287044e-05
0.381         	6.150555e-01	7.284903e+00	7.481482e-06	-9.260716e-06	-1.289842e-05	1.023294e+01	3.075185e-01	3.075370e-01	1.387539e+01	-6.590486e+00	-9.157683e-06	1.663916e-05
0.382         	6.146293e-01	7.283020e+00	8.376327e-06	-9.180514e-06	-1.593857e-05	1.022781e+01	3.073055e-01	3.073238e-01	1.386932e+01	-6.586302e+00	-1.175041e-05	2.012674e-05
0.383         	6.141758e-01	7.281154e+00	7.755297e-06	-9.899870e-06	-1.765003e-05	1.022264e+01	3.070780e-01	3.070978e-01	1.386321e+01	-6.582061e+00	-1.377238e-05	2.152768e-05
0.384         	6.136952e-01	7.279257e+00	7.785658e-06	-9.960016e-06	-1.977468e-05	1.021738e+01	3.068377e-01	3.068576e-01	1.385700e+01	-6.577747e+00	-1.588185e-05	2.366751e-05
0.385         	6.131942e-01	7.277338e+00	9.376913e-06	-7.869986e-06	-2.267182e-05	1.021204e+01	3.065893e-01	3.066050e-01	1.385070e+01	-6.573367e+00	-1.798337e-05	2.736028e-05
0.386         	6.126750e-01	7.275378e+00	1.160416e-05	-6.532649e-06	-2.700560e-05	1.020659e+01	3.063310e-01	3.063440e-01	1.384427e+01	-6.568897e+00	-2.120353e-05	3.280768e-05
0.387         	6.121346e-01	7.273375e+00	1.383847e-05	-5.566341e-06	-3.167754e-05	1.020101e+01	3.060617e-01	3.060729e-01	1.383769e+01	-6.564318e+00	-2.475830e-05	3.859677e-05
0.388         	6.115723e-01	7.271390e+00	1.579507e-05	-6.304294e-06	-3.745131e-05	1.019542e+01	3.057799e-01	3.057925e-01	1.383111e+01	-6.559723e+00	-2.955378e-05	4.534885e-05
0.389         	6.109918e-01	7.269378e+00	1.649326e-05	-7.687006e-06	-4.307639e-05	1.018978e+01	3.054882e-01	3.055036e-01	1.382447e+01	-6.555092e+00	-3.482975e-05	5.132302e-05
0.39          	6.103939e-01	7.267309e+00	1.734592e-05	-7.175578e-06	-4.741655e-05	1.018406e+01	3.051898e-01	3.052041e-01	1.381771e+01	-6.550403e+00	-3.874359e-05	5.608951e-05
0.391         	6.097774e-01	7.265225e+00	1.857206e-05	-8.922015e-06	-5.259304e-05	1.017832e+01	3.048798e-01	3.048976e-01	1.381093e+01	-6.545706e+00	-4.330700e-05	6.187907e-05
0.392         	6.091456e-01	7.263088e+00	2.071629e-05	-9.727695e-06	-5.721349e-05	1.017249e+01	3.045631e-01	3.045826e-01	1.380403e+01	-6.540942e+00	-4.685534e-05	6.757164e-05
0.393         	6.085034e-01	7.260979e+00	2.385780e-05	-9.021121e-06	-6.267149e-05	1.016671e+01	3.042427e-01	3.042607e-01	1.379720e+01	-6.536223e+00	-5.074259e-05	7.460040e-05
0.394         	6.078635e-01	7.258930e+00	2.593112e-05	-7.807228e-06	-6.801982e-05	1.016107e+01	3.039239e-01	3.039396e-01	1.379054e+01	-6.531609e+00	-5.505426e-05	8.098538e-05
0.395         	6.072254e-01	7.256913e+00	2.753404e-05	-7.498622e-06	-7.468093e-05	1.015552e+01	3.036052e-01	3.036202e-01	1.378398e+01	-6.527067e+00	-6.091391e-05	8.844794e-05
0.396         	6.065781e-01	7.255003e+00	2.885615e-05	-8.818837e-06	-8.251458e-05	1.015019e+01	3.032802e-01	3.032979e-01	1.377769e+01	-6.522685e+00	-6.808650e-05	9.694265e-05
0.397         	6.059131e-01	7.253119e+00	3.075868e-05	-1.110612e-05	-9.132825e-05	1.014488e+01	3.029454e-01	3.029677e-01	1.377144e+01	-6.518318e+00	-7.594891e-05	1.067076e-04
0.398         	6.052336e-01	7.251262e+00	3.401514e-05	-1.291437e-05	-1.003861e-04	1.013962e+01	3.026039e-01	3.026297e-01	1.376525e+01	-6.513985e+00	-8.337857e-05	1.173937e-04
0.399         	6.045491e-01	7.249464e+00	3.750695e-05	-1.542144e-05	-1.089161e-04	1.013445e+01	3.022591e-01	3.022900e-01	1.375918e+01	-6.509717e+00	-9.016264e-05	1.276696e-04
0.4           	6.038545e-01	7.247689e+00	4.099669e-05	-1.702695e-05	-1.163615e-04	1.012928e+01	3.019102e-01	3.019443e-01	1.375312e+01	-6.505436e+00	-9.586316e-05	1.368599e-04
0.401         	6.031507e-01	7.245996e+00	4.472652e-05	-1.651357e-05	-1.231940e-04	1.012424e+01	3.015589e-01	3.015919e-01	1.374724e+01	-6.501244e+00	-1.008308e-04	1.455573e-04
0.402         	6.024415e-01	7.244351e+00	4.728760e-05	-1.626981e-05	-1.288166e-04	1.011928e+01	3.012045e-01	3.012370e-01	1.374145e+01	-6.497100e+00	-1.051728e-04	1.524604e-04
0.403         	6.017248e-01	7.242754e+00	4.951401e-05	-1.739848e-05	-1.346376e-04	1.011442e+01	3.008450e-01	3.008798e-01	1.373579e+01	-6.493040e+00	-1.098806e-04	1.593946e-04
0.404         	6.009960e-01	7.241216e+00	5.147807e-05	-2.030467e-05	-1.420484e-04	1.010966e+01	3.004777e-01	3.005183e-01	1.373027e+01	-6.489055e+00	-1.163094e-04	1.677875e-04
0.405         	6.002463e-01	7.239698e+00	5.433653e-05	-2.384639e-05	-1.502662e-04	1.010493e+01	3.000993e-01	3.001470e-01	1.372478e+01	-6.485079e+00	-1.230979e-04	1.774345e-04
0.406         	5.994799e-01	7.238249e+00	5.754342e-05	-2.613552e-05	-1.583518e-04	1.010036e+01	2.997138e-01	2.997661e-01	1.371949e+01	-6.481240e+00	-1.295801e-04	1.871235e-04
0.407         	5.986960e-01	7.236836e+00	6.016234e-05	-2.790231e-05	-1.652027e-04	1.009585e+01	2.993201e-01	2.993759e-01	1.371427e+01	-6.477429e+00	-1.351216e-04	1.952839e-04
0.408         	5.978967e-01	7.235454e+00	6.230640e-05	-2.926809e-05	-1.699260e-04	1.009139e+01	2.989191e-01	2.989776e-01	1.370911e+01	-6.473659e+00	-1.387728e-04	2.010792e-04
0.409         	5.970859e-01	7.234132e+00	6.510671e-05	-3.064323e-05	-1.751245e-04	1.008705e+01	2.985123e-01	2.985736e-01	1.370412e+01	-6.469986e+00	-1.425712e-04	2.076779e-04
0.41          	5.962642e-01	7.232797e+00	6.828859e-05	-3.379477e-05	-1.813562e-04	1.008270e+01	2.980983e-01	2.981659e-01	1.369910e+01	-6.466301e+00	-1.472119e-04	2.155005e-04
0.411         	5.954436e-01	7.231529e+00	7.069372e-05	-3.638645e-05	-1.875974e-04	1.007856e+01	2.976854e-01	2.977582e-01	1.369432e+01	-6.462793e+00	-1.522505e-04	2.229442e-04
0.412         	5.946187e-01	7.230301e+00	7.206380e-05	-3.828454e-05	-1.930278e-04	1.007446e+01	2.972711e-01	2.973477e-01	1.368961e+01	-6.459308e+00	-1.569959e-04	2.290597e-04
0.413         	5.937928e-01	7.229102e+00	7.299883e-05	-3.964934e-05	-1.973936e-04	1.007045e+01	2.968568e-01	2.969361e-01	1.368501e+01	-6.455903e+00	-1.608942e-04	2.338930e-04
0.414         	5.929647e-01	7.227970e+00	7.451109e-05	-3.996985e-05	-2.019818e-04	1.006660e+01	2.964424e-01	2.965223e-01	1.368058e+01	-6.452614e+00	-1.647263e-04	2.392374e-04
0.415         	5.921273e-01	7.226831e+00	7.460038e-05	-4.102273e-05	-2.048489e-04	1.006265e+01	2.960226e-01	2.961047e-01	1.367606e+01	-6.449232e+00	-1.675487e-04	2.421491e-04
0.416         	5.912917e-01	7.225707e+00	7.548872e-05	-4.168764e-05	-2.074781e-04	1.005874e+01	2.956042e-01	2.956875e-01	1.367159e+01	-6.445885e+00	-1.697337e-04	2.452224e-04
0.417         	5.904593e-01	7.224616e+00	7.858734e-05	-4.238765e-05	-2.123080e-04	1.005484e+01	2.951873e-01	2.952720e-01	1.366715e+01	-6.442530e+00	-1.730144e-04	2.516017e-04
0.418         	5.896380e-01	7.223578e+00	8.049291e-05	-4.451556e-05	-2.154119e-04	1.005105e+01	2.947745e-01	2.948635e-01	1.366284e+01	-6.439266e+00	-1.751654e-04	2.556583e-04
0.419         	5.888395e-01	7.222633e+00	8.224854e-05	-4.604339e-05	-2.184570e-04	1.004755e+01	2.943737e-01	2.944658e-01	1.365887e+01	-6.436232e+00	-1.773327e-04	2.595812e-04
0.42          	5.880517e-01	7.221702e+00	8.355008e-05	-4.658947e-05	-2.206320e-04	1.004399e+01	2.939792e-01	2.940724e-01	1.365484e+01	-6.433134e+00	-1.788570e-04	2.624070e-04
0.421         	5.872768e-01	7.220820e+00	8.340910e-05	-4.697507e-05	-2.206739e-04	1.004055e+01	2.935914e-01	2.936854e-01	1.365096e+01	-6.430142e+00	-1.789693e-04	2.623784e-04
0.422         	5.865062e-01	7.219957e+00	8.349269e-05	-4.691622e-05	-2.218723e-04	1.003716e+01	2.932062e-01	2.933000e-01	1.364714e+01	-6.427184e+00	-1.801259e-04	2.636186e-04
0.423         	5.857352e-01	7.219115e+00	8.361736e-05	-4.716767e-05	-2.233726e-04	1.003377e+01	2.928204e-01	2.929148e-01	1.364332e+01	-6.424208e+00	-1.815639e-04	2.651812e-04
0.424         	5.849727e-01	7.218316e+00	8.432846e-05	-4.945123e-05	-2.256424e-04	1.003054e+01	2.924369e-01	2.925358e-01	1.363970e+01	-6.421384e+00	-1.834782e-04	2.678067e-04
0.425         	5.842169e-01	7.217490e+00	8.624059e-05	-5.115627e-05	-2.288442e-04	1.002730e+01	2.920573e-01	2.921596e-01	1.363605e+01	-6.418559e+00	-1.857239e-04	2.719645e-04
0.426         	5.834743e-01	7.216697e+00	8.750016e-05	-5.181955e-05	-2.301525e-04	1.002419e+01	2.916853e-01	2.917890e-01	1.363254e+01	-6.415839e+00	-1.864024e-04	2.739026e-04
0.427         	5.827472e-01	7.215957e+00	8.748943e-05	-5.047581e-05	-2.302518e-04	1.002131e+01	2.913231e-01	2.914241e-01	1.362929e+01	-6.413331e+00	-1.865071e-04	2.739965e-04
0.428         	5.820239e-01	7.215182e+00	8.742114e-05	-4.842442e-05	-2.315663e-04	1.001835e+01	2.909635e-01	2.910604e-01	1.362594e+01	-6.410760e+00	-1.878557e-04	2.752768e-04
0.429         	5.813092e-01	7.214447e+00	8.714817e-05	-4.793164e-05	-2.337814e-04	1.001555e+01	2.906067e-01	2.907025e-01	1.362277e+01	-6.408325e+00	-1.902073e-04	2.773555e-04
0.43          	5.806009e-01	7.213727e+00	8.806428e-05	-4.861783e-05	-2.384899e-04	1.001287e+01	2.902518e-01	2.903491e-01	1.361973e+01	-6.406006e+00	-1.944578e-04	2.825221e-04
0.431         	5.798924e-01	7.212961e+00	8.901578e-05	-5.050848e-05	-2.428466e-04	1.001009e+01	2.898957e-01	2.899967e-01	1.361657e+01	-6.403608e+00	-1.983387e-04	2.873544e-04
0.432         	5.791887e-01	7.212223e+00	8.871015e-05	-5.240652e-05	-2.447504e-04	1.000745e+01	2.895419e-01	2.896468e-01	1.361356e+01	-6.401339e+00	-2.003953e-04	2.891055e-04
0.433         	5.784883e-01	7.211497e+00	8.873970e-05	-5.257803e-05	-2.471050e-04	1.000492e+01	2.891916e-01	2.892967e-01	1.361067e+01	-6.399174e+00	-2.027352e-04	2.914749e-04
0.434         	5.777964e-01	7.210785e+00	8.833851e-05	-5.133093e-05	-2.483545e-04	1.000248e+01	2.888469e-01	2.889495e-01	1.360788e+01	-6.397092e+00	-2.041853e-04	2.925238e-04
0.435         	5.771181e-01	7.210151e+00	8.828011e-05	-4.964418e-05	-2.497377e-04	1.000034e+01	2.885094e-01	2.886087e-01	1.360542e+01	-6.395265e+00	-2.055977e-04	2.938778e-04
0.436         	5.764434e-01	7.209546e+00	8.922001e-05	-4.815830e-05	-2.529455e-04	9.998263e+00	2.881735e-01	2.882698e-01	1.360304e+01	-6.393490e+00	-2.083355e-04	2.975555e-04
0.437         	5.757704e-01	7.208977e+00	8.984928e-05	-4.786838e-05	-2.563953e-04	9.996241e+00	2.878373e-01	2.879331e-01	1.360073e+01	-6.391753e+00	-2.114706e-04	3.013199e-04
0.438         	5.751014e-01	7.208474e+00	8.989673e-05	-4.845633e-05	-2.593248e-04	9.994399e+00	2.875022e-01	2.875992e-01	1.359864e+01	-6.390162e+00	-2.143764e-04	3.042732e-04
0.439         	5.744279e-01	7.208016e+00	8.939176e-05	-4.801384e-05	-2.619012e-04	9.992639e+00	2.871660e-01	2.872620e-01	1.359665e+01	-6.388631e+00	-2.172053e-04	3.065971e-04
0.44          	5.737515e-01	7.207621e+00	8.856144e-05	-4.728976e-05	-2.646790e-04	9.991034e+00	2.868285e-01	2.869231e-01	1.359484e+01	-6.387224e+00	-2.203983e-04	3.089597e-04
0.441         	5.730772e-01	7.207322e+00	8.675795e-05	-4.558255e-05	-2.642512e-04	9.989692e+00	2.864930e-01	2.865842e-01	1.359335e+01	-6.386030e+00	-2.208722e-04	3.076302e-04
0.442         	5.724029e-01	7.207116e+00	8.496366e-05	-4.491390e-05	-2.637295e-04	9.988624e+00	2.861565e-01	2.862463e-01	1.359218e+01	-6.385066e+00	-2.212477e-04	3.062114e-04
0.443         	5.717317e-01	7.206988e+00	8.365449e-05	-4.386431e-05	-2.642079e-04	9.987798e+00	2.858220e-01	2.859097e-01	1.359129e+01	-6.384304e+00	-2.223806e-04	3.060351e-04
0.444         	5.710617e-01	7.206905e+00	8.140906e-05	-4.218364e-05	-2.632648e-04	9.987145e+00	2.854887e-01	2.855730e-01	1.359060e+01	-6.383692e+00	-2.225603e-04	3.039693e-04
0.445         	5.703817e-01	7.206839e+00	7.960065e-05	-4.073778e-05	-2.640998e-04	9.986583e+00	2.851501e-01	2.852316e-01	1.359000e+01	-6.383163e+00	-2.242995e-04	3.039001e-04
0.446         	5.696863e-01	7.206806e+00	7.647849e-05	-3.959698e-05	-2.605025e-04	9.986123e+00	2.848035e-01	2.848827e-01	1.358953e+01	-6.382719e+00	-2.222632e-04	2.987417e-04
0.447         	5.689796e-01	7.206820e+00	7.377930e-05	-3.974793e-05	-2.580967e-04	9.985781e+00	2.844501e-01	2.845296e-01	1.358919e+01	-6.382371e+00	-2.212071e-04	2.949864e-04
0.448         	5.682661e-01	7.206888e+00	7.173799e-05	-4.071113e-05	-2.572560e-04	9.985553e+00	2.840923e-01	2.841738e-01	1.358900e+01	-6.382109e+00	-2.213870e-04	2.931250e-04
0.449         	5.675518e-01	7.206998e+00	6.875102e-05	-4.049635e-05	-2.543696e-04	9.985423e+00	2.837354e-01	2.838164e-01	1.358892e+01	-6.381924e+00	-2.199941e-04	2.887451e-04
0.45          	5.668418e-01	7.207175e+00	6.356107e-05	-3.723827e-05	-2.475399e-04	9.985502e+00	2.833836e-01	2.834581e-01	1.358909e+01	-6.381915e+00	-2.157593e-04	2.793204e-04
0.451         	5.661327e-01	7.207427e+00	5.888100e-05	-3.560134e-05	-2.400806e-04	9.985859e+00	2.830307e-01	2.831019e-01	1.358957e+01	-6.382145e+00	-2.106401e-04	2.695211e-04
0.452         	5.654203e-01	7.207749e+00	5.637513e-05	-3.654830e-05	-2.358158e-04	9.986462e+00	2.826736e-01	2.827467e-01	1.359034e+01	-6.382588e+00	-2.076282e-04	2.640034e-04
0.453         	5.647040e-01	7.208161e+00	5.362407e-05	-3.765925e-05	-2.305169e-04	9.987345e+00	2.823143e-01	2.823896e-01	1.359143e+01	-6.383264e+00	-2.037048e-04	2.573289e-04
0.454         	5.639850e-01	7.208658e+00	4.954078e-05	-3.586097e-05	-2.243048e-04	9.988481e+00	2.819566e-01	2.820284e-01	1.359281e+01	-6.384152e+00	-1.995344e-04	2.490752e-04
0.455         	5.632673e-01	7.209232e+00	4.403303e-05	-3.288363e-05	-2.142874e-04	9.989817e+00	2.816008e-01	2.816665e-01	1.359443e+01	-6.385201e+00	-1.922709e-04	2.363039e-04
0.456         	5.625575e-01	7.209892e+00	3.870636e-05	-3.238004e-05	-2.011772e-04	9.991388e+00	2.812464e-01	2.813111e-01	1.359633e+01	-6.386442e+00	-1.818240e-04	2.205304e-04
0.457         	5.618578e-01	7.210607e+00	3.329149e-05	-3.049321e-05	-1.881185e-04	9.993154e+00	2.808984e-01	2.809594e-01	1.359846e+01	-6.387851e+00	-1.714727e-04	2.047642e-04
0.458         	5.611667e-01	7.211368e+00	2.842088e-05	-2.651334e-05	-1.787801e-04	9.995098e+00	2.805568e-01	2.806099e-01	1.360078e+01	-6.389414e+00	-1.645697e-04	1.929906e-04
0.459         	5.604825e-01	7.212185e+00	2.422158e-05	-2.249827e-05	-1.711590e-04	9.997219e+00	2.802188e-01	2.802638e-01	1.360331e+01	-6.391127e+00	-1.590482e-04	1.832698e-04
0.46          	5.598043e-01	7.213059e+00	2.161864e-05	-2.074801e-05	-1.649537e-04	9.999500e+00	2.798814e-01	2.799229e-01	1.360603e+01	-6.392971e+00	-1.541443e-04	1.757630e-04
0.461         	5.591330e-01	7.213977e+00	2.011739e-05	-2.133010e-05	-1.592425e-04	1.000190e+01	2.795452e-01	2.795879e-01	1.360889e+01	-6.394915e+00	-1.491838e-04	1.693012e-04
0.462         	5.584715e-01	7.214942e+00	1.816414e-05	-2.120782e-05	-1.531464e-04	1.000443e+01	2.792145e-01	2.792569e-01	1.361190e+01	-6.396960e+00	-1.440643e-04	1.622284e-04
0.463         	5.578208e-01	7.215935e+00	1.475650e-05	-1.759529e-05	-1.463889e-04	1.000705e+01	2.788928e-01	2.789280e-01	1.361502e+01	-6.399082e+00	-1.390106e-04	1.537671e-04
0.464         	5.571856e-01	7.216925e+00	9.650311e-06	-1.040536e-05	-1.372449e-04	1.000971e+01	2.785824e-01	2.786032e-01	1.361817e+01	-6.401246e+00	-1.324197e-04	1.420701e-04
0.465         	5.565709e-01	7.217906e+00	4.432634e-06	-4.437047e-06	-1.263586e-04	1.001240e+01	2.782810e-01	2.782899e-01	1.362135e+01	-6.403448e+00	-1.241423e-04	1.285749e-04
0.466         	5.559774e-01	7.218894e+00	1.221458e-06	-3.539950e-06	-1.164495e-04	1.001517e+01	2.779852e-01	2.779922e-01	1.362461e+01	-6.405719e+00	-1.158387e-04	1.170602e-04
0.467         	5.554100e-01	7.219909e+00	-1.174653e-06	-5.001900e-06	-1.066553e-04	1.001804e+01	2.777000e-01	2.777100e-01	1.362800e+01	-6.408090e+00	-1.072426e-04	1.060680e-04
0.468         	5.548700e-01	7.220941e+00	-3.619490e-06	-5.451410e-06	-9.853260e-05	1.002100e+01	2.774296e-01	2.774405e-01	1.363147e+01	-6.410530e+00	-1.003423e-04	9.672285e-05
0.469         	5.543531e-01	7.221972e+00	-5.770929e-06	-4.230319e-06	-9.499142e-05	1.002399e+01	2.771723e-01	2.771808e-01	1.363498e+01	-6.413008e+00	-9.787688e-05	9.210595e-05
0.47          	5.538622e-01	7.222988e+00	-9.943838e-06	-3.839323e-07	-8.832027e-05	1.002700e+01	2.769307e-01	2.769315e-01	1.363850e+01	-6.415510e+00	-9.329219e-05	8.334835e-05
0.471         	5.534045e-01	7.223998e+00	-1.576364e-05	3.813802e-06	-7.720048e-05	1.003007e+01	2.767061e-01	2.766984e-01	1.364207e+01	-6.418074e+00	-8.508230e-05	6.931866e-05
0.472         	5.529822e-01	7.225021e+00	-2.080183e-05	5.616254e-06	-6.833301e-05	1.003325e+01	2.764967e-01	2.764855e-01	1.364576e+01	-6.420738e+00	-7.873392e-05	5.793210e-05
0.473         	5.525991e-01	7.226069e+00	-2.728879e-05	7.125273e-06	-5.493286e-05	1.003654e+01	2.763067e-01	2.762924e-01	1.364958e+01	-6.423508e+00	-6.857726e-05	4.128847e-05
0.474         	5.522644e-01	7.227144e+00	-3.417452e-05	8.563269e-06	-4.032841e-05	1.003996e+01	2.761408e-01	2.761236e-01	1.365353e+01	-6.426384e+00	-5.741567e-05	2.324115e-05
0.475         	5.519864e-01	7.228239e+00	-4.045888e-05	9.929085e-06	-2.847221e-05	1.004348e+01	2.760031e-01	2.759833e-01	1.365760e+01	-6.429359e+00	-4.870164e-05	8.242767e-06
0.476         	5.517586e-01	7.229342e+00	-4.456271e-05	1.031055e-05	-2.468757e-05	1.004707e+01	2.758896e-01	2.758690e-01	1.366175e+01	-6.432403e+00	-4.696892e-05	2.406214e-06
0.477         	5.515856e-01	7.230438e+00	-4.834520e-05	1.084315e-05	-2.343570e-05	1.005071e+01	2.758036e-01	2.757819e-01	1.366593e+01	-6.435496e+00	-4.760830e-05	-7.369049e-07
0.478         	5.514752e-01	7.231520e+00	-5.341796e-05	1.309820e-05	-1.939159e-05	1.005440e+01	2.757507e-01	2.757245e-01	1.367016e+01	-6.438637e+00	-4.610057e-05	-7.317387e-06
0.479         	5.514333e-01	7.232585e+00	-5.968491e-05	1.634815e-05	-1.181491e-05	1.005813e+01	2.757330e-01	2.757003e-01	1.367442e+01	-6.441834e+00	-4.165737e-05	-1.802754e-05
0.48          	5.514597e-01	7.233654e+00	-6.622927e-05	1.879845e-05	-1.465237e-06	1.006193e+01	2.757487e-01	2.757111e-01	1.367876e+01	-6.445105e+00	-3.457987e-05	-3.164940e-05
0.481         	5.515599e-01	7.234755e+00	-7.227630e-05	1.927697e-05	9.771340e-06	1.006585e+01	2.757993e-01	2.757607e-01	1.368323e+01	-6.448473e+00	-2.636681e-05	-4.590949e-05
0.482         	5.517328e-01	7.235912e+00	-7.758021e-05	1.826202e-05	2.012409e-05	1.006991e+01	2.758847e-01	2.758481e-01	1.368787e+01	-6.451956e+00	-1.866602e-05	-5.891420e-05
0.483         	5.519711e-01	7.237126e+00	-8.092341e-05	1.661681e-05	2.440416e-05	1.007410e+01	2.760022e-01	2.759690e-01	1.369267e+01	-6.455540e+00	-1.605755e-05	-6.486587e-05
0.484         	5.522621e-01	7.238370e+00	-8.397966e-05	1.564490e-05	2.663907e-05	1.007837e+01	2.761467e-01	2.761154e-01	1.369756e+01	-6.459190e+00	-1.535076e-05	-6.862889e-05
0.485         	5.525900e-01	7.239626e+00	-8.657876e-05	1.475811e-05	2.711881e-05	1.008269e+01	2.763097e-01	2.762802e-01	1.370250e+01	-6.462876e+00	-1.617057e-05	-7.040819e-05
0.486         	5.529392e-01	7.240899e+00	-9.022458e-05	1.408796e-05	3.154801e-05	1.008705e+01	2.764837e-01	2.764555e-01	1.370750e+01	-6.466604e+00	-1.356428e-05	-7.666029e-05
0.487         	5.533008e-01	7.242201e+00	-9.458750e-05	1.279732e-05	4.032130e-05	1.009149e+01	2.766632e-01	2.766376e-01	1.371259e+01	-6.470392e+00	-6.972446e-06	-8.761505e-05
0.488         	5.536644e-01	7.243545e+00	-9.620293e-05	8.815507e-06	4.420028e-05	1.009603e+01	2.768410e-01	2.768234e-01	1.371780e+01	-6.474253e+00	-3.901189e-06	-9.230174e-05
0.489         	5.540224e-01	7.244942e+00	-9.557698e-05	3.475102e-06	4.420893e-05	1.010067e+01	2.770147e-01	2.770077e-01	1.372314e+01	-6.478195e+00	-3.579557e-06	-9.199742e-05
0.49          	5.543657e-01	7.246392e+00	-9.561175e-05	-1.386118e-06	4.636077e-05	1.010541e+01	2.771815e-01	2.771843e-01	1.372861e+01	-6.482216e+00	-1.445107e-06	-9.416664e-05
0.491         	5.546859e-01	7.247882e+00	-9.741507e-05	-4.060867e-06	5.204584e-05	1.011023e+01	2.773389e-01	2.773470e-01	1.373417e+01	-6.486288e+00	3.338298e-06	-1.007534e-04
0.492         	5.549776e-01	7.249387e+00	-9.980092e-05	-4.768567e-06	6.066736e-05	1.011504e+01	2.774840e-01	2.774936e-01	1.373974e+01	-6.490350e+00	1.076691e-05	-1.105678e-04
0.493         	5.552424e-01	7.250899e+00	-1.017770e-04	-4.847918e-06	7.063409e-05	1.011983e+01	2.776164e-01	2.776260e-01	1.374528e+01	-6.494378e+00	1.974558e-05	-1.215226e-04
0.494         	5.554825e-01	7.252437e+00	-1.013650e-04	-6.461538e-06	7.650015e-05	1.012460e+01	2.777348e-01	2.777477e-01	1.375081e+01	-6.498378e+00	2.581767e-05	-1.271826e-04
0.495         	5.557021e-01	7.254015e+00	-9.855913e-05	-1.020123e-05	7.757596e-05	1.012936e+01	2.778408e-01	2.778612e-01	1.375637e+01	-6.502357e+00	2.829639e-05	-1.268555e-04
0.496         	5.559088e-01	7.255656e+00	-9.639846e-05	-1.355372e-05	8.184296e-05	1.013417e+01	2.779409e-01	2.779680e-01	1.376200e+01	-6.506345e+00	3.364373e-05	-1.300422e-04
0.497         	5.561070e-01	7.257364e+00	-9.513668e-05	-1.583683e-05	8.780024e-05	1.013904e+01	2.780376e-01	2.780693e-01	1.376772e+01	-6.510358e+00	4.023190e-05	-1.353686e-04
0.498         	5.563003e-01	7.259119e+00	-9.590229e-05	-1.521400e-05	9.818622e-05	1.014393e+01	2.781349e-01	2.781654e-01	1.377349e+01	-6.514373e+00	5.023508e-05	-1.461374e-04
0.499         	5.564887e-01	7.260903e+00	-9.785976e-05	-1.114896e-05	1.112177e-04	1.014881e+01	2.782332e-01	2.782555e-01	1.377926e+01	-6.518354e+00	6.228777e-05	-1.601475e-04
0.5           	5.566717e-01	7.262708e+00	-9.886804e-05	-5.805610e-06	1.226178e-04	1.015364e+01	2.783301e-01	2.783417e-01	1.378500e+01	-6.522290e+00	7.318379e-05	-1.720518e-04
0.501         	5.568498e-01	7.264523e+00	-9.840931e-05	-2.410049e-06	1.319484e-04	1.015844e+01	2.784225e-01	2.784273e-01	1.379070e+01	-6.526178e+00	8.274374e-05	-1.811530e-04
0.502         	5.570243e-01	7.266330e+00	-9.554730e-05	-4.345007e-07	1.348635e-04	1.016314e+01	2.785117e-01	2.785126e-01	1.379631e+01	-6.529980e+00	8.708985e-05	-1.826372e-04
0.503         	5.572030e-01	7.268118e+00	-9.247968e-05	2.111075e-06	1.375700e-04	1.016773e+01	2.786036e-01	2.785994e-01	1.380179e+01	-6.533669e+00	9.133011e-05	-1.838098e-04
0.504         	5.573915e-01	7.269890e+00	-9.039973e-05	5.554803e-06	1.425523e-04	1.017220e+01	2.787013e-01	2.786902e-01	1.380714e+01	-6.537251e+00	9.735244e-05	-1.877522e-04
0.505         	5.575907e-01	7.271647e+00	-8.961440e-05	1.014873e-05	1.509225e-04	1.017652e+01	2.788055e-01	2.787852e-01	1.381235e+01	-6.540701e+00	1.061153e-04	-1.957297e-04
0.506         	5.578003e-01	7.273379e+00	-8.955543e-05	1.588246e-05	1.619153e-04	1.018069e+01	2.789160e-01	2.788843e-01	1.381738e+01	-6.544002e+00	1.171376e-04	-2.066930e-04
0.507         	5.580191e-01	7.275075e+00	-8.926620e-05	2.161528e-05	1.727255e-04	1.018470e+01	2.790312e-01	2.789879e-01	1.382224e+01	-6.547163e+00	1.280924e-04	-2.173586e-04
0.508         	5.582393e-01	7.276708e+00	-8.768736e-05	2.740740e-05	1.812176e-04	1.018852e+01	2.791471e-01	2.790922e-01	1.382687e+01	-6.550166e+00	1.373739e-04	-2.250613e-04
0.509         	5.584552e-01	7.278252e+00	-8.440442e-05	3.416278e-05	1.861635e-04	1.019210e+01	2.792618e-01	2.791935e-01	1.383123e+01	-6.552973e+00	1.439613e-04	-2.283657e-04
0.51          	5.586631e-01	7.279697e+00	-7.883760e-05	4.050057e-05	1.840850e-04	1.019539e+01	2.793720e-01	2.792910e-01	1.383524e+01	-6.555544e+00	1.446662e-04	-2.235038e-04
0.511         	5.588585e-01	7.281055e+00	-7.366632e-05	4.634617e-05	1.839536e-04	1.019841e+01	2.794756e-01	2.793829e-01	1.383894e+01	-6.557881e+00	1.471205e-04	-2.207868e-04
0.512         	5.590382e-01	7.282334e+00	-6.911844e-05	5.089981e-05	1.854802e-04	1.020116e+01	2.795700e-01	2.794682e-01	1.384233e+01	-6.559995e+00	1.509210e-04	-2.200394e-04
0.513         	5.592014e-01	7.283539e+00	-6.433172e-05	5.472546e-05	1.852183e-04	1.020368e+01	2.796554e-01	2.795460e-01	1.384545e+01	-6.561909e+00	1.530524e-04	-2.173841e-04
0.514         	5.593480e-01	7.284673e+00	-5.953961e-05	5.881227e-05	1.849175e-04	1.020598e+01	2.797328e-01	2.796152e-01	1.384832e+01	-6.563646e+00	1.551477e-04	-2.146873e-04
0.515         	5.594786e-01	7.285750e+00	-5.478380e-05	6.247611e-05	1.839900e-04	1.020811e+01	2.798018e-01	2.796768e-01	1.385098e+01	-6.565234e+00	1.565981e-04	-2.113819e-04
0.516         	5.595957e-01	7.286779e+00	-5.011075e-05	6.642933e-05	1.829661e-04	1.021008e+01	2.798643e-01	2.797314e-01	1.385347e+01	-6.566691e+00	1.579108e-04	-2.080215e-04
0.517         	5.597019e-01	7.287760e+00	-4.499224e-05	7.054472e-05	1.812426e-04	1.021191e+01	2.799215e-01	2.797804e-01	1.385579e+01	-6.568026e+00	1.587465e-04	-2.037387e-04
0.518         	5.597988e-01	7.288684e+00	-3.877656e-05	7.480151e-05	1.780889e-04	1.021359e+01	2.799742e-01	2.798246e-01	1.385793e+01	-6.569245e+00	1.587006e-04	-1.974771e-04
0.519         	5.598893e-01	7.289554e+00	-3.294537e-05	7.948182e-05	1.778182e-04	1.021514e+01	2.800241e-01	2.798652e-01	1.385992e+01	-6.570364e+00	1.613455e-04	-1.942909e-04
0.52          	5.599770e-01	7.290386e+00	-2.795192e-05	8.353804e-05	1.797722e-04	1.021661e+01	2.800720e-01	2.799050e-01	1.386181e+01	-6.571421e+00	1.657963e-04	-1.937482e-04
0.521         	5.600619e-01	7.291187e+00	-2.288455e-05	8.674284e-05	1.805472e-04	1.021801e+01	2.801177e-01	2.799442e-01	1.386361e+01	-6.572419e+00	1.691049e-04	-1.919895e-04
0.522         	5.601437e-01	7.291960e+00	-1.704116e-05	8.853293e-05	1.774245e-04	1.021933e+01	2.801604e-01	2.799833e-01	1.386531e+01	-6.573349e+00	1.689039e-04	-1.859451e-04
0.523         	5.602224e-01	7.292702e+00	-1.106058e-05	8.950040e-05	1.723150e-04	1.022056e+01	2.802007e-01	2.800217e-01	1.386692e+01	-6.574214e+00	1.667848e-04	-1.778453e-04
0.524         	5.602980e-01	7.293405e+00	-5.496363e-06	9.100225e-05	1.675250e-04	1.022172e+01	2.802400e-01	2.800580e-01	1.386842e+01	-6.575017e+00	1.647769e-04	-1.702732e-04
0.525         	5.603740e-01	7.294072e+00	-8.520962e-07	9.293427e-05	1.664407e-04	1.022282e+01	2.802799e-01	2.800941e-01	1.386985e+01	-6.575781e+00	1.660147e-04	-1.668668e-04
0.526         	5.604547e-01	7.294713e+00	3.328874e-06	9.452727e-05	1.684018e-04	1.022388e+01	2.803219e-01	2.801328e-01	1.387124e+01	-6.576526e+00	1.700662e-04	-1.667374e-04
0.527         	5.605441e-01	7.295338e+00	6.885036e-06	9.537411e-05	1.705866e-04	1.022494e+01	2.803674e-01	2.801767e-01	1.387261e+01	-6.577269e+00	1.740291e-04	-1.671440e-04
0.528         	5.606467e-01	7.295956e+00	9.441674e-06	9.571591e-05	1.727374e-04	1.022600e+01	2.804191e-01	2.802277e-01	1.387398e+01	-6.578027e+00	1.774582e-04	-1.680166e-04
0.529         	5.607650e-01	7.296568e+00	1.073936e-05	9.693054e-05	1.752319e-04	1.022709e+01	2.804794e-01	2.802855e-01	1.387538e+01	-6.578808e+00	1.806016e-04	-1.698622e-04
0.53          	5.608979e-01	7.297172e+00	1.090023e-05	9.818134e-05	1.794320e-04	1.022820e+01	2.805472e-01	2.803508e-01	1.387678e+01	-6.579610e+00	1.848821e-04	-1.739819e-04
0.531         	5.610437e-01	7.297768e+00	1.090480e-05	9.812831e-05	1.848427e-04	1.022932e+01	2.806200e-01	2.804237e-01	1.387821e+01	-6.580437e+00	1.902951e-04	-1.793903e-04
0.532         	5.612002e-01	7.298355e+00	1.111252e-05	9.660256e-05	1.905029e-04	1.023046e+01	2.806967e-01	2.805035e-01	1.387964e+01	-6.581287e+00	1.960592e-04	-1.849467e-04
0.533         	5.613671e-01	7.298932e+00	1.090100e-05	9.418250e-05	1.964633e-04	1.023163e+01	2.807777e-01	2.805894e-01	1.388110e+01	-6.582164e+00	2.019138e-04	-1.910128e-04
0.534         	5.615449e-01	7.299504e+00	9.627411e-06	9.175891e-05	2.030348e-04	1.023282e+01	2.808642e-01	2.806807e-01	1.388258e+01	-6.583072e+00	2.078485e-04	-1.982211e-04
0.535         	5.617336e-01	7.300069e+00	6.797079e-06	9.044444e-05	2.101892e-04	1.023404e+01	2.809572e-01	2.807764e-01	1.388407e+01	-6.584005e+00	2.135877e-04	-2.067906e-04
0.536         	5.619317e-01	7.300625e+00	3.303781e-06	8.894100e-05	2.168550e-04	1.023527e+01	2.810548e-01	2.808769e-01	1.388558e+01	-6.584959e+00	2.185068e-04	-2.152031e-04
0.537         	5.621362e-01	7.301174e+00	-1.415641e-06	8.733869e-05	2.242116e-04	1.023652e+01	2.811554e-01	2.809808e-01	1.388711e+01	-6.585933e+00	2.235038e-04	-2.249194e-04
0.538         	5.623437e-01	7.301715e+00	-7.579872e-06	8.527927e-05	2.324765e-04	1.023778e+01	2.812571e-01	2.810866e-01	1.388864e+01	-6.586927e+00	2.286866e-04	-2.362665e-04
0.539         	5.625505e-01	7.302248e+00	-1.464797e-05	8.254711e-05	2.412407e-04	1.023906e+01	2.813578e-01	2.811927e-01	1.389019e+01	-6.587937e+00	2.339167e-04	-2.485647e-04
0.54          	5.627541e-01	7.302776e+00	-2.232498e-05	7.906290e-05	2.495483e-04	1.024035e+01	2.814561e-01	2.812980e-01	1.389174e+01	-6.588959e+00	2.383858e-04	-2.607108e-04
0.541         	5.629520e-01	7.303298e+00	-3.020670e-05	7.489260e-05	2.568102e-04	1.024163e+01	2.815509e-01	2.814011e-01	1.389328e+01	-6.589985e+00	2.417069e-04	-2.719136e-04
0.542         	5.631423e-01	7.303816e+00	-3.872448e-05	7.050118e-05	2.646491e-04	1.024292e+01	2.816417e-01	2.815007e-01	1.389482e+01	-6.591009e+00	2.452869e-04	-2.840114e-04
0.543         	5.633244e-01	7.304332e+00	-4.836949e-05	6.649142e-05	2.741974e-04	1.024420e+01	2.817287e-01	2.815957e-01	1.389636e+01	-6.592030e+00	2.500126e-04	-2.983821e-04
0.544         	5.634969e-01	7.304848e+00	-5.879653e-05	6.285121e-05	2.851479e-04	1.024547e+01	2.818113e-01	2.816856e-01	1.389789e+01	-6.593046e+00	2.557497e-04	-3.145462e-04
0.545         	5.636597e-01	7.305364e+00	-7.007062e-05	6.029948e-05	2.962260e-04	1.024674e+01	2.818901e-01	2.817695e-01	1.389942e+01	-6.594056e+00	2.611907e-04	-3.312613e-04
0.546         	5.638129e-01	7.305876e+00	-8.122821e-05	5.791560e-05	3.058039e-04	1.024799e+01	2.819644e-01	2.818485e-01	1.390093e+01	-6.595055e+00	2.651898e-04	-3.464180e-04
0.547         	5.639544e-01	7.306384e+00	-9.188649e-05	5.485827e-05	3.133205e-04	1.024923e+01	2.820321e-01	2.819223e-01	1.390242e+01	-6.596039e+00	2.673772e-04	-3.592637e-04
0.548         	5.640818e-01	7.306891e+00	-1.019664e-04	5.109171e-05	3.195353e-04	1.025045e+01	2.820920e-01	2.819898e-01	1.390390e+01	-6.597006e+00	2.685520e-04	-3.705185e-04
0.549         	5.641930e-01	7.307398e+00	-1.116611e-04	4.734716e-05	3.257627e-04	1.025165e+01	2.821438e-01	2.820491e-01	1.390535e+01	-6.597954e+00	2.699322e-04	-3.815932e-04
0.55          	5.642871e-01	7.307903e+00	-1.212512e-04	4.434853e-05	3.328716e-04	1.025283e+01	2.821879e-01	2.820992e-01	1.390678e+01	-6.598876e+00	2.722460e-04	-3.934972e-04
0.551         	5.643659e-01	7.308407e+00	-1.305511e-04	4.216938e-05	3.403570e-04	1.025397e+01	2.822251e-01	2.821408e-01	1.390817e+01	-6.599767e+00	2.750815e-04	-4.056325e-04
0.552         	5.644330e-01	7.308907e+00	-1.395922e-04	4.063903e-05	3.481862e-04	1.025507e+01	2.822571e-01	2.821758e-01	1.390953e+01	-6.600620e+00	2.783901e-04	-4.179823e-04
0.553         	5.644901e-01	7.309401e+00	-1.480040e-04	3.901178e-05	3.540802e-04	1.025613e+01	2.822840e-01	2.822060e-01	1.391083e+01	-6.601429e+00	2.800782e-04	-4.280822e-04
0.554         	5.645363e-01	7.309890e+00	-1.552892e-04	3.691753e-05	3.571332e-04	1.025714e+01	2.823051e-01	2.822312e-01	1.391208e+01	-6.602193e+00	2.794886e-04	-4.347778e-04
0.555         	5.645692e-01	7.310371e+00	-1.614283e-04	3.464782e-05	3.580671e-04	1.025810e+01	2.823192e-01	2.822500e-01	1.391328e+01	-6.602911e+00	2.773530e-04	-4.387813e-04
0.556         	5.645878e-01	7.310844e+00	-1.668904e-04	3.144309e-05	3.580440e-04	1.025900e+01	2.823253e-01	2.822625e-01	1.391442e+01	-6.603580e+00	2.745988e-04	-4.414892e-04
0.557         	5.645924e-01	7.311312e+00	-1.722130e-04	2.908254e-05	3.585681e-04	1.025986e+01	2.823253e-01	2.822671e-01	1.391552e+01	-6.604203e+00	2.724616e-04	-4.446746e-04
0.558         	5.645850e-01	7.311773e+00	-1.768961e-04	2.712163e-05	3.591780e-04	1.026066e+01	2.823196e-01	2.822654e-01	1.391655e+01	-6.604774e+00	2.707299e-04	-4.476260e-04
0.559         	5.645670e-01	7.312232e+00	-1.807974e-04	2.578041e-05	3.590015e-04	1.026141e+01	2.823093e-01	2.822577e-01	1.391753e+01	-6.605294e+00	2.686028e-04	-4.494002e-04
0.56          	5.645386e-01	7.312689e+00	-1.840044e-04	2.443591e-05	3.571518e-04	1.026211e+01	2.822937e-01	2.822449e-01	1.391845e+01	-6.605761e+00	2.651496e-04	-4.491540e-04
0.561         	5.645007e-01	7.313143e+00	-1.864221e-04	2.282971e-05	3.539497e-04	1.026274e+01	2.822732e-01	2.822275e-01	1.391931e+01	-6.606171e+00	2.607387e-04	-4.471608e-04
0.562         	5.644537e-01	7.313591e+00	-1.880872e-04	2.128888e-05	3.497035e-04	1.026332e+01	2.822482e-01	2.822056e-01	1.392011e+01	-6.606521e+00	2.556598e-04	-4.437471e-04
0.563         	5.643993e-01	7.314025e+00	-1.889658e-04	2.020912e-05	3.452965e-04	1.026382e+01	2.822199e-01	2.821794e-01	1.392083e+01	-6.606807e+00	2.508137e-04	-4.397794e-04
0.564         	5.643390e-01	7.314443e+00	-1.891835e-04	1.944822e-05	3.413348e-04	1.026425e+01	2.821890e-01	2.821501e-01	1.392147e+01	-6.607027e+00	2.467431e-04	-4.359265e-04
0.565         	5.642726e-01	7.314844e+00	-1.885465e-04	1.872857e-05	3.376595e-04	1.026460e+01	2.821550e-01	2.821176e-01	1.392202e+01	-6.607179e+00	2.433863e-04	-4.319327e-04
0.566         	5.641961e-01	7.315225e+00	-1.871180e-04	1.837293e-05	3.340772e-04	1.026487e+01	2.821164e-01	2.820797e-01	1.392248e+01	-6.607253e+00	2.405182e-04	-4.276362e-04
0.567         	5.641045e-01	7.315591e+00	-1.834137e-04	1.689740e-05	3.291408e-04	1.026504e+01	2.820691e-01	2.820353e-01	1.392283e+01	-6.607242e+00	2.374340e-04	-4.208477e-04
0.568         	5.639973e-01	7.315954e+00	-1.796312e-04	1.590162e-05	3.242436e-04	1.026515e+01	2.820145e-01	2.819827e-01	1.392312e+01	-6.607170e+00	2.344281e-04	-4.140592e-04
0.569         	5.638802e-01	7.316311e+00	-1.761869e-04	1.618867e-05	3.192313e-04	1.026521e+01	2.819563e-01	2.819239e-01	1.392337e+01	-6.607055e+00	2.311379e-04	-4.073248e-04
0.57          	5.637546e-01	7.316647e+00	-1.726744e-04	1.702472e-05	3.147137e-04	1.026521e+01	2.818943e-01	2.818603e-01	1.392353e+01	-6.606887e+00	2.283765e-04	-4.010509e-04
0.571         	5.636204e-01	7.316953e+00	-1.674458e-04	1.685932e-05	3.113363e-04	1.026513e+01	2.818271e-01	2.817933e-01	1.392360e+01	-6.606652e+00	2.276134e-04	-3.950592e-04
0.572         	5.634778e-01	7.317233e+00	-1.609000e-04	1.605421e-05	3.084038e-04	1.026495e+01	2.817550e-01	2.817229e-01	1.392357e+01	-6.606338e+00	2.279538e-04	-3.888537e-04
0.573         	5.633238e-01	7.317493e+00	-1.530356e-04	1.472124e-05	3.054215e-04	1.026469e+01	2.816766e-01	2.816472e-01	1.392344e+01	-6.605943e+00	2.289037e-04	-3.819393e-04
0.574         	5.631577e-01	7.317735e+00	-1.441400e-04	1.322884e-05	3.023482e-04	1.026434e+01	2.815921e-01	2.815656e-01	1.392321e+01	-6.605476e+00	2.302782e-04	-3.744182e-04
0.575         	5.629803e-01	7.317957e+00	-1.351433e-04	1.278068e-05	2.994667e-04	1.026392e+01	2.815029e-01	2.814774e-01	1.392290e+01	-6.604945e+00	2.318951e-04	-3.670384e-04
0.576         	5.627975e-01	7.318147e+00	-1.268534e-04	1.384000e-05	2.975508e-04	1.026343e+01	2.814126e-01	2.813849e-01	1.392250e+01	-6.604355e+00	2.341241e-04	-3.609775e-04
0.577         	5.626101e-01	7.318298e+00	-1.191405e-04	1.558500e-05	2.954542e-04	1.026285e+01	2.813206e-01	2.812894e-01	1.392200e+01	-6.603703e+00	2.358839e-04	-3.550244e-04
0.578         	5.624123e-01	7.318412e+00	-1.112169e-04	1.570027e-05	2.930738e-04	1.026219e+01	2.812219e-01	2.811905e-01	1.392140e+01	-6.602984e+00	2.374653e-04	-3.486823e-04
0.579         	5.621964e-01	7.318503e+00	-1.013885e-04	1.261908e-05	2.903292e-04	1.026144e+01	2.811108e-01	2.810856e-01	1.392070e+01	-6.602193e+00	2.396349e-04	-3.410234e-04
0.58          	5.619641e-01	7.318583e+00	-9.196443e-05	9.503294e-06	2.897436e-04	1.026063e+01	2.809916e-01	2.809726e-01	1.391992e+01	-6.601334e+00	2.437614e-04	-3.357258e-04
0.581         	5.617224e-01	7.318649e+00	-8.247970e-05	7.148678e-06	2.890142e-04	1.025974e+01	2.808684e-01	2.808541e-01	1.391906e+01	-6.600414e+00	2.477744e-04	-3.302541e-04
0.582         	5.614787e-01	7.318696e+00	-7.351637e-05	5.035563e-06	2.910248e-04	1.025879e+01	2.807444e-01	2.807343e-01	1.391814e+01	-6.599443e+00	2.542666e-04	-3.277830e-04
0.583         	5.612498e-01	7.318726e+00	-6.566631e-05	2.841788e-06	2.977792e-04	1.025779e+01	2.806277e-01	2.806221e-01	1.391715e+01	-6.598424e+00	2.649460e-04	-3.306123e-04
0.584         	5.610547e-01	7.318742e+00	-5.821819e-05	-8.655801e-08	3.046331e-04	1.025673e+01	2.805273e-01	2.805274e-01	1.391610e+01	-6.597360e+00	2.755240e-04	-3.337422e-04
0.585         	5.608842e-01	7.318740e+00	-5.252343e-05	-2.456240e-06	3.031448e-04	1.025562e+01	2.804397e-01	2.804446e-01	1.391499e+01	-6.596251e+00	2.768831e-04	-3.294065e-04
0.586         	5.606873e-01	7.318716e+00	-4.591066e-05	-6.584000e-06	2.866952e-04	1.025444e+01	2.803371e-01	2.803502e-01	1.391380e+01	-6.595084e+00	2.637398e-04	-3.096505e-04
0.587         	5.604226e-01	7.318670e+00	-3.851809e-05	-1.208821e-05	2.689672e-04	1.025318e+01	2.801992e-01	2.802234e-01	1.391252e+01	-6.593847e+00	2.497082e-04	-2.882263e-04
0.588         	5.601030e-01	7.318601e+00	-3.491559e-05	-1.420548e-05	2.646657e-04	1.025184e+01	2.800373e-01	2.800657e-01	1.391114e+01	-6.592541e+00	2.472079e-04	-2.821235e-04
0.589         	5.597733e-01	7.318508e+00	-3.389237e-05	-1.384539e-05	2.740454e-04	1.025044e+01	2.798728e-01	2.799005e-01	1.390969e+01	-6.591185e+00	2.570992e-04	-2.909916e-04
0.59          	5.594729e-01	7.318385e+00	-3.518921e-05	-1.120641e-05	2.920231e-04	1.024899e+01	2.797253e-01	2.797477e-01	1.390818e+01	-6.589797e+00	2.744285e-04	-3.096177e-04
0.591         	5.592108e-01	7.318234e+00	-3.518309e-05	-9.651252e-06	3.057064e-04	1.024750e+01	2.795958e-01	2.796151e-01	1.390662e+01	-6.588385e+00	2.881148e-04	-3.232979e-04
0.592         	5.589773e-01	7.318052e+00	-3.497108e-05	-8.683738e-06	3.129194e-04	1.024597e+01	2.794800e-01	2.794973e-01	1.390500e+01	-6.586947e+00	2.954339e-04	-3.304050e-04
0.593         	5.587509e-01	7.317842e+00	-3.429759e-05	-9.204231e-06	3.142752e-04	1.024440e+01	2.793663e-01	2.793847e-01	1.390332e+01	-6.585480e+00	2.971264e-04	-3.314240e-04
0.594         	5.585213e-01	7.317602e+00	-3.112744e-05	-1.298487e-05	3.117368e-04	1.024278e+01	2.792476e-01	2.792736e-01	1.390158e+01	-6.583978e+00	2.961731e-04	-3.273005e-04
0.595         	5.582822e-01	7.317340e+00	-2.920867e-05	-1.698546e-05	3.091271e-04	1.024111e+01	2.791241e-01	2.791581e-01	1.389978e+01	-6.582438e+00	2.945227e-04	-3.237314e-04
0.596         	5.580310e-01	7.317072e+00	-2.884134e-05	-2.029692e-05	3.080529e-04	1.023940e+01	2.789952e-01	2.790358e-01	1.389793e+01	-6.580862e+00	2.936322e-04	-3.224736e-04
0.597         	5.577728e-01	7.316800e+00	-3.161318e-05	-2.012354e-05	3.103314e-04	1.023765e+01	2.788663e-01	2.789065e-01	1.389605e+01	-6.579253e+00	2.945248e-04	-3.261380e-04
0.598         	5.575139e-01	7.316521e+00	-3.563884e-05	-1.866714e-05	3.132021e-04	1.023588e+01	2.787383e-01	2.787756e-01	1.389414e+01	-6.577616e+00	2.953827e-04	-3.310216e-04
0.599         	5.572511e-01	7.316230e+00	-4.064754e-05	-1.676702e-05	3.191819e-04	1.023407e+01	2.786088e-01	2.786423e-01	1.389218e+01	-6.575952e+00	2.988582e-04	-3.395057e-04
0.6           	5.569976e-01	7.315926e+00	-4.616827e-05	-1.497663e-05	3.283362e-04	1.023223e+01	2.784838e-01	2.785138e-01	1.389019e+01	-6.574267e+00	3.052521e-04	-3.514204e-04
0.601         	5.567660e-01	7.315603e+00	-5.224168e-05	-1.270162e-05	3.367143e-04	1.023037e+01	2.783703e-01	2.783957e-01	1.388817e+01	-6.572565e+00	3.105935e-04	-3.628351e-04
0.602         	5.565534e-01	7.315257e+00	-5.699763e-05	-1.220441e-05	3.409212e-04	1.022848e+01	2.782645e-01	2.782889e-01	1.388611e+01	-6.570848e+00	3.124224e-04	-3.694200e-04
0.603         	5.563463e-01	7.314897e+00	-6.219281e-05	-1.238693e-05	3.452005e-04	1.022656e+01	2.781608e-01	2.781855e-01	1.388401e+01	-6.569114e+00	3.141041e-04	-3.762969e-04
0.604         	5.561401e-01	7.314531e+00	-6.596019e-05	-1.313688e-05	3.469784e-04	1.022462e+01	2.780569e-01	2.780832e-01	1.388189e+01	-6.567357e+00	3.139983e-04	-3.799585e-04
0.605         	5.559272e-01	7.314169e+00	-6.980650e-05	-1.329321e-05	3.510425e-04	1.022267e+01	2.779503e-01	2.779769e-01	1.387975e+01	-6.565580e+00	3.161392e-04	-3.859457e-04
0.606         	5.557207e-01	7.313807e+00	-7.508109e-05	-1.142265e-05	3.596586e-04	1.022068e+01	2.778489e-01	2.778718e-01	1.387759e+01	-6.563779e+00	3.221181e-04	-3.971992e-04
0.607         	5.555264e-01	7.313433e+00	-8.100381e-05	-8.565570e-06	3.687972e-04	1.021867e+01	2.777547e-01	2.777718e-01	1.387538e+01	-6.561950e+00	3.282953e-04	-4.092991e-04
0.608         	5.553426e-01	7.313046e+00	-8.791870e-05	-5.793322e-06	3.754858e-04	1.021661e+01	2.776655e-01	2.776771e-01	1.387314e+01	-6.560092e+00	3.315265e-04	-4.194452e-04
0.609         	5.551686e-01	7.312651e+00	-9.508824e-05	-4.070234e-06	3.806785e-04	1.021454e+01	2.775802e-01	2.775884e-01	1.387086e+01	-6.558210e+00	3.331343e-04	-4.282226e-04
0.61          	5.550022e-01	7.312252e+00	-1.034019e-04	-1.195913e-06	3.841943e-04	1.021243e+01	2.774999e-01	2.775023e-01	1.386856e+01	-6.556308e+00	3.324933e-04	-4.358953e-04
0.611         	5.548370e-01	7.311852e+00	-1.103337e-04	1.088298e-06	3.881421e-04	1.021031e+01	2.774196e-01	2.774174e-01	1.386624e+01	-6.554383e+00	3.329753e-04	-4.433090e-04
0.612         	5.546699e-01	7.311454e+00	-1.160692e-04	2.241998e-06	3.939548e-04	1.020816e+01	2.773372e-01	2.773327e-01	1.386389e+01	-6.552435e+00	3.359202e-04	-4.519894e-04
0.613         	5.545027e-01	7.311056e+00	-1.211697e-04	2.667607e-06	4.019626e-04	1.020599e+01	2.772540e-01	2.772487e-01	1.386151e+01	-6.550458e+00	3.413778e-04	-4.625475e-04
0.614         	5.543482e-01	7.310655e+00	-1.260564e-04	4.905122e-06	4.122717e-04	1.020379e+01	2.771790e-01	2.771692e-01	1.385912e+01	-6.548460e+00	3.492435e-04	-4.752999e-04
0.615         	5.542170e-01	7.310245e+00	-1.305600e-04	7.804547e-06	4.214418e-04	1.020157e+01	2.771163e-01	2.771007e-01	1.385669e+01	-6.546450e+00	3.561618e-04	-4.867218e-04
0.616         	5.540998e-01	7.309823e+00	-1.355405e-04	1.140744e-05	4.241814e-04	1.019934e+01	2.770613e-01	2.770385e-01	1.385425e+01	-6.544426e+00	3.564112e-04	-4.919517e-04
0.617         	5.539736e-01	7.309389e+00	-1.423186e-04	1.645651e-05	4.218304e-04	1.019708e+01	2.770033e-01	2.769704e-01	1.385178e+01	-6.542388e+00	3.506711e-04	-4.929897e-04
0.618         	5.538340e-01	7.308939e+00	-1.477049e-04	2.034052e-05	4.212550e-04	1.019480e+01	2.769373e-01	2.768967e-01	1.384927e+01	-6.540333e+00	3.474025e-04	-4.951074e-04
0.619         	5.536934e-01	7.308473e+00	-1.515304e-04	2.390650e-05	4.258555e-04	1.019250e+01	2.768706e-01	2.768228e-01	1.384674e+01	-6.538267e+00	3.500903e-04	-5.016207e-04
0.62          	5.535643e-01	7.307988e+00	-1.542341e-04	2.730301e-05	4.330927e-04	1.019018e+01	2.768095e-01	2.767548e-01	1.384418e+01	-6.536190e+00	3.559757e-04	-5.102097e-04
0.621         	5.534488e-01	7.307486e+00	-1.562777e-04	3.053261e-05	4.386764e-04	1.018785e+01	2.767549e-01	2.766938e-01	1.384159e+01	-6.534105e+00	3.605375e-04	-5.168152e-04
0.622         	5.533377e-01	7.306963e+00	-1.593303e-04	3.548753e-05	4.379716e-04	1.018550e+01	2.767043e-01	2.766334e-01	1.383898e+01	-6.532016e+00	3.583064e-04	-5.176368e-04
0.623         	5.532244e-01	7.306419e+00	-1.605798e-04	3.930724e-05	4.341967e-04	1.018313e+01	2.766515e-01	2.765729e-01	1.383634e+01	-6.529925e+00	3.539069e-04	-5.144866e-04
0.624         	5.531118e-01	7.305863e+00	-1.596866e-04	4.131651e-05	4.314317e-04	1.018076e+01	2.765972e-01	2.765146e-01	1.383370e+01	-6.527833e+00	3.515884e-04	-5.112750e-04
0.625         	5.530036e-01	7.305302e+00	-1.582777e-04	4.374463e-05	4.297342e-04	1.017839e+01	2.765455e-01	2.764580e-01	1.383104e+01	-6.525743e+00	3.505954e-04	-5.088731e-04
0.626         	5.528999e-01	7.304731e+00	-1.577437e-04	4.776237e-05	4.292059e-04	1.017601e+01	2.764977e-01	2.764022e-01	1.382838e+01	-6.523649e+00	3.503340e-04	-5.080777e-04
0.627         	5.527960e-01	7.304144e+00	-1.591120e-04	5.374854e-05	4.279757e-04	1.017362e+01	2.764517e-01	2.763442e-01	1.382569e+01	-6.521545e+00	3.484198e-04	-5.075317e-04
0.628         	5.526883e-01	7.303544e+00	-1.596778e-04	5.892064e-05	4.270988e-04	1.017120e+01	2.764031e-01	2.762852e-01	1.382298e+01	-6.519432e+00	3.472599e-04	-5.069377e-04
0.629         	5.525782e-01	7.302943e+00	-1.582277e-04	6.334933e-05	4.254307e-04	1.016879e+01	2.763525e-01	2.762258e-01	1.382026e+01	-6.517321e+00	3.463169e-04	-5.045445e-04
0.63          	5.524662e-01	7.302342e+00	-1.543366e-04	6.541580e-05	4.220143e-04	1.016638e+01	2.762985e-01	2.761677e-01	1.381755e+01	-6.515211e+00	3.448461e-04	-4.991826e-04
0.631         	5.523510e-01	7.301744e+00	-1.511611e-04	6.617847e-05	4.172891e-04	1.016397e+01	2.762417e-01	2.761093e-01	1.381485e+01	-6.513102e+00	3.417085e-04	-4.928696e-04
0.632         	5.522330e-01	7.301146e+00	-1.513002e-04	6.849731e-05	4.114311e-04	1.016157e+01	2.761850e-01	2.760480e-01	1.381214e+01	-6.510997e+00	3.357810e-04	-4.870812e-04
0.633         	5.521144e-01	7.300551e+00	-1.523999e-04	7.115767e-05	4.068262e-04	1.015917e+01	2.761283e-01	2.759860e-01	1.380945e+01	-6.508899e+00	3.306262e-04	-4.830261e-04
0.634         	5.519992e-01	7.299967e+00	-1.530618e-04	7.366254e-05	4.044255e-04	1.015679e+01	2.760732e-01	2.759259e-01	1.380677e+01	-6.506804e+00	3.278946e-04	-4.809564e-04
0.635         	5.518868e-01	7.299396e+00	-1.517338e-04	7.569097e-05	4.015396e-04	1.015440e+01	2.760191e-01	2.758677e-01	1.380410e+01	-6.504701e+00	3.256727e-04	-4.774065e-04
0.636         	5.517710e-01	7.298841e+00	-1.477206e-04	7.800933e-05	3.948432e-04	1.015201e+01	2.759635e-01	2.758075e-01	1.380143e+01	-6.502592e+00	3.209828e-04	-4.687035e-04
0.637         	5.516474e-01	7.298302e+00	-1.448085e-04	8.273206e-05	3.858962e-04	1.014963e+01	2.759064e-01	2.757410e-01	1.379878e+01	-6.500482e+00	3.134919e-04	-4.583005e-04
0.638         	5.515195e-01	7.297785e+00	-1.412128e-04	8.522663e-05	3.783180e-04	1.014726e+01	2.758450e-01	2.756745e-01	1.379616e+01	-6.498372e+00	3.077116e-04	-4.489245e-04
0.639         	5.513954e-01	7.297292e+00	-1.386197e-04	8.725627e-05	3.737192e-04	1.014490e+01	2.757850e-01	2.756104e-01	1.379355e+01	-6.496259e+00	3.044093e-04	-4.430290e-04
0.64          	5.512801e-01	7.296818e+00	-1.374752e-04	8.952052e-05	3.709202e-04	1.014256e+01	2.757296e-01	2.755505e-01	1.379097e+01	-6.494148e+00	3.021826e-04	-4.396578e-04
0.641         	5.511705e-01	7.296354e+00	-1.360118e-04	9.086006e-05	3.662607e-04	1.014021e+01	2.756761e-01	2.754944e-01	1.378839e+01	-6.492031e+00	2.982548e-04	-4.342666e-04
0.642         	5.510589e-01	7.295895e+00	-1.341584e-04	9.245594e-05	3.583511e-04	1.013784e+01	2.756219e-01	2.754370e-01	1.378579e+01	-6.489897e+00	2.912718e-04	-4.254303e-04
0.643         	5.509370e-01	7.295438e+00	-1.326132e-04	9.540551e-05	3.483127e-04	1.013546e+01	2.755639e-01	2.753731e-01	1.378318e+01	-6.487741e+00	2.820061e-04	-4.146193e-04
0.644         	5.508058e-01	7.294984e+00	-1.301322e-04	9.795384e-05	3.388867e-04	1.013305e+01	2.755008e-01	2.753049e-01	1.378055e+01	-6.485562e+00	2.738206e-04	-4.039528e-04
0.645         	5.506737e-01	7.294542e+00	-1.265460e-04	9.982802e-05	3.311583e-04	1.013064e+01	2.754367e-01	2.752370e-01	1.377791e+01	-6.483372e+00	2.678853e-04	-3.944313e-04
0.646         	5.505470e-01	7.294123e+00	-1.221713e-04	1.006781e-04	3.247789e-04	1.012824e+01	2.753742e-01	2.751728e-01	1.377531e+01	-6.481183e+00	2.636933e-04	-3.858646e-04
0.647         	5.504267e-01	7.293729e+00	-1.180209e-04	1.021041e-04	3.183431e-04	1.012587e+01	2.753155e-01	2.751113e-01	1.377273e+01	-6.479002e+00	2.593326e-04	-3.773535e-04
0.648         	5.503084e-01	7.293341e+00	-1.152684e-04	1.033264e-04	3.106389e-04	1.012349e+01	2.752575e-01	2.750509e-01	1.377016e+01	-6.476818e+00	2.530047e-04	-3.682731e-04
0.649         	5.501867e-01	7.292951e+00	-1.132983e-04	1.050866e-04	3.015340e-04	1.012111e+01	2.751985e-01	2.749883e-01	1.376758e+01	-6.474631e+00	2.448849e-04	-3.581832e-04
0.65          	5.500584e-01	7.292555e+00	-1.107268e-04	1.068848e-04	2.910841e-04	1.011872e+01	2.751361e-01	2.749223e-01	1.376500e+01	-6.472442e+00	2.357207e-04	-3.464475e-04
0.651         	5.499220e-01	7.292153e+00	-1.066592e-04	1.090228e-04	2.801184e-04	1.011633e+01	2.750700e-01	2.748520e-01	1.376240e+01	-6.470252e+00	2.267888e-04	-3.334480e-04
0.652         	5.497799e-01	7.291755e+00	-1.016972e-04	1.104788e-04	2.701309e-04	1.011394e+01	2.750004e-01	2.747795e-01	1.375981e+01	-6.468060e+00	2.192823e-04	-3.209795e-04
0.653         	5.496362e-01	7.291358e+00	-9.689221e-05	1.118036e-04	2.616570e-04	1.011155e+01	2.749299e-01	2.747063e-01	1.375723e+01	-6.465867e+00	2.132109e-04	-3.101031e-04
0.654         	5.494935e-01	7.290956e+00	-9.210528e-05	1.134021e-04	2.538312e-04	1.010916e+01	2.748602e-01	2.746334e-01	1.375464e+01	-6.463681e+00	2.077785e-04	-2.998838e-04
0.655         	5.493532e-01	7.290549e+00	-8.725596e-05	1.154461e-04	2.460167e-04	1.010678e+01	2.747921e-01	2.745612e-01	1.375206e+01	-6.461509e+00	2.023887e-04	-2.896447e-04
0.656         	5.492136e-01	7.290135e+00	-8.209104e-05	1.172193e-04	2.371714e-04	1.010442e+01	2.747240e-01	2.744896e-01	1.374949e+01	-6.459355e+00	1.961259e-04	-2.782170e-04
0.657         	5.490727e-01	7.289715e+00	-7.662781e-05	1.184970e-04	2.275368e-04	1.010208e+01	2.746548e-01	2.744178e-01	1.374694e+01	-6.457224e+00	1.892229e-04	-2.658508e-04
0.658         	5.489299e-01	7.289291e+00	-7.085272e-05	1.199946e-04	2.187205e-04	1.009976e+01	2.745849e-01	2.743449e-01	1.374441e+01	-6.455118e+00	1.832941e-04	-2.541468e-04
0.659         	5.487858e-01	7.288860e+00	-6.423090e-05	1.213479e-04	2.105208e-04	1.009746e+01	2.745142e-01	2.742716e-01	1.374189e+01	-6.453033e+00	1.784054e-04	-2.426363e-04
0.66          	5.486417e-01	7.288419e+00	-5.696515e-05	1.225418e-04	2.031734e-04	1.009517e+01	2.744434e-01	2.741983e-01	1.373938e+01	-6.450964e+00	1.746908e-04	-2.316560e-04
0.661         	5.484993e-01	7.287969e+00	-4.967771e-05	1.233124e-04	1.962056e-04	1.009290e+01	2.743729e-01	2.741263e-01	1.373688e+01	-6.448914e+00	1.713667e-04	-2.210444e-04
0.662         	5.483586e-01	7.287510e+00	-4.318414e-05	1.243438e-04	1.894920e-04	1.009064e+01	2.743036e-01	2.740549e-01	1.373440e+01	-6.446889e+00	1.678999e-04	-2.110840e-04
0.663         	5.482200e-01	7.287042e+00	-3.718829e-05	1.252409e-04	1.828141e-04	1.008842e+01	2.742352e-01	2.739847e-01	1.373194e+01	-6.444900e+00	1.642199e-04	-2.014082e-04
0.664         	5.480840e-01	7.286567e+00	-3.129848e-05	1.259817e-04	1.759739e-04	1.008624e+01	2.741680e-01	2.739160e-01	1.372952e+01	-6.442953e+00	1.603247e-04	-1.916231e-04
0.665         	5.479504e-01	7.286085e+00	-2.454316e-05	1.262790e-04	1.686166e-04	1.008409e+01	2.741015e-01	2.738489e-01	1.372713e+01	-6.441044e+00	1.563450e-04	-1.808882e-04
0.666         	5.478190e-01	7.285593e+00	-1.690582e-05	1.264104e-04	1.604396e-04	1.008196e+01	2.740359e-01	2.737831e-01	1.372475e+01	-6.439162e+00	1.519867e-04	-1.688925e-04
0.667         	5.476900e-01	7.285090e+00	-8.523614e-06	1.262181e-04	1.512707e-04	1.007985e+01	2.739712e-01	2.737188e-01	1.372239e+01	-6.437302e+00	1.470089e-04	-1.555325e-04
0.668         	5.475636e-01	7.284578e+00	3.487637e-07	1.252824e-04	1.420651e-04	1.007775e+01	2.739071e-01	2.736565e-01	1.372004e+01	-6.435464e+00	1.422395e-04	-1.418908e-04
0.669         	5.474413e-01	7.284060e+00	8.490732e-06	1.238356e-04	1.339851e-04	1.007568e+01	2.738445e-01	2.735968e-01	1.371771e+01	-6.433654e+00	1.382305e-04	-1.297397e-04
0.67          	5.473243e-01	7.283539e+00	1.547180e-05	1.220931e-04	1.275967e-04	1.007366e+01	2.737843e-01	2.735401e-01	1.371542e+01	-6.431886e+00	1.353326e-04	-1.198608e-04
0.671         	5.472123e-01	7.283013e+00	2.179934e-05	1.204364e-04	1.222286e-04	1.007166e+01	2.737266e-01	2.734857e-01	1.371317e+01	-6.430158e+00	1.331283e-04	-1.113290e-04
0.672         	5.471045e-01	7.282480e+00	2.847822e-05	1.181138e-04	1.161977e-04	1.006971e+01	2.736703e-01	2.734341e-01	1.371095e+01	-6.428474e+00	1.304368e-04	-1.019586e-04
0.673         	5.470014e-01	7.281943e+00	3.534500e-05	1.155163e-04	1.100600e-04	1.006780e+01	2.736162e-01	2.733852e-01	1.370877e+01	-6.426831e+00	1.277325e-04	-9.238753e-05
0.674         	5.469038e-01	7.281401e+00	4.225696e-05	1.133689e-04	1.040126e-04	1.006592e+01	2.735652e-01	2.733385e-01	1.370662e+01	-6.425223e+00	1.251410e-04	-8.288409e-05
0.675         	5.468114e-01	7.280853e+00	4.953734e-05	1.107633e-04	9.763199e-05	1.006407e+01	2.735165e-01	2.732949e-01	1.370450e+01	-6.423646e+00	1.224007e-04	-7.286332e-05
0.676         	5.467263e-01	7.280295e+00	5.680490e-05	1.075496e-04	9.146020e-05	1.006225e+01	2.734707e-01	2.732556e-01	1.370239e+01	-6.422100e+00	1.198627e-04	-6.305775e-05
0.677         	5.466510e-01	7.279729e+00	6.373299e-05	1.040443e-04	8.585068e-05	1.006046e+01	2.734295e-01	2.732214e-01	1.370032e+01	-6.420591e+00	1.177172e-04	-5.398418e-05
0.678         	5.465860e-01	7.279155e+00	6.979713e-05	1.013443e-04	8.102490e-05	1.005869e+01	2.733943e-01	2.731916e-01	1.369827e+01	-6.419117e+00	1.159235e-04	-4.612634e-05
0.679         	5.465313e-01	7.278574e+00	7.608357e-05	9.745924e-05	7.598446e-05	1.005697e+01	2.733631e-01	2.731682e-01	1.369626e+01	-6.417682e+00	1.140262e-04	-3.794268e-05
0.68          	5.464880e-01	7.277981e+00	8.218243e-05	9.264631e-05	7.093259e-05	1.005529e+01	2.733366e-01	2.731514e-01	1.369428e+01	-6.416295e+00	1.120238e-04	-2.984138e-05
0.681         	5.464561e-01	7.277384e+00	8.785866e-05	8.787079e-05	6.562754e-05	1.005365e+01	2.733159e-01	2.731402e-01	1.369235e+01	-6.414963e+00	1.095569e-04	-2.169821e-05
0.682         	5.464335e-01	7.276789e+00	9.284416e-05	8.328257e-05	6.158234e-05	1.005208e+01	2.733000e-01	2.731335e-01	1.369047e+01	-6.413682e+00	1.080044e-04	-1.516026e-05
0.683         	5.464203e-01	7.276189e+00	9.774335e-05	7.753087e-05	5.814916e-05	1.005054e+01	2.732877e-01	2.731326e-01	1.368864e+01	-6.412450e+00	1.070208e-04	-9.277479e-06
0.684         	5.464161e-01	7.275579e+00	1.013995e-04	7.203444e-05	5.618003e-05	1.004905e+01	2.732801e-01	2.731360e-01	1.368684e+01	-6.411263e+00	1.068798e-04	-5.480297e-06
0.685         	5.464199e-01	7.274958e+00	1.039345e-04	6.741926e-05	5.561822e-05	1.004760e+01	2.732774e-01	2.731425e-01	1.368508e+01	-6.410117e+00	1.075855e-04	-3.650974e-06
0.686         	5.464320e-01	7.274331e+00	1.055598e-04	6.300214e-05	5.548329e-05	1.004618e+01	2.732790e-01	2.731530e-01	1.368334e+01	-6.409014e+00	1.082632e-04	-2.703397e-06
0.687         	5.464524e-01	7.273702e+00	1.054855e-04	5.910661e-05	5.569176e-05	1.004481e+01	2.732853e-01	2.731671e-01	1.368166e+01	-6.407959e+00	1.084345e-04	-2.949025e-06
0.688         	5.464814e-01	7.273081e+00	1.049505e-04	5.469292e-05	5.525754e-05	1.004351e+01	2.732954e-01	2.731860e-01	1.368005e+01	-6.406969e+00	1.077328e-04	-2.782305e-06
0.689         	5.465184e-01	7.272462e+00	1.044499e-04	4.952925e-05	5.471000e-05	1.004228e+01	2.733087e-01	2.732097e-01	1.367851e+01	-6.406053e+00	1.069350e-04	-2.485036e-06
0.69          	5.465605e-01	7.271841e+00	1.033256e-04	4.431090e-05	5.507117e-05	1.004112e+01	2.733246e-01	2.732360e-01	1.367704e+01	-6.405203e+00	1.067340e-04	-3.408397e-06
0.691         	5.466039e-01	7.271215e+00	1.025102e-04	3.861630e-05	5.602466e-05	1.004001e+01	2.733406e-01	2.732633e-01	1.367562e+01	-6.404405e+00	1.072798e-04	-4.769551e-06
0.692         	5.466440e-01	7.270582e+00	1.003495e-04	3.375327e-05	5.904625e-05	1.003894e+01	2.733557e-01	2.732882e-01	1.367423e+01	-6.403649e+00	1.092210e-04	-8.871504e-06
0.693         	5.466766e-01	7.269940e+00	9.513117e-05	3.138613e-05	6.411974e-05	1.003790e+01	2.733697e-01	2.733069e-01	1.367287e+01	-6.402933e+00	1.116853e-04	-1.655416e-05
0.694         	5.467009e-01	7.269291e+00	8.845734e-05	2.995078e-05	6.868302e-05	1.003691e+01	2.733804e-01	2.733205e-01	1.367156e+01	-6.402265e+00	1.129117e-04	-2.445435e-05
0.695         	5.467195e-01	7.268637e+00	8.249915e-05	2.682180e-05	7.075412e-05	1.003597e+01	2.733866e-01	2.733329e-01	1.367029e+01	-6.401650e+00	1.120037e-04	-2.950455e-05
0.696         	5.467356e-01	7.267984e+00	7.779049e-05	2.179543e-05	7.099079e-05	1.003509e+01	2.733896e-01	2.733460e-01	1.366908e+01	-6.401094e+00	1.098860e-04	-3.209555e-05
0.697         	5.467485e-01	7.267333e+00	7.280959e-05	1.648455e-05	7.208388e-05	1.003426e+01	2.733907e-01	2.733577e-01	1.366793e+01	-6.400595e+00	1.084887e-04	-3.567909e-05
0.698         	5.467545e-01	7.266687e+00	6.591387e-05	1.297344e-05	7.507380e-05	1.003349e+01	2.733902e-01	2.733643e-01	1.366683e+01	-6.400143e+00	1.080307e-04	-4.211686e-05
0.699         	5.467485e-01	7.266046e+00	5.774617e-05	1.059892e-05	7.967958e-05	1.003275e+01	2.733848e-01	2.733636e-01	1.366577e+01	-6.399728e+00	1.085527e-04	-5.080650e-05
0.7           	5.467259e-01	7.265406e+00	4.840003e-05	9.488144e-06	8.475987e-05	1.003204e+01	2.733725e-01	2.733535e-01	1.366475e+01	-6.399340e+00	1.089599e-04	-6.055986e-05
0.701         	5.466887e-01	7.264768e+00	3.995515e-05	7.958779e-06	8.698771e-05	1.003136e+01	2.733523e-01	2.733364e-01	1.366375e+01	-6.398978e+00	1.069653e-04	-6.701014e-05
0.702         	5.466414e-01	7.264131e+00	3.255758e-05	5.895373e-06	8.735181e-05	1.003072e+01	2.733266e-01	2.733148e-01	1.366278e+01	-6.398652e+00	1.036306e-04	-7.107302e-05
0.703         	5.465872e-01	7.263499e+00	2.541337e-05	4.137698e-06	8.728781e-05	1.003012e+01	2.732978e-01	2.732895e-01	1.366187e+01	-6.398371e+00	9.999450e-05	-7.458113e-05
0.704         	5.465261e-01	7.262872e+00	1.784100e-05	3.328618e-06	8.776013e-05	1.002957e+01	2.732664e-01	2.732597e-01	1.366101e+01	-6.398133e+00	9.668063e-05	-7.883962e-05
0.705         	5.464557e-01	7.262248e+00	1.148090e-05	1.602658e-06	8.802144e-05	1.002906e+01	2.732295e-01	2.732263e-01	1.366018e+01	-6.397933e+00	9.376189e-05	-8.228099e-05
0.706         	5.463714e-01	7.261624e+00	6.255363e-06	-7.998253e-07	9.013708e-05	1.002858e+01	2.731849e-01	2.731865e-01	1.365939e+01	-6.397766e+00	9.326477e-05	-8.700940e-05
0.707         	5.462676e-01	7.261003e+00	-1.081417e-07	-1.194922e-06	9.248861e-05	1.002813e+01	2.731326e-01	2.731350e-01	1.365863e+01	-6.397630e+00	9.243454e-05	-9.254268e-05
0.708         	5.461458e-01	7.260384e+00	-6.574265e-06	-9.782693e-07	9.121296e-05	1.002772e+01	2.730719e-01	2.730739e-01	1.365791e+01	-6.397524e+00	8.792582e-05	-9.450009e-05
0.709         	5.460144e-01	7.259763e+00	-1.214050e-05	-1.845912e-06	8.558854e-05	1.002733e+01	2.730054e-01	2.730091e-01	1.365721e+01	-6.397444e+00	7.951829e-05	-9.165879e-05
0.71          	5.458795e-01	7.259134e+00	-1.649773e-05	-3.961857e-06	7.875932e-05	1.002695e+01	2.729358e-01	2.729437e-01	1.365652e+01	-6.397384e+00	7.051046e-05	-8.700818e-05
0.711         	5.457405e-01	7.258491e+00	-2.001645e-05	-6.486842e-06	7.360354e-05	1.002658e+01	2.728637e-01	2.728767e-01	1.365582e+01	-6.397332e+00	6.359531e-05	-8.361176e-05
0.712         	5.455929e-01	7.257828e+00	-2.345370e-05	-8.547644e-06	7.116403e-05	1.002619e+01	2.727879e-01	2.728050e-01	1.365511e+01	-6.397280e+00	5.943717e-05	-8.289088e-05
0.713         	5.454314e-01	7.257144e+00	-2.663855e-05	-1.000219e-05	7.024760e-05	1.002579e+01	2.727057e-01	2.727257e-01	1.365437e+01	-6.397222e+00	5.692833e-05	-8.356688e-05
0.714         	5.452523e-01	7.256438e+00	-2.881809e-05	-1.151390e-05	6.972853e-05	1.002538e+01	2.726146e-01	2.726377e-01	1.365360e+01	-6.397160e+00	5.531949e-05	-8.413758e-05
0.715         	5.450569e-01	7.255711e+00	-3.123784e-05	-1.190431e-05	6.645529e-05	1.002495e+01	2.725165e-01	2.725403e-01	1.365280e+01	-6.397094e+00	5.083637e-05	-8.207421e-05
0.716         	5.448513e-01	7.254967e+00	-3.339292e-05	-1.234895e-05	6.036041e-05	1.002451e+01	2.724133e-01	2.724380e-01	1.365200e+01	-6.397031e+00	4.366395e-05	-7.705687e-05
0.717         	5.446416e-01	7.254208e+00	-3.482744e-05	-1.338955e-05	5.286566e-05	1.002408e+01	2.723074e-01	2.723342e-01	1.365118e+01	-6.396973e+00	3.545194e-05	-7.027938e-05
0.718         	5.444294e-01	7.253434e+00	-3.612168e-05	-1.439853e-05	4.566451e-05	1.002363e+01	2.722003e-01	2.722291e-01	1.365035e+01	-6.396916e+00	2.760367e-05	-6.372535e-05
0.719         	5.442131e-01	7.252646e+00	-3.748517e-05	-1.495599e-05	3.952727e-05	1.002318e+01	2.720916e-01	2.721215e-01	1.364950e+01	-6.396854e+00	2.078469e-05	-5.826986e-05
0.72          	5.439890e-01	7.251843e+00	-3.910673e-05	-1.493350e-05	3.451884e-05	1.002271e+01	2.719796e-01	2.720094e-01	1.364863e+01	-6.396785e+00	1.496548e-05	-5.407221e-05
0.721         	5.437547e-01	7.251022e+00	-4.084482e-05	-1.415590e-05	2.993218e-05	1.002222e+01	2.718632e-01	2.718915e-01	1.364773e+01	-6.396707e+00	9.509765e-06	-5.035459e-05
0.722         	5.435101e-01	7.250184e+00	-4.265929e-05	-1.358210e-05	2.620969e-05	1.002172e+01	2.717415e-01	2.717687e-01	1.364681e+01	-6.396624e+00	4.880050e-06	-4.753934e-05
0.723         	5.432567e-01	7.249329e+00	-4.425448e-05	-1.374621e-05	2.237413e-05	1.002121e+01	2.716146e-01	2.716421e-01	1.364587e+01	-6.396542e+00	2.468941e-07	-4.450137e-05
0.724         	5.429983e-01	7.248462e+00	-4.613176e-05	-1.362538e-05	1.660197e-05	1.002070e+01	2.714855e-01	2.715128e-01	1.364493e+01	-6.396467e+00	-6.463908e-06	-3.966785e-05
0.725         	5.427404e-01	7.247589e+00	-4.835099e-05	-1.313374e-05	9.175332e-06	1.002020e+01	2.713571e-01	2.713833e-01	1.364399e+01	-6.396403e+00	-1.500016e-05	-3.335082e-05
0.726         	5.424852e-01	7.246709e+00	-5.117493e-05	-1.204731e-05	1.643749e-06	1.001970e+01	2.712306e-01	2.712546e-01	1.364306e+01	-6.396346e+00	-2.394371e-05	-2.723121e-05
0.727         	5.422310e-01	7.245816e+00	-5.461325e-05	-1.088664e-05	-4.813241e-06	1.001919e+01	2.711046e-01	2.711264e-01	1.364210e+01	-6.396280e+00	-3.211987e-05	-2.249338e-05
0.728         	5.419730e-01	7.244898e+00	-5.835409e-05	-1.002157e-05	-9.312202e-06	1.001863e+01	2.709765e-01	2.709965e-01	1.364108e+01	-6.396181e+00	-3.848925e-05	-1.986484e-05
0.729         	5.417077e-01	7.243955e+00	-6.206494e-05	-9.344318e-06	-1.288068e-05	1.001802e+01	2.708445e-01	2.708632e-01	1.364000e+01	-6.396047e+00	-4.391315e-05	-1.815179e-05
0.73          	5.414359e-01	7.242996e+00	-6.516499e-05	-8.738635e-06	-1.726413e-05	1.001739e+01	2.707092e-01	2.707267e-01	1.363889e+01	-6.395894e+00	-4.984663e-05	-1.531836e-05
0.731         	5.411606e-01	7.242028e+00	-6.788117e-05	-8.536446e-06	-2.286557e-05	1.001676e+01	2.705718e-01	2.705888e-01	1.363777e+01	-6.395743e+00	-5.680616e-05	-1.107502e-05
0.732         	5.408867e-01	7.241054e+00	-7.053992e-05	-8.300151e-06	-2.899139e-05	1.001613e+01	2.704350e-01	2.704516e-01	1.363666e+01	-6.395603e+00	-6.426135e-05	-6.278572e-06
0.733         	5.406180e-01	7.240072e+00	-7.343762e-05	-7.936437e-06	-3.484306e-05	1.001551e+01	2.703011e-01	2.703169e-01	1.363555e+01	-6.395478e+00	-7.156187e-05	-1.875746e-06
0.734         	5.403554e-01	7.239081e+00	-7.646154e-05	-6.988202e-06	-4.006677e-05	1.001491e+01	2.701707e-01	2.701847e-01	1.363445e+01	-6.395365e+00	-7.829754e-05	1.836002e-06
0.735         	5.400988e-01	7.238081e+00	-7.890991e-05	-5.912137e-06	-4.547854e-05	1.001430e+01	2.700435e-01	2.700553e-01	1.363334e+01	-6.395262e+00	-8.493350e-05	6.023590e-06
0.736         	5.398485e-01	7.237074e+00	-8.090936e-05	-4.740375e-06	-5.069411e-05	1.001371e+01	2.699195e-01	2.699290e-01	1.363224e+01	-6.395169e+00	-9.114879e-05	1.023943e-05
0.737         	5.396044e-01	7.236061e+00	-8.253744e-05	-3.708503e-06	-5.586148e-05	1.001311e+01	2.697985e-01	2.698059e-01	1.363114e+01	-6.395081e+00	-9.713020e-05	1.459276e-05
0.738         	5.393660e-01	7.235045e+00	-8.400646e-05	-2.600524e-06	-6.136897e-05	1.001252e+01	2.696804e-01	2.696856e-01	1.363004e+01	-6.394998e+00	-1.033722e-04	1.936574e-05
0.739         	5.391343e-01	7.234027e+00	-8.549111e-05	-1.442140e-06	-6.719754e-05	1.001193e+01	2.695657e-01	2.695686e-01	1.362895e+01	-6.394921e+00	-1.099431e-04	2.445199e-05
0.74          	5.389113e-01	7.233010e+00	-8.654760e-05	-5.391413e-07	-7.303409e-05	1.001136e+01	2.694551e-01	2.694562e-01	1.362787e+01	-6.394856e+00	-1.163079e-04	2.976029e-05
0.741         	5.386985e-01	7.231997e+00	-8.702739e-05	1.901810e-07	-7.847379e-05	1.001081e+01	2.693495e-01	2.693491e-01	1.362680e+01	-6.394808e+00	-1.219875e-04	3.496010e-05
0.742         	5.384966e-01	7.230988e+00	-8.724580e-05	1.024629e-06	-8.352130e-05	1.001027e+01	2.692493e-01	2.692473e-01	1.362576e+01	-6.394775e+00	-1.271442e-04	3.989840e-05
0.743         	5.383044e-01	7.229983e+00	-8.762404e-05	2.406922e-06	-8.799769e-05	1.000975e+01	2.691546e-01	2.691498e-01	1.362474e+01	-6.394756e+00	-1.318097e-04	4.418567e-05
0.744         	5.381198e-01	7.228979e+00	-8.810804e-05	3.883862e-06	-9.217776e-05	1.000924e+01	2.690638e-01	2.690560e-01	1.362373e+01	-6.394747e+00	-1.362318e-04	4.812375e-05
0.745         	5.379419e-01	7.227978e+00	-8.857962e-05	4.665890e-06	-9.649984e-05	1.000874e+01	2.689756e-01	2.689663e-01	1.362272e+01	-6.394746e+00	-1.407897e-04	5.221003e-05
0.746         	5.377714e-01	7.226986e+00	-8.900766e-05	4.317343e-06	-1.011541e-04	1.000825e+01	2.688900e-01	2.688814e-01	1.362174e+01	-6.394756e+00	-1.456579e-04	5.665028e-05
0.747         	5.376098e-01	7.226004e+00	-8.974174e-05	3.844465e-06	-1.054551e-04	1.000778e+01	2.688088e-01	2.688011e-01	1.362079e+01	-6.394781e+00	-1.503260e-04	6.058424e-05
0.748         	5.374583e-01	7.225032e+00	-9.058317e-05	3.716892e-06	-1.091816e-04	1.000734e+01	2.687329e-01	2.687254e-01	1.361986e+01	-6.394824e+00	-1.544731e-04	6.388997e-05
0.749         	5.373177e-01	7.224071e+00	-9.111865e-05	4.473915e-06	-1.130450e-04	1.000692e+01	2.686633e-01	2.686544e-01	1.361895e+01	-6.394880e+00	-1.586043e-04	6.748565e-05
0.75          	5.371876e-01	7.223122e+00	-9.120646e-05	5.878904e-06	-1.173296e-04	1.000651e+01	2.685997e-01	2.685879e-01	1.361807e+01	-6.394949e+00	-1.629328e-04	7.172637e-05
0.751         	5.370670e-01	7.222188e+00	-9.059612e-05	7.298107e-06	-1.222295e-04	1.000612e+01	2.685408e-01	2.685262e-01	1.361722e+01	-6.395030e+00	-1.675276e-04	7.693144e-05
0.752         	5.369550e-01	7.221277e+00	-8.967282e-05	8.732530e-06	-1.271302e-04	1.000577e+01	2.684862e-01	2.684687e-01	1.361641e+01	-6.395128e+00	-1.719667e-04	8.229383e-05
0.753         	5.368506e-01	7.220402e+00	-8.861249e-05	1.025444e-05	-1.319689e-04	1.000545e+01	2.684355e-01	2.684150e-01	1.361565e+01	-6.395246e+00	-1.762752e-04	8.766268e-05
0.754         	5.367531e-01	7.219568e+00	-8.752802e-05	1.124084e-05	-1.364738e-04	1.000516e+01	2.683878e-01	2.683653e-01	1.361495e+01	-6.395380e+00	-1.802378e-04	9.270981e-05
0.755         	5.366614e-01	7.218779e+00	-8.683059e-05	1.235112e-05	-1.403695e-04	1.000491e+01	2.683430e-01	2.683183e-01	1.361430e+01	-6.395523e+00	-1.837848e-04	9.695420e-05
0.756         	5.365743e-01	7.218037e+00	-8.625306e-05	1.338795e-05	-1.440550e-04	1.000469e+01	2.683005e-01	2.682738e-01	1.361371e+01	-6.395671e+00	-1.871816e-04	1.009285e-04
0.757         	5.364925e-01	7.217342e+00	-8.517317e-05	1.464141e-05	-1.480971e-04	1.000449e+01	2.682609e-01	2.682316e-01	1.361316e+01	-6.395822e+00	-1.906837e-04	1.055106e-04
0.758         	5.364167e-01	7.216698e+00	-8.335992e-05	1.623308e-05	-1.523499e-04	1.000432e+01	2.682246e-01	2.681921e-01	1.361267e+01	-6.395973e+00	-1.940298e-04	1.106699e-04
0.759         	5.363464e-01	7.216114e+00	-8.086150e-05	1.744667e-05	-1.563728e-04	1.000418e+01	2.681907e-01	2.681558e-01	1.361223e+01	-6.396120e+00	-1.968035e-04	1.159420e-04
0.76          	5.362822e-01	7.215592e+00	-7.808756e-05	1.855814e-05	-1.606349e-04	1.000406e+01	2.681596e-01	2.681225e-01	1.361185e+01	-6.396261e+00	-1.996787e-04	1.215911e-04
0.761         	5.362244e-01	7.215132e+00	-7.543188e-05	2.001334e-05	-1.649845e-04	1.000397e+01	2.681322e-01	2.680922e-01	1.361153e+01	-6.396401e+00	-2.027004e-04	1.272686e-04
0.762         	5.361736e-01	7.214737e+00	-7.253709e-05	2.101393e-05	-1.691920e-04	1.000391e+01	2.681078e-01	2.680658e-01	1.361128e+01	-6.396541e+00	-2.054606e-04	1.329235e-04
0.763         	5.361308e-01	7.214398e+00	-6.908539e-05	2.157686e-05	-1.735957e-04	1.000388e+01	2.680870e-01	2.680438e-01	1.361108e+01	-6.396683e+00	-2.081384e-04	1.390530e-04
0.764         	5.360951e-01	7.214104e+00	-6.492787e-05	2.205821e-05	-1.784733e-04	1.000387e+01	2.680696e-01	2.680255e-01	1.361092e+01	-6.396820e+00	-2.109372e-04	1.460093e-04
0.765         	5.360647e-01	7.213843e+00	-6.044233e-05	2.313452e-05	-1.839796e-04	1.000387e+01	2.680555e-01	2.680092e-01	1.361079e+01	-6.396947e+00	-2.142008e-04	1.537584e-04
0.766         	5.360370e-01	7.213608e+00	-5.596039e-05	2.464019e-05	-1.896449e-04	1.000386e+01	2.680432e-01	2.679939e-01	1.361066e+01	-6.397056e+00	-2.176251e-04	1.616647e-04
0.767         	5.360121e-01	7.213396e+00	-5.147014e-05	2.615988e-05	-1.953437e-04	1.000384e+01	2.680322e-01	2.679799e-01	1.361054e+01	-6.397140e+00	-2.210788e-04	1.696086e-04
0.768         	5.359921e-01	7.213210e+00	-4.672707e-05	2.733008e-05	-2.007393e-04	1.000381e+01	2.680234e-01	2.679687e-01	1.361041e+01	-6.397204e+00	-2.241029e-04	1.773758e-04
0.769         	5.359780e-01	7.213055e+00	-4.154769e-05	2.831445e-05	-2.064830e-04	1.000378e+01	2.680173e-01	2.679607e-01	1.361031e+01	-6.397254e+00	-2.272569e-04	1.857092e-04
0.77          	5.359691e-01	7.212932e+00	-3.630345e-05	2.906264e-05	-2.121114e-04	1.000376e+01	2.680136e-01	2.679555e-01	1.361023e+01	-6.397298e+00	-2.302631e-04	1.939597e-04
0.771         	5.359640e-01	7.212836e+00	-3.092652e-05	2.989535e-05	-2.179070e-04	1.000375e+01	2.680119e-01	2.679521e-01	1.361017e+01	-6.397332e+00	-2.333703e-04	2.024437e-04
0.772         	5.359590e-01	7.212758e+00	-2.545424e-05	3.119832e-05	-2.234285e-04	1.000373e+01	2.680107e-01	2.679483e-01	1.361010e+01	-6.397347e+00	-2.361556e-04	2.107014e-04
0.773         	5.359521e-01	7.212691e+00	-2.029759e-05	3.318615e-05	-2.286630e-04	1.000368e+01	2.680092e-01	2.679429e-01	1.361002e+01	-6.397330e+00	-2.388118e-04	2.185142e-04
0.774         	5.359444e-01	7.212629e+00	-1.550705e-05	3.567815e-05	-2.340356e-04	1.000359e+01	2.680079e-01	2.679365e-01	1.360990e+01	-6.397272e+00	-2.417892e-04	2.262821e-04
0.775         	5.359378e-01	7.212571e+00	-1.096319e-05	3.828073e-05	-2.396960e-04	1.000346e+01	2.680072e-01	2.679306e-01	1.360975e+01	-6.397174e+00	-2.451776e-04	2.342144e-04
0.776         	5.359345e-01	7.212520e+00	-6.686665e-06	4.136023e-05	-2.454364e-04	1.000330e+01	2.680086e-01	2.679259e-01	1.360956e+01	-6.397042e+00	-2.487797e-04	2.420931e-04
0.777         	5.359343e-01	7.212476e+00	-2.147304e-06	4.399298e-05	-2.511357e-04	1.000312e+01	2.680111e-01	2.679232e-01	1.360935e+01	-6.396878e+00	-2.522094e-04	2.500621e-04
0.778         	5.359351e-01	7.212439e+00	2.915119e-06	4.601908e-05	-2.568736e-04	1.000290e+01	2.680136e-01	2.679215e-01	1.360912e+01	-6.396682e+00	-2.554161e-04	2.583312e-04
0.779         	5.359354e-01	7.212402e+00	7.875542e-06	4.825307e-05	-2.622941e-04	1.000265e+01	2.680159e-01	2.679194e-01	1.360885e+01	-6.396452e+00	-2.583563e-04	2.662319e-04
0.78          	5.359336e-01	7.212364e+00	1.208836e-05	5.110057e-05	-2.674120e-04	1.000237e+01	2.680179e-01	2.679157e-01	1.360855e+01	-6.396189e+00	-2.613678e-04	2.734561e-04
0.781         	5.359301e-01	7.212323e+00	1.591370e-05	5.417951e-05	-2.728683e-04	1.000205e+01	2.680192e-01	2.679109e-01	1.360822e+01	-6.395893e+00	-2.649115e-04	2.808252e-04
0.782         	5.359265e-01	7.212278e+00	1.969370e-05	5.657674e-05	-2.786274e-04	1.000170e+01	2.680198e-01	2.679067e-01	1.360784e+01	-6.395565e+00	-2.687805e-04	2.884742e-04
0.783         	5.359247e-01	7.212226e+00	2.328619e-05	5.868315e-05	-2.843231e-04	1.000131e+01	2.680210e-01	2.679036e-01	1.360743e+01	-6.395200e+00	-2.726800e-04	2.959661e-04
0.784         	5.359247e-01	7.212168e+00	2.677019e-05	6.080093e-05	-2.895687e-04	1.000088e+01	2.680232e-01	2.679015e-01	1.360696e+01	-6.394794e+00	-2.761836e-04	3.029538e-04
0.785         	5.359259e-01	7.212108e+00	3.035476e-05	6.253639e-05	-2.952306e-04	1.000040e+01	2.680255e-01	2.679004e-01	1.360646e+01	-6.394349e+00	-2.800532e-04	3.104080e-04
0.786         	5.359275e-01	7.212041e+00	3.353489e-05	6.341803e-05	-3.002696e-04	9.999890e+00	2.680272e-01	2.679003e-01	1.360591e+01	-6.393870e+00	-2.835022e-04	3.170371e-04
0.787         	5.359297e-01	7.211963e+00	3.638606e-05	6.471239e-05	-3.049081e-04	9.999341e+00	2.680295e-01	2.679001e-01	1.360532e+01	-6.393360e+00	-2.867150e-04	3.231011e-04
0.788         	5.359326e-01	7.211875e+00	3.954049e-05	6.674830e-05	-3.100766e-04	9.998764e+00	2.680330e-01	2.678995e-01	1.360470e+01	-6.392827e+00	-2.903063e-04	3.298468e-04
0.789         	5.359363e-01	7.211782e+00	4.236951e-05	6.896753e-05	-3.155848e-04	9.998171e+00	2.680371e-01	2.678992e-01	1.360406e+01	-6.392280e+00	-2.944001e-04	3.367696e-04
0.79          	5.359413e-01	7.211688e+00	4.438958e-05	7.042953e-05	-3.208780e-04	9.997567e+00	2.680411e-01	2.679002e-01	1.360341e+01	-6.391723e+00	-2.986832e-04	3.430728e-04
0.791         	5.359480e-01	7.211589e+00	4.573039e-05	7.123913e-05	-3.255734e-04	9.996947e+00	2.680452e-01	2.679027e-01	1.360274e+01	-6.391153e+00	-3.027082e-04	3.484386e-04
0.792         	5.359559e-01	7.211485e+00	4.686486e-05	7.167840e-05	-3.299281e-04	9.996309e+00	2.680496e-01	2.679063e-01	1.360205e+01	-6.390567e+00	-3.064957e-04	3.533605e-04
0.793         	5.359636e-01	7.211373e+00	4.804269e-05	7.236434e-05	-3.336965e-04	9.995644e+00	2.680542e-01	2.679094e-01	1.360133e+01	-6.389957e+00	-3.096751e-04	3.577178e-04
0.794         	5.359707e-01	7.211252e+00	4.947060e-05	7.350500e-05	-3.375498e-04	9.994948e+00	2.680589e-01	2.679118e-01	1.360057e+01	-6.389322e+00	-3.128145e-04	3.622851e-04
0.795         	5.359785e-01	7.211118e+00	5.115825e-05	7.417857e-05	-3.423345e-04	9.994228e+00	2.680634e-01	2.679151e-01	1.359979e+01	-6.388669e+00	-3.167554e-04	3.679137e-04
0.796         	5.359880e-01	7.210966e+00	5.250373e-05	7.436124e-05	-3.474758e-04	9.993484e+00	2.680683e-01	2.679196e-01	1.359897e+01	-6.388001e+00	-3.212239e-04	3.737276e-04
0.797         	5.359991e-01	7.210799e+00	5.314242e-05	7.452772e-05	-3.524951e-04	9.992722e+00	2.680741e-01	2.679250e-01	1.359812e+01	-6.387322e+00	-3.259239e-04	3.790663e-04
0.798         	5.360115e-01	7.210623e+00	5.308390e-05	7.502021e-05	-3.571159e-04	9.991949e+00	2.680808e-01	2.679307e-01	1.359726e+01	-6.386637e+00	-3.305739e-04	3.836578e-04
0.799         	5.360237e-01	7.210436e+00	5.271526e-05	7.606095e-05	-3.610984e-04	9.991165e+00	2.680879e-01	2.679358e-01	1.359638e+01	-6.385947e+00	-3.347408e-04	3.874561e-04
0.8           	5.360350e-01	7.210238e+00	5.244455e-05	7.701944e-05	-3.646118e-04	9.990366e+00	2.680945e-01	2.679405e-01	1.359548e+01	-6.385247e+00	-3.383895e-04	3.908341e-04
0.801         	5.360454e-01	7.210027e+00	5.274606e-05	7.747814e-05	-3.685323e-04	9.989555e+00	2.681002e-01	2.679452e-01	1.359457e+01	-6.384542e+00	-3.421593e-04	3.949053e-04
0.802         	5.360552e-01	7.209797e+00	5.329485e-05	7.703262e-05	-3.728031e-04	9.988731e+00	2.681047e-01	2.679506e-01	1.359363e+01	-6.383832e+00	-3.461556e-04	3.994505e-04
0.803         	5.360636e-01	7.209551e+00	5.315098e-05	7.606109e-05	-3.769535e-04	9.987905e+00	2.681079e-01	2.679557e-01	1.359268e+01	-6.383129e+00	-3.503780e-04	4.035290e-04
0.804         	5.360698e-01	7.209297e+00	5.208184e-05	7.474249e-05	-3.803819e-04	9.987092e+00	2.681096e-01	2.679601e-01	1.359174e+01	-6.382444e+00	-3.543410e-04	4.064229e-04
0.805         	5.360742e-01	7.209042e+00	5.020602e-05	7.341304e-05	-3.832974e-04	9.986301e+00	2.681105e-01	2.679637e-01	1.359082e+01	-6.381781e+00	-3.581944e-04	4.084004e-04
0.806         	5.360781e-01	7.208785e+00	4.780455e-05	7.228499e-05	-3.862435e-04	9.985529e+00	2.681113e-01	2.679668e-01	1.358992e+01	-6.381137e+00	-3.623413e-04	4.101458e-04
0.807         	5.360814e-01	7.208534e+00	4.470791e-05	7.057039e-05	-3.892519e-04	9.984790e+00	2.681113e-01	2.679701e-01	1.358906e+01	-6.380523e+00	-3.668980e-04	4.116059e-04
0.808         	5.360848e-01	7.208289e+00	4.107131e-05	6.804001e-05	-3.919658e-04	9.984088e+00	2.681104e-01	2.679743e-01	1.358823e+01	-6.379943e+00	-3.714301e-04	4.125014e-04
0.809         	5.360887e-01	7.208049e+00	3.737064e-05	6.527911e-05	-3.943432e-04	9.983422e+00	2.681096e-01	2.679791e-01	1.358745e+01	-6.379397e+00	-3.756579e-04	4.130285e-04
0.81          	5.360928e-01	7.207818e+00	3.372584e-05	6.272559e-05	-3.961702e-04	9.982799e+00	2.681091e-01	2.679837e-01	1.358671e+01	-6.378890e+00	-3.793072e-04	4.130331e-04
0.811         	5.360963e-01	7.207595e+00	3.044415e-05	6.000024e-05	-3.984394e-04	9.982225e+00	2.681081e-01	2.679881e-01	1.358602e+01	-6.378427e+00	-3.832173e-04	4.136615e-04
0.812         	5.361001e-01	7.207376e+00	2.684394e-05	5.700949e-05	-4.012176e-04	9.981695e+00	2.681071e-01	2.679930e-01	1.358538e+01	-6.378007e+00	-3.877957e-04	4.146396e-04
0.813         	5.361059e-01	7.207160e+00	2.276662e-05	5.356690e-05	-4.038904e-04	9.981205e+00	2.681065e-01	2.679994e-01	1.358478e+01	-6.377625e+00	-3.925071e-04	4.152737e-04
0.814         	5.361150e-01	7.206950e+00	1.816732e-05	4.984743e-05	-4.064652e-04	9.980762e+00	2.681073e-01	2.680076e-01	1.358424e+01	-6.377287e+00	-3.973815e-04	4.155488e-04
0.815         	5.361274e-01	7.206756e+00	1.325481e-05	4.584886e-05	-4.087471e-04	9.980384e+00	2.681095e-01	2.680178e-01	1.358376e+01	-6.377006e+00	-4.021197e-04	4.153745e-04
0.816         	5.361436e-01	7.206579e+00	7.759121e-06	4.217801e-05	-4.103831e-04	9.980074e+00	2.681140e-01	2.680296e-01	1.358336e+01	-6.376784e+00	-4.065036e-04	4.142627e-04
0.817         	5.361637e-01	7.206423e+00	2.268519e-06	3.828968e-05	-4.119906e-04	9.979836e+00	2.681201e-01	2.680436e-01	1.358305e+01	-6.376624e+00	-4.108563e-04	4.131248e-04
0.818         	5.361870e-01	7.206286e+00	-2.444674e-06	3.288690e-05	-4.142591e-04	9.979665e+00	2.681264e-01	2.680606e-01	1.358281e+01	-6.376522e+00	-4.154815e-04	4.130368e-04
0.819         	5.362148e-01	7.206161e+00	-6.446442e-06	2.625386e-05	-4.172304e-04	9.979550e+00	2.681336e-01	2.680811e-01	1.358263e+01	-6.376470e+00	-4.204536e-04	4.140072e-04
0.82          	5.362467e-01	7.206051e+00	-1.041723e-05	1.989643e-05	-4.208185e-04	9.979496e+00	2.681433e-01	2.681035e-01	1.358252e+01	-6.376471e+00	-4.260271e-04	4.156099e-04
0.821         	5.362821e-01	7.205962e+00	-1.511284e-05	1.488590e-05	-4.237386e-04	9.979511e+00	2.681559e-01	2.681262e-01	1.358249e+01	-6.376530e+00	-4.312950e-04	4.161822e-04
0.822         	5.363198e-01	7.205900e+00	-2.002366e-05	1.172063e-05	-4.264163e-04	9.979605e+00	2.681716e-01	2.681482e-01	1.358256e+01	-6.376655e+00	-4.364281e-04	4.164044e-04
0.823         	5.363596e-01	7.205869e+00	-2.471437e-05	9.863829e-06	-4.295504e-04	9.979780e+00	2.681897e-01	2.681700e-01	1.358271e+01	-6.376845e+00	-4.419075e-04	4.171932e-04
0.824         	5.364051e-01	7.205865e+00	-2.876157e-05	7.412160e-06	-4.335920e-04	9.980034e+00	2.682099e-01	2.681951e-01	1.358297e+01	-6.377102e+00	-4.479728e-04	4.192112e-04
0.825         	5.364565e-01	7.205886e+00	-3.190857e-05	3.525283e-06	-4.383865e-04	9.980368e+00	2.682318e-01	2.682247e-01	1.358331e+01	-6.377425e+00	-4.543408e-04	4.224323e-04
0.826         	5.365124e-01	7.205933e+00	-3.462353e-05	-7.398824e-07	-4.435123e-04	9.980779e+00	2.682554e-01	2.682569e-01	1.358375e+01	-6.377813e+00	-4.608240e-04	4.262005e-04
0.827         	5.365713e-01	7.206011e+00	-3.769596e-05	-4.546980e-06	-4.477351e-04	9.981274e+00	2.682811e-01	2.682902e-01	1.358428e+01	-6.378268e+00	-4.665831e-04	4.288871e-04
0.828         	5.366327e-01	7.206125e+00	-4.141139e-05	-7.732352e-06	-4.507017e-04	9.981856e+00	2.683086e-01	2.683241e-01	1.358492e+01	-6.378794e+00	-4.714074e-04	4.299960e-04
0.829         	5.366958e-01	7.206270e+00	-4.547379e-05	-1.009339e-05	-4.527112e-04	9.982513e+00	2.683378e-01	2.683580e-01	1.358565e+01	-6.379378e+00	-4.754481e-04	4.299743e-04
0.83          	5.367580e-01	7.206441e+00	-4.872129e-05	-1.065992e-05	-4.552399e-04	9.983232e+00	2.683683e-01	2.683897e-01	1.358645e+01	-6.380012e+00	-4.796005e-04	4.308792e-04
0.831         	5.368175e-01	7.206634e+00	-5.015630e-05	-9.415041e-06	-4.595092e-04	9.984010e+00	2.683993e-01	2.684182e-01	1.358733e+01	-6.380693e+00	-4.845873e-04	4.344310e-04
0.832         	5.368713e-01	7.206851e+00	-5.074568e-05	-7.525011e-06	-4.645395e-04	9.984849e+00	2.684281e-01	2.684432e-01	1.358827e+01	-6.381423e+00	-4.899123e-04	4.391666e-04
0.833         	5.369187e-01	7.207090e+00	-5.119693e-05	-6.417667e-06	-4.688772e-04	9.985745e+00	2.684529e-01	2.684658e-01	1.358929e+01	-6.382200e+00	-4.944757e-04	4.432787e-04
0.834         	5.369600e-01	7.207356e+00	-5.167355e-05	-6.897894e-06	-4.724598e-04	9.986704e+00	2.684731e-01	2.684869e-01	1.359038e+01	-6.383027e+00	-4.982966e-04	4.466230e-04
0.835         	5.369942e-01	7.207643e+00	-5.215708e-05	-8.444611e-06	-4.755249e-04	9.987713e+00	2.684887e-01	2.685055e-01	1.359154e+01	-6.383892e+00	-5.016034e-04	4.494464e-04
0.836         	5.370209e-01	7.207947e+00	-5.304600e-05	-8.644306e-06	-4.766731e-04	9.988752e+00	2.685018e-01	2.685191e-01	1.359273e+01	-6.384778e+00	-5.031962e-04	4.501501e-04
0.837         	5.370387e-01	7.208268e+00	-5.455570e-05	-6.785483e-06	-4.757911e-04	9.989822e+00	2.685126e-01	2.685261e-01	1.359396e+01	-6.385688e+00	-5.030689e-04	4.485132e-04
0.838         	5.370460e-01	7.208608e+00	-5.576506e-05	-4.297117e-06	-4.746632e-04	9.990922e+00	2.685187e-01	2.685273e-01	1.359523e+01	-6.386618e+00	-5.025457e-04	4.467806e-04
0.839         	5.370407e-01	7.208966e+00	-5.590723e-05	-2.897163e-06	-4.748028e-04	9.992047e+00	2.685175e-01	2.685233e-01	1.359653e+01	-6.387564e+00	-5.027564e-04	4.468492e-04
0.84          	5.370217e-01	7.209341e+00	-5.513603e-05	-2.745789e-06	-4.761045e-04	9.993196e+00	2.685081e-01	2.685136e-01	1.359787e+01	-6.388525e+00	-5.036725e-04	4.485365e-04
0.841         	5.369877e-01	7.209735e+00	-5.406894e-05	-2.359290e-06	-4.771200e-04	9.994372e+00	2.684915e-01	2.684962e-01	1.359924e+01	-6.389504e+00	-5.041544e-04	4.500855e-04
0.842         	5.369376e-01	7.210145e+00	-5.281180e-05	-1.249058e-06	-4.787873e-04	9.995583e+00	2.684676e-01	2.684701e-01	1.360066e+01	-6.390511e+00	-5.051932e-04	4.523814e-04
0.843         	5.368701e-01	7.210569e+00	-5.073398e-05	-6.013339e-07	-4.803484e-04	9.996827e+00	2.684345e-01	2.684357e-01	1.360211e+01	-6.391542e+00	-5.057154e-04	4.549814e-04
0.844         	5.367844e-01	7.211003e+00	-4.766072e-05	-7.625035e-07	-4.805604e-04	9.998090e+00	2.683915e-01	2.683930e-01	1.360359e+01	-6.392588e+00	-5.043908e-04	4.567301e-04
0.845         	5.366795e-01	7.211450e+00	-4.421194e-05	-6.819197e-07	-4.791357e-04	9.999369e+00	2.683391e-01	2.683405e-01	1.360509e+01	-6.393644e+00	-5.012417e-04	4.570298e-04
0.846         	5.365548e-01	7.211908e+00	-4.084626e-05	-6.062847e-07	-4.768670e-04	1.000066e+01	2.682768e-01	2.682780e-01	1.360661e+01	-6.394703e+00	-4.972901e-04	4.564439e-04
0.847         	5.364109e-01	7.212371e+00	-3.739592e-05	-4.666307e-07	-4.740890e-04	1.000195e+01	2.682050e-01	2.682059e-01	1.360813e+01	-6.395760e+00	-4.927870e-04	4.553910e-04
0.848         	5.362471e-01	7.212834e+00	-3.298234e-05	-9.640086e-07	-4.707176e-04	1.000323e+01	2.681226e-01	2.681245e-01	1.360964e+01	-6.396810e+00	-4.872088e-04	4.542264e-04
0.849         	5.360642e-01	7.213296e+00	-2.814047e-05	-4.224996e-06	-4.676395e-04	1.000450e+01	2.680279e-01	2.680363e-01	1.361115e+01	-6.397854e+00	-4.817098e-04	4.535693e-04
0.85          	5.358626e-01	7.213748e+00	-2.208220e-05	-1.030524e-05	-4.655257e-04	1.000575e+01	2.679210e-01	2.679416e-01	1.361262e+01	-6.398871e+00	-4.765668e-04	4.544846e-04
0.851         	5.356417e-01	7.214186e+00	-1.543190e-05	-1.623657e-05	-4.620557e-04	1.000694e+01	2.678046e-01	2.678371e-01	1.361403e+01	-6.399848e+00	-4.697717e-04	4.543398e-04
0.852         	5.353994e-01	7.214610e+00	-8.855609e-06	-2.164595e-05	-4.569123e-04	1.000809e+01	2.676781e-01	2.677214e-01	1.361540e+01	-6.400787e+00	-4.613401e-04	4.524845e-04
0.853         	5.351359e-01	7.215015e+00	-2.663593e-06	-2.681986e-05	-4.505347e-04	1.000918e+01	2.675411e-01	2.675948e-01	1.361669e+01	-6.401676e+00	-4.518665e-04	4.492029e-04
0.854         	5.348511e-01	7.215412e+00	2.955080e-06	-3.153839e-05	-4.435466e-04	1.001025e+01	2.673940e-01	2.674571e-01	1.361795e+01	-6.402539e+00	-4.420691e-04	4.450242e-04
0.855         	5.345457e-01	7.215807e+00	8.302993e-06	-3.742643e-05	-4.358199e-04	1.001130e+01	2.672354e-01	2.673103e-01	1.361921e+01	-6.403399e+00	-4.316684e-04	4.399714e-04
0.856         	5.342228e-01	7.216188e+00	1.396437e-05	-4.470900e-05	-4.280893e-04	1.001233e+01	2.670667e-01	2.671561e-01	1.362042e+01	-6.404234e+00	-4.211072e-04	4.350715e-04
0.857         	5.338827e-01	7.216556e+00	1.959762e-05	-5.135011e-05	-4.205096e-04	1.001332e+01	2.668900e-01	2.669927e-01	1.362160e+01	-6.405045e+00	-4.107108e-04	4.303084e-04
0.858         	5.335245e-01	7.216904e+00	2.487953e-05	-5.770756e-05	-4.132508e-04	1.001428e+01	2.667045e-01	2.668199e-01	1.362273e+01	-6.405826e+00	-4.008111e-04	4.256906e-04
0.859         	5.331492e-01	7.217219e+00	2.940740e-05	-6.354589e-05	-4.049691e-04	1.001516e+01	2.665111e-01	2.666382e-01	1.362377e+01	-6.406551e+00	-3.902654e-04	4.196727e-04
0.86          	5.327580e-01	7.217504e+00	3.336347e-05	-6.866042e-05	-3.950543e-04	1.001598e+01	2.663103e-01	2.664477e-01	1.362473e+01	-6.407228e+00	-3.783726e-04	4.117360e-04
0.861         	5.323513e-01	7.217764e+00	3.658258e-05	-7.417018e-05	-3.829899e-04	1.001675e+01	2.661015e-01	2.662498e-01	1.362563e+01	-6.407866e+00	-3.646986e-04	4.012812e-04
0.862         	5.319308e-01	7.217988e+00	3.902941e-05	-7.879529e-05	-3.701954e-04	1.001743e+01	2.658866e-01	2.660442e-01	1.362642e+01	-6.408436e+00	-3.506807e-04	3.897101e-04
0.863         	5.314973e-01	7.218178e+00	4.007432e-05	-8.131345e-05	-3.558672e-04	1.001803e+01	2.656673e-01	2.658300e-01	1.362712e+01	-6.408944e+00	-3.358301e-04	3.759044e-04
0.864         	5.310525e-01	7.218331e+00	4.081920e-05	-8.371410e-05	-3.420452e-04	1.001855e+01	2.654425e-01	2.656100e-01	1.362771e+01	-6.409380e+00	-3.216356e-04	3.624548e-04
0.865         	5.305980e-01	7.218446e+00	4.079124e-05	-8.573992e-05	-3.269583e-04	1.001897e+01	2.652133e-01	2.653847e-01	1.362819e+01	-6.409742e+00	-3.065627e-04	3.473540e-04
0.866         	5.301338e-01	7.218534e+00	4.088734e-05	-8.714423e-05	-3.124009e-04	1.001933e+01	2.649797e-01	2.651540e-01	1.362859e+01	-6.410060e+00	-2.919573e-04	3.328446e-04
0.867         	5.296622e-01	7.218587e+00	4.085926e-05	-8.859185e-05	-2.975060e-04	1.001963e+01	2.647425e-01	2.649197e-01	1.362892e+01	-6.410336e+00	-2.770764e-04	3.179357e-04
0.868         	5.291843e-01	7.218603e+00	4.038546e-05	-8.962095e-05	-2.823238e-04	1.001988e+01	2.645025e-01	2.646818e-01	1.362918e+01	-6.410574e+00	-2.621310e-04	3.025165e-04
0.869         	5.287000e-01	7.218579e+00	3.890077e-05	-8.996339e-05	-2.674027e-04	1.002005e+01	2.642600e-01	2.644399e-01	1.362934e+01	-6.410759e+00	-2.479523e-04	2.868531e-04
0.87          	5.282119e-01	7.218521e+00	3.621511e-05	-8.917046e-05	-2.516963e-04	1.002015e+01	2.640168e-01	2.641951e-01	1.362941e+01	-6.410892e+00	-2.335888e-04	2.698039e-04
0.871         	5.277217e-01	7.218442e+00	3.250298e-05	-8.795752e-05	-2.351871e-04	1.002021e+01	2.637729e-01	2.639488e-01	1.362943e+01	-6.410990e+00	-2.189356e-04	2.514386e-04
0.872         	5.272297e-01	7.218334e+00	2.840533e-05	-8.644467e-05	-2.172717e-04	1.002020e+01	2.635284e-01	2.637013e-01	1.362937e+01	-6.411032e+00	-2.030690e-04	2.314744e-04
0.873         	5.267378e-01	7.218192e+00	2.561174e-05	-8.453827e-05	-2.010521e-04	1.002012e+01	2.632844e-01	2.634535e-01	1.362921e+01	-6.411022e+00	-1.882462e-04	2.138580e-04
0.874         	5.262485e-01	7.218021e+00	2.348601e-05	-8.250508e-05	-1.854252e-04	1.001999e+01	2.630418e-01	2.632068e-01	1.362900e+01	-6.410977e+00	-1.736822e-04	1.971682e-04
0.875         	5.257636e-01	7.217822e+00	2.129814e-05	-8.001125e-05	-1.690528e-04	1.001981e+01	2.628018e-01	2.629618e-01	1.362872e+01	-6.410902e+00	-1.584037e-04	1.797018e-04
0.876         	5.252846e-01	7.217608e+00	1.886914e-05	-7.715851e-05	-1.531706e-04	1.001963e+01	2.625651e-01	2.627195e-01	1.362843e+01	-6.410826e+00	-1.437360e-04	1.626051e-04
0.877         	5.248098e-01	7.217380e+00	1.649989e-05	-7.472197e-05	-1.395457e-04	1.001943e+01	2.623302e-01	2.624796e-01	1.362812e+01	-6.410740e+00	-1.312958e-04	1.477957e-04
0.878         	5.243389e-01	7.217133e+00	1.385583e-05	-7.237302e-05	-1.269221e-04	1.001921e+01	2.620971e-01	2.622418e-01	1.362777e+01	-6.410639e+00	-1.199942e-04	1.338500e-04
0.879         	5.238729e-01	7.216867e+00	1.160715e-05	-7.002485e-05	-1.164530e-04	1.001896e+01	2.618664e-01	2.620065e-01	1.362739e+01	-6.410527e+00	-1.106494e-04	1.222566e-04
0.88          	5.234120e-01	7.216578e+00	9.138770e-06	-6.778879e-05	-1.054020e-04	1.001868e+01	2.616382e-01	2.617738e-01	1.362697e+01	-6.410395e+00	-1.008326e-04	1.099714e-04
0.881         	5.229567e-01	7.216268e+00	7.180162e-06	-6.580067e-05	-9.482952e-05	1.001838e+01	2.614126e-01	2.615442e-01	1.362651e+01	-6.410242e+00	-9.123944e-05	9.841960e-05
0.882         	5.225080e-01	7.215946e+00	4.910044e-06	-6.339515e-05	-8.333265e-05	1.001805e+01	2.611906e-01	2.613174e-01	1.362603e+01	-6.410081e+00	-8.087763e-05	8.578767e-05
0.883         	5.220675e-01	7.215619e+00	2.405534e-06	-5.980977e-05	-7.311398e-05	1.001774e+01	2.609739e-01	2.610936e-01	1.362555e+01	-6.409930e+00	-7.191121e-05	7.431675e-05
0.884         	5.216372e-01	7.215291e+00	-5.616200e-07	-5.577978e-05	-6.444392e-05	1.001745e+01	2.607628e-01	2.608744e-01	1.362510e+01	-6.409804e+00	-6.472473e-05	6.416311e-05
0.885         	5.212176e-01	7.214956e+00	-3.425995e-06	-5.201513e-05	-5.793236e-05	1.001717e+01	2.605568e-01	2.606608e-01	1.362465e+01	-6.409692e+00	-5.964536e-05	5.621936e-05
0.886         	5.208080e-01	7.214612e+00	-6.003299e-06	-4.912966e-05	-5.223760e-05	1.001690e+01	2.603549e-01	2.604531e-01	1.362421e+01	-6.409596e+00	-5.523925e-05	4.923595e-05
0.887         	5.204079e-01	7.214253e+00	-7.992629e-06	-4.684996e-05	-4.732021e-05	1.001663e+01	2.601571e-01	2.602508e-01	1.362375e+01	-6.409499e+00	-5.131652e-05	4.332389e-05
0.888         	5.200194e-01	7.213880e+00	-1.021050e-05	-4.438180e-05	-4.258759e-05	1.001635e+01	2.599653e-01	2.600541e-01	1.362329e+01	-6.409406e+00	-4.769284e-05	3.748234e-05
0.889         	5.196427e-01	7.213494e+00	-1.380266e-05	-4.099385e-05	-3.596480e-05	1.001606e+01	2.597804e-01	2.598623e-01	1.362281e+01	-6.409312e+00	-4.286612e-05	2.906347e-05
0.89          	5.192751e-01	7.213093e+00	-1.814832e-05	-3.582442e-05	-2.836496e-05	1.001575e+01	2.596017e-01	2.596734e-01	1.362230e+01	-6.409208e+00	-3.743912e-05	1.929081e-05
0.891         	5.189156e-01	7.212683e+00	-2.175299e-05	-2.971071e-05	-2.207897e-05	1.001546e+01	2.594281e-01	2.594875e-01	1.362180e+01	-6.409114e+00	-3.295547e-05	1.120248e-05
0.892         	5.185647e-01	7.212268e+00	-2.358726e-05	-2.342561e-05	-1.790074e-05	1.001517e+01	2.592589e-01	2.593058e-01	1.362131e+01	-6.409040e+00	-2.969437e-05	6.107111e-06
0.893         	5.182227e-01	7.211846e+00	-2.380109e-05	-1.750323e-05	-1.587702e-05	1.001491e+01	2.590939e-01	2.591289e-01	1.362084e+01	-6.408991e+00	-2.777757e-05	3.976476e-06
0.894         	5.178900e-01	7.211418e+00	-2.360642e-05	-1.237922e-05	-1.380900e-05	1.001468e+01	2.589326e-01	2.589574e-01	1.362039e+01	-6.408969e+00	-2.561221e-05	2.005795e-06
0.895         	5.175665e-01	7.210977e+00	-2.381453e-05	-8.070361e-06	-9.973328e-06	1.001445e+01	2.587752e-01	2.587913e-01	1.361994e+01	-6.408963e+00	-2.188059e-05	-1.933935e-06
0.896         	5.172521e-01	7.210514e+00	-2.407502e-05	-5.386198e-06	-4.408892e-06	1.001421e+01	2.586207e-01	2.586314e-01	1.361947e+01	-6.408956e+00	-1.644640e-05	-7.628619e-06
0.897         	5.169450e-01	7.210022e+00	-2.415120e-05	-2.735756e-06	1.782287e-06	1.001394e+01	2.584697e-01	2.584752e-01	1.361895e+01	-6.408930e+00	-1.029331e-05	-1.385788e-05
0.898         	5.166438e-01	7.209500e+00	-2.352302e-05	1.521298e-06	6.587373e-06	1.001363e+01	2.583234e-01	2.583204e-01	1.361838e+01	-6.408882e+00	-5.174138e-06	-1.834888e-05
0.899         	5.163465e-01	7.208956e+00	-2.291410e-05	7.970936e-06	1.138348e-05	1.001330e+01	2.581812e-01	2.581653e-01	1.361778e+01	-6.408827e+00	-7.357461e-08	-2.284053e-05
0.9           	5.160518e-01	7.208395e+00	-2.185581e-05	1.570464e-05	1.595336e-05	1.001297e+01	2.580416e-01	2.580102e-01	1.361717e+01	-6.408776e+00	5.025457e-06	-2.688126e-05
0.901         	5.157602e-01	7.207824e+00	-2.109885e-05	2.479706e-05	2.126976e-05	1.001266e+01	2.579049e-01	2.578553e-01	1.361657e+01	-6.408744e+00	1.072033e-05	-3.181918e-05
0.902         	5.154731e-01	7.207246e+00	-2.049633e-05	3.310790e-05	2.741280e-05	1.001235e+01	2.577697e-01	2.577035e-01	1.361597e+01	-6.408728e+00	1.716464e-05	-3.766096e-05
0.903         	5.151914e-01	7.206660e+00	-1.926461e-05	4.091719e-05	3.446455e-05	1.001204e+01	2.576366e-01	2.575548e-01	1.361537e+01	-6.408713e+00	2.483224e-05	-4.409685e-05
0.904         	5.149146e-01	7.206051e+00	-1.658459e-05	4.720025e-05	4.116636e-05	1.001170e+01	2.575045e-01	2.574101e-01	1.361472e+01	-6.408672e+00	3.287406e-05	-4.945865e-05
0.905         	5.146432e-01	7.205414e+00	-1.180390e-05	5.243692e-05	4.496865e-05	1.001131e+01	2.573740e-01	2.572691e-01	1.361402e+01	-6.408606e+00	3.906670e-05	-5.087059e-05
0.906         	5.143709e-01	7.204750e+00	-5.791302e-06	5.814788e-05	4.723107e-05	1.001090e+01	2.572436e-01	2.571273e-01	1.361327e+01	-6.408522e+00	4.433542e-05	-5.012672e-05
0.907         	5.141011e-01	7.204065e+00	7.138613e-07	6.544590e-05	4.794844e-05	1.001047e+01	2.571160e-01	2.569851e-01	1.361250e+01	-6.408439e+00	4.830537e-05	-4.759150e-05
0.908         	5.138381e-01	7.203370e+00	5.847790e-06	7.516054e-05	5.174878e-05	1.001006e+01	2.569942e-01	2.568439e-01	1.361174e+01	-6.408373e+00	5.467268e-05	-4.882488e-05
0.909         	5.135794e-01	7.202669e+00	9.080831e-06	8.650584e-05	5.950072e-05	1.000966e+01	2.568762e-01	2.567032e-01	1.361099e+01	-6.408321e+00	6.404113e-05	-5.496030e-05
0.91          	5.133264e-01	7.201962e+00	1.155255e-05	9.658807e-05	7.004498e-05	1.000926e+01	2.567598e-01	2.565666e-01	1.361025e+01	-6.408284e+00	7.582126e-05	-6.426870e-05
0.911         	5.130766e-01	7.201240e+00	1.480862e-05	1.038244e-04	8.154448e-05	1.000885e+01	2.566421e-01	2.564345e-01	1.360947e+01	-6.408229e+00	8.894879e-05	-7.414017e-05
0.912         	5.128292e-01	7.200500e+00	1.946218e-05	1.098535e-04	9.098768e-05	1.000839e+01	2.565244e-01	2.563047e-01	1.360864e+01	-6.408144e+00	1.007188e-04	-8.125659e-05
0.913         	5.125829e-01	7.199748e+00	2.466340e-05	1.162974e-04	9.793441e-05	1.000790e+01	2.564077e-01	2.561752e-01	1.360778e+01	-6.408028e+00	1.102661e-04	-8.560271e-05
0.914         	5.123411e-01	7.198989e+00	2.940347e-05	1.256711e-04	1.018528e-04	1.000740e+01	2.562962e-01	2.560449e-01	1.360689e+01	-6.407901e+00	1.165545e-04	-8.715106e-05
0.915         	5.121064e-01	7.198234e+00	3.405298e-05	1.353564e-04	1.048018e-04	1.000691e+01	2.561886e-01	2.559179e-01	1.360603e+01	-6.407792e+00	1.218283e-04	-8.777528e-05
0.916         	5.118766e-01	7.197477e+00	3.848877e-05	1.440436e-04	1.112235e-04	1.000643e+01	2.560824e-01	2.557943e-01	1.360517e+01	-6.407688e+00	1.304679e-04	-9.197914e-05
0.917         	5.116513e-01	7.196720e+00	4.294594e-05	1.523320e-04	1.207443e-04	1.000595e+01	2.559780e-01	2.556733e-01	1.360431e+01	-6.407591e+00	1.422173e-04	-9.927134e-05
0.918         	5.114284e-01	7.195952e+00	4.587498e-05	1.615284e-04	1.338390e-04	1.000544e+01	2.558757e-01	2.555527e-01	1.360342e+01	-6.407466e+00	1.567765e-04	-1.109015e-04
0.919         	5.112098e-01	7.195173e+00	4.802174e-05	1.710073e-04	1.460250e-04	1.000490e+01	2.557759e-01	2.554339e-01	1.360248e+01	-6.407310e+00	1.700359e-04	-1.220141e-04
0.92          	5.109930e-01	7.194389e+00	4.974906e-05	1.802019e-04	1.569100e-04	1.000432e+01	2.556767e-01	2.553163e-01	1.360151e+01	-6.407124e+00	1.817845e-04	-1.320355e-04
0.921         	5.107772e-01	7.193602e+00	5.082034e-05	1.904245e-04	1.674122e-04	1.000371e+01	2.555790e-01	2.551982e-01	1.360051e+01	-6.406906e+00	1.928224e-04	-1.420020e-04
0.922         	5.105689e-01	7.192824e+00	5.202653e-05	2.018273e-04	1.769393e-04	1.000310e+01	2.554863e-01	2.550826e-01	1.359952e+01	-6.406691e+00	2.029525e-04	-1.509260e-04
0.923         	5.103676e-01	7.192050e+00	5.462395e-05	2.103803e-04	1.865209e-04	1.000249e+01	2.553942e-01	2.549734e-01	1.359852e+01	-6.406468e+00	2.138329e-04	-1.592090e-04
0.924         	5.101691e-01	7.191294e+00	5.875735e-05	2.162535e-04	1.934867e-04	1.000188e+01	2.553008e-01	2.548683e-01	1.359753e+01	-6.406236e+00	2.228653e-04	-1.641080e-04
0.925         	5.099733e-01	7.190559e+00	6.151961e-05	2.214174e-04	2.048163e-04	1.000127e+01	2.552081e-01	2.547652e-01	1.359655e+01	-6.405993e+00	2.355761e-04	-1.740565e-04
0.926         	5.097797e-01	7.189837e+00	6.152896e-05	2.295569e-04	2.212740e-04	1.000064e+01	2.551194e-01	2.546603e-01	1.359555e+01	-6.405717e+00	2.520385e-04	-1.905095e-04
0.927         	5.095913e-01	7.189127e+00	6.094367e-05	2.388594e-04	2.378413e-04	9.999983e+00	2.550345e-01	2.545568e-01	1.359455e+01	-6.405419e+00	2.683132e-04	-2.073695e-04
0.928         	5.094059e-01	7.188427e+00	5.885362e-05	2.492533e-04	2.537195e-04	9.999309e+00	2.549522e-01	2.544537e-01	1.359352e+01	-6.405095e+00	2.831463e-04	-2.242927e-04
0.929         	5.092212e-01	7.187737e+00	5.629724e-05	2.577079e-04	2.658337e-04	9.998609e+00	2.548683e-01	2.543529e-01	1.359248e+01	-6.404741e+00	2.939823e-04	-2.376851e-04
0.93          	5.090398e-01	7.187066e+00	5.510094e-05	2.635430e-04	2.737481e-04	9.997893e+00	2.547834e-01	2.542563e-01	1.359143e+01	-6.404361e+00	3.012986e-04	-2.461977e-04
0.931         	5.088612e-01	7.186412e+00	5.494573e-05	2.690649e-04	2.803174e-04	9.997157e+00	2.546997e-01	2.541615e-01	1.359036e+01	-6.403951e+00	3.077903e-04	-2.528445e-04
0.932         	5.086832e-01	7.185769e+00	5.497261e-05	2.757737e-04	2.878435e-04	9.996386e+00	2.546174e-01	2.540658e-01	1.358927e+01	-6.403502e+00	3.153298e-04	-2.603572e-04
0.933         	5.085037e-01	7.185131e+00	5.596606e-05	2.808818e-04	2.983670e-04	9.995579e+00	2.545327e-01	2.539710e-01	1.358814e+01	-6.403013e+00	3.263501e-04	-2.703840e-04
0.934         	5.083222e-01	7.184502e+00	5.728395e-05	2.840710e-04	3.132009e-04	9.994738e+00	2.544452e-01	2.538771e-01	1.358699e+01	-6.402487e+00	3.418429e-04	-2.845589e-04
0.935         	5.081409e-01	7.183886e+00	5.975426e-05	2.852214e-04	3.277262e-04	9.993871e+00	2.543557e-01	2.537852e-01	1.358581e+01	-6.401928e+00	3.576034e-04	-2.978491e-04
0.936         	5.079602e-01	7.183296e+00	6.204113e-05	2.850854e-04	3.372024e-04	9.992983e+00	2.542652e-01	2.536950e-01	1.358463e+01	-6.401335e+00	3.682230e-04	-3.061818e-04
0.937         	5.077793e-01	7.182737e+00	6.294105e-05	2.860522e-04	3.406043e-04	9.992076e+00	2.541757e-01	2.536036e-01	1.358344e+01	-6.400708e+00	3.720749e-04	-3.091338e-04
0.938         	5.075966e-01	7.182201e+00	6.337204e-05	2.881690e-04	3.421111e-04	9.991144e+00	2.540865e-01	2.535101e-01	1.358224e+01	-6.400043e+00	3.737971e-04	-3.104251e-04
0.939         	5.074101e-01	7.181682e+00	6.563360e-05	2.892989e-04	3.444692e-04	9.990188e+00	2.539944e-01	2.534158e-01	1.358103e+01	-6.399347e+00	3.772860e-04	-3.116524e-04
0.94          	5.072201e-01	7.181178e+00	7.226853e-05	2.853436e-04	3.493926e-04	9.989222e+00	2.538954e-01	2.533247e-01	1.357981e+01	-6.398633e+00	3.855269e-04	-3.132583e-04
0.941         	5.070287e-01	7.180687e+00	7.896943e-05	2.798545e-04	3.575601e-04	9.988253e+00	2.537942e-01	2.532345e-01	1.357860e+01	-6.397909e+00	3.970448e-04	-3.180754e-04
0.942         	5.068393e-01	7.180207e+00	8.061435e-05	2.781634e-04	3.656443e-04	9.987283e+00	2.536978e-01	2.531415e-01	1.357739e+01	-6.397179e+00	4.059514e-04	-3.253371e-04
0.943         	5.066528e-01	7.179740e+00	8.189289e-05	2.747773e-04	3.703405e-04	9.986307e+00	2.536012e-01	2.530516e-01	1.357618e+01	-6.396437e+00	4.112869e-04	-3.293940e-04
0.944         	5.064691e-01	7.179286e+00	8.587554e-05	2.667182e-04	3.715537e-04	9.985322e+00	2.535013e-01	2.529678e-01	1.357497e+01	-6.395679e+00	4.144915e-04	-3.286159e-04
0.945         	5.062841e-01	7.178838e+00	9.539799e-05	2.530431e-04	3.719813e-04	9.984320e+00	2.533951e-01	2.528890e-01	1.357374e+01	-6.394901e+00	4.196803e-04	-3.242823e-04
0.946         	5.060993e-01	7.178389e+00	1.078589e-04	2.374746e-04	3.756211e-04	9.983303e+00	2.532871e-01	2.528122e-01	1.357250e+01	-6.394108e+00	4.295506e-04	-3.216917e-04
0.947         	5.059135e-01	7.177933e+00	1.160558e-04	2.287405e-04	3.819215e-04	9.982268e+00	2.531855e-01	2.527280e-01	1.357123e+01	-6.393302e+00	4.399494e-04	-3.238936e-04
0.948         	5.057266e-01	7.177469e+00	1.194313e-04	2.276313e-04	3.887095e-04	9.981214e+00	2.530909e-01	2.526357e-01	1.356995e+01	-6.392479e+00	4.484252e-04	-3.289939e-04
0.949         	5.055344e-01	7.176999e+00	1.202239e-04	2.298807e-04	3.928845e-04	9.980132e+00	2.529971e-01	2.525373e-01	1.356863e+01	-6.391632e+00	4.529964e-04	-3.327726e-04
0.95          	5.053307e-01	7.176531e+00	1.241446e-04	2.284442e-04	3.949035e-04	9.979022e+00	2.528938e-01	2.524369e-01	1.356729e+01	-6.390757e+00	4.569758e-04	-3.328312e-04
0.951         	5.051144e-01	7.176079e+00	1.309766e-04	2.230731e-04	3.992463e-04	9.977905e+00	2.527803e-01	2.523341e-01	1.356594e+01	-6.389865e+00	4.647346e-04	-3.337580e-04
0.952         	5.048875e-01	7.175655e+00	1.361755e-04	2.186165e-04	4.034501e-04	9.976802e+00	2.526624e-01	2.522251e-01	1.356463e+01	-6.388975e+00	4.715379e-04	-3.353623e-04
0.953         	5.046507e-01	7.175264e+00	1.399612e-04	2.158969e-04	4.067171e-04	9.975730e+00	2.525412e-01	2.521094e-01	1.356336e+01	-6.388098e+00	4.766977e-04	-3.367365e-04
0.954         	5.044042e-01	7.174904e+00	1.449953e-04	2.132996e-04	4.070171e-04	9.974693e+00	2.524154e-01	2.519888e-01	1.356214e+01	-6.387241e+00	4.795148e-04	-3.345195e-04
0.955         	5.041457e-01	7.174572e+00	1.518200e-04	2.114730e-04	4.047534e-04	9.973684e+00	2.522843e-01	2.518614e-01	1.356097e+01	-6.386398e+00	4.806634e-04	-3.288434e-04
0.956         	5.038720e-01	7.174265e+00	1.606978e-04	2.084442e-04	4.019923e-04	9.972687e+00	2.521444e-01	2.517275e-01	1.355982e+01	-6.385555e+00	4.823412e-04	-3.216434e-04
0.957         	5.035820e-01	7.173984e+00	1.675431e-04	2.054855e-04	4.023773e-04	9.971689e+00	2.519965e-01	2.515855e-01	1.355868e+01	-6.384697e+00	4.861489e-04	-3.186058e-04
0.958         	5.032750e-01	7.173731e+00	1.707639e-04	2.051230e-04	4.055006e-04	9.970678e+00	2.518426e-01	2.514324e-01	1.355754e+01	-6.383813e+00	4.908826e-04	-3.201187e-04
0.959         	5.029495e-01	7.173507e+00	1.718047e-04	2.056089e-04	4.098913e-04	9.969644e+00	2.516804e-01	2.512691e-01	1.355640e+01	-6.382891e+00	4.957937e-04	-3.239890e-04
0.96          	5.026057e-01	7.173312e+00	1.732067e-04	2.048396e-04	4.123997e-04	9.968585e+00	2.515077e-01	2.510980e-01	1.355524e+01	-6.381929e+00	4.990031e-04	-3.257964e-04
0.961         	5.022447e-01	7.173138e+00	1.766153e-04	2.034697e-04	4.109671e-04	9.967497e+00	2.513258e-01	2.509189e-01	1.355407e+01	-6.380929e+00	4.992747e-04	-3.226594e-04
0.962         	5.018675e-01	7.172971e+00	1.798866e-04	2.056372e-04	4.080929e-04	9.966380e+00	2.511394e-01	2.507281e-01	1.355287e+01	-6.379894e+00	4.980362e-04	-3.181496e-04
0.963         	5.014753e-01	7.172798e+00	1.829219e-04	2.108035e-04	4.033628e-04	9.965229e+00	2.509485e-01	2.505269e-01	1.355163e+01	-6.378830e+00	4.948237e-04	-3.119018e-04
0.964         	5.010705e-01	7.172608e+00	1.851968e-04	2.182341e-04	4.002653e-04	9.964043e+00	2.507535e-01	2.503170e-01	1.355035e+01	-6.377739e+00	4.928637e-04	-3.076669e-04
0.965         	5.006603e-01	7.172413e+00	1.885485e-04	2.227992e-04	3.988845e-04	9.962831e+00	2.505529e-01	2.501073e-01	1.354904e+01	-6.376624e+00	4.931587e-04	-3.046102e-04
0.966         	5.002511e-01	7.172226e+00	1.906151e-04	2.241241e-04	4.002711e-04	9.961602e+00	2.503497e-01	2.499014e-01	1.354771e+01	-6.375489e+00	4.955787e-04	-3.049636e-04
0.967         	4.998435e-01	7.172047e+00	1.906696e-04	2.226866e-04	4.016733e-04	9.960345e+00	2.501445e-01	2.496991e-01	1.354637e+01	-6.374322e+00	4.970080e-04	-3.063385e-04
0.968         	4.994389e-01	7.171873e+00	1.903476e-04	2.185045e-04	4.027403e-04	9.959050e+00	2.499379e-01	2.495009e-01	1.354499e+01	-6.373114e+00	4.979141e-04	-3.075665e-04
0.969         	4.990391e-01	7.171700e+00	1.892329e-04	2.149143e-04	4.049199e-04	9.957718e+00	2.497344e-01	2.493046e-01	1.354357e+01	-6.371868e+00	4.995363e-04	-3.103034e-04
0.97          	4.986484e-01	7.171536e+00	1.882747e-04	2.112545e-04	4.079296e-04	9.956361e+00	2.495355e-01	2.491130e-01	1.354213e+01	-6.370593e+00	5.020670e-04	-3.137923e-04
0.971         	4.982703e-01	7.171390e+00	1.875163e-04	2.068772e-04	4.128236e-04	9.954995e+00	2.493420e-01	2.489283e-01	1.354069e+01	-6.369300e+00	5.065817e-04	-3.190654e-04
0.972         	4.979059e-01	7.171269e+00	1.868819e-04	2.016124e-04	4.180496e-04	9.953628e+00	2.491545e-01	2.487513e-01	1.353926e+01	-6.367993e+00	5.114906e-04	-3.246086e-04
0.973         	4.975549e-01	7.171167e+00	1.849318e-04	1.981265e-04	4.237725e-04	9.952261e+00	2.489756e-01	2.485793e-01	1.353784e+01	-6.366677e+00	5.162384e-04	-3.313066e-04
0.974         	4.972161e-01	7.171073e+00	1.816561e-04	1.960525e-04	4.308332e-04	9.950893e+00	2.488041e-01	2.484120e-01	1.353643e+01	-6.365356e+00	5.216612e-04	-3.400052e-04
0.975         	4.968894e-01	7.170985e+00	1.791107e-04	1.902352e-04	4.383901e-04	9.949517e+00	2.486349e-01	2.482545e-01	1.353501e+01	-6.364024e+00	5.279454e-04	-3.488348e-04
0.976         	4.965759e-01	7.170911e+00	1.774579e-04	1.798288e-04	4.455074e-04	9.948131e+00	2.484678e-01	2.481081e-01	1.353359e+01	-6.362675e+00	5.342363e-04	-3.567785e-04
0.977         	4.962784e-01	7.170864e+00	1.745161e-04	1.719558e-04	4.517946e-04	9.946737e+00	2.483112e-01	2.479673e-01	1.353217e+01	-6.361305e+00	5.390526e-04	-3.645366e-04
0.978         	4.959975e-01	7.170842e+00	1.702092e-04	1.647430e-04	4.574091e-04	9.945342e+00	2.481635e-01	2.478340e-01	1.353076e+01	-6.359921e+00	5.425137e-04	-3.723045e-04
0.979         	4.957333e-01	7.170849e+00	1.658585e-04	1.541267e-04	4.618911e-04	9.943945e+00	2.480208e-01	2.477125e-01	1.352937e+01	-6.358521e+00	5.448204e-04	-3.789619e-04
0.98          	4.954844e-01	7.170891e+00	1.614446e-04	1.410634e-04	4.656395e-04	9.942571e+00	2.478832e-01	2.476011e-01	1.352802e+01	-6.357126e+00	5.463618e-04	-3.849172e-04
0.981         	4.952478e-01	7.170974e+00	1.562403e-04	1.283158e-04	4.692832e-04	9.941229e+00	2.477522e-01	2.474956e-01	1.352672e+01	-6.355742e+00	5.474034e-04	-3.911631e-04
0.982         	4.950209e-01	7.171085e+00	1.502513e-04	1.172238e-04	4.725851e-04	9.939914e+00	2.476277e-01	2.473932e-01	1.352546e+01	-6.354371e+00	5.477108e-04	-3.974595e-04
0.983         	4.947991e-01	7.171208e+00	1.429875e-04	1.074196e-04	4.767852e-04	9.938601e+00	2.475070e-01	2.472921e-01	1.352421e+01	-6.352998e+00	5.482790e-04	-4.052915e-04
0.984         	4.945807e-01	7.171341e+00	1.346209e-04	9.773740e-05	4.819253e-04	9.937288e+00	2.473881e-01	2.471926e-01	1.352296e+01	-6.351617e+00	5.492357e-04	-4.146149e-04
0.985         	4.943639e-01	7.171486e+00	1.258055e-04	8.667096e-05	4.858252e-04	9.935972e+00	2.472686e-01	2.470953e-01	1.352172e+01	-6.350229e+00	5.487279e-04	-4.229225e-04
0.986         	4.941471e-01	7.171651e+00	1.165197e-04	7.518772e-05	4.875636e-04	9.934669e+00	2.471487e-01	2.469983e-01	1.352049e+01	-6.348843e+00	5.458235e-04	-4.293037e-04
0.987         	4.939277e-01	7.171835e+00	1.053284e-04	6.553340e-05	4.895769e-04	9.933385e+00	2.470294e-01	2.468983e-01	1.351930e+01	-6.347467e+00	5.422411e-04	-4.369127e-04
0.988         	4.937032e-01	7.172036e+00	9.264163e-05	5.673788e-05	4.937574e-04	9.932121e+00	2.469083e-01	2.467949e-01	1.351814e+01	-6.346103e+00	5.400783e-04	-4.474366e-04
0.989         	4.934708e-01	7.172249e+00	7.902887e-05	4.827906e-05	5.003684e-04	9.930863e+00	2.467837e-01	2.466871e-01	1.351699e+01	-6.344739e+00	5.398828e-04	-4.608540e-04
0.99          	4.932274e-01	7.172449e+00	6.496705e-05	3.842991e-05	5.085254e-04	9.929567e+00	2.466521e-01	2.465753e-01	1.351579e+01	-6.343343e+00	5.410089e-04	-4.760419e-04
0.991         	4.929675e-01	7.172622e+00	5.094786e-05	2.550396e-05	5.183504e-04	9.928202e+00	2.465093e-01	2.464583e-01	1.351451e+01	-6.341891e+00	5.438244e-04	-4.928765e-04
0.992         	4.926941e-01	7.172766e+00	3.662243e-05	1.158769e-05	5.277006e-04	9.926761e+00	2.463586e-01	2.463355e-01	1.351314e+01	-6.340378e+00	5.460118e-04	-5.093894e-04
0.993         	4.924106e-01	7.172884e+00	2.195033e-05	-1.130663e-06	5.352171e-04	9.925251e+00	2.462042e-01	2.462064e-01	1.351169e+01	-6.338809e+00	5.461923e-04	-5.242419e-04
0.994         	4.921199e-01	7.172984e+00	6.624127e-06	-1.081778e-05	5.406915e-04	9.923694e+00	2.460491e-01	2.460708e-01	1.351019e+01	-6.337202e+00	5.440036e-04	-5.373795e-04
0.995         	4.918229e-01	7.173062e+00	-9.154603e-06	-1.715817e-05	5.438356e-04	9.922097e+00	2.458943e-01	2.459286e-01	1.350863e+01	-6.335566e+00	5.392583e-04	-5.484129e-04
0.996         	4.915183e-01	7.173120e+00	-2.540313e-05	-2.194832e-05	5.482549e-04	9.920464e+00	2.457372e-01	2.457811e-01	1.350702e+01	-6.333904e+00	5.355534e-04	-5.609565e-04
0.997         	4.912052e-01	7.173158e+00	-4.087164e-05	-2.814034e-05	5.548252e-04	9.918798e+00	2.455744e-01	2.456307e-01	1.350538e+01	-6.332218e+00	5.343894e-04	-5.752610e-04
0.998         	4.908846e-01	7.173176e+00	-5.511559e-05	-3.735896e-05	5.626758e-04	9.917088e+00	2.454049e-01	2.454797e-01	1.350368e+01	-6.330500e+00	5.351180e-04	-5.902336e-04
0.999         	4.905596e-01	7.173176e+00	-6.897357e-05	-4.795901e-05	5.718636e-04	9.915331e+00	2.452318e-01	2.453278e-01	1.350192e+01	-6.328743e+00	5.373768e-04	-6.063504e-04
1             	4.902345e-01	7.173168e+00	-8.244066e-05	-5.732693e-05	5.801575e-04	9.913553e+00	2.450599e-01	2.451746e-01	1.350014e+01	-6.326969e+00	5.389372e-04	-6.213778e-04
