# Force coefficients
# dragDir     : (1.000000e+00 0.000000e+00 0.000000e+00)
# sideDir     : (0.000000e+00 0.000000e+00 -1.000000e+00)
# liftDir     : (0.000000e+00 1.000000e+00 0.000000e+00)
# rollAxis    : (1.000000e+00 0.000000e+00 0.000000e+00)
# pitchAxis   : (0.000000e+00 0.000000e+00 -1.000000e+00)
# yawAxis     : (0.000000e+00 1.000000e+00 0.000000e+00)
# magUInf     : 3.000000e+01
# lRef        : 1.000000e+00
# Aref        : 2.000000e+00
# CofR        : (0.000000e+00 0.000000e+00 0.000000e+00)
#
# Time        	Cd            	Cs            	Cl            	CmRoll        	CmPitch       	CmYaw         	Cd(f)         	Cd(r)         	Cs(f)         	Cs(r)         	Cl(f)         	Cl(r)         
0.001         	8.089266e+01	3.753309e+01	1.547730e-03	-7.620075e-04	-4.091090e-03	1.217935e+02	4.044557e+01	4.044709e+01	1.405601e+02	-1.030270e+02	-3.317225e-03	4.864955e-03
0.002         	8.430840e+01	4.117478e+01	1.623947e-03	-8.093201e-04	-4.442752e-03	1.288061e+02	4.215339e+01	4.215501e+01	1.493935e+02	-1.082188e+02	-3.630779e-03	5.254726e-03
0.003         	3.769496e+01	2.631161e+01	5.708578e-04	-2.370127e-04	-1.775749e-03	6.661825e+01	1.884724e+01	1.884772e+01	7.977406e+01	-5.346244e+01	-1.490320e-03	2.061178e-03
0.004         	-1.779961e+01	7.286392e+00	-5.617330e-04	3.323562e-04	1.236363e-03	-7.912265e+00	-8.899472e+00	-8.900137e+00	-4.269069e+00	1.155546e+01	9.554968e-04	-1.517230e-03
0.005         	-4.495724e+01	-3.313345e+00	-1.042066e-03	5.584557e-04	2.631531e-03	-4.564391e+01	-2.247806e+01	-2.247918e+01	-4.730058e+01	4.398724e+01	2.110498e-03	-3.152564e-03
0.006         	-3.676555e+01	-1.784333e+00	-7.647970e-04	3.936714e-04	2.079036e-03	-3.533912e+01	-1.838238e+01	-1.838317e+01	-3.623129e+01	3.444695e+01	1.696638e-03	-2.461435e-03
0.007         	-9.733736e+00	7.152857e+00	-1.371406e-04	3.345112e-05	5.086981e-04	1.725483e+00	-4.866834e+00	-4.866901e+00	5.301912e+00	1.850946e+00	4.401278e-04	-5.772684e-04
0.008         	1.450738e+01	1.592399e+01	3.123213e-04	-1.899418e-04	-7.162283e-04	3.534714e+01	7.253502e+00	7.253882e+00	4.330913e+01	-2.738515e+01	-5.600676e-04	8.723890e-04
0.009         	2.281052e+01	1.940545e+01	3.934908e-04	-2.099260e-04	-1.050177e-03	4.671726e+01	1.140505e+01	1.140547e+01	5.641998e+01	-3.701453e+01	-8.534312e-04	1.246922e-03
0.01          	1.568528e+01	1.719870e+01	1.550233e-04	-5.874388e-05	-5.247587e-04	3.618375e+01	7.842583e+00	7.842701e+00	4.478310e+01	-2.758440e+01	-4.472471e-04	6.022704e-04
0.011         	2.295402e+00	1.240739e+01	-1.547780e-04	1.173757e-04	2.729119e-04	1.688714e+01	1.147819e+00	1.147584e+00	2.309083e+01	-1.068345e+01	1.955229e-04	-3.503009e-04
0.012         	-7.619043e+00	8.638326e+00	-3.384426e-04	2.205416e-04	7.932182e-04	2.889935e+00	-3.809301e+00	-3.809742e+00	7.209098e+00	1.429228e+00	6.239969e-04	-9.624396e-04
0.013         	-9.466299e+00	7.787250e+00	-3.039078e-04	2.011192e-04	7.819137e-04	7.771392e-01	-4.732948e+00	-4.733351e+00	4.670764e+00	3.116486e+00	6.299598e-04	-9.338676e-04
0.014         	-4.813818e+00	9.434723e+00	-1.407857e-04	1.064008e-04	4.085919e-04	8.051984e+00	-2.406803e+00	-2.407015e+00	1.276935e+01	-3.334623e+00	3.381990e-04	-4.789847e-04
0.015         	1.541111e+00	1.182879e+01	-7.813751e-07	2.686955e-05	3.608845e-05	1.748399e+01	7.705824e-01	7.705287e-01	2.339839e+01	-1.156960e+01	3.569776e-05	-3.647914e-05
0.016         	5.358308e+00	1.333235e+01	4.411567e-05	-3.624541e-06	-1.392609e-04	2.283630e+01	2.679150e+00	2.679157e+00	2.950248e+01	-1.617012e+01	-1.172031e-04	1.613187e-04
0.017         	5.235512e+00	1.333865e+01	-1.346653e-05	2.616794e-05	-5.789987e-05	2.221330e+01	2.617782e+00	2.617730e+00	2.888262e+01	-1.554397e+01	-6.463313e-05	5.116660e-05
0.018         	2.510953e+00	1.230958e+01	-1.096600e-04	8.084947e-05	1.494626e-04	1.783960e+01	1.255558e+00	1.255396e+00	2.399440e+01	-1.168481e+01	9.463254e-05	-2.042926e-04
0.019         	-4.003336e-01	1.116938e+01	-1.737433e-04	1.196183e-04	3.161974e-04	1.345323e+01	-2.000472e-01	-2.002864e-01	1.903792e+01	-7.868535e+00	2.293257e-04	-4.030690e-04
0.02          	-1.749408e+00	1.061885e+01	-1.751629e-04	1.215327e-04	3.549949e-04	1.164087e+01	-8.745827e-01	-8.748257e-01	1.695030e+01	-6.331448e+00	2.674134e-04	-4.425764e-04
0.021         	-1.255921e+00	1.079418e+01	-1.278318e-04	9.358643e-05	2.734581e-04	1.266475e+01	-6.278668e-01	-6.280540e-01	1.806184e+01	-7.267655e+00	2.095422e-04	-3.373740e-04
0.022         	1.998574e-01	1.136495e+01	-7.311750e-05	5.998589e-05	1.557514e-04	1.503567e+01	9.998867e-02	9.986869e-02	2.071814e+01	-9.353198e+00	1.191926e-04	-1.923101e-04
0.023         	1.460111e+00	1.187249e+01	-4.807342e-05	4.383449e-05	8.904138e-05	1.693228e+01	7.300991e-01	7.300115e-01	2.286852e+01	-1.099604e+01	6.500467e-05	-1.130781e-04
0.024         	1.851717e+00	1.203953e+01	-6.361875e-05	5.392741e-05	1.088210e-04	1.737996e+01	9.259122e-01	9.258044e-01	2.339973e+01	-1.136020e+01	7.701164e-05	-1.406304e-04
0.025         	1.423075e+00	1.187306e+01	-1.001886e-04	7.876316e-05	1.806369e-04	1.656000e+01	7.116162e-01	7.114586e-01	2.249652e+01	-1.062347e+01	1.305426e-04	-2.307312e-04
0.026         	6.852889e-01	1.157334e+01	-1.284863e-04	9.918931e-05	2.428746e-04	1.534582e+01	3.427437e-01	3.425453e-01	2.113249e+01	-9.559152e+00	1.786314e-04	-3.071177e-04
0.027         	1.665927e-01	1.135600e+01	-1.310504e-04	1.026812e-04	2.551477e-04	1.457257e+01	8.339905e-02	8.319369e-02	2.025057e+01	-8.894565e+00	1.896225e-04	-3.206729e-04
0.028         	9.931458e-02	1.132149e+01	-1.136813e-04	9.173929e-05	2.288949e-04	1.455725e+01	4.974903e-02	4.956555e-02	2.021799e+01	-8.896499e+00	1.720543e-04	-2.857356e-04
0.029         	3.786085e-01	1.143248e+01	-8.759733e-05	7.303518e-05	1.816560e-04	1.507277e+01	1.893773e-01	1.892312e-01	2.078901e+01	-9.356534e+00	1.378573e-04	-2.254547e-04
0.03          	7.309256e-01	1.157849e+01	-6.868105e-05	5.759416e-05	1.452904e-04	1.564995e+01	3.655204e-01	3.654052e-01	2.143920e+01	-9.860709e+00	1.109499e-04	-1.796310e-04
0.031         	9.272582e-01	1.166329e+01	-6.495573e-05	5.214617e-05	1.378393e-04	1.592914e+01	4.636812e-01	4.635769e-01	2.176078e+01	-1.009749e+01	1.053615e-04	-1.703172e-04
0.032         	9.025803e-01	1.165633e+01	-7.380865e-05	5.619209e-05	1.558503e-04	1.583774e+01	4.513463e-01	4.512339e-01	2.166591e+01	-1.000958e+01	1.189460e-04	-1.927547e-04
0.033         	7.415715e-01	1.158985e+01	-8.532719e-05	6.360748e-05	1.797111e-04	1.554364e+01	3.708493e-01	3.707221e-01	2.133856e+01	-9.748711e+00	1.370475e-04	-2.223747e-04
0.034         	5.816698e-01	1.152061e+01	-9.041693e-05	6.765128e-05	1.909012e-04	1.528230e+01	2.909025e-01	2.907672e-01	2.104261e+01	-9.521992e+00	1.456927e-04	-2.361097e-04
0.035         	5.160670e-01	1.148927e+01	-8.594869e-05	6.508306e-05	1.826391e-04	1.519711e+01	2.580986e-01	2.579684e-01	2.094174e+01	-9.452474e+00	1.396648e-04	-2.256135e-04
0.036         	5.533355e-01	1.150153e+01	-7.520137e-05	5.722417e-05	1.613607e-04	1.528313e+01	2.767250e-01	2.766105e-01	2.103390e+01	-9.532368e+00	1.237600e-04	-1.989614e-04
0.037         	6.392607e-01	1.153580e+01	-6.451100e-05	4.828384e-05	1.400763e-04	1.543606e+01	3.196787e-01	3.195821e-01	2.120396e+01	-9.668159e+00	1.078208e-04	-1.723318e-04
0.038         	7.083871e-01	1.156417e+01	-5.915922e-05	4.244988e-05	1.298683e-04	1.554420e+01	3.542360e-01	3.541511e-01	2.132628e+01	-9.762110e+00	1.002886e-04	-1.594479e-04
0.039         	7.258004e-01	1.157074e+01	-6.026675e-05	4.127203e-05	1.330198e-04	1.555675e+01	3.629415e-01	3.628589e-01	2.134213e+01	-9.771381e+00	1.028864e-04	-1.631531e-04
0.04          	6.978286e-01	1.155713e+01	-6.560783e-05	4.366779e-05	1.449215e-04	1.549491e+01	3.489579e-01	3.488706e-01	2.127347e+01	-9.716344e+00	1.121176e-04	-1.777254e-04
0.041         	6.552768e-01	1.153604e+01	-7.081008e-05	4.654817e-05	1.559765e-04	1.541699e+01	3.276850e-01	3.275919e-01	2.118501e+01	-9.648972e+00	1.205715e-04	-1.913816e-04
0.042         	6.277037e-01	1.152048e+01	-7.302066e-05	4.756979e-05	1.603582e-04	1.537262e+01	3.138994e-01	3.138043e-01	2.113286e+01	-9.612378e+00	1.238479e-04	-1.968686e-04
0.043         	6.265064e-01	1.151607e+01	-7.162714e-05	4.583256e-05	1.569151e-04	1.537617e+01	3.132990e-01	3.132074e-01	2.113421e+01	-9.618135e+00	1.211015e-04	-1.927287e-04
0.044         	6.440493e-01	1.152003e+01	-6.804447e-05	4.214872e-05	1.489269e-04	1.540916e+01	3.220668e-01	3.219825e-01	2.116918e+01	-9.649150e+00	1.149047e-04	-1.829492e-04
0.045         	6.641365e-01	1.152547e+01	-6.536333e-05	3.868677e-05	1.437871e-04	1.544133e+01	3.321070e-01	3.320296e-01	2.120406e+01	-9.678594e+00	1.111054e-04	-1.764688e-04
0.046         	6.741701e-01	1.152675e+01	-6.464441e-05	3.651272e-05	1.435202e-04	1.545215e+01	3.371216e-01	3.370485e-01	2.121552e+01	-9.688772e+00	1.111979e-04	-1.758424e-04
0.047         	6.714239e-01	1.152236e+01	-6.551828e-05	3.573553e-05	1.469931e-04	1.544012e+01	3.357477e-01	3.356762e-01	2.120130e+01	-9.678944e+00	1.142340e-04	-1.797522e-04
0.048         	6.615088e-01	1.151455e+01	-6.702907e-05	3.580591e-05	1.521002e-04	1.541782e+01	3.307902e-01	3.307186e-01	2.117509e+01	-9.660542e+00	1.185856e-04	-1.856147e-04
0.049         	6.524204e-01	1.150675e+01	-6.765354e-05	3.563842e-05	1.552869e-04	1.539974e+01	3.262458e-01	3.261746e-01	2.115312e+01	-9.646368e+00	1.214602e-04	-1.891137e-04
0.05          	6.491454e-01	1.150124e+01	-6.755276e-05	3.513774e-05	1.576220e-04	1.539351e+01	3.246079e-01	3.245376e-01	2.114413e+01	-9.642888e+00	1.238456e-04	-1.913984e-04
0.051         	6.516900e-01	1.149826e+01	-6.649070e-05	3.394855e-05	1.584735e-04	1.539746e+01	3.258790e-01	3.258111e-01	2.114659e+01	-9.648327e+00	1.252281e-04	-1.917188e-04
0.052         	6.566540e-01	1.149648e+01	-6.457763e-05	3.205229e-05	1.577279e-04	1.540457e+01	3.283590e-01	3.282949e-01	2.115281e+01	-9.656328e+00	1.254391e-04	-1.900167e-04
0.053         	6.602810e-01	1.149427e+01	-6.257558e-05	3.003142e-05	1.570438e-04	1.540813e+01	3.301705e-01	3.301104e-01	2.115527e+01	-9.660999e+00	1.257560e-04	-1.883315e-04
0.054         	6.607012e-01	1.149055e+01	-6.097693e-05	2.836161e-05	1.573957e-04	1.540520e+01	3.303790e-01	3.303223e-01	2.115047e+01	-9.659920e+00	1.269072e-04	-1.878842e-04
0.055         	6.585246e-01	1.148543e+01	-5.967643e-05	2.713375e-05	1.584865e-04	1.539756e+01	3.292894e-01	3.292352e-01	2.114028e+01	-9.654844e+00	1.286483e-04	-1.883247e-04
0.056         	6.556473e-01	1.147979e+01	-5.892434e-05	2.631193e-05	1.608747e-04	1.538923e+01	3.278500e-01	3.277973e-01	2.112912e+01	-9.649330e+00	1.314125e-04	-1.903368e-04
0.057         	6.537583e-01	1.147455e+01	-5.767854e-05	2.529922e-05	1.617764e-04	1.538340e+01	3.269044e-01	3.268538e-01	2.112068e+01	-9.646127e+00	1.329371e-04	-1.906157e-04
0.058         	6.533756e-01	1.147002e+01	-5.585403e-05	2.392190e-05	1.608415e-04	1.538060e+01	3.267117e-01	3.266639e-01	2.111562e+01	-9.645593e+00	1.329145e-04	-1.887685e-04
0.059         	6.539740e-01	1.146607e+01	-5.359921e-05	2.236130e-05	1.585616e-04	1.537948e+01	3.270094e-01	3.269646e-01	2.111252e+01	-9.646446e+00	1.317620e-04	-1.853612e-04
0.06          	6.545934e-01	1.146235e+01	-5.163111e-05	2.078884e-05	1.568385e-04	1.537810e+01	3.273175e-01	3.272759e-01	2.110928e+01	-9.646931e+00	1.310229e-04	-1.826540e-04
0.061         	6.545147e-01	1.145854e+01	-5.024258e-05	1.959531e-05	1.561956e-04	1.537531e+01	3.272770e-01	3.272378e-01	2.110458e+01	-9.646042e+00	1.310743e-04	-1.813169e-04
0.062         	6.536696e-01	1.145461e+01	-4.916214e-05	1.875806e-05	1.558206e-04	1.537133e+01	3.268535e-01	3.268160e-01	2.109864e+01	-9.644021e+00	1.312395e-04	-1.804016e-04
0.063         	6.524199e-01	1.145070e+01	-4.780956e-05	1.803967e-05	1.542658e-04	1.536713e+01	3.262280e-01	3.261919e-01	2.109248e+01	-9.641775e+00	1.303610e-04	-1.781706e-04
0.064         	6.512513e-01	1.144699e+01	-4.624762e-05	1.730134e-05	1.519151e-04	1.536370e+01	3.256430e-01	3.256083e-01	2.108720e+01	-9.640210e+00	1.287913e-04	-1.750389e-04
0.065         	6.503759e-01	1.144354e+01	-4.527669e-05	1.683070e-05	1.506084e-04	1.536139e+01	3.252048e-01	3.251711e-01	2.108316e+01	-9.639622e+00	1.279700e-04	-1.732467e-04
0.066         	6.497527e-01	1.144033e+01	-4.521599e-05	1.650490e-05	1.505499e-04	1.535997e+01	3.248929e-01	3.248599e-01	2.108013e+01	-9.639801e+00	1.279420e-04	-1.731579e-04
0.067         	6.491837e-01	1.143737e+01	-4.479562e-05	1.745842e-05	1.497705e-04	1.535903e+01	3.246093e-01	3.245744e-01	2.107772e+01	-9.640349e+00	1.273727e-04	-1.721683e-04
0.068         	6.484490e-01	1.143454e+01	-4.556828e-05	1.660403e-05	1.499905e-04	1.535814e+01	3.242411e-01	3.242079e-01	2.107541e+01	-9.640873e+00	1.272064e-04	-1.727747e-04
0.069         	6.474363e-01	1.143176e+01	-4.611692e-05	1.647674e-05	1.494795e-04	1.535708e+01	3.237346e-01	3.237017e-01	2.107296e+01	-9.641203e+00	1.264210e-04	-1.725380e-04
0.07          	6.461896e-01	1.142902e+01	-4.486438e-05	2.057451e-05	1.474286e-04	1.535598e+01	3.231154e-01	3.230742e-01	2.107049e+01	-9.641472e+00	1.249965e-04	-1.698608e-04
0.071         	6.448221e-01	1.142645e+01	-4.666520e-05	1.983141e-05	1.499656e-04	1.535504e+01	3.224309e-01	3.223912e-01	2.106827e+01	-9.641819e+00	1.266330e-04	-1.732982e-04
0.072         	6.434731e-01	1.142407e+01	-4.555153e-05	2.336435e-05	1.492254e-04	1.535449e+01	3.217599e-01	3.217132e-01	2.106652e+01	-9.642453e+00	1.264497e-04	-1.720012e-04
0.073         	6.421811e-01	1.142189e+01	-4.661846e-05	2.355886e-05	1.512618e-04	1.535443e+01	3.211141e-01	3.210670e-01	2.106537e+01	-9.643482e+00	1.279526e-04	-1.745711e-04
0.074         	6.409509e-01	1.141993e+01	-4.834120e-05	2.230060e-05	1.533938e-04	1.535498e+01	3.204977e-01	3.204531e-01	2.106495e+01	-9.645015e+00	1.292232e-04	-1.775644e-04
0.075         	6.396977e-01	1.141815e+01	-5.276517e-05	2.171371e-05	1.584457e-04	1.535592e+01	3.198706e-01	3.198272e-01	2.106500e+01	-9.646846e+00	1.320631e-04	-1.848283e-04
0.076         	6.383645e-01	1.141637e+01	-5.346798e-05	2.771175e-05	1.594179e-04	1.535671e+01	3.192099e-01	3.191545e-01	2.106490e+01	-9.648529e+00	1.326840e-04	-1.861519e-04
0.077         	6.369430e-01	1.141460e+01	-5.536314e-05	2.886979e-05	1.620715e-04	1.535743e+01	3.185004e-01	3.184426e-01	2.106474e+01	-9.650133e+00	1.343899e-04	-1.897531e-04
0.078         	6.354940e-01	1.141306e+01	-5.520715e-05	3.172896e-05	1.618415e-04	1.535868e+01	3.177787e-01	3.177153e-01	2.106521e+01	-9.652144e+00	1.342379e-04	-1.894451e-04
0.079         	6.340561e-01	1.141190e+01	-5.866750e-05	3.066108e-05	1.666849e-04	1.536079e+01	3.170587e-01	3.169974e-01	2.106675e+01	-9.654842e+00	1.373512e-04	-1.960187e-04
0.08          	6.326850e-01	1.141103e+01	-5.837605e-05	3.666244e-05	1.675723e-04	1.536351e+01	3.163792e-01	3.163058e-01	2.106903e+01	-9.658001e+00	1.383843e-04	-1.967603e-04
0.081         	6.313777e-01	1.141036e+01	-6.165573e-05	3.548856e-05	1.732608e-04	1.536650e+01	3.157243e-01	3.156534e-01	2.107168e+01	-9.661319e+00	1.424329e-04	-2.040887e-04
0.082         	6.300846e-01	1.140989e+01	-6.314358e-05	3.923712e-05	1.764464e-04	1.536970e+01	3.150815e-01	3.150031e-01	2.107465e+01	-9.664758e+00	1.448746e-04	-2.080182e-04
0.083         	6.287369e-01	1.140963e+01	-6.771396e-05	3.855292e-05	1.831119e-04	1.537310e+01	3.144070e-01	3.143299e-01	2.107792e+01	-9.668290e+00	1.492549e-04	-2.169688e-04
0.084         	6.273281e-01	1.140945e+01	-6.697458e-05	4.423194e-05	1.821731e-04	1.537649e+01	3.137083e-01	3.136198e-01	2.108122e+01	-9.671769e+00	1.486858e-04	-2.156604e-04
0.085         	6.259034e-01	1.140931e+01	-6.848064e-05	4.296407e-05	1.833400e-04	1.537983e+01	3.129947e-01	3.129088e-01	2.108448e+01	-9.675171e+00	1.490997e-04	-2.175803e-04
0.086         	6.244807e-01	1.140924e+01	-6.704792e-05	4.586634e-05	1.805221e-04	1.538317e+01	3.122862e-01	3.121945e-01	2.108779e+01	-9.678547e+00	1.469981e-04	-2.140460e-04
0.087         	6.230837e-01	1.140931e+01	-6.900384e-05	4.447637e-05	1.817401e-04	1.538660e+01	3.115863e-01	3.114974e-01	2.109126e+01	-9.681948e+00	1.472382e-04	-2.162420e-04
0.088         	6.217452e-01	1.140947e+01	-6.729426e-05	4.823161e-05	1.785828e-04	1.539001e+01	3.109208e-01	3.108244e-01	2.109475e+01	-9.685276e+00	1.449356e-04	-2.122299e-04
0.089         	6.204704e-01	1.140982e+01	-6.835941e-05	4.737644e-05	1.784098e-04	1.539356e+01	3.102826e-01	3.101878e-01	2.109847e+01	-9.688649e+00	1.442301e-04	-2.125895e-04
0.09          	6.192565e-01	1.141036e+01	-6.672869e-05	4.968163e-05	1.755932e-04	1.539729e+01	3.096779e-01	3.095786e-01	2.110247e+01	-9.692115e+00	1.422289e-04	-2.089576e-04
0.091         	6.181133e-01	1.141111e+01	-6.798036e-05	4.910382e-05	1.756962e-04	1.540125e+01	3.091058e-01	3.090076e-01	2.110680e+01	-9.695695e+00	1.417060e-04	-2.096863e-04
0.092         	6.170425e-01	1.141204e+01	-6.498976e-05	5.100757e-05	1.701411e-04	1.540537e+01	3.085723e-01	3.084703e-01	2.111139e+01	-9.699354e+00	1.376462e-04	-2.026359e-04
0.093         	6.160722e-01	1.141313e+01	-6.472866e-05	4.987317e-05	1.667612e-04	1.540965e+01	3.080860e-01	3.079862e-01	2.111622e+01	-9.703086e+00	1.343969e-04	-1.991255e-04
0.094         	6.151929e-01	1.141440e+01	-6.092954e-05	5.124522e-05	1.589221e-04	1.541411e+01	3.076477e-01	3.075452e-01	2.112131e+01	-9.706911e+00	1.284573e-04	-1.893868e-04
0.095         	6.144534e-01	1.141578e+01	-6.028227e-05	4.966570e-05	1.545966e-04	1.541855e+01	3.072764e-01	3.071771e-01	2.112644e+01	-9.710657e+00	1.244554e-04	-1.847377e-04
0.096         	6.138695e-01	1.141723e+01	-5.609131e-05	5.083228e-05	1.463633e-04	1.542286e+01	3.069856e-01	3.068839e-01	2.113148e+01	-9.714242e+00	1.183177e-04	-1.744090e-04
0.097         	6.134517e-01	1.141881e+01	-5.540459e-05	4.897422e-05	1.423763e-04	1.542718e+01	3.067748e-01	3.066769e-01	2.113659e+01	-9.717780e+00	1.146740e-04	-1.700786e-04
0.098         	6.131428e-01	1.142058e+01	-5.172783e-05	5.044603e-05	1.356270e-04	1.543169e+01	3.066219e-01	3.065210e-01	2.114198e+01	-9.721398e+00	1.097631e-04	-1.614909e-04
0.099         	6.129231e-01	1.142257e+01	-5.113455e-05	4.855796e-05	1.317758e-04	1.543639e+01	3.065101e-01	3.064130e-01	2.114767e+01	-9.725100e+00	1.062085e-04	-1.573430e-04
0.1           	6.127617e-01	1.142470e+01	-4.647088e-05	4.946328e-05	1.228051e-04	1.544114e+01	3.064303e-01	3.063314e-01	2.115349e+01	-9.728790e+00	9.956969e-05	-1.460406e-04
0.101         	6.126832e-01	1.142690e+01	-4.534035e-05	4.673349e-05	1.180324e-04	1.544585e+01	3.063883e-01	3.062949e-01	2.115930e+01	-9.732400e+00	9.536218e-05	-1.407025e-04
0.102         	6.127034e-01	1.142911e+01	-4.058287e-05	4.729510e-05	1.094178e-04	1.545044e+01	3.063990e-01	3.063044e-01	2.116500e+01	-9.735888e+00	8.912638e-05	-1.297092e-04
0.103         	6.128493e-01	1.143137e+01	-3.971862e-05	4.431359e-05	1.056027e-04	1.545504e+01	3.064690e-01	3.063803e-01	2.117072e+01	-9.739349e+00	8.574334e-05	-1.254620e-04
0.104         	6.131118e-01	1.143370e+01	-3.521462e-05	4.489981e-05	9.765478e-05	1.545954e+01	3.066008e-01	3.065110e-01	2.117640e+01	-9.742694e+00	8.004747e-05	-1.152621e-04
0.105         	6.134803e-01	1.143604e+01	-3.426448e-05	4.142948e-05	9.330665e-05	1.546374e+01	3.067816e-01	3.066987e-01	2.118176e+01	-9.745717e+00	7.617441e-05	-1.104389e-04
0.106         	6.138848e-01	1.143838e+01	-2.958098e-05	4.179932e-05	8.479034e-05	1.546750e+01	3.069842e-01	3.069006e-01	2.118669e+01	-9.748314e+00	6.999985e-05	-9.958083e-05
0.107         	6.143234e-01	1.144071e+01	-2.879721e-05	3.804631e-05	8.090500e-05	1.547098e+01	3.071998e-01	3.071237e-01	2.119133e+01	-9.750624e+00	6.650639e-05	-9.530361e-05
0.108         	6.147840e-01	1.144302e+01	-2.403918e-05	3.828162e-05	7.241197e-05	1.547428e+01	3.074303e-01	3.073537e-01	2.119579e+01	-9.752773e+00	6.039238e-05	-8.443156e-05
0.109         	6.152725e-01	1.144529e+01	-2.318109e-05	3.410433e-05	6.828939e-05	1.547746e+01	3.076704e-01	3.076022e-01	2.120011e+01	-9.754818e+00	5.669885e-05	-7.987994e-05
0.11          	6.157781e-01	1.144750e+01	-1.840275e-05	3.419543e-05	5.957463e-05	1.548053e+01	3.079233e-01	3.078549e-01	2.120428e+01	-9.756785e+00	5.037325e-05	-6.877600e-05
0.111         	6.162997e-01	1.144961e+01	-1.783765e-05	2.973343e-05	5.581236e-05	1.548347e+01	3.081796e-01	3.081201e-01	2.120827e+01	-9.758665e+00	4.689353e-05	-6.473118e-05
0.112         	6.167901e-01	1.145157e+01	-1.335036e-05	2.980677e-05	4.755776e-05	1.548612e+01	3.084249e-01	3.083652e-01	2.121191e+01	-9.760336e+00	4.088257e-05	-5.423294e-05
0.113         	6.172501e-01	1.145337e+01	-1.295214e-05	2.511416e-05	4.405133e-05	1.548841e+01	3.086502e-01	3.086000e-01	2.121510e+01	-9.761727e+00	3.757526e-05	-5.052740e-05
0.114         	6.176424e-01	1.145497e+01	-8.278359e-06	2.504265e-05	3.544496e-05	1.549030e+01	3.088462e-01	3.087962e-01	2.121779e+01	-9.762812e+00	3.130578e-05	-3.958414e-05
0.115         	6.179672e-01	1.145644e+01	-7.991831e-06	2.012448e-05	3.217661e-05	1.549196e+01	3.090037e-01	3.089635e-01	2.122018e+01	-9.763735e+00	2.818070e-05	-3.617253e-05
0.116         	6.182224e-01	1.145780e+01	-3.272280e-06	1.991491e-05	2.327195e-05	1.549357e+01	3.091311e-01	3.090913e-01	2.122247e+01	-9.764666e+00	2.163581e-05	-2.490809e-05
0.117         	6.184592e-01	1.145897e+01	-2.556867e-06	1.454983e-05	1.882643e-05	1.549517e+01	3.092441e-01	3.092150e-01	2.122465e+01	-9.765682e+00	1.754799e-05	-2.010486e-05
0.118         	6.186704e-01	1.145983e+01	2.348432e-06	1.422743e-05	9.532170e-06	1.549665e+01	3.093494e-01	3.093210e-01	2.122657e+01	-9.766740e+00	1.070639e-05	-8.357954e-06
0.119         	6.188599e-01	1.146048e+01	2.367114e-06	9.022425e-06	6.576000e-06	1.549798e+01	3.094390e-01	3.094209e-01	2.122822e+01	-9.767738e+00	7.759557e-06	-5.392442e-06
0.12          	6.189918e-01	1.146106e+01	6.300400e-06	9.315127e-06	-9.637109e-07	1.549913e+01	3.095052e-01	3.094866e-01	2.122966e+01	-9.768600e+00	2.186489e-06	4.113911e-06
0.121         	6.190747e-01	1.146163e+01	5.594503e-06	4.590470e-06	-2.644475e-06	1.550008e+01	3.095419e-01	3.095327e-01	2.123089e+01	-9.769262e+00	1.527769e-07	5.441727e-06
0.122         	6.190969e-01	1.146212e+01	9.229267e-06	5.092058e-06	-9.993061e-06	1.550068e+01	3.095535e-01	3.095434e-01	2.123174e+01	-9.769621e+00	-5.378428e-06	1.460770e-05
0.123         	6.191021e-01	1.146251e+01	9.261354e-06	6.499135e-08	-1.374103e-05	1.550099e+01	3.095511e-01	3.095510e-01	2.123224e+01	-9.769737e+00	-9.110352e-06	1.837171e-05
0.124         	6.191070e-01	1.146280e+01	1.336561e-05	2.473406e-07	-2.250745e-05	1.550112e+01	3.095537e-01	3.095533e-01	2.123252e+01	-9.769726e+00	-1.582464e-05	2.919025e-05
0.125         	6.191453e-01	1.146301e+01	1.349812e-05	-4.673151e-06	-2.631266e-05	1.550115e+01	3.095680e-01	3.095773e-01	2.123265e+01	-9.769649e+00	-1.956360e-05	3.306172e-05
0.126         	6.192060e-01	1.146313e+01	1.717262e-05	-4.156733e-06	-3.402948e-05	1.550098e+01	3.095988e-01	3.096072e-01	2.123255e+01	-9.769417e+00	-2.544317e-05	4.261579e-05
0.127         	6.193087e-01	1.146323e+01	1.717595e-05	-8.631825e-06	-3.746557e-05	1.550060e+01	3.096457e-01	3.096630e-01	2.123222e+01	-9.768985e+00	-2.887759e-05	4.605354e-05
0.128         	6.194476e-01	1.146333e+01	2.099410e-05	-8.112432e-06	-4.601575e-05	1.550007e+01	3.097157e-01	3.097319e-01	2.123173e+01	-9.768399e+00	-3.551870e-05	5.651280e-05
0.129         	6.196441e-01	1.146346e+01	2.156112e-05	-1.289134e-05	-5.111023e-05	1.549948e+01	3.098092e-01	3.098350e-01	2.123121e+01	-9.767745e+00	-4.032967e-05	6.189079e-05
0.13          	6.198782e-01	1.146363e+01	2.569759e-05	-1.268926e-05	-6.075585e-05	1.549885e+01	3.099264e-01	3.099518e-01	2.123067e+01	-9.767039e+00	-4.790705e-05	7.360464e-05
0.131         	6.201438e-01	1.146387e+01	2.617949e-05	-1.724478e-05	-6.531425e-05	1.549824e+01	3.100547e-01	3.100891e-01	2.123017e+01	-9.766303e+00	-5.222451e-05	7.840400e-05
0.132         	6.204330e-01	1.146414e+01	2.973831e-05	-1.653569e-05	-7.328805e-05	1.549760e+01	3.102000e-01	3.102330e-01	2.122967e+01	-9.765527e+00	-5.841890e-05	8.815720e-05
0.133         	6.207693e-01	1.146443e+01	2.950369e-05	-2.022665e-05	-7.571965e-05	1.549699e+01	3.103644e-01	3.104049e-01	2.122921e+01	-9.764782e+00	-6.096780e-05	9.047149e-05
0.134         	6.211382e-01	1.146469e+01	3.200947e-05	-1.845887e-05	-8.085595e-05	1.549641e+01	3.105506e-01	3.105876e-01	2.122875e+01	-9.764059e+00	-6.485122e-05	9.686069e-05
0.135         	6.215449e-01	1.146496e+01	3.137900e-05	-2.155329e-05	-8.205491e-05	1.549582e+01	3.107509e-01	3.107940e-01	2.122830e+01	-9.763342e+00	-6.636541e-05	9.774441e-05
0.136         	6.219751e-01	1.146525e+01	3.414337e-05	-1.977460e-05	-8.790837e-05	1.549533e+01	3.109678e-01	3.110073e-01	2.122795e+01	-9.762707e+00	-7.083668e-05	1.049801e-04
0.137         	6.224184e-01	1.146551e+01	3.371625e-05	-2.287991e-05	-8.943122e-05	1.549486e+01	3.111863e-01	3.112321e-01	2.122761e+01	-9.762106e+00	-7.257310e-05	1.062893e-04
0.138         	6.228433e-01	1.146567e+01	3.623160e-05	-2.072741e-05	-9.446829e-05	1.549434e+01	3.114009e-01	3.114424e-01	2.122718e+01	-9.761503e+00	-7.635249e-05	1.125841e-04
0.139         	6.232661e-01	1.146567e+01	3.611809e-05	-2.394279e-05	-9.647905e-05	1.549372e+01	3.116091e-01	3.116570e-01	2.122656e+01	-9.760891e+00	-7.842001e-05	1.145381e-04
0.14          	6.236678e-01	1.146552e+01	3.916823e-05	-2.199287e-05	-1.027529e-04	1.549308e+01	3.118119e-01	3.118559e-01	2.122584e+01	-9.760318e+00	-8.316873e-05	1.223370e-04
0.141         	6.240518e-01	1.146536e+01	3.907094e-05	-2.504939e-05	-1.045883e-04	1.549257e+01	3.120008e-01	3.120509e-01	2.122525e+01	-9.759885e+00	-8.505285e-05	1.241238e-04
0.142         	6.244011e-01	1.146518e+01	4.164385e-05	-2.261961e-05	-1.094924e-04	1.549214e+01	3.121779e-01	3.122232e-01	2.122473e+01	-9.759556e+00	-8.867052e-05	1.303144e-04
0.143         	6.247208e-01	1.146493e+01	4.141972e-05	-2.513753e-05	-1.104102e-04	1.549177e+01	3.123353e-01	3.123855e-01	2.122424e+01	-9.759307e+00	-8.970038e-05	1.311201e-04
0.144         	6.249780e-01	1.146453e+01	4.381659e-05	-2.291534e-05	-1.146895e-04	1.549131e+01	3.124661e-01	3.125119e-01	2.122358e+01	-9.759043e+00	-9.278124e-05	1.365978e-04
0.145         	6.251900e-01	1.146387e+01	4.395071e-05	-2.520200e-05	-1.161059e-04	1.549059e+01	3.125698e-01	3.126202e-01	2.122253e+01	-9.758659e+00	-9.413050e-05	1.380812e-04
0.146         	6.253356e-01	1.146299e+01	4.636824e-05	-2.343790e-05	-1.207096e-04	1.548965e+01	3.126444e-01	3.126912e-01	2.122114e+01	-9.758156e+00	-9.752545e-05	1.438937e-04
0.147         	6.254103e-01	1.146196e+01	4.666349e-05	-2.531603e-05	-1.222293e-04	1.548854e+01	3.126798e-01	3.127305e-01	2.121952e+01	-9.757559e+00	-9.889751e-05	1.455610e-04
0.148         	6.253995e-01	1.146088e+01	4.875988e-05	-2.377409e-05	-1.263080e-04	1.548740e+01	3.126760e-01	3.127235e-01	2.121785e+01	-9.756963e+00	-1.019281e-04	1.506880e-04
0.149         	6.253058e-01	1.145987e+01	4.969290e-05	-2.552382e-05	-1.292569e-04	1.548640e+01	3.126274e-01	3.126784e-01	2.121633e+01	-9.756461e+00	-1.044104e-04	1.541033e-04
0.15          	6.251206e-01	1.145899e+01	5.201477e-05	-2.466933e-05	-1.341020e-04	1.548561e+01	3.125356e-01	3.125850e-01	2.121510e+01	-9.756110e+00	-1.080946e-04	1.601094e-04
0.151         	6.248844e-01	1.145823e+01	5.321809e-05	-2.623650e-05	-1.373327e-04	1.548501e+01	3.124160e-01	3.124684e-01	2.121413e+01	-9.755898e+00	-1.107236e-04	1.639417e-04
0.152         	6.246024e-01	1.145761e+01	5.535953e-05	-2.572363e-05	-1.417918e-04	1.548466e+01	3.122755e-01	3.123269e-01	2.121346e+01	-9.755849e+00	-1.141120e-04	1.694715e-04
0.153         	6.243105e-01	1.145716e+01	5.670939e-05	-2.702229e-05	-1.452008e-04	1.548467e+01	3.121282e-01	3.121823e-01	2.121325e+01	-9.756090e+00	-1.168461e-04	1.735555e-04
0.154         	6.239896e-01	1.145685e+01	5.904221e-05	-2.722427e-05	-1.503571e-04	1.548504e+01	3.119676e-01	3.120220e-01	2.121347e+01	-9.756620e+00	-1.208360e-04	1.798782e-04
0.155         	6.236071e-01	1.145658e+01	6.067596e-05	-2.863900e-05	-1.542860e-04	1.548548e+01	3.117749e-01	3.118322e-01	2.121377e+01	-9.757188e+00	-1.239480e-04	1.846240e-04
0.156         	6.231397e-01	1.145624e+01	6.239091e-05	-2.879652e-05	-1.578354e-04	1.548578e+01	3.115411e-01	3.115986e-01	2.121390e+01	-9.757661e+00	-1.266399e-04	1.890308e-04
0.157         	6.225948e-01	1.145587e+01	6.370213e-05	-2.983845e-05	-1.605963e-04	1.548592e+01	3.112676e-01	3.113272e-01	2.121385e+01	-9.757983e+00	-1.287452e-04	1.924474e-04
0.158         	6.219937e-01	1.145551e+01	6.531474e-05	-3.021397e-05	-1.638421e-04	1.548600e+01	3.109666e-01	3.110271e-01	2.121376e+01	-9.758249e+00	-1.311847e-04	1.964994e-04
0.159         	6.213799e-01	1.145530e+01	6.658133e-05	-3.108086e-05	-1.663977e-04	1.548637e+01	3.106589e-01	3.107210e-01	2.121402e+01	-9.758723e+00	-1.331070e-04	1.996884e-04
0.16          	6.207463e-01	1.145528e+01	6.804759e-05	-3.175514e-05	-1.693690e-04	1.548715e+01	3.103414e-01	3.104049e-01	2.121479e+01	-9.759504e+00	-1.353452e-04	2.033927e-04
0.161         	6.201302e-01	1.145546e+01	6.916742e-05	-3.266240e-05	-1.716751e-04	1.548846e+01	3.100325e-01	3.100978e-01	2.121619e+01	-9.760727e+00	-1.370914e-04	2.062588e-04
0.162         	6.195102e-01	1.145576e+01	7.035881e-05	-3.334895e-05	-1.741131e-04	1.549016e+01	3.097217e-01	3.097884e-01	2.121804e+01	-9.762285e+00	-1.389337e-04	2.092925e-04
0.163         	6.188981e-01	1.145615e+01	7.137157e-05	-3.417142e-05	-1.762787e-04	1.549223e+01	3.094149e-01	3.094832e-01	2.122031e+01	-9.764157e+00	-1.405929e-04	2.119645e-04
0.164         	6.182975e-01	1.145659e+01	7.229738e-05	-3.482108e-05	-1.781822e-04	1.549451e+01	3.091139e-01	3.091836e-01	2.122281e+01	-9.766215e+00	-1.420335e-04	2.143309e-04
0.165         	6.177258e-01	1.145713e+01	7.284066e-05	-3.551314e-05	-1.792229e-04	1.549701e+01	3.088274e-01	3.088984e-01	2.122558e+01	-9.768448e+00	-1.428026e-04	2.156432e-04
0.166         	6.171653e-01	1.145775e+01	7.337789e-05	-3.609243e-05	-1.799730e-04	1.549967e+01	3.085466e-01	3.086187e-01	2.122855e+01	-9.770793e+00	-1.432840e-04	2.166619e-04
0.167         	6.166159e-01	1.145857e+01	7.429716e-05	-3.703456e-05	-1.821295e-04	1.550264e+01	3.082709e-01	3.083450e-01	2.123192e+01	-9.773350e+00	-1.449809e-04	2.192781e-04
0.168         	6.160843e-01	1.145961e+01	7.514363e-05	-3.785140e-05	-1.842553e-04	1.550596e+01	3.080043e-01	3.080800e-01	2.123577e+01	-9.776157e+00	-1.466835e-04	2.218271e-04
0.169         	6.156124e-01	1.146085e+01	7.584207e-05	-3.864440e-05	-1.860286e-04	1.550964e+01	3.077676e-01	3.078449e-01	2.124006e+01	-9.779212e+00	-1.481076e-04	2.239496e-04
0.17          	6.152082e-01	1.146224e+01	7.645828e-05	-3.934353e-05	-1.874942e-04	1.551364e+01	3.075648e-01	3.076435e-01	2.124476e+01	-9.782518e+00	-1.492651e-04	2.257234e-04
0.171         	6.148766e-01	1.146374e+01	7.699918e-05	-4.003859e-05	-1.888708e-04	1.551788e+01	3.073983e-01	3.074784e-01	2.124975e+01	-9.786011e+00	-1.503712e-04	2.273704e-04
0.172         	6.146036e-01	1.146540e+01	7.732548e-05	-4.070374e-05	-1.897331e-04	1.552239e+01	3.072611e-01	3.073425e-01	2.125509e+01	-9.789685e+00	-1.510704e-04	2.283959e-04
0.173         	6.143956e-01	1.146724e+01	7.771848e-05	-4.138572e-05	-1.908725e-04	1.552706e+01	3.071564e-01	3.072392e-01	2.126068e+01	-9.793442e+00	-1.520133e-04	2.297317e-04
0.174         	6.142577e-01	1.146920e+01	7.821062e-05	-4.219913e-05	-1.922767e-04	1.553194e+01	3.070866e-01	3.071710e-01	2.126654e+01	-9.797339e+00	-1.531714e-04	2.313820e-04
0.175         	6.142130e-01	1.147120e+01	7.858555e-05	-4.291217e-05	-1.932072e-04	1.553696e+01	3.070636e-01	3.071494e-01	2.127256e+01	-9.801360e+00	-1.539144e-04	2.325000e-04
0.176         	6.142556e-01	1.147324e+01	7.880989e-05	-4.367934e-05	-1.937169e-04	1.554213e+01	3.070841e-01	3.071715e-01	2.127875e+01	-9.805510e+00	-1.543120e-04	2.331219e-04
0.177         	6.143800e-01	1.147530e+01	7.901986e-05	-4.443816e-05	-1.945570e-04	1.554742e+01	3.071455e-01	3.072344e-01	2.128507e+01	-9.809771e+00	-1.550470e-04	2.340669e-04
0.178         	6.145442e-01	1.147739e+01	7.915666e-05	-4.524705e-05	-1.952421e-04	1.555274e+01	3.072268e-01	3.073173e-01	2.129144e+01	-9.814049e+00	-1.556638e-04	2.348205e-04
0.179         	6.147535e-01	1.147955e+01	7.918916e-05	-4.593919e-05	-1.957990e-04	1.555813e+01	3.073308e-01	3.074227e-01	2.129791e+01	-9.818359e+00	-1.562044e-04	2.353935e-04
0.18          	6.149852e-01	1.148177e+01	7.937914e-05	-4.673205e-05	-1.971989e-04	1.556357e+01	3.074459e-01	3.075393e-01	2.130445e+01	-9.822681e+00	-1.575094e-04	2.368885e-04
0.181         	6.152472e-01	1.148401e+01	7.961292e-05	-4.739846e-05	-1.987552e-04	1.556902e+01	3.075762e-01	3.076710e-01	2.131102e+01	-9.827013e+00	-1.589487e-04	2.385616e-04
0.182         	6.155315e-01	1.148613e+01	7.950823e-05	-4.780756e-05	-1.994195e-04	1.557424e+01	3.077179e-01	3.078136e-01	2.131730e+01	-9.831173e+00	-1.596654e-04	2.391736e-04
0.183         	6.158498e-01	1.148804e+01	7.954986e-05	-4.837515e-05	-2.005008e-04	1.557904e+01	3.078765e-01	3.079733e-01	2.132306e+01	-9.835018e+00	-1.607259e-04	2.402757e-04
0.184         	6.162128e-01	1.148975e+01	7.938264e-05	-4.878566e-05	-2.009547e-04	1.558349e+01	3.080576e-01	3.081552e-01	2.132836e+01	-9.838612e+00	-1.612634e-04	2.406460e-04
0.185         	6.166406e-01	1.149121e+01	7.894198e-05	-4.917174e-05	-2.008763e-04	1.558742e+01	3.082711e-01	3.083695e-01	2.133303e+01	-9.841821e+00	-1.614053e-04	2.403473e-04
0.186         	6.171012e-01	1.149252e+01	7.829850e-05	-4.964421e-05	-2.004408e-04	1.559105e+01	3.085010e-01	3.086003e-01	2.133731e+01	-9.844784e+00	-1.612915e-04	2.395901e-04
0.187         	6.175708e-01	1.149372e+01	7.754900e-05	-4.995927e-05	-1.997084e-04	1.559436e+01	3.087355e-01	3.088354e-01	2.134122e+01	-9.847500e+00	-1.609339e-04	2.384829e-04
0.188         	6.180126e-01	1.149473e+01	7.669744e-05	-5.020334e-05	-1.986048e-04	1.559718e+01	3.089561e-01	3.090565e-01	2.134455e+01	-9.849814e+00	-1.602561e-04	2.369536e-04
0.189         	6.184409e-01	1.149559e+01	7.577093e-05	-5.029454e-05	-1.970661e-04	1.559955e+01	3.091702e-01	3.092708e-01	2.134734e+01	-9.851751e+00	-1.591806e-04	2.349516e-04
0.19          	6.188534e-01	1.149620e+01	7.489200e-05	-5.047202e-05	-1.955464e-04	1.560124e+01	3.093762e-01	3.094771e-01	2.134934e+01	-9.853145e+00	-1.581004e-04	2.329924e-04
0.191         	6.192860e-01	1.149656e+01	7.399069e-05	-5.065714e-05	-1.938026e-04	1.560227e+01	3.095923e-01	3.096936e-01	2.135055e+01	-9.853984e+00	-1.568073e-04	2.307980e-04
0.192         	6.197065e-01	1.149663e+01	7.315236e-05	-5.083842e-05	-1.921495e-04	1.560245e+01	3.098024e-01	3.099041e-01	2.135077e+01	-9.854136e+00	-1.555733e-04	2.287257e-04
0.193         	6.200771e-01	1.149657e+01	7.255171e-05	-5.119599e-05	-1.912048e-04	1.560221e+01	3.099873e-01	3.100897e-01	2.135050e+01	-9.853928e+00	-1.549290e-04	2.274807e-04
0.194         	6.203352e-01	1.149648e+01	7.203397e-05	-5.145701e-05	-1.904490e-04	1.560180e+01	3.101161e-01	3.102190e-01	2.135004e+01	-9.853561e+00	-1.544320e-04	2.264659e-04
0.195         	6.204756e-01	1.149631e+01	7.148867e-05	-5.193548e-05	-1.894551e-04	1.560112e+01	3.101859e-01	3.102898e-01	2.134928e+01	-9.852965e+00	-1.537107e-04	2.251994e-04
0.196         	6.204988e-01	1.149603e+01	7.077232e-05	-5.235516e-05	-1.877616e-04	1.560012e+01	3.101970e-01	3.103018e-01	2.134814e+01	-9.852107e+00	-1.523754e-04	2.231477e-04
0.197         	6.204328e-01	1.149552e+01	7.012889e-05	-5.288144e-05	-1.860075e-04	1.559855e+01	3.101635e-01	3.102693e-01	2.134631e+01	-9.850786e+00	-1.509431e-04	2.210720e-04
0.198         	6.202684e-01	1.149480e+01	6.944837e-05	-5.315345e-05	-1.842605e-04	1.559640e+01	3.100810e-01	3.101873e-01	2.134380e+01	-9.848997e+00	-1.495363e-04	2.189847e-04
0.199         	6.199998e-01	1.149396e+01	6.900368e-05	-5.344384e-05	-1.830355e-04	1.559379e+01	3.099465e-01	3.100533e-01	2.134077e+01	-9.846807e+00	-1.485337e-04	2.175374e-04
0.2           	6.196096e-01	1.149303e+01	6.880635e-05	-5.417740e-05	-1.824320e-04	1.559078e+01	3.097506e-01	3.098590e-01	2.133729e+01	-9.844259e+00	-1.480288e-04	2.168351e-04
0.201         	6.191108e-01	1.149212e+01	6.888336e-05	-5.535146e-05	-1.825046e-04	1.558749e+01	3.095001e-01	3.096108e-01	2.133355e+01	-9.841428e+00	-1.480629e-04	2.169463e-04
0.202         	6.185272e-01	1.149116e+01	6.903331e-05	-5.654853e-05	-1.825549e-04	1.558400e+01	3.092071e-01	3.093202e-01	2.132958e+01	-9.838417e+00	-1.480383e-04	2.170716e-04
0.203         	6.178927e-01	1.149020e+01	6.936329e-05	-5.784469e-05	-1.831414e-04	1.558041e+01	3.088885e-01	3.090042e-01	2.132550e+01	-9.835309e+00	-1.484597e-04	2.178230e-04
0.204         	6.171997e-01	1.148916e+01	6.998094e-05	-5.938435e-05	-1.844483e-04	1.557655e+01	3.085405e-01	3.086592e-01	2.132113e+01	-9.831968e+00	-1.494579e-04	2.194388e-04
0.205         	6.164344e-01	1.148806e+01	7.101245e-05	-6.113357e-05	-1.867983e-04	1.557225e+01	3.081561e-01	3.082783e-01	2.131628e+01	-9.828221e+00	-1.512920e-04	2.223045e-04
0.206         	6.155876e-01	1.148685e+01	7.243783e-05	-6.289572e-05	-1.900845e-04	1.556752e+01	3.077309e-01	3.078567e-01	2.131094e+01	-9.824094e+00	-1.538656e-04	2.263035e-04
0.207         	6.146903e-01	1.148556e+01	7.413854e-05	-6.466647e-05	-1.940111e-04	1.556255e+01	3.072805e-01	3.074098e-01	2.130533e+01	-9.819776e+00	-1.569418e-04	2.310804e-04
0.208         	6.137749e-01	1.148420e+01	7.607940e-05	-6.651126e-05	-1.984966e-04	1.555751e+01	3.068209e-01	3.069540e-01	2.129961e+01	-9.815405e+00	-1.604569e-04	2.365363e-04
0.209         	6.128787e-01	1.148283e+01	7.823191e-05	-6.853746e-05	-2.035268e-04	1.555252e+01	3.063708e-01	3.065079e-01	2.129394e+01	-9.811106e+00	-1.644109e-04	2.426428e-04
0.21          	6.119825e-01	1.148146e+01	8.050484e-05	-7.074078e-05	-2.088367e-04	1.554772e+01	3.059205e-01	3.060620e-01	2.128845e+01	-9.806988e+00	-1.685843e-04	2.490892e-04
0.211         	6.110871e-01	1.148009e+01	8.294954e-05	-7.273949e-05	-2.149284e-04	1.554309e+01	3.054708e-01	3.056163e-01	2.128314e+01	-9.803046e+00	-1.734536e-04	2.564031e-04
0.212         	6.101776e-01	1.147879e+01	8.557368e-05	-7.450464e-05	-2.217278e-04	1.553871e+01	3.050143e-01	3.051633e-01	2.127811e+01	-9.799321e+00	-1.789409e-04	2.645146e-04
0.213         	6.092730e-01	1.147762e+01	8.803703e-05	-7.604508e-05	-2.282930e-04	1.553467e+01	3.045604e-01	3.047125e-01	2.127348e+01	-9.795865e+00	-1.842745e-04	2.723115e-04
0.214         	6.083766e-01	1.147660e+01	9.049921e-05	-7.744766e-05	-2.349123e-04	1.553108e+01	3.041109e-01	3.042658e-01	2.126938e+01	-9.792779e+00	-1.896627e-04	2.801619e-04
0.215         	6.074987e-01	1.147568e+01	9.279314e-05	-7.872545e-05	-2.410823e-04	1.552780e+01	3.036706e-01	3.038281e-01	2.126563e+01	-9.789956e+00	-1.946858e-04	2.874789e-04
0.216         	6.066229e-01	1.147481e+01	9.477411e-05	-7.970382e-05	-2.463212e-04	1.552473e+01	3.032317e-01	3.033911e-01	2.126213e+01	-9.787324e+00	-1.989341e-04	2.937082e-04
0.217         	6.057484e-01	1.147404e+01	9.612780e-05	-8.027101e-05	-2.498395e-04	1.552197e+01	3.027939e-01	3.029545e-01	2.125899e+01	-9.784946e+00	-2.017756e-04	2.979034e-04
0.218         	6.048558e-01	1.147338e+01	9.709283e-05	-8.047851e-05	-2.526365e-04	1.551947e+01	3.023474e-01	3.025084e-01	2.125616e+01	-9.782784e+00	-2.040901e-04	3.011829e-04
0.219         	6.039760e-01	1.147280e+01	9.777759e-05	-8.037807e-05	-2.548191e-04	1.551725e+01	3.019076e-01	3.020684e-01	2.125365e+01	-9.780854e+00	-2.059303e-04	3.037078e-04
0.22          	6.031152e-01	1.147225e+01	9.842189e-05	-8.053395e-05	-2.567290e-04	1.551529e+01	3.014770e-01	3.016381e-01	2.125141e+01	-9.779161e+00	-2.075181e-04	3.059399e-04
0.221         	6.022912e-01	1.147172e+01	9.943352e-05	-8.132395e-05	-2.595184e-04	1.551356e+01	3.010643e-01	3.012269e-01	2.124942e+01	-9.777699e+00	-2.098016e-04	3.092351e-04
0.222         	6.014919e-01	1.147121e+01	1.005695e-04	-8.221196e-05	-2.625078e-04	1.551212e+01	3.006637e-01	3.008281e-01	2.124772e+01	-9.776516e+00	-2.122231e-04	3.127926e-04
0.223         	6.007225e-01	1.147080e+01	1.014337e-04	-8.281477e-05	-2.645505e-04	1.551118e+01	3.002784e-01	3.004441e-01	2.124658e+01	-9.775780e+00	-2.138336e-04	3.152674e-04
0.224         	5.999603e-01	1.147048e+01	1.019161e-04	-8.306779e-05	-2.655233e-04	1.551066e+01	2.998971e-01	3.000632e-01	2.124590e+01	-9.775417e+00	-2.145652e-04	3.164813e-04
0.225         	5.992012e-01	1.147026e+01	1.023880e-04	-8.353850e-05	-2.662339e-04	1.551048e+01	2.995171e-01	2.996841e-01	2.124561e+01	-9.775349e+00	-2.150399e-04	3.174279e-04
0.226         	5.984443e-01	1.147008e+01	1.036206e-04	-8.449442e-05	-2.690673e-04	1.551057e+01	2.991376e-01	2.993066e-01	2.124560e+01	-9.775528e+00	-2.172570e-04	3.208776e-04
0.227         	5.977065e-01	1.146996e+01	1.048755e-04	-8.551017e-05	-2.717891e-04	1.551097e+01	2.987677e-01	2.989388e-01	2.124595e+01	-9.775988e+00	-2.193513e-04	3.242268e-04
0.228         	5.969706e-01	1.146989e+01	1.062708e-04	-8.637877e-05	-2.749033e-04	1.551159e+01	2.983989e-01	2.985717e-01	2.124654e+01	-9.776647e+00	-2.217679e-04	3.280387e-04
0.229         	5.962355e-01	1.146993e+01	1.078520e-04	-8.730168e-05	-2.784645e-04	1.551254e+01	2.980304e-01	2.982050e-01	2.124751e+01	-9.777579e+00	-2.245386e-04	3.323905e-04
0.23          	5.954842e-01	1.147007e+01	1.097200e-04	-8.851181e-05	-2.828692e-04	1.551376e+01	2.976536e-01	2.978306e-01	2.124880e+01	-9.778728e+00	-2.280092e-04	3.377292e-04
0.231         	5.947181e-01	1.147035e+01	1.115578e-04	-9.009730e-05	-2.867774e-04	1.551534e+01	2.972690e-01	2.974492e-01	2.125051e+01	-9.780165e+00	-2.309985e-04	3.425563e-04
0.232         	5.939158e-01	1.147076e+01	1.135703e-04	-9.166634e-05	-2.911097e-04	1.551723e+01	2.968662e-01	2.970496e-01	2.125261e+01	-9.781855e+00	-2.343246e-04	3.478949e-04
0.233         	5.930828e-01	1.147131e+01	1.153940e-04	-9.313563e-05	-2.951039e-04	1.551947e+01	2.964482e-01	2.966345e-01	2.125512e+01	-9.783814e+00	-2.374069e-04	3.528009e-04
0.234         	5.922288e-01	1.147198e+01	1.173975e-04	-9.463258e-05	-3.001655e-04	1.552205e+01	2.960198e-01	2.962090e-01	2.125804e+01	-9.786059e+00	-2.414667e-04	3.588643e-04
0.235         	5.913800e-01	1.147281e+01	1.196414e-04	-9.628082e-05	-3.063020e-04	1.552510e+01	2.955937e-01	2.957863e-01	2.126150e+01	-9.788693e+00	-2.464813e-04	3.661227e-04
0.236         	5.905354e-01	1.147375e+01	1.219671e-04	-9.780434e-05	-3.127296e-04	1.552854e+01	2.951699e-01	2.953655e-01	2.126542e+01	-9.791664e+00	-2.517460e-04	3.737131e-04
0.237         	5.897053e-01	1.147477e+01	1.245696e-04	-9.961839e-05	-3.195683e-04	1.553228e+01	2.947531e-01	2.949523e-01	2.126967e+01	-9.794899e+00	-2.572835e-04	3.818531e-04
0.238         	5.888824e-01	1.147585e+01	1.275551e-04	-1.015432e-04	-3.271197e-04	1.553630e+01	2.943397e-01	2.945427e-01	2.127423e+01	-9.798377e+00	-2.633422e-04	3.908973e-04
0.239         	5.880645e-01	1.147704e+01	1.304842e-04	-1.035827e-04	-3.342227e-04	1.554065e+01	2.939287e-01	2.941358e-01	2.127918e+01	-9.802131e+00	-2.689806e-04	3.994648e-04
0.24          	5.872432e-01	1.147834e+01	1.331437e-04	-1.050777e-04	-3.406472e-04	1.554526e+01	2.935165e-01	2.937267e-01	2.128443e+01	-9.806085e+00	-2.740754e-04	4.072191e-04
0.241         	5.864338e-01	1.147976e+01	1.356475e-04	-1.062016e-04	-3.467197e-04	1.555012e+01	2.931107e-01	2.933231e-01	2.129000e+01	-9.810241e+00	-2.788960e-04	4.145435e-04
0.242         	5.856305e-01	1.148128e+01	1.379514e-04	-1.069650e-04	-3.522480e-04	1.555515e+01	2.927083e-01	2.929222e-01	2.129580e+01	-9.814511e+00	-2.832723e-04	4.212237e-04
0.243         	5.848413e-01	1.148291e+01	1.399926e-04	-1.073060e-04	-3.570151e-04	1.556033e+01	2.923133e-01	2.925279e-01	2.130179e+01	-9.818878e+00	-2.870188e-04	4.270114e-04
0.244         	5.840611e-01	1.148463e+01	1.418800e-04	-1.075134e-04	-3.614107e-04	1.556564e+01	2.919230e-01	2.921381e-01	2.130795e+01	-9.823328e+00	-2.904707e-04	4.323507e-04
0.245         	5.832972e-01	1.148648e+01	1.438846e-04	-1.077697e-04	-3.661600e-04	1.557119e+01	2.915408e-01	2.917563e-01	2.131443e+01	-9.827950e+00	-2.942176e-04	4.381023e-04
0.246         	5.825400e-01	1.148847e+01	1.458422e-04	-1.080803e-04	-3.708646e-04	1.557697e+01	2.911619e-01	2.913781e-01	2.132121e+01	-9.832741e+00	-2.979435e-04	4.437857e-04
0.247         	5.817862e-01	1.149055e+01	1.475339e-04	-1.083602e-04	-3.749456e-04	1.558289e+01	2.907848e-01	2.910015e-01	2.132817e+01	-9.837617e+00	-3.011786e-04	4.487126e-04
0.248         	5.810195e-01	1.149274e+01	1.489795e-04	-1.085613e-04	-3.785996e-04	1.558897e+01	2.904012e-01	2.906183e-01	2.133534e+01	-9.842596e+00	-3.041098e-04	4.530893e-04
0.249         	5.802336e-01	1.149499e+01	1.500129e-04	-1.087038e-04	-3.811619e-04	1.559509e+01	2.900081e-01	2.902255e-01	2.134259e+01	-9.847598e+00	-3.061555e-04	4.561684e-04
0.25          	5.794167e-01	1.149725e+01	1.507679e-04	-1.088363e-04	-3.829436e-04	1.560112e+01	2.895995e-01	2.898172e-01	2.134974e+01	-9.852492e+00	-3.075596e-04	4.583275e-04
0.251         	5.785784e-01	1.149952e+01	1.513680e-04	-1.090870e-04	-3.841936e-04	1.560707e+01	2.891801e-01	2.893983e-01	2.135683e+01	-9.857309e+00	-3.085096e-04	4.598776e-04
0.252         	5.777189e-01	1.150180e+01	1.524081e-04	-1.098569e-04	-3.865929e-04	1.561297e+01	2.887496e-01	2.889693e-01	2.136387e+01	-9.862067e+00	-3.103888e-04	4.627969e-04
0.253         	5.768526e-01	1.150407e+01	1.536276e-04	-1.110034e-04	-3.895822e-04	1.561880e+01	2.883153e-01	2.885373e-01	2.137084e+01	-9.866768e+00	-3.127685e-04	4.663960e-04
0.254         	5.759905e-01	1.150631e+01	1.549285e-04	-1.122955e-04	-3.930591e-04	1.562452e+01	2.878830e-01	2.881075e-01	2.137768e+01	-9.871368e+00	-3.155949e-04	4.705233e-04
0.255         	5.751529e-01	1.150849e+01	1.560698e-04	-1.134831e-04	-3.964131e-04	1.563009e+01	2.874630e-01	2.876899e-01	2.138434e+01	-9.875849e+00	-3.183782e-04	4.744480e-04
0.256         	5.743427e-01	1.151058e+01	1.569691e-04	-1.145762e-04	-3.992589e-04	1.563546e+01	2.870568e-01	2.872859e-01	2.139075e+01	-9.880164e+00	-3.207744e-04	4.777435e-04
0.257         	5.735730e-01	1.151258e+01	1.577672e-04	-1.156847e-04	-4.016900e-04	1.564064e+01	2.866708e-01	2.869022e-01	2.139693e+01	-9.884344e+00	-3.228064e-04	4.805736e-04
0.258         	5.728436e-01	1.151452e+01	1.587162e-04	-1.168963e-04	-4.044310e-04	1.564572e+01	2.863049e-01	2.865387e-01	2.140298e+01	-9.888460e+00	-3.250729e-04	4.837892e-04
0.259         	5.721600e-01	1.151637e+01	1.597380e-04	-1.180878e-04	-4.074911e-04	1.565066e+01	2.859619e-01	2.861981e-01	2.140884e+01	-9.892473e+00	-3.276221e-04	4.873601e-04
0.26          	5.715109e-01	1.151812e+01	1.606740e-04	-1.189993e-04	-4.105261e-04	1.565540e+01	2.856365e-01	2.858745e-01	2.141446e+01	-9.896342e+00	-3.301891e-04	4.908631e-04
0.261         	5.708962e-01	1.151975e+01	1.614622e-04	-1.197471e-04	-4.133683e-04	1.565992e+01	2.853284e-01	2.855678e-01	2.141980e+01	-9.900044e+00	-3.326372e-04	4.940994e-04
0.262         	5.702933e-01	1.152127e+01	1.621184e-04	-1.203983e-04	-4.159579e-04	1.566420e+01	2.850263e-01	2.852671e-01	2.142483e+01	-9.903564e+00	-3.348987e-04	4.970171e-04
0.263         	5.696881e-01	1.152266e+01	1.626073e-04	-1.209820e-04	-4.180539e-04	1.566824e+01	2.847231e-01	2.849650e-01	2.142957e+01	-9.906912e+00	-3.367503e-04	4.993576e-04
0.264         	5.690447e-01	1.152395e+01	1.630672e-04	-1.215844e-04	-4.200065e-04	1.567203e+01	2.844007e-01	2.846439e-01	2.143400e+01	-9.910049e+00	-3.384729e-04	5.015402e-04
0.265         	5.683548e-01	1.152514e+01	1.634049e-04	-1.221157e-04	-4.215513e-04	1.567553e+01	2.840553e-01	2.842995e-01	2.143810e+01	-9.912960e+00	-3.398488e-04	5.032538e-04
0.266         	5.675991e-01	1.152620e+01	1.636221e-04	-1.226367e-04	-4.227923e-04	1.567871e+01	2.836769e-01	2.839222e-01	2.144181e+01	-9.915610e+00	-3.409812e-04	5.046033e-04
0.267         	5.667879e-01	1.152715e+01	1.637183e-04	-1.228558e-04	-4.236800e-04	1.568160e+01	2.832711e-01	2.835168e-01	2.144517e+01	-9.918026e+00	-3.418209e-04	5.055392e-04
0.268         	5.659219e-01	1.152796e+01	1.636966e-04	-1.228543e-04	-4.244115e-04	1.568417e+01	2.828381e-01	2.830838e-01	2.144815e+01	-9.920192e+00	-3.425632e-04	5.062598e-04
0.269         	5.650217e-01	1.152868e+01	1.635349e-04	-1.226664e-04	-4.251079e-04	1.568647e+01	2.823882e-01	2.826335e-01	2.145081e+01	-9.922132e+00	-3.433405e-04	5.068754e-04
0.27          	5.640955e-01	1.152929e+01	1.633173e-04	-1.224139e-04	-4.256043e-04	1.568847e+01	2.819253e-01	2.821702e-01	2.145311e+01	-9.923825e+00	-3.439457e-04	5.072630e-04
0.271         	5.631687e-01	1.152976e+01	1.630098e-04	-1.221968e-04	-4.256586e-04	1.569014e+01	2.814621e-01	2.817065e-01	2.145502e+01	-9.925265e+00	-3.441537e-04	5.071635e-04
0.272         	5.622553e-01	1.153009e+01	1.625479e-04	-1.218663e-04	-4.252865e-04	1.569151e+01	2.810058e-01	2.812495e-01	2.145656e+01	-9.926462e+00	-3.440126e-04	5.065604e-04
0.273         	5.613865e-01	1.153032e+01	1.621808e-04	-1.216506e-04	-4.250937e-04	1.569264e+01	2.805716e-01	2.808149e-01	2.145780e+01	-9.927483e+00	-3.440033e-04	5.061841e-04
0.274         	5.605799e-01	1.153045e+01	1.618007e-04	-1.213385e-04	-4.248973e-04	1.569365e+01	2.801686e-01	2.804113e-01	2.145887e+01	-9.928420e+00	-3.439969e-04	5.057977e-04
0.275         	5.598591e-01	1.153051e+01	1.614946e-04	-1.209793e-04	-4.248995e-04	1.569456e+01	2.798086e-01	2.800505e-01	2.145982e+01	-9.929308e+00	-3.441522e-04	5.056468e-04
0.276         	5.592286e-01	1.153052e+01	1.611497e-04	-1.205566e-04	-4.249099e-04	1.569541e+01	2.794937e-01	2.797348e-01	2.146067e+01	-9.930147e+00	-3.443350e-04	5.054848e-04
0.277         	5.586934e-01	1.153051e+01	1.607245e-04	-1.201030e-04	-4.246621e-04	1.569620e+01	2.792266e-01	2.794668e-01	2.146145e+01	-9.930939e+00	-3.442998e-04	5.050243e-04
0.278         	5.582345e-01	1.153049e+01	1.602215e-04	-1.196000e-04	-4.240235e-04	1.569696e+01	2.789976e-01	2.792368e-01	2.146220e+01	-9.931711e+00	-3.439127e-04	5.041343e-04
0.279         	5.578430e-01	1.153046e+01	1.596249e-04	-1.189747e-04	-4.232312e-04	1.569764e+01	2.788025e-01	2.790405e-01	2.146287e+01	-9.932416e+00	-3.434188e-04	5.030436e-04
0.28          	5.575053e-01	1.153041e+01	1.590213e-04	-1.183547e-04	-4.221464e-04	1.569822e+01	2.786343e-01	2.788710e-01	2.146342e+01	-9.933014e+00	-3.426357e-04	5.016570e-04
0.281         	5.572280e-01	1.153032e+01	1.583306e-04	-1.175367e-04	-4.207729e-04	1.569864e+01	2.784965e-01	2.787316e-01	2.146380e+01	-9.933486e+00	-3.416076e-04	4.999382e-04
0.282         	5.570074e-01	1.153020e+01	1.576324e-04	-1.167985e-04	-4.195291e-04	1.569896e+01	2.783869e-01	2.786205e-01	2.146406e+01	-9.933856e+00	-3.407129e-04	4.983453e-04
0.283         	5.568480e-01	1.153008e+01	1.568444e-04	-1.159756e-04	-4.184312e-04	1.569920e+01	2.783080e-01	2.785400e-01	2.146424e+01	-9.934160e+00	-3.400090e-04	4.968534e-04
0.284         	5.567319e-01	1.152995e+01	1.559935e-04	-1.149645e-04	-4.171259e-04	1.569935e+01	2.782510e-01	2.784809e-01	2.146433e+01	-9.934376e+00	-3.391291e-04	4.951226e-04
0.285         	5.566548e-01	1.152982e+01	1.551175e-04	-1.138340e-04	-4.153724e-04	1.569938e+01	2.782136e-01	2.784412e-01	2.146429e+01	-9.934475e+00	-3.378137e-04	4.929312e-04
0.286         	5.566132e-01	1.152964e+01	1.544224e-04	-1.129014e-04	-4.134729e-04	1.569918e+01	2.781937e-01	2.784195e-01	2.146400e+01	-9.934361e+00	-3.362617e-04	4.906840e-04
0.287         	5.566097e-01	1.152943e+01	1.535581e-04	-1.117794e-04	-4.112278e-04	1.569876e+01	2.781931e-01	2.784166e-01	2.146348e+01	-9.934042e+00	-3.344488e-04	4.880069e-04
0.288         	5.566347e-01	1.152922e+01	1.524295e-04	-1.104523e-04	-4.088080e-04	1.569814e+01	2.782069e-01	2.784278e-01	2.146275e+01	-9.933537e+00	-3.325932e-04	4.850227e-04
0.289         	5.566869e-01	1.152899e+01	1.512345e-04	-1.091520e-04	-4.063278e-04	1.569733e+01	2.782343e-01	2.784526e-01	2.146183e+01	-9.932842e+00	-3.307105e-04	4.819450e-04
0.29          	5.567563e-01	1.152876e+01	1.500287e-04	-1.078382e-04	-4.034750e-04	1.569638e+01	2.782703e-01	2.784860e-01	2.146076e+01	-9.931997e+00	-3.284607e-04	4.784894e-04
0.291         	5.568420e-01	1.152857e+01	1.488996e-04	-1.065438e-04	-4.008357e-04	1.569535e+01	2.783144e-01	2.785275e-01	2.145964e+01	-9.931066e+00	-3.263859e-04	4.752855e-04
0.292         	5.569390e-01	1.152844e+01	1.478265e-04	-1.051597e-04	-3.983205e-04	1.569430e+01	2.783643e-01	2.785747e-01	2.145852e+01	-9.930083e+00	-3.244072e-04	4.722337e-04
0.293         	5.570513e-01	1.152835e+01	1.468167e-04	-1.038567e-04	-3.957504e-04	1.569319e+01	2.784218e-01	2.786295e-01	2.145737e+01	-9.929015e+00	-3.223421e-04	4.691587e-04
0.294         	5.571670e-01	1.152826e+01	1.456462e-04	-1.025314e-04	-3.928816e-04	1.569188e+01	2.784809e-01	2.786860e-01	2.145602e+01	-9.927753e+00	-3.200586e-04	4.657047e-04
0.295         	5.572840e-01	1.152812e+01	1.444212e-04	-1.012755e-04	-3.900777e-04	1.569027e+01	2.785407e-01	2.787433e-01	2.145433e+01	-9.926207e+00	-3.178671e-04	4.622883e-04
0.296         	5.573926e-01	1.152793e+01	1.432569e-04	-9.994458e-05	-3.875754e-04	1.568832e+01	2.785964e-01	2.787963e-01	2.145229e+01	-9.924360e+00	-3.159470e-04	4.592039e-04
0.297         	5.574969e-01	1.152771e+01	1.422805e-04	-9.889998e-05	-3.855909e-04	1.568617e+01	2.786495e-01	2.788473e-01	2.145003e+01	-9.922317e+00	-3.144507e-04	4.567312e-04
0.298         	5.575927e-01	1.152750e+01	1.414489e-04	-9.812467e-05	-3.837912e-04	1.568391e+01	2.786982e-01	2.788945e-01	2.144767e+01	-9.920163e+00	-3.130667e-04	4.545157e-04
0.299         	5.576813e-01	1.152728e+01	1.405589e-04	-9.733200e-05	-3.818709e-04	1.568154e+01	2.787433e-01	2.789380e-01	2.144518e+01	-9.917898e+00	-3.115914e-04	4.521504e-04
0.3           	5.577577e-01	1.152704e+01	1.395812e-04	-9.635244e-05	-3.798431e-04	1.567906e+01	2.787825e-01	2.789752e-01	2.144258e+01	-9.915543e+00	-3.100525e-04	4.496337e-04
0.301         	5.578278e-01	1.152679e+01	1.383686e-04	-9.528646e-05	-3.772872e-04	1.567648e+01	2.788186e-01	2.790092e-01	2.143987e+01	-9.913082e+00	-3.081029e-04	4.464715e-04
0.302         	5.578801e-01	1.152648e+01	1.371106e-04	-9.446184e-05	-3.745310e-04	1.567367e+01	2.788456e-01	2.790345e-01	2.143691e+01	-9.910426e+00	-3.059757e-04	4.430863e-04
0.303         	5.579105e-01	1.152611e+01	1.359918e-04	-9.391942e-05	-3.720702e-04	1.567059e+01	2.788613e-01	2.790492e-01	2.143365e+01	-9.907541e+00	-3.040744e-04	4.400661e-04
0.304         	5.579155e-01	1.152569e+01	1.348905e-04	-9.330669e-05	-3.696803e-04	1.566737e+01	2.788645e-01	2.790511e-01	2.143022e+01	-9.904527e+00	-3.022350e-04	4.371255e-04
0.305         	5.578960e-01	1.152528e+01	1.338406e-04	-9.293243e-05	-3.673347e-04	1.566414e+01	2.788550e-01	2.790409e-01	2.142678e+01	-9.901499e+00	-3.004144e-04	4.342549e-04
0.306         	5.578463e-01	1.152485e+01	1.326061e-04	-9.257208e-05	-3.645392e-04	1.566087e+01	2.788306e-01	2.790157e-01	2.142330e+01	-9.898445e+00	-2.982361e-04	4.308423e-04
0.307         	5.577680e-01	1.152438e+01	1.313284e-04	-9.245655e-05	-3.612494e-04	1.565753e+01	2.787915e-01	2.789765e-01	2.141973e+01	-9.895344e+00	-2.955851e-04	4.269136e-04
0.308         	5.576560e-01	1.152386e+01	1.300433e-04	-9.228746e-05	-3.578686e-04	1.565414e+01	2.787357e-01	2.789203e-01	2.141607e+01	-9.892212e+00	-2.928469e-04	4.228903e-04
0.309         	5.575071e-01	1.152326e+01	1.286449e-04	-9.200741e-05	-3.543144e-04	1.565063e+01	2.786615e-01	2.788455e-01	2.141226e+01	-9.888995e+00	-2.899920e-04	4.186369e-04
0.31          	5.573186e-01	1.152263e+01	1.272744e-04	-9.163002e-05	-3.507564e-04	1.564706e+01	2.785677e-01	2.787509e-01	2.140838e+01	-9.885750e+00	-2.871192e-04	4.143937e-04
0.311         	5.570985e-01	1.152199e+01	1.261704e-04	-9.150391e-05	-3.477536e-04	1.564356e+01	2.784578e-01	2.786408e-01	2.140455e+01	-9.882560e+00	-2.846684e-04	4.108388e-04
0.312         	5.568382e-01	1.152136e+01	1.253456e-04	-9.204117e-05	-3.451474e-04	1.564016e+01	2.783271e-01	2.785111e-01	2.140084e+01	-9.879481e+00	-2.824746e-04	4.078202e-04
0.313         	5.565366e-01	1.152070e+01	1.248367e-04	-9.281033e-05	-3.430952e-04	1.563679e+01	2.781755e-01	2.783611e-01	2.139714e+01	-9.876438e+00	-2.806768e-04	4.055135e-04
0.314         	5.561824e-01	1.151996e+01	1.244081e-04	-9.346645e-05	-3.412340e-04	1.563330e+01	2.779977e-01	2.781847e-01	2.139328e+01	-9.873315e+00	-2.790299e-04	4.034381e-04
0.315         	5.557837e-01	1.151920e+01	1.237605e-04	-9.382682e-05	-3.388128e-04	1.562980e+01	2.777980e-01	2.779857e-01	2.138940e+01	-9.870202e+00	-2.769325e-04	4.006930e-04
0.316         	5.553440e-01	1.151844e+01	1.228997e-04	-9.376284e-05	-3.356246e-04	1.562641e+01	2.775782e-01	2.777658e-01	2.138563e+01	-9.867189e+00	-2.741747e-04	3.970744e-04
0.317         	5.548685e-01	1.151772e+01	1.221843e-04	-9.359198e-05	-3.327208e-04	1.562320e+01	2.773407e-01	2.775278e-01	2.138206e+01	-9.864337e+00	-2.716286e-04	3.938129e-04
0.318         	5.543601e-01	1.151704e+01	1.218671e-04	-9.340520e-05	-3.302251e-04	1.562022e+01	2.770867e-01	2.772735e-01	2.137874e+01	-9.861699e+00	-2.692916e-04	3.911587e-04
0.319         	5.538333e-01	1.151643e+01	1.215010e-04	-9.292956e-05	-3.282786e-04	1.561755e+01	2.768237e-01	2.770096e-01	2.137576e+01	-9.859335e+00	-2.675281e-04	3.890290e-04
0.32          	5.532813e-01	1.151589e+01	1.214120e-04	-9.291103e-05	-3.268078e-04	1.561518e+01	2.765478e-01	2.767336e-01	2.137312e+01	-9.857234e+00	-2.661017e-04	3.875138e-04
0.321         	5.526913e-01	1.151540e+01	1.215763e-04	-9.335836e-05	-3.252269e-04	1.561304e+01	2.762523e-01	2.764390e-01	2.137074e+01	-9.855340e+00	-2.644388e-04	3.860151e-04
0.322         	5.520471e-01	1.151492e+01	1.218119e-04	-9.376379e-05	-3.234557e-04	1.561101e+01	2.759298e-01	2.761173e-01	2.136847e+01	-9.853551e+00	-2.625497e-04	3.843616e-04
0.323         	5.513573e-01	1.151445e+01	1.220917e-04	-9.404838e-05	-3.216659e-04	1.560910e+01	2.755846e-01	2.757727e-01	2.136633e+01	-9.851876e+00	-2.606201e-04	3.827117e-04
0.324         	5.506310e-01	1.151403e+01	1.223387e-04	-9.391890e-05	-3.199347e-04	1.560738e+01	2.752216e-01	2.754094e-01	2.136440e+01	-9.850368e+00	-2.587654e-04	3.811041e-04
0.325         	5.498802e-01	1.151366e+01	1.224217e-04	-9.356068e-05	-3.183676e-04	1.560591e+01	2.748466e-01	2.750337e-01	2.136274e+01	-9.849079e+00	-2.571568e-04	3.795784e-04
0.326         	5.491132e-01	1.151335e+01	1.223709e-04	-9.321215e-05	-3.166490e-04	1.560471e+01	2.744634e-01	2.746498e-01	2.136138e+01	-9.848034e+00	-2.554635e-04	3.778345e-04
0.327         	5.483406e-01	1.151309e+01	1.223873e-04	-9.290595e-05	-3.148803e-04	1.560380e+01	2.740774e-01	2.742632e-01	2.136035e+01	-9.847253e+00	-2.536866e-04	3.760740e-04
0.328         	5.475611e-01	1.151292e+01	1.222764e-04	-9.254931e-05	-3.128108e-04	1.560322e+01	2.736880e-01	2.738731e-01	2.135968e+01	-9.846762e+00	-2.516726e-04	3.739490e-04
0.329         	5.467686e-01	1.151283e+01	1.223540e-04	-9.253110e-05	-3.106588e-04	1.560295e+01	2.732918e-01	2.734768e-01	2.135936e+01	-9.846535e+00	-2.494818e-04	3.718358e-04
0.33          	5.459496e-01	1.151280e+01	1.226591e-04	-9.282591e-05	-3.087216e-04	1.560292e+01	2.728820e-01	2.730676e-01	2.135932e+01	-9.846514e+00	-2.473921e-04	3.700512e-04
0.331         	5.451056e-01	1.151283e+01	1.230960e-04	-9.331083e-05	-3.071317e-04	1.560307e+01	2.724595e-01	2.726461e-01	2.135949e+01	-9.846655e+00	-2.455837e-04	3.686797e-04
0.332         	5.442430e-01	1.151293e+01	1.233906e-04	-9.358792e-05	-3.055367e-04	1.560346e+01	2.720279e-01	2.722151e-01	2.135992e+01	-9.846993e+00	-2.438414e-04	3.672320e-04
0.333         	5.433732e-01	1.151310e+01	1.234593e-04	-9.325104e-05	-3.039054e-04	1.560409e+01	2.715933e-01	2.717798e-01	2.136064e+01	-9.847542e+00	-2.421758e-04	3.656351e-04
0.334         	5.425082e-01	1.151338e+01	1.234482e-04	-9.282537e-05	-3.020656e-04	1.560506e+01	2.711613e-01	2.713469e-01	2.136175e+01	-9.848371e+00	-2.403415e-04	3.637897e-04
0.335         	5.416644e-01	1.151378e+01	1.233517e-04	-9.253718e-05	-3.001733e-04	1.560639e+01	2.707397e-01	2.709247e-01	2.136328e+01	-9.849505e+00	-2.384975e-04	3.618492e-04
0.336         	5.408481e-01	1.151432e+01	1.233151e-04	-9.212947e-05	-2.979099e-04	1.560815e+01	2.703319e-01	2.705162e-01	2.136531e+01	-9.850984e+00	-2.362524e-04	3.595675e-04
0.337         	5.400542e-01	1.151504e+01	1.232319e-04	-9.165792e-05	-2.955702e-04	1.561036e+01	2.699355e-01	2.701188e-01	2.136788e+01	-9.852841e+00	-2.339543e-04	3.571861e-04
0.338         	5.392708e-01	1.151590e+01	1.228034e-04	-9.057934e-05	-2.930547e-04	1.561296e+01	2.695448e-01	2.697260e-01	2.137092e+01	-9.855015e+00	-2.316530e-04	3.544563e-04
0.339         	5.384965e-01	1.151690e+01	1.220949e-04	-8.917514e-05	-2.904496e-04	1.561588e+01	2.691591e-01	2.693374e-01	2.137433e+01	-9.857430e+00	-2.294022e-04	3.514971e-04
0.34          	5.377336e-01	1.151804e+01	1.213554e-04	-8.805066e-05	-2.883736e-04	1.561911e+01	2.687787e-01	2.689548e-01	2.137813e+01	-9.860095e+00	-2.276960e-04	3.490513e-04
0.341         	5.369953e-01	1.151931e+01	1.209312e-04	-8.777582e-05	-2.859512e-04	1.562269e+01	2.684099e-01	2.685854e-01	2.138235e+01	-9.863040e+00	-2.254856e-04	3.464168e-04
0.342         	5.362818e-01	1.152067e+01	1.206543e-04	-8.785726e-05	-2.833947e-04	1.562661e+01	2.680530e-01	2.682288e-01	2.138694e+01	-9.866273e+00	-2.230675e-04	3.437219e-04
0.343         	5.355971e-01	1.152211e+01	1.199311e-04	-8.736875e-05	-2.809172e-04	1.563083e+01	2.677112e-01	2.678859e-01	2.139189e+01	-9.869775e+00	-2.209517e-04	3.408828e-04
0.344         	5.349395e-01	1.152363e+01	1.187485e-04	-8.621433e-05	-2.784323e-04	1.563532e+01	2.673835e-01	2.675560e-01	2.139713e+01	-9.873499e+00	-2.190580e-04	3.378065e-04
0.345         	5.343152e-01	1.152522e+01	1.177456e-04	-8.546990e-05	-2.764595e-04	1.564004e+01	2.670721e-01	2.672431e-01	2.140265e+01	-9.877427e+00	-2.175868e-04	3.353323e-04
0.346         	5.337241e-01	1.152685e+01	1.170114e-04	-8.527530e-05	-2.744062e-04	1.564494e+01	2.667768e-01	2.669473e-01	2.140836e+01	-9.881518e+00	-2.159005e-04	3.329119e-04
0.347         	5.331640e-01	1.152847e+01	1.159195e-04	-8.519244e-05	-2.721030e-04	1.564996e+01	2.664968e-01	2.666672e-01	2.141419e+01	-9.885722e+00	-2.141433e-04	3.300628e-04
0.348         	5.326255e-01	1.153008e+01	1.143614e-04	-8.441983e-05	-2.692689e-04	1.565503e+01	2.662283e-01	2.663972e-01	2.142007e+01	-9.889992e+00	-2.120882e-04	3.264496e-04
0.349         	5.321053e-01	1.153168e+01	1.123633e-04	-8.313946e-05	-2.663668e-04	1.566012e+01	2.659695e-01	2.661358e-01	2.142596e+01	-9.894278e+00	-2.101852e-04	3.225485e-04
0.35          	5.315981e-01	1.153330e+01	1.109110e-04	-8.270725e-05	-2.638419e-04	1.566522e+01	2.657163e-01	2.658818e-01	2.143187e+01	-9.898571e+00	-2.083864e-04	3.192974e-04
0.351         	5.311083e-01	1.153492e+01	1.100653e-04	-8.313794e-05	-2.612345e-04	1.567033e+01	2.654710e-01	2.656373e-01	2.143779e+01	-9.902865e+00	-2.062018e-04	3.162671e-04
0.352         	5.306325e-01	1.153657e+01	1.091781e-04	-8.314295e-05	-2.582749e-04	1.567540e+01	2.652331e-01	2.653994e-01	2.144369e+01	-9.907121e+00	-2.036858e-04	3.128639e-04
0.353         	5.301678e-01	1.153824e+01	1.076536e-04	-8.128780e-05	-2.549518e-04	1.568039e+01	2.650026e-01	2.651652e-01	2.144951e+01	-9.911269e+00	-2.011250e-04	3.087786e-04
0.354         	5.297094e-01	1.153996e+01	1.056635e-04	-7.832393e-05	-2.517315e-04	1.568521e+01	2.647764e-01	2.649330e-01	2.145519e+01	-9.915234e+00	-1.988998e-04	3.045633e-04
0.355         	5.292536e-01	1.154169e+01	1.036829e-04	-7.537943e-05	-2.485645e-04	1.568981e+01	2.645514e-01	2.647022e-01	2.146066e+01	-9.918964e+00	-1.967230e-04	3.004059e-04
0.356         	5.287923e-01	1.154342e+01	1.016405e-04	-7.284433e-05	-2.453348e-04	1.569411e+01	2.643233e-01	2.644690e-01	2.146582e+01	-9.922402e+00	-1.945146e-04	2.961551e-04
0.357         	5.283271e-01	1.154511e+01	1.001379e-04	-7.134563e-05	-2.419196e-04	1.569810e+01	2.640922e-01	2.642349e-01	2.147066e+01	-9.925546e+00	-1.918507e-04	2.919886e-04
0.358         	5.278481e-01	1.154674e+01	9.917558e-05	-7.058797e-05	-2.390734e-04	1.570174e+01	2.638534e-01	2.639946e-01	2.147511e+01	-9.928372e+00	-1.894856e-04	2.886612e-04
0.359         	5.273488e-01	1.154827e+01	9.868798e-05	-7.041659e-05	-2.362542e-04	1.570499e+01	2.636040e-01	2.637448e-01	2.147913e+01	-9.930857e+00	-1.869102e-04	2.855982e-04
0.36          	5.268196e-01	1.154968e+01	9.814593e-05	-7.003151e-05	-2.332633e-04	1.570780e+01	2.633398e-01	2.634798e-01	2.148264e+01	-9.932957e+00	-1.841904e-04	2.823363e-04
0.361         	5.262705e-01	1.155094e+01	9.729179e-05	-6.955109e-05	-2.300972e-04	1.571016e+01	2.630657e-01	2.632048e-01	2.148563e+01	-9.934686e+00	-1.814513e-04	2.787431e-04
0.362         	5.257048e-01	1.155202e+01	9.664745e-05	-6.962315e-05	-2.265556e-04	1.571205e+01	2.627828e-01	2.629220e-01	2.148806e+01	-9.936035e+00	-1.782319e-04	2.748793e-04
0.363         	5.251329e-01	1.155292e+01	9.595893e-05	-6.967130e-05	-2.231775e-04	1.571349e+01	2.624968e-01	2.626361e-01	2.148995e+01	-9.937025e+00	-1.751980e-04	2.711570e-04
0.364         	5.245615e-01	1.155363e+01	9.514103e-05	-6.973260e-05	-2.200457e-04	1.571449e+01	2.622110e-01	2.623505e-01	2.149131e+01	-9.937671e+00	-1.724752e-04	2.676162e-04
0.365         	5.240022e-01	1.155417e+01	9.442526e-05	-6.977706e-05	-2.174289e-04	1.571509e+01	2.619313e-01	2.620709e-01	2.149218e+01	-9.938001e+00	-1.702163e-04	2.646415e-04
0.366         	5.234658e-01	1.155456e+01	9.371323e-05	-6.937443e-05	-2.147082e-04	1.571532e+01	2.616635e-01	2.618023e-01	2.149260e+01	-9.938037e+00	-1.678516e-04	2.615648e-04
0.367         	5.229539e-01	1.155478e+01	9.309910e-05	-6.900768e-05	-2.120153e-04	1.571513e+01	2.614079e-01	2.615459e-01	2.149252e+01	-9.937743e+00	-1.654657e-04	2.585648e-04
0.368         	5.224607e-01	1.155479e+01	9.270958e-05	-6.937319e-05	-2.089816e-04	1.571449e+01	2.611610e-01	2.612997e-01	2.149189e+01	-9.937096e+00	-1.626268e-04	2.553364e-04
0.369         	5.219761e-01	1.155459e+01	9.213976e-05	-6.969193e-05	-2.052771e-04	1.571338e+01	2.609184e-01	2.610577e-01	2.149068e+01	-9.936086e+00	-1.592073e-04	2.513470e-04
0.37          	5.214948e-01	1.155418e+01	9.133717e-05	-6.922833e-05	-2.016365e-04	1.571181e+01	2.606782e-01	2.608166e-01	2.148890e+01	-9.934721e+00	-1.559679e-04	2.473051e-04
0.371         	5.210321e-01	1.155360e+01	9.046585e-05	-6.794824e-05	-1.989804e-04	1.570982e+01	2.604481e-01	2.605840e-01	2.148662e+01	-9.933022e+00	-1.537475e-04	2.442133e-04
0.372         	5.206128e-01	1.155285e+01	8.916608e-05	-6.636289e-05	-1.973964e-04	1.570743e+01	2.602401e-01	2.603728e-01	2.148386e+01	-9.931006e+00	-1.528134e-04	2.419795e-04
0.373         	5.202552e-01	1.155193e+01	8.784842e-05	-6.601299e-05	-1.958343e-04	1.570468e+01	2.600616e-01	2.601936e-01	2.148064e+01	-9.928718e+00	-1.519100e-04	2.397585e-04
0.374         	5.199377e-01	1.155081e+01	8.623512e-05	-6.574708e-05	-1.937580e-04	1.570158e+01	2.599031e-01	2.600346e-01	2.147698e+01	-9.926173e+00	-1.506404e-04	2.368756e-04
0.375         	5.196373e-01	1.154947e+01	8.430058e-05	-6.658991e-05	-1.913655e-04	1.569812e+01	2.597521e-01	2.598852e-01	2.147285e+01	-9.923379e+00	-1.492152e-04	2.335158e-04
0.376         	5.193363e-01	1.154794e+01	8.232737e-05	-6.732677e-05	-1.880885e-04	1.569432e+01	2.596008e-01	2.597355e-01	2.146829e+01	-9.920348e+00	-1.469249e-04	2.292522e-04
0.377         	5.190197e-01	1.154622e+01	8.092273e-05	-6.717711e-05	-1.846620e-04	1.569020e+01	2.594427e-01	2.595770e-01	2.146331e+01	-9.917087e+00	-1.442006e-04	2.251233e-04
0.378         	5.186891e-01	1.154436e+01	7.944111e-05	-6.584514e-05	-1.812413e-04	1.568581e+01	2.592787e-01	2.594104e-01	2.145799e+01	-9.913636e+00	-1.415208e-04	2.209619e-04
0.379         	5.183395e-01	1.154237e+01	7.888756e-05	-6.550654e-05	-1.789118e-04	1.568119e+01	2.591043e-01	2.592353e-01	2.145237e+01	-9.910005e+00	-1.394680e-04	2.183556e-04
0.38          	5.179743e-01	1.154027e+01	7.843500e-05	-6.479280e-05	-1.772234e-04	1.567637e+01	2.589224e-01	2.590520e-01	2.144650e+01	-9.906232e+00	-1.380059e-04	2.164409e-04
0.381         	5.176083e-01	1.153808e+01	7.834664e-05	-6.440743e-05	-1.767376e-04	1.567137e+01	2.587397e-01	2.588686e-01	2.144041e+01	-9.902328e+00	-1.375642e-04	2.159109e-04
0.382         	5.172661e-01	1.153584e+01	7.773779e-05	-6.291992e-05	-1.760485e-04	1.566623e+01	2.585701e-01	2.586960e-01	2.143415e+01	-9.898309e+00	-1.371796e-04	2.149174e-04
0.383         	5.169430e-01	1.153355e+01	7.742324e-05	-6.279362e-05	-1.750466e-04	1.566094e+01	2.584087e-01	2.585343e-01	2.142771e+01	-9.894161e+00	-1.363349e-04	2.137582e-04
0.384         	5.166332e-01	1.153122e+01	7.679059e-05	-6.232862e-05	-1.735094e-04	1.565555e+01	2.582543e-01	2.583789e-01	2.142116e+01	-9.889937e+00	-1.351141e-04	2.119047e-04
0.385         	5.163213e-01	1.152888e+01	7.593868e-05	-6.173209e-05	-1.722258e-04	1.565011e+01	2.580989e-01	2.582224e-01	2.141455e+01	-9.885671e+00	-1.342564e-04	2.101951e-04
0.386         	5.160064e-01	1.152654e+01	7.497774e-05	-6.125559e-05	-1.707828e-04	1.564466e+01	2.579419e-01	2.580644e-01	2.140793e+01	-9.881386e+00	-1.332939e-04	2.082717e-04
0.387         	5.156835e-01	1.152421e+01	7.445179e-05	-6.154487e-05	-1.694331e-04	1.563918e+01	2.577802e-01	2.579033e-01	2.140128e+01	-9.877075e+00	-1.322072e-04	2.066590e-04
0.388         	5.153603e-01	1.152188e+01	7.350177e-05	-6.109095e-05	-1.695384e-04	1.563369e+01	2.576190e-01	2.577412e-01	2.139463e+01	-9.872750e+00	-1.327875e-04	2.062893e-04
0.389         	5.150438e-01	1.151960e+01	7.259843e-05	-6.080078e-05	-1.700244e-04	1.562824e+01	2.574611e-01	2.575827e-01	2.138803e+01	-9.868438e+00	-1.337252e-04	2.063236e-04
0.39          	5.147236e-01	1.151736e+01	7.163632e-05	-6.031905e-05	-1.702783e-04	1.562285e+01	2.573015e-01	2.574221e-01	2.138153e+01	-9.864175e+00	-1.344601e-04	2.060965e-04
0.391         	5.143917e-01	1.151522e+01	7.035218e-05	-5.901303e-05	-1.708053e-04	1.561758e+01	2.571368e-01	2.572548e-01	2.137519e+01	-9.859976e+00	-1.356292e-04	2.059813e-04
0.392         	5.140511e-01	1.151318e+01	6.926120e-05	-5.801363e-05	-1.718127e-04	1.561244e+01	2.569675e-01	2.570835e-01	2.136903e+01	-9.855849e+00	-1.371821e-04	2.064433e-04
0.393         	5.137069e-01	1.151123e+01	6.851904e-05	-5.687617e-05	-1.731682e-04	1.560736e+01	2.567966e-01	2.569103e-01	2.136297e+01	-9.851743e+00	-1.389087e-04	2.074277e-04
0.394         	5.133587e-01	1.150933e+01	6.783384e-05	-5.598073e-05	-1.738728e-04	1.560230e+01	2.566234e-01	2.567353e-01	2.135697e+01	-9.847638e+00	-1.399558e-04	2.077897e-04
0.395         	5.130069e-01	1.150750e+01	6.700853e-05	-5.476410e-05	-1.744982e-04	1.559732e+01	2.564487e-01	2.565582e-01	2.135107e+01	-9.843565e+00	-1.409939e-04	2.080024e-04
0.396         	5.126521e-01	1.150576e+01	6.664385e-05	-5.432403e-05	-1.761339e-04	1.559245e+01	2.562717e-01	2.563804e-01	2.134533e+01	-9.839572e+00	-1.428120e-04	2.094559e-04
0.397         	5.123081e-01	1.150410e+01	6.699074e-05	-5.468045e-05	-1.801848e-04	1.558774e+01	2.560994e-01	2.562088e-01	2.133979e+01	-9.835689e+00	-1.466895e-04	2.136802e-04
0.398         	5.119746e-01	1.150251e+01	6.751156e-05	-5.452176e-05	-1.842920e-04	1.558317e+01	2.559328e-01	2.560418e-01	2.133442e+01	-9.831909e+00	-1.505362e-04	2.180477e-04
0.399         	5.116450e-01	1.150104e+01	6.771946e-05	-5.315691e-05	-1.858613e-04	1.557874e+01	2.557693e-01	2.558757e-01	2.132926e+01	-9.828225e+00	-1.520016e-04	2.197210e-04
0.4           	5.113097e-01	1.149968e+01	6.799965e-05	-5.154900e-05	-1.847757e-04	1.557447e+01	2.556033e-01	2.557064e-01	2.132431e+01	-9.824629e+00	-1.507758e-04	2.187755e-04
0.401         	5.109604e-01	1.149844e+01	6.860221e-05	-5.048723e-05	-1.830327e-04	1.557032e+01	2.554297e-01	2.555307e-01	2.131954e+01	-9.821104e+00	-1.487316e-04	2.173338e-04
0.402         	5.106002e-01	1.149729e+01	6.997434e-05	-5.089042e-05	-1.819454e-04	1.556629e+01	2.552492e-01	2.553510e-01	2.131494e+01	-9.817644e+00	-1.469582e-04	2.169325e-04
0.403         	5.102341e-01	1.149625e+01	7.172247e-05	-5.221726e-05	-1.829503e-04	1.556240e+01	2.550648e-01	2.551693e-01	2.131053e+01	-9.814277e+00	-1.470891e-04	2.188115e-04
0.404         	5.098650e-01	1.149531e+01	7.370354e-05	-5.408411e-05	-1.858621e-04	1.555869e+01	2.548784e-01	2.549866e-01	2.130635e+01	-9.811037e+00	-1.490103e-04	2.227139e-04
0.405         	5.095044e-01	1.149447e+01	7.583282e-05	-5.591166e-05	-1.896930e-04	1.555519e+01	2.546963e-01	2.548081e-01	2.130242e+01	-9.807954e+00	-1.517765e-04	2.276094e-04
0.406         	5.091454e-01	1.149375e+01	7.645949e-05	-5.582320e-05	-1.913453e-04	1.555189e+01	2.545169e-01	2.546285e-01	2.129877e+01	-9.805016e+00	-1.531155e-04	2.295750e-04
0.407         	5.087807e-01	1.149319e+01	7.562780e-05	-5.394254e-05	-1.891387e-04	1.554879e+01	2.543364e-01	2.544443e-01	2.129539e+01	-9.802199e+00	-1.513248e-04	2.269526e-04
0.408         	5.084081e-01	1.149276e+01	7.402555e-05	-5.055489e-05	-1.846156e-04	1.554585e+01	2.541535e-01	2.542546e-01	2.129223e+01	-9.799472e+00	-1.476028e-04	2.216284e-04
0.409         	5.080322e-01	1.149247e+01	7.203206e-05	-4.690619e-05	-1.805855e-04	1.554308e+01	2.539692e-01	2.540630e-01	2.128931e+01	-9.796842e+00	-1.445694e-04	2.166015e-04
0.41          	5.076628e-01	1.149224e+01	7.078767e-05	-4.558744e-05	-1.794064e-04	1.554041e+01	2.537858e-01	2.538770e-01	2.128654e+01	-9.794292e+00	-1.440125e-04	2.148002e-04
0.411         	5.073133e-01	1.149202e+01	7.048427e-05	-4.601181e-05	-1.805106e-04	1.553782e+01	2.536106e-01	2.537026e-01	2.128382e+01	-9.791807e+00	-1.452685e-04	2.157528e-04
0.412         	5.069767e-01	1.149174e+01	7.075029e-05	-4.754129e-05	-1.815755e-04	1.553527e+01	2.534408e-01	2.535359e-01	2.128114e+01	-9.789402e+00	-1.462003e-04	2.169506e-04
0.413         	5.066337e-01	1.149143e+01	7.112000e-05	-4.894294e-05	-1.813476e-04	1.553283e+01	2.532679e-01	2.533658e-01	2.127854e+01	-9.787110e+00	-1.457876e-04	2.169076e-04
0.414         	5.062707e-01	1.149113e+01	7.140426e-05	-4.932508e-05	-1.806098e-04	1.553053e+01	2.530860e-01	2.531847e-01	2.127610e+01	-9.784966e+00	-1.449077e-04	2.163120e-04
0.415         	5.058971e-01	1.149086e+01	7.220253e-05	-4.951600e-05	-1.810273e-04	1.552841e+01	2.528990e-01	2.529981e-01	2.127383e+01	-9.782976e+00	-1.449260e-04	2.171285e-04
0.416         	5.055288e-01	1.149062e+01	7.439298e-05	-5.047699e-05	-1.835317e-04	1.552645e+01	2.527139e-01	2.528149e-01	2.127176e+01	-9.781141e+00	-1.463352e-04	2.207282e-04
0.417         	5.051792e-01	1.149038e+01	7.703146e-05	-5.148156e-05	-1.864766e-04	1.552463e+01	2.525381e-01	2.526411e-01	2.126982e+01	-9.779439e+00	-1.479609e-04	2.249924e-04
0.418         	5.048476e-01	1.149013e+01	7.932951e-05	-5.159791e-05	-1.873558e-04	1.552291e+01	2.523722e-01	2.524754e-01	2.126798e+01	-9.777843e+00	-1.476911e-04	2.270206e-04
0.419         	5.045263e-01	1.148988e+01	8.102407e-05	-5.095371e-05	-1.857151e-04	1.552127e+01	2.522122e-01	2.523141e-01	2.126621e+01	-9.776329e+00	-1.452031e-04	2.262272e-04
0.42          	5.042032e-01	1.148965e+01	8.216719e-05	-4.870444e-05	-1.825889e-04	1.551973e+01	2.520529e-01	2.521503e-01	2.126455e+01	-9.774902e+00	-1.415053e-04	2.236725e-04
0.421         	5.038712e-01	1.148949e+01	8.268748e-05	-4.523927e-05	-1.785282e-04	1.551834e+01	2.518904e-01	2.519809e-01	2.126309e+01	-9.773595e+00	-1.371844e-04	2.198719e-04
0.422         	5.035253e-01	1.148944e+01	8.408827e-05	-4.281250e-05	-1.751758e-04	1.551713e+01	2.517198e-01	2.518055e-01	2.126185e+01	-9.772411e+00	-1.331317e-04	2.172199e-04
0.423         	5.031675e-01	1.148952e+01	8.583822e-05	-4.180270e-05	-1.734475e-04	1.551611e+01	2.515419e-01	2.516256e-01	2.126087e+01	-9.771347e+00	-1.305283e-04	2.163666e-04
0.424         	5.028060e-01	1.148976e+01	8.774073e-05	-4.127389e-05	-1.725677e-04	1.551529e+01	2.513617e-01	2.514443e-01	2.126017e+01	-9.770410e+00	-1.286973e-04	2.164380e-04
0.425         	5.024523e-01	1.149015e+01	8.976981e-05	-4.194332e-05	-1.719306e-04	1.551469e+01	2.511842e-01	2.512681e-01	2.125976e+01	-9.769617e+00	-1.270457e-04	2.168155e-04
0.426         	5.021126e-01	1.149069e+01	9.369314e-05	-4.404939e-05	-1.723032e-04	1.551432e+01	2.510123e-01	2.511004e-01	2.125966e+01	-9.768968e+00	-1.254566e-04	2.191498e-04
0.427         	5.017857e-01	1.149140e+01	9.701753e-05	-4.598203e-05	-1.712903e-04	1.551416e+01	2.508469e-01	2.509389e-01	2.125986e+01	-9.768463e+00	-1.227815e-04	2.197991e-04
0.428         	5.014730e-01	1.149222e+01	1.005436e-04	-4.682101e-05	-1.693407e-04	1.551425e+01	2.506897e-01	2.507833e-01	2.126037e+01	-9.768144e+00	-1.190689e-04	2.196125e-04
0.429         	5.011630e-01	1.149314e+01	1.025907e-04	-4.732454e-05	-1.660962e-04	1.551458e+01	2.505342e-01	2.506288e-01	2.126115e+01	-9.768011e+00	-1.148008e-04	2.173915e-04
0.43          	5.008451e-01	1.149412e+01	1.035233e-04	-4.546005e-05	-1.626396e-04	1.551508e+01	2.503771e-01	2.504680e-01	2.126214e+01	-9.768024e+00	-1.108779e-04	2.144012e-04
0.431         	5.005159e-01	1.149516e+01	1.036914e-04	-4.539860e-05	-1.583372e-04	1.551576e+01	2.502126e-01	2.503034e-01	2.126334e+01	-9.768180e+00	-1.064915e-04	2.101829e-04
0.432         	5.001832e-01	1.149628e+01	1.049264e-04	-4.494384e-05	-1.560475e-04	1.551661e+01	2.500466e-01	2.501365e-01	2.126475e+01	-9.768472e+00	-1.035843e-04	2.085108e-04
0.433         	4.998525e-01	1.149747e+01	1.064160e-04	-4.827875e-05	-1.542295e-04	1.551766e+01	2.498780e-01	2.499745e-01	2.126639e+01	-9.768921e+00	-1.010216e-04	2.074375e-04
0.434         	4.995321e-01	1.149871e+01	1.099421e-04	-5.088495e-05	-1.547090e-04	1.551888e+01	2.497152e-01	2.498169e-01	2.126823e+01	-9.769520e+00	-9.973794e-05	2.096800e-04
0.435         	4.992187e-01	1.149998e+01	1.114025e-04	-5.453432e-05	-1.527526e-04	1.552025e+01	2.495548e-01	2.496639e-01	2.127024e+01	-9.770255e+00	-9.705134e-05	2.084538e-04
0.436         	4.989165e-01	1.150128e+01	1.134591e-04	-5.358405e-05	-1.518833e-04	1.552175e+01	2.494046e-01	2.495118e-01	2.127239e+01	-9.771110e+00	-9.515378e-05	2.086129e-04
0.437         	4.986245e-01	1.150261e+01	1.140616e-04	-5.609142e-05	-1.494181e-04	1.552339e+01	2.492561e-01	2.493683e-01	2.127470e+01	-9.772090e+00	-9.238729e-05	2.064489e-04
0.438         	4.983580e-01	1.150396e+01	1.162244e-04	-5.746488e-05	-1.502449e-04	1.552518e+01	2.491216e-01	2.492365e-01	2.127715e+01	-9.773199e+00	-9.213273e-05	2.083572e-04
0.439         	4.981223e-01	1.150527e+01	1.164748e-04	-6.229745e-05	-1.494682e-04	1.552704e+01	2.489988e-01	2.491234e-01	2.127968e+01	-9.774405e+00	-9.123081e-05	2.077056e-04
0.44          	4.979129e-01	1.150651e+01	1.181398e-04	-6.247826e-05	-1.507200e-04	1.552892e+01	2.488940e-01	2.490189e-01	2.128217e+01	-9.775659e+00	-9.165015e-05	2.097899e-04
0.441         	4.977163e-01	1.150767e+01	1.175035e-04	-6.648199e-05	-1.490199e-04	1.553077e+01	2.487916e-01	2.489246e-01	2.128461e+01	-9.776936e+00	-9.026813e-05	2.077716e-04
0.442         	4.975270e-01	1.150874e+01	1.192997e-04	-6.689112e-05	-1.503793e-04	1.553259e+01	2.486966e-01	2.488304e-01	2.128696e+01	-9.778215e+00	-9.072948e-05	2.100292e-04
0.443         	4.973369e-01	1.150966e+01	1.186085e-04	-7.216063e-05	-1.485028e-04	1.553427e+01	2.485963e-01	2.487406e-01	2.128910e+01	-9.779442e+00	-8.919851e-05	2.078070e-04
0.444         	4.971454e-01	1.151039e+01	1.201091e-04	-7.314187e-05	-1.492767e-04	1.553578e+01	2.484996e-01	2.486459e-01	2.129097e+01	-9.780587e+00	-8.922217e-05	2.093313e-04
0.445         	4.969535e-01	1.151093e+01	1.187433e-04	-7.762065e-05	-1.465398e-04	1.553714e+01	2.483991e-01	2.485544e-01	2.129260e+01	-9.781673e+00	-8.716819e-05	2.059115e-04
0.446         	4.967611e-01	1.151133e+01	1.200453e-04	-7.489653e-05	-1.473429e-04	1.553839e+01	2.483056e-01	2.484554e-01	2.129406e+01	-9.782726e+00	-8.732022e-05	2.073655e-04
0.447         	4.965629e-01	1.151166e+01	1.184405e-04	-7.607762e-05	-1.453910e-04	1.553961e+01	2.482054e-01	2.483575e-01	2.129544e+01	-9.783779e+00	-8.617077e-05	2.046113e-04
0.448         	4.963489e-01	1.151192e+01	1.188944e-04	-7.349540e-05	-1.472968e-04	1.554079e+01	2.481010e-01	2.482479e-01	2.129675e+01	-9.784832e+00	-8.784958e-05	2.067440e-04
0.449         	4.961123e-01	1.151212e+01	1.158077e-04	-7.750205e-05	-1.452742e-04	1.554194e+01	2.479787e-01	2.481337e-01	2.129800e+01	-9.785883e+00	-8.737036e-05	2.031781e-04
0.45          	4.958507e-01	1.151221e+01	1.151963e-04	-7.642205e-05	-1.461995e-04	1.554301e+01	2.478489e-01	2.480018e-01	2.129912e+01	-9.786905e+00	-8.860136e-05	2.037976e-04
0.451         	4.955743e-01	1.151223e+01	1.119396e-04	-7.887118e-05	-1.428094e-04	1.554401e+01	2.477083e-01	2.478660e-01	2.130013e+01	-9.787898e+00	-8.683961e-05	1.987792e-04
0.452         	4.952875e-01	1.151220e+01	1.124452e-04	-7.443399e-05	-1.430889e-04	1.554498e+01	2.475693e-01	2.477182e-01	2.130108e+01	-9.788885e+00	-8.686627e-05	1.993115e-04
0.453         	4.949977e-01	1.151210e+01	1.096816e-04	-7.431043e-05	-1.402241e-04	1.554592e+01	2.474245e-01	2.475731e-01	2.130198e+01	-9.789871e+00	-8.538326e-05	1.950648e-04
0.454         	4.947011e-01	1.151194e+01	1.080917e-04	-7.116291e-05	-1.417449e-04	1.554679e+01	2.472794e-01	2.474217e-01	2.130276e+01	-9.790824e+00	-8.769901e-05	1.957907e-04
0.455         	4.943957e-01	1.151166e+01	1.027243e-04	-7.613983e-05	-1.403276e-04	1.554753e+01	2.471217e-01	2.472740e-01	2.130336e+01	-9.791699e+00	-8.896545e-05	1.916898e-04
0.456         	4.940850e-01	1.151127e+01	9.913660e-05	-7.586534e-05	-1.410945e-04	1.554810e+01	2.469666e-01	2.471184e-01	2.130373e+01	-9.792462e+00	-9.152617e-05	1.906628e-04
0.457         	4.937759e-01	1.151078e+01	9.426475e-05	-7.709835e-05	-1.375440e-04	1.554850e+01	2.468108e-01	2.469650e-01	2.130389e+01	-9.793111e+00	-9.041164e-05	1.846764e-04
0.458         	4.934582e-01	1.151029e+01	9.297018e-05	-7.141954e-05	-1.368963e-04	1.554879e+01	2.466577e-01	2.468005e-01	2.130394e+01	-9.793651e+00	-9.041123e-05	1.833814e-04
0.459         	4.931291e-01	1.150979e+01	8.822008e-05	-7.058907e-05	-1.339304e-04	1.554898e+01	2.464939e-01	2.466351e-01	2.130388e+01	-9.794089e+00	-8.982041e-05	1.780405e-04
0.46          	4.927906e-01	1.150925e+01	8.496795e-05	-6.712095e-05	-1.343038e-04	1.554902e+01	2.463282e-01	2.464624e-01	2.130365e+01	-9.794397e+00	-9.181985e-05	1.767878e-04
0.461         	4.924430e-01	1.150865e+01	7.928322e-05	-6.778525e-05	-1.315180e-04	1.554887e+01	2.461537e-01	2.462893e-01	2.130320e+01	-9.794551e+00	-9.187637e-05	1.711596e-04
0.462         	4.920982e-01	1.150796e+01	7.598083e-05	-6.359990e-05	-1.306984e-04	1.554853e+01	2.459855e-01	2.461127e-01	2.130250e+01	-9.794547e+00	-9.270796e-05	1.686888e-04
0.463         	4.917669e-01	1.150720e+01	7.191499e-05	-6.251637e-05	-1.277512e-04	1.554799e+01	2.458209e-01	2.459460e-01	2.130159e+01	-9.794388e+00	-9.179373e-05	1.637087e-04
0.464         	4.914519e-01	1.150644e+01	6.753708e-05	-5.769549e-05	-1.270231e-04	1.554732e+01	2.456683e-01	2.457837e-01	2.130054e+01	-9.794103e+00	-9.325454e-05	1.607916e-04
0.465         	4.911432e-01	1.150572e+01	6.122856e-05	-5.732235e-05	-1.240060e-04	1.554656e+01	2.455143e-01	2.456289e-01	2.129942e+01	-9.793698e+00	-9.339174e-05	1.546203e-04
0.466         	4.908288e-01	1.150505e+01	5.795500e-05	-5.334682e-05	-1.237774e-04	1.554568e+01	2.453610e-01	2.454677e-01	2.129820e+01	-9.793153e+00	-9.479987e-05	1.527549e-04
0.467         	4.905148e-01	1.150444e+01	5.473381e-05	-5.275816e-05	-1.225697e-04	1.554468e+01	2.452046e-01	2.453101e-01	2.129690e+01	-9.792466e+00	-9.520278e-05	1.499366e-04
0.468         	4.902131e-01	1.150387e+01	5.399329e-05	-4.764430e-05	-1.238117e-04	1.554358e+01	2.450589e-01	2.451542e-01	2.129552e+01	-9.791649e+00	-9.681505e-05	1.508083e-04
0.469         	4.899349e-01	1.150334e+01	5.241024e-05	-4.511662e-05	-1.237177e-04	1.554236e+01	2.449223e-01	2.450126e-01	2.129404e+01	-9.790692e+00	-9.751262e-05	1.499229e-04
0.47          	4.896841e-01	1.150284e+01	5.074396e-05	-4.061640e-05	-1.248484e-04	1.554103e+01	2.448014e-01	2.448827e-01	2.129246e+01	-9.789614e+00	-9.947646e-05	1.502204e-04
0.471         	4.894555e-01	1.150236e+01	4.682383e-05	-4.119126e-05	-1.235720e-04	1.553962e+01	2.446866e-01	2.447689e-01	2.129080e+01	-9.788439e+00	-1.001601e-04	1.469839e-04
0.472         	4.892496e-01	1.150188e+01	4.496327e-05	-4.016976e-05	-1.240441e-04	1.553813e+01	2.445846e-01	2.446650e-01	2.128907e+01	-9.787188e+00	-1.015624e-04	1.465257e-04
0.473         	4.890722e-01	1.150140e+01	4.421006e-05	-4.241874e-05	-1.230761e-04	1.553657e+01	2.444937e-01	2.445785e-01	2.128727e+01	-9.785870e+00	-1.009711e-04	1.451811e-04
0.474         	4.889348e-01	1.150094e+01	4.672147e-05	-4.049251e-05	-1.235399e-04	1.553496e+01	2.444269e-01	2.445079e-01	2.128543e+01	-9.784492e+00	-1.001792e-04	1.469006e-04
0.475         	4.888428e-01	1.150051e+01	4.809114e-05	-4.035317e-05	-1.237640e-04	1.553331e+01	2.443810e-01	2.444618e-01	2.128357e+01	-9.783053e+00	-9.971847e-05	1.478096e-04
0.476         	4.887991e-01	1.150012e+01	4.913586e-05	-3.834360e-05	-1.260493e-04	1.553162e+01	2.443612e-01	2.444379e-01	2.128168e+01	-9.781554e+00	-1.014814e-04	1.506173e-04
0.477         	4.887971e-01	1.149974e+01	4.762012e-05	-4.052075e-05	-1.281313e-04	1.552986e+01	2.443580e-01	2.444391e-01	2.127973e+01	-9.779988e+00	-1.043213e-04	1.519414e-04
0.478         	4.888291e-01	1.149936e+01	4.727988e-05	-4.167224e-05	-1.332815e-04	1.552803e+01	2.443729e-01	2.444562e-01	2.127771e+01	-9.778355e+00	-1.096415e-04	1.569214e-04
0.479         	4.888970e-01	1.149895e+01	4.676088e-05	-4.378800e-05	-1.356968e-04	1.552611e+01	2.444047e-01	2.444923e-01	2.127558e+01	-9.776630e+00	-1.123164e-04	1.590772e-04
0.48          	4.889958e-01	1.149851e+01	4.768387e-05	-4.215661e-05	-1.374656e-04	1.552401e+01	2.444557e-01	2.445400e-01	2.127326e+01	-9.774750e+00	-1.136237e-04	1.613075e-04
0.481         	4.891039e-01	1.149802e+01	4.699113e-05	-4.136457e-05	-1.370248e-04	1.552163e+01	2.445106e-01	2.445933e-01	2.127064e+01	-9.772620e+00	-1.135292e-04	1.605203e-04
0.482         	4.892092e-01	1.149743e+01	4.646195e-05	-3.887220e-05	-1.383743e-04	1.551894e+01	2.445657e-01	2.446435e-01	2.126765e+01	-9.770221e+00	-1.151433e-04	1.616053e-04
0.483         	4.893141e-01	1.149676e+01	4.487674e-05	-3.932166e-05	-1.408229e-04	1.551596e+01	2.446177e-01	2.446964e-01	2.126434e+01	-9.767585e+00	-1.183845e-04	1.632613e-04
0.484         	4.894282e-01	1.149599e+01	4.542597e-05	-4.011851e-05	-1.468582e-04	1.551277e+01	2.446740e-01	2.447542e-01	2.126076e+01	-9.764771e+00	-1.241452e-04	1.695712e-04
0.485         	4.895535e-01	1.149516e+01	4.556639e-05	-4.298733e-05	-1.499361e-04	1.550944e+01	2.447338e-01	2.448197e-01	2.125702e+01	-9.761856e+00	-1.271529e-04	1.727193e-04
0.486         	4.896750e-01	1.149429e+01	4.635162e-05	-4.197877e-05	-1.503461e-04	1.550599e+01	2.447955e-01	2.448795e-01	2.125313e+01	-9.758846e+00	-1.271703e-04	1.735219e-04
0.487         	4.897761e-01	1.149338e+01	4.454068e-05	-3.868367e-05	-1.462112e-04	1.550239e+01	2.448494e-01	2.449268e-01	2.124908e+01	-9.755704e+00	-1.239409e-04	1.684816e-04
0.488         	4.898515e-01	1.149245e+01	4.372145e-05	-3.533027e-05	-1.453348e-04	1.549864e+01	2.448904e-01	2.449611e-01	2.124486e+01	-9.752419e+00	-1.234741e-04	1.671955e-04
0.489         	4.899107e-01	1.149142e+01	4.390483e-05	-3.988607e-05	-1.458359e-04	1.549469e+01	2.449155e-01	2.449952e-01	2.124039e+01	-9.748977e+00	-1.238835e-04	1.677884e-04
0.49          	4.899634e-01	1.149026e+01	4.568031e-05	-4.419594e-05	-1.486677e-04	1.549052e+01	2.449375e-01	2.450259e-01	2.123564e+01	-9.745389e+00	-1.258276e-04	1.715079e-04
0.491         	4.900088e-01	1.148899e+01	4.621151e-05	-4.866029e-05	-1.490723e-04	1.548618e+01	2.449557e-01	2.450531e-01	2.123068e+01	-9.741686e+00	-1.259665e-04	1.721780e-04
0.492         	4.900352e-01	1.148771e+01	4.626588e-05	-4.699072e-05	-1.479162e-04	1.548175e+01	2.449706e-01	2.450646e-01	2.122560e+01	-9.737892e+00	-1.247832e-04	1.710491e-04
0.493         	4.900387e-01	1.148645e+01	4.531173e-05	-4.718759e-05	-1.464743e-04	1.547720e+01	2.449721e-01	2.450665e-01	2.122043e+01	-9.733981e+00	-1.238185e-04	1.691302e-04
0.494         	4.900300e-01	1.148517e+01	4.709288e-05	-4.967066e-05	-1.456161e-04	1.547254e+01	2.449653e-01	2.450647e-01	2.121512e+01	-9.729951e+00	-1.220697e-04	1.691625e-04
0.495         	4.900059e-01	1.148390e+01	4.807936e-05	-5.220932e-05	-1.434213e-04	1.546778e+01	2.449508e-01	2.450552e-01	2.120973e+01	-9.725828e+00	-1.193816e-04	1.674610e-04
0.496         	4.899647e-01	1.148267e+01	4.925113e-05	-4.988424e-05	-1.432594e-04	1.546298e+01	2.449324e-01	2.450322e-01	2.120432e+01	-9.721645e+00	-1.186338e-04	1.678850e-04
0.497         	4.899187e-01	1.148147e+01	5.137608e-05	-5.682028e-05	-1.417185e-04	1.545814e+01	2.449025e-01	2.450162e-01	2.119887e+01	-9.717402e+00	-1.160305e-04	1.674066e-04
0.498         	4.898809e-01	1.148026e+01	5.416748e-05	-6.175957e-05	-1.418061e-04	1.545323e+01	2.448787e-01	2.450022e-01	2.119336e+01	-9.713101e+00	-1.147223e-04	1.688898e-04
0.499         	4.898583e-01	1.147904e+01	5.553060e-05	-6.647141e-05	-1.395326e-04	1.544828e+01	2.448627e-01	2.449956e-01	2.118780e+01	-9.708762e+00	-1.117673e-04	1.672979e-04
0.5           	4.898328e-01	1.147784e+01	5.823649e-05	-6.525240e-05	-1.383036e-04	1.544329e+01	2.448512e-01	2.449817e-01	2.118222e+01	-9.704374e+00	-1.091854e-04	1.674219e-04
0.501         	4.897809e-01	1.147671e+01	5.920788e-05	-6.246146e-05	-1.343508e-04	1.543824e+01	2.448280e-01	2.449529e-01	2.117660e+01	-9.699889e+00	-1.047469e-04	1.639548e-04
0.502         	4.896978e-01	1.147564e+01	5.920757e-05	-6.155962e-05	-1.310122e-04	1.543313e+01	2.447873e-01	2.449104e-01	2.117096e+01	-9.695313e+00	-1.014084e-04	1.606159e-04
0.503         	4.896059e-01	1.147462e+01	5.929151e-05	-6.663200e-05	-1.273224e-04	1.542803e+01	2.447363e-01	2.448696e-01	2.116534e+01	-9.690721e+00	-9.767665e-05	1.569682e-04
0.504         	4.895216e-01	1.147367e+01	6.230435e-05	-6.766680e-05	-1.264570e-04	1.542301e+01	2.446931e-01	2.448285e-01	2.115984e+01	-9.686178e+00	-9.530481e-05	1.576092e-04
0.505         	4.894486e-01	1.147281e+01	6.582251e-05	-6.779543e-05	-1.259047e-04	1.541808e+01	2.446565e-01	2.447921e-01	2.115449e+01	-9.681681e+00	-9.299340e-05	1.588159e-04
0.506         	4.893988e-01	1.147201e+01	7.193682e-05	-6.524429e-05	-1.281882e-04	1.541320e+01	2.446342e-01	2.447646e-01	2.114921e+01	-9.677201e+00	-9.221980e-05	1.641566e-04
0.507         	4.893671e-01	1.147124e+01	7.646786e-05	-6.515742e-05	-1.283206e-04	1.540832e+01	2.446184e-01	2.447487e-01	2.114394e+01	-9.672702e+00	-9.008663e-05	1.665545e-04
0.508         	4.893408e-01	1.147049e+01	8.042529e-05	-6.201666e-05	-1.276411e-04	1.540341e+01	2.446084e-01	2.447324e-01	2.113865e+01	-9.668162e+00	-8.742842e-05	1.678537e-04
0.509         	4.893107e-01	1.146974e+01	8.200822e-05	-6.121015e-05	-1.233501e-04	1.539845e+01	2.445941e-01	2.447166e-01	2.113332e+01	-9.663584e+00	-8.234603e-05	1.643542e-04
0.51          	4.892815e-01	1.146899e+01	8.474460e-05	-5.935466e-05	-1.223594e-04	1.539353e+01	2.445814e-01	2.447001e-01	2.112803e+01	-9.659039e+00	-7.998710e-05	1.647317e-04
0.511         	4.892753e-01	1.146827e+01	8.622488e-05	-6.084404e-05	-1.204917e-04	1.538875e+01	2.445768e-01	2.446985e-01	2.112289e+01	-9.654621e+00	-7.737928e-05	1.636042e-04
0.512         	4.893008e-01	1.146754e+01	8.913045e-05	-5.868969e-05	-1.211753e-04	1.538408e+01	2.445917e-01	2.447091e-01	2.111785e+01	-9.650304e+00	-7.661008e-05	1.657405e-04
0.513         	4.893564e-01	1.146677e+01	9.086599e-05	-5.799054e-05	-1.196383e-04	1.537940e+01	2.446202e-01	2.447362e-01	2.111278e+01	-9.646013e+00	-7.420525e-05	1.650712e-04
0.514         	4.894428e-01	1.146588e+01	9.443702e-05	-5.588159e-05	-1.202355e-04	1.537464e+01	2.446655e-01	2.447773e-01	2.110757e+01	-9.641698e+00	-7.301697e-05	1.674540e-04
0.515         	4.895604e-01	1.146490e+01	9.614403e-05	-5.664813e-05	-1.180872e-04	1.536990e+01	2.447236e-01	2.448369e-01	2.110236e+01	-9.637453e+00	-7.001514e-05	1.661592e-04
0.516         	4.896793e-01	1.146401e+01	9.754594e-05	-5.171320e-05	-1.166871e-04	1.536556e+01	2.447879e-01	2.448914e-01	2.109757e+01	-9.633557e+00	-6.791416e-05	1.654601e-04
0.517         	4.897723e-01	1.146325e+01	9.496410e-05	-4.982433e-05	-1.122056e-04	1.536168e+01	2.448363e-01	2.449360e-01	2.109331e+01	-9.630060e+00	-6.472357e-05	1.596877e-04
0.518         	4.898353e-01	1.146254e+01	9.422721e-05	-4.645182e-05	-1.118281e-04	1.535815e+01	2.448712e-01	2.449641e-01	2.108942e+01	-9.626882e+00	-6.471448e-05	1.589417e-04
0.519         	4.898847e-01	1.146185e+01	9.231634e-05	-4.745428e-05	-1.091082e-04	1.535485e+01	2.448949e-01	2.449898e-01	2.108578e+01	-9.623930e+00	-6.295006e-05	1.552664e-04
0.52          	4.899341e-01	1.146113e+01	9.327905e-05	-4.477667e-05	-1.080142e-04	1.535172e+01	2.449223e-01	2.450118e-01	2.108228e+01	-9.621152e+00	-6.137463e-05	1.546537e-04
0.521         	4.899899e-01	1.146033e+01	9.275172e-05	-4.673831e-05	-1.048170e-04	1.534864e+01	2.449482e-01	2.450417e-01	2.107880e+01	-9.618469e+00	-5.844113e-05	1.511929e-04
0.522         	4.900433e-01	1.145943e+01	9.267710e-05	-4.449531e-05	-1.036178e-04	1.534554e+01	2.449772e-01	2.450662e-01	2.107525e+01	-9.615824e+00	-5.727921e-05	1.499563e-04
0.523         	4.900830e-01	1.145849e+01	8.880201e-05	-4.515493e-05	-9.875910e-05	1.534256e+01	2.449964e-01	2.450867e-01	2.107180e+01	-9.613316e+00	-5.435809e-05	1.431601e-04
0.524         	4.900963e-01	1.145758e+01	8.546490e-05	-4.159265e-05	-9.593971e-05	1.533982e+01	2.450066e-01	2.450897e-01	2.106861e+01	-9.611029e+00	-5.320726e-05	1.386722e-04
0.525         	4.900819e-01	1.145670e+01	8.058196e-05	-4.075656e-05	-9.135938e-05	1.533729e+01	2.450002e-01	2.450817e-01	2.106564e+01	-9.608938e+00	-5.106840e-05	1.316504e-04
0.526         	4.900384e-01	1.145581e+01	7.836566e-05	-3.548699e-05	-8.917905e-05	1.533490e+01	2.449837e-01	2.450547e-01	2.106280e+01	-9.606992e+00	-4.999622e-05	1.283619e-04
0.527         	4.899667e-01	1.145491e+01	7.525563e-05	-3.344517e-05	-8.455051e-05	1.533263e+01	2.449499e-01	2.450168e-01	2.106008e+01	-9.605172e+00	-4.692269e-05	1.221783e-04
0.528         	4.898835e-01	1.145405e+01	7.473381e-05	-2.914235e-05	-8.265953e-05	1.533064e+01	2.449126e-01	2.449709e-01	2.105767e+01	-9.603620e+00	-4.529263e-05	1.200264e-04
0.529         	4.898153e-01	1.145329e+01	7.316046e-05	-3.054035e-05	-7.874714e-05	1.532920e+01	2.448771e-01	2.449382e-01	2.105585e+01	-9.602553e+00	-4.216691e-05	1.153274e-04
0.53          	4.897784e-01	1.145271e+01	7.327895e-05	-2.895451e-05	-7.723903e-05	1.532847e+01	2.448602e-01	2.449182e-01	2.105482e+01	-9.602113e+00	-4.059956e-05	1.138785e-04
0.531         	4.897604e-01	1.145227e+01	7.098940e-05	-2.986398e-05	-7.317629e-05	1.532834e+01	2.448503e-01	2.449101e-01	2.105447e+01	-9.602199e+00	-3.768159e-05	1.086710e-04
0.532         	4.897374e-01	1.145196e+01	7.001942e-05	-2.582493e-05	-7.129389e-05	1.532860e+01	2.448429e-01	2.448945e-01	2.105458e+01	-9.602621e+00	-3.628418e-05	1.063036e-04
0.533         	4.897015e-01	1.145171e+01	6.729941e-05	-2.621890e-05	-6.833678e-05	1.532912e+01	2.448245e-01	2.448770e-01	2.105497e+01	-9.603261e+00	-3.468708e-05	1.019865e-04
0.534         	4.896553e-01	1.145151e+01	6.640151e-05	-2.480896e-05	-6.807785e-05	1.532985e+01	2.448028e-01	2.448525e-01	2.105560e+01	-9.604089e+00	-3.487710e-05	1.012786e-04
0.535         	4.896094e-01	1.145140e+01	6.364456e-05	-2.645773e-05	-6.545153e-05	1.533086e+01	2.447782e-01	2.448312e-01	2.105656e+01	-9.605163e+00	-3.362925e-05	9.727381e-05
0.536         	4.895668e-01	1.145141e+01	6.271672e-05	-2.318739e-05	-6.358273e-05	1.533226e+01	2.447602e-01	2.448066e-01	2.105796e+01	-9.606549e+00	-3.222437e-05	9.494109e-05
0.537         	4.895277e-01	1.145159e+01	6.104965e-05	-2.163864e-05	-5.958279e-05	1.533408e+01	2.447422e-01	2.447855e-01	2.105987e+01	-9.608283e+00	-2.905797e-05	9.010762e-05
0.538         	4.894907e-01	1.145192e+01	6.108660e-05	-1.753450e-05	-5.815739e-05	1.533631e+01	2.447278e-01	2.447629e-01	2.106227e+01	-9.610350e+00	-2.761410e-05	8.870069e-05
0.539         	4.894528e-01	1.145241e+01	6.007265e-05	-1.738680e-05	-5.648039e-05	1.533893e+01	2.447090e-01	2.447438e-01	2.106513e+01	-9.612724e+00	-2.644407e-05	8.651672e-05
0.54          	4.894110e-01	1.145304e+01	6.089017e-05	-1.484735e-05	-5.802251e-05	1.534191e+01	2.446906e-01	2.447203e-01	2.106843e+01	-9.615391e+00	-2.757742e-05	8.846759e-05
0.541         	4.893672e-01	1.145382e+01	6.053207e-05	-1.411844e-05	-5.887298e-05	1.534529e+01	2.446695e-01	2.446977e-01	2.107220e+01	-9.618374e+00	-2.860695e-05	8.913902e-05
0.542         	4.893206e-01	1.145477e+01	6.134509e-05	-9.490167e-06	-6.178215e-05	1.534904e+01	2.446508e-01	2.446698e-01	2.107643e+01	-9.621656e+00	-3.110960e-05	9.245469e-05
0.543         	4.892720e-01	1.145588e+01	6.154981e-05	-6.366472e-06	-6.352876e-05	1.535318e+01	2.446297e-01	2.446424e-01	2.108112e+01	-9.625242e+00	-3.275385e-05	9.430366e-05
0.544         	4.892222e-01	1.145713e+01	6.339936e-05	-2.240197e-06	-6.615869e-05	1.535772e+01	2.446088e-01	2.446133e-01	2.108629e+01	-9.629153e+00	-3.445901e-05	9.785837e-05
0.545         	4.891825e-01	1.145853e+01	6.497650e-05	-1.321480e-06	-6.764430e-05	1.536268e+01	2.445899e-01	2.445926e-01	2.109194e+01	-9.633410e+00	-3.515605e-05	1.001326e-04
0.546         	4.891589e-01	1.146002e+01	6.737384e-05	8.889682e-07	-7.047697e-05	1.536798e+01	2.445803e-01	2.445786e-01	2.109799e+01	-9.637973e+00	-3.679005e-05	1.041639e-04
0.547         	4.891525e-01	1.146162e+01	6.820837e-05	-2.986433e-07	-7.243737e-05	1.537365e+01	2.445760e-01	2.445766e-01	2.110446e+01	-9.642842e+00	-3.833319e-05	1.065416e-04
0.548         	4.891604e-01	1.146334e+01	7.054423e-05	1.512286e-06	-7.702535e-05	1.537966e+01	2.445817e-01	2.445787e-01	2.111133e+01	-9.647987e+00	-4.175323e-05	1.122975e-04
0.549         	4.891834e-01	1.146518e+01	7.099358e-05	-5.895274e-08	-8.024770e-05	1.538599e+01	2.445916e-01	2.445918e-01	2.111858e+01	-9.653397e+00	-4.475091e-05	1.157445e-04
0.55          	4.892194e-01	1.146714e+01	7.233774e-05	3.773679e-07	-8.444507e-05	1.539258e+01	2.446101e-01	2.446093e-01	2.112615e+01	-9.659010e+00	-4.827620e-05	1.206139e-04
0.551         	4.892618e-01	1.146913e+01	7.256332e-05	-9.542287e-07	-8.746325e-05	1.539931e+01	2.446299e-01	2.446318e-01	2.113387e+01	-9.664745e+00	-5.118158e-05	1.237449e-04
0.552         	4.893128e-01	1.147115e+01	7.289075e-05	-1.179253e-06	-9.085841e-05	1.540617e+01	2.446552e-01	2.446576e-01	2.114175e+01	-9.670594e+00	-5.441304e-05	1.273038e-04
0.553         	4.893799e-01	1.147318e+01	7.280148e-05	-2.618875e-06	-9.347190e-05	1.541312e+01	2.446873e-01	2.446925e-01	2.114971e+01	-9.676535e+00	-5.707117e-05	1.298726e-04
0.554         	4.894554e-01	1.147517e+01	7.250111e-05	-3.165492e-06	-9.592037e-05	1.542007e+01	2.447246e-01	2.447309e-01	2.115766e+01	-9.682481e+00	-5.966982e-05	1.321709e-04
0.555         	4.895279e-01	1.147719e+01	7.106237e-05	-5.798250e-06	-9.772966e-05	1.542705e+01	2.447581e-01	2.447697e-01	2.116565e+01	-9.688454e+00	-6.219847e-05	1.332608e-04
0.556         	4.895870e-01	1.147918e+01	6.996274e-05	-6.909031e-06	-1.006873e-04	1.543400e+01	2.447866e-01	2.448004e-01	2.117359e+01	-9.694412e+00	-6.570590e-05	1.356686e-04
0.557         	4.896292e-01	1.148117e+01	6.739613e-05	-1.058350e-05	-1.026634e-04	1.544093e+01	2.448040e-01	2.448252e-01	2.118152e+01	-9.700348e+00	-6.896531e-05	1.363614e-04
0.558         	4.896576e-01	1.148316e+01	6.589033e-05	-1.320468e-05	-1.055792e-04	1.544780e+01	2.448156e-01	2.448420e-01	2.118939e+01	-9.706224e+00	-7.263404e-05	1.385244e-04
0.559         	4.896794e-01	1.148513e+01	6.365988e-05	-1.690026e-05	-1.078686e-04	1.545458e+01	2.448228e-01	2.448566e-01	2.119715e+01	-9.712016e+00	-7.603862e-05	1.396985e-04
0.56          	4.897015e-01	1.148711e+01	6.237731e-05	-1.877088e-05	-1.099034e-04	1.546126e+01	2.448320e-01	2.448695e-01	2.120482e+01	-9.717712e+00	-7.871478e-05	1.410921e-04
0.561         	4.897208e-01	1.148900e+01	5.989277e-05	-2.493522e-05	-1.111764e-04	1.546776e+01	2.448355e-01	2.448853e-01	2.121226e+01	-9.723259e+00	-8.123004e-05	1.411228e-04
0.562         	4.897305e-01	1.149081e+01	5.772148e-05	-3.087659e-05	-1.128051e-04	1.547403e+01	2.448344e-01	2.448961e-01	2.121943e+01	-9.728623e+00	-8.394435e-05	1.416658e-04
0.563         	4.897160e-01	1.149254e+01	5.881143e-05	-3.270625e-05	-1.167577e-04	1.548006e+01	2.448253e-01	2.448907e-01	2.122633e+01	-9.733791e+00	-8.735197e-05	1.461634e-04
0.564         	4.896749e-01	1.149422e+01	6.156863e-05	-2.983906e-05	-1.221224e-04	1.548586e+01	2.448076e-01	2.448673e-01	2.123296e+01	-9.738749e+00	-9.133814e-05	1.529068e-04
0.565         	4.896111e-01	1.149593e+01	6.311929e-05	-2.614956e-05	-1.268839e-04	1.549151e+01	2.447794e-01	2.448317e-01	2.123947e+01	-9.743545e+00	-9.532428e-05	1.584436e-04
0.566         	4.895330e-01	1.149761e+01	6.221074e-05	-2.592622e-05	-1.311298e-04	1.549697e+01	2.447406e-01	2.447924e-01	2.124578e+01	-9.748163e+00	-1.000245e-04	1.622352e-04
0.567         	4.894451e-01	1.149928e+01	6.028495e-05	-2.794236e-05	-1.336374e-04	1.550227e+01	2.446946e-01	2.447505e-01	2.125191e+01	-9.752623e+00	-1.034950e-04	1.637799e-04
0.568         	4.893493e-01	1.150092e+01	6.019835e-05	-2.959537e-05	-1.374302e-04	1.550737e+01	2.446451e-01	2.447043e-01	2.125783e+01	-9.756913e+00	-1.073310e-04	1.675294e-04
0.569         	4.892370e-01	1.150250e+01	5.934216e-05	-3.570597e-05	-1.406200e-04	1.551228e+01	2.445828e-01	2.446542e-01	2.126353e+01	-9.761032e+00	-1.109489e-04	1.702911e-04
0.57          	4.891082e-01	1.150403e+01	5.984824e-05	-3.898768e-05	-1.457188e-04	1.551702e+01	2.445151e-01	2.445931e-01	2.126904e+01	-9.765005e+00	-1.157947e-04	1.756429e-04
0.571         	4.889705e-01	1.150547e+01	6.136720e-05	-3.740786e-05	-1.502682e-04	1.552154e+01	2.444478e-01	2.445226e-01	2.127427e+01	-9.768800e+00	-1.195846e-04	1.809518e-04
0.572         	4.888268e-01	1.150690e+01	6.330072e-05	-3.158934e-05	-1.542923e-04	1.552594e+01	2.443818e-01	2.444450e-01	2.127940e+01	-9.772493e+00	-1.226419e-04	1.859426e-04
0.573         	4.886825e-01	1.150831e+01	6.436381e-05	-2.597536e-05	-1.585389e-04	1.553023e+01	2.443153e-01	2.443673e-01	2.128439e+01	-9.776077e+00	-1.263570e-04	1.907208e-04
0.574         	4.885342e-01	1.150970e+01	6.384731e-05	-2.420494e-05	-1.623332e-04	1.553441e+01	2.442429e-01	2.442913e-01	2.128926e+01	-9.779557e+00	-1.304096e-04	1.942569e-04
0.575         	4.883731e-01	1.151109e+01	6.143297e-05	-2.646533e-05	-1.652997e-04	1.553853e+01	2.441601e-01	2.442130e-01	2.129407e+01	-9.782985e+00	-1.345832e-04	1.960161e-04
0.576         	4.881883e-01	1.151246e+01	5.811294e-05	-3.091362e-05	-1.663308e-04	1.554261e+01	2.440632e-01	2.441251e-01	2.129884e+01	-9.786384e+00	-1.372744e-04	1.953873e-04
0.577         	4.879708e-01	1.151383e+01	5.472552e-05	-3.595018e-05	-1.664435e-04	1.554673e+01	2.439495e-01	2.440214e-01	2.130364e+01	-9.789814e+00	-1.390807e-04	1.938062e-04
0.578         	4.877242e-01	1.151518e+01	5.204191e-05	-3.960565e-05	-1.659987e-04	1.555087e+01	2.438225e-01	2.439017e-01	2.130846e+01	-9.793283e+00	-1.399777e-04	1.920196e-04
0.579         	4.874547e-01	1.151651e+01	5.032787e-05	-4.039167e-05	-1.657416e-04	1.555502e+01	2.436870e-01	2.437678e-01	2.131327e+01	-9.796765e+00	-1.405777e-04	1.909055e-04
0.58          	4.871639e-01	1.151781e+01	5.022997e-05	-3.958597e-05	-1.661168e-04	1.555914e+01	2.435424e-01	2.436215e-01	2.131804e+01	-9.800237e+00	-1.410018e-04	1.912318e-04
0.581         	4.868569e-01	1.151910e+01	5.045856e-05	-3.805611e-05	-1.668329e-04	1.556328e+01	2.433904e-01	2.434665e-01	2.132283e+01	-9.803733e+00	-1.416036e-04	1.920621e-04
0.582         	4.865373e-01	1.152038e+01	4.960698e-05	-3.529299e-05	-1.674441e-04	1.556747e+01	2.432334e-01	2.433040e-01	2.132766e+01	-9.807279e+00	-1.426406e-04	1.922475e-04
0.583         	4.862069e-01	1.152168e+01	4.737823e-05	-3.163249e-05	-1.666065e-04	1.557174e+01	2.430718e-01	2.431351e-01	2.133258e+01	-9.810900e+00	-1.429174e-04	1.902956e-04
0.584         	4.858679e-01	1.152298e+01	4.500209e-05	-3.013009e-05	-1.662086e-04	1.557605e+01	2.429038e-01	2.429641e-01	2.133754e+01	-9.814559e+00	-1.437075e-04	1.887096e-04
0.585         	4.855282e-01	1.152427e+01	4.292703e-05	-3.158291e-05	-1.652946e-04	1.558039e+01	2.427325e-01	2.427957e-01	2.134253e+01	-9.818257e+00	-1.438311e-04	1.867581e-04
0.586         	4.851912e-01	1.152552e+01	4.158599e-05	-3.595867e-05	-1.638491e-04	1.558472e+01	2.425596e-01	2.426316e-01	2.134749e+01	-9.821963e+00	-1.430561e-04	1.846421e-04
0.587         	4.848579e-01	1.152675e+01	4.069282e-05	-3.988632e-05	-1.619157e-04	1.558907e+01	2.423890e-01	2.424688e-01	2.135245e+01	-9.825697e+00	-1.415693e-04	1.822621e-04
0.588         	4.845349e-01	1.152792e+01	3.858820e-05	-4.071622e-05	-1.591159e-04	1.559337e+01	2.422267e-01	2.423082e-01	2.135733e+01	-9.829416e+00	-1.398218e-04	1.784100e-04
0.589         	4.842326e-01	1.152904e+01	3.633359e-05	-3.921334e-05	-1.572362e-04	1.559765e+01	2.420771e-01	2.421555e-01	2.136217e+01	-9.833125e+00	-1.390694e-04	1.754030e-04
0.59          	4.839472e-01	1.153011e+01	3.365836e-05	-3.788975e-05	-1.559422e-04	1.560182e+01	2.419357e-01	2.420115e-01	2.136687e+01	-9.836764e+00	-1.391130e-04	1.727713e-04
0.591         	4.836748e-01	1.153113e+01	3.269255e-05	-3.736590e-05	-1.553984e-04	1.560591e+01	2.418000e-01	2.418748e-01	2.137147e+01	-9.840346e+00	-1.390521e-04	1.717446e-04
0.592         	4.834133e-01	1.153209e+01	3.350233e-05	-3.845253e-05	-1.551717e-04	1.560989e+01	2.416682e-01	2.417451e-01	2.137594e+01	-9.843847e+00	-1.384206e-04	1.719229e-04
0.593         	4.831631e-01	1.153304e+01	3.416130e-05	-4.062357e-05	-1.549174e-04	1.561382e+01	2.415409e-01	2.416222e-01	2.138034e+01	-9.847301e+00	-1.378367e-04	1.719981e-04
0.594         	4.829267e-01	1.153396e+01	3.355983e-05	-4.217184e-05	-1.536445e-04	1.561767e+01	2.414212e-01	2.415055e-01	2.138465e+01	-9.850687e+00	-1.368645e-04	1.704244e-04
0.595         	4.827039e-01	1.153487e+01	3.259064e-05	-4.179488e-05	-1.522289e-04	1.562146e+01	2.413102e-01	2.413938e-01	2.138890e+01	-9.854029e+00	-1.359336e-04	1.685243e-04
0.596         	4.824877e-01	1.153577e+01	3.174354e-05	-3.987548e-05	-1.515554e-04	1.562521e+01	2.412040e-01	2.412837e-01	2.139310e+01	-9.857327e+00	-1.356837e-04	1.674272e-04
0.597         	4.822750e-01	1.153665e+01	3.124139e-05	-3.791768e-05	-1.512165e-04	1.562887e+01	2.410996e-01	2.411754e-01	2.139720e+01	-9.860550e+00	-1.355958e-04	1.668372e-04
0.598         	4.820663e-01	1.153748e+01	3.117538e-05	-3.683708e-05	-1.510443e-04	1.563239e+01	2.409963e-01	2.410700e-01	2.140113e+01	-9.863655e+00	-1.354566e-04	1.666319e-04
0.599         	4.818630e-01	1.153826e+01	3.058316e-05	-3.651308e-05	-1.508893e-04	1.563573e+01	2.408950e-01	2.409680e-01	2.140486e+01	-9.866600e+00	-1.355977e-04	1.661809e-04
0.6           	4.816680e-01	1.153902e+01	2.933515e-05	-3.646531e-05	-1.511621e-04	1.563894e+01	2.407975e-01	2.408705e-01	2.140845e+01	-9.869432e+00	-1.364945e-04	1.658297e-04
0.601         	4.814787e-01	1.153974e+01	2.742332e-05	-3.586159e-05	-1.515739e-04	1.564201e+01	2.407035e-01	2.407752e-01	2.141188e+01	-9.872135e+00	-1.378623e-04	1.652856e-04
0.602         	4.812897e-01	1.154041e+01	2.550181e-05	-3.454146e-05	-1.527395e-04	1.564488e+01	2.406103e-01	2.406794e-01	2.141508e+01	-9.874674e+00	-1.399886e-04	1.654904e-04
0.603         	4.810947e-01	1.154099e+01	2.355174e-05	-3.250254e-05	-1.538608e-04	1.564751e+01	2.405149e-01	2.405799e-01	2.141801e+01	-9.877015e+00	-1.420849e-04	1.656366e-04
0.604         	4.808990e-01	1.154147e+01	2.217684e-05	-3.053273e-05	-1.552837e-04	1.564987e+01	2.404189e-01	2.404800e-01	2.142061e+01	-9.879140e+00	-1.441952e-04	1.663721e-04
0.605         	4.807056e-01	1.154187e+01	2.124510e-05	-2.952549e-05	-1.565928e-04	1.565202e+01	2.403233e-01	2.403823e-01	2.142295e+01	-9.881084e+00	-1.459703e-04	1.672154e-04
0.606         	4.805215e-01	1.154218e+01	2.007217e-05	-2.955844e-05	-1.571169e-04	1.565393e+01	2.402312e-01	2.402903e-01	2.142502e+01	-9.882839e+00	-1.470808e-04	1.671530e-04
0.607         	4.803497e-01	1.154244e+01	1.844586e-05	-2.954454e-05	-1.581036e-04	1.565561e+01	2.401453e-01	2.402044e-01	2.142683e+01	-9.884390e+00	-1.488807e-04	1.673266e-04
0.608         	4.801845e-01	1.154260e+01	1.614274e-05	-2.925307e-05	-1.596886e-04	1.565695e+01	2.400630e-01	2.401215e-01	2.142825e+01	-9.885650e+00	-1.516172e-04	1.677600e-04
0.609         	4.800260e-01	1.154268e+01	1.336109e-05	-2.893503e-05	-1.616346e-04	1.565797e+01	2.399841e-01	2.400420e-01	2.142931e+01	-9.886630e+00	-1.549541e-04	1.683151e-04
0.61          	4.798739e-01	1.154269e+01	1.020634e-05	-2.940733e-05	-1.632849e-04	1.565869e+01	2.399075e-01	2.399663e-01	2.143003e+01	-9.887345e+00	-1.581817e-04	1.683880e-04
0.611         	4.797315e-01	1.154263e+01	7.108825e-06	-3.063851e-05	-1.647770e-04	1.565911e+01	2.398351e-01	2.398964e-01	2.143042e+01	-9.887798e+00	-1.612226e-04	1.683314e-04
0.612         	4.795975e-01	1.154249e+01	4.350801e-06	-3.109249e-05	-1.675296e-04	1.565922e+01	2.397677e-01	2.398299e-01	2.143047e+01	-9.887977e+00	-1.653542e-04	1.697050e-04
0.613         	4.794679e-01	1.154228e+01	2.023631e-06	-3.049881e-05	-1.707468e-04	1.565902e+01	2.397035e-01	2.397645e-01	2.143016e+01	-9.887882e+00	-1.697350e-04	1.717586e-04
0.614         	4.793477e-01	1.154200e+01	-1.492643e-06	-2.854515e-05	-1.737814e-04	1.565852e+01	2.396453e-01	2.397024e-01	2.142952e+01	-9.887520e+00	-1.745278e-04	1.730351e-04
0.615         	4.792427e-01	1.154165e+01	-5.414565e-06	-2.747918e-05	-1.763514e-04	1.565775e+01	2.395938e-01	2.396488e-01	2.142857e+01	-9.886919e+00	-1.790587e-04	1.736441e-04
0.616         	4.791556e-01	1.154128e+01	-9.077979e-06	-2.802944e-05	-1.778580e-04	1.565677e+01	2.395498e-01	2.396058e-01	2.142741e+01	-9.886131e+00	-1.823970e-04	1.733190e-04
0.617         	4.790844e-01	1.154087e+01	-1.248945e-05	-2.981133e-05	-1.789171e-04	1.565560e+01	2.395124e-01	2.395720e-01	2.142603e+01	-9.885165e+00	-1.851618e-04	1.726723e-04
0.618         	4.790259e-01	1.154042e+01	-1.596773e-05	-3.046411e-05	-1.809753e-04	1.565419e+01	2.394825e-01	2.395434e-01	2.142440e+01	-9.883980e+00	-1.889592e-04	1.729915e-04
0.619         	4.789797e-01	1.153993e+01	-1.931844e-05	-2.908539e-05	-1.837272e-04	1.565251e+01	2.394607e-01	2.395189e-01	2.142247e+01	-9.882543e+00	-1.933864e-04	1.740680e-04
0.62          	4.789429e-01	1.153941e+01	-2.158128e-05	-2.641302e-05	-1.876285e-04	1.565057e+01	2.394450e-01	2.394979e-01	2.142028e+01	-9.880866e+00	-1.984191e-04	1.768378e-04
0.621         	4.789116e-01	1.153885e+01	-2.331426e-05	-2.427529e-05	-1.909551e-04	1.564836e+01	2.394315e-01	2.394801e-01	2.141778e+01	-9.878932e+00	-2.026122e-04	1.792980e-04
0.622         	4.788853e-01	1.153824e+01	-2.469013e-05	-2.328318e-05	-1.931930e-04	1.564586e+01	2.394194e-01	2.394659e-01	2.141498e+01	-9.876738e+00	-2.055380e-04	1.808479e-04
0.623         	4.788607e-01	1.153758e+01	-2.551372e-05	-2.303435e-05	-1.948527e-04	1.564308e+01	2.394073e-01	2.394534e-01	2.141187e+01	-9.874288e+00	-2.076096e-04	1.820958e-04
0.624         	4.788340e-01	1.153683e+01	-2.606861e-05	-2.158064e-05	-1.971758e-04	1.563995e+01	2.393954e-01	2.394386e-01	2.140836e+01	-9.871529e+00	-2.102102e-04	1.841415e-04
0.625         	4.788022e-01	1.153599e+01	-2.632267e-05	-1.713438e-05	-2.006080e-04	1.563640e+01	2.393840e-01	2.394182e-01	2.140439e+01	-9.868402e+00	-2.137693e-04	1.874466e-04
0.626         	4.787655e-01	1.153508e+01	-2.616851e-05	-1.034038e-05	-2.047063e-04	1.563254e+01	2.393724e-01	2.393931e-01	2.140008e+01	-9.865000e+00	-2.177905e-04	1.916220e-04
0.627         	4.787285e-01	1.153414e+01	-2.424530e-05	-3.977270e-06	-2.084536e-04	1.562846e+01	2.393603e-01	2.393682e-01	2.139553e+01	-9.861392e+00	-2.205762e-04	1.963309e-04
0.628         	4.786906e-01	1.153317e+01	-2.050361e-05	9.963852e-07	-2.102163e-04	1.562417e+01	2.393463e-01	2.393443e-01	2.139075e+01	-9.857582e+00	-2.204681e-04	1.999645e-04
0.629         	4.786550e-01	1.153214e+01	-1.481479e-05	4.057493e-06	-2.103057e-04	1.561961e+01	2.393315e-01	2.393234e-01	2.138568e+01	-9.853540e+00	-2.177131e-04	2.028983e-04
0.63          	4.786178e-01	1.153102e+01	-7.280398e-06	5.322400e-06	-2.095057e-04	1.561467e+01	2.393142e-01	2.393036e-01	2.138018e+01	-9.849160e+00	-2.131459e-04	2.058655e-04
0.631         	4.785781e-01	1.152976e+01	1.355795e-06	6.723149e-06	-2.087551e-04	1.560926e+01	2.392958e-01	2.392823e-01	2.137415e+01	-9.844382e+00	-2.080773e-04	2.094330e-04
0.632         	4.785379e-01	1.152838e+01	8.446962e-06	1.214557e-05	-2.061833e-04	1.560342e+01	2.392811e-01	2.392568e-01	2.136761e+01	-9.839234e+00	-2.019598e-04	2.104068e-04
0.633         	4.785023e-01	1.152688e+01	1.326570e-05	2.182948e-05	-2.014696e-04	1.559723e+01	2.392730e-01	2.392293e-01	2.136067e+01	-9.833794e+00	-1.948367e-04	2.081024e-04
0.634         	4.784767e-01	1.152528e+01	1.687948e-05	3.262524e-05	-1.965024e-04	1.559078e+01	2.392710e-01	2.392057e-01	2.135342e+01	-9.828136e+00	-1.880627e-04	2.049421e-04
0.635         	4.784627e-01	1.152360e+01	2.072520e-05	4.429990e-05	-1.926915e-04	1.558410e+01	2.392757e-01	2.391871e-01	2.134590e+01	-9.822303e+00	-1.823289e-04	2.030541e-04
0.636         	4.784603e-01	1.152181e+01	2.672102e-05	5.417468e-05	-1.894352e-04	1.557719e+01	2.392843e-01	2.391760e-01	2.133809e+01	-9.816282e+00	-1.760747e-04	2.027957e-04
0.637         	4.784702e-01	1.151991e+01	3.684195e-05	6.030781e-05	-1.897908e-04	1.557002e+01	2.392954e-01	2.391748e-01	2.132998e+01	-9.810072e+00	-1.713698e-04	2.082118e-04
0.638         	4.784907e-01	1.151792e+01	4.965278e-05	6.440790e-05	-1.935157e-04	1.556272e+01	2.393098e-01	2.391810e-01	2.132168e+01	-9.803763e+00	-1.686893e-04	2.183421e-04
0.639         	4.785225e-01	1.151585e+01	6.145993e-05	7.094423e-05	-1.950279e-04	1.555529e+01	2.393322e-01	2.391903e-01	2.131322e+01	-9.797364e+00	-1.642979e-04	2.257579e-04
0.64          	4.785710e-01	1.151369e+01	7.069552e-05	8.258654e-05	-1.925591e-04	1.554769e+01	2.393681e-01	2.392029e-01	2.130454e+01	-9.790843e+00	-1.572114e-04	2.279069e-04
0.641         	4.786460e-01	1.151141e+01	7.630942e-05	1.002268e-04	-1.860227e-04	1.553987e+01	2.394232e-01	2.392228e-01	2.129557e+01	-9.784165e+00	-1.478680e-04	2.241774e-04
0.642         	4.787547e-01	1.150896e+01	7.857835e-05	1.217833e-04	-1.800472e-04	1.553183e+01	2.394991e-01	2.392556e-01	2.128631e+01	-9.777346e+00	-1.407580e-04	2.193363e-04
0.643         	4.789007e-01	1.150638e+01	8.000454e-05	1.425298e-04	-1.768618e-04	1.552364e+01	2.395929e-01	2.393078e-01	2.127683e+01	-9.770454e+00	-1.368596e-04	2.168641e-04
0.644         	4.790764e-01	1.150367e+01	8.503629e-05	1.572049e-04	-1.766916e-04	1.551533e+01	2.396954e-01	2.393810e-01	2.126717e+01	-9.763498e+00	-1.341735e-04	2.192098e-04
0.645         	4.792782e-01	1.150089e+01	9.366123e-05	1.651442e-04	-1.789423e-04	1.550704e+01	2.398043e-01	2.394740e-01	2.125748e+01	-9.756594e+00	-1.321117e-04	2.257729e-04
0.646         	4.795075e-01	1.149806e+01	1.023348e-04	1.715969e-04	-1.791670e-04	1.549879e+01	2.399253e-01	2.395821e-01	2.124782e+01	-9.749761e+00	-1.279996e-04	2.303344e-04
0.647         	4.797672e-01	1.149521e+01	1.091206e-04	1.798976e-04	-1.758443e-04	1.549066e+01	2.400635e-01	2.397037e-01	2.123827e+01	-9.743055e+00	-1.212840e-04	2.304047e-04
0.648         	4.800586e-01	1.149235e+01	1.110977e-04	1.914531e-04	-1.695031e-04	1.548264e+01	2.402208e-01	2.398379e-01	2.122882e+01	-9.736469e+00	-1.139542e-04	2.250519e-04
0.649         	4.803774e-01	1.148947e+01	1.093438e-04	2.022495e-04	-1.673649e-04	1.547469e+01	2.403910e-01	2.399865e-01	2.121943e+01	-9.729961e+00	-1.126930e-04	2.220368e-04
0.65          	4.807035e-01	1.148648e+01	1.069295e-04	2.097224e-04	-1.710470e-04	1.546650e+01	2.405615e-01	2.401420e-01	2.120975e+01	-9.723262e+00	-1.175823e-04	2.245118e-04
0.651         	4.810287e-01	1.148349e+01	1.061043e-04	2.137375e-04	-1.757895e-04	1.545830e+01	2.407281e-01	2.403006e-01	2.120004e+01	-9.716551e+00	-1.227374e-04	2.288416e-04
0.652         	4.813479e-01	1.148049e+01	1.069989e-04	2.145955e-04	-1.747372e-04	1.545003e+01	2.408885e-01	2.404593e-01	2.119028e+01	-9.709787e+00	-1.212378e-04	2.282367e-04
0.653         	4.816777e-01	1.147751e+01	1.094272e-04	2.139299e-04	-1.663185e-04	1.544178e+01	2.410528e-01	2.406249e-01	2.118053e+01	-9.703028e+00	-1.116049e-04	2.210320e-04
0.654         	4.820268e-01	1.147459e+01	1.117589e-04	2.112681e-04	-1.540240e-04	1.543373e+01	2.412246e-01	2.408021e-01	2.117103e+01	-9.696440e+00	-9.814451e-05	2.099034e-04
0.655         	4.823887e-01	1.147176e+01	1.116912e-04	2.088804e-04	-1.433522e-04	1.542594e+01	2.414032e-01	2.409855e-01	2.116182e+01	-9.690058e+00	-8.750657e-05	1.991978e-04
0.656         	4.827400e-01	1.146900e+01	1.102203e-04	2.049518e-04	-1.414881e-04	1.541827e+01	2.415750e-01	2.411651e-01	2.115277e+01	-9.683768e+00	-8.637797e-05	1.965983e-04
0.657         	4.830528e-01	1.146632e+01	1.081929e-04	1.973985e-04	-1.454580e-04	1.541063e+01	2.417238e-01	2.413290e-01	2.114379e+01	-9.677469e+00	-9.136159e-05	1.995545e-04
0.658         	4.833139e-01	1.146374e+01	1.053479e-04	1.876127e-04	-1.477754e-04	1.540309e+01	2.418445e-01	2.414693e-01	2.113496e+01	-9.671216e+00	-9.510149e-05	2.004494e-04
0.659         	4.835282e-01	1.146127e+01	1.013454e-04	1.781853e-04	-1.415406e-04	1.539566e+01	2.419423e-01	2.415859e-01	2.112630e+01	-9.665024e+00	-9.086789e-05	1.922133e-04
0.66          	4.837201e-01	1.145890e+01	1.008678e-04	1.660348e-04	-1.289623e-04	1.538838e+01	2.420261e-01	2.416940e-01	2.111783e+01	-9.658926e+00	-7.852842e-05	1.793962e-04
0.661         	4.839153e-01	1.145660e+01	1.040843e-04	1.521491e-04	-1.182278e-04	1.538130e+01	2.421098e-01	2.418055e-01	2.110960e+01	-9.652994e+00	-6.618562e-05	1.702699e-04
0.662         	4.841140e-01	1.145437e+01	1.098512e-04	1.354044e-04	-1.110407e-04	1.537444e+01	2.421924e-01	2.419216e-01	2.110163e+01	-9.647257e+00	-5.611508e-05	1.659663e-04
0.663         	4.843076e-01	1.145221e+01	1.130494e-04	1.199142e-04	-1.053897e-04	1.536778e+01	2.422737e-01	2.420339e-01	2.109388e+01	-9.641674e+00	-4.886503e-05	1.619145e-04
0.664         	4.845088e-01	1.145017e+01	1.082378e-04	1.101849e-04	-8.947480e-05	1.536141e+01	2.423646e-01	2.421442e-01	2.108649e+01	-9.636328e+00	-3.535591e-05	1.435937e-04
0.665         	4.847267e-01	1.144832e+01	9.678825e-05	1.057947e-04	-6.365209e-05	1.535555e+01	2.424691e-01	2.422576e-01	2.107971e+01	-9.631389e+00	-1.525796e-05	1.120462e-04
0.666         	4.849493e-01	1.144666e+01	8.448049e-05	1.019952e-04	-4.130941e-05	1.535015e+01	2.425767e-01	2.423727e-01	2.107348e+01	-9.626824e+00	9.308393e-07	8.354965e-05
0.667         	4.851458e-01	1.144510e+01	6.878414e-05	1.009772e-04	-2.849375e-05	1.534507e+01	2.426739e-01	2.424719e-01	2.106762e+01	-9.622523e+00	5.898319e-06	6.288582e-05
0.668         	4.852936e-01	1.144356e+01	5.697614e-05	9.329832e-05	-2.620739e-05	1.534011e+01	2.427401e-01	2.425535e-01	2.106189e+01	-9.618331e+00	2.280677e-06	5.469546e-05
0.669         	4.853867e-01	1.144204e+01	5.690873e-05	7.372315e-05	-3.179826e-05	1.533522e+01	2.427671e-01	2.426196e-01	2.105624e+01	-9.614201e+00	-3.343894e-06	6.025263e-05
0.67          	4.854385e-01	1.144061e+01	6.486085e-05	4.701780e-05	-4.062488e-05	1.533050e+01	2.427662e-01	2.426722e-01	2.105080e+01	-9.610195e+00	-8.194462e-06	7.305531e-05
0.671         	4.854705e-01	1.143935e+01	6.884130e-05	2.625916e-05	-4.479255e-05	1.532620e+01	2.427615e-01	2.427090e-01	2.104588e+01	-9.606524e+00	-1.037190e-05	7.921320e-05
0.672         	4.855033e-01	1.143836e+01	6.294652e-05	2.169172e-05	-3.868087e-05	1.532262e+01	2.427734e-01	2.427300e-01	2.104180e+01	-9.603442e+00	-7.207613e-06	7.015413e-05
0.673         	4.855285e-01	1.143758e+01	5.213959e-05	2.808399e-05	-2.404238e-05	1.531972e+01	2.427923e-01	2.427362e-01	2.103851e+01	-9.600932e+00	2.027410e-06	5.011218e-05
0.674         	4.855252e-01	1.143692e+01	4.104849e-05	3.239796e-05	-3.699784e-06	1.531726e+01	2.427950e-01	2.427302e-01	2.103572e+01	-9.598802e+00	1.682446e-05	2.422403e-05
0.675         	4.854826e-01	1.143629e+01	3.231759e-05	2.790282e-05	1.686618e-05	1.531492e+01	2.427692e-01	2.427134e-01	2.103306e+01	-9.596778e+00	3.302498e-05	-7.073853e-07
0.676         	4.854038e-01	1.143565e+01	3.025272e-05	1.448192e-05	2.336827e-05	1.531255e+01	2.427164e-01	2.426874e-01	2.103037e+01	-9.594724e+00	3.849463e-05	-8.241910e-06
0.677         	4.852991e-01	1.143503e+01	2.919607e-05	4.340835e-06	1.672210e-05	1.531017e+01	2.426539e-01	2.426452e-01	2.102769e+01	-9.592658e+00	3.132013e-05	-2.124060e-06
0.678         	4.851808e-01	1.143448e+01	2.356601e-05	5.204492e-06	6.953562e-06	1.530796e+01	2.425956e-01	2.425852e-01	2.102520e+01	-9.590722e+00	1.873657e-05	4.829444e-06
0.679         	4.850711e-01	1.143408e+01	2.817137e-05	5.084283e-06	4.568578e-06	1.530629e+01	2.425406e-01	2.425304e-01	2.102333e+01	-9.589249e+00	1.865426e-05	9.517105e-06
0.68          	4.849802e-01	1.143388e+01	3.299828e-05	6.628483e-06	1.222065e-05	1.530541e+01	2.424967e-01	2.424835e-01	2.102235e+01	-9.588470e+00	2.871979e-05	4.278493e-06
0.681         	4.848930e-01	1.143385e+01	3.499227e-05	8.816529e-06	2.235591e-05	1.530524e+01	2.424553e-01	2.424377e-01	2.102216e+01	-9.588318e+00	3.985205e-05	-4.859772e-06
0.682         	4.847735e-01	1.143390e+01	2.779862e-05	1.911295e-05	3.189504e-05	1.530547e+01	2.424059e-01	2.423676e-01	2.102242e+01	-9.588524e+00	4.579435e-05	-1.799573e-05
0.683         	4.846034e-01	1.143396e+01	1.418083e-05	3.771487e-05	3.551362e-05	1.530584e+01	2.423394e-01	2.422640e-01	2.102282e+01	-9.588859e+00	4.260404e-05	-2.842321e-05
0.684         	4.843932e-01	1.143400e+01	-2.836715e-06	5.830350e-05	3.505585e-05	1.530627e+01	2.422549e-01	2.421383e-01	2.102327e+01	-9.589274e+00	3.363749e-05	-3.647421e-05
0.685         	4.841806e-01	1.143403e+01	-7.936574e-06	6.698594e-05	3.459182e-05	1.530688e+01	2.421573e-01	2.420233e-01	2.102390e+01	-9.589869e+00	3.062353e-05	-3.856010e-05
0.686         	4.840019e-01	1.143411e+01	-3.759186e-07	6.392911e-05	3.438304e-05	1.530787e+01	2.420649e-01	2.419370e-01	2.102493e+01	-9.590816e+00	3.419508e-05	-3.457100e-05
0.687         	4.838764e-01	1.143431e+01	1.118349e-05	5.323268e-05	3.364899e-05	1.530940e+01	2.419914e-01	2.418850e-01	2.102655e+01	-9.592242e+00	3.924074e-05	-2.805725e-05
0.688         	4.837926e-01	1.143464e+01	2.065878e-05	3.900153e-05	3.014014e-05	1.531141e+01	2.419353e-01	2.418573e-01	2.102873e+01	-9.594092e+00	4.046953e-05	-1.981075e-05
0.689         	4.837300e-01	1.143504e+01	2.411718e-05	2.664075e-05	2.425421e-05	1.531374e+01	2.418917e-01	2.418384e-01	2.103126e+01	-9.596216e+00	3.631280e-05	-1.219562e-05
0.69          	4.836784e-01	1.143544e+01	1.575599e-05	2.475059e-05	1.973851e-05	1.531615e+01	2.418639e-01	2.418144e-01	2.103386e+01	-9.598427e+00	2.761651e-05	-1.186052e-05
0.691         	4.836451e-01	1.143578e+01	-3.792468e-06	3.121890e-05	2.297762e-05	1.531853e+01	2.418538e-01	2.417913e-01	2.103641e+01	-9.600637e+00	2.108138e-05	-2.487385e-05
0.692         	4.836583e-01	1.143607e+01	-2.259407e-05	3.825597e-05	3.138111e-05	1.532095e+01	2.418674e-01	2.417909e-01	2.103898e+01	-9.602911e+00	2.008408e-05	-4.267815e-05
0.693         	4.837291e-01	1.143638e+01	-3.220026e-05	3.735400e-05	4.064856e-05	1.532355e+01	2.419019e-01	2.418272e-01	2.104174e+01	-9.605364e+00	2.454842e-05	-5.674869e-05
0.694         	4.838565e-01	1.143676e+01	-3.077898e-05	2.182042e-05	4.176081e-05	1.532644e+01	2.419501e-01	2.419064e-01	2.104482e+01	-9.608061e+00	2.637132e-05	-5.715030e-05
0.695         	4.840262e-01	1.143718e+01	-2.664258e-05	-7.686560e-08	3.672541e-05	1.532954e+01	2.420130e-01	2.420132e-01	2.104813e+01	-9.610945e+00	2.340412e-05	-5.004670e-05
0.696         	4.842212e-01	1.143762e+01	-2.492678e-05	-2.068542e-05	3.022719e-05	1.533271e+01	2.420899e-01	2.421313e-01	2.105153e+01	-9.613903e+00	1.776380e-05	-4.269058e-05
0.697         	4.844276e-01	1.143803e+01	-2.736586e-05	-3.418367e-05	2.334872e-05	1.533586e+01	2.421796e-01	2.422480e-01	2.105487e+01	-9.616843e+00	9.665783e-06	-3.703165e-05
0.698         	4.846403e-01	1.143838e+01	-3.447314e-05	-3.755381e-05	1.446857e-05	1.533893e+01	2.422826e-01	2.423577e-01	2.105812e+01	-9.619738e+00	-2.767999e-06	-3.170514e-05
0.699         	4.848541e-01	1.143871e+01	-4.738575e-05	-3.295694e-05	4.053301e-06	1.534200e+01	2.423941e-01	2.424600e-01	2.106135e+01	-9.622643e+00	-1.963957e-05	-2.774618e-05
0.7           	4.850649e-01	1.143901e+01	-6.213913e-05	-2.620111e-05	-7.812577e-06	1.534514e+01	2.425063e-01	2.425587e-01	2.106464e+01	-9.625630e+00	-3.888214e-05	-2.325699e-05
0.701         	4.852751e-01	1.143930e+01	-7.301578e-05	-2.510471e-05	-1.927986e-05	1.534839e+01	2.426124e-01	2.426627e-01	2.106804e+01	-9.628740e+00	-5.578775e-05	-1.722803e-05
0.702         	4.854878e-01	1.143957e+01	-8.160274e-05	-3.317395e-05	-2.457663e-05	1.535174e+01	2.427107e-01	2.427771e-01	2.107153e+01	-9.631957e+00	-6.537800e-05	-1.622474e-05
0.703         	4.857070e-01	1.143982e+01	-9.016209e-05	-4.376942e-05	-2.739840e-05	1.535515e+01	2.428097e-01	2.428972e-01	2.107505e+01	-9.635239e+00	-7.247945e-05	-1.768264e-05
0.704         	4.859393e-01	1.144000e+01	-9.997918e-05	-5.518802e-05	-2.865322e-05	1.535853e+01	2.429145e-01	2.430248e-01	2.107853e+01	-9.638529e+00	-7.864281e-05	-2.133637e-05
0.705         	4.861879e-01	1.144008e+01	-1.085822e-04	-6.560727e-05	-2.989827e-05	1.536184e+01	2.430283e-01	2.431596e-01	2.108187e+01	-9.641798e+00	-8.418939e-05	-2.439285e-05
0.706         	4.864539e-01	1.144004e+01	-1.140658e-04	-7.582277e-05	-3.090686e-05	1.536505e+01	2.431511e-01	2.433028e-01	2.108508e+01	-9.645034e+00	-8.793976e-05	-2.612604e-05
0.707         	4.867396e-01	1.143990e+01	-1.119157e-04	-8.656760e-05	-3.495540e-05	1.536819e+01	2.432832e-01	2.434564e-01	2.108814e+01	-9.648244e+00	-9.091327e-05	-2.100248e-05
0.708         	4.870497e-01	1.143969e+01	-1.079742e-04	-9.591601e-05	-4.018341e-05	1.537127e+01	2.434290e-01	2.436208e-01	2.109112e+01	-9.651429e+00	-9.417053e-05	-1.380371e-05
0.709         	4.873897e-01	1.143942e+01	-1.065358e-04	-1.058672e-04	-3.998464e-05	1.537430e+01	2.435890e-01	2.438007e-01	2.109401e+01	-9.654591e+00	-9.325256e-05	-1.328327e-05
0.71          	4.877571e-01	1.143909e+01	-1.072446e-04	-1.188435e-04	-3.504999e-05	1.537726e+01	2.437597e-01	2.439974e-01	2.109680e+01	-9.657713e+00	-8.867230e-05	-1.857232e-05
0.711         	4.881341e-01	1.143868e+01	-1.052785e-04	-1.367863e-04	-2.946075e-05	1.538012e+01	2.439303e-01	2.442038e-01	2.109946e+01	-9.660783e+00	-8.209999e-05	-2.317849e-05
0.712         	4.885029e-01	1.143821e+01	-1.002707e-04	-1.558192e-04	-2.803519e-05	1.538290e+01	2.440957e-01	2.444073e-01	2.110201e+01	-9.663796e+00	-7.817055e-05	-2.210016e-05
0.713         	4.888549e-01	1.143770e+01	-9.438768e-05	-1.724363e-04	-2.780914e-05	1.538560e+01	2.442550e-01	2.445999e-01	2.110446e+01	-9.666752e+00	-7.500298e-05	-1.938470e-05
0.714         	4.892011e-01	1.143721e+01	-8.904972e-05	-1.872003e-04	-2.121071e-05	1.538828e+01	2.444134e-01	2.447878e-01	2.110689e+01	-9.669676e+00	-6.573557e-05	-2.331415e-05
0.715         	4.895489e-01	1.143677e+01	-8.342314e-05	-2.022356e-04	-1.061394e-05	1.539096e+01	2.445722e-01	2.449767e-01	2.110935e+01	-9.672578e+00	-5.232552e-05	-3.109763e-05
0.716         	4.898954e-01	1.143637e+01	-7.438299e-05	-2.188315e-04	-5.240086e-06	1.539361e+01	2.447288e-01	2.451665e-01	2.111180e+01	-9.675425e+00	-4.243158e-05	-3.195141e-05
0.717         	4.902273e-01	1.143598e+01	-6.173797e-05	-2.336630e-04	-7.409652e-06	1.539618e+01	2.448800e-01	2.453473e-01	2.111417e+01	-9.678188e+00	-3.827863e-05	-2.345933e-05
0.718         	4.905278e-01	1.143552e+01	-4.778329e-05	-2.441511e-04	-1.280623e-05	1.539860e+01	2.450197e-01	2.455080e-01	2.111636e+01	-9.680838e+00	-3.669787e-05	-1.108542e-05
0.719         	4.907952e-01	1.143497e+01	-3.501157e-05	-2.492802e-04	-1.444419e-05	1.540086e+01	2.451483e-01	2.456469e-01	2.111835e+01	-9.683379e+00	-3.194998e-05	-3.061596e-06
0.72          	4.910379e-01	1.143435e+01	-2.417008e-05	-2.494544e-04	-1.064375e-05	1.540303e+01	2.452695e-01	2.457684e-01	2.112021e+01	-9.685858e+00	-2.272879e-05	-1.441287e-06
0.721         	4.912609e-01	1.143369e+01	-1.414598e-05	-2.472573e-04	-7.450311e-06	1.540516e+01	2.453832e-01	2.458777e-01	2.112200e+01	-9.688314e+00	-1.452330e-05	3.773226e-07
0.722         	4.914627e-01	1.143299e+01	-3.732117e-06	-2.458305e-04	-1.100159e-05	1.540724e+01	2.454855e-01	2.459772e-01	2.112373e+01	-9.690743e+00	-1.286764e-05	9.135528e-06
0.723         	4.916356e-01	1.143226e+01	6.417995e-06	-2.467349e-04	-2.190269e-05	1.540923e+01	2.455711e-01	2.460645e-01	2.112536e+01	-9.693101e+00	-1.869369e-05	2.511169e-05
0.724         	4.917759e-01	1.143157e+01	1.728533e-05	-2.472598e-04	-3.955885e-05	1.541117e+01	2.456407e-01	2.461352e-01	2.112695e+01	-9.695387e+00	-3.091618e-05	4.820151e-05
0.725         	4.918813e-01	1.143093e+01	2.467346e-05	-2.437405e-04	-5.520521e-05	1.541306e+01	2.456969e-01	2.461844e-01	2.112853e+01	-9.697596e+00	-4.286848e-05	6.754194e-05
0.726         	4.919514e-01	1.143031e+01	2.793224e-05	-2.341728e-04	-6.272877e-05	1.541489e+01	2.457415e-01	2.462099e-01	2.113005e+01	-9.699738e+00	-4.876264e-05	7.669489e-05
0.727         	4.919914e-01	1.142968e+01	3.030417e-05	-2.203990e-04	-6.478568e-05	1.541664e+01	2.457753e-01	2.462161e-01	2.113148e+01	-9.701806e+00	-4.963360e-05	7.993777e-05
0.728         	4.920082e-01	1.142900e+01	3.043934e-05	-2.034307e-04	-6.332071e-05	1.541829e+01	2.458007e-01	2.462075e-01	2.113279e+01	-9.703784e+00	-4.810103e-05	7.854038e-05
0.729         	4.920061e-01	1.142830e+01	2.878812e-05	-1.855870e-04	-6.313251e-05	1.541980e+01	2.458175e-01	2.461886e-01	2.113395e+01	-9.705651e+00	-4.873845e-05	7.752657e-05
0.73          	4.919859e-01	1.142759e+01	2.461420e-05	-1.690002e-04	-6.403886e-05	1.542119e+01	2.458240e-01	2.461620e-01	2.113498e+01	-9.707396e+00	-5.173176e-05	7.634596e-05
0.731         	4.919485e-01	1.142688e+01	1.902680e-05	-1.521181e-04	-6.798575e-05	1.542248e+01	2.458222e-01	2.461264e-01	2.113592e+01	-9.709043e+00	-5.847235e-05	7.749915e-05
0.732         	4.919026e-01	1.142620e+01	1.160462e-05	-1.332558e-04	-7.191940e-05	1.542372e+01	2.458180e-01	2.460846e-01	2.113682e+01	-9.710620e+00	-6.611709e-05	7.772171e-05
0.733         	4.918502e-01	1.142554e+01	2.723729e-06	-1.116592e-04	-7.323846e-05	1.542489e+01	2.458134e-01	2.460367e-01	2.113766e+01	-9.712119e+00	-7.187660e-05	7.460033e-05
0.734         	4.917928e-01	1.142489e+01	-4.976174e-06	-8.872680e-05	-6.815682e-05	1.542598e+01	2.458077e-01	2.459851e-01	2.113843e+01	-9.713539e+00	-7.064491e-05	6.566873e-05
0.735         	4.917304e-01	1.142427e+01	-9.019054e-06	-6.764673e-05	-6.046552e-05	1.542701e+01	2.457975e-01	2.459328e-01	2.113914e+01	-9.714877e+00	-6.497505e-05	5.595599e-05
0.736         	4.916543e-01	1.142364e+01	-5.182207e-06	-5.438071e-05	-5.710959e-05	1.542791e+01	2.457728e-01	2.458815e-01	2.113973e+01	-9.716094e+00	-5.970070e-05	5.451849e-05
0.737         	4.915689e-01	1.142300e+01	6.083724e-06	-4.701249e-05	-6.288319e-05	1.542869e+01	2.457374e-01	2.458315e-01	2.114020e+01	-9.717193e+00	-5.984133e-05	6.592505e-05
0.738         	4.914825e-01	1.142238e+01	1.881971e-05	-4.033722e-05	-7.357982e-05	1.542939e+01	2.457009e-01	2.457816e-01	2.114058e+01	-9.718204e+00	-6.416996e-05	8.298967e-05
0.739         	4.913998e-01	1.142176e+01	2.988444e-05	-3.237527e-05	-8.563800e-05	1.543003e+01	2.456675e-01	2.457323e-01	2.114091e+01	-9.719150e+00	-7.069578e-05	1.005802e-04
0.74          	4.913291e-01	1.142115e+01	3.697795e-05	-2.292767e-05	-9.249273e-05	1.543062e+01	2.456416e-01	2.456875e-01	2.114120e+01	-9.720048e+00	-7.400375e-05	1.109817e-04
0.741         	4.912663e-01	1.142057e+01	3.836563e-05	-1.588333e-05	-8.941594e-05	1.543119e+01	2.456172e-01	2.456490e-01	2.114148e+01	-9.720905e+00	-7.023313e-05	1.085988e-04
0.742         	4.912010e-01	1.142004e+01	3.491923e-05	-1.083474e-05	-7.624041e-05	1.543170e+01	2.455897e-01	2.456113e-01	2.114172e+01	-9.721684e+00	-5.878080e-05	9.370003e-05
0.743         	4.911229e-01	1.141957e+01	3.027717e-05	-1.038977e-05	-6.243423e-05	1.543216e+01	2.455511e-01	2.455718e-01	2.114194e+01	-9.722373e+00	-4.729564e-05	7.757282e-05
0.744         	4.910380e-01	1.141916e+01	2.608842e-05	-1.645772e-05	-5.473861e-05	1.543254e+01	2.455025e-01	2.455354e-01	2.114212e+01	-9.722957e+00	-4.169441e-05	6.778282e-05
0.745         	4.909552e-01	1.141882e+01	2.279353e-05	-2.474911e-05	-5.416650e-05	1.543288e+01	2.454528e-01	2.455023e-01	2.114229e+01	-9.723473e+00	-4.276974e-05	6.556326e-05
0.746         	4.908734e-01	1.141857e+01	1.886356e-05	-3.350531e-05	-5.817813e-05	1.543326e+01	2.454032e-01	2.454702e-01	2.114255e+01	-9.723979e+00	-4.874635e-05	6.760991e-05
0.747         	4.907861e-01	1.141839e+01	1.179406e-05	-3.824790e-05	-6.037178e-05	1.543366e+01	2.453548e-01	2.454313e-01	2.114285e+01	-9.724469e+00	-5.447475e-05	6.626881e-05
0.748         	4.906930e-01	1.141830e+01	1.111574e-06	-4.035043e-05	-5.615756e-05	1.543407e+01	2.453062e-01	2.453869e-01	2.114322e+01	-9.724926e+00	-5.560177e-05	5.671334e-05
0.749         	4.905875e-01	1.141825e+01	-1.126609e-05	-4.532109e-05	-4.819369e-05	1.543444e+01	2.452484e-01	2.453391e-01	2.114357e+01	-9.725313e+00	-5.382673e-05	4.256064e-05
0.75          	4.904754e-01	1.141825e+01	-2.253723e-05	-5.449489e-05	-4.255885e-05	1.543476e+01	2.451832e-01	2.452922e-01	2.114388e+01	-9.725630e+00	-5.382747e-05	3.129023e-05
0.751         	4.903616e-01	1.141831e+01	-3.248548e-05	-6.578686e-05	-4.257691e-05	1.543505e+01	2.451150e-01	2.452466e-01	2.114421e+01	-9.725896e+00	-5.881965e-05	2.633417e-05
0.752         	4.902412e-01	1.141844e+01	-4.449631e-05	-7.275290e-05	-4.302968e-05	1.543533e+01	2.450478e-01	2.451933e-01	2.114455e+01	-9.726116e+00	-6.527783e-05	2.078153e-05
0.753         	4.901116e-01	1.141865e+01	-6.033327e-05	-7.323011e-05	-4.229076e-05	1.543565e+01	2.449826e-01	2.451291e-01	2.114497e+01	-9.726326e+00	-7.245740e-05	1.212413e-05
0.754         	4.899812e-01	1.141891e+01	-7.776350e-05	-7.297931e-05	-4.112174e-05	1.543599e+01	2.449176e-01	2.450636e-01	2.114544e+01	-9.726528e+00	-8.000349e-05	2.239989e-06
0.755         	4.898593e-01	1.141923e+01	-9.477063e-05	-7.356194e-05	-3.905575e-05	1.543632e+01	2.448561e-01	2.450032e-01	2.114593e+01	-9.726705e+00	-8.644107e-05	-8.329562e-06
0.756         	4.897509e-01	1.141957e+01	-1.118082e-04	-7.423645e-05	-3.421617e-05	1.543662e+01	2.448012e-01	2.449497e-01	2.114641e+01	-9.726838e+00	-9.012027e-05	-2.168792e-05
0.757         	4.896550e-01	1.141992e+01	-1.298426e-04	-7.186762e-05	-2.508620e-05	1.543687e+01	2.447556e-01	2.448994e-01	2.114683e+01	-9.726910e+00	-9.000749e-05	-3.983509e-05
0.758         	4.895688e-01	1.142027e+01	-1.458093e-04	-6.713922e-05	-1.764284e-05	1.543706e+01	2.447173e-01	2.448516e-01	2.114719e+01	-9.726923e+00	-9.054749e-05	-5.526181e-05
0.759         	4.894960e-01	1.142059e+01	-1.581244e-04	-6.134628e-05	-1.547480e-05	1.543717e+01	2.446866e-01	2.448093e-01	2.114746e+01	-9.726872e+00	-9.453700e-05	-6.358741e-05
0.76          	4.894365e-01	1.142091e+01	-1.663181e-04	-5.735120e-05	-2.069798e-05	1.543722e+01	2.446609e-01	2.447756e-01	2.114767e+01	-9.726761e+00	-1.038570e-04	-6.246105e-05
0.761         	4.893972e-01	1.142122e+01	-1.727425e-04	-5.428599e-05	-2.910330e-05	1.543720e+01	2.446443e-01	2.447529e-01	2.114781e+01	-9.726583e+00	-1.154746e-04	-5.726797e-05
0.762         	4.893784e-01	1.142155e+01	-1.774693e-04	-5.101562e-05	-3.842208e-05	1.543712e+01	2.446382e-01	2.447402e-01	2.114790e+01	-9.726347e+00	-1.271567e-04	-5.031259e-05
0.763         	4.893702e-01	1.142190e+01	-1.799924e-04	-4.846348e-05	-4.595517e-05	1.543700e+01	2.446366e-01	2.447336e-01	2.114795e+01	-9.726045e+00	-1.359514e-04	-4.404104e-05
0.764         	4.893642e-01	1.142230e+01	-1.826675e-04	-4.389304e-05	-4.704137e-05	1.543682e+01	2.446382e-01	2.447260e-01	2.114797e+01	-9.725668e+00	-1.383751e-04	-4.429237e-05
0.765         	4.893640e-01	1.142274e+01	-1.828464e-04	-3.623732e-05	-5.156594e-05	1.543659e+01	2.446458e-01	2.447182e-01	2.114796e+01	-9.725221e+00	-1.429891e-04	-3.985725e-05
0.766         	4.893702e-01	1.142322e+01	-1.814434e-04	-2.396314e-05	-6.084741e-05	1.543632e+01	2.446611e-01	2.447091e-01	2.114793e+01	-9.724711e+00	-1.515691e-04	-2.987431e-05
0.767         	4.893880e-01	1.142373e+01	-1.782755e-04	-8.560212e-06	-7.597357e-05	1.543605e+01	2.446854e-01	2.447025e-01	2.114791e+01	-9.724180e+00	-1.651113e-04	-1.316420e-05
0.768         	4.894205e-01	1.142423e+01	-1.707542e-04	4.195916e-06	-9.609186e-05	1.543574e+01	2.447144e-01	2.447060e-01	2.114786e+01	-9.723624e+00	-1.814689e-04	1.071477e-05
0.769         	4.894627e-01	1.142471e+01	-1.593188e-04	1.312785e-05	-1.183336e-04	1.543537e+01	2.447445e-01	2.447182e-01	2.114772e+01	-9.723017e+00	-1.979930e-04	3.867416e-05
0.77          	4.895071e-01	1.142516e+01	-1.455184e-04	1.968666e-05	-1.385486e-04	1.543496e+01	2.447732e-01	2.447339e-01	2.114754e+01	-9.722378e+00	-2.113078e-04	6.578937e-05
0.771         	4.895449e-01	1.142563e+01	-1.344553e-04	3.215001e-05	-1.500883e-04	1.543453e+01	2.448046e-01	2.447403e-01	2.114734e+01	-9.721719e+00	-2.173160e-04	8.286070e-05
0.772         	4.895744e-01	1.142609e+01	-1.273136e-04	5.443601e-05	-1.584229e-04	1.543409e+01	2.448416e-01	2.447328e-01	2.114713e+01	-9.721040e+00	-2.220797e-04	9.476612e-05
0.773         	4.896008e-01	1.142654e+01	-1.231067e-04	8.243608e-05	-1.672361e-04	1.543363e+01	2.448828e-01	2.447179e-01	2.114690e+01	-9.720362e+00	-2.287895e-04	1.056827e-04
0.774         	4.896312e-01	1.142696e+01	-1.160074e-04	1.071600e-04	-1.842009e-04	1.543319e+01	2.449228e-01	2.447085e-01	2.114667e+01	-9.719708e+00	-2.422046e-04	1.261972e-04
0.775         	4.896652e-01	1.142736e+01	-1.060628e-04	1.269552e-04	-2.050020e-04	1.543280e+01	2.449596e-01	2.447057e-01	2.114648e+01	-9.719116e+00	-2.580334e-04	1.519706e-04
0.776         	4.896939e-01	1.142775e+01	-9.653909e-05	1.455903e-04	-2.220632e-04	1.543249e+01	2.449926e-01	2.447014e-01	2.114637e+01	-9.718622e+00	-2.703327e-04	1.737936e-04
0.777         	4.897188e-01	1.142814e+01	-8.953587e-05	1.643688e-04	-2.319275e-04	1.543230e+01	2.450238e-01	2.446950e-01	2.114637e+01	-9.718230e+00	-2.766954e-04	1.871595e-04
0.778         	4.897441e-01	1.142851e+01	-8.522096e-05	1.836746e-04	-2.392721e-04	1.543219e+01	2.450557e-01	2.446884e-01	2.114644e+01	-9.717931e+00	-2.818826e-04	1.966616e-04
0.779         	4.897658e-01	1.142889e+01	-8.193060e-05	2.025110e-04	-2.493159e-04	1.543216e+01	2.450854e-01	2.446804e-01	2.114661e+01	-9.717718e+00	-2.902812e-04	2.083506e-04
0.78          	4.897790e-01	1.142929e+01	-7.731722e-05	2.180205e-04	-2.642874e-04	1.543224e+01	2.451075e-01	2.446715e-01	2.114689e+01	-9.717598e+00	-3.029460e-04	2.256288e-04
0.781         	4.897741e-01	1.142972e+01	-7.150734e-05	2.292164e-04	-2.806281e-04	1.543242e+01	2.451163e-01	2.446578e-01	2.114728e+01	-9.717559e+00	-3.163818e-04	2.448745e-04
0.782         	4.897484e-01	1.143020e+01	-6.626209e-05	2.362817e-04	-2.904448e-04	1.543265e+01	2.451105e-01	2.446379e-01	2.114775e+01	-9.717557e+00	-3.235758e-04	2.573138e-04
0.783         	4.896990e-01	1.143074e+01	-6.665265e-05	2.432710e-04	-2.937503e-04	1.543293e+01	2.450928e-01	2.446063e-01	2.114830e+01	-9.717564e+00	-3.270766e-04	2.604240e-04
0.784         	4.896171e-01	1.143133e+01	-7.326609e-05	2.530469e-04	-2.976001e-04	1.543325e+01	2.450616e-01	2.445555e-01	2.114891e+01	-9.717583e+00	-3.342332e-04	2.609671e-04
0.785         	4.894935e-01	1.143193e+01	-8.189926e-05	2.617961e-04	-3.054721e-04	1.543359e+01	2.450085e-01	2.444849e-01	2.114955e+01	-9.717620e+00	-3.464217e-04	2.645224e-04
0.786         	4.893271e-01	1.143255e+01	-8.906508e-05	2.649058e-04	-3.148098e-04	1.543395e+01	2.449285e-01	2.443986e-01	2.115023e+01	-9.717677e+00	-3.593423e-04	2.702772e-04
0.787         	4.891172e-01	1.143318e+01	-9.456527e-05	2.645104e-04	-3.217451e-04	1.543433e+01	2.448231e-01	2.442941e-01	2.115092e+01	-9.717736e+00	-3.690277e-04	2.744625e-04
0.788         	4.888673e-01	1.143386e+01	-9.837101e-05	2.619828e-04	-3.256347e-04	1.543479e+01	2.446957e-01	2.441717e-01	2.115172e+01	-9.717853e+00	-3.748202e-04	2.764492e-04
0.789         	4.885775e-01	1.143463e+01	-1.005992e-04	2.588733e-04	-3.279795e-04	1.543541e+01	2.445476e-01	2.440299e-01	2.115272e+01	-9.718097e+00	-3.782791e-04	2.776799e-04
0.79          	4.882524e-01	1.143550e+01	-1.024137e-04	2.564923e-04	-3.332662e-04	1.543625e+01	2.443827e-01	2.438697e-01	2.115400e+01	-9.718502e+00	-3.844730e-04	2.820593e-04
0.791         	4.878925e-01	1.143645e+01	-1.041858e-04	2.557585e-04	-3.428560e-04	1.543727e+01	2.442020e-01	2.436905e-01	2.115549e+01	-9.719041e+00	-3.949489e-04	2.907631e-04
0.792         	4.875028e-01	1.143748e+01	-1.046209e-04	2.531517e-04	-3.544187e-04	1.543841e+01	2.440046e-01	2.434983e-01	2.115715e+01	-9.719676e+00	-4.067291e-04	3.021082e-04
0.793         	4.870923e-01	1.143852e+01	-1.056725e-04	2.498963e-04	-3.636518e-04	1.543959e+01	2.437960e-01	2.432962e-01	2.115885e+01	-9.720324e+00	-4.164881e-04	3.108156e-04
0.794         	4.866650e-01	1.143957e+01	-1.067665e-04	2.469263e-04	-3.671247e-04	1.544073e+01	2.435794e-01	2.430856e-01	2.116052e+01	-9.720942e+00	-4.205080e-04	3.137414e-04
0.795         	4.862258e-01	1.144061e+01	-1.084674e-04	2.483793e-04	-3.693558e-04	1.544182e+01	2.433613e-01	2.428645e-01	2.116212e+01	-9.721512e+00	-4.235895e-04	3.151221e-04
0.796         	4.857759e-01	1.144165e+01	-1.071279e-04	2.514106e-04	-3.720388e-04	1.544289e+01	2.431394e-01	2.426365e-01	2.116372e+01	-9.722067e+00	-4.256028e-04	3.184749e-04
0.797         	4.853098e-01	1.144271e+01	-1.028471e-04	2.546615e-04	-3.754950e-04	1.544399e+01	2.429095e-01	2.424002e-01	2.116535e+01	-9.722635e+00	-4.269185e-04	3.240715e-04
0.798         	4.848237e-01	1.144378e+01	-9.416784e-05	2.534254e-04	-3.814244e-04	1.544511e+01	2.426653e-01	2.421584e-01	2.116700e+01	-9.723224e+00	-4.285083e-04	3.343405e-04
0.799         	4.843181e-01	1.144481e+01	-8.486928e-05	2.506686e-04	-3.878774e-04	1.544622e+01	2.424097e-01	2.419084e-01	2.116863e+01	-9.723819e+00	-4.303120e-04	3.454427e-04
0.8           	4.837978e-01	1.144579e+01	-7.647657e-05	2.463782e-04	-3.955015e-04	1.544732e+01	2.421453e-01	2.416525e-01	2.117022e+01	-9.724424e+00	-4.337398e-04	3.572632e-04
0.801         	4.832713e-01	1.144671e+01	-6.949318e-05	2.419813e-04	-4.030014e-04	1.544840e+01	2.418776e-01	2.413937e-01	2.117175e+01	-9.725043e+00	-4.377480e-04	3.682548e-04
0.802         	4.827568e-01	1.144754e+01	-6.326746e-05	2.375506e-04	-4.108054e-04	1.544945e+01	2.416160e-01	2.411409e-01	2.117322e+01	-9.725686e+00	-4.424391e-04	3.791717e-04
0.803         	4.822618e-01	1.144829e+01	-5.739069e-05	2.330154e-04	-4.206541e-04	1.545050e+01	2.413639e-01	2.408979e-01	2.117465e+01	-9.726358e+00	-4.493494e-04	3.919587e-04
0.804         	4.817819e-01	1.144898e+01	-5.213464e-05	2.295914e-04	-4.316586e-04	1.545156e+01	2.411205e-01	2.406614e-01	2.117605e+01	-9.727073e+00	-4.577259e-04	4.055913e-04
0.805         	4.813112e-01	1.144961e+01	-4.786370e-05	2.300955e-04	-4.459059e-04	1.545268e+01	2.408857e-01	2.404255e-01	2.117748e+01	-9.727872e+00	-4.698377e-04	4.219740e-04
0.806         	4.808468e-01	1.145020e+01	-4.457764e-05	2.334980e-04	-4.605990e-04	1.545388e+01	2.406569e-01	2.401899e-01	2.117897e+01	-9.728778e+00	-4.828878e-04	4.383102e-04
0.807         	4.803980e-01	1.145073e+01	-4.419959e-05	2.380323e-04	-4.716522e-04	1.545514e+01	2.404370e-01	2.399610e-01	2.118051e+01	-9.729777e+00	-4.937520e-04	4.495524e-04
0.808         	4.799750e-01	1.145121e+01	-4.567715e-05	2.429933e-04	-4.826226e-04	1.545646e+01	2.402305e-01	2.397445e-01	2.118207e+01	-9.730856e+00	-5.054612e-04	4.597840e-04
0.809         	4.795796e-01	1.145163e+01	-5.011201e-05	2.491605e-04	-4.949789e-04	1.545779e+01	2.400390e-01	2.395407e-01	2.118360e+01	-9.731976e+00	-5.200349e-04	4.699229e-04
0.81          	4.792070e-01	1.145199e+01	-5.722023e-05	2.565989e-04	-5.093414e-04	1.545911e+01	2.398601e-01	2.393469e-01	2.118511e+01	-9.733115e+00	-5.379515e-04	4.807313e-04
0.811         	4.788476e-01	1.145233e+01	-6.534788e-05	2.646742e-04	-5.282930e-04	1.546044e+01	2.396885e-01	2.391591e-01	2.118660e+01	-9.734272e+00	-5.609669e-04	4.956190e-04
0.812         	4.784971e-01	1.145265e+01	-7.157741e-05	2.711173e-04	-5.516649e-04	1.546177e+01	2.395197e-01	2.389774e-01	2.118809e+01	-9.735439e+00	-5.874536e-04	5.158762e-04
0.813         	4.781504e-01	1.145297e+01	-7.556427e-05	2.762981e-04	-5.779770e-04	1.546307e+01	2.393515e-01	2.387989e-01	2.118956e+01	-9.736590e+00	-6.157591e-04	5.401948e-04
0.814         	4.778058e-01	1.145326e+01	-7.945122e-05	2.822312e-04	-6.037312e-04	1.546434e+01	2.391851e-01	2.386207e-01	2.119097e+01	-9.737705e+00	-6.434568e-04	5.640056e-04
0.815         	4.774712e-01	1.145354e+01	-8.365772e-05	2.908433e-04	-6.267849e-04	1.546556e+01	2.390265e-01	2.384448e-01	2.119234e+01	-9.738792e+00	-6.686138e-04	5.849561e-04
0.816         	4.771561e-01	1.145382e+01	-8.631991e-05	3.032751e-04	-6.457639e-04	1.546679e+01	2.388813e-01	2.382748e-01	2.119370e+01	-9.739880e+00	-6.889238e-04	6.026039e-04
0.817         	4.768673e-01	1.145409e+01	-8.807291e-05	3.171966e-04	-6.622051e-04	1.546803e+01	2.387508e-01	2.381164e-01	2.119508e+01	-9.740985e+00	-7.062415e-04	6.181686e-04
0.818         	4.766059e-01	1.145434e+01	-9.253968e-05	3.332307e-04	-6.749858e-04	1.546927e+01	2.386362e-01	2.379697e-01	2.119644e+01	-9.742100e+00	-7.212556e-04	6.287159e-04
0.819         	4.763774e-01	1.145450e+01	-1.003727e-04	3.492862e-04	-6.831887e-04	1.547044e+01	2.385380e-01	2.378394e-01	2.119769e+01	-9.743186e+00	-7.333750e-04	6.330023e-04
0.82          	4.761813e-01	1.145459e+01	-1.063022e-04	3.626481e-04	-6.909638e-04	1.547153e+01	2.384533e-01	2.377280e-01	2.119882e+01	-9.744234e+00	-7.441149e-04	6.378127e-04
0.821         	4.760045e-01	1.145460e+01	-1.074838e-04	3.733665e-04	-7.010710e-04	1.547254e+01	2.383756e-01	2.376289e-01	2.119984e+01	-9.745241e+00	-7.548129e-04	6.473291e-04
0.822         	4.758413e-01	1.145455e+01	-1.041684e-04	3.836333e-04	-7.085487e-04	1.547351e+01	2.383043e-01	2.375370e-01	2.120079e+01	-9.746237e+00	-7.606329e-04	6.564645e-04
0.823         	4.757018e-01	1.145444e+01	-9.694715e-05	3.895808e-04	-7.099333e-04	1.547443e+01	2.382405e-01	2.374613e-01	2.120165e+01	-9.747209e+00	-7.584069e-04	6.614597e-04
0.824         	4.755872e-01	1.145427e+01	-8.578466e-05	3.887913e-04	-7.030696e-04	1.547531e+01	2.381824e-01	2.374048e-01	2.120244e+01	-9.748170e+00	-7.459619e-04	6.601772e-04
0.825         	4.754968e-01	1.145408e+01	-7.614857e-05	3.824208e-04	-6.960689e-04	1.547618e+01	2.381308e-01	2.373660e-01	2.120322e+01	-9.749142e+00	-7.341432e-04	6.579946e-04
0.826         	4.754209e-01	1.145388e+01	-7.178762e-05	3.761536e-04	-6.908122e-04	1.547706e+01	2.380866e-01	2.373343e-01	2.120400e+01	-9.750119e+00	-7.267060e-04	6.549183e-04
0.827         	4.753549e-01	1.145369e+01	-7.003478e-05	3.674255e-04	-6.855096e-04	1.547794e+01	2.380449e-01	2.373100e-01	2.120478e+01	-9.751093e+00	-7.205270e-04	6.504922e-04
0.828         	4.752969e-01	1.145350e+01	-6.734725e-05	3.542030e-04	-6.761229e-04	1.547879e+01	2.380027e-01	2.372943e-01	2.120555e+01	-9.752043e+00	-7.097965e-04	6.424492e-04
0.829         	4.752507e-01	1.145332e+01	-5.916884e-05	3.341904e-04	-6.592235e-04	1.547960e+01	2.379596e-01	2.372912e-01	2.120626e+01	-9.752944e+00	-6.888079e-04	6.296391e-04
0.83          	4.752197e-01	1.145315e+01	-4.486023e-05	3.102835e-04	-6.384071e-04	1.548037e+01	2.379201e-01	2.372996e-01	2.120694e+01	-9.753795e+00	-6.608372e-04	6.159769e-04
0.831         	4.752077e-01	1.145300e+01	-2.538864e-05	2.832127e-04	-6.195690e-04	1.548112e+01	2.378871e-01	2.373206e-01	2.120762e+01	-9.754626e+00	-6.322633e-04	6.068746e-04
0.832         	4.752198e-01	1.145289e+01	-4.455337e-06	2.528641e-04	-6.032018e-04	1.548191e+01	2.378628e-01	2.373570e-01	2.120835e+01	-9.755464e+00	-6.054294e-04	6.009741e-04
0.833         	4.752586e-01	1.145282e+01	1.446957e-05	2.203805e-04	-5.906379e-04	1.548271e+01	2.378497e-01	2.374089e-01	2.120911e+01	-9.756298e+00	-5.834031e-04	5.978726e-04
0.834         	4.753240e-01	1.145277e+01	3.217279e-05	1.890072e-04	-5.812830e-04	1.548348e+01	2.378510e-01	2.374730e-01	2.120987e+01	-9.757100e+00	-5.651966e-04	5.973694e-04
0.835         	4.754112e-01	1.145275e+01	4.702594e-05	1.604217e-04	-5.695839e-04	1.548425e+01	2.378660e-01	2.375452e-01	2.121062e+01	-9.757870e+00	-5.460709e-04	5.930969e-04
0.836         	4.755214e-01	1.145280e+01	5.869403e-05	1.328980e-04	-5.527532e-04	1.548505e+01	2.378936e-01	2.376278e-01	2.121144e+01	-9.758648e+00	-5.234062e-04	5.821002e-04
0.837         	4.756586e-01	1.145292e+01	7.230606e-05	1.046133e-04	-5.307342e-04	1.548593e+01	2.379339e-01	2.377247e-01	2.121239e+01	-9.759475e+00	-4.945812e-04	5.668872e-04
0.838         	4.758245e-01	1.145311e+01	8.558277e-05	7.805186e-05	-5.022121e-04	1.548689e+01	2.379903e-01	2.378342e-01	2.121345e+01	-9.760336e+00	-4.594207e-04	5.450034e-04
0.839         	4.760251e-01	1.145336e+01	9.589305e-05	5.620627e-05	-4.719362e-04	1.548791e+01	2.380687e-01	2.379563e-01	2.121459e+01	-9.761231e+00	-4.239897e-04	5.198827e-04
0.84          	4.762618e-01	1.145366e+01	1.013752e-04	4.260844e-05	-4.476546e-04	1.548898e+01	2.381735e-01	2.380883e-01	2.121581e+01	-9.762150e+00	-3.969670e-04	4.983422e-04
0.841         	4.765293e-01	1.145401e+01	1.028531e-04	3.456226e-05	-4.336056e-04	1.549011e+01	2.382992e-01	2.382301e-01	2.121711e+01	-9.763103e+00	-3.821791e-04	4.850322e-04
0.842         	4.768164e-01	1.145440e+01	1.010596e-04	2.998136e-05	-4.268424e-04	1.549129e+01	2.384382e-01	2.383782e-01	2.121849e+01	-9.764093e+00	-3.763126e-04	4.773722e-04
0.843         	4.771133e-01	1.145483e+01	9.553653e-05	2.880706e-05	-4.212134e-04	1.549250e+01	2.385854e-01	2.385278e-01	2.121992e+01	-9.765090e+00	-3.734452e-04	4.689817e-04
0.844         	4.774150e-01	1.145528e+01	9.234960e-05	2.399909e-05	-4.075947e-04	1.549371e+01	2.387315e-01	2.386835e-01	2.122135e+01	-9.766074e+00	-3.614199e-04	4.537695e-04
0.845         	4.777196e-01	1.145575e+01	9.440118e-05	1.414345e-05	-3.879216e-04	1.549491e+01	2.388739e-01	2.388456e-01	2.122278e+01	-9.767034e+00	-3.407210e-04	4.351222e-04
0.846         	4.780293e-01	1.145624e+01	9.887391e-05	5.856237e-06	-3.724191e-04	1.549609e+01	2.390205e-01	2.390088e-01	2.122421e+01	-9.767974e+00	-3.229821e-04	4.218561e-04
0.847         	4.783456e-01	1.145672e+01	1.040364e-04	2.222082e-07	-3.637905e-04	1.549723e+01	2.391730e-01	2.391726e-01	2.122559e+01	-9.768870e+00	-3.117722e-04	4.158087e-04
0.848         	4.786585e-01	1.145720e+01	1.071645e-04	-5.930930e-07	-3.576462e-04	1.549830e+01	2.393287e-01	2.393299e-01	2.122690e+01	-9.769701e+00	-3.040640e-04	4.112285e-04
0.849         	4.789605e-01	1.145764e+01	1.096907e-04	-3.314155e-07	-3.455736e-04	1.549924e+01	2.394799e-01	2.394806e-01	2.122806e+01	-9.770420e+00	-2.907283e-04	4.004190e-04
0.85          	4.792428e-01	1.145803e+01	1.143994e-04	-1.744577e-06	-3.299977e-04	1.550002e+01	2.396197e-01	2.396232e-01	2.122904e+01	-9.771008e+00	-2.727980e-04	3.871974e-04
0.851         	4.795007e-01	1.145837e+01	1.204010e-04	-1.450055e-06	-3.172949e-04	1.550062e+01	2.397489e-01	2.397518e-01	2.122981e+01	-9.771439e+00	-2.570944e-04	3.774954e-04
0.852         	4.797342e-01	1.145865e+01	1.239290e-04	3.743006e-06	-3.134720e-04	1.550108e+01	2.398709e-01	2.398634e-01	2.123040e+01	-9.771754e+00	-2.515074e-04	3.754365e-04
0.853         	4.799379e-01	1.145885e+01	1.227571e-04	1.649746e-05	-3.141740e-04	1.550138e+01	2.399854e-01	2.399525e-01	2.123081e+01	-9.771953e+00	-2.527955e-04	3.755525e-04
0.854         	4.801109e-01	1.145900e+01	1.183683e-04	3.499322e-05	-3.139820e-04	1.550155e+01	2.400904e-01	2.400205e-01	2.123105e+01	-9.772056e+00	-2.547979e-04	3.731661e-04
0.855         	4.802565e-01	1.145907e+01	1.154702e-04	5.664454e-05	-3.146922e-04	1.550160e+01	2.401849e-01	2.400716e-01	2.123114e+01	-9.772067e+00	-2.569571e-04	3.724274e-04
0.856         	4.803741e-01	1.145907e+01	1.151072e-04	7.696083e-05	-3.142520e-04	1.550151e+01	2.402640e-01	2.401101e-01	2.123105e+01	-9.771981e+00	-2.566983e-04	3.718056e-04
0.857         	4.804660e-01	1.145898e+01	1.204237e-04	9.252071e-05	-3.172474e-04	1.550129e+01	2.403255e-01	2.401405e-01	2.123078e+01	-9.771800e+00	-2.570356e-04	3.774593e-04
0.858         	4.805320e-01	1.145882e+01	1.299936e-04	1.020282e-04	-3.197809e-04	1.550095e+01	2.403680e-01	2.401640e-01	2.123036e+01	-9.771537e+00	-2.547841e-04	3.847776e-04
0.859         	4.805708e-01	1.145860e+01	1.434071e-04	1.080549e-04	-3.173529e-04	1.550046e+01	2.403935e-01	2.401774e-01	2.122976e+01	-9.771162e+00	-2.456493e-04	3.890564e-04
0.86          	4.805824e-01	1.145830e+01	1.557816e-04	1.158509e-04	-3.026493e-04	1.549980e+01	2.404071e-01	2.401754e-01	2.122895e+01	-9.770653e+00	-2.247585e-04	3.805401e-04
0.861         	4.805666e-01	1.145791e+01	1.643393e-04	1.289353e-04	-2.777597e-04	1.549896e+01	2.404122e-01	2.401544e-01	2.122792e+01	-9.770004e+00	-1.955900e-04	3.599293e-04
0.862         	4.805212e-01	1.145743e+01	1.679299e-04	1.474571e-04	-2.472491e-04	1.549793e+01	2.404081e-01	2.401132e-01	2.122665e+01	-9.769220e+00	-1.632841e-04	3.312141e-04
0.863         	4.804468e-01	1.145686e+01	1.687984e-04	1.706864e-04	-2.148580e-04	1.549676e+01	2.403941e-01	2.400527e-01	2.122519e+01	-9.768331e+00	-1.304588e-04	2.992572e-04
0.864         	4.803473e-01	1.145619e+01	1.691823e-04	1.956643e-04	-1.792302e-04	1.549540e+01	2.403693e-01	2.399780e-01	2.122350e+01	-9.767307e+00	-9.463903e-05	2.638214e-04
0.865         	4.802280e-01	1.145543e+01	1.692347e-04	2.195032e-04	-1.362985e-04	1.549383e+01	2.403335e-01	2.398945e-01	2.122155e+01	-9.766122e+00	-5.168112e-05	2.209158e-04
0.866         	4.800918e-01	1.145456e+01	1.699190e-04	2.360366e-04	-8.924893e-05	1.549202e+01	2.402820e-01	2.398099e-01	2.121930e+01	-9.764745e+00	-4.289423e-06	1.742084e-04
0.867         	4.799432e-01	1.145359e+01	1.721185e-04	2.421441e-04	-4.313172e-05	1.548997e+01	2.402137e-01	2.397294e-01	2.121676e+01	-9.763173e+00	4.292753e-05	1.291910e-04
0.868         	4.797827e-01	1.145251e+01	1.756999e-04	2.436113e-04	-2.868704e-06	1.548763e+01	2.401349e-01	2.396477e-01	2.121389e+01	-9.761376e+00	8.498126e-05	9.071867e-05
0.869         	4.796015e-01	1.145132e+01	1.794781e-04	2.500686e-04	3.304038e-05	1.548500e+01	2.400508e-01	2.395507e-01	2.121067e+01	-9.759342e+00	1.227794e-04	5.669869e-05
0.87          	4.793947e-01	1.145000e+01	1.800844e-04	2.632750e-04	6.713770e-05	1.548205e+01	2.399606e-01	2.394341e-01	2.120705e+01	-9.757049e+00	1.571799e-04	2.290448e-05
0.871         	4.791509e-01	1.144855e+01	1.749080e-04	2.794225e-04	1.008979e-04	1.547876e+01	2.398548e-01	2.392960e-01	2.120303e+01	-9.754479e+00	1.883519e-04	-1.344386e-05
0.872         	4.788696e-01	1.144702e+01	1.684791e-04	2.963170e-04	1.376460e-04	1.547521e+01	2.397311e-01	2.391385e-01	2.119872e+01	-9.751700e+00	2.218855e-04	-5.340642e-05
0.873         	4.785505e-01	1.144538e+01	1.626175e-04	3.129158e-04	1.809589e-04	1.547136e+01	2.395881e-01	2.389623e-01	2.119405e+01	-9.748670e+00	2.622677e-04	-9.965017e-05
0.874         	4.781901e-01	1.144358e+01	1.613116e-04	3.240864e-04	2.250180e-04	1.546701e+01	2.394191e-01	2.387710e-01	2.118880e+01	-9.745223e+00	3.056738e-04	-1.443622e-04
0.875         	4.777906e-01	1.144160e+01	1.630956e-04	3.310997e-04	2.646973e-04	1.546213e+01	2.392264e-01	2.385642e-01	2.118293e+01	-9.741332e+00	3.462451e-04	-1.831495e-04
0.876         	4.773566e-01	1.143953e+01	1.607822e-04	3.410003e-04	2.991290e-04	1.545694e+01	2.390193e-01	2.383373e-01	2.117670e+01	-9.737170e+00	3.795201e-04	-2.187379e-04
0.877         	4.768840e-01	1.143745e+01	1.511342e-04	3.501319e-04	3.319146e-04	1.545158e+01	2.387922e-01	2.380919e-01	2.117030e+01	-9.732856e+00	4.074816e-04	-2.563475e-04
0.878         	4.763659e-01	1.143531e+01	1.392500e-04	3.574334e-04	3.665222e-04	1.544587e+01	2.385404e-01	2.378255e-01	2.116352e+01	-9.728217e+00	4.361472e-04	-2.968972e-04
0.879         	4.758134e-01	1.143304e+01	1.302592e-04	3.628314e-04	4.024054e-04	1.543959e+01	2.382695e-01	2.375438e-01	2.115611e+01	-9.723072e+00	4.675350e-04	-3.372758e-04
0.88          	4.752426e-01	1.143074e+01	1.210417e-04	3.699477e-04	4.424156e-04	1.543307e+01	2.379912e-01	2.372514e-01	2.114844e+01	-9.717697e+00	5.029365e-04	-3.818947e-04
0.881         	4.746621e-01	1.142854e+01	1.062703e-04	3.761528e-04	4.839842e-04	1.542668e+01	2.377072e-01	2.369549e-01	2.114095e+01	-9.712406e+00	5.371193e-04	-4.308491e-04
0.882         	4.740684e-01	1.142638e+01	8.226284e-05	3.768218e-04	5.238631e-04	1.542016e+01	2.374110e-01	2.366574e-01	2.113335e+01	-9.706969e+00	5.649946e-04	-4.827317e-04
0.883         	4.734521e-01	1.142416e+01	5.300126e-05	3.751467e-04	5.612237e-04	1.541318e+01	2.371012e-01	2.363509e-01	2.112526e+01	-9.701099e+00	5.877244e-04	-5.347231e-04
0.884         	4.728167e-01	1.142195e+01	2.549653e-05	3.766649e-04	5.961059e-04	1.540596e+01	2.367850e-01	2.360317e-01	2.111693e+01	-9.694979e+00	6.088542e-04	-5.833576e-04
0.885         	4.721827e-01	1.141994e+01	3.808395e-06	3.800270e-04	6.268114e-04	1.539906e+01	2.364714e-01	2.357113e-01	2.110903e+01	-9.689090e+00	6.287156e-04	-6.249072e-04
0.886         	4.715435e-01	1.141804e+01	-1.561197e-05	3.815989e-04	6.540896e-04	1.539227e+01	2.361534e-01	2.353902e-01	2.110130e+01	-9.683253e+00	6.462837e-04	-6.618956e-04
0.887         	4.708979e-01	1.141612e+01	-3.687358e-05	3.823710e-04	6.760865e-04	1.538519e+01	2.358313e-01	2.350666e-01	2.109325e+01	-9.677126e+00	6.576497e-04	-6.945233e-04
0.888         	4.702483e-01	1.141416e+01	-5.941534e-05	3.789716e-04	6.942882e-04	1.537774e+01	2.355031e-01	2.347452e-01	2.108483e+01	-9.670662e+00	6.645805e-04	-7.239958e-04
0.889         	4.696127e-01	1.141240e+01	-8.234054e-05	3.711574e-04	7.121270e-04	1.537058e+01	2.351775e-01	2.344352e-01	2.107678e+01	-9.664377e+00	6.709568e-04	-7.532973e-04
0.89          	4.689981e-01	1.141089e+01	-1.020666e-04	3.608017e-04	7.276631e-04	1.536389e+01	2.348598e-01	2.341382e-01	2.106933e+01	-9.658440e+00	6.766298e-04	-7.786964e-04
0.891         	4.684036e-01	1.140951e+01	-1.188555e-04	3.550894e-04	7.388100e-04	1.535724e+01	2.345569e-01	2.338467e-01	2.106199e+01	-9.652479e+00	6.793822e-04	-7.982377e-04
0.892         	4.678213e-01	1.140811e+01	-1.333264e-04	3.556454e-04	7.394377e-04	1.535022e+01	2.342663e-01	2.335550e-01	2.105428e+01	-9.646167e+00	6.727745e-04	-8.061010e-04
0.893         	4.672483e-01	1.140677e+01	-1.468036e-04	3.588787e-04	7.316330e-04	1.534319e+01	2.339830e-01	2.332653e-01	2.104657e+01	-9.639800e+00	6.582313e-04	-8.050348e-04
0.894         	4.666850e-01	1.140564e+01	-1.592646e-04	3.638785e-04	7.205353e-04	1.533657e+01	2.337064e-01	2.329786e-01	2.103939e+01	-9.633754e+00	6.409030e-04	-8.001676e-04
0.895         	4.661216e-01	1.140465e+01	-1.688084e-04	3.732103e-04	7.071612e-04	1.533015e+01	2.334340e-01	2.326876e-01	2.103247e+01	-9.627826e+00	6.227569e-04	-7.915654e-04
0.896         	4.655595e-01	1.140367e+01	-1.745170e-04	3.795954e-04	6.950190e-04	1.532356e+01	2.331594e-01	2.324002e-01	2.102539e+01	-9.621720e+00	6.077606e-04	-7.822775e-04
0.897         	4.650208e-01	1.140275e+01	-1.774301e-04	3.846948e-04	6.847030e-04	1.531693e+01	2.328951e-01	2.321257e-01	2.101830e+01	-9.615554e+00	5.959879e-04	-7.734180e-04
0.898         	4.645264e-01	1.140197e+01	-1.761578e-04	3.880591e-04	6.726473e-04	1.531062e+01	2.326512e-01	2.318751e-01	2.101161e+01	-9.609639e+00	5.845684e-04	-7.607262e-04
0.899         	4.640662e-01	1.140125e+01	-1.712408e-04	3.905141e-04	6.571506e-04	1.530441e+01	2.324236e-01	2.316426e-01	2.100503e+01	-9.603781e+00	5.715302e-04	-7.427710e-04
0.9           	4.636374e-01	1.140047e+01	-1.692622e-04	3.956161e-04	6.472784e-04	1.529789e+01	2.322143e-01	2.314231e-01	2.099813e+01	-9.597659e+00	5.626473e-04	-7.319095e-04
0.901         	4.632470e-01	1.139963e+01	-1.705598e-04	4.005575e-04	6.411792e-04	1.529115e+01	2.320240e-01	2.312229e-01	2.099097e+01	-9.591335e+00	5.558993e-04	-7.264590e-04
0.902         	4.629003e-01	1.139892e+01	-1.761613e-04	4.005573e-04	6.365330e-04	1.528476e+01	2.318507e-01	2.310496e-01	2.098422e+01	-9.585294e+00	5.484523e-04	-7.246136e-04
0.903         	4.625786e-01	1.139835e+01	-1.853584e-04	3.956236e-04	6.267353e-04	1.527868e+01	2.316849e-01	2.308937e-01	2.097785e+01	-9.579505e+00	5.340561e-04	-7.194145e-04
0.904         	4.622704e-01	1.139776e+01	-1.963271e-04	3.878303e-04	6.172277e-04	1.527246e+01	2.315230e-01	2.307474e-01	2.097134e+01	-9.573580e+00	5.190642e-04	-7.153913e-04
0.905         	4.619839e-01	1.139715e+01	-2.056036e-04	3.744716e-04	6.151954e-04	1.526601e+01	2.313664e-01	2.306175e-01	2.096458e+01	-9.567434e+00	5.123936e-04	-7.179972e-04
0.906         	4.617380e-01	1.139664e+01	-2.120167e-04	3.534084e-04	6.208782e-04	1.525969e+01	2.312224e-01	2.305156e-01	2.095801e+01	-9.561372e+00	5.148698e-04	-7.268865e-04
0.907         	4.615418e-01	1.139633e+01	-2.166256e-04	3.248516e-04	6.312099e-04	1.525381e+01	2.310958e-01	2.304460e-01	2.095198e+01	-9.555650e+00	5.228971e-04	-7.395227e-04
0.908         	4.613842e-01	1.139618e+01	-2.204465e-04	2.944959e-04	6.413957e-04	1.524826e+01	2.309866e-01	2.303976e-01	2.094635e+01	-9.550171e+00	5.311724e-04	-7.516189e-04
0.909         	4.612563e-01	1.139610e+01	-2.256279e-04	2.674161e-04	6.516300e-04	1.524281e+01	2.308955e-01	2.303607e-01	2.094086e+01	-9.544759e+00	5.388161e-04	-7.644440e-04
0.91          	4.611428e-01	1.139604e+01	-2.326217e-04	2.446313e-04	6.603252e-04	1.523734e+01	2.308160e-01	2.303268e-01	2.093536e+01	-9.539318e+00	5.440143e-04	-7.766360e-04
0.911         	4.610364e-01	1.139604e+01	-2.443390e-04	2.272292e-04	6.721399e-04	1.523203e+01	2.307454e-01	2.302910e-01	2.093005e+01	-9.534006e+00	5.499704e-04	-7.943094e-04
0.912         	4.609408e-01	1.139608e+01	-2.627967e-04	2.177317e-04	6.936409e-04	1.522685e+01	2.306882e-01	2.302527e-01	2.092489e+01	-9.528813e+00	5.622425e-04	-8.250392e-04
0.913         	4.608735e-01	1.139611e+01	-2.829037e-04	2.065497e-04	7.160925e-04	1.522175e+01	2.306433e-01	2.302302e-01	2.091981e+01	-9.523698e+00	5.746406e-04	-8.575443e-04
0.914         	4.608503e-01	1.139614e+01	-3.003008e-04	1.936914e-04	7.289213e-04	1.521675e+01	2.306188e-01	2.302314e-01	2.091483e+01	-9.518685e+00	5.787709e-04	-8.790717e-04
0.915         	4.608797e-01	1.139626e+01	-3.113620e-04	1.781373e-04	7.324867e-04	1.521219e+01	2.306180e-01	2.302617e-01	2.091032e+01	-9.514064e+00	5.768057e-04	-8.881676e-04
0.916         	4.609364e-01	1.139653e+01	-3.161603e-04	1.631819e-04	7.271309e-04	1.520828e+01	2.306314e-01	2.303050e-01	2.090654e+01	-9.510012e+00	5.690508e-04	-8.852111e-04
0.917         	4.609896e-01	1.139692e+01	-3.222254e-04	1.536127e-04	7.217339e-04	1.520492e+01	2.306484e-01	2.303412e-01	2.090338e+01	-9.506453e+00	5.606212e-04	-8.828467e-04
0.918         	4.610095e-01	1.139730e+01	-3.348191e-04	1.526131e-04	7.262143e-04	1.520170e+01	2.306574e-01	2.303521e-01	2.090035e+01	-9.503049e+00	5.588048e-04	-8.936238e-04
0.919         	4.609998e-01	1.139762e+01	-3.510523e-04	1.549595e-04	7.422536e-04	1.519851e+01	2.306549e-01	2.303450e-01	2.089732e+01	-9.499706e+00	5.667275e-04	-9.177798e-04
0.92          	4.609848e-01	1.139790e+01	-3.593295e-04	1.515677e-04	7.641938e-04	1.519549e+01	2.306439e-01	2.303408e-01	2.089444e+01	-9.496544e+00	5.845291e-04	-9.438586e-04
0.921         	4.610048e-01	1.139821e+01	-3.603365e-04	1.409987e-04	7.789887e-04	1.519287e+01	2.306434e-01	2.303614e-01	2.089197e+01	-9.493768e+00	5.988205e-04	-9.591570e-04
0.922         	4.610961e-01	1.139866e+01	-3.626704e-04	1.308015e-04	7.939906e-04	1.519103e+01	2.306788e-01	2.304172e-01	2.089036e+01	-9.491702e+00	6.126554e-04	-9.753258e-04
0.923         	4.612386e-01	1.139930e+01	-3.675873e-04	1.218479e-04	8.122877e-04	1.519008e+01	2.307411e-01	2.304974e-01	2.088973e+01	-9.490429e+00	6.284941e-04	-9.960813e-04
0.924         	4.613815e-01	1.140005e+01	-3.754929e-04	1.159947e-04	8.311272e-04	1.518976e+01	2.308067e-01	2.305748e-01	2.088978e+01	-9.489730e+00	6.433807e-04	-1.018874e-03
0.925         	4.614834e-01	1.140085e+01	-3.843284e-04	1.105262e-04	8.531045e-04	1.518978e+01	2.308522e-01	2.306312e-01	2.089020e+01	-9.489354e+00	6.609403e-04	-1.045269e-03
0.926         	4.615358e-01	1.140159e+01	-3.939003e-04	1.040756e-04	8.768726e-04	1.518988e+01	2.308720e-01	2.306638e-01	2.089067e+01	-9.489081e+00	6.799224e-04	-1.073823e-03
0.927         	4.615646e-01	1.140225e+01	-4.045838e-04	9.925867e-05	9.044848e-04	1.518999e+01	2.308815e-01	2.306830e-01	2.089112e+01	-9.488862e+00	7.021929e-04	-1.106777e-03
0.928         	4.616117e-01	1.140293e+01	-4.137453e-04	9.478674e-05	9.196836e-04	1.519037e+01	2.309006e-01	2.307111e-01	2.089183e+01	-9.488907e+00	7.128110e-04	-1.126556e-03
0.929         	4.617019e-01	1.140373e+01	-4.200452e-04	8.628597e-05	9.264332e-04	1.519135e+01	2.309373e-01	2.307647e-01	2.089322e+01	-9.489491e+00	7.164106e-04	-1.136456e-03
0.93          	4.618440e-01	1.140476e+01	-4.289905e-04	7.519073e-05	9.399012e-04	1.519319e+01	2.309972e-01	2.308468e-01	2.089557e+01	-9.490808e+00	7.254059e-04	-1.154396e-03
0.931         	4.620244e-01	1.140604e+01	-4.417099e-04	6.468643e-05	9.585652e-04	1.519588e+01	2.310769e-01	2.309475e-01	2.089891e+01	-9.492862e+00	7.377103e-04	-1.179420e-03
0.932         	4.622101e-01	1.140747e+01	-4.532049e-04	5.518746e-05	9.773925e-04	1.519919e+01	2.311602e-01	2.310499e-01	2.090292e+01	-9.495453e+00	7.507900e-04	-1.203995e-03
0.933         	4.623753e-01	1.140891e+01	-4.604549e-04	4.753195e-05	9.945449e-04	1.520282e+01	2.312352e-01	2.311401e-01	2.090728e+01	-9.498364e+00	7.643174e-04	-1.224772e-03
0.934         	4.625076e-01	1.141031e+01	-4.638575e-04	4.639492e-05	1.003990e-03	1.520654e+01	2.313002e-01	2.312074e-01	2.091169e+01	-9.501384e+00	7.720616e-04	-1.235919e-03
0.935         	4.626151e-01	1.141172e+01	-4.650257e-04	5.098381e-05	1.007311e-03	1.521048e+01	2.313585e-01	2.312566e-01	2.091634e+01	-9.504619e+00	7.747982e-04	-1.239824e-03
0.936         	4.627294e-01	1.141330e+01	-4.669139e-04	5.793583e-05	1.010929e-03	1.521505e+01	2.314226e-01	2.313068e-01	2.092170e+01	-9.508404e+00	7.774717e-04	-1.244386e-03
0.937         	4.628701e-01	1.141513e+01	-4.709211e-04	6.536081e-05	1.018502e-03	1.522052e+01	2.315004e-01	2.313697e-01	2.092809e+01	-9.512954e+00	7.830414e-04	-1.253963e-03
0.938         	4.630334e-01	1.141721e+01	-4.751842e-04	7.170200e-05	1.030884e-03	1.522686e+01	2.315884e-01	2.314450e-01	2.093547e+01	-9.518255e+00	7.932920e-04	-1.268476e-03
0.939         	4.632004e-01	1.141946e+01	-4.757098e-04	7.775648e-05	1.040016e-03	1.523388e+01	2.316780e-01	2.315224e-01	2.094361e+01	-9.524151e+00	8.021607e-04	-1.277870e-03
0.94          	4.633461e-01	1.142180e+01	-4.743424e-04	8.562936e-05	1.045884e-03	1.524133e+01	2.317587e-01	2.315874e-01	2.095223e+01	-9.530435e+00	8.087132e-04	-1.283056e-03
0.941         	4.634636e-01	1.142420e+01	-4.701907e-04	9.134450e-05	1.046595e-03	1.524907e+01	2.318231e-01	2.316405e-01	2.096117e+01	-9.536968e+00	8.114998e-04	-1.281690e-03
0.942         	4.635591e-01	1.142665e+01	-4.649665e-04	9.778370e-05	1.042343e-03	1.525704e+01	2.318773e-01	2.316818e-01	2.097036e+01	-9.543713e+00	8.098599e-04	-1.274826e-03
0.943         	4.636567e-01	1.142915e+01	-4.593671e-04	1.032319e-04	1.037819e-03	1.526528e+01	2.319316e-01	2.317251e-01	2.097985e+01	-9.550702e+00	8.081358e-04	-1.267503e-03
0.944         	4.637788e-01	1.143174e+01	-4.560107e-04	1.118584e-04	1.037200e-03	1.527386e+01	2.320013e-01	2.317776e-01	2.098973e+01	-9.557988e+00	8.091950e-04	-1.265206e-03
0.945         	4.639347e-01	1.143440e+01	-4.559938e-04	1.236539e-04	1.040397e-03	1.528276e+01	2.320910e-01	2.318437e-01	2.099996e+01	-9.565555e+00	8.124003e-04	-1.268394e-03
0.946         	4.641133e-01	1.143712e+01	-4.568344e-04	1.386218e-04	1.040898e-03	1.529187e+01	2.321953e-01	2.319180e-01	2.101043e+01	-9.573310e+00	8.124804e-04	-1.269315e-03
0.947         	4.642997e-01	1.143985e+01	-4.557844e-04	1.553853e-04	1.031827e-03	1.530107e+01	2.323052e-01	2.319945e-01	2.102099e+01	-9.581143e+00	8.039346e-04	-1.259719e-03
0.948         	4.644835e-01	1.144262e+01	-4.539136e-04	1.736199e-04	1.014121e-03	1.531035e+01	2.324154e-01	2.320681e-01	2.103166e+01	-9.589035e+00	7.871646e-04	-1.241078e-03
0.949         	4.646662e-01	1.144545e+01	-4.525416e-04	1.914804e-04	9.919408e-04	1.531974e+01	2.325246e-01	2.321416e-01	2.104247e+01	-9.597019e+00	7.656701e-04	-1.218212e-03
0.95          	4.648489e-01	1.144832e+01	-4.539961e-04	2.070233e-04	9.758865e-04	1.532924e+01	2.326315e-01	2.322174e-01	2.105339e+01	-9.605078e+00	7.488885e-04	-1.202885e-03
0.951         	4.650364e-01	1.145119e+01	-4.556286e-04	2.215002e-04	9.618277e-04	1.533877e+01	2.327397e-01	2.322967e-01	2.106436e+01	-9.613169e+00	7.340134e-04	-1.189642e-03
0.952         	4.652324e-01	1.145406e+01	-4.553985e-04	2.326315e-04	9.464861e-04	1.534829e+01	2.328488e-01	2.323836e-01	2.107531e+01	-9.621257e+00	7.187869e-04	-1.174185e-03
0.953         	4.654457e-01	1.145691e+01	-4.522474e-04	2.411527e-04	9.284140e-04	1.535779e+01	2.329640e-01	2.324817e-01	2.108624e+01	-9.629332e+00	7.022903e-04	-1.154538e-03
0.954         	4.656869e-01	1.145974e+01	-4.456948e-04	2.479961e-04	9.080594e-04	1.536726e+01	2.330915e-01	2.325955e-01	2.109713e+01	-9.637387e+00	6.852120e-04	-1.130907e-03
0.955         	4.659589e-01	1.146249e+01	-4.388143e-04	2.573949e-04	8.901448e-04	1.537655e+01	2.332369e-01	2.327221e-01	2.110780e+01	-9.645308e+00	6.707377e-04	-1.109552e-03
0.956         	4.662719e-01	1.146512e+01	-4.272092e-04	2.605476e-04	8.647307e-04	1.538563e+01	2.333965e-01	2.328754e-01	2.111819e+01	-9.653070e+00	6.511261e-04	-1.078335e-03
0.957         	4.666294e-01	1.146766e+01	-4.094508e-04	2.559190e-04	8.325097e-04	1.539458e+01	2.335706e-01	2.330588e-01	2.112841e+01	-9.660752e+00	6.277843e-04	-1.037235e-03
0.958         	4.670360e-01	1.147011e+01	-3.866186e-04	2.494317e-04	8.032707e-04	1.540347e+01	2.337674e-01	2.332686e-01	2.113853e+01	-9.668417e+00	6.099614e-04	-9.965800e-04
0.959         	4.675020e-01	1.147246e+01	-3.636145e-04	2.495505e-04	7.800984e-04	1.541223e+01	2.340005e-01	2.335014e-01	2.114846e+01	-9.676001e+00	5.982912e-04	-9.619056e-04
0.96          	4.680377e-01	1.147466e+01	-3.446919e-04	2.506239e-04	7.535397e-04	1.542078e+01	2.342695e-01	2.337682e-01	2.115811e+01	-9.683447e+00	5.811938e-04	-9.258857e-04
0.961         	4.686376e-01	1.147673e+01	-3.321336e-04	2.538055e-04	7.272935e-04	1.542914e+01	2.345726e-01	2.340650e-01	2.116751e+01	-9.690777e+00	5.612268e-04	-8.933603e-04
0.962         	4.692917e-01	1.147870e+01	-3.234163e-04	2.586239e-04	7.064675e-04	1.543742e+01	2.349045e-01	2.343872e-01	2.117677e+01	-9.698066e+00	5.447594e-04	-8.681757e-04
0.963         	4.699919e-01	1.148061e+01	-3.161114e-04	2.679962e-04	6.951856e-04	1.544565e+01	2.352639e-01	2.347279e-01	2.118595e+01	-9.705343e+00	5.371299e-04	-8.532413e-04
0.964         	4.707467e-01	1.148246e+01	-3.071364e-04	2.811276e-04	6.899312e-04	1.545381e+01	2.356545e-01	2.350922e-01	2.119505e+01	-9.712584e+00	5.363630e-04	-8.434994e-04
0.965         	4.715717e-01	1.148427e+01	-2.902964e-04	2.925393e-04	6.760085e-04	1.546191e+01	2.360784e-01	2.354933e-01	2.120405e+01	-9.719776e+00	5.308603e-04	-8.211567e-04
0.966         	4.724730e-01	1.148607e+01	-2.680729e-04	2.962585e-04	6.511568e-04	1.546999e+01	2.365327e-01	2.359402e-01	2.121302e+01	-9.726951e+00	5.171204e-04	-7.851932e-04
0.967         	4.734364e-01	1.148787e+01	-2.488122e-04	2.942840e-04	6.278943e-04	1.547808e+01	2.370125e-01	2.364239e-01	2.122202e+01	-9.734148e+00	5.034882e-04	-7.523004e-04
0.968         	4.744513e-01	1.148965e+01	-2.335061e-04	2.894077e-04	6.097741e-04	1.548614e+01	2.375151e-01	2.369363e-01	2.123097e+01	-9.741319e+00	4.930210e-04	-7.265271e-04
0.969         	4.755070e-01	1.149139e+01	-2.194701e-04	2.813307e-04	5.955261e-04	1.549411e+01	2.380348e-01	2.374721e-01	2.123980e+01	-9.748409e+00	4.857911e-04	-7.052612e-04
0.97          	4.765887e-01	1.149310e+01	-2.053673e-04	2.756720e-04	5.893640e-04	1.550193e+01	2.385700e-01	2.380187e-01	2.124848e+01	-9.755385e+00	4.866804e-04	-6.920477e-04
0.971         	4.776885e-01	1.149474e+01	-1.898753e-04	2.742071e-04	5.850207e-04	1.550956e+01	2.391185e-01	2.385700e-01	2.125693e+01	-9.762195e+00	4.900831e-04	-6.799584e-04
0.972         	4.788050e-01	1.149633e+01	-1.733910e-04	2.759615e-04	5.755981e-04	1.551699e+01	2.396784e-01	2.391265e-01	2.126516e+01	-9.768830e+00	4.889027e-04	-6.622936e-04
0.973         	4.799341e-01	1.149787e+01	-1.562585e-04	2.757265e-04	5.606637e-04	1.552422e+01	2.402428e-01	2.396913e-01	2.127315e+01	-9.775286e+00	4.825345e-04	-6.387930e-04
0.974         	4.810633e-01	1.149938e+01	-1.414210e-04	2.726451e-04	5.479763e-04	1.553125e+01	2.408043e-01	2.402590e-01	2.128094e+01	-9.781561e+00	4.772658e-04	-6.186868e-04
0.975         	4.821785e-01	1.150084e+01	-1.265740e-04	2.644171e-04	5.390203e-04	1.553804e+01	2.413537e-01	2.408248e-01	2.128846e+01	-9.787621e+00	4.757333e-04	-6.023073e-04
0.976         	4.832708e-01	1.150222e+01	-1.105288e-04	2.495435e-04	5.351282e-04	1.554454e+01	2.418850e-01	2.413859e-01	2.129565e+01	-9.793434e+00	4.798638e-04	-5.903926e-04
0.977         	4.843323e-01	1.150351e+01	-9.223565e-05	2.299376e-04	5.320393e-04	1.555074e+01	2.423961e-01	2.419362e-01	2.130250e+01	-9.798990e+00	4.859214e-04	-5.781571e-04
0.978         	4.853554e-01	1.150470e+01	-7.313568e-05	2.091486e-04	5.313980e-04	1.555661e+01	2.428868e-01	2.424685e-01	2.130896e+01	-9.804263e+00	4.948302e-04	-5.679659e-04
0.979         	4.863399e-01	1.150579e+01	-5.202990e-05	1.913262e-04	5.348739e-04	1.556215e+01	2.433613e-01	2.429786e-01	2.131505e+01	-9.809257e+00	5.088590e-04	-5.608889e-04
0.98          	4.872817e-01	1.150679e+01	-2.705916e-05	1.735868e-04	5.393671e-04	1.556739e+01	2.438144e-01	2.434672e-01	2.132078e+01	-9.813990e+00	5.258375e-04	-5.528967e-04
0.981         	4.881732e-01	1.150771e+01	-1.810707e-06	1.566442e-04	5.475373e-04	1.557234e+01	2.442433e-01	2.439300e-01	2.132619e+01	-9.818478e+00	5.466319e-04	-5.484427e-04
0.982         	4.890015e-01	1.150857e+01	2.182034e-05	1.377534e-04	5.590283e-04	1.557698e+01	2.446385e-01	2.443630e-01	2.133126e+01	-9.822694e+00	5.699385e-04	-5.481182e-04
0.983         	4.897595e-01	1.150938e+01	4.208215e-05	1.142928e-04	5.691824e-04	1.558133e+01	2.449941e-01	2.447655e-01	2.133602e+01	-9.826640e+00	5.902234e-04	-5.481413e-04
0.984         	4.904456e-01	1.151018e+01	5.715401e-05	8.906158e-05	5.779468e-04	1.558545e+01	2.453119e-01	2.451337e-01	2.134054e+01	-9.830360e+00	6.065238e-04	-5.493698e-04
0.985         	4.910536e-01	1.151098e+01	6.733053e-05	6.607535e-05	5.888024e-04	1.558933e+01	2.455929e-01	2.454607e-01	2.134482e+01	-9.833839e+00	6.224677e-04	-5.551371e-04
0.986         	4.915791e-01	1.151182e+01	7.430288e-05	4.857129e-05	6.051220e-04	1.559302e+01	2.458381e-01	2.457410e-01	2.134893e+01	-9.837111e+00	6.422735e-04	-5.679706e-04
0.987         	4.920246e-01	1.151269e+01	8.043745e-05	3.504512e-05	6.224014e-04	1.559654e+01	2.460473e-01	2.459772e-01	2.135289e+01	-9.840195e+00	6.626201e-04	-5.821826e-04
0.988         	4.923967e-01	1.151358e+01	8.797583e-05	2.260020e-05	6.345451e-04	1.559989e+01	2.462209e-01	2.461757e-01	2.135668e+01	-9.843100e+00	6.785330e-04	-5.905572e-04
0.989         	4.927038e-01	1.151445e+01	9.552107e-05	1.269021e-05	6.435219e-04	1.560302e+01	2.463646e-01	2.463392e-01	2.136024e+01	-9.845793e+00	6.912824e-04	-5.957614e-04
0.99          	4.929471e-01	1.151530e+01	1.010357e-04	6.057159e-06	6.474819e-04	1.560595e+01	2.464796e-01	2.464675e-01	2.136360e+01	-9.848293e+00	6.979997e-04	-5.969640e-04
0.991         	4.931276e-01	1.151617e+01	1.051186e-04	-6.395599e-07	6.462509e-04	1.560869e+01	2.465632e-01	2.465645e-01	2.136678e+01	-9.850609e+00	6.988102e-04	-5.936916e-04
0.992         	4.932454e-01	1.151708e+01	1.067108e-04	-6.616588e-06	6.425613e-04	1.561131e+01	2.466161e-01	2.466293e-01	2.136985e+01	-9.852774e+00	6.959167e-04	-5.892059e-04
0.993         	4.933114e-01	1.151801e+01	1.065986e-04	-1.181734e-05	6.371460e-04	1.561379e+01	2.466439e-01	2.466675e-01	2.137279e+01	-9.854784e+00	6.904454e-04	-5.838467e-04
0.994         	4.933298e-01	1.151894e+01	1.047646e-04	-1.559089e-05	6.336884e-04	1.561612e+01	2.466493e-01	2.466805e-01	2.137559e+01	-9.856649e+00	6.860707e-04	-5.813061e-04
0.995         	4.933001e-01	1.151987e+01	1.029068e-04	-1.737436e-05	6.296862e-04	1.561831e+01	2.466327e-01	2.466674e-01	2.137825e+01	-9.858373e+00	6.811396e-04	-5.782328e-04
0.996         	4.932230e-01	1.152077e+01	9.903784e-05	-1.905112e-05	6.260746e-04	1.562030e+01	2.465925e-01	2.466306e-01	2.138069e+01	-9.859917e+00	6.755935e-04	-5.765557e-04
0.997         	4.931016e-01	1.152161e+01	9.192920e-05	-2.008093e-05	6.239996e-04	1.562203e+01	2.465307e-01	2.465709e-01	2.138283e+01	-9.861226e+00	6.699642e-04	-5.780350e-04
0.998         	4.929416e-01	1.152237e+01	8.444269e-05	-2.036749e-05	6.258340e-04	1.562352e+01	2.464504e-01	2.464912e-01	2.138470e+01	-9.862331e+00	6.680554e-04	-5.836127e-04
0.999         	4.927607e-01	1.152307e+01	7.847668e-05	-1.782201e-05	6.315155e-04	1.562481e+01	2.463625e-01	2.463982e-01	2.138634e+01	-9.863275e+00	6.707538e-04	-5.922772e-04
1             	4.925885e-01	1.152368e+01	7.476022e-05	-1.169212e-05	6.387172e-04	1.562590e+01	2.462826e-01	2.463060e-01	2.138774e+01	-9.864053e+00	6.760973e-04	-6.013371e-04
