/*--------------------------------*- C++ -*----------------------------------*\
| =========                 |                                                 |
| \\      /  F ield         | OpenFOAM: The Open Source CFD Toolbox           |
|  \\    /   O peration     | Version:  2312                                  |
|   \\  /    A nd           | Website:  www.openfoam.com                      |
|    \\/     M anipulation  |                                                 |
\*---------------------------------------------------------------------------*/
FoamFile
{
    version     2.0;
    format      ascii;
    arch        "LSB;label=32;scalar=64";
    note        "nPoints:24301  nCells:19842  nFaces:63768  nInternalFaces:60144";
    class       labelList;
    location    "constant/polyMesh";
    object      neighbour;
}
// * * * * * * * * * * * * * * * * * * * * * * * * * * * * * * * * * * * * * //


60144
(
1
20
400
2
21
401
3
22
402
4
23
403
5
24
404
6
25
405
7
26
406
8
27
407
9
28
408
10
29
409
11
30
410
12
31
411
13
32
412
14
33
413
15
34
414
16
35
415
17
36
416
18
37
417
19
38
418
39
419
21
40
420
22
41
421
23
42
422
24
43
423
25
44
424
26
45
425
27
46
426
28
47
427
29
48
428
30
49
429
31
50
430
32
51
431
33
52
432
34
53
433
35
54
434
36
55
435
37
56
436
38
57
437
39
58
438
59
439
41
60
440
42
61
441
43
62
442
44
63
443
45
64
444
46
65
445
47
66
446
48
67
447
49
68
448
50
69
449
51
70
450
52
71
451
53
72
452
54
73
453
55
74
454
56
75
455
57
76
456
58
77
457
59
78
458
79
459
61
80
460
62
81
461
63
82
462
64
83
463
65
84
464
66
85
465
67
86
466
68
87
467
69
88
468
70
89
469
71
90
470
72
91
471
73
92
472
74
93
473
75
94
474
76
95
475
77
96
476
78
97
477
79
98
478
99
479
81
100
480
82
101
481
83
102
482
84
103
483
85
104
484
86
105
485
87
106
486
88
107
487
89
108
488
90
109
489
91
110
490
92
111
491
93
112
492
94
113
493
95
114
494
96
115
495
97
116
496
98
117
497
99
118
498
119
499
101
120
500
102
121
501
103
122
502
104
123
503
105
124
504
106
125
505
107
126
506
108
127
507
109
128
508
110
129
509
111
130
510
112
131
511
113
132
512
114
133
513
115
134
514
116
135
515
117
136
516
118
137
517
119
138
518
139
519
121
140
520
122
141
521
123
142
522
124
143
523
125
144
524
126
145
525
127
146
526
128
147
527
129
148
528
130
149
529
131
150
530
132
151
531
133
152
532
134
153
533
135
154
534
136
155
535
137
156
536
138
157
537
139
158
538
159
539
141
160
540
142
161
541
143
162
542
144
163
543
145
164
544
146
165
545
147
166
546
148
167
547
149
168
548
150
169
549
151
170
550
152
171
551
153
172
552
154
173
553
155
174
554
156
175
555
157
176
556
158
177
557
159
178
558
179
559
161
180
560
162
181
561
163
182
562
164
183
563
165
184
564
166
185
565
167
186
566
168
187
567
169
188
568
170
189
569
171
190
570
172
191
571
173
192
572
174
193
573
175
194
574
176
195
575
177
196
576
178
197
577
179
198
578
199
579
181
200
580
182
201
581
183
202
582
184
203
583
185
204
584
186
205
585
187
206
586
188
207
587
189
208
588
190
209
589
191
210
590
192
211
591
193
212
592
194
213
593
195
214
594
196
215
595
197
216
596
198
217
597
199
218
598
219
599
201
220
600
202
221
601
203
222
602
204
223
603
205
224
604
206
225
605
207
226
606
208
227
607
209
228
608
210
229
609
211
230
610
212
231
611
213
232
612
214
233
613
215
234
614
216
235
615
217
236
616
218
237
617
219
238
618
239
619
221
240
620
222
241
621
223
242
622
224
243
623
225
244
624
226
245
625
227
246
626
228
247
627
229
248
628
230
249
629
231
250
630
232
251
631
233
252
632
234
253
633
235
254
634
236
255
635
237
256
636
238
257
637
239
258
638
259
639
241
260
640
242
261
641
243
262
642
244
263
643
245
264
644
246
265
645
247
266
646
248
267
647
249
268
648
250
269
649
251
270
650
252
271
651
253
272
652
254
273
653
255
274
654
256
275
655
257
276
656
258
277
657
259
278
658
279
659
261
280
660
262
281
661
263
282
662
264
283
663
265
284
664
266
285
665
267
286
666
268
287
667
269
288
668
270
289
669
271
290
670
272
291
671
273
292
672
274
293
673
275
294
674
276
295
675
277
296
676
278
297
677
279
298
678
299
679
281
300
680
282
301
681
283
302
682
284
303
683
285
304
684
286
305
685
287
306
686
288
307
687
289
308
688
290
309
689
291
310
690
292
311
691
293
312
692
294
313
693
295
314
694
296
315
695
297
316
696
298
317
697
299
318
698
319
699
301
320
700
302
321
701
303
322
702
304
323
703
305
324
704
306
325
705
307
326
706
308
327
707
309
328
708
310
329
709
311
330
710
312
331
711
313
332
712
314
333
713
315
334
714
316
335
715
317
336
716
318
337
717
319
338
718
339
719
321
340
720
322
341
721
323
342
722
324
343
723
325
344
724
326
345
725
327
346
726
328
347
727
329
348
728
330
349
729
331
350
730
332
351
731
333
352
732
334
353
733
335
354
734
336
355
735
337
356
736
338
357
737
339
358
738
359
739
341
360
740
342
361
741
343
362
742
344
363
743
345
364
744
346
365
745
347
366
746
348
367
747
349
368
748
350
369
749
351
370
750
352
371
751
353
372
752
354
373
753
355
374
754
356
375
755
357
376
756
358
377
757
359
378
758
379
759
361
380
760
362
381
761
363
382
762
364
383
763
365
384
764
366
385
765
367
386
766
368
387
767
369
388
768
370
389
769
371
390
770
372
391
771
373
392
772
374
393
773
375
394
774
376
395
775
377
396
776
378
397
777
379
398
778
399
779
381
780
382
781
383
782
384
783
385
784
386
785
387
786
388
787
389
788
390
789
391
790
392
791
393
792
394
793
395
794
396
795
397
796
398
797
399
798
799
401
420
800
402
421
801
403
422
802
404
423
803
405
424
804
406
425
805
407
426
806
408
427
807
409
428
808
410
429
809
411
430
810
412
431
811
413
432
812
414
433
813
415
434
814
416
435
815
417
436
816
418
437
817
419
438
818
439
819
421
440
820
422
441
821
423
442
822
424
443
823
425
444
824
426
445
825
427
446
826
428
447
827
429
448
828
430
449
829
431
450
830
432
451
831
433
452
832
434
453
833
435
454
834
436
455
835
437
456
836
438
457
837
439
458
838
459
839
441
460
840
442
461
841
443
462
842
444
463
843
445
464
844
446
465
845
447
466
846
448
467
847
449
468
848
450
469
849
451
470
850
452
471
851
453
472
852
454
473
853
455
474
854
456
475
855
457
476
856
458
477
857
459
478
858
479
859
461
480
860
462
481
861
463
482
862
464
483
863
465
484
864
466
485
865
467
486
866
468
487
867
469
488
868
470
489
869
471
490
870
472
491
871
473
492
872
474
493
873
475
494
874
476
495
875
477
496
876
478
497
877
479
498
878
499
879
481
500
880
482
501
881
483
502
882
484
503
883
485
504
884
486
505
885
487
506
886
488
507
887
489
508
888
490
509
889
491
510
890
492
511
891
493
512
892
494
513
893
495
514
894
496
515
895
497
516
896
498
517
897
499
518
898
519
899
501
520
900
502
521
901
503
522
902
504
523
903
505
524
904
506
525
905
507
526
906
508
527
907
509
528
908
510
529
909
511
530
910
512
531
911
513
532
912
514
533
913
515
534
914
516
535
915
517
536
916
518
537
917
519
538
918
539
919
521
540
920
522
541
921
523
542
922
524
543
923
525
544
924
526
545
925
527
546
926
528
547
927
529
548
928
530
549
929
531
550
930
532
551
931
533
552
932
534
553
933
535
554
934
536
555
935
537
556
936
538
557
937
539
558
938
559
939
541
560
940
542
561
941
543
562
942
544
563
943
545
564
944
546
565
945
547
566
946
548
567
947
549
568
948
550
569
949
551
570
950
552
571
951
553
572
952
554
573
953
555
574
954
556
575
955
557
576
956
558
577
957
559
578
958
579
959
561
580
960
562
581
961
563
582
962
564
583
963
565
584
964
566
585
965
567
586
966
568
587
967
569
588
968
570
589
969
571
590
970
572
591
971
573
592
972
574
593
973
575
594
974
576
595
975
577
596
976
578
597
977
579
598
978
599
979
581
600
980
582
601
981
583
602
982
584
603
983
585
604
984
586
605
985
587
606
986
588
607
987
589
608
988
590
609
989
591
610
990
592
611
991
593
612
992
594
613
993
595
614
994
596
615
995
597
616
996
598
617
997
599
618
998
619
999
601
620
1000
602
621
1001
603
622
1002
604
623
1003
605
624
1004
606
625
1005
607
626
1006
608
627
1007
609
628
1008
610
629
1009
611
630
1010
612
631
1011
613
632
1012
614
633
1013
615
634
1014
616
635
1015
617
636
1016
618
637
1017
619
638
1018
639
1019
621
640
1020
622
641
1021
623
642
1022
624
643
1023
625
644
1024
626
645
1025
627
646
1026
628
647
1027
629
648
1028
630
649
1029
631
650
1030
632
651
1031
633
652
1032
634
653
1033
635
654
1034
636
655
1035
637
656
1036
638
657
1037
639
658
1038
659
1039
641
660
1040
642
661
1041
643
662
1042
644
663
1043
645
664
1044
646
665
1045
647
666
1046
648
667
1047
649
668
1048
650
669
1049
651
670
1050
652
671
1051
653
672
1052
654
673
1053
655
674
1054
656
675
1055
657
676
1056
658
677
1057
659
678
1058
679
1059
661
680
1060
662
681
1061
663
682
1062
664
683
1063
665
684
1064
666
685
1065
667
686
1066
668
687
1067
669
688
1068
670
689
1069
671
690
1070
672
691
1071
673
692
1072
674
693
1073
675
694
1074
676
695
1075
677
696
1076
678
697
1077
679
698
1078
699
1079
681
700
1080
682
701
1081
683
702
1082
684
703
1083
685
704
1084
686
705
1085
687
706
1086
688
707
1087
689
708
1088
690
709
1089
691
710
1090
692
711
1091
693
712
1092
694
713
1093
695
714
1094
696
715
1095
697
716
1096
698
717
1097
699
718
1098
719
1099
701
720
1100
702
721
1101
703
722
1102
704
723
1103
705
724
1104
706
725
1105
707
726
1106
708
727
1107
709
728
1108
710
729
1109
711
730
1110
712
731
1111
713
732
1112
714
733
1113
715
734
1114
716
735
1115
717
736
1116
718
737
1117
719
738
1118
739
1119
721
740
1120
722
741
1121
723
742
1122
724
743
1123
725
744
1124
726
745
1125
727
746
1126
728
747
1127
729
748
1128
730
749
1129
731
750
1130
732
751
1131
733
752
1132
734
753
1133
735
754
1134
736
755
1135
737
756
1136
738
757
1137
739
758
1138
759
1139
741
760
1140
742
761
1141
743
762
1142
744
763
1143
745
764
1144
746
765
1145
747
766
1146
748
767
1147
749
768
1148
750
769
1149
751
770
1150
752
771
1151
753
772
1152
754
773
1153
755
774
1154
756
775
1155
757
776
1156
758
777
1157
759
778
1158
779
1159
761
780
1160
762
781
1161
763
782
1162
764
783
1163
765
784
1164
766
785
1165
767
786
1166
768
787
1167
769
788
1168
770
789
1169
771
790
1170
772
791
1171
773
792
1172
774
793
1173
775
794
1174
776
795
1175
777
796
1176
778
797
1177
779
798
1178
799
1179
781
1180
782
1181
783
1182
784
1183
785
1184
786
1185
787
1186
788
1187
789
1188
790
1189
791
1190
792
1191
793
1192
794
1193
795
1194
796
1195
797
1196
798
1197
799
1198
1199
801
820
1200
802
821
1201
803
822
1202
804
823
1203
805
824
1204
806
825
1205
807
826
1206
808
827
1207
809
828
1208
810
829
1209
811
830
1210
812
831
1211
813
832
1212
814
833
1213
815
834
1214
816
835
1215
817
836
1216
818
837
1217
819
838
1218
839
1219
821
840
1220
822
841
1221
823
842
1222
824
843
1223
825
844
1224
826
845
1225
827
846
1226
828
847
1227
829
848
1228
830
849
1229
831
850
1230
832
851
1231
833
852
1232
834
853
1233
835
854
1234
836
855
1235
837
856
1236
838
857
1237
839
858
1238
859
1239
841
860
1240
842
861
1241
843
862
1242
844
863
1243
845
864
1244
846
865
1245
847
866
1246
848
867
1247
849
868
1248
850
869
1249
851
870
1250
852
871
1251
853
872
1252
854
873
1253
855
874
1254
856
875
1255
857
876
1256
858
877
1257
859
878
1258
879
1259
861
880
1260
862
881
1261
863
882
1262
864
883
1263
865
884
1264
866
885
1265
867
886
1266
868
887
1267
869
888
1268
870
889
1269
871
890
1270
872
891
1271
873
892
1272
874
893
1273
875
894
1274
876
895
1275
877
896
1276
878
897
1277
879
898
1278
899
1279
881
900
1280
882
901
1281
883
902
1282
884
903
1283
885
904
1284
886
905
1285
887
906
1286
888
907
1287
889
908
1288
890
909
1289
891
910
1290
892
911
1291
893
912
1292
894
913
1293
895
914
1294
896
915
1295
897
916
1296
898
917
1297
899
918
1298
919
1299
901
920
1300
902
921
1301
903
922
1302
904
923
1303
905
924
1304
906
925
1305
907
926
1306
908
927
1307
909
928
1308
910
929
1309
911
930
1310
912
931
1311
913
932
1312
914
933
1313
915
934
1314
916
935
1315
917
936
1316
918
937
1317
919
938
1318
939
1319
921
940
1320
922
941
1321
923
942
1322
924
943
1323
925
944
1324
926
945
1325
927
946
1326
928
947
1327
929
948
1328
930
949
1329
931
950
1330
932
951
1331
933
952
1332
934
953
1333
935
954
1334
936
955
1335
937
956
1336
938
957
1337
939
958
1338
959
1339
941
960
1340
942
961
1341
943
962
1342
944
963
1343
945
964
1344
946
965
1345
947
966
1346
948
967
1347
949
968
1348
950
969
1349
951
970
1350
952
971
1351
953
972
1352
954
973
1353
955
974
1354
956
975
1355
957
976
1356
958
977
1357
959
978
1358
979
1359
961
980
1360
962
981
1361
963
982
1362
964
983
1363
965
984
1364
966
985
1365
967
986
1366
968
987
1367
969
988
1368
970
989
1369
971
990
1370
972
991
1371
973
992
1372
974
993
1373
975
994
1374
976
995
1375
977
996
1376
978
997
1377
979
998
1378
999
1379
981
1000
1380
982
1001
1381
983
1002
1382
984
1003
1383
985
1004
1384
986
1005
1385
987
1006
1386
988
1007
1387
989
1008
1388
990
1009
1389
991
1010
1390
992
1011
1391
993
1012
1392
994
1013
1393
995
1014
1394
996
1015
1395
997
1016
1396
998
1017
1397
999
1018
1398
1019
1399
1001
1020
1400
1002
1021
1401
1003
1022
1402
1004
1023
1403
1005
1024
1404
1006
1025
1405
1007
1026
1406
1008
1027
1407
1009
1028
1408
1010
1029
1409
1011
1030
1410
1012
1031
1411
1013
1032
1412
1014
1033
1413
1015
1034
1414
1016
1035
1415
1017
1036
1416
1018
1037
1417
1019
1038
1418
1039
1419
1021
1040
1420
1022
1041
1421
1023
1042
1422
1024
1043
1423
1025
1044
1424
1026
1045
1425
1027
1046
1426
1028
1047
1427
1029
1048
1428
1030
1049
1429
1031
1050
1430
1032
1051
1431
1033
1052
1432
1034
1053
1433
1035
1054
1434
1036
1055
1435
1037
1056
1436
1038
1057
1437
1039
1058
1438
1059
1439
1041
1060
1440
1042
1061
1441
1043
1062
1442
1044
1063
1443
1045
1064
1444
1046
1065
1445
1047
1066
1446
1048
1067
1447
1049
1068
1448
1050
1069
1449
1051
1070
1450
1052
1071
1451
1053
1072
1452
1054
1073
1453
1055
1074
1454
1056
1075
1455
1057
1076
1456
1058
1077
1457
1059
1078
1458
1079
1459
1061
1080
1460
1062
1081
1461
1063
1082
1462
1064
1083
1463
1065
1084
1464
1066
1085
1465
1067
1086
1466
1068
1087
1467
1069
1088
1468
1070
1089
1469
1071
1090
1470
1072
1091
1471
1073
1092
1472
1074
1093
1473
1075
1094
1474
1076
1095
1475
1077
1096
1476
1078
1097
1477
1079
1098
1478
1099
1479
1081
1100
1480
1082
1101
1481
1083
1102
1482
1084
1103
1483
1085
1104
1484
1086
1105
1485
1087
1106
1486
1088
1107
1487
1089
1108
1488
1090
1109
1489
1091
1110
1490
1092
1111
1491
1093
1112
1492
1094
1113
1493
1095
1114
1494
1096
1115
1495
1097
1116
1496
1098
1117
1497
1099
1118
1498
1119
1499
1101
1120
1500
1102
1121
1501
1103
1122
1502
1104
1123
1503
1105
1124
1504
1106
1125
1505
1107
1126
1506
1108
1127
1507
1109
1128
1508
1110
1129
1509
1111
1130
1510
1112
1131
1511
1113
1132
1512
1114
1133
1513
1115
1134
1514
1116
1135
1515
1117
1136
1516
1118
1137
1517
1119
1138
1518
1139
1519
1121
1140
1520
1122
1141
1521
1123
1142
1522
1124
1143
1523
1125
1144
1524
1126
1145
1525
1127
1146
1526
1128
1147
1527
1129
1148
1528
1130
1149
1529
1131
1150
1530
1132
1151
1531
1133
1152
1532
1134
1153
1533
1135
1154
1534
1136
1155
1535
1137
1156
1536
1138
1157
1537
1139
1158
1538
1159
1539
1141
1160
1540
1142
1161
1541
1143
1162
1542
1144
1163
1543
1145
1164
1544
1146
1165
1545
1147
1166
1546
1148
1167
1547
1149
1168
1548
1150
1169
1549
1151
1170
1550
1152
1171
1551
1153
1172
1552
1154
1173
1553
1155
1174
1554
1156
1175
1555
1157
1176
1556
1158
1177
1557
1159
1178
1558
1179
1559
1161
1180
1560
1162
1181
1561
1163
1182
1562
1164
1183
1563
1165
1184
1564
1166
1185
1565
1167
1186
1566
1168
1187
1567
1169
1188
1568
1170
1189
1569
1171
1190
1570
1172
1191
1571
1173
1192
1572
1174
1193
1573
1175
1194
1574
1176
1195
1575
1177
1196
1576
1178
1197
1577
1179
1198
1578
1199
1579
1181
1580
1182
1581
1183
1582
1184
1583
1185
1584
1186
1585
1187
1586
1188
1587
1189
1588
1190
1589
1191
1590
1192
1591
1193
1592
1194
1593
1195
1594
1196
1595
1197
1596
1198
1597
1199
1598
1599
1201
1220
1600
1202
1221
1601
1203
1222
1602
1204
1223
1603
1205
1224
1604
1206
1225
1605
1207
1226
1606
1208
1227
1607
1209
1228
1608
1210
1229
1609
1211
1230
1610
1212
1231
1611
1213
1232
1612
1214
1233
1613
1215
1234
1614
1216
1235
1615
1217
1236
1616
1218
1237
1617
1219
1238
1618
1239
1619
1221
1240
1620
1222
1241
1621
1223
1242
1622
1224
1243
1623
1225
1244
1624
1226
1245
1625
1227
1246
1626
1228
1247
1627
1229
1248
1628
1230
1249
1629
1231
1250
1630
1232
1251
1631
1233
1252
1632
1234
1253
1633
1235
1254
1634
1236
1255
1635
1237
1256
1636
1238
1257
1637
1239
1258
1638
1259
1639
1241
1260
1640
1242
1261
1641
1243
1262
1642
1244
1263
1643
1245
1264
1644
1246
1265
1645
1247
1266
1646
1248
1267
1647
1249
1268
1648
1250
1269
1649
1251
1270
1650
1252
1271
1651
1253
1272
1652
1254
1273
1653
1255
1274
1654
1256
1275
1655
1257
1276
1656
1258
1277
1657
1259
1278
1658
1279
1659
1261
1280
1660
1262
1281
1661
1263
1282
1662
1264
1283
1663
1265
1284
1664
1266
1285
1665
1267
1286
1666
1268
1287
1667
1269
1288
1668
1270
1289
1669
1271
1290
1670
1272
1291
1671
1273
1292
1672
1274
1293
1673
1275
1294
1674
1276
1295
1675
1277
1296
1676
1278
1297
1677
1279
1298
1678
1299
1679
1281
1300
1680
1282
1301
1681
1283
1302
1682
1284
1303
1683
1285
1304
1684
1286
1305
1685
1287
1306
1686
1288
1307
1687
1289
1308
1688
1290
1309
1689
1291
1310
1690
1292
1311
1691
1293
1312
1692
1294
1313
1693
1295
1314
1694
1296
1315
1695
1297
1316
1696
1298
1317
1697
1299
1318
1698
1319
1699
1301
1320
1700
1302
1321
1701
1303
1322
1702
1304
1323
1703
1305
1324
1704
1306
1325
1705
1307
1326
1706
1308
1327
1707
1309
1328
1708
1310
1329
1709
1311
1330
1710
1312
1331
1711
1313
1332
1712
1314
1333
1713
1315
1334
1714
1316
1335
1715
1317
1336
1716
1318
1337
1717
1319
1338
1718
1339
1719
1321
1340
1720
1322
1341
1721
1323
1342
1722
1324
1343
1723
1325
1344
1724
1326
1345
1725
1327
1346
1726
1328
1347
1727
1329
1348
1728
1330
1349
1729
1331
1350
1730
1332
1351
1731
1333
1352
1732
1334
1353
1733
1335
1354
1734
1336
1355
1735
1337
1356
1736
1338
1357
1737
1339
1358
1738
1359
1739
1341
1360
1740
1342
1361
1741
1343
1362
1742
1344
1363
1743
1345
1364
1744
1346
1365
1745
1347
1366
1746
1348
1367
1747
1349
1368
1748
1350
1369
1749
1351
1370
1750
1352
1371
1751
1353
1372
1752
1354
1373
1753
1355
1374
1754
1356
1375
1755
1357
1376
1756
1358
1377
1757
1359
1378
1758
1379
1759
1361
1380
1760
1362
1381
1761
1363
1382
1762
1364
1383
1763
1365
1384
1764
1366
1385
1765
1367
1386
1766
1368
1387
1767
1369
1388
1768
1370
1389
1769
1371
1390
1770
1372
1391
1771
1373
1392
1772
1374
1393
1773
1375
1394
1774
1376
1395
1775
1377
1396
1776
1378
1397
1777
1379
1398
1778
1399
1779
1381
1400
1780
1382
1401
1781
1383
1402
1782
1384
1403
1783
1385
1404
1784
1386
1405
1785
1387
1406
1786
1388
1407
1787
1389
1408
1788
1390
1409
1789
1391
1410
1790
1392
1411
1791
1393
1412
1792
1394
1413
1793
1395
1414
1794
1396
1415
1795
1397
1416
1796
1398
1417
1797
1399
1418
1798
1419
1799
1401
1420
1800
1402
1421
1801
1403
1422
1802
1404
1423
1803
1405
1424
1804
1406
1425
1805
1407
1426
1806
1408
1427
1807
1409
1428
1808
1410
1429
1809
1411
1430
1810
1412
1431
1811
1413
1432
1812
1414
1433
1813
1415
1434
1814
1416
1435
1815
1417
1436
1816
1418
1437
1817
1419
1438
1818
1439
1819
1421
1440
1820
1422
1441
1821
1423
1442
1822
1424
1443
1823
1425
1444
1824
1426
1445
1825
1427
1446
1826
1428
1447
1827
1429
1448
1828
1430
1449
1829
1431
1450
1830
1432
1451
1831
1433
1452
1832
1434
1453
1833
1435
1454
1834
1436
1455
1835
1437
1456
1836
1438
1457
1837
1439
1458
1838
1459
1839
1441
1460
1840
1442
1461
1841
1443
1462
1842
1444
1463
1843
1445
1464
1844
1446
1465
1845
1447
1466
1846
1448
1467
1847
1449
1468
1848
1450
1469
1849
1451
1470
1850
1452
1471
1851
1453
1472
1852
1454
1473
1853
1455
1474
1854
1456
1475
1855
1457
1476
1856
1458
1477
1857
1459
1478
1858
1479
1859
1461
1480
1860
1462
1481
1861
1463
1482
1862
1464
1483
1863
1465
1484
1864
1466
1485
1865
1467
1486
1866
1468
1487
1867
1469
1488
1868
1470
1489
1869
1471
1490
1870
1472
1491
1871
1473
1492
1872
1474
1493
1873
1475
1494
1874
1476
1495
1875
1477
1496
1876
1478
1497
1877
1479
1498
1878
1499
1879
1481
1500
1880
1482
1501
1881
1483
1502
1882
1484
1503
1883
1485
1504
1884
1486
1505
1885
1487
1506
1886
1488
1507
1887
1489
1508
1888
1490
1509
1889
1491
1510
1890
1492
1511
1891
1493
1512
1892
1494
1513
1893
1495
1514
1894
1496
1515
1895
1497
1516
1896
1498
1517
1897
1499
1518
1898
1519
1899
1501
1520
1900
1502
1521
1901
1503
1522
1902
1504
1523
1903
1505
1524
1904
1506
1525
1905
1507
1526
1906
1508
1527
1907
1509
1528
1908
1510
1529
1909
1511
1530
1910
1512
1531
1911
1513
1532
1912
1514
1533
1913
1515
1534
1914
1516
1535
1915
1517
1536
1916
1518
1537
1917
1519
1538
1918
1539
1919
1521
1540
1920
1522
1541
1921
1523
1542
1922
1524
1543
1923
1525
1544
1924
1526
1545
1925
1527
1546
1926
1528
1547
1927
1529
1548
1928
1530
1549
1929
1531
1550
1930
1532
1551
1931
1533
1552
1932
1534
1553
1933
1535
1554
1934
1536
1555
1935
1537
1556
1936
1538
1557
1937
1539
1558
1938
1559
1939
1541
1560
1940
1542
1561
1941
1543
1562
1942
1544
1563
1943
1545
1564
1944
1546
1565
1945
1547
1566
1946
1548
1567
1947
1549
1568
1948
1550
1569
1949
1551
1570
1950
1552
1571
1951
1553
1572
1952
1554
1573
1953
1555
1574
1954
1556
1575
1955
1557
1576
1956
1558
1577
1957
1559
1578
1958
1579
1959
1561
1580
1960
1562
1581
1961
1563
1582
1962
1564
1583
1963
1565
1584
1964
1566
1585
1965
1567
1586
1966
1568
1587
1967
1569
1588
1968
1570
1589
1969
1571
1590
1970
1572
1591
1971
1573
1592
1972
1574
1593
1973
1575
1594
1974
1576
1595
1975
1577
1596
1976
1578
1597
1977
1579
1598
1978
1599
1979
1581
1980
1582
1981
1583
1982
1584
1983
1585
1984
1586
1985
1587
1986
1588
1987
1589
1988
1590
1989
1591
1990
1592
1991
1593
1992
1594
1993
1595
1994
1596
1995
1597
1996
1598
1997
1599
1998
1999
1601
1620
2000
1602
1621
2001
1603
1622
2002
1604
1623
2003
1605
1624
2004
1606
1625
2005
1607
1626
2006
1608
1627
2007
1609
1628
2008
1610
1629
2009
1611
1630
2010
1612
1631
2011
1613
1632
2012
1614
1633
2013
1615
1634
2014
1616
1635
2015
1617
1636
2016
1618
1637
2017
1619
1638
2018
1639
2019
1621
1640
2020
1622
1641
2021
1623
1642
2022
1624
1643
2023
1625
1644
2024
1626
1645
2025
1627
1646
2026
1628
1647
2027
1629
1648
2028
1630
1649
2029
1631
1650
2030
1632
1651
2031
1633
1652
2032
1634
1653
2033
1635
1654
2034
1636
1655
2035
1637
1656
2036
1638
1657
2037
1639
1658
2038
1659
2039
1641
1660
2040
1642
1661
2041
1643
1662
2042
1644
1663
2043
1645
1664
2044
1646
1665
2045
1647
1666
2046
1648
1667
2047
1649
1668
2048
1650
1669
2049
1651
1670
2050
1652
1671
2051
1653
1672
2052
1654
1673
2053
1655
1674
2054
1656
1675
2055
1657
1676
2056
1658
1677
2057
1659
1678
2058
1679
2059
1661
1680
2060
1662
1681
2061
1663
1682
2062
1664
1683
2063
1665
1684
2064
1666
1685
2065
1667
1686
2066
1668
1687
2067
1669
1688
2068
1670
1689
2069
1671
1690
2070
1672
1691
2071
1673
1692
2072
1674
1693
2073
1675
1694
2074
1676
1695
2075
1677
1696
2076
1678
1697
2077
1679
1698
2078
1699
2079
1681
1700
2080
1682
1701
2081
1683
1702
2082
1684
1703
2083
1685
1704
2084
1686
1705
2085
1687
1706
2086
1688
1707
2087
1689
1708
2088
1690
1709
2089
1691
1710
2090
1692
1711
2091
1693
1712
2092
1694
1713
2093
1695
1714
2094
1696
1715
2095
1697
1716
2096
1698
1717
2097
1699
1718
2098
1719
2099
1701
1720
2100
1702
1721
2101
1703
1722
2102
1704
1723
2103
1705
1724
2104
1706
1725
2105
1707
1726
2106
1708
1727
2107
1709
1728
2108
1710
1729
2109
1711
1730
2110
1712
1731
2111
1713
1732
2112
1714
1733
2113
1715
1734
2114
1716
1735
2115
1717
1736
2116
1718
1737
2117
1719
1738
2118
1739
2119
1721
1740
2120
1722
1741
2121
1723
1742
2122
1724
1743
2123
1725
1744
2124
1726
1745
2125
1727
1746
2126
1728
1747
2127
1729
1748
2128
1730
1749
2129
1731
1750
2130
1732
1751
2131
1733
1752
2132
1734
1753
2133
1735
1754
2134
1736
1755
2135
1737
1756
2136
1738
1757
2137
1739
1758
2138
1759
2139
1741
1760
2140
1742
1761
2141
1743
1762
2142
1744
1763
2143
1745
1764
2144
1746
1765
2145
1747
1766
2146
1748
1767
2147
1749
1768
2148
1750
1769
2149
1751
1770
2150
1752
1771
2151
1753
1772
2152
1754
1773
2153
1755
1774
2154
1756
1775
2155
1757
1776
2156
1758
1777
2157
1759
1778
2158
1779
2159
1761
1780
2160
1762
1781
2161
1763
1782
2162
1764
1783
2163
1765
1784
2164
1766
1785
2165
1767
1786
2166
1768
1787
2167
1769
1788
2168
1770
1789
2169
1771
1790
2170
1772
1791
2171
1773
1792
2172
1774
1793
2173
1775
1794
2174
1776
1795
2175
1777
1796
2176
1778
1797
2177
1779
1798
2178
1799
2179
1781
1800
2180
1782
1801
2181
1783
1802
2182
1784
1803
2183
1785
1804
2184
1786
1805
2185
1787
1806
2186
1788
1807
2187
1789
1808
2188
1790
1809
2189
1791
1810
2190
1792
1811
2191
1793
1812
2192
1794
1813
2193
1795
1814
2194
1796
1815
2195
1797
1816
2196
1798
1817
2197
1799
1818
2198
1819
2199
1801
1820
2200
1802
1821
2201
1803
1822
2202
1804
1823
2203
1805
1824
2204
1806
1825
2205
1807
1826
2206
1808
1827
2207
1809
1828
2208
1810
1829
2209
1811
1830
2210
1812
1831
2211
1813
1832
2212
1814
1833
2213
1815
1834
2214
1816
1835
2215
1817
1836
2216
1818
1837
2217
1819
1838
2218
1839
2219
1821
1840
2220
1822
1841
2221
1823
1842
2222
1824
1843
2223
1825
1844
2224
1826
1845
2225
1827
1846
2226
1828
1847
2227
1829
1848
2228
1830
1849
2229
1831
1850
2230
1832
1851
2231
1833
1852
2232
1834
1853
2233
1835
1854
2234
1836
1855
2235
1837
1856
2236
1838
1857
2237
1839
1858
2238
1859
2239
1841
1860
2240
1842
1861
2241
1843
1862
2242
1844
1863
2243
1845
1864
2244
1846
1865
2245
1847
1866
2246
1848
1867
2247
1849
1868
2248
1850
1869
2249
1851
1870
2250
1852
1871
2251
1853
1872
2252
1854
1873
2253
1855
1874
2254
1856
1875
2255
1857
1876
2256
1858
1877
2257
1859
1878
2258
1879
2259
1861
1880
2260
1862
1881
2261
1863
1882
2262
1864
1883
2263
1865
1884
2264
1866
1885
2265
1867
1886
2266
1868
1887
2267
1869
1888
2268
1870
1889
2269
1871
1890
2270
1872
1891
2271
1873
1892
2272
1874
1893
2273
1875
1894
2274
1876
1895
2275
1877
1896
2276
1878
1897
2277
1879
1898
2278
1899
2279
1881
1900
2280
1882
1901
2281
1883
1902
2282
1884
1903
2283
1885
1904
2284
1886
1905
2285
1887
1906
2286
1888
1907
2287
1889
1908
2288
1890
1909
2289
1891
1910
2290
1892
1911
2291
1893
1912
2292
1894
1913
2293
1895
1914
2294
1896
1915
2295
1897
1916
2296
1898
1917
2297
1899
1918
2298
1919
2299
1901
1920
2300
1902
1921
2301
1903
1922
2302
1904
1923
2303
1905
1924
2304
1906
1925
2305
1907
1926
2306
1908
1927
2307
1909
1928
2308
1910
1929
2309
1911
1930
2310
1912
1931
2311
1913
1932
2312
1914
1933
2313
1915
1934
2314
1916
1935
2315
1917
1936
2316
1918
1937
2317
1919
1938
2318
1939
2319
1921
1940
2320
1922
1941
2321
1923
1942
2322
1924
1943
2323
1925
1944
2324
1926
1945
2325
1927
1946
2326
1928
1947
2327
1929
1948
2328
1930
1949
2329
1931
1950
2330
1932
1951
2331
1933
1952
2332
1934
1953
2333
1935
1954
2334
1936
1955
2335
1937
1956
2336
1938
1957
2337
1939
1958
2338
1959
2339
1941
1960
2340
1942
1961
2341
1943
1962
2342
1944
1963
2343
1945
1964
2344
1946
1965
2345
1947
1966
2346
1948
1967
2347
1949
1968
2348
1950
1969
2349
1951
1970
2350
1952
1971
2351
1953
1972
2352
1954
1973
2353
1955
1974
2354
1956
1975
2355
1957
1976
2356
1958
1977
2357
1959
1978
2358
1979
2359
1961
1980
2360
1962
1981
2361
1963
1982
2362
1964
1983
2363
1965
1984
2364
1966
1985
2365
1967
1986
2366
1968
1987
2367
1969
1988
2368
1970
1989
2369
1971
1990
2370
1972
1991
2371
1973
1992
2372
1974
1993
2373
1975
1994
2374
1976
1995
2375
1977
1996
2376
1978
1997
2377
1979
1998
2378
1999
2379
1981
2380
1982
2381
1983
2382
1984
2383
1985
2384
1986
2385
1987
2386
1988
2387
1989
2388
1990
2389
1991
2390
1992
2391
1993
2392
1994
2393
1995
2394
1996
2395
1997
2396
1998
2397
1999
2398
2399
2001
2020
2400
2002
2021
2401
2003
2022
2402
2004
2023
2403
2005
2024
2404
2006
2025
2405
2007
2026
2406
2008
2027
2407
2009
2028
2408
2010
2029
2409
2011
2030
2410
2012
2031
2411
2013
2032
2412
2014
2033
2413
2015
2034
2414
2016
2035
2415
2017
2036
2416
2018
2037
2417
2019
2038
2418
2039
2419
2021
2040
2420
2022
2041
2421
2023
2042
2422
2024
2043
2423
2025
2044
2424
2026
2045
2425
2027
2046
2426
2028
2047
2427
2029
2048
2428
2030
2049
2429
2031
2050
2430
2032
2051
2431
2033
2052
2432
2034
2053
2433
2035
2054
2434
2036
2055
2435
2037
2056
2436
2038
2057
2437
2039
2058
2438
2059
2439
2041
2060
2440
2042
2061
2441
2043
2062
2442
2044
2063
2443
2045
2064
2444
2046
2065
2445
2047
2066
2446
2048
2067
2447
2049
2068
2448
2050
2069
2449
2051
2070
2450
2052
2071
2451
2053
2072
2452
2054
2073
2453
2055
2074
2454
2056
2075
2455
2057
2076
2456
2058
2077
2457
2059
2078
2458
2079
2459
2061
2080
2460
2062
2081
2461
2063
2082
2462
2064
2083
2463
2065
2084
2464
2066
2085
2465
2067
2086
2466
2068
2087
2467
2069
2088
2468
2070
2089
2469
2071
2090
2470
2072
2091
2471
2073
2092
2472
2074
2093
2473
2075
2094
2474
2076
2095
2475
2077
2096
2476
2078
2097
2477
2079
2098
2478
2099
2479
2081
2100
2480
2082
2101
2481
2083
2102
2482
2084
2103
2483
2085
2104
2484
2086
2105
2485
2087
2106
2486
2088
2107
2487
2089
2108
2488
2090
2109
2489
2091
2110
2490
2092
2111
2491
2093
2112
2492
2094
2113
2493
2095
2114
2494
2096
2115
2495
2097
2116
2496
2098
2117
2497
2099
2118
2498
2119
2499
2101
2120
2500
2102
2121
2501
2103
2122
2502
2104
2123
2503
2105
2124
2504
2106
2125
2505
2107
2126
2506
2108
2127
2507
2109
2128
2508
2110
2129
2509
2111
2130
2510
2112
2131
2511
2113
2132
2512
2114
2133
2513
2115
2134
2514
2116
2135
2515
2117
2136
2516
2118
2137
2517
2119
2138
2518
2139
2519
2121
2140
2520
2122
2141
2521
2123
2142
2522
2124
2143
2523
2125
2144
2524
2126
2145
2525
2127
2146
2526
2128
2147
2527
2129
2148
2528
2130
2149
2529
2131
2150
2530
2132
2151
2531
2133
2152
2532
2134
2153
2533
2135
2154
2534
2136
2155
2535
2137
2156
2536
2138
2157
2537
2139
2158
2538
2159
2539
2141
2160
2540
2142
2161
2541
2143
2162
2542
2144
2163
2543
2145
2164
2544
2146
2165
2545
2147
2166
2546
2148
2167
2547
2149
2168
2548
2150
2169
2549
2151
2170
2550
2152
2171
2551
2153
2172
2552
2154
2173
2553
2155
2174
2554
2156
2175
2555
2157
2176
2556
2158
2177
2557
2159
2178
2558
2179
2559
2161
2180
2560
2162
2181
2561
2163
2182
2562
2164
2183
2563
2165
2184
2564
2166
2185
2565
2167
2186
2566
2168
2187
2567
2169
2188
2568
2170
2189
2569
2171
2190
2570
2172
2191
2571
2173
2192
2572
2174
2193
2573
2175
2194
2574
2176
2195
2575
2177
2196
2576
2178
2197
2577
2179
2198
2578
2199
2579
2181
2200
2580
2182
2201
2581
2183
2202
2582
2184
2203
2583
2185
2204
2584
2186
2205
2585
2187
2206
2586
2188
2207
2587
2189
2208
2588
2190
2209
2589
2191
2210
2590
2192
2211
2591
2193
2212
2592
2194
2213
2593
2195
2214
2594
2196
2215
2595
2197
2216
2596
2198
2217
2597
2199
2218
2598
2219
2599
2201
2220
2600
2202
2221
2601
2203
2222
2602
2204
2223
2603
2205
2224
2604
2206
2225
2605
2207
2226
2606
2208
2227
2607
2209
2228
2608
2210
2229
2609
2211
2230
2610
2212
2231
2611
2213
2232
2612
2214
2233
2613
2215
2234
2614
2216
2235
2615
2217
2236
2616
2218
2237
2617
2219
2238
2618
2239
2619
2221
2240
2620
2222
2241
2621
2223
2242
2622
2224
2243
2623
2225
2244
2624
2226
2245
2625
2227
2246
2626
2228
2247
2627
2229
2248
2628
2230
2249
2629
2231
2250
2630
2232
2251
2631
2233
2252
2632
2234
2253
2633
2235
2254
2634
2236
2255
2635
2237
2256
2636
2238
2257
2637
2239
2258
2638
2259
2639
2241
2260
2640
2242
2261
2641
2243
2262
2642
2244
2263
2643
2245
2264
2644
2246
2265
2645
2247
2266
2646
2248
2267
2647
2249
2268
2648
2250
2269
2649
2251
2270
2650
2252
2271
2651
2253
2272
2652
2254
2273
2653
2255
2274
2654
2256
2275
2655
2257
2276
2656
2258
2277
2657
2259
2278
2658
2279
2659
2261
2280
2660
2262
2281
2661
2263
2282
2662
2264
2283
2663
2265
2284
2664
2266
2285
2665
2267
2286
2666
2268
2287
2667
2269
2288
2668
2270
2289
2669
2271
2290
2670
2272
2291
2671
2273
2292
2672
2274
2293
2673
2275
2294
2674
2276
2295
2675
2277
2296
2676
2278
2297
2677
2279
2298
2678
2299
2679
2281
2300
2680
2282
2301
2681
2283
2302
2682
2284
2303
2683
2285
2304
2684
2286
2305
2685
2287
2306
2686
2288
2307
2687
2289
2308
2688
2290
2309
2689
2291
2310
2690
2292
2311
2691
2293
2312
2692
2294
2313
2693
2295
2314
2694
2296
2315
2695
2297
2316
2696
2298
2317
2697
2299
2318
2698
2319
2699
2301
2320
2700
2302
2321
2701
2303
2322
2702
2304
2323
2703
2305
2324
2704
2306
2325
2705
2307
2326
2706
2308
2327
2707
2309
2328
2708
2310
2329
2709
2311
2330
2710
2312
2331
2711
2313
2332
2712
2314
2333
2713
2315
2334
2714
2316
2335
2715
2317
2336
2716
2318
2337
2717
2319
2338
2718
2339
2719
2321
2340
2720
2322
2341
2721
2323
2342
2722
2324
2343
2723
2325
2344
2724
2326
2345
2725
2327
2346
2726
2328
2347
2727
2329
2348
2728
2330
2349
2729
2331
2350
2730
2332
2351
2731
2333
2352
2732
2334
2353
2733
2335
2354
2734
2336
2355
2735
2337
2356
2736
2338
2357
2737
2339
2358
2738
2359
2739
2341
2360
2740
2342
2361
2741
2343
2362
2742
2344
2363
2743
2345
2364
2744
2346
2365
2745
2347
2366
2746
2348
2367
2747
2349
2368
2748
2350
2369
2749
2351
2370
2750
2352
2371
2751
2353
2372
2752
2354
2373
2753
2355
2374
2754
2356
2375
2755
2357
2376
2756
2358
2377
2757
2359
2378
2758
2379
2759
2361
2380
2760
2362
2381
2761
2363
2382
2762
2364
2383
2763
2365
2384
2764
2366
2385
2765
2367
2386
2766
2368
2387
2767
2369
2388
2768
2370
2389
2769
2371
2390
2770
2372
2391
2771
2373
2392
2772
2374
2393
2773
2375
2394
2774
2376
2395
2775
2377
2396
2776
2378
2397
2777
2379
2398
2778
2399
2779
2381
2780
2382
2781
2383
2782
2384
2783
2385
2784
2386
2785
2387
2786
2388
2787
2389
2788
2390
2789
2391
2790
2392
2791
2393
2792
2394
2793
2395
2794
2396
2795
2397
2796
2398
2797
2399
2798
2799
2401
2420
2800
2402
2421
2801
2403
2422
2802
2404
2423
2803
2405
2424
2804
2406
2425
2805
2407
2426
2806
2408
2427
2807
2409
2428
2808
2410
2429
2809
2411
2430
2810
2412
2431
2811
2413
2432
2812
2414
2433
2813
2415
2434
2814
2416
2435
2815
2417
2436
2816
2418
2437
2817
2419
2438
2818
2439
2819
2421
2440
2820
2422
2441
2821
2423
2442
2822
2424
2443
2823
2425
2444
2824
2426
2445
2825
2427
2446
2826
2428
2447
2827
2429
2448
2828
2430
2449
2829
2431
2450
2830
2432
2451
2831
2433
2452
2832
2434
2453
2833
2435
2454
2834
2436
2455
2835
2437
2456
2836
2438
2457
2837
2439
2458
2838
2459
2839
2441
2460
2840
2442
2461
2841
2443
2462
2842
2444
2463
2843
2445
2464
2844
2446
2465
2845
2447
2466
2846
2448
2467
2847
2449
2468
2848
2450
2469
2849
2451
2470
2850
2452
2471
2851
2453
2472
2852
2454
2473
2853
2455
2474
2854
2456
2475
2855
2457
2476
2856
2458
2477
2857
2459
2478
2858
2479
2859
2461
2480
2860
2462
2481
2861
2463
2482
2862
2464
2483
2863
2465
2484
2864
2466
2485
2865
2467
2486
2866
2468
2487
2867
2469
2488
2868
2470
2489
2869
2471
2490
2870
2472
2491
2871
2473
2492
2872
2474
2493
2873
2475
2494
2874
2476
2495
2875
2477
2496
2876
2478
2497
2877
2479
2498
2878
2499
2879
2481
2500
2880
2482
2501
2881
2483
2502
2882
2484
2503
2883
2485
2504
2884
2486
2505
2885
2487
2506
2886
2488
2507
2887
2489
2508
2888
2490
2509
2889
2491
2510
2890
2492
2511
2891
2493
2512
2892
2494
2513
2893
2495
2514
2894
2496
2515
2895
2497
2516
2896
2498
2517
2897
2499
2518
2898
2519
2899
2501
2520
2900
2502
2521
2901
2503
2522
2902
2504
2523
2903
2505
2524
2904
2506
2525
2905
2507
2526
2906
2508
2527
2907
2509
2528
2908
2510
2529
2909
2511
2530
2910
2512
2531
2911
2513
2532
2912
2514
2533
2913
2515
2534
2914
2516
2535
2915
2517
2536
2916
2518
2537
2917
2519
2538
2918
2539
2919
2521
2540
2920
2522
2541
2921
2523
2542
2922
2524
2543
2923
2525
2544
2924
2526
2545
2925
2527
2546
2926
2528
2547
2927
2529
2548
2928
2530
2549
2929
2531
2550
2930
2532
2551
2931
2533
2552
2932
2534
2553
2933
2535
2554
2934
2536
2555
2935
2537
2556
2936
2538
2557
2937
2539
2558
2938
2559
2939
2541
2560
2940
2542
2561
2941
2543
2562
2942
2544
2563
2943
2545
2564
2944
2546
2565
2945
2547
2566
2946
2548
2567
2947
2549
2568
2948
2550
2569
2949
2551
2570
2950
2552
2571
2951
2553
2572
2952
2554
2573
2953
2555
2574
2954
2556
2575
2955
2557
2576
2956
2558
2577
2957
2559
2578
2958
2579
2959
2561
2580
2960
2562
2581
2961
2563
2582
2962
2564
2583
2963
2565
2584
2964
2566
2585
2965
2567
2586
2966
2568
2587
2967
2569
2588
2968
2570
2589
2969
2571
2590
2970
2572
2591
2971
2573
2592
2972
2574
2593
2973
2575
2594
2974
2576
2595
2975
2577
2596
2976
2578
2597
2977
2579
2598
2978
2599
2979
2581
2600
2980
2582
2601
2981
2583
2602
2982
2584
2603
2983
2585
2604
2984
2586
2605
2985
2587
2606
2986
2588
2607
2987
2589
2608
2988
2590
2609
2989
2591
2610
2990
2592
2611
2991
2593
2612
2992
2594
2613
2993
2595
2614
2994
2596
2615
2995
2597
2616
2996
2598
2617
2997
2599
2618
2998
2619
2999
2601
2620
3000
2602
2621
3001
2603
2622
3002
2604
2623
3003
2605
2624
3004
2606
2625
3005
2607
2626
3006
2608
2627
3007
2609
2628
3008
2610
2629
3009
2611
2630
3010
2612
2631
3011
2613
2632
3012
2614
2633
3013
2615
2634
3014
2616
2635
3015
2617
2636
3016
2618
2637
3017
2619
2638
3018
2639
3019
2621
2640
3020
2622
2641
3021
2623
2642
3022
2624
2643
3023
2625
2644
3024
2626
2645
3025
2627
2646
3026
2628
2647
3027
2629
2648
3028
2630
2649
3029
2631
2650
3030
2632
2651
3031
2633
2652
3032
2634
2653
3033
2635
2654
3034
2636
2655
3035
2637
2656
3036
2638
2657
3037
2639
2658
3038
2659
3039
2641
2660
3040
2642
2661
3041
2643
2662
3042
2644
2663
3043
2645
2664
3044
2646
2665
3045
2647
2666
3046
2648
2667
3047
2649
2668
3048
2650
2669
3049
2651
2670
3050
2652
2671
3051
2653
2672
3052
2654
2673
3053
2655
2674
3054
2656
2675
3055
2657
2676
3056
2658
2677
3057
2659
2678
3058
2679
3059
2661
2680
3060
2662
2681
3061
2663
2682
3062
2664
2683
3063
2665
2684
3064
2666
2685
3065
2667
2686
3066
2668
2687
3067
2669
2688
3068
2670
2689
3069
2671
2690
3070
2672
2691
3071
2673
2692
3072
2674
2693
3073
2675
2694
3074
2676
2695
3075
2677
2696
3076
2678
2697
3077
2679
2698
3078
2699
3079
2681
2700
3080
2682
2701
3081
2683
2702
3082
2684
2703
3083
2685
2704
3084
2686
2705
3085
2687
2706
3086
2688
2707
3087
2689
2708
3088
2690
2709
3089
2691
2710
3090
2692
2711
3091
2693
2712
3092
2694
2713
3093
2695
2714
3094
2696
2715
3095
2697
2716
3096
2698
2717
3097
2699
2718
3098
2719
3099
2701
2720
3100
2702
2721
3101
2703
2722
3102
2704
2723
3103
2705
2724
3104
2706
2725
3105
2707
2726
3106
2708
2727
3107
2709
2728
3108
2710
2729
3109
2711
2730
3110
2712
2731
3111
2713
2732
3112
2714
2733
3113
2715
2734
3114
2716
2735
3115
2717
2736
3116
2718
2737
3117
2719
2738
3118
2739
3119
2721
2740
3120
2722
2741
3121
2723
2742
3122
2724
2743
3123
2725
2744
3124
2726
2745
3125
2727
2746
3126
2728
2747
3127
2729
2748
3128
2730
2749
3129
2731
2750
3130
2732
2751
3131
2733
2752
3132
2734
2753
3133
2735
2754
3134
2736
2755
3135
2737
2756
3136
2738
2757
3137
2739
2758
3138
2759
3139
2741
2760
3140
2742
2761
3141
2743
2762
3142
2744
2763
3143
2745
2764
3144
2746
2765
3145
2747
2766
3146
2748
2767
3147
2749
2768
3148
2750
2769
3149
2751
2770
3150
2752
2771
3151
2753
2772
3152
2754
2773
3153
2755
2774
3154
2756
2775
3155
2757
2776
3156
2758
2777
3157
2759
2778
3158
2779
3159
2761
2780
3160
2762
2781
3161
2763
2782
3162
2764
2783
3163
2765
2784
3164
2766
2785
3165
2767
2786
3166
2768
2787
3167
2769
2788
3168
2770
2789
3169
2771
2790
3170
2772
2791
3171
2773
2792
3172
2774
2793
3173
2775
2794
3174
2776
2795
3175
2777
2796
3176
2778
2797
3177
2779
2798
3178
2799
3179
2781
3180
2782
3181
2783
3182
2784
3183
2785
3184
2786
3185
2787
3186
2788
3187
2789
3188
2790
3189
2791
3190
2792
3191
2793
3192
2794
3193
2795
3194
2796
3195
2797
3196
2798
3197
2799
3198
3199
2801
2820
3200
2802
2821
3201
2803
2822
3202
2804
2823
3203
2805
2824
3204
2806
2825
3205
2807
2826
3206
2808
2827
3207
2809
2828
3208
2810
2829
3209
2811
2830
3210
2812
2831
3211
2813
2832
3212
2814
2833
3213
2815
2834
3214
2816
2835
3215
2817
2836
3216
2818
2837
3217
2819
2838
3218
2839
3219
2821
2840
3220
2822
2841
3221
2823
2842
3222
2824
2843
3223
2825
2844
3224
2826
2845
3225
2827
2846
3226
2828
2847
3227
2829
2848
3228
2830
2849
3229
2831
2850
3230
2832
2851
3231
2833
2852
3232
2834
2853
3233
2835
2854
3234
2836
2855
3235
2837
2856
3236
2838
2857
3237
2839
2858
3238
2859
3239
2841
2860
3240
2842
2861
3241
2843
2862
3242
2844
2863
3243
2845
2864
3244
2846
2865
3245
2847
2866
3246
2848
2867
3247
2849
2868
3248
2850
2869
3249
2851
2870
3250
2852
2871
3251
2853
2872
3252
2854
2873
3253
2855
2874
3254
2856
2875
3255
2857
2876
3256
2858
2877
3257
2859
2878
3258
2879
3259
2861
2880
3260
2862
2881
3261
2863
2882
3262
2864
2883
3263
2865
2884
3264
2866
2885
3265
2867
2886
3266
2868
2887
3267
2869
2888
3268
2870
2889
3269
2871
2890
3270
2872
2891
3271
2873
2892
3272
2874
2893
3273
2875
2894
3274
2876
2895
3275
2877
2896
3276
2878
2897
3277
2879
2898
3278
2899
3279
2881
2900
3280
2882
2901
3281
2883
2902
3282
2884
2903
3283
2885
2904
3284
2886
2905
3285
2887
2906
3286
2888
2907
3287
2889
2908
3288
2890
2909
3289
2891
2910
3290
2892
2911
3291
2893
2912
3292
2894
2913
3293
2895
2914
3294
2896
2915
3295
2897
2916
3296
2898
2917
3297
2899
2918
3298
2919
3299
2901
2920
3300
2902
2921
3301
2903
2922
3302
2904
2923
3303
2905
2924
3304
2906
2925
3305
2907
2926
3306
2908
2927
3307
2909
2928
3308
2910
2929
3309
2911
2930
3310
2912
2931
3311
2913
2932
3312
2914
2933
3313
2915
2934
3314
2916
2935
3315
2917
2936
3316
2918
2937
3317
2919
2938
3318
2939
3319
2921
2940
3320
2922
2941
3321
2923
2942
3322
2924
2943
3323
2925
2944
3324
2926
2945
3325
2927
2946
3326
2928
2947
3327
2929
2948
3328
18769
18770
18771
2930
2949
3329
16956
16957
16958
2931
2950
3330
16963
16964
16965
2932
2951
3331
18776
18777
18778
2933
2952
3332
2934
2953
3333
2935
2954
3334
2936
2955
3335
2937
2956
3336
2938
2957
3337
2939
2958
3338
2959
3339
2941
2960
3340
2942
2961
3341
2943
2962
3342
2944
2963
3343
2945
2964
3344
2946
2965
3345
2947
2966
3346
2948
2967
3347
2949
2968
3348
11468
11469
11470
2950
2969
3349
11475
11476
11477
2951
2970
3350
11482
11483
11484
2952
2971
3351
11489
11490
11491
2953
2972
3352
2954
2973
3353
2955
2974
3354
2956
2975
3355
2957
2976
3356
2958
2977
3357
2959
2978
3358
2979
3359
2961
2980
3360
2962
2981
3361
2963
2982
3362
2964
2983
3363
2965
2984
3364
2966
2985
3365
2967
2986
3366
2968
2987
3367
18783
18784
18785
2969
2988
3368
11496
11497
11498
2970
2989
3369
11503
11504
11505
2971
2990
3370
11510
11511
11512
2972
2991
3371
11517
11518
11519
2973
2992
3372
18790
18791
18792
2974
2993
3373
2975
2994
3374
2976
2995
3375
2977
2996
3376
2978
2997
3377
2979
2998
3378
2999
3379
2981
3000
3380
2982
3001
3381
2983
3002
3382
2984
3003
3383
2985
3004
3384
2986
3005
3385
2987
3006
3386
2988
3007
3387
2989
3008
3388
16970
16971
16972
2990
3009
3389
11524
11525
11526
2991
3010
3390
11531
11532
11533
2992
3011
3391
16977
16978
16979
2993
3012
3392
2994
3013
3393
2995
3014
3394
2996
3015
3395
2997
3016
3396
2998
3017
3397
2999
3018
3398
3019
3399
3001
3020
3400
3002
3021
3401
3003
3022
3402
3004
3023
3403
3005
3024
3404
3006
3025
3405
3007
3026
3406
3008
3027
3407
3009
3028
3408
16984
16985
16986
3010
3029
3409
11538
11539
11540
3011
3030
3410
11545
11546
11547
3012
3031
3411
16991
16992
16993
3013
3032
3412
3014
3033
3413
3015
3034
3414
3016
3035
3415
3017
3036
3416
3018
3037
3417
3019
3038
3418
3039
3419
3021
3040
3420
3022
3041
3421
3023
3042
3422
3024
3043
3423
3025
3044
3424
3026
3045
3425
3027
3046
3426
3028
3047
3427
18797
18798
18799
3029
3048
3428
11552
11553
11554
3030
3049
3429
11559
11560
11561
3031
3050
3430
11566
11567
11568
3032
3051
3431
11573
11574
11575
3033
3052
3432
18804
18805
18806
3034
3053
3433
3035
3054
3434
3036
3055
3435
3037
3056
3436
3038
3057
3437
3039
3058
3438
3059
3439
3041
3060
3440
3042
3061
3441
3043
3062
3442
3044
3063
3443
3045
3064
3444
3046
3065
3445
3047
3066
3446
3048
3067
3447
3049
3068
3448
11580
11581
11582
3050
3069
3449
11587
11588
11589
3051
3070
3450
11594
11595
11596
3052
3071
3451
11601
11602
11603
3053
3072
3452
3054
3073
3453
3055
3074
3454
3056
3075
3455
3057
3076
3456
3058
3077
3457
3059
3078
3458
3079
3459
3061
3080
3460
3062
3081
3461
3063
3082
3462
3064
3083
3463
3065
3084
3464
3066
3085
3465
3067
3086
3466
3068
3087
3467
3069
3088
3468
18811
18812
18813
3070
3089
3469
18818
18819
18820
3071
3090
3470
18825
18826
18827
3072
3091
3471
18832
18833
18834
3073
3092
3472
3074
3093
3473
3075
3094
3474
3076
3095
3475
3077
3096
3476
3078
3097
3477
3079
3098
3478
3099
3479
3081
3100
3480
3082
3101
3481
3083
3102
3482
3084
3103
3483
3085
3104
3484
3086
3105
3485
3087
3106
3486
3088
3107
3487
3089
3108
3488
3090
3109
3489
3091
3110
3490
3092
3111
3491
3093
3112
3492
3094
3113
3493
3095
3114
3494
3096
3115
3495
3097
3116
3496
3098
3117
3497
3099
3118
3498
3119
3499
3101
3120
3500
3102
3121
3501
3103
3122
3502
3104
3123
3503
3105
3124
3504
3106
3125
3505
3107
3126
3506
3108
3127
3507
3109
3128
3508
3110
3129
3509
3111
3130
3510
3112
3131
3511
3113
3132
3512
3114
3133
3513
3115
3134
3514
3116
3135
3515
3117
3136
3516
3118
3137
3517
3119
3138
3518
3139
3519
3121
3140
3520
3122
3141
3521
3123
3142
3522
3124
3143
3523
3125
3144
3524
3126
3145
3525
3127
3146
3526
3128
3147
3527
3129
3148
3528
3130
3149
3529
3131
3150
3530
3132
3151
3531
3133
3152
3532
3134
3153
3533
3135
3154
3534
3136
3155
3535
3137
3156
3536
3138
3157
3537
3139
3158
3538
3159
3539
3141
3160
3540
3142
3161
3541
3143
3162
3542
3144
3163
3543
3145
3164
3544
3146
3165
3545
3147
3166
3546
3148
3167
3547
3149
3168
3548
3150
3169
3549
3151
3170
3550
3152
3171
3551
3153
3172
3552
3154
3173
3553
3155
3174
3554
3156
3175
3555
3157
3176
3556
3158
3177
3557
3159
3178
3558
3179
3559
3161
3180
3560
3162
3181
3561
3163
3182
3562
3164
3183
3563
3165
3184
3564
3166
3185
3565
3167
3186
3566
3168
3187
3567
3169
3188
3568
3170
3189
3569
3171
3190
3570
3172
3191
3571
3173
3192
3572
3174
3193
3573
3175
3194
3574
3176
3195
3575
3177
3196
3576
3178
3197
3577
3179
3198
3578
3199
3579
3181
3580
3182
3581
3183
3582
3184
3583
3185
3584
3186
3585
3187
3586
3188
3587
3189
3588
3190
3589
3191
3590
3192
3591
3193
3592
3194
3593
3195
3594
3196
3595
3197
3596
3198
3597
3199
3598
3599
3201
3220
3600
3202
3221
3601
3203
3222
3602
3204
3223
3603
3205
3224
3604
3206
3225
3605
3207
3226
3606
3208
3227
3607
3209
3228
3608
3210
3229
3609
3211
3230
3610
3212
3231
3611
3213
3232
3612
3214
3233
3613
3215
3234
3614
3216
3235
3615
3217
3236
3616
3218
3237
3617
3219
3238
3618
3239
3619
3221
3240
3620
3222
3241
3621
3223
3242
3622
3224
3243
3623
3225
3244
3624
3226
3245
3625
3227
3246
3626
3228
3247
3627
3229
3248
3628
3230
3249
3629
3231
3250
3630
3232
3251
3631
3233
3252
3632
3234
3253
3633
3235
3254
3634
3236
3255
3635
3237
3256
3636
3238
3257
3637
3239
3258
3638
3259
3639
3241
3260
3640
3242
3261
3641
3243
3262
3642
3244
3263
3643
3245
3264
3644
3246
3265
3645
3247
3266
3646
3248
3267
3647
3249
3268
3648
3250
3269
3649
3251
3270
3650
3252
3271
3651
3253
3272
3652
3254
3273
3653
3255
3274
3654
3256
3275
3655
3257
3276
3656
3258
3277
3657
3259
3278
3658
3279
3659
3261
3280
3660
3262
3281
3661
3263
3282
3662
3264
3283
3663
3265
3284
3664
3266
3285
3665
3267
3286
3666
3268
3287
3667
3269
3288
3668
3270
3289
3669
3271
3290
3670
3272
3291
3671
3273
3292
3672
3274
3293
3673
3275
3294
3674
3276
3295
3675
3277
3296
3676
3278
3297
3677
3279
3298
3678
3299
3679
3281
3300
3680
3282
3301
3681
3283
3302
3682
3284
3303
3683
3285
3304
3684
3286
3305
3685
3287
3306
3686
3288
3307
3687
3289
3308
3688
3290
3309
3689
3291
3310
3690
3292
3311
3691
3293
3312
3692
3294
3313
3693
3295
3314
3694
3296
3315
3695
3297
3316
3696
3298
3317
3697
3299
3318
3698
3319
3699
3301
3320
3700
3302
3321
3701
3303
3322
3702
3304
3323
3703
3305
3324
3704
3306
3325
3705
3307
3326
3706
3308
3327
3707
3309
3328
3708
18769
18772
18773
3310
3329
3709
16956
16959
16960
18839
18840
18841
3311
3330
3710
16963
16966
16967
18846
18847
18848
3312
3331
3711
18776
18779
18780
18853
18854
18855
3313
3332
3712
3314
3333
3713
3315
3334
3714
3316
3335
3715
3317
3336
3716
3318
3337
3717
3319
3338
3718
3339
3719
3321
3340
3720
3322
3341
3721
3323
3342
3722
3324
3343
3723
3325
3344
3724
3326
3345
3725
3327
3346
3726
3328
3347
3727
18770
18772
18774
18860
18861
18862
18769
18770
18772
16956
16957
16959
18769
16956
16963
16964
16966
16963
18776
18777
18779
3333
3352
3732
18776
18778
18780
18782
18867
18868
18869
3334
3353
3733
3335
3354
3734
3336
3355
3735
3337
3356
3736
3338
3357
3737
3339
3358
3738
3359
3739
3341
3360
3740
3342
3361
3741
3343
3362
3742
3344
3363
3743
3345
3364
3744
3346
3365
3745
3347
3366
3746
3348
3367
3747
11469
11471
11473
11636
11637
11638
18783
18786
18787
11468
11469
11471
18770
11468
11475
11476
11478
16957
11475
11482
11483
11485
16964
11482
11489
11490
11492
18777
3353
3372
3752
11489
11491
11493
11495
11643
11644
11645
18790
18793
18794
3354
3373
3753
3355
3374
3754
3356
3375
3755
3357
3376
3756
3358
3377
3757
3359
3378
3758
3379
3759
3361
3380
3760
3362
3381
3761
3363
3382
3762
3364
3383
3763
3365
3384
3764
3366
3385
3765
3367
3386
3766
18784
18786
18788
18783
18784
18786
11469
11496
11497
11499
18783
11476
11496
11503
11504
11506
11483
11503
11510
11511
11513
11490
11510
11517
11518
11520
11517
18790
18791
18793
3374
3393
3773
18790
18792
18794
18796
3375
3394
3774
3376
3395
3775
3377
3396
3776
3378
3397
3777
3379
3398
3778
3399
3779
3381
3400
3780
3382
3401
3781
3383
3402
3782
3384
3403
3783
3385
3404
3784
3386
3405
3785
3387
3406
3786
3388
3407
3787
16971
16973
16975
18784
18785
18788
18789
18874
18875
18876
11497
16970
16971
16973
11504
11524
11525
11527
16970
11511
11524
11531
11532
11534
11518
11531
16977
16978
16980
3393
3412
3792
16977
16979
16981
16983
18791
18792
18795
18796
18881
18882
18883
3394
3413
3793
3395
3414
3794
3396
3415
3795
3397
3416
3796
3398
3417
3797
3399
3418
3798
3419
3799
3401
3420
3800
3402
3421
3801
3403
3422
3802
3404
3423
3803
3405
3424
3804
3406
3425
3805
3407
3426
3806
3408
3427
3807
16985
16987
16989
18797
18800
18801
18888
18889
18890
16971
16984
16985
16987
11525
11538
11539
11541
16984
11532
11538
11545
11546
11548
11545
16978
16991
16992
16994
3413
3432
3812
16991
16993
16995
16997
18804
18807
18808
18895
18896
18897
3414
3433
3813
3415
3434
3814
3416
3435
3815
3417
3436
3816
3418
3437
3817
3419
3438
3818
3439
3819
3421
3440
3820
3422
3441
3821
3423
3442
3822
3424
3443
3823
3425
3444
3824
3426
3445
3825
3427
3446
3826
18798
18800
18802
18797
18798
18800
11552
11553
11555
16985
18797
11539
11552
11559
11560
11562
11546
11559
11566
11567
11569
11566
11573
11574
11576
16992
11573
18804
18805
18807
3434
3453
3833
18804
18806
18808
18810
3435
3454
3834
3436
3455
3835
3437
3456
3836
3438
3457
3837
3439
3458
3838
3459
3839
3441
3460
3840
3442
3461
3841
3443
3462
3842
3444
3463
3843
3445
3464
3844
3446
3465
3845
3447
3466
3846
3448
3467
3847
11581
11583
11585
11727
11728
11729
18798
18799
18802
18803
11553
11580
11581
11583
11560
11580
11587
11588
11590
11567
11587
11594
11595
11597
11574
11594
11601
11602
11604
3453
3472
3852
11601
11603
11605
11607
11748
11749
11750
18805
18806
18809
18810
3454
3473
3853
3455
3474
3854
3456
3475
3855
3457
3476
3856
3458
3477
3857
3459
3478
3858
3479
3859
3461
3480
3860
3462
3481
3861
3463
3482
3862
3464
3483
3863
3465
3484
3864
3466
3485
3865
3467
3486
3866
3468
3487
3867
18812
18814
18816
18909
18910
18911
11581
18811
18812
18814
11588
18811
18818
18819
18821
11595
18818
18825
18826
18828
11602
18825
18832
18833
18835
3473
3492
3872
18832
18834
18836
18838
18916
18917
18918
3474
3493
3873
3475
3494
3874
3476
3495
3875
3477
3496
3876
3478
3497
3877
3479
3498
3878
3499
3879
3481
3500
3880
3482
3501
3881
3483
3502
3882
3484
3503
3883
3485
3504
3884
3486
3505
3885
3487
3506
3886
3488
3507
3887
3489
3508
3888
18812
18813
18816
18817
3490
3509
3889
18819
18820
18823
18824
18923
18924
18925
3491
3510
3890
18826
18827
18830
18831
18930
18931
18932
3492
3511
3891
18833
18834
18837
18838
18937
18938
18939
3493
3512
3892
3494
3513
3893
3495
3514
3894
3496
3515
3895
3497
3516
3896
3498
3517
3897
3499
3518
3898
3519
3899
3501
3520
3900
3502
3521
3901
3503
3522
3902
3504
3523
3903
3505
3524
3904
3506
3525
3905
3507
3526
3906
3508
3527
3907
3509
3528
3908
3510
3529
3909
3511
3530
3910
3512
3531
3911
3513
3532
3912
3514
3533
3913
3515
3534
3914
3516
3535
3915
3517
3536
3916
3518
3537
3917
3519
3538
3918
3539
3919
3521
3540
3920
3522
3541
3921
3523
3542
3922
3524
3543
3923
3525
3544
3924
3526
3545
3925
3527
3546
3926
3528
3547
3927
3529
3548
3928
3530
3549
3929
3531
3550
3930
3532
3551
3931
3533
3552
3932
3534
3553
3933
3535
3554
3934
3536
3555
3935
3537
3556
3936
3538
3557
3937
3539
3558
3938
3559
3939
3541
3560
3940
3542
3561
3941
3543
3562
3942
3544
3563
3943
3545
3564
3944
3546
3565
3945
3547
3566
3946
3548
3567
3947
3549
3568
3948
3550
3569
3949
3551
3570
3950
3552
3571
3951
3553
3572
3952
3554
3573
3953
3555
3574
3954
3556
3575
3955
3557
3576
3956
3558
3577
3957
3559
3578
3958
3579
3959
3561
3580
3960
3562
3581
3961
3563
3582
3962
3564
3583
3963
3565
3584
3964
3566
3585
3965
3567
3586
3966
3568
3587
3967
3569
3588
3968
3570
3589
3969
3571
3590
3970
3572
3591
3971
3573
3592
3972
3574
3593
3973
3575
3594
3974
3576
3595
3975
3577
3596
3976
3578
3597
3977
3579
3598
3978
3599
3979
3581
3980
3582
3981
3583
3982
3584
3983
3585
3984
3586
3985
3587
3986
3588
3987
3589
3988
3590
3989
3591
3990
3592
3991
3593
3992
3594
3993
3595
3994
3596
3995
3597
3996
3598
3997
3599
3998
3999
3601
3620
4000
3602
3621
4001
3603
3622
4002
3604
3623
4003
3605
3624
4004
3606
3625
4005
3607
3626
4006
3608
3627
4007
3609
3628
4008
3610
3629
4009
3611
3630
4010
3612
3631
4011
3613
3632
4012
3614
3633
4013
3615
3634
4014
3616
3635
4015
3617
3636
4016
3618
3637
4017
3619
3638
4018
3639
4019
3621
3640
4020
3622
3641
4021
3623
3642
4022
3624
3643
4023
3625
3644
4024
3626
3645
4025
3627
3646
4026
3628
3647
4027
3629
3648
4028
3630
3649
4029
3631
3650
4030
3632
3651
4031
3633
3652
4032
3634
3653
4033
3635
3654
4034
3636
3655
4035
3637
3656
4036
3638
3657
4037
3639
3658
4038
3659
4039
3641
3660
4040
3642
3661
4041
3643
3662
4042
3644
3663
4043
3645
3664
4044
3646
3665
4045
3647
3666
4046
3648
3667
4047
3649
3668
4048
3650
3669
4049
3651
3670
4050
3652
3671
4051
3653
3672
4052
3654
3673
4053
3655
3674
4054
3656
3675
4055
3657
3676
4056
3658
3677
4057
3659
3678
4058
3679
4059
3661
3680
4060
3662
3681
4061
3663
3682
4062
3664
3683
4063
3665
3684
4064
3666
3685
4065
3667
3686
4066
3668
3687
4067
3669
3688
4068
3670
3689
4069
3671
3690
4070
3672
3691
4071
3673
3692
4072
3674
3693
4073
3675
3694
4074
3676
3695
4075
3677
3696
4076
3678
3697
4077
3679
3698
4078
3699
4079
3681
3700
4080
3682
3701
4081
3683
3702
4082
3684
3703
4083
3685
3704
4084
3686
3705
4085
3687
3706
4086
3688
3707
4087
3689
3708
4088
3690
3709
4089
18839
18842
18843
3691
3710
4090
18846
18849
18850
3692
3711
4091
18853
18856
18857
3693
3712
4092
3694
3713
4093
3695
3714
4094
3696
3715
4095
3697
3716
4096
3698
3717
4097
3699
3718
4098
3719
4099
3701
3720
4100
3702
3721
4101
3703
3722
4102
3704
3723
4103
3705
3724
4104
3706
3725
4105
3707
3726
4106
3708
3727
4107
18860
18863
18864
3709
3728
4108
11608
11611
11612
18840
18842
18844
18944
18945
18946
18839
18840
18842
18839
18846
18847
18849
18846
18853
18854
18856
3713
3732
4112
18853
18855
18857
18859
18867
18870
18871
3714
3733
4113
3715
3734
4114
3716
3735
4115
3717
3736
4116
3718
3737
4117
3719
3738
4118
3739
4119
3721
3740
4120
3722
3741
4121
3723
3742
4122
3724
3743
4123
3725
3744
4124
3726
3745
4125
3727
3746
4126
18861
18863
18865
18860
18861
18863
11608
11609
11611
18772
18860
11608
11615
11616
11618
16959
18840
11615
11622
11623
11625
16966
18847
11622
11629
11630
11632
18779
18854
11629
18867
18868
18870
3734
3753
4133
18867
18869
18871
18873
3735
3754
4134
3736
3755
4135
3737
3756
4136
3738
3757
4137
3739
3758
4138
3759
4139
3741
3760
4140
3742
3761
4141
3743
3762
4142
3744
3763
4143
3745
3764
4144
3746
3765
4145
3747
3766
4146
11637
11639
11641
11636
11637
11639
18861
8792
8793
8795
11471
11609
11636
8792
11478
11616
16999
17000
17001
8096
11485
11623
17006
17007
17008
8103
8799
11492
11630
17511
17512
17515
17755
17757
17759
17760
19196
19198
19199
19201
8799
11643
11644
11646
18868
3754
3773
4153
11643
11645
11647
11649
3755
3774
4154
3756
3775
4155
3757
3776
4156
3758
3777
4157
3759
3778
4158
3779
4159
3761
3780
4160
3762
3781
4161
3763
3782
4162
3764
3783
4163
3765
3784
4164
3766
3785
4165
3767
3786
4166
11651
11653
11655
11637
11650
11651
11653
18786
8793
8807
11499
11650
17764
17765
17766
17767
19213
19214
19215
19216
8097
8806
11506
11658
11659
11660
8104
8110
11513
11665
11666
11667
8117
8800
11520
17012
17013
17016
8813
11644
11671
11672
11674
18793
3774
3793
4172
11671
11673
11675
11677
3775
3794
4173
3776
3795
4174
3777
3796
4175
3778
3797
4176
3779
3798
4177
3799
4178
3781
3800
4179
3782
3801
4180
3783
3802
4181
3784
3803
4182
3785
3804
4183
3786
3805
4184
3787
3806
4185
18875
18877
18879
11651
18874
18875
18877
8807
11678
11679
11681
16973
18874
8111
10896
10897
11527
11678
16705
16707
16709
16710
17518
17519
17522
8118
10896
10903
10904
11534
12583
12584
12587
16719
16721
16723
16724
8814
10903
11685
11686
11688
16980
11672
11685
18881
18882
18884
3794
3813
4192
18881
18883
18885
18887
3795
3814
4193
3796
3815
4194
3797
3816
4195
3798
3817
4196
3799
3818
4197
3819
4198
3801
3820
4199
3802
3821
4200
3803
3822
4201
3804
3823
4202
3805
3824
4203
3806
3825
4204
3807
3826
4205
18889
18891
18893
18875
18888
18889
18891
11679
11692
11693
11695
16987
18888
10897
10910
10911
10913
11541
11692
10904
10910
10917
10918
10920
11548
10917
11686
11699
11700
11702
16994
11699
18882
18895
18896
18898
3814
3833
4212
18895
18897
18899
18901
3815
3834
4213
3816
3835
4214
3817
3836
4215
3818
3837
4216
3819
3838
4217
3839
4218
3821
3840
4219
3822
3841
4220
3823
3842
4221
3824
3843
4222
3825
3844
4223
3826
3845
4224
3827
3846
4225
11707
11709
11711
11706
11707
11709
18800
18889
8820
8821
8823
11555
11693
11706
8820
10911
11562
17020
17021
17022
8124
10918
11569
11714
11715
11716
8131
8827
11576
11700
17532
17533
17536
17796
17798
17799
17801
17804
17806
17808
17809
8827
11720
11721
11723
18807
18896
3834
3853
4232
11720
11722
11724
11726
3835
3854
4233
3836
3855
4234
3837
3856
4235
3838
3857
4236
3839
3858
4237
3859
4238
3841
3860
4239
3842
3861
4240
3843
3862
4241
3844
3863
4242
3845
3864
4243
3846
3865
4244
3847
3866
4245
11728
11730
11732
11707
11727
11728
11730
8821
8835
11583
11727
19241
19242
19243
19244
19248
19249
19250
19251
8125
8834
11590
11735
11736
11737
8132
8138
11597
11742
11743
11744
8145
8828
11604
18902
18903
18906
8841
11721
11748
11749
11751
3854
3873
4251
11748
11750
11752
11754
3855
3874
4252
3856
3875
4253
3857
3876
4254
3858
3877
4255
3859
3878
4256
3879
4257
3861
3880
4258
3862
3881
4259
3863
3882
4260
3864
3883
4261
3865
3884
4262
3866
3885
4263
3867
3886
4264
18910
18912
18914
11728
18909
18910
18912
8835
11755
11756
11758
18814
18909
8139
11755
11762
11763
17539
17540
17543
18821
19267
19268
19271
19272
8146
11762
11769
11770
17553
17554
17557
18287
18288
18291
18292
18828
8842
11769
11776
11777
11779
18835
11749
11776
18916
18917
18919
3874
3893
4271
18916
18918
18920
18922
3875
3894
4272
3876
3895
4273
3877
3896
4274
3878
3897
4275
3879
3898
4276
3899
4277
3881
3900
4278
3882
3901
4279
3883
3902
4280
3884
3903
4281
3885
3904
4282
3886
3905
4283
3887
3906
4284
3888
3907
4285
18910
18911
18914
18915
3889
3908
4286
11756
11757
11760
11761
18924
18926
18928
18979
18980
18981
11763
18923
18924
18926
11770
18923
18930
18931
18933
11777
18930
18937
18938
18940
3893
3912
4290
18917
18918
18921
18922
18937
18939
18941
18943
3894
3913
4291
3895
3914
4292
3896
3915
4293
3897
3916
4294
3898
3917
4295
3899
3918
4296
3919
4297
3901
3920
4298
3902
3921
4299
3903
3922
4300
3904
3923
4301
3905
3924
4302
3906
3925
4303
3907
3926
4304
3908
3927
4305
3909
3928
4306
3910
3929
4307
18924
18925
18928
18929
3911
3930
4308
18931
18932
18935
18936
3912
3931
4309
18938
18939
18942
18943
3913
3932
4310
3914
3933
4311
3915
3934
4312
3916
3935
4313
3917
3936
4314
3918
3937
4315
3919
3938
4316
3939
4317
3921
3940
4318
3922
3941
4319
3923
3942
4320
3924
3943
4321
3925
3944
4322
3926
3945
4323
3927
3946
4324
3928
3947
4325
3929
3948
4326
3930
3949
4327
3931
3950
4328
3932
3951
4329
3933
3952
4330
3934
3953
4331
3935
3954
4332
3936
3955
4333
3937
3956
4334
3938
3957
4335
3939
3958
4336
3959
4337
3941
3960
4338
3942
3961
4339
3943
3962
4340
3944
3963
4341
3945
3964
4342
3946
3965
4343
3947
3966
4344
3948
3967
4345
3949
3968
4346
3950
3969
4347
3951
3970
4348
3952
3971
4349
3953
3972
4350
3954
3973
4351
3955
3974
4352
3956
3975
4353
3957
3976
4354
3958
3977
4355
3959
3978
4356
3979
4357
3961
3980
4358
3962
3981
4359
3963
3982
4360
3964
3983
4361
3965
3984
4362
3966
3985
4363
3967
3986
4364
3968
3987
4365
3969
3988
4366
3970
3989
4367
3971
3990
4368
3972
3991
4369
3973
3992
4370
3974
3993
4371
3975
3994
4372
3976
3995
4373
3977
3996
4374
3978
3997
4375
3979
3998
4376
3999
4377
3981
4378
3982
4379
3983
4380
3984
4381
3985
4382
3986
4383
3987
4384
3988
4385
3989
4386
3990
4387
3991
4388
3992
4389
3993
4390
3994
4391
3995
4392
3996
4393
3997
4394
3998
4395
3999
4396
4397
4001
4020
4398
4002
4021
4399
4003
4022
4400
4004
4023
4401
4005
4024
4402
4006
4025
4403
4007
4026
4404
4008
4027
4405
4009
4028
4406
4010
4029
4407
4011
4030
4408
4012
4031
4409
4013
4032
4410
4014
4033
4411
4015
4034
4412
4016
4035
4413
4017
4036
4414
4018
4037
4415
4019
4038
4416
4039
4417
4021
4040
4418
4022
4041
4419
4023
4042
4420
4024
4043
4421
4025
4044
4422
4026
4045
4423
4027
4046
4424
4028
4047
4425
4029
4048
4426
4030
4049
4427
4031
4050
4428
4032
4051
4429
4033
4052
4430
4034
4053
4431
4035
4054
4432
4036
4055
4433
4037
4056
4434
4038
4057
4435
4039
4058
4436
4059
4437
4041
4060
4438
4042
4061
4439
4043
4062
4440
4044
4063
4441
4045
4064
4442
4046
4065
4443
4047
4066
4444
4048
4067
4445
4049
4068
4446
4050
4069
4447
4051
4070
4448
4052
4071
4449
4053
4072
4450
4054
4073
4451
4055
4074
4452
4056
4075
4453
4057
4076
4454
4058
4077
4455
4059
4078
4456
4079
4457
4061
4080
4458
4062
4081
4459
4063
4082
4460
4064
4083
4461
4065
4084
4462
4066
4085
4463
4067
4086
4464
4068
4087
4465
4069
4088
4466
4070
4089
4467
4071
4090
4468
4072
4091
4469
4073
4092
4470
4074
4093
4471
4075
4094
4472
4076
4095
4473
4077
4096
4474
4078
4097
4475
4079
4098
4476
4099
4477
4081
4100
4478
4082
4101
4479
4083
4102
4480
4084
4103
4481
4085
4104
4482
4086
4105
4483
4087
4106
4484
4088
4107
4485
4089
4108
4486
18944
18947
18948
4090
4109
4487
18951
18954
18955
4091
4110
4488
18958
18961
18962
4092
4111
4489
18965
18968
18969
4093
4112
4490
4094
4113
4491
4095
4114
4492
4096
4115
4493
4097
4116
4494
4098
4117
4495
4099
4118
4496
4119
4497
4101
4120
4498
4102
4121
4499
4103
4122
4500
4104
4123
4501
4105
4124
4502
4106
4125
4503
4107
4126
4504
4108
4127
4505
17026
17029
17030
18945
18947
18949
18944
18945
18947
18842
18944
18951
18952
18954
18849
18951
18958
18959
18961
18856
18958
18965
18966
18968
4113
4132
4510
17033
17036
17037
18965
18967
18969
18971
4114
4133
4511
4115
4134
4512
4116
4135
4513
4117
4136
4514
4118
4137
4515
4119
4138
4516
4139
4517
4121
4140
4518
4122
4141
4519
4123
4142
4520
4124
4143
4521
4125
4144
4522
4126
4145
4523
4127
4146
4524
17027
17029
17031
17026
17027
17029
18863
11611
11783
11784
11786
17026
18945
8848
8851
11618
11783
17827
17828
17829
17830
18952
8848
8855
8858
11625
17855
17856
17857
17858
18959
8855
11632
11790
11793
18966
19283
19284
19285
19286
11790
17033
17034
17036
18870
4134
4153
4531
17033
17035
17037
17039
4135
4154
4532
4136
4155
4533
4137
4156
4534
4138
4157
4535
4139
4158
4536
4159
4537
4141
4160
4538
4142
4161
4539
4143
4162
4540
4144
4163
4541
4145
4164
4542
4146
4165
4543
4147
4166
4544
11798
11800
11802
11639
11797
11798
11800
17027
8795
11784
11797
17041
17042
17043
8099
8152
8849
8863
8864
8865
7997
8106
8856
8870
8872
14740
14741
14742
14743
8002
8802
11791
11804
11805
11808
8159
11646
11811
11812
11814
17034
17581
17582
17585
4154
4172
4551
11811
11813
11815
11817
4155
4173
4552
4156
4174
4553
4157
4175
4554
4158
4176
4555
4159
4177
4556
4178
4557
4161
4179
4558
4162
4180
4559
4163
4181
4560
4164
4182
4561
4165
4183
4562
4166
4184
4563
4167
4185
4564
11819
11821
11823
11653
11798
11818
11819
11821
8153
8809
11818
17048
17049
17050
7998
8113
8166
11826
11827
11828
8013
8160
8816
17054
17055
17058
8184
11674
11812
11832
11833
11835
17616
17617
17620
4173
4192
4571
11832
11834
11836
11838
4174
4193
4572
4175
4194
4573
4176
4195
4574
4177
4196
4575
4178
4197
4576
4198
4577
4180
4199
4578
4181
4200
4579
4182
4201
4580
4183
4202
4581
4184
4203
4582
4185
4204
4583
4186
4205
4584
17062
17064
17066
11819
17061
17062
17064
18877
8167
11681
11840
11842
17061
17609
17610
17613
18315
18317
18319
18320
8007
10899
11839
11846
11847
11850
8014
8191
10906
11853
11854
11857
8185
8198
11688
17068
17069
17070
11833
11860
17075
17076
17078
18884
4193
4212
4591
17075
17077
17079
17081
4194
4213
4592
4195
4214
4593
4196
4215
4594
4197
4216
4595
4198
4217
4596
4218
4597
4200
4219
4598
4201
4220
4599
4202
4221
4600
4203
4222
4601
4204
4223
4602
4205
4224
4603
4206
4225
4604
17083
17085
17087
17062
17082
17083
17085
18891
11695
11840
11867
11868
11870
17082
8192
8205
8208
10913
11867
12913
12914
12915
12916
8199
8205
8212
8215
10920
12941
12942
12943
12944
8212
11702
11861
11874
11877
18350
18352
18354
18355
11874
17076
17089
17090
17092
18898
4213
4232
4611
17089
17091
17093
17095
4214
4233
4612
4215
4234
4613
4216
4235
4614
4217
4236
4615
4218
4237
4616
4238
4617
4220
4239
4618
4221
4240
4619
4222
4241
4620
4223
4242
4621
4224
4243
4622
4225
4244
4623
4226
4245
4624
11882
11884
11886
11709
11881
11882
11884
17083
8823
11868
11881
17097
17098
17099
8127
8206
8219
8884
8886
14782
14783
14784
14785
8020
8134
8213
8227
8229
13008
13009
13012
13013
8026
8830
11875
11888
11889
11892
8233
11723
11895
11896
11898
17090
17644
17645
17648
4233
4251
4631
11895
11897
11899
11901
4234
4252
4632
4235
4253
4633
4236
4254
4634
4237
4255
4635
4238
4256
4636
4257
4637
4240
4258
4638
4241
4259
4639
4242
4260
4640
4243
4261
4641
4244
4262
4642
4245
4263
4643
4246
4264
4644
11903
11905
11907
11730
11882
11902
11903
11905
8220
8837
11902
17104
17105
17106
8021
8141
8240
11910
11911
11912
8037
8234
8844
17110
17111
17114
8258
11751
11896
11916
11917
11919
17679
17680
17683
4252
4271
4650
11916
11918
11920
11922
4253
4272
4651
4254
4273
4652
4255
4274
4653
4256
4275
4654
4257
4276
4655
4277
4656
4259
4278
4657
4260
4279
4658
4261
4280
4659
4262
4281
4660
4263
4282
4661
4264
4283
4662
4265
4284
4663
17118
17120
17122
11903
17117
17118
17120
18912
8241
11758
11924
11926
17117
17672
17673
17676
19288
19289
19292
19293
8032
11765
11923
17124
17125
17128
8038
8897
11772
17131
17132
17135
8259
8904
11779
18972
18973
18975
11917
11930
17138
17139
17141
18919
4272
4291
4670
17138
17140
17142
17144
4273
4292
4671
4274
4293
4672
4275
4294
4673
4276
4295
4674
4277
4296
4675
4297
4676
4279
4298
4677
4280
4299
4678
4281
4300
4679
4282
4301
4680
4283
4302
4681
4284
4303
4682
4285
4304
4683
4286
4305
4684
17118
17119
17122
17123
18980
18982
18984
11924
18979
18980
18982
8898
18926
18979
18986
18987
18989
8905
18933
18986
18993
18994
18996
11931
18940
18993
19000
19001
19003
4291
4310
4689
17139
17140
17143
17144
19000
19002
19004
19006
4292
4311
4690
4293
4312
4691
4294
4313
4692
4295
4314
4693
4296
4315
4694
4297
4316
4695
4317
4696
4299
4318
4697
4300
4319
4698
4301
4320
4699
4302
4321
4700
4303
4322
4701
4304
4323
4702
4305
4324
4703
4306
4325
4704
4307
4326
4705
18980
18981
18984
18985
4308
4327
4706
18987
18988
18991
18992
4309
4328
4707
18994
18995
18998
18999
4310
4329
4708
19001
19002
19005
19006
4311
4330
4709
4312
4331
4710
4313
4332
4711
4314
4333
4712
4315
4334
4713
4316
4335
4714
4317
4336
4715
4337
4716
4319
4338
4717
4320
4339
4718
4321
4340
4719
4322
4341
4720
4323
4342
4721
4324
4343
4722
4325
4344
4723
4326
4345
4724
4327
4346
4725
4328
4347
4726
4329
4348
4727
4330
4349
4728
4331
4350
4729
4332
4351
4730
4333
4352
4731
4334
4353
4732
4335
4354
4733
4336
4355
4734
4337
4356
4735
4357
4736
4339
4358
4737
4340
4359
4738
4341
4360
4739
4342
4361
4740
4343
4362
4741
4344
4363
4742
4345
4364
4743
4346
4365
4744
4347
4366
4745
4348
4367
4746
4349
4368
4747
4350
4369
4748
4351
4370
4749
4352
4371
4750
4353
4372
4751
4354
4373
4752
4355
4374
4753
4356
4375
4754
4357
4376
4755
4377
4756
4359
4378
4757
4360
4379
4758
4361
4380
4759
4362
4381
4760
4363
4382
4761
4364
4383
4762
4365
4384
4763
4366
4385
4764
4367
4386
4765
4368
4387
4766
4369
4388
4767
4370
4389
4768
4371
4390
4769
4372
4391
4770
4373
4392
4771
4374
4393
4772
4375
4394
4773
4376
4395
4774
4377
4396
4775
4397
4776
4379
4777
4380
4778
4381
4779
4382
4780
4383
4781
4384
4782
4385
4783
4386
4784
4387
4785
4388
4786
4389
4787
4390
4788
4391
4789
4392
4790
4393
4791
4394
4792
4395
4793
4396
4794
4397
4795
4796
4399
4418
4797
4400
4419
4798
4401
4420
4799
4402
4421
4800
4403
4422
4801
4404
4423
4802
4405
4424
4803
4406
4425
4804
4407
4426
4805
4408
4427
4806
4409
4428
4807
4410
4429
4808
4411
4430
4809
4412
4431
4810
4413
4432
4811
4414
4433
4812
4415
4434
4813
4416
4435
4814
4417
4436
4815
4437
4816
4419
4438
4817
4420
4439
4818
4421
4440
4819
4422
4441
4820
4423
4442
4821
4424
4443
4822
4425
4444
4823
4426
4445
4824
4427
4446
4825
4428
4447
4826
4429
4448
4827
4430
4449
4828
4431
4450
4829
4432
4451
4830
4433
4452
4831
4434
4453
4832
4435
4454
4833
4436
4455
4834
4437
4456
4835
4457
4836
4439
4458
4837
4440
4459
4838
4441
4460
4839
4442
4461
4840
4443
4462
4841
4444
4463
4842
4445
4464
4843
4446
4465
4844
4447
4466
4845
4448
4467
4846
4449
4468
4847
4450
4469
4848
4451
4470
4849
4452
4471
4850
4453
4472
4851
4454
4473
4852
4455
4474
4853
4456
4475
4854
4457
4476
4855
4477
4856
4459
4478
4857
4460
4479
4858
4461
4480
4859
4462
4481
4860
4463
4482
4861
4464
4483
4862
4465
4484
4863
4466
4485
4864
4467
4486
4865
4468
4487
4866
4469
4488
4867
4470
4489
4868
4471
4490
4869
4472
4491
4870
4473
4492
4871
4474
4493
4872
4475
4494
4873
4476
4495
4874
4477
4496
4875
4497
4876
4479
4498
4877
4480
4499
4878
4481
4500
4879
4482
4501
4880
4483
4502
4881
4484
4503
4882
4485
4504
4883
4486
4505
4884
4487
4506
4885
19007
19010
19011
4488
4507
4886
19014
19017
19018
4489
4508
4887
19021
19024
19025
4490
4509
4888
19028
19031
19032
4491
4510
4889
4492
4511
4890
4493
4512
4891
4494
4513
4892
4495
4514
4893
4496
4515
4894
4497
4516
4895
4517
4896
4499
4518
4897
4500
4519
4898
4501
4520
4899
4502
4521
4900
4503
4522
4901
4504
4523
4902
4505
4524
4903
4506
4525
4904
17145
17148
17149
19008
19010
19012
18947
19007
19008
19010
18954
19007
19014
19015
19017
18961
19014
19021
19022
19024
18968
19021
19028
19029
19031
4511
4530
4909
17152
17155
17156
19028
19030
19032
19034
4512
4531
4910
4513
4532
4911
4514
4533
4912
4515
4534
4913
4516
4535
4914
4517
4536
4915
4537
4916
4519
4538
4917
4520
4539
4918
4521
4540
4919
4522
4541
4920
4523
4542
4921
4524
4543
4922
4525
4544
4923
17146
17148
17150
17029
17145
17146
17148
11786
11937
11938
11940
17145
19008
8851
8911
8914
11937
17953
17954
17955
17956
19015
8858
8911
8918
8921
17981
17982
17983
17984
19022
8918
11793
11944
11947
18387
18388
18389
18390
19029
11944
17036
17152
17153
17155
4532
4551
4930
17152
17154
17156
17158
4533
4552
4931
4534
4553
4932
4535
4554
4933
4536
4555
4934
4537
4556
4935
4557
4936
4539
4558
4937
4540
4559
4938
4541
4560
4939
4542
4561
4940
4543
4562
4941
4544
4563
4942
4545
4564
4943
11952
11954
11956
11800
11951
11952
11954
17146
8155
11938
11951
11959
11960
11961
7999
8265
8912
8926
8928
14824
14825
14826
14827
8004
8043
8919
8933
8935
14852
14853
14854
14855
8049
8162
11945
11965
11966
11969
8272
11814
11972
11973
11975
13185
13186
13189
17153
4552
4571
4950
11972
11974
11976
11978
4553
4572
4951
4554
4573
4952
4555
4574
4953
4556
4575
4954
4557
4576
4955
4577
4956
4559
4578
4957
4560
4579
4958
4561
4580
4959
4562
4581
4960
4563
4582
4961
4564
4583
4962
4565
4584
4963
11980
11982
11984
11821
11952
11979
11980
11982
8169
8266
11979
11987
11988
11989
8009
8044
8279
8939
8940
19303
8016
8055
8943
8944
8945
8062
8187
8273
11993
11994
11997
8296
11835
11973
12000
12001
12003
13283
13284
13287
4572
4591
4970
12000
12002
12004
12006
4573
4592
4971
4574
4593
4972
4575
4594
4973
4576
4595
4974
4577
4596
4975
4597
4976
4579
4598
4977
4580
4599
4978
4581
4600
4979
4582
4601
4980
4583
4602
4981
4584
4603
4982
4585
4604
4983
17160
17162
17164
11980
17064
17159
17160
17162
8280
11842
12008
12010
13227
13228
13231
17159
18392
18394
18396
18397
8056
8194
12007
12014
12015
12018
8063
8201
8303
12021
12022
12025
8297
8310
11863
17166
17167
17168
12001
12028
17078
17173
17174
17176
4592
4611
4990
17173
17175
17177
17179
4593
4612
4991
4594
4613
4992
4595
4614
4993
4596
4615
4994
4597
4616
4995
4617
4996
4599
4618
4997
4600
4619
4998
4601
4620
4999
4602
4621
5000
4603
4622
5001
4604
4623
5002
4605
4624
5003
17181
17183
17185
17085
17160
17180
17181
17183
11870
12008
12035
12036
12038
17180
8208
8304
8317
8320
12035
13375
13376
13377
13378
8215
8311
8317
8324
8327
13403
13404
13405
13406
8324
11877
12029
12042
12045
18427
18429
18431
18432
12042
17092
17174
17187
17188
17190
4612
4631
5010
17187
17189
17191
17193
4613
4632
5011
4614
4633
5012
4615
4634
5013
4616
4635
5014
4617
4636
5015
4637
5016
4619
4638
5017
4620
4639
5018
4621
4640
5019
4622
4641
5020
4623
4642
5021
4624
4643
5022
4625
4644
5023
12050
12052
12054
11884
12049
12050
12052
17181
8222
12036
12049
12057
12058
12059
8022
8318
8331
8339
8341
13484
13485
13488
13489
8028
8069
8325
8957
8958
8959
8076
8236
12043
12064
12067
18440
18442
18445
18446
8345
11898
12070
12071
12073
13507
13508
13511
17188
4632
4650
5030
12070
12072
12074
12076
4633
4651
5031
4634
4652
5032
4635
4653
5033
4636
4654
5034
4637
4655
5035
4656
5036
4639
4657
5037
4640
4658
5038
4641
4659
5039
4642
4660
5040
4643
4661
5041
4644
4662
5042
4645
4663
5043
12078
12080
12082
11905
12050
12077
12078
12080
8243
8332
12077
12085
12086
12087
8034
8070
8352
8963
8964
19305
8089
8261
8346
12091
12092
12095
8369
11919
12071
12098
12099
12101
13605
13606
13609
4651
4670
5050
12098
12100
12102
12104
4652
4671
5051
4653
4672
5052
4654
4673
5053
4655
4674
5054
4656
4675
5055
4676
5056
4658
4677
5057
4659
4678
5058
4660
4679
5059
4661
4680
5060
4662
4681
5061
4663
4682
5062
4664
4683
5063
17195
17197
17199
12078
17120
17194
17195
17197
8353
11926
12106
12108
13563
13564
13567
17194
18448
18449
18452
18453
8083
8900
12105
17201
17202
17205
8090
8907
8978
17208
17209
17212
8370
8985
11933
17215
17216
17218
12099
12112
17141
17222
17223
17225
4671
4690
5070
17222
17224
17226
17228
4672
4691
5071
4673
4692
5072
4674
4693
5073
4675
4694
5074
4676
4695
5075
4696
5076
4678
4697
5077
4679
4698
5078
4680
4699
5079
4681
4700
5080
4682
4701
5081
4683
4702
5082
4684
4703
5083
4685
4704
5084
17195
17196
17199
17200
19036
19038
19040
12106
18982
19035
19036
19038
8979
18989
19035
19042
19043
19045
8986
18996
19042
19049
19050
19052
12113
19003
19049
19056
19057
19059
4690
4709
5089
17223
17224
17227
17228
19056
19058
19060
19062
4691
4710
5090
4692
4711
5091
4693
4712
5092
4694
4713
5093
4695
4714
5094
4696
4715
5095
4716
5096
4698
4717
5097
4699
4718
5098
4700
4719
5099
4701
4720
5100
4702
4721
5101
4703
4722
5102
4704
4723
5103
4705
4724
5104
4706
4725
5105
19036
19037
19040
19041
4707
4726
5106
19043
19044
19047
19048
4708
4727
5107
19050
19051
19054
19055
4709
4728
5108
19057
19058
19061
19062
4710
4729
5109
4711
4730
5110
4712
4731
5111
4713
4732
5112
4714
4733
5113
4715
4734
5114
4716
4735
5115
4736
5116
4718
4737
5117
4719
4738
5118
4720
4739
5119
4721
4740
5120
4722
4741
5121
4723
4742
5122
4724
4743
5123
4725
4744
5124
4726
4745
5125
4727
4746
5126
4728
4747
5127
4729
4748
5128
4730
4749
5129
4731
4750
5130
4732
4751
5131
4733
4752
5132
4734
4753
5133
4735
4754
5134
4736
4755
5135
4756
5136
4738
4757
5137
4739
4758
5138
4740
4759
5139
4741
4760
5140
4742
4761
5141
4743
4762
5142
4744
4763
5143
4745
4764
5144
4746
4765
5145
4747
4766
5146
4748
4767
5147
4749
4768
5148
4750
4769
5149
4751
4770
5150
4752
4771
5151
4753
4772
5152
4754
4773
5153
4755
4774
5154
4756
4775
5155
4776
5156
4758
4777
5157
4759
4778
5158
4760
4779
5159
4761
4780
5160
4762
4781
5161
4763
4782
5162
4764
4783
5163
4765
4784
5164
4766
4785
5165
4767
4786
5166
4768
4787
5167
4769
4788
5168
4770
4789
5169
4771
4790
5170
4772
4791
5171
4773
4792
5172
4774
4793
5173
4775
4794
5174
4776
4795
5175
4796
5176
4778
5177
4779
5178
4780
5179
4781
5180
4782
5181
4783
5182
4784
5183
4785
5184
4786
5185
4787
5186
4788
5187
4789
5188
4790
5189
4791
5190
4792
5191
4793
5192
4794
5193
4795
5194
4796
5195
5196
4798
4817
5197
4799
4818
5198
4800
4819
5199
4801
4820
5200
4802
4821
5201
4803
4822
5202
4804
4823
5203
4805
4824
5204
4806
4825
5205
4807
4826
5206
4808
4827
5207
4809
4828
5208
4810
4829
5209
4811
4830
5210
4812
4831
5211
4813
4832
5212
4814
4833
5213
4815
4834
5214
4816
4835
5215
4836
5216
4818
4837
5217
4819
4838
5218
4820
4839
5219
4821
4840
5220
4822
4841
5221
4823
4842
5222
4824
4843
5223
4825
4844
5224
4826
4845
5225
4827
4846
5226
4828
4847
5227
4829
4848
5228
4830
4849
5229
4831
4850
5230
4832
4851
5231
4833
4852
5232
4834
4853
5233
4835
4854
5234
4836
4855
5235
4856
5236
4838
4857
5237
4839
4858
5238
4840
4859
5239
4841
4860
5240
4842
4861
5241
4843
4862
5242
4844
4863
5243
4845
4864
5244
4846
4865
5245
4847
4866
5246
4848
4867
5247
4849
4868
5248
4850
4869
5249
4851
4870
5250
4852
4871
5251
4853
4872
5252
4854
4873
5253
4855
4874
5254
4856
4875
5255
4876
5256
4858
4877
5257
4859
4878
5258
4860
4879
5259
4861
4880
5260
4862
4881
5261
4863
4882
5262
4864
4883
5263
4865
4884
5264
4866
4885
5265
4867
4886
5266
4868
4887
5267
4869
4888
5268
4870
4889
5269
4871
4890
5270
4872
4891
5271
4873
4892
5272
4874
4893
5273
4875
4894
5274
4876
4895
5275
4896
5276
4878
4897
5277
4879
4898
5278
4880
4899
5279
4881
4900
5280
4882
4901
5281
4883
4902
5282
4884
4903
5283
4885
4904
5284
4886
4905
5285
4887
4906
5286
19063
19066
19067
4888
4907
5287
19070
19073
19074
4889
4908
5288
4890
4909
5289
4891
4910
5290
4892
4911
5291
4893
4912
5292
4894
4913
5293
4895
4914
5294
4896
4915
5295
4916
5296
4898
4917
5297
4899
4918
5298
4900
4919
5299
4901
4920
5300
4902
4921
5301
4903
4922
5302
4904
4923
5303
4905
4924
5304
4906
4925
5305
17229
17232
17233
19010
19011
19012
19013
19064
19066
19068
19017
19063
19064
19066
19024
19063
19070
19071
19073
4909
4928
5308
17236
17239
17240
19031
19032
19033
19034
19070
19072
19074
19076
4910
4929
5309
4911
4930
5310
4912
4931
5311
4913
4932
5312
4914
4933
5313
4915
4934
5314
4916
4935
5315
4936
5316
4918
4937
5317
4919
4938
5318
4920
4939
5319
4921
4940
5320
4922
4941
5321
4923
4942
5322
4924
4943
5323
4925
4944
5324
17148
17149
17150
17151
17230
17232
17234
17243
17246
17247
11940
17229
17230
17232
8914
12119
12120
12122
17229
19064
8921
12119
12126
12129
18464
18465
18466
18467
19071
11947
12126
17236
17237
17239
4930
4949
5329
17155
17156
17157
17158
17236
17238
17240
17242
17250
17253
17254
4931
4950
5330
4932
4951
5331
4933
4952
5332
4934
4953
5333
4935
4954
5334
4936
4955
5335
4956
5336
4938
4957
5337
4939
4958
5338
4940
4959
5339
4941
4960
5340
4942
4961
5341
4943
4962
5342
4944
4963
5343
17244
17246
17248
11954
17243
17244
17246
8268
12133
12134
12136
17230
17243
8045
12120
12133
12140
12141
12144
8051
8376
12127
12147
12148
12151
8275
8383
12154
12157
13653
13656
13658
17237
17699
17702
17704
18475
18478
18479
18480
11975
12154
17250
17251
17253
4951
4970
5350
17250
17252
17254
17256
4952
4971
5351
4953
4972
5352
4954
4973
5353
4955
4974
5354
4956
4975
5355
4976
5356
4958
4977
5357
4959
4978
5358
4960
4979
5359
4961
4980
5360
4962
4981
5361
4963
4982
5362
4964
4983
5363
17258
17260
17262
11982
17244
17257
17258
17260
8282
12134
12162
12164
13241
13242
13245
17257
18483
18485
18487
18488
8058
8377
12161
12168
12169
12172
12422
12423
12425
8065
8384
8390
17264
17265
17268
8299
8397
12155
17271
17272
17273
12003
12175
17251
17278
17279
17281
4971
4990
5370
17278
17280
17282
17284
4972
4991
5371
4973
4992
5372
4974
4993
5373
4975
4994
5374
4976
4995
5375
4996
5376
4978
4997
5377
4979
4998
5378
4980
4999
5379
4981
5000
5380
4982
5001
5381
4983
5002
5382
4984
5003
5383
17286
17288
17290
17162
17258
17285
17286
17288
12010
12162
12182
12183
12185
17285
8306
8391
12182
17292
17293
17294
8313
8398
12189
17299
17300
17301
12031
12176
12196
17306
17307
17309
18406
18407
18411
18497
18498
18502
18511
18512
18516
17176
17279
17306
19077
19078
19080
4991
5010
5390
19077
19079
19081
19083
4992
5011
5391
4993
5012
5392
4994
5013
5393
4995
5014
5394
4996
5015
5395
5016
5396
4998
5017
5397
4999
5018
5398
5000
5019
5399
5001
5020
5400
5002
5021
5401
5003
5022
5402
5004
5023
5403
17314
17316
17318
17183
17286
17313
17314
17316
12038
12183
12203
12204
12206
17313
8320
12190
12203
12210
12213
18518
18520
18522
18523
8327
12197
12210
12217
12220
18532
18534
18536
18537
12045
12217
12224
12225
12227
17307
12224
17190
17320
17321
17323
19078
5011
5030
5410
17320
17322
17324
17326
5012
5031
5411
5013
5032
5412
5014
5033
5413
5015
5034
5414
5016
5035
5415
5036
5416
5018
5037
5417
5019
5038
5418
5020
5039
5419
5021
5040
5420
5022
5041
5421
5023
5042
5422
5024
5043
5423
17328
17330
17332
12052
17314
17327
17328
17330
8334
12204
12232
12234
13451
13452
13455
17327
18546
18548
18550
18551
8072
12211
12231
12238
12239
12242
8079
8404
12218
12245
12246
12249
8348
8411
12225
17334
17335
17336
12073
12252
17321
17341
17342
17344
5031
5050
5430
17341
17343
17345
17347
5032
5051
5431
5033
5052
5432
5034
5053
5433
5035
5054
5434
5036
5055
5435
5056
5436
5038
5057
5437
5039
5058
5438
5040
5059
5439
5041
5060
5440
5042
5061
5441
5043
5062
5442
5044
5063
5443
17349
17351
17353
12080
17328
17348
17349
17351
8355
12232
12260
12262
13577
13578
13581
17348
18567
18569
18571
18572
8085
8405
12259
12266
12267
12270
12449
12452
12453
8092
8412
8418
8999
9000
9003
9412
9413
9414
17734
17737
17738
8372
8425
12253
17355
17356
17357
12101
12273
17342
17362
17363
17365
5051
5070
5450
17362
17364
17366
17368
5052
5071
5451
5053
5072
5452
5054
5073
5453
5055
5074
5454
5056
5075
5455
5076
5456
5058
5077
5457
5059
5078
5458
5060
5079
5459
5061
5080
5460
5062
5081
5461
5063
5082
5462
5064
5083
5463
5065
5084
5464
17197
17198
17199
17200
17349
17350
17353
17354
17370
17372
17374
12108
12260
17369
17370
17372
8419
8981
12281
12283
13786
13789
13791
17369
18014
18017
18019
18573
18575
18577
18578
8426
8988
12280
17376
17377
17379
12115
12274
12287
17383
17384
17386
5070
5089
5469
17225
17226
17227
17228
17363
17364
17367
17368
17383
17385
17387
17389
5071
5090
5470
5072
5091
5471
5073
5092
5472
5074
5093
5473
5075
5094
5474
5076
5095
5475
5096
5476
5078
5097
5477
5079
5098
5478
5080
5099
5479
5081
5100
5480
5082
5101
5481
5083
5102
5482
5084
5103
5483
5085
5104
5484
5086
5105
5485
17370
17371
17374
17375
19038
19039
19040
19041
19085
19087
19089
12281
19045
19084
19085
19087
12288
19052
19084
19091
19092
19094
5089
5108
5488
17384
17385
17388
17389
19059
19060
19061
19062
19091
19093
19095
19097
5090
5109
5489
5091
5110
5490
5092
5111
5491
5093
5112
5492
5094
5113
5493
5095
5114
5494
5096
5115
5495
5116
5496
5098
5117
5497
5099
5118
5498
5100
5119
5499
5101
5120
5500
5102
5121
5501
5103
5122
5502
5104
5123
5503
5105
5124
5504
5106
5125
5505
5107
5126
5506
19085
19086
19089
19090
5108
5127
5507
19092
19093
19096
19097
5109
5128
5508
5110
5129
5509
5111
5130
5510
5112
5131
5511
5113
5132
5512
5114
5133
5513
5115
5134
5514
5116
5135
5515
5136
5516
5118
5137
5517
5119
5138
5518
5120
5139
5519
5121
5140
5520
5122
5141
5521
5123
5142
5522
5124
5143
5523
5125
5144
5524
5126
5145
5525
5127
5146
5526
5128
5147
5527
5129
5148
5528
5130
5149
5529
5131
5150
5530
5132
5151
5531
5133
5152
5532
5134
5153
5533
5135
5154
5534
5136
5155
5535
5156
5536
5138
5157
5537
5139
5158
5538
5140
5159
5539
5141
5160
5540
5142
5161
5541
5143
5162
5542
5144
5163
5543
5145
5164
5544
5146
5165
5545
5147
5166
5546
5148
5167
5547
5149
5168
5548
5150
5169
5549
5151
5170
5550
5152
5171
5551
5153
5172
5552
5154
5173
5553
5155
5174
5554
5156
5175
5555
5176
5556
5158
5177
5557
5159
5178
5558
5160
5179
5559
5161
5180
5560
5162
5181
5561
5163
5182
5562
5164
5183
5563
5165
5184
5564
5166
5185
5565
5167
5186
5566
5168
5187
5567
5169
5188
5568
5170
5189
5569
5171
5190
5570
5172
5191
5571
5173
5192
5572
5174
5193
5573
5175
5194
5574
5176
5195
5575
5196
5576
5178
5577
5179
5578
5180
5579
5181
5580
5182
5581
5183
5582
5184
5583
5185
5584
5186
5585
5187
5586
5188
5587
5189
5588
5190
5589
5191
5590
5192
5591
5193
5592
5194
5593
5195
5594
5196
5595
5596
5198
5217
5597
5199
5218
5598
5200
5219
5599
5201
5220
5600
5202
5221
5601
5203
5222
5602
5204
5223
5603
5205
5224
5604
5206
5225
5605
5207
5226
5606
5208
5227
5607
5209
5228
5608
5210
5229
5609
5211
5230
5610
5212
5231
5611
5213
5232
5612
5214
5233
5613
5215
5234
5614
5216
5235
5615
5236
5616
5218
5237
5617
5219
5238
5618
5220
5239
5619
5221
5240
5620
5222
5241
5621
5223
5242
5622
5224
5243
5623
5225
5244
5624
5226
5245
5625
5227
5246
5626
5228
5247
5627
5229
5248
5628
5230
5249
5629
5231
5250
5630
5232
5251
5631
5233
5252
5632
5234
5253
5633
5235
5254
5634
5236
5255
5635
5256
5636
5238
5257
5637
5239
5258
5638
5240
5259
5639
5241
5260
5640
5242
5261
5641
5243
5262
5642
5244
5263
5643
5245
5264
5644
5246
5265
5645
5247
5266
5646
5248
5267
5647
5249
5268
5648
5250
5269
5649
5251
5270
5650
5252
5271
5651
5253
5272
5652
5254
5273
5653
5255
5274
5654
5256
5275
5655
5276
5656
5258
5277
5657
5259
5278
5658
5260
5279
5659
5261
5280
5660
5262
5281
5661
5263
5282
5662
5264
5283
5663
5265
5284
5664
5266
5285
5665
5267
5286
5666
5268
5287
5667
5269
5288
5668
5270
5289
5669
5271
5290
5670
5272
5291
5671
5273
5292
5672
5274
5293
5673
5275
5294
5674
5276
5295
5675
5296
5676
5278
5297
5677
5279
5298
5678
5280
5299
5679
5281
5300
5680
5282
5301
5681
5283
5302
5682
5284
5303
5683
5285
5304
5684
5286
5305
5685
5287
5306
5686
5288
5307
5687
5289
5308
5688
5290
5309
5689
5291
5310
5690
5292
5311
5691
5293
5312
5692
5294
5313
5693
5295
5314
5694
5296
5315
5695
5316
5696
5298
5317
5697
5299
5318
5698
5300
5319
5699
5301
5320
5700
5302
5321
5701
5303
5322
5702
5304
5323
5703
5305
5324
5704
5306
5325
5705
5307
5326
5706
17390
17393
17394
19066
19067
19068
19069
5308
5327
5707
17397
17400
17401
19073
19074
19075
19076
5309
5328
5708
5310
5329
5709
5311
5330
5710
5312
5331
5711
5313
5332
5712
5314
5333
5713
5315
5334
5714
5316
5335
5715
5336
5716
5318
5337
5717
5319
5338
5718
5320
5339
5719
5321
5340
5720
5322
5341
5721
5323
5342
5722
5324
5343
5723
5325
5344
5724
5326
5345
5725
17232
17233
17234
17235
17391
17393
17395
17404
17407
17408
12122
17390
17391
17393
12129
17390
17397
17398
17400
5329
5348
5728
17239
17240
17241
17242
17397
17399
17401
17403
17411
17414
17415
5330
5349
5729
5331
5350
5730
5332
5351
5731
5333
5352
5732
5334
5353
5733
5335
5354
5734
5336
5355
5735
5356
5736
5338
5357
5737
5339
5358
5738
5340
5359
5739
5341
5360
5740
5342
5361
5741
5343
5362
5742
5344
5363
5743
5345
5364
5744
17246
17247
17248
17249
17405
17407
17409
12136
17404
17405
17407
8379
12294
12295
12297
17391
17404
8386
12294
12301
12302
12304
17398
12157
12301
17411
17412
17414
5350
5369
5749
17253
17254
17255
17256
17411
17413
17415
17417
5351
5370
5750
5352
5371
5751
5353
5372
5752
5354
5373
5753
5355
5374
5754
5356
5375
5755
5376
5756
5358
5377
5757
5359
5378
5758
5360
5379
5759
5361
5380
5760
5362
5381
5761
5363
5382
5762
5364
5383
5763
5365
5384
5764
17260
17261
17262
17263
17419
17421
17423
12164
17405
17418
17419
17421
8393
12295
12308
12309
12311
17418
19142
19143
19146
8400
12302
12308
12315
12316
12318
13717
13718
13721
12178
12315
17412
17425
17426
17428
5370
5389
5769
17281
17282
17283
17284
17425
17427
17429
17431
5371
5390
5770
5372
5391
5771
5373
5392
5772
5374
5393
5773
5375
5394
5774
5376
5395
5775
5396
5776
5378
5397
5777
5379
5398
5778
5380
5399
5779
5381
5400
5780
5382
5401
5781
5383
5402
5782
5384
5403
5783
5385
5404
5784
17288
17289
17290
17291
19099
19101
19103
12185
17419
19098
19099
19101
12192
12309
17432
17433
17435
19098
12199
12316
17432
17439
17440
17442
17309
17426
17439
19105
19106
19108
5390
5409
5789
19080
19081
19082
19083
19105
19107
19109
19111
5391
5410
5790
5392
5411
5791
5393
5412
5792
5394
5413
5793
5395
5414
5794
5396
5415
5795
5416
5796
5398
5417
5797
5399
5418
5798
5400
5419
5799
5401
5420
5800
5402
5421
5801
5403
5422
5802
5404
5423
5803
5405
5424
5804
17316
17317
17318
17319
19113
19115
19117
12206
19099
19112
19113
19115
12213
17433
17446
17447
17449
19112
12220
17440
17446
17453
17454
17456
12227
17453
19106
19119
19120
19122
5410
5429
5809
17323
17324
17325
17326
19119
19121
19123
19125
5411
5430
5810
5412
5431
5811
5413
5432
5812
5414
5433
5813
5415
5434
5814
5416
5435
5815
5436
5816
5418
5437
5817
5419
5438
5818
5420
5439
5819
5421
5440
5820
5422
5441
5821
5423
5442
5822
5424
5443
5823
5425
5444
5824
17330
17331
17332
17333
17461
17463
17465
12234
17460
17461
17463
19113
8407
12322
12323
12325
17447
17460
8414
12322
12329
12330
12332
13773
13774
13777
17454
12255
12329
17467
17468
17470
19120
5430
5449
5829
17344
17345
17346
17347
17467
17469
17471
17473
5431
5450
5830
5432
5451
5831
5433
5452
5832
5434
5453
5833
5435
5454
5834
5436
5455
5835
5456
5836
5438
5457
5837
5439
5458
5838
5440
5459
5839
5441
5460
5840
5442
5461
5841
5443
5462
5842
5444
5463
5843
5445
5464
5844
17351
17352
17353
17354
17475
17477
17479
12262
17461
17474
17475
17477
8421
12323
12336
12337
12339
17474
8428
12330
12336
12343
12344
12346
19177
19178
19181
12276
12343
17468
17481
17482
17484
5450
5469
5849
17365
17366
17367
17368
17481
17483
17485
17487
5451
5470
5850
5452
5471
5851
5453
5472
5852
5454
5473
5853
5455
5474
5854
5456
5475
5855
5476
5856
5458
5477
5857
5459
5478
5858
5460
5479
5859
5461
5480
5860
5462
5481
5861
5463
5482
5862
5464
5483
5863
5465
5484
5864
5466
5485
5865
17372
17373
17374
17375
17475
17476
17479
17480
17489
17491
17493
12283
12337
17488
17489
17491
12290
12344
17488
17495
17496
17498
5469
5488
5868
17386
17387
17388
17389
17482
17483
17486
17487
17495
17497
17499
17501
5470
5489
5869
5471
5490
5870
5472
5491
5871
5473
5492
5872
5474
5493
5873
5475
5494
5874
5476
5495
5875
5496
5876
5478
5497
5877
5479
5498
5878
5480
5499
5879
5481
5500
5880
5482
5501
5881
5483
5502
5882
5484
5503
5883
5485
5504
5884
5486
5505
5885
5487
5506
5886
17489
17490
17493
17494
19087
19088
19089
19090
5488
5507
5887
17496
17497
17500
17501
19094
19095
19096
19097
5489
5508
5888
5490
5509
5889
5491
5510
5890
5492
5511
5891
5493
5512
5892
5494
5513
5893
5495
5514
5894
5496
5515
5895
5516
5896
5498
5517
5897
5499
5518
5898
5500
5519
5899
5501
5520
5900
5502
5521
5901
5503
5522
5902
5504
5523
5903
5505
5524
5904
5506
5525
5905
5507
5526
5906
5508
5527
5907
5509
5528
5908
5510
5529
5909
5511
5530
5910
5512
5531
5911
5513
5532
5912
5514
5533
5913
5515
5534
5914
5516
5535
5915
5536
5916
5518
5537
5917
5519
5538
5918
5520
5539
5919
5521
5540
5920
5522
5541
5921
5523
5542
5922
5524
5543
5923
5525
5544
5924
5526
5545
5925
5527
5546
5926
5528
5547
5927
5529
5548
5928
5530
5549
5929
5531
5550
5930
5532
5551
5931
5533
5552
5932
5534
5553
5933
5535
5554
5934
5536
5555
5935
5556
5936
5538
5557
5937
5539
5558
5938
5540
5559
5939
5541
5560
5940
5542
5561
5941
5543
5562
5942
5544
5563
5943
5545
5564
5944
5546
5565
5945
5547
5566
5946
5548
5567
5947
5549
5568
5948
5550
5569
5949
5551
5570
5950
5552
5571
5951
5553
5572
5952
5554
5573
5953
5555
5574
5954
5556
5575
5955
5576
5956
5558
5577
5957
5559
5578
5958
5560
5579
5959
5561
5580
5960
5562
5581
5961
5563
5582
5962
5564
5583
5963
5565
5584
5964
5566
5585
5965
5567
5586
5966
5568
5587
5967
5569
5588
5968
5570
5589
5969
5571
5590
5970
5572
5591
5971
5573
5592
5972
5574
5593
5973
5575
5594
5974
5576
5595
5975
5596
5976
5578
5977
5579
5978
5580
5979
5581
5980
5582
5981
5583
5982
5584
5983
5585
5984
5586
5985
5587
5986
5588
5987
5589
5988
5590
5989
5591
5990
5592
5991
5593
5992
5594
5993
5595
5994
5596
5995
5996
5598
5617
5997
5599
5618
5998
5600
5619
5999
5601
5620
6000
5602
5621
6001
5603
5622
6002
5604
5623
6003
5605
5624
6004
5606
5625
6005
5607
5626
6006
5608
5627
6007
5609
5628
6008
5610
5629
6009
5611
5630
6010
5612
5631
6011
5613
5632
6012
5614
5633
6013
5615
5634
6014
5616
5635
6015
5636
6016
5618
5637
6017
5619
5638
6018
5620
5639
6019
5621
5640
6020
5622
5641
6021
5623
5642
6022
5624
5643
6023
5625
5644
6024
5626
5645
6025
5627
5646
6026
5628
5647
6027
5629
5648
6028
5630
5649
6029
5631
5650
6030
5632
5651
6031
5633
5652
6032
5634
5653
6033
5635
5654
6034
5636
5655
6035
5656
6036
5638
5657
6037
5639
5658
6038
5640
5659
6039
5641
5660
6040
5642
5661
6041
5643
5662
6042
5644
5663
6043
5645
5664
6044
5646
5665
6045
5647
5666
6046
5648
5667
6047
5649
5668
6048
5650
5669
6049
5651
5670
6050
5652
5671
6051
5653
5672
6052
5654
5673
6053
5655
5674
6054
5656
5675
6055
5676
6056
5658
5677
6057
5659
5678
6058
5660
5679
6059
5661
5680
6060
5662
5681
6061
5663
5682
6062
5664
5683
6063
5665
5684
6064
5666
5685
6065
5667
5686
6066
5668
5687
6067
5669
5688
6068
5670
5689
6069
5671
5690
6070
5672
5691
6071
5673
5692
6072
5674
5693
6073
5675
5694
6074
5676
5695
6075
5696
6076
5678
5697
6077
5679
5698
6078
5680
5699
6079
5681
5700
6080
5682
5701
6081
5683
5702
6082
5684
5703
6083
5685
5704
6084
5686
5705
6085
5687
5706
6086
5688
5707
6087
5689
5708
6088
5690
5709
6089
5691
5710
6090
5692
5711
6091
5693
5712
6092
5694
5713
6093
5695
5714
6094
5696
5715
6095
5716
6096
5698
5717
6097
5699
5718
6098
5700
5719
6099
5701
5720
6100
5702
5721
6101
5703
5722
6102
5704
5723
6103
5705
5724
6104
5706
5725
6105
5707
5726
6106
5708
5727
6107
5709
5728
6108
5710
5729
6109
5711
5730
6110
5712
5731
6111
5713
5732
6112
5714
5733
6113
5715
5734
6114
5716
5735
6115
5736
6116
5718
5737
6117
5719
5738
6118
5720
5739
6119
5721
5740
6120
5722
5741
6121
5723
5742
6122
5724
5743
6123
5725
5744
6124
5726
5745
6125
5727
5746
6126
17393
17394
17395
17396
5728
5747
6127
17400
17401
17402
17403
5729
5748
6128
5730
5749
6129
5731
5750
6130
5732
5751
6131
5733
5752
6132
5734
5753
6133
5735
5754
6134
5736
5755
6135
5756
6136
5738
5757
6137
5739
5758
6138
5740
5759
6139
5741
5760
6140
5742
5761
6141
5743
5762
6142
5744
5763
6143
5745
5764
6144
5746
5765
6145
17407
17408
17409
17410
5747
5766
6146
12297
12298
12299
12300
5748
5767
6147
12304
12305
12306
12307
5749
5768
6148
17414
17415
17416
17417
5750
5769
6149
5751
5770
6150
5752
5771
6151
5753
5772
6152
5754
5773
6153
5755
5774
6154
5756
5775
6155
5776
6156
5758
5777
6157
5759
5778
6158
5760
5779
6159
5761
5780
6160
5762
5781
6161
5763
5782
6162
5764
5783
6163
5765
5784
6164
5766
5785
6165
17421
17422
17423
17424
5767
5786
6166
12311
12312
12313
12314
5768
5787
6167
12318
12319
12320
12321
5769
5788
6168
17428
17429
17430
17431
5770
5789
6169
5771
5790
6170
5772
5791
6171
5773
5792
6172
5774
5793
6173
5775
5794
6174
5776
5795
6175
5796
6176
5778
5797
6177
5779
5798
6178
5780
5799
6179
5781
5800
6180
5782
5801
6181
5783
5802
6182
5784
5803
6183
5785
5804
6184
5786
5805
6185
19101
19102
19103
19104
5787
5806
6186
17435
17436
17437
17438
5788
5807
6187
17442
17443
17444
17445
5789
5808
6188
19108
19109
19110
19111
5790
5809
6189
5791
5810
6190
5792
5811
6191
5793
5812
6192
5794
5813
6193
5795
5814
6194
5796
5815
6195
5816
6196
5798
5817
6197
5799
5818
6198
5800
5819
6199
5801
5820
6200
5802
5821
6201
5803
5822
6202
5804
5823
6203
5805
5824
6204
5806
5825
6205
19115
19116
19117
19118
5807
5826
6206
17449
17450
17451
17452
5808
5827
6207
17456
17457
17458
17459
5809
5828
6208
19122
19123
19124
19125
5810
5829
6209
5811
5830
6210
5812
5831
6211
5813
5832
6212
5814
5833
6213
5815
5834
6214
5816
5835
6215
5836
6216
5818
5837
6217
5819
5838
6218
5820
5839
6219
5821
5840
6220
5822
5841
6221
5823
5842
6222
5824
5843
6223
5825
5844
6224
5826
5845
6225
17463
17464
17465
17466
5827
5846
6226
12325
12326
12327
12328
5828
5847
6227
12332
12333
12334
12335
5829
5848
6228
17470
17471
17472
17473
5830
5849
6229
5831
5850
6230
5832
5851
6231
5833
5852
6232
5834
5853
6233
5835
5854
6234
5836
5855
6235
5856
6236
5838
5857
6237
5839
5858
6238
5840
5859
6239
5841
5860
6240
5842
5861
6241
5843
5862
6242
5844
5863
6243
5845
5864
6244
5846
5865
6245
17477
17478
17479
17480
5847
5866
6246
12339
12340
12341
12342
5848
5867
6247
12346
12347
12348
12349
5849
5868
6248
17484
17485
17486
17487
5850
5869
6249
5851
5870
6250
5852
5871
6251
5853
5872
6252
5854
5873
6253
5855
5874
6254
5856
5875
6255
5876
6256
5858
5877
6257
5859
5878
6258
5860
5879
6259
5861
5880
6260
5862
5881
6261
5863
5882
6262
5864
5883
6263
5865
5884
6264
5866
5885
6265
5867
5886
6266
17491
17492
17493
17494
5868
5887
6267
17498
17499
17500
17501
5869
5888
6268
5870
5889
6269
5871
5890
6270
5872
5891
6271
5873
5892
6272
5874
5893
6273
5875
5894
6274
5876
5895
6275
5896
6276
5878
5897
6277
5879
5898
6278
5880
5899
6279
5881
5900
6280
5882
5901
6281
5883
5902
6282
5884
5903
6283
5885
5904
6284
5886
5905
6285
5887
5906
6286
5888
5907
6287
5889
5908
6288
5890
5909
6289
5891
5910
6290
5892
5911
6291
5893
5912
6292
5894
5913
6293
5895
5914
6294
5896
5915
6295
5916
6296
5898
5917
6297
5899
5918
6298
5900
5919
6299
5901
5920
6300
5902
5921
6301
5903
5922
6302
5904
5923
6303
5905
5924
6304
5906
5925
6305
5907
5926
6306
5908
5927
6307
5909
5928
6308
5910
5929
6309
5911
5930
6310
5912
5931
6311
5913
5932
6312
5914
5933
6313
5915
5934
6314
5916
5935
6315
5936
6316
5918
5937
6317
5919
5938
6318
5920
5939
6319
5921
5940
6320
5922
5941
6321
5923
5942
6322
5924
5943
6323
5925
5944
6324
5926
5945
6325
5927
5946
6326
5928
5947
6327
5929
5948
6328
5930
5949
6329
5931
5950
6330
5932
5951
6331
5933
5952
6332
5934
5953
6333
5935
5954
6334
5936
5955
6335
5956
6336
5938
5957
6337
5939
5958
6338
5940
5959
6339
5941
5960
6340
5942
5961
6341
5943
5962
6342
5944
5963
6343
5945
5964
6344
5946
5965
6345
5947
5966
6346
5948
5967
6347
5949
5968
6348
5950
5969
6349
5951
5970
6350
5952
5971
6351
5953
5972
6352
5954
5973
6353
5955
5974
6354
5956
5975
6355
5976
6356
5958
5977
6357
5959
5978
6358
5960
5979
6359
5961
5980
6360
5962
5981
6361
5963
5982
6362
5964
5983
6363
5965
5984
6364
5966
5985
6365
5967
5986
6366
5968
5987
6367
5969
5988
6368
5970
5989
6369
5971
5990
6370
5972
5991
6371
5973
5992
6372
5974
5993
6373
5975
5994
6374
5976
5995
6375
5996
6376
5978
6377
5979
6378
5980
6379
5981
6380
5982
6381
5983
6382
5984
6383
5985
6384
5986
6385
5987
6386
5988
6387
5989
6388
5990
6389
5991
6390
5992
6391
5993
6392
5994
6393
5995
6394
5996
6395
6396
5998
6017
6397
5999
6018
6398
6000
6019
6399
6001
6020
6400
6002
6021
6401
6003
6022
6402
6004
6023
6403
6005
6024
6404
6006
6025
6405
6007
6026
6406
6008
6027
6407
6009
6028
6408
6010
6029
6409
6011
6030
6410
6012
6031
6411
6013
6032
6412
6014
6033
6413
6015
6034
6414
6016
6035
6415
6036
6416
6018
6037
6417
6019
6038
6418
6020
6039
6419
6021
6040
6420
6022
6041
6421
6023
6042
6422
6024
6043
6423
6025
6044
6424
6026
6045
6425
6027
6046
6426
6028
6047
6427
6029
6048
6428
6030
6049
6429
6031
6050
6430
6032
6051
6431
6033
6052
6432
6034
6053
6433
6035
6054
6434
6036
6055
6435
6056
6436
6038
6057
6437
6039
6058
6438
6040
6059
6439
6041
6060
6440
6042
6061
6441
6043
6062
6442
6044
6063
6443
6045
6064
6444
6046
6065
6445
6047
6066
6446
6048
6067
6447
6049
6068
6448
6050
6069
6449
6051
6070
6450
6052
6071
6451
6053
6072
6452
6054
6073
6453
6055
6074
6454
6056
6075
6455
6076
6456
6058
6077
6457
6059
6078
6458
6060
6079
6459
6061
6080
6460
6062
6081
6461
6063
6082
6462
6064
6083
6463
6065
6084
6464
6066
6085
6465
6067
6086
6466
6068
6087
6467
6069
6088
6468
6070
6089
6469
6071
6090
6470
6072
6091
6471
6073
6092
6472
6074
6093
6473
6075
6094
6474
6076
6095
6475
6096
6476
6078
6097
6477
6079
6098
6478
6080
6099
6479
6081
6100
6480
6082
6101
6481
6083
6102
6482
6084
6103
6483
6085
6104
6484
6086
6105
6485
6087
6106
6486
6088
6107
6487
6089
6108
6488
6090
6109
6489
6091
6110
6490
6092
6111
6491
6093
6112
6492
6094
6113
6493
6095
6114
6494
6096
6115
6495
6116
6496
6098
6117
6497
6099
6118
6498
6100
6119
6499
6101
6120
6500
6102
6121
6501
6103
6122
6502
6104
6123
6503
6105
6124
6504
6106
6125
6505
6107
6126
6506
6108
6127
6507
6109
6128
6508
6110
6129
6509
6111
6130
6510
6112
6131
6511
6113
6132
6512
6114
6133
6513
6115
6134
6514
6116
6135
6515
6136
6516
6118
6137
6517
6119
6138
6518
6120
6139
6519
6121
6140
6520
6122
6141
6521
6123
6142
6522
6124
6143
6523
6125
6144
6524
6126
6145
6525
6127
6146
6526
6128
6147
6527
6129
6148
6528
6130
6149
6529
6131
6150
6530
6132
6151
6531
6133
6152
6532
6134
6153
6533
6135
6154
6534
6136
6155
6535
6156
6536
6138
6157
6537
6139
6158
6538
6140
6159
6539
6141
6160
6540
6142
6161
6541
6143
6162
6542
6144
6163
6543
6145
6164
6544
6146
6165
6545
6147
6166
6546
6148
6167
6547
6149
6168
6548
6150
6169
6549
6151
6170
6550
6152
6171
6551
6153
6172
6552
6154
6173
6553
6155
6174
6554
6156
6175
6555
6176
6556
6158
6177
6557
6159
6178
6558
6160
6179
6559
6161
6180
6560
6162
6181
6561
6163
6182
6562
6164
6183
6563
6165
6184
6564
6166
6185
6565
6167
6186
6566
6168
6187
6567
6169
6188
6568
6170
6189
6569
6171
6190
6570
6172
6191
6571
6173
6192
6572
6174
6193
6573
6175
6194
6574
6176
6195
6575
6196
6576
6178
6197
6577
6179
6198
6578
6180
6199
6579
6181
6200
6580
6182
6201
6581
6183
6202
6582
6184
6203
6583
6185
6204
6584
6186
6205
6585
6187
6206
6586
6188
6207
6587
6189
6208
6588
6190
6209
6589
6191
6210
6590
6192
6211
6591
6193
6212
6592
6194
6213
6593
6195
6214
6594
6196
6215
6595
6216
6596
6198
6217
6597
6199
6218
6598
6200
6219
6599
6201
6220
6600
6202
6221
6601
6203
6222
6602
6204
6223
6603
6205
6224
6604
6206
6225
6605
6207
6226
6606
6208
6227
6607
6209
6228
6608
6210
6229
6609
6211
6230
6610
6212
6231
6611
6213
6232
6612
6214
6233
6613
6215
6234
6614
6216
6235
6615
6236
6616
6218
6237
6617
6219
6238
6618
6220
6239
6619
6221
6240
6620
6222
6241
6621
6223
6242
6622
6224
6243
6623
6225
6244
6624
6226
6245
6625
6227
6246
6626
6228
6247
6627
6229
6248
6628
6230
6249
6629
6231
6250
6630
6232
6251
6631
6233
6252
6632
6234
6253
6633
6235
6254
6634
6236
6255
6635
6256
6636
6238
6257
6637
6239
6258
6638
6240
6259
6639
6241
6260
6640
6242
6261
6641
6243
6262
6642
6244
6263
6643
6245
6264
6644
6246
6265
6645
6247
6266
6646
6248
6267
6647
6249
6268
6648
6250
6269
6649
6251
6270
6650
6252
6271
6651
6253
6272
6652
6254
6273
6653
6255
6274
6654
6256
6275
6655
6276
6656
6258
6277
6657
6259
6278
6658
6260
6279
6659
6261
6280
6660
6262
6281
6661
6263
6282
6662
6264
6283
6663
6265
6284
6664
6266
6285
6665
6267
6286
6666
6268
6287
6667
6269
6288
6668
6270
6289
6669
6271
6290
6670
6272
6291
6671
6273
6292
6672
6274
6293
6673
6275
6294
6674
6276
6295
6675
6296
6676
6278
6297
6677
6279
6298
6678
6280
6299
6679
6281
6300
6680
6282
6301
6681
6283
6302
6682
6284
6303
6683
6285
6304
6684
6286
6305
6685
6287
6306
6686
6288
6307
6687
6289
6308
6688
6290
6309
6689
6291
6310
6690
6292
6311
6691
6293
6312
6692
6294
6313
6693
6295
6314
6694
6296
6315
6695
6316
6696
6298
6317
6697
6299
6318
6698
6300
6319
6699
6301
6320
6700
6302
6321
6701
6303
6322
6702
6304
6323
6703
6305
6324
6704
6306
6325
6705
6307
6326
6706
6308
6327
6707
6309
6328
6708
6310
6329
6709
6311
6330
6710
6312
6331
6711
6313
6332
6712
6314
6333
6713
6315
6334
6714
6316
6335
6715
6336
6716
6318
6337
6717
6319
6338
6718
6320
6339
6719
6321
6340
6720
6322
6341
6721
6323
6342
6722
6324
6343
6723
6325
6344
6724
6326
6345
6725
6327
6346
6726
6328
6347
6727
6329
6348
6728
6330
6349
6729
6331
6350
6730
6332
6351
6731
6333
6352
6732
6334
6353
6733
6335
6354
6734
6336
6355
6735
6356
6736
6338
6357
6737
6339
6358
6738
6340
6359
6739
6341
6360
6740
6342
6361
6741
6343
6362
6742
6344
6363
6743
6345
6364
6744
6346
6365
6745
6347
6366
6746
6348
6367
6747
6349
6368
6748
6350
6369
6749
6351
6370
6750
6352
6371
6751
6353
6372
6752
6354
6373
6753
6355
6374
6754
6356
6375
6755
6376
6756
6358
6377
6757
6359
6378
6758
6360
6379
6759
6361
6380
6760
6362
6381
6761
6363
6382
6762
6364
6383
6763
6365
6384
6764
6366
6385
6765
6367
6386
6766
6368
6387
6767
6369
6388
6768
6370
6389
6769
6371
6390
6770
6372
6391
6771
6373
6392
6772
6374
6393
6773
6375
6394
6774
6376
6395
6775
6396
6776
6378
6777
6379
6778
6380
6779
6381
6780
6382
6781
6383
6782
6384
6783
6385
6784
6386
6785
6387
6786
6388
6787
6389
6788
6390
6789
6391
6790
6392
6791
6393
6792
6394
6793
6395
6794
6396
6795
6796
6398
6417
6797
6399
6418
6798
6400
6419
6799
6401
6420
6800
6402
6421
6801
6403
6422
6802
6404
6423
6803
6405
6424
6804
6406
6425
6805
6407
6426
6806
6408
6427
6807
6409
6428
6808
6410
6429
6809
6411
6430
6810
6412
6431
6811
6413
6432
6812
6414
6433
6813
6415
6434
6814
6416
6435
6815
6436
6816
6418
6437
6817
6419
6438
6818
6420
6439
6819
6421
6440
6820
6422
6441
6821
6423
6442
6822
6424
6443
6823
6425
6444
6824
6426
6445
6825
6427
6446
6826
6428
6447
6827
6429
6448
6828
6430
6449
6829
6431
6450
6830
6432
6451
6831
6433
6452
6832
6434
6453
6833
6435
6454
6834
6436
6455
6835
6456
6836
6438
6457
6837
6439
6458
6838
6440
6459
6839
6441
6460
6840
6442
6461
6841
6443
6462
6842
6444
6463
6843
6445
6464
6844
6446
6465
6845
6447
6466
6846
6448
6467
6847
6449
6468
6848
6450
6469
6849
6451
6470
6850
6452
6471
6851
6453
6472
6852
6454
6473
6853
6455
6474
6854
6456
6475
6855
6476
6856
6458
6477
6857
6459
6478
6858
6460
6479
6859
6461
6480
6860
6462
6481
6861
6463
6482
6862
6464
6483
6863
6465
6484
6864
6466
6485
6865
6467
6486
6866
6468
6487
6867
6469
6488
6868
6470
6489
6869
6471
6490
6870
6472
6491
6871
6473
6492
6872
6474
6493
6873
6475
6494
6874
6476
6495
6875
6496
6876
6478
6497
6877
6479
6498
6878
6480
6499
6879
6481
6500
6880
6482
6501
6881
6483
6502
6882
6484
6503
6883
6485
6504
6884
6486
6505
6885
6487
6506
6886
6488
6507
6887
6489
6508
6888
6490
6509
6889
6491
6510
6890
6492
6511
6891
6493
6512
6892
6494
6513
6893
6495
6514
6894
6496
6515
6895
6516
6896
6498
6517
6897
6499
6518
6898
6500
6519
6899
6501
6520
6900
6502
6521
6901
6503
6522
6902
6504
6523
6903
6505
6524
6904
6506
6525
6905
6507
6526
6906
6508
6527
6907
6509
6528
6908
6510
6529
6909
6511
6530
6910
6512
6531
6911
6513
6532
6912
6514
6533
6913
6515
6534
6914
6516
6535
6915
6536
6916
6518
6537
6917
6519
6538
6918
6520
6539
6919
6521
6540
6920
6522
6541
6921
6523
6542
6922
6524
6543
6923
6525
6544
6924
6526
6545
6925
6527
6546
6926
6528
6547
6927
6529
6548
6928
6530
6549
6929
6531
6550
6930
6532
6551
6931
6533
6552
6932
6534
6553
6933
6535
6554
6934
6536
6555
6935
6556
6936
6538
6557
6937
6539
6558
6938
6540
6559
6939
6541
6560
6940
6542
6561
6941
6543
6562
6942
6544
6563
6943
6545
6564
6944
6546
6565
6945
6547
6566
6946
6548
6567
6947
6549
6568
6948
6550
6569
6949
6551
6570
6950
6552
6571
6951
6553
6572
6952
6554
6573
6953
6555
6574
6954
6556
6575
6955
6576
6956
6558
6577
6957
6559
6578
6958
6560
6579
6959
6561
6580
6960
6562
6581
6961
6563
6582
6962
6564
6583
6963
6565
6584
6964
6566
6585
6965
6567
6586
6966
6568
6587
6967
6569
6588
6968
6570
6589
6969
6571
6590
6970
6572
6591
6971
6573
6592
6972
6574
6593
6973
6575
6594
6974
6576
6595
6975
6596
6976
6578
6597
6977
6579
6598
6978
6580
6599
6979
6581
6600
6980
6582
6601
6981
6583
6602
6982
6584
6603
6983
6585
6604
6984
6586
6605
6985
6587
6606
6986
6588
6607
6987
6589
6608
6988
6590
6609
6989
6591
6610
6990
6592
6611
6991
6593
6612
6992
6594
6613
6993
6595
6614
6994
6596
6615
6995
6616
6996
6598
6617
6997
6599
6618
6998
6600
6619
6999
6601
6620
7000
6602
6621
7001
6603
6622
7002
6604
6623
7003
6605
6624
7004
6606
6625
7005
6607
6626
7006
6608
6627
7007
6609
6628
7008
6610
6629
7009
6611
6630
7010
6612
6631
7011
6613
6632
7012
6614
6633
7013
6615
6634
7014
6616
6635
7015
6636
7016
6618
6637
7017
6619
6638
7018
6620
6639
7019
6621
6640
7020
6622
6641
7021
6623
6642
7022
6624
6643
7023
6625
6644
7024
6626
6645
7025
6627
6646
7026
6628
6647
7027
6629
6648
7028
6630
6649
7029
6631
6650
7030
6632
6651
7031
6633
6652
7032
6634
6653
7033
6635
6654
7034
6636
6655
7035
6656
7036
6638
6657
7037
6639
6658
7038
6640
6659
7039
6641
6660
7040
6642
6661
7041
6643
6662
7042
6644
6663
7043
6645
6664
7044
6646
6665
7045
6647
6666
7046
6648
6667
7047
6649
6668
7048
6650
6669
7049
6651
6670
7050
6652
6671
7051
6653
6672
7052
6654
6673
7053
6655
6674
7054
6656
6675
7055
6676
7056
6658
6677
7057
6659
6678
7058
6660
6679
7059
6661
6680
7060
6662
6681
7061
6663
6682
7062
6664
6683
7063
6665
6684
7064
6666
6685
7065
6667
6686
7066
6668
6687
7067
6669
6688
7068
6670
6689
7069
6671
6690
7070
6672
6691
7071
6673
6692
7072
6674
6693
7073
6675
6694
7074
6676
6695
7075
6696
7076
6678
6697
7077
6679
6698
7078
6680
6699
7079
6681
6700
7080
6682
6701
7081
6683
6702
7082
6684
6703
7083
6685
6704
7084
6686
6705
7085
6687
6706
7086
6688
6707
7087
6689
6708
7088
6690
6709
7089
6691
6710
7090
6692
6711
7091
6693
6712
7092
6694
6713
7093
6695
6714
7094
6696
6715
7095
6716
7096
6698
6717
7097
6699
6718
7098
6700
6719
7099
6701
6720
7100
6702
6721
7101
6703
6722
7102
6704
6723
7103
6705
6724
7104
6706
6725
7105
6707
6726
7106
6708
6727
7107
6709
6728
7108
6710
6729
7109
6711
6730
7110
6712
6731
7111
6713
6732
7112
6714
6733
7113
6715
6734
7114
6716
6735
7115
6736
7116
6718
6737
7117
6719
6738
7118
6720
6739
7119
6721
6740
7120
6722
6741
7121
6723
6742
7122
6724
6743
7123
6725
6744
7124
6726
6745
7125
6727
6746
7126
6728
6747
7127
6729
6748
7128
6730
6749
7129
6731
6750
7130
6732
6751
7131
6733
6752
7132
6734
6753
7133
6735
6754
7134
6736
6755
7135
6756
7136
6738
6757
7137
6739
6758
7138
6740
6759
7139
6741
6760
7140
6742
6761
7141
6743
6762
7142
6744
6763
7143
6745
6764
7144
6746
6765
7145
6747
6766
7146
6748
6767
7147
6749
6768
7148
6750
6769
7149
6751
6770
7150
6752
6771
7151
6753
6772
7152
6754
6773
7153
6755
6774
7154
6756
6775
7155
6776
7156
6758
6777
7157
6759
6778
7158
6760
6779
7159
6761
6780
7160
6762
6781
7161
6763
6782
7162
6764
6783
7163
6765
6784
7164
6766
6785
7165
6767
6786
7166
6768
6787
7167
6769
6788
7168
6770
6789
7169
6771
6790
7170
6772
6791
7171
6773
6792
7172
6774
6793
7173
6775
6794
7174
6776
6795
7175
6796
7176
6778
7177
6779
7178
6780
7179
6781
7180
6782
7181
6783
7182
6784
7183
6785
7184
6786
7185
6787
7186
6788
7187
6789
7188
6790
7189
6791
7190
6792
7191
6793
7192
6794
7193
6795
7194
6796
7195
7196
6798
6817
7197
6799
6818
7198
6800
6819
7199
6801
6820
7200
6802
6821
7201
6803
6822
7202
6804
6823
7203
6805
6824
7204
6806
6825
7205
6807
6826
7206
6808
6827
7207
6809
6828
7208
6810
6829
7209
6811
6830
7210
6812
6831
7211
6813
6832
7212
6814
6833
7213
6815
6834
7214
6816
6835
7215
6836
7216
6818
6837
7217
6819
6838
7218
6820
6839
7219
6821
6840
7220
6822
6841
7221
6823
6842
7222
6824
6843
7223
6825
6844
7224
6826
6845
7225
6827
6846
7226
6828
6847
7227
6829
6848
7228
6830
6849
7229
6831
6850
7230
6832
6851
7231
6833
6852
7232
6834
6853
7233
6835
6854
7234
6836
6855
7235
6856
7236
6838
6857
7237
6839
6858
7238
6840
6859
7239
6841
6860
7240
6842
6861
7241
6843
6862
7242
6844
6863
7243
6845
6864
7244
6846
6865
7245
6847
6866
7246
6848
6867
7247
6849
6868
7248
6850
6869
7249
6851
6870
7250
6852
6871
7251
6853
6872
7252
6854
6873
7253
6855
6874
7254
6856
6875
7255
6876
7256
6858
6877
7257
6859
6878
7258
6860
6879
7259
6861
6880
7260
6862
6881
7261
6863
6882
7262
6864
6883
7263
6865
6884
7264
6866
6885
7265
6867
6886
7266
6868
6887
7267
6869
6888
7268
6870
6889
7269
6871
6890
7270
6872
6891
7271
6873
6892
7272
6874
6893
7273
6875
6894
7274
6876
6895
7275
6896
7276
6878
6897
7277
6879
6898
7278
6880
6899
7279
6881
6900
7280
6882
6901
7281
6883
6902
7282
6884
6903
7283
6885
6904
7284
6886
6905
7285
6887
6906
7286
6888
6907
7287
6889
6908
7288
6890
6909
7289
6891
6910
7290
6892
6911
7291
6893
6912
7292
6894
6913
7293
6895
6914
7294
6896
6915
7295
6916
7296
6898
6917
7297
6899
6918
7298
6900
6919
7299
6901
6920
7300
6902
6921
7301
6903
6922
7302
6904
6923
7303
6905
6924
7304
6906
6925
7305
6907
6926
7306
6908
6927
7307
6909
6928
7308
6910
6929
7309
6911
6930
7310
6912
6931
7311
6913
6932
7312
6914
6933
7313
6915
6934
7314
6916
6935
7315
6936
7316
6918
6937
7317
6919
6938
7318
6920
6939
7319
6921
6940
7320
6922
6941
7321
6923
6942
7322
6924
6943
7323
6925
6944
7324
6926
6945
7325
6927
6946
7326
6928
6947
7327
6929
6948
7328
6930
6949
7329
6931
6950
7330
6932
6951
7331
6933
6952
7332
6934
6953
7333
6935
6954
7334
6936
6955
7335
6956
7336
6938
6957
7337
6939
6958
7338
6940
6959
7339
6941
6960
7340
6942
6961
7341
6943
6962
7342
6944
6963
7343
6945
6964
7344
6946
6965
7345
6947
6966
7346
6948
6967
7347
6949
6968
7348
6950
6969
7349
6951
6970
7350
6952
6971
7351
6953
6972
7352
6954
6973
7353
6955
6974
7354
6956
6975
7355
6976
7356
6958
6977
7357
6959
6978
7358
6960
6979
7359
6961
6980
7360
6962
6981
7361
6963
6982
7362
6964
6983
7363
6965
6984
7364
6966
6985
7365
6967
6986
7366
6968
6987
7367
6969
6988
7368
6970
6989
7369
6971
6990
7370
6972
6991
7371
6973
6992
7372
6974
6993
7373
6975
6994
7374
6976
6995
7375
6996
7376
6978
6997
7377
6979
6998
7378
6980
6999
7379
6981
7000
7380
6982
7001
7381
6983
7002
7382
6984
7003
7383
6985
7004
7384
6986
7005
7385
6987
7006
7386
6988
7007
7387
6989
7008
7388
6990
7009
7389
6991
7010
7390
6992
7011
7391
6993
7012
7392
6994
7013
7393
6995
7014
7394
6996
7015
7395
7016
7396
6998
7017
7397
6999
7018
7398
7000
7019
7399
7001
7020
7400
7002
7021
7401
7003
7022
7402
7004
7023
7403
7005
7024
7404
7006
7025
7405
7007
7026
7406
7008
7027
7407
7009
7028
7408
7010
7029
7409
7011
7030
7410
7012
7031
7411
7013
7032
7412
7014
7033
7413
7015
7034
7414
7016
7035
7415
7036
7416
7018
7037
7417
7019
7038
7418
7020
7039
7419
7021
7040
7420
7022
7041
7421
7023
7042
7422
7024
7043
7423
7025
7044
7424
7026
7045
7425
7027
7046
7426
7028
7047
7427
7029
7048
7428
7030
7049
7429
7031
7050
7430
7032
7051
7431
7033
7052
7432
7034
7053
7433
7035
7054
7434
7036
7055
7435
7056
7436
7038
7057
7437
7039
7058
7438
7040
7059
7439
7041
7060
7440
7042
7061
7441
7043
7062
7442
7044
7063
7443
7045
7064
7444
7046
7065
7445
7047
7066
7446
7048
7067
7447
7049
7068
7448
7050
7069
7449
7051
7070
7450
7052
7071
7451
7053
7072
7452
7054
7073
7453
7055
7074
7454
7056
7075
7455
7076
7456
7058
7077
7457
7059
7078
7458
7060
7079
7459
7061
7080
7460
7062
7081
7461
7063
7082
7462
7064
7083
7463
7065
7084
7464
7066
7085
7465
7067
7086
7466
7068
7087
7467
7069
7088
7468
7070
7089
7469
7071
7090
7470
7072
7091
7471
7073
7092
7472
7074
7093
7473
7075
7094
7474
7076
7095
7475
7096
7476
7078
7097
7477
7079
7098
7478
7080
7099
7479
7081
7100
7480
7082
7101
7481
7083
7102
7482
7084
7103
7483
7085
7104
7484
7086
7105
7485
7087
7106
7486
7088
7107
7487
7089
7108
7488
7090
7109
7489
7091
7110
7490
7092
7111
7491
7093
7112
7492
7094
7113
7493
7095
7114
7494
7096
7115
7495
7116
7496
7098
7117
7497
7099
7118
7498
7100
7119
7499
7101
7120
7500
7102
7121
7501
7103
7122
7502
7104
7123
7503
7105
7124
7504
7106
7125
7505
7107
7126
7506
7108
7127
7507
7109
7128
7508
7110
7129
7509
7111
7130
7510
7112
7131
7511
7113
7132
7512
7114
7133
7513
7115
7134
7514
7116
7135
7515
7136
7516
7118
7137
7517
7119
7138
7518
7120
7139
7519
7121
7140
7520
7122
7141
7521
7123
7142
7522
7124
7143
7523
7125
7144
7524
7126
7145
7525
7127
7146
7526
7128
7147
7527
7129
7148
7528
7130
7149
7529
7131
7150
7530
7132
7151
7531
7133
7152
7532
7134
7153
7533
7135
7154
7534
7136
7155
7535
7156
7536
7138
7157
7537
7139
7158
7538
7140
7159
7539
7141
7160
7540
7142
7161
7541
7143
7162
7542
7144
7163
7543
7145
7164
7544
7146
7165
7545
7147
7166
7546
7148
7167
7547
7149
7168
7548
7150
7169
7549
7151
7170
7550
7152
7171
7551
7153
7172
7552
7154
7173
7553
7155
7174
7554
7156
7175
7555
7176
7556
7158
7177
7557
7159
7178
7558
7160
7179
7559
7161
7180
7560
7162
7181
7561
7163
7182
7562
7164
7183
7563
7165
7184
7564
7166
7185
7565
7167
7186
7566
7168
7187
7567
7169
7188
7568
7170
7189
7569
7171
7190
7570
7172
7191
7571
7173
7192
7572
7174
7193
7573
7175
7194
7574
7176
7195
7575
7196
7576
7178
7577
7179
7578
7180
7579
7181
7580
7182
7581
7183
7582
7184
7583
7185
7584
7186
7585
7187
7586
7188
7587
7189
7588
7190
7589
7191
7590
7192
7591
7193
7592
7194
7593
7195
7594
7196
7595
7596
7198
7217
7597
7199
7218
7598
7200
7219
7599
7201
7220
7600
7202
7221
7601
7203
7222
7602
7204
7223
7603
7205
7224
7604
7206
7225
7605
7207
7226
7606
7208
7227
7607
7209
7228
7608
7210
7229
7609
7211
7230
7610
7212
7231
7611
7213
7232
7612
7214
7233
7613
7215
7234
7614
7216
7235
7615
7236
7616
7218
7237
7617
7219
7238
7618
7220
7239
7619
7221
7240
7620
7222
7241
7621
7223
7242
7622
7224
7243
7623
7225
7244
7624
7226
7245
7625
7227
7246
7626
7228
7247
7627
7229
7248
7628
7230
7249
7629
7231
7250
7630
7232
7251
7631
7233
7252
7632
7234
7253
7633
7235
7254
7634
7236
7255
7635
7256
7636
7238
7257
7637
7239
7258
7638
7240
7259
7639
7241
7260
7640
7242
7261
7641
7243
7262
7642
7244
7263
7643
7245
7264
7644
7246
7265
7645
7247
7266
7646
7248
7267
7647
7249
7268
7648
7250
7269
7649
7251
7270
7650
7252
7271
7651
7253
7272
7652
7254
7273
7653
7255
7274
7654
7256
7275
7655
7276
7656
7258
7277
7657
7259
7278
7658
7260
7279
7659
7261
7280
7660
7262
7281
7661
7263
7282
7662
7264
7283
7663
7265
7284
7664
7266
7285
7665
7267
7286
7666
7268
7287
7667
7269
7288
7668
7270
7289
7669
7271
7290
7670
7272
7291
7671
7273
7292
7672
7274
7293
7673
7275
7294
7674
7276
7295
7675
7296
7676
7278
7297
7677
7279
7298
7678
7280
7299
7679
7281
7300
7680
7282
7301
7681
7283
7302
7682
7284
7303
7683
7285
7304
7684
7286
7305
7685
7287
7306
7686
7288
7307
7687
7289
7308
7688
7290
7309
7689
7291
7310
7690
7292
7311
7691
7293
7312
7692
7294
7313
7693
7295
7314
7694
7296
7315
7695
7316
7696
7298
7317
7697
7299
7318
7698
7300
7319
7699
7301
7320
7700
7302
7321
7701
7303
7322
7702
7304
7323
7703
7305
7324
7704
7306
7325
7705
7307
7326
7706
7308
7327
7707
7309
7328
7708
7310
7329
7709
7311
7330
7710
7312
7331
7711
7313
7332
7712
7314
7333
7713
7315
7334
7714
7316
7335
7715
7336
7716
7318
7337
7717
7319
7338
7718
7320
7339
7719
7321
7340
7720
7322
7341
7721
7323
7342
7722
7324
7343
7723
7325
7344
7724
7326
7345
7725
7327
7346
7726
7328
7347
7727
7329
7348
7728
7330
7349
7729
7331
7350
7730
7332
7351
7731
7333
7352
7732
7334
7353
7733
7335
7354
7734
7336
7355
7735
7356
7736
7338
7357
7737
7339
7358
7738
7340
7359
7739
7341
7360
7740
7342
7361
7741
7343
7362
7742
7344
7363
7743
7345
7364
7744
7346
7365
7745
7347
7366
7746
7348
7367
7747
7349
7368
7748
7350
7369
7749
7351
7370
7750
7352
7371
7751
7353
7372
7752
7354
7373
7753
7355
7374
7754
7356
7375
7755
7376
7756
7358
7377
7757
7359
7378
7758
7360
7379
7759
7361
7380
7760
7362
7381
7761
7363
7382
7762
7364
7383
7763
7365
7384
7764
7366
7385
7765
7367
7386
7766
7368
7387
7767
7369
7388
7768
7370
7389
7769
7371
7390
7770
7372
7391
7771
7373
7392
7772
7374
7393
7773
7375
7394
7774
7376
7395
7775
7396
7776
7378
7397
7777
7379
7398
7778
7380
7399
7779
7381
7400
7780
7382
7401
7781
7383
7402
7782
7384
7403
7783
7385
7404
7784
7386
7405
7785
7387
7406
7786
7388
7407
7787
7389
7408
7788
7390
7409
7789
7391
7410
7790
7392
7411
7791
7393
7412
7792
7394
7413
7793
7395
7414
7794
7396
7415
7795
7416
7796
7398
7417
7797
7399
7418
7798
7400
7419
7799
7401
7420
7800
7402
7421
7801
7403
7422
7802
7404
7423
7803
7405
7424
7804
7406
7425
7805
7407
7426
7806
7408
7427
7807
7409
7428
7808
7410
7429
7809
7411
7430
7810
7412
7431
7811
7413
7432
7812
7414
7433
7813
7415
7434
7814
7416
7435
7815
7436
7816
7418
7437
7817
7419
7438
7818
7420
7439
7819
7421
7440
7820
7422
7441
7821
7423
7442
7822
7424
7443
7823
7425
7444
7824
7426
7445
7825
7427
7446
7826
7428
7447
7827
7429
7448
7828
7430
7449
7829
7431
7450
7830
7432
7451
7831
7433
7452
7832
7434
7453
7833
7435
7454
7834
7436
7455
7835
7456
7836
7438
7457
7837
7439
7458
7838
7440
7459
7839
7441
7460
7840
7442
7461
7841
7443
7462
7842
7444
7463
7843
7445
7464
7844
7446
7465
7845
7447
7466
7846
7448
7467
7847
7449
7468
7848
7450
7469
7849
7451
7470
7850
7452
7471
7851
7453
7472
7852
7454
7473
7853
7455
7474
7854
7456
7475
7855
7476
7856
7458
7477
7857
7459
7478
7858
7460
7479
7859
7461
7480
7860
7462
7481
7861
7463
7482
7862
7464
7483
7863
7465
7484
7864
7466
7485
7865
7467
7486
7866
7468
7487
7867
7469
7488
7868
7470
7489
7869
7471
7490
7870
7472
7491
7871
7473
7492
7872
7474
7493
7873
7475
7494
7874
7476
7495
7875
7496
7876
7478
7497
7877
7479
7498
7878
7480
7499
7879
7481
7500
7880
7482
7501
7881
7483
7502
7882
7484
7503
7883
7485
7504
7884
7486
7505
7885
7487
7506
7886
7488
7507
7887
7489
7508
7888
7490
7509
7889
7491
7510
7890
7492
7511
7891
7493
7512
7892
7494
7513
7893
7495
7514
7894
7496
7515
7895
7516
7896
7498
7517
7897
7499
7518
7898
7500
7519
7899
7501
7520
7900
7502
7521
7901
7503
7522
7902
7504
7523
7903
7505
7524
7904
7506
7525
7905
7507
7526
7906
7508
7527
7907
7509
7528
7908
7510
7529
7909
7511
7530
7910
7512
7531
7911
7513
7532
7912
7514
7533
7913
7515
7534
7914
7516
7535
7915
7536
7916
7518
7537
7917
7519
7538
7918
7520
7539
7919
7521
7540
7920
7522
7541
7921
7523
7542
7922
7524
7543
7923
7525
7544
7924
7526
7545
7925
7527
7546
7926
7528
7547
7927
7529
7548
7928
7530
7549
7929
7531
7550
7930
7532
7551
7931
7533
7552
7932
7534
7553
7933
7535
7554
7934
7536
7555
7935
7556
7936
7538
7557
7937
7539
7558
7938
7540
7559
7939
7541
7560
7940
7542
7561
7941
7543
7562
7942
7544
7563
7943
7545
7564
7944
7546
7565
7945
7547
7566
7946
7548
7567
7947
7549
7568
7948
7550
7569
7949
7551
7570
7950
7552
7571
7951
7553
7572
7952
7554
7573
7953
7555
7574
7954
7556
7575
7955
7576
7956
7558
7577
7957
7559
7578
7958
7560
7579
7959
7561
7580
7960
7562
7581
7961
7563
7582
7962
7564
7583
7963
7565
7584
7964
7566
7585
7965
7567
7586
7966
7568
7587
7967
7569
7588
7968
7570
7589
7969
7571
7590
7970
7572
7591
7971
7573
7592
7972
7574
7593
7973
7575
7594
7974
7576
7595
7975
7596
7976
7578
7977
7579
7978
7580
7979
7581
7980
7582
7981
7583
7982
7584
7983
7585
7984
7586
7985
7587
7986
7588
7987
7589
7988
7590
7989
7591
7990
7592
7991
7593
7992
7594
7993
7595
7994
7596
7995
7996
7598
7617
7599
7618
7600
7619
7601
7620
7602
7621
7603
7622
7604
7623
7605
7624
7606
7625
7607
7626
7608
7627
7609
7628
7610
7629
7611
7630
7612
7631
7613
7632
7614
7633
7615
7634
7616
7635
7636
7618
7637
7619
7638
7620
7639
7621
7640
7622
7641
7623
7642
7624
7643
7625
7644
7626
7645
7627
7646
7628
7647
7629
7648
7630
7649
7631
7650
7632
7651
7633
7652
7634
7653
7635
7654
7636
7655
7656
7638
7657
7639
7658
7640
7659
7641
7660
7642
7661
7643
7662
7644
7663
7645
7664
7646
7665
7647
7666
7648
7667
7649
7668
7650
7669
7651
7670
7652
7671
7653
7672
7654
7673
7655
7674
7656
7675
7676
7658
7677
7659
7678
7660
7679
7661
7680
7662
7681
7663
7682
7664
7683
7665
7684
7666
7685
7667
7686
7668
7687
7669
7688
7670
7689
7671
7690
7672
7691
7673
7692
7674
7693
7675
7694
7676
7695
7696
7678
7697
7679
7698
7680
7699
7681
7700
7682
7701
7683
7702
7684
7703
7685
7704
7686
7705
7687
7706
7688
7707
7689
7708
7690
7709
7691
7710
7692
7711
7693
7712
7694
7713
7695
7714
7696
7715
7716
7698
7717
7699
7718
7700
7719
7701
7720
7702
7721
7703
7722
7704
7723
7705
7724
7706
7725
7707
7726
7708
7727
7709
7728
7710
7729
7711
7730
7712
7731
7713
7732
7714
7733
7715
7734
7716
7735
7736
7718
7737
7719
7738
7720
7739
7721
7740
7722
7741
7723
7742
7724
7743
7725
7744
7726
7745
7727
7746
7728
7747
7729
7748
7730
7749
7731
7750
7732
7751
7733
7752
7734
7753
7735
7754
7736
7755
7756
7738
7757
7739
7758
7740
7759
7741
7760
7742
7761
7743
7762
7744
7763
7745
7764
7746
7765
7747
7766
7748
7767
7749
7768
7750
7769
7751
7770
7752
7771
7753
7772
7754
7773
7755
7774
7756
7775
7776
7758
7777
7759
7778
7760
7779
7761
7780
7762
7781
7763
7782
7764
7783
7765
7784
7766
7785
7767
7786
7768
7787
7769
7788
7770
7789
7771
7790
7772
7791
7773
7792
7774
7793
7775
7794
7776
7795
7796
7778
7797
7779
7798
7780
7799
7781
7800
7782
7801
7783
7802
7784
7803
7785
7804
7786
7805
7787
7806
7788
7807
7789
7808
7790
7809
7791
7810
7792
7811
7793
7812
7794
7813
7795
7814
7796
7815
7816
7798
7817
7799
7818
7800
7819
7801
7820
7802
7821
7803
7822
7804
7823
7805
7824
7806
7825
7807
7826
7808
7827
7809
7828
7810
7829
7811
7830
7812
7831
7813
7832
7814
7833
7815
7834
7816
7835
7836
7818
7837
7819
7838
7820
7839
7821
7840
7822
7841
7823
7842
7824
7843
7825
7844
7826
7845
7827
7846
7828
7847
7829
7848
7830
7849
7831
7850
7832
7851
7833
7852
7834
7853
7835
7854
7836
7855
7856
7838
7857
7839
7858
7840
7859
7841
7860
7842
7861
7843
7862
7844
7863
7845
7864
7846
7865
7847
7866
7848
7867
7849
7868
7850
7869
7851
7870
7852
7871
7853
7872
7854
7873
7855
7874
7856
7875
7876
7858
7877
7859
7878
7860
7879
7861
7880
7862
7881
7863
7882
7864
7883
7865
7884
7866
7885
7867
7886
7868
7887
7869
7888
7870
7889
7871
7890
7872
7891
7873
7892
7874
7893
7875
7894
7876
7895
7896
7878
7897
7879
7898
7880
7899
7881
7900
7882
7901
7883
7902
7884
7903
7885
7904
7886
7905
7887
7906
7888
7907
7889
7908
7890
7909
7891
7910
7892
7911
7893
7912
7894
7913
7895
7914
7896
7915
7916
7898
7917
7899
7918
7900
7919
7901
7920
7902
7921
7903
7922
7904
7923
7905
7924
7906
7925
7907
7926
7908
7927
7909
7928
7910
7929
7911
7930
7912
7931
7913
7932
7914
7933
7915
7934
7916
7935
7936
7918
7937
7919
7938
7920
7939
7921
7940
7922
7941
7923
7942
7924
7943
7925
7944
7926
7945
7927
7946
7928
7947
7929
7948
7930
7949
7931
7950
7932
7951
7933
7952
7934
7953
7935
7954
7936
7955
7956
7938
7957
7939
7958
7940
7959
7941
7960
7942
7961
7943
7962
7944
7963
7945
7964
7946
7965
7947
7966
7948
7967
7949
7968
7950
7969
7951
7970
7952
7971
7953
7972
7954
7973
7955
7974
7956
7975
7976
7958
7977
7959
7978
7960
7979
7961
7980
7962
7981
7963
7982
7964
7983
7965
7984
7966
7985
7967
7986
7968
7987
7969
7988
7970
7989
7971
7990
7972
7991
7973
7992
7974
7993
7975
7994
7976
7995
7996
7978
7979
7980
7981
7982
7983
7984
7985
7986
7987
7988
7989
7990
7991
7992
7993
7994
7995
7996
8100
8850
9007
9009
14943
14944
14945
14946
8101
8154
12351
12352
12353
8156
8853
9014
9015
14971
14972
14973
14974
8004
8043
8854
9021
9022
14999
15000
15001
15002
8009
8044
8158
9027
9028
19306
8107
8857
9031
9032
9033
8013
8109
8160
12358
12359
12360
8860
9038
9039
15034
15035
15036
15037
8049
8162
8861
9045
9046
15062
15063
15064
15065
8017
8050
8164
9051
9052
19307
8115
8168
9056
9057
15090
15091
15092
15093
8014
8116
8191
8485
8486
13883
13884
13887
13889
8170
9061
9062
19308
8016
8055
9065
9066
9067
8056
8172
8194
8504
8506
13939
13940
13943
13945
8018
8057
8195
10925
10926
10927
8121
12365
12366
12367
8122
8518
8519
13981
13982
13985
13987
8123
8185
8198
9073
9074
15118
15119
15120
15121
9079
9080
9081
8062
8187
9085
9086
19310
8063
8201
10932
10933
10934
8064
8189
8202
8537
8539
14037
14038
14041
14043
8128
8207
8544
8546
14065
14066
14069
14070
8129
8221
12372
12373
12374
8210
8223
8562
8563
14107
14108
14111
14112
8028
8069
8211
10939
10940
10941
8034
8070
8225
9088
9089
19312
8030
8071
9092
9093
9094
8135
8214
9099
9101
15146
15147
15148
15149
8037
8137
8234
12379
12380
12381
8217
10946
10947
10948
8076
8218
8236
8593
8594
14170
14171
14174
14176
8077
9106
9107
9108
8040
8078
8238
9112
9113
19314
8143
8242
9116
9117
9118
8038
8144
8897
9124
9125
15174
15175
15176
15177
8244
9129
9130
19316
8083
8246
8900
9133
9135
15202
15203
15204
15205
8041
8084
8901
9140
9142
15230
15231
15232
15233
8149
12386
12387
12388
8150
9148
9149
15258
15259
15260
15261
8151
8259
8904
9154
9155
9156
8089
8261
9160
9161
19317
8090
8907
9164
9166
15293
15294
15295
15296
8091
8263
8908
9171
9173
15321
15322
15323
15324
8913
9178
9180
15349
15350
15351
15352
8267
9184
9185
19318
8269
8916
12393
12394
12395
8051
8376
8917
9193
9194
15377
15378
15379
15380
8058
8271
8377
12399
12400
12403
8053
8059
8378
9206
9207
9208
8920
9213
9215
15433
15434
15435
15436
8062
8273
9224
9225
19319
8923
9228
9229
15461
15462
15463
15464
8275
8383
8924
12407
12408
12409
8065
8384
9235
9236
9237
8066
8277
8385
12413
12414
12417
9248
9249
9250
8281
8684
8685
14324
14325
14328
14330
8063
8303
9255
9256
9257
8283
12421
12422
12423
8065
8390
9262
9263
9264
8285
8306
8391
10953
10954
10955
8067
8307
8392
9269
9271
15538
15539
15540
15541
9275
9276
19320
9279
9280
9281
8297
8310
8707
8708
14408
14409
14412
14413
9286
9287
9288
8299
8397
12428
12429
12430
8313
8398
9293
9295
15587
15588
15589
15590
8301
8314
8399
10960
10961
10962
8319
9300
9301
9302
8333
9306
9307
19322
8077
9310
9311
9312
8322
8335
10967
10968
10969
8079
8323
8404
9317
9318
15636
15637
15638
15639
8085
8337
8405
12435
12436
12437
8081
8086
8406
9324
9325
9326
8326
8745
8747
14548
14549
14552
14553
9331
9332
9333
8089
8346
9337
9338
19324
8329
9341
9342
15664
15665
15666
15667
8330
8348
8411
10974
10975
10976
8092
8412
9348
9349
9350
8093
8350
8413
12442
12443
12444
8354
9361
9362
15692
15693
15694
15695
8090
8978
9368
9369
15720
15721
15722
15723
8356
12448
12449
12452
8092
8418
9380
9381
9382
8358
8419
8981
12456
12457
12458
8094
8420
8982
9387
9389
15783
15784
15785
15786
9393
9394
19326
9398
9399
15804
15805
15806
15807
8370
8985
9405
9406
15832
15833
15834
15835
9411
9412
9413
8372
8425
12462
12463
12466
8426
8988
9424
9426
15895
15896
15897
15898
8374
8427
8989
12470
12471
12472
11479
11617
17503
17504
17505
8794
11480
12477
12478
12479
8104
8110
11481
12484
12485
12486
8796
11620
12490
12491
12494
8106
11621
12497
12501
18609
18611
18613
18614
8113
8798
12504
12505
12508
8108
8114
10980
10981
10984
19596
11486
11624
17510
17511
17512
11487
12512
12513
12514
8117
8800
11488
12519
12520
12521
11627
12525
12529
18623
18625
18627
18628
8802
11628
12532
12533
12536
8120
10987
10988
10991
19598
8121
8804
12539
12540
12543
11507
12547
12548
12549
8808
11508
17517
17518
17519
8118
10896
11509
12554
12555
12556
8810
12560
12561
12564
8120
10994
10995
10998
19600
8812
10899
12567
12568
12571
8122
10900
11002
11005
16900
16902
16905
16906
11514
12575
12576
12577
11515
12582
12583
12584
8814
10903
11516
17524
17525
17526
11008
11009
11012
19592
8816
12588
12589
12592
10906
11016
11019
16914
16916
16919
16920
8818
10907
12595
12596
12599
10912
11563
12603
12604
12605
8822
11564
12610
12611
12612
8132
8138
11565
12617
12618
12619
8824
10915
12623
12624
12627
8134
10916
11022
11026
16928
16930
16933
16934
8141
8826
12630
12631
12634
8136
8142
11029
11030
11033
19602
10919
11570
17531
17532
17533
11571
12638
12639
12640
8145
8828
11572
12645
12646
12647
10922
11036
11040
16942
16944
16947
16948
8830
10923
12651
12652
12655
8148
11043
11044
11047
19604
8149
8832
12658
12659
12662
11591
12666
12667
12668
8836
11592
17538
17539
17540
8146
11593
11762
17545
17546
17547
8838
12672
12673
12676
8148
11050
11051
11054
19606
8840
11765
12679
12680
12683
8150
11766
12687
12690
18637
18639
18641
18642
11598
12694
12695
12696
11599
17552
17553
17554
8842
11600
11769
17559
17560
17561
11057
11058
11061
19594
8844
12700
12701
12704
11772
12708
12711
18651
18653
18655
18656
8846
11773
12714
12715
12718
8796
11785
12721
12722
12725
8797
11799
17566
17567
17568
8166
8798
17572
17573
17576
11788
11801
12729
12730
12731
8265
11789
12735
12736
12739
8169
8266
11803
12743
12744
12745
8170
8267
12749
12750
12753
8803
11792
17580
17581
17582
8804
17586
17587
17590
8184
8805
11812
17594
17595
17596
11795
12756
12757
12760
8272
11796
11814
12764
12765
12766
8187
8273
12770
12771
12774
8188
8274
11816
12778
12779
12780
8810
17600
17601
17604
8811
11820
17608
17609
17610
8812
11839
12784
12785
12788
11822
12792
12793
12794
8279
12798
12799
12802
8280
11824
11842
12806
12807
12808
8281
11843
12812
12816
18664
18666
18669
18670
8478
8490
9054
9584
9585
8434
9458
9588
9589
19327
9055
9459
9570
12820
12821
12822
8435
8491
9571
9593
9594
19329
8481
9058
9460
11065
11066
11067
8494
9059
9572
12827
12828
12829
8510
8516
8523
11070
11071
8479
8517
9473
9597
9598
8457
8480
8524
9600
9601
9602
8514
8520
9474
9605
9606
9607
8482
8521
8528
11075
11076
11077
8817
17615
17616
17617
8818
12833
12834
12837
8819
11833
11860
17622
17623
17624
12840
12841
12844
8296
11835
12848
12849
12850
8297
11863
12854
12858
18678
18680
18683
18684
8298
11837
11864
12862
12863
12864
10900
12868
12869
12872
8193
8196
10901
11841
11849
11850
11851
11852
8197
8199
8205
10902
12871
12872
12873
12874
11843
12875
12876
12879
8201
8303
12882
12883
12886
8197
8208
8304
11845
12878
12879
12880
12881
8203
8209
8305
12885
12886
12887
12888
10907
12889
12890
12893
8200
8203
10908
11856
11857
11858
11859
8204
8212
10909
11861
12892
12893
12894
12895
12896
12897
12900
8310
11863
12903
12904
12907
8204
8215
8311
12899
12900
12901
12902
8216
8312
11865
12906
12907
12908
12909
8209
10914
12920
12921
12922
12923
10915
11869
12910
12911
12914
8213
10916
12917
12918
12921
8209
11871
12927
12928
12929
12930
8215
8317
12934
12935
12936
12937
8318
11873
12924
12925
12928
8217
8319
12931
12932
12935
8216
10921
12948
12949
12950
12951
10922
12938
12939
12942
10923
11875
12945
12946
12949
8216
12955
12956
12957
12958
8324
11877
12962
12963
12964
12965
8325
12952
12953
12956
8326
11879
12959
12960
12963
8824
11869
12966
12967
12970
8825
11883
17629
17630
17631
8240
8826
17635
17636
17639
11872
11885
12974
12975
12976
8331
11873
12980
12984
18692
18694
18697
18698
8243
8332
11887
12988
12989
12990
8244
8333
12994
12995
12998
8581
9098
10945
13002
13003
13004
8231
9099
11036
12938
13015
13017
13019
13020
8545
8582
11037
13009
13010
13011
8231
8546
10946
12939
13022
13025
13026
13028
8584
9102
11038
13016
13017
13018
9103
10949
12940
13001
13003
13005
13007
8549
8585
10950
13023
13024
13025
8831
11876
17643
17644
17645
8832
17649
17650
17653
8258
8833
11896
17657
17658
17659
11879
13029
13033
18706
18708
18711
18712
8345
11880
11898
13037
13038
13039
8261
8346
13043
13044
13047
8262
8347
11900
13051
13052
13053
8838
17663
17664
17667
8839
11904
17671
17672
17673
8840
11923
13057
13058
13061
11906
13065
13066
13067
8352
13071
13072
13075
8353
11908
11926
13079
13080
13081
8354
11927
13085
13086
13089
8612
8617
9115
9661
9662
9663
8552
9514
9668
9669
19331
9116
9515
9646
13093
13094
13095
8553
8618
9647
9673
9674
19332
8615
9119
9516
13100
13101
13102
8620
9120
9648
13107
13108
13109
8629
8635
9146
9679
9680
9681
8613
9147
9529
9687
9688
9689
8583
8614
8636
9693
8633
9150
9530
9696
9697
9698
8616
8640
9151
9705
9706
9707
8845
17678
17679
17680
8846
13113
13114
13117
8847
11917
11930
17685
17686
17687
13120
13121
13124
8369
11919
13128
13129
13130
8370
11933
13134
13135
13138
8371
11921
11934
13142
13143
13144
11939
13148
13149
13152
11953
13156
13157
13158
8279
13162
13163
13166
11942
11955
11958
11961
11963
11964
13169
13171
13173
13175
17694
17695
17696
17697
11943
12133
17691
17692
17695
8282
11957
12134
13170
13171
13172
8283
12135
12399
12403
12404
13176
13177
13180
11946
13184
13185
13186
13190
13191
13194
8296
11973
13198
13199
13200
11949
17698
17699
17702
11950
11975
12154
13183
13186
13188
13189
13211
13213
13215
13217
17701
17702
17703
17704
8299
12155
12413
12417
12418
13204
13205
13208
8300
11977
12156
13212
13213
13214
13218
13219
13222
11981
13226
13227
13228
12007
13233
13236
18720
18722
18725
18726
11983
13240
13241
13242
12161
12421
12423
12424
13246
13247
13250
11985
12010
12162
13254
13255
13256
12011
12163
13260
13261
13264
8677
8682
8689
9739
9740
8493
8683
9732
9742
9743
9744
8649
8690
9733
9748
9749
9750
8495
8680
8686
9753
9754
8687
8693
9734
13268
13269
13270
8700
8712
9278
9757
9758
8525
8664
9761
9762
9763
8526
8679
9279
13275
13276
13277
8529
8703
9282
11082
11083
11084
8681
8715
9283
11089
11090
11091
13282
13283
13284
13289
13292
18734
18736
18739
18740
12001
12028
13296
13297
13298
12428
12430
12431
13302
13303
13306
12003
12175
13310
13311
13312
12031
12176
13316
13317
13320
12005
12032
12177
13324
13325
13326
13330
13331
13334
8305
8308
12009
12017
12018
12019
12020
8309
8311
8317
13333
13334
13335
13336
12011
13337
13338
13341
8313
12189
13344
13345
13348
8309
8320
12013
12190
13340
13341
13342
13343
8315
8321
12191
13347
13348
13349
13350
13351
13352
13355
8312
8315
12024
12025
12026
12027
8316
8324
12029
13354
13355
13356
13357
13358
13359
13362
12031
12196
13365
13366
13369
8316
8327
12197
13361
13362
13363
13364
8328
12033
12198
13368
13369
13370
13371
8321
13382
13383
13384
13385
12037
13372
13373
13376
8325
13379
13380
13383
8321
12039
13389
13390
13391
13392
8327
12210
13396
13397
13398
13399
12041
12211
13386
13387
13390
8329
12212
13393
13394
13397
8328
13410
13411
13412
13413
13400
13401
13404
12043
13407
13408
13411
8328
13417
13418
13419
13420
12045
12217
13424
13425
13426
13427
12218
13414
13415
13418
12047
12219
13421
13422
13425
12037
13429
13432
18748
18750
18753
18754
12051
13436
13437
13438
8352
13442
13443
13446
12040
12053
13450
13451
13452
12041
12231
13456
13457
13460
8355
12055
12232
13464
13465
13466
8356
12233
12435
12436
12438
13470
13471
13474
8723
9299
10966
13478
13479
13480
8343
8563
9300
13372
13491
13493
13495
13496
8564
8724
13428
13485
13486
13487
8343
10967
13373
13429
13498
13501
13502
13504
8567
8726
9303
13492
13493
13494
9304
10970
13374
13477
13479
13481
13483
8727
10971
13430
13499
13500
13501
12044
13506
13507
13508
13512
13513
13516
8369
12071
13520
13521
13522
12047
13526
13527
13530
12048
12073
12252
13534
13535
13536
8372
12253
12442
12443
12445
13540
13541
13544
8373
12075
12254
13548
13549
13550
13554
13555
13558
12079
13562
13563
13564
12105
13568
13569
13572
12081
13576
13577
13578
12259
12448
12452
12454
13582
13583
13586
12083
12108
12260
13561
13564
13566
13567
13575
13578
13580
13581
17708
17709
17710
17711
12109
12261
17705
17706
17709
8772
9359
9373
9796
9797
9798
8619
9360
9788
9803
9804
9805
8725
9374
9789
9810
9811
9812
8621
8775
9363
9816
9817
9818
9364
9377
9790
13590
13591
13592
8782
8787
9396
9823
9824
9825
8637
8753
9829
9830
9831
8638
8774
9397
11095
11096
11097
8641
8785
9400
13597
13598
13599
8776
8790
9401
11102
11103
11104
13604
13605
13606
13610
13611
13614
12099
12112
13618
13619
13620
12462
12466
12467
13624
13625
13628
12101
12273
13632
13633
13634
12115
12274
17712
17713
17716
12103
12116
12275
13617
13620
13622
13623
13631
13634
13636
13637
17715
17716
17717
17718
12121
13638
13639
13642
12135
12400
12403
12405
13645
13646
13649
8384
8390
9207
9208
9209
9839
9840
9843
17719
17723
17725
8380
8381
12124
12137
12143
12144
12145
12146
8386
12125
12294
13641
13642
13643
13644
19126
19128
19130
19132
8393
12139
12295
13648
13649
13650
13651
19126
19129
19131
19132
19141
19142
19144
8388
8394
12296
19127
19128
19129
12128
13652
13653
13656
9236
9237
9238
9846
9847
9850
17264
17268
17269
8397
12155
12414
12417
12419
13659
13660
13663
8387
12131
12150
12151
12152
12153
19133
19135
19137
19139
8389
12132
12157
12301
13655
13656
13657
13658
8400
12302
19134
19135
19136
8401
12159
12303
13662
13663
13664
13665
19133
19136
19138
19139
19148
19149
19151
17719
17720
17723
12163
13666
13667
13670
8398
12189
13673
13674
13677
12165
19141
19142
19143
8400
12308
13681
13682
13683
12167
12192
12309
13669
13670
13671
13672
13687
13690
13692
13693
19140
19143
19145
19146
8402
12193
12310
13688
13689
13690
12429
12430
12432
13694
13695
13698
13701
13702
13705
12176
12196
13708
13709
13712
13716
13717
13718
12178
12315
19148
19149
19150
12199
12316
13723
13724
13725
12180
12200
12317
13711
13712
13713
13714
13722
13725
13727
13728
19147
19150
19152
19153
12212
13729
13730
13733
12233
12436
12437
12439
13736
13737
13740
8412
8418
17726
17727
17730
12215
12235
12241
12242
12243
12244
13743
13745
13747
13749
19154
19156
19158
19160
8414
12216
12322
13744
13745
13746
8421
12237
12323
19155
19156
19157
8416
8422
12324
13751
13752
13753
12219
13757
13758
13761
17733
17734
17737
8425
12253
12443
12444
12446
13764
13765
13768
12222
13772
13773
13774
12223
12255
12329
13760
13761
13762
13763
13771
13773
13775
13777
19161
19163
19165
19167
8428
12330
13779
13780
13781
8429
12257
12331
19162
19163
19164
9381
9382
9383
9874
9875
9878
17727
17730
17732
12261
13785
13786
13789
8426
12280
13792
13793
13796
8423
12263
12269
12270
12271
12272
19155
19157
19159
19168
19170
19172
19174
8428
12336
19169
19170
19171
8424
12265
12283
12337
13788
13789
13790
13791
8430
12284
12338
13795
13796
13797
13798
19168
19171
19173
19174
12463
12466
12468
13799
13800
13803
13806
13807
13810
12274
12287
13813
13814
13817
19176
19177
19178
8431
12276
12343
13802
13803
13804
13805
19162
19164
19166
19175
19177
19179
19181
8431
12290
12344
13809
13810
13811
13812
19175
19178
19180
19181
12278
12291
12345
13816
13817
13818
13819
8438
8443
8862
9882
9883
9884
8864
9430
9542
13821
13822
13823
9431
9889
9890
19333
8444
9543
9894
9895
19334
8441
8866
9432
13828
13829
13830
8446
8868
9544
13835
13836
13837
8448
9006
9900
9901
9902
8456
9008
9437
9907
9908
9909
8449
8457
8480
9914
9010
9439
9917
9918
9919
8452
8459
9012
9924
9925
9926
8448
9013
9933
9934
9935
8491
9549
9939
9940
19335
8648
9016
9550
9943
9944
9945
9018
9551
9950
9951
9952
8454
8650
9019
9957
9958
9959
9020
9964
9965
9966
8467
8497
9970
8468
8653
9023
9974
9975
9976
8498
8654
9980
9981
9982
8470
9025
13842
13843
13844
8500
9985
9986
8655
9026
9990
9991
9992
8460
8466
8869
9997
9998
9999
8871
9444
10004
10005
10006
8467
10011
8464
8873
9446
10014
10015
10016
8470
8875
10021
10022
10023
8473
9030
10030
10031
10032
9032
9451
9556
13849
13850
13851
8511
9452
10037
10038
19614
8474
8513
9557
10042
10043
19336
9034
9453
13856
13857
13858
8476
9036
9558
13863
13864
13865
8473
9037
10048
10049
10050
8524
10054
8663
9040
10058
10059
10060
8525
8664
10064
10065
10066
9042
13870
13871
13872
8527
10069
10070
8477
8665
9043
10074
10075
10076
9044
10081
10082
10083
8531
9563
10087
10088
19337
8668
9047
9564
10091
10092
10093
9049
9565
10098
10099
10100
8670
9050
10105
10106
10107
8483
8496
11108
11109
8484
9466
10111
10112
8497
10114
10115
10116
8487
9467
10119
10120
10121
8488
8501
11113
11114
11115
9054
10924
13877
13878
13879
8517
11001
13884
13885
13886
8489
9056
11002
12868
13890
13893
13894
13896
8489
8519
10925
12869
13897
13900
13902
13903
9058
11003
13891
13892
13893
8521
10928
13898
13899
13900
9060
10929
12870
13876
13879
13881
13882
8496
8503
10125
10126
9577
10129
10130
19338
8498
10132
10133
8505
9578
10135
10136
10137
8507
9579
10140
10141
10142
8502
8509
10145
10146
10147
10924
11120
11121
11122
8524
13905
13906
13907
8678
10151
10152
10153
8526
8679
10926
13912
13913
13914
10158
10159
10160
8528
10928
13919
13920
13921
8680
10930
13926
13927
13928
9054
10924
13933
13934
13935
8508
9057
12812
12875
13946
13948
13950
13951
8683
12813
13940
13941
13942
8508
8684
10927
12876
13953
13956
13958
13959
9059
12814
13947
13948
13949
9060
10929
12877
13932
13934
13936
13938
8686
10930
13954
13955
13956
8530
9071
10164
10165
9479
10168
10169
19608
8876
9072
9480
13961
13962
13963
8531
8877
10173
10174
19340
9075
9481
11127
11128
11129
8534
8878
9076
13968
13969
13970
9071
10931
13975
13976
13977
11015
13982
13983
13984
8522
9073
11016
11853
13988
13991
13992
13994
8522
10932
11854
13995
13998
14000
14001
9075
11017
13989
13990
13991
10935
13996
13997
13998
9077
10936
11855
13974
13977
13979
13980
8530
10931
11133
11134
11135
14003
14004
14005
8532
10178
10179
10180
10933
14010
14011
14012
10185
10186
10187
10935
14017
14018
14019
8535
10937
14024
14025
14026
8536
10191
10192
9611
10195
10196
19342
10198
10199
8538
8701
9612
10201
10202
10203
8540
9613
10206
10207
10208
8542
8703
10211
10212
10213
9071
10931
14031
14032
14033
8541
9074
12854
12903
14044
14046
14048
14049
8706
12855
14038
14039
14040
8541
8707
10934
12904
14051
14054
14056
14057
9076
12856
14045
14046
14047
9077
10936
12905
14030
14032
14034
14036
8709
10937
14052
14053
14054
8556
8883
10938
14059
14060
14061
8548
8884
11022
12917
14072
14074
14076
14077
8557
11023
14066
14067
14068
8548
10939
12918
14079
14082
14083
14085
8559
8887
11024
14073
14074
14075
8888
10942
12919
14058
14060
14062
14064
8560
10943
14080
14081
14082
8556
8568
8883
10216
10217
8885
9486
9618
14087
14088
14089
9487
10220
10221
19344
8569
9619
10225
10226
19346
8559
8887
9488
11140
11141
11142
8572
8889
9620
14094
14095
14096
8574
11145
11146
8582
9493
10229
10230
8575
8583
8614
10232
10233
10234
9495
10237
10238
10239
8578
8585
11150
11151
11152
8568
8883
10938
14101
14102
14103
8565
8886
12924
12980
14114
14116
14118
14119
8565
10940
12925
14121
14123
14125
14126
8570
12981
14108
14109
14110
8888
10942
12926
14100
14101
14104
14105
8572
8889
12982
14115
14116
14117
8573
10944
14122
14123
14124
8574
10243
10244
8618
9625
10247
10248
19348
8724
9626
10250
10251
10252
8577
10255
10256
9627
10258
10259
10260
8580
8726
10263
10264
10265
10938
11157
11158
11159
8600
8623
14129
14130
14131
8601
8729
10941
17741
17742
17743
8624
8730
10269
10270
10271
8603
10943
14136
14137
14138
8626
10276
10277
10278
8731
10944
14143
14144
14145
8586
8599
11163
11164
9500
10282
10283
8600
10285
10286
10287
8590
9502
10290
10291
10292
8603
11168
11169
11170
8606
9098
10296
10297
9100
9507
9632
14150
14151
14152
8630
9508
10300
10301
19620
8607
8632
9633
10305
10306
19350
9102
9509
11175
11176
11177
8610
9104
9634
14157
14158
14159
8606
9098
10945
14164
14165
14166
8596
9101
12959
13029
14177
14179
14181
14182
8596
8745
10947
12960
14184
14186
14188
14190
8608
8746
13030
14171
14172
14173
9103
10949
12961
14163
14164
14167
14168
8610
9104
13031
14178
14179
14180
8611
8748
10951
14185
14186
14187
8606
10945
11181
11182
11183
8636
14192
14193
14194
8752
10948
14199
14200
14201
8609
8637
8753
10310
10311
10312
10950
14206
14207
14208
8639
10317
10318
10319
8611
8754
10951
14213
14214
14215
10323
10324
8643
9639
10327
10328
19352
8757
9640
10330
10331
10332
10335
10336
9641
10338
10339
10340
8759
10343
10344
10345
8622
9122
10349
10350
10351
9123
9522
10357
10358
10359
8623
10363
9126
9523
10366
10367
10368
8627
9127
10375
10376
10377
8622
9132
10382
10383
10384
9653
10388
10389
19354
9134
9654
10392
10393
10394
9136
9655
10399
10400
10401
8628
9138
10406
10407
10408
9139
10413
10414
10415
8636
10419
8773
10422
10423
10424
8638
8774
9141
10428
10429
10430
10434
10435
8640
9143
14220
14221
14222
8775
9145
10439
10440
10441
8642
9153
10446
10447
10448
9535
10453
10454
19355
8890
9154
9536
14227
14228
14229
8643
8891
10458
10459
19356
9157
9537
14234
14235
14236
8645
8892
9158
14241
14242
14243
8642
9163
10464
10465
10466
10470
10473
10474
10475
9165
10479
10480
10481
10485
10486
9167
14248
14249
14250
8646
9169
10490
10491
10492
9170
10497
10498
10499
9711
10503
10504
19357
8783
9172
9712
10507
10508
10509
9174
9713
10514
10515
10516
8785
9176
10521
10522
10523
8652
8925
9199
10528
10529
10530
8927
9718
10535
10536
10537
9200
9719
10542
10543
10544
8655
8929
10548
10549
10550
8931
9203
9720
14255
14256
14257
8657
9177
10555
10556
10557
8663
9179
11188
11189
11190
8678
10561
10562
10563
9181
14262
14263
14264
8660
8666
9183
11195
11196
11197
9192
9199
10572
10573
10574
8673
9195
9839
14269
14270
14271
8696
9202
9840
10579
10580
10581
8675
9197
11202
11203
11204
9198
9204
9841
14276
14277
14278
8667
8672
8932
10587
10588
10589
8934
11209
11210
11211
10593
10594
10595
8670
8936
14283
14284
14285
8675
8938
11216
11217
11218
9212
9241
10604
10605
10606
9214
9725
10611
10612
10613
8702
9242
9726
10618
10619
10620
9216
10624
10625
10626
9218
9245
9727
14290
14291
14292
9227
9241
10631
10632
10633
9230
9846
14297
14298
14299
8713
9244
9847
10638
10639
10640
9232
11223
11224
11225
9233
9246
9848
14304
14305
14306
8695
9254
10646
10647
10650
10651
10652
9255
14311
14312
14313
9258
11230
11231
11232
8698
9259
11237
11238
11239
9254
10952
14318
14319
14320
13232
14325
14326
14327
8688
9256
12014
14331
14334
14336
14337
8688
10953
12015
13233
14338
14341
14342
14344
9258
14332
14333
14334
10956
13234
14339
14340
14341
9260
10957
12016
14317
14320
14322
14323
8695
10952
11243
11244
9200
13246
14346
14347
14348
8696
9202
12168
14353
14354
14355
10954
12169
13247
14360
14361
14362
10956
13248
14367
14368
14369
8699
10958
12170
14374
14375
14376
9268
10669
10670
9853
10674
10675
10676
8714
9270
9854
14381
14382
14383
8715
9272
11248
11249
9274
9855
14388
14389
14390
8705
8717
10681
10682
8706
8949
10684
10685
10686
8718
8950
10690
10691
10692
8709
10695
10696
8710
8721
8951
14395
14396
14397
9278
10959
14402
14403
14404
13288
14409
14410
14411
8711
9280
13351
14415
14418
14419
14421
8711
10960
13289
13352
14422
14425
14426
14428
9282
14416
14417
14418
10963
13290
14423
14424
14425
9284
10964
13353
14401
14404
14406
14407
8717
9292
10698
10699
8719
8992
10703
10704
10705
8993
9294
14430
14431
14432
9296
11251
11252
8722
8994
9298
14437
14438
14439
10959
11255
11256
9242
13302
14444
14445
14446
9244
13694
14451
14452
14453
10961
13303
13695
14458
14459
14460
10963
13304
14465
14466
14467
10965
13696
14472
14473
14474
8728
8733
10716
10717
9774
10719
10720
10721
8734
9775
10725
10726
10727
8731
10730
10731
8737
9776
14479
14480
14481
8739
9299
10734
10735
8752
9301
14486
14487
14488
8773
10738
10739
10740
9303
11261
11262
11263
8742
8755
9305
11268
11269
11270
8739
10966
11274
11275
9374
13470
14493
14494
14495
10969
13471
13736
14500
14501
14502
8741
9375
13737
14507
14508
14509
10971
13472
14514
14515
14516
8743
10972
13738
14521
14522
14523
9316
10757
10758
8762
9319
9860
14528
14529
14530
8778
9861
10762
10763
10764
8764
9321
11279
11280
9322
9862
14535
14536
14537
8756
8956
10973
14542
14543
14544
8749
8957
13407
14555
14557
14559
14560
8757
12063
14549
14550
14551
8749
10974
12064
13408
14562
14565
14566
14568
8759
8960
14556
14557
14558
8961
10977
13409
14541
14543
14545
14547
8760
10978
12065
14563
14564
14565
8756
8761
8956
10770
10771
8958
14570
14571
14572
10774
10775
10776
8759
8960
11283
11284
11285
8764
8962
11290
11291
11292
8766
10787
10788
9781
10790
10791
10792
8767
8784
9782
10796
10797
10798
10801
10802
8770
9783
14577
14578
14579
8766
9340
10804
10805
9343
9867
14584
14585
14586
8769
8788
9868
10809
10810
10811
9345
11295
11296
8771
9346
9869
14591
14592
14593
10973
11299
11300
9418
13540
14598
14599
14600
10976
13541
13764
14605
14606
14607
9419
13765
14612
14613
14614
10978
13542
14619
14620
14621
10979
13766
14626
14627
14628
8777
9366
10823
10824
10825
10829
10830
10831
9367
11305
11306
11307
9370
14633
14634
14635
8780
9371
11312
11313
11314
9373
9386
10840
10841
10842
9375
9874
10847
10848
10849
8789
9388
9875
14640
14641
14642
8790
9390
11319
11320
11321
9378
9392
9876
14647
14648
14649
9403
9417
10855
10856
10857
8971
9404
10862
10863
10864
8972
9418
10869
10870
10871
9407
10875
10876
10877
8973
9408
9421
14654
14655
14656
9417
9423
10882
10883
10884
8999
9419
10889
10890
10891
9000
9425
14661
14662
14663
9427
11326
11327
11328
9001
9422
9429
14668
14669
14670
11472
11610
17000
17001
17004
17748
17750
17752
17753
19182
19184
19185
19187
11473
11638
19185
19186
19187
19188
19192
19193
19194
19195
8806
11474
19182
19183
19186
11613
11640
17041
17042
17044
17749
17751
17752
17753
19189
19191
19192
19194
11614
17747
17748
17749
8809
11642
19189
19190
19193
8810
12504
12508
12509
14674
14675
14676
17572
17576
17577
8801
8803
11493
11631
11494
19196
19197
19200
8813
11495
11644
19199
19200
19201
19202
19206
19207
19208
19209
11634
17754
17755
17756
11635
11646
17580
17581
17583
17756
17758
17759
17760
19203
19205
19206
19208
8816
12539
12543
12544
14681
14682
14683
17586
17590
17591
8817
11648
19203
19204
19207
11500
17761
17762
17765
8808
8811
11501
11652
11502
11678
17517
17519
17521
17761
17763
17764
17766
17769
17771
17773
17774
11654
19210
19211
19214
12561
12564
12565
14688
14689
14690
17600
17604
17605
11656
11681
17608
17609
17611
17770
17772
17773
17774
19211
19212
19213
19216
11682
17768
17769
17770
8815
11521
17015
17016
17017
17018
19220
19221
19222
19223
8815
11522
17012
17014
17015
17017
17524
17526
17528
17776
17778
17780
17781
8819
11523
11672
11685
12589
12592
12593
14695
14696
14697
17054
17058
17059
11674
19217
19218
19221
11688
17775
17776
17777
11676
11689
17622
17623
17625
17777
17779
17780
17781
19218
19219
19220
19223
11556
11694
17021
17022
17025
17782
17784
17785
17787
17790
17792
17794
17795
11557
11708
17785
17786
17787
17788
19227
19228
19229
19230
8834
11558
17782
17783
17786
11697
11710
17097
17098
17100
17791
17793
17794
17795
19224
19226
19227
19229
11698
17789
17790
17791
8837
11712
19224
19225
19228
8838
12630
12634
12635
14702
14703
14704
17635
17639
17640
8829
8831
11577
11701
11578
17796
17797
17800
8841
11579
11721
17799
17800
17801
17802
19234
19235
19236
19237
11704
17803
17804
17805
11705
11723
17643
17644
17646
17805
17807
17808
17809
19231
19233
19234
19236
8844
12658
12662
12663
14709
14710
14711
17649
17653
17654
8845
11725
19231
19232
19235
11584
19238
19239
19242
8836
8839
11585
11729
11586
11755
17538
17540
17542
17811
17813
17815
17816
19238
19240
19241
19243
11731
19245
19246
19249
12673
12676
12677
14716
14717
14718
17663
17667
17668
11733
11758
17671
17672
17674
17812
17814
17815
17816
19246
19247
19248
19251
11759
17810
17811
17812
8843
11605
18905
18906
18907
18908
19255
19256
19257
19258
8843
11606
17559
17561
17563
17818
17820
17822
17823
18902
18904
18905
18907
8847
11607
11749
11776
12701
12704
12705
14723
14724
14725
17110
17114
17115
11751
19252
19253
19256
11779
17817
17818
17819
11753
11780
17685
17686
17688
17819
17821
17822
17823
19253
19254
19255
19258
8852
11619
17834
17835
17836
17837
18953
11620
11785
17824
17825
17828
8856
11621
17831
17832
17835
8852
11787
17841
17842
17843
17844
18956
8858
8911
17848
17849
17850
17851
18957
8912
11789
17838
17839
17842
8860
8913
17845
17846
17849
8859
11626
17862
17863
17864
17865
18960
11627
17852
17853
17856
11628
11791
17859
17860
17863
8859
17869
17870
17871
17872
18963
8918
11793
17876
17877
17878
17879
18964
8919
17866
17867
17870
8920
11795
17873
17874
17877
9006
9013
17880
17881
17884
8867
9007
12490
17824
17890
17891
17892
17893
12491
12721
13822
13823
13826
17888
17889
17890
17893
17895
17896
17897
17900
8867
9014
12722
17825
17897
17898
17899
17900
9010
12492
17887
17888
17891
9011
9017
17826
17883
17884
17885
17886
9018
12723
17894
17895
17898
9030
9037
14730
14731
14734
8874
9031
12525
14747
14748
14749
14750
17852
9008
12526
14737
14738
14741
8874
9009
9038
14754
14755
14756
14757
17853
9034
12527
14744
14745
14748
9035
9041
14733
14734
14735
14736
17854
9012
9042
14751
14752
14755
12833
14695
17901
17902
17905
9557
9611
14758
14759
14762
9613
12835
14765
14766
14769
8881
8882
9614
12836
14768
14769
14770
14771
17614
8881
8882
9560
14697
17057
17058
17059
17060
17615
12838
14699
17618
17904
17905
17906
17907
9562
9616
14761
14762
14763
14764
17619
14772
14773
14774
8888
12623
12910
14787
14789
14791
14792
12624
12966
14779
14780
14783
8888
12911
12967
14795
14797
14798
14799
12625
14786
14787
14788
12912
14773
14775
14777
14778
12968
14793
14794
14795
8895
13113
14227
14229
14231
14723
14807
14809
14810
14812
17110
17112
17113
17115
9633
9711
14800
14801
14804
9713
13115
14807
14808
14811
8895
8896
9714
13116
14810
14811
14812
14813
17677
8895
8896
9636
14725
17113
17114
17115
17116
17678
13118
14727
17681
9638
9716
14803
14804
14805
14806
17682
11766
17908
17909
17912
8899
8902
11767
11925
17127
17128
17129
17130
8903
8905
11768
17911
17912
17913
17914
18986
11927
17915
17916
17919
8907
8978
17922
17923
17926
8903
8979
11929
17918
17919
17920
17921
18989
8909
8980
17925
17926
17927
17928
18990
11773
17929
17930
17933
8906
8909
11774
17134
17135
17136
17137
8910
11775
11931
17932
17933
17934
17935
18993
17936
17937
17940
8985
11933
17943
17944
17947
8910
8986
17939
17940
17941
17942
18996
8987
11935
17946
17947
17948
17949
18997
8915
17960
17961
17962
17963
19016
11939
17950
17951
17954
8919
17957
17958
17961
8915
11941
17967
17968
17969
17970
19019
8921
12119
17974
17975
17976
17977
19020
11943
12120
17964
17965
17968
8923
12121
17971
17972
17975
8922
17988
17989
17990
17991
19023
17978
17979
17982
11945
17985
17986
17989
8922
17995
17996
17997
17998
19026
11947
12126
18002
18003
18004
18005
19027
12127
17992
17993
17996
11949
12128
17999
18000
18003
9177
12392
14814
14815
14818
8930
9015
9178
14831
14832
14833
14834
17950
9016
13148
14821
14822
14825
8930
12393
13149
14838
14839
14840
14841
17951
9019
9181
14828
14829
14832
9182
12396
14817
14818
14819
14820
17952
12397
13150
14835
14836
14839
9212
9227
14842
14843
14846
8937
9039
9213
14859
14860
14861
14862
17978
9040
9179
14849
14850
14853
8937
9180
9228
14866
14867
14868
14869
17979
9043
9216
14856
14857
14860
9217
9231
14845
14846
14847
14848
17980
9183
9232
14863
14864
14867
8941
9062
9742
13218
19358
8941
9185
9748
13219
19359
9745
9751
13220
19645
8946
8947
8948
9760
9767
13274
8946
8947
9080
9220
9761
8946
8948
9081
9249
13275
8947
8948
9221
9250
9768
9082
9764
13278
9222
9765
9770
9251
9771
13279
9612
13288
14870
14871
14874
9726
13302
14877
14878
14881
13290
13304
14884
14885
14888
8954
8955
13281
13291
13305
14887
14888
14889
14890
8954
8955
9615
9729
11996
11997
11998
11999
13282
9617
13285
13293
14873
14874
14875
14876
9731
13286
13307
14880
14881
14882
14883
9340
14891
14892
14893
8961
10947
13400
14899
14901
14903
14904
9301
10948
14571
14572
14573
14900
14902
14903
14904
14906
14907
14908
14910
8961
9302
9341
13401
14908
14909
14910
14911
10951
14898
14899
14900
9344
13402
14892
14894
14896
14897
9305
9345
14905
14906
14909
8965
9130
9803
13554
8965
9307
9810
13555
19361
9806
9813
13556
8969
9332
9829
8970
9355
11095
8969
8970
9333
9356
9834
9334
9833
9836
9357
9837
11099
9712
13610
14912
14913
14916
9782
13624
14919
14920
14923
13612
13626
14926
14927
14930
8976
8977
13603
13613
13627
14929
14930
14931
14932
8976
8977
9715
9785
12094
12095
12096
12097
13604
9717
13607
13615
14915
14916
14917
14918
9787
13608
13629
14922
14923
14924
14925
18006
18007
18010
8980
8983
12107
17204
17205
17206
17207
8984
8986
18009
18010
18011
18012
19042
12109
18013
18014
18017
8988
12280
18020
18021
18024
8984
12111
12281
18016
18017
18018
18019
19045
8990
12282
18023
18024
18025
18026
19046
18027
18028
18031
8987
8990
17211
17212
17213
17214
8991
12113
18030
18031
18032
18033
19049
18034
18035
18038
12115
12287
18041
18042
18045
8991
12288
18037
18038
18039
18040
19052
12117
12289
18044
18045
18046
18047
19053
9847
13694
18048
18049
18052
9854
13701
18055
18056
18059
13696
13703
18062
18063
18066
8997
8998
13697
13704
13715
18065
18066
18067
18068
8997
8998
9850
9857
13716
17267
17268
17269
17270
9852
13699
13719
18051
18052
18053
18054
9859
13706
13720
18058
18059
18060
18061
9001
9004
9868
10889
10891
10892
13799
18244
18248
18249
9001
9005
9875
13806
14661
14663
14664
9002
13801
13808
14669
14670
14671
9004
9005
13802
13809
19175
9004
9005
9871
9878
19176
9873
13804
19179
9880
13811
19180
9020
14933
14934
14937
9011
12497
14950
14951
14952
14953
17831
12498
14940
14941
14944
9011
9021
14957
14958
14959
14960
17832
12499
14947
14948
14951
9024
14936
14937
14938
14939
17833
9025
14954
14955
14958
9020
14961
14962
14965
9017
12735
14978
14979
14980
14981
17838
9017
9022
14985
14986
14987
14988
17839
12736
14968
14969
14972
9024
14964
14965
14966
14967
17840
12737
14975
14976
14979
9026
14982
14983
14986
14989
14990
14993
9024
9038
15006
15007
15008
15009
17845
9024
9178
15013
15014
15015
15016
17846
9040
9179
14996
14997
15000
14992
14993
14994
14995
17847
9042
15003
15004
15007
9181
15010
15011
15014
9029
9061
9939
12749
19362
9029
9184
9943
12750
9941
9946
12751
9044
18069
18070
18073
9035
12532
15020
15021
15022
15023
17859
11804
12533
13850
13851
13854
15018
15019
15020
15023
18077
18078
18079
18081
9035
9045
11805
17860
18079
18080
18081
18082
12534
15017
15018
15021
9048
17861
18072
18073
18074
18075
9049
11806
18076
18077
18080
9044
15024
15025
15028
9041
15041
15042
15043
15044
17866
9041
9046
15048
15049
15050
15051
17867
15031
15032
15035
9048
15027
15028
15029
15030
17868
15038
15039
15042
9050
15045
15046
15049
15052
15053
15056
9048
12756
15069
15070
15071
15072
17873
9048
9213
15076
15077
15078
15079
17874
9214
12757
15059
15060
15063
15055
15056
15057
15058
17875
12758
15066
15067
15070
9216
15073
15074
15077
9053
9085
10087
12770
19363
9053
9224
10091
12771
10089
10094
12772
15080
15081
15082
12567
12784
15087
15088
15091
9060
11846
12568
15096
15098
15099
15100
9060
11847
12785
15103
15105
15106
15107
12569
15094
15095
15096
12786
15101
15102
15103
11848
15082
15084
15085
15086
9063
10129
12798
19364
9063
10135
12799
19366
10131
10138
12800
19665
9068
9069
9070
10150
13904
13911
9068
9069
9079
13905
9068
9070
9248
10151
9069
9070
9081
9249
13912
10154
13908
9084
13910
13916
9252
10156
13917
15108
15109
15110
12595
12833
15115
15116
15119
9077
12596
12889
15124
15126
15127
15128
9077
12834
12890
15131
15133
15134
15135
12597
15122
15123
15124
12835
15129
15130
15131
12891
15110
15112
15113
15114
9082
9083
9084
10177
14002
14009
9083
9084
14003
9082
9083
10178
9082
9084
14010
10181
14013
10182
14007
14008
14014
9087
10195
12840
19367
9087
9275
10201
12841
19369
10197
10204
12842
19666
9090
9129
10247
12994
19370
9090
9306
10250
12995
19372
10249
10253
12996
19671
9095
9096
9097
10268
14128
17740
9095
9096
9106
14129
9095
9097
9107
9310
17741
9096
9097
9311
10269
9109
14133
17745
10273
14134
9313
10274
17746
15136
15137
15138
9103
12651
12945
15151
15153
15155
15156
11888
12652
15143
15144
15147
9103
11889
12946
15159
15161
15162
15163
12653
15150
15151
15152
12947
15137
15139
15141
15142
11890
15157
15158
15159
9109
9110
9111
10309
14191
14198
9109
9110
14192
9109
9111
9331
14199
9110
9111
9332
10310
14195
14202
10314
14197
9335
10315
14204
9114
9160
10327
13043
19373
9114
9337
10330
13044
19375
10329
10333
13045
19676
9122
9132
18083
18084
18087
12679
13057
13094
13095
13098
18091
18092
18093
18096
18098
18099
18100
18103
9121
9124
12680
17124
18093
18094
18095
18096
9121
9133
13058
17125
18100
18101
18102
18103
9126
12681
18090
18091
18094
9136
13059
18097
18098
18101
9128
9137
17126
18086
18087
18088
18089
9139
15164
15165
15168
9147
12686
15171
15172
15175
9128
12687
15181
15182
15183
15184
17908
9128
9140
9149
15188
15189
15190
15191
17909
12688
15178
15179
15182
9143
9151
15185
15186
15189
9144
15167
15168
15169
15170
17910
9131
10388
13071
19376
9131
10392
13072
10390
10395
13073
9139
15192
15193
15196
9137
13085
15209
15210
15211
15212
17915
9360
13086
15199
15200
15203
9137
9142
9361
15216
15217
15218
15219
17916
13087
15206
15207
15210
9144
15195
15196
15197
15198
17917
9145
9363
15213
15214
15217
15220
15221
15224
9144
9164
15237
15238
15239
15240
17922
9165
9367
15227
15228
15231
9144
9368
15244
15245
15246
15247
17923
9167
15234
15235
15238
15223
15224
15225
15226
17924
9370
15241
15242
15245
9153
9163
15248
15249
15252
12707
15255
15256
15259
9152
9155
12708
15265
15266
15267
15268
17131
9152
9164
15272
15273
15274
15275
17132
9157
12709
15262
15263
15266
9167
15269
15270
15273
9159
9168
15251
15252
15253
15254
17133
9170
18104
18105
18108
12714
13113
14228
14229
14232
15277
15278
15279
15282
18112
18113
18114
18117
9159
12715
15279
15280
15281
15282
17929
9159
9171
13114
17930
18114
18115
18116
18117
12716
15276
15277
15280
9174
13115
18111
18112
18115
9175
17931
18107
18108
18109
18110
9162
10503
13120
19377
9162
9393
10507
13121
10505
10510
13122
9170
15283
15284
15287
9168
15300
15301
15302
15303
17936
9397
15290
15291
15294
9168
9173
9398
15307
15308
15309
15310
17937
15297
15298
15301
9175
15286
15287
15288
15289
17938
9176
9400
15304
15305
15308
15311
15312
15315
9175
13134
15328
15329
15330
15331
17943
9404
13135
15318
15319
15322
9175
9405
15335
15336
15337
15338
17944
13136
15325
15326
15329
15314
15315
15316
15317
17945
9407
15332
15333
15336
9192
15339
15340
15343
9182
15356
15357
15358
15359
17957
15346
15347
15350
9182
9193
15363
15364
15365
15366
17958
15353
15354
15357
9196
15342
15343
15344
15345
17959
9197
15360
15361
15364
9186
10535
13162
9186
10542
13163
19378
10538
10545
13164
9190
9219
11188
9191
9248
10561
9190
9191
9221
9250
10566
9223
10568
11193
9253
10565
10569
12392
15367
15368
15371
9196
9228
15384
15385
15386
15387
17971
9196
9198
12394
13638
17972
9230
13639
15374
15375
15378
12396
15370
15371
15372
15373
17973
9232
15381
15382
15385
12398
13640
14276
14277
14280
15368
15369
15370
15373
15375
15376
15377
15380
12392
15388
15389
15390
13176
15395
15396
15397
12395
12402
12403
12404
12405
13177
13645
15412
15413
15414
15415
15419
15420
15421
15422
13646
15402
15403
15404
12397
13178
15409
15410
15413
12398
13647
15416
15417
15420
9209
9210
9211
10578
14268
9210
9211
9235
9262
19379
9209
9210
9236
14269
9209
9211
9263
10579
10582
14272
9239
14274
9266
10584
19380
12406
15423
15424
15427
9217
15440
15441
15442
15443
17985
11965
15430
15431
15434
9217
11966
12407
15447
15448
15449
15450
17986
15437
15438
15441
12410
15426
15427
15428
15429
17987
11967
12411
15444
15445
15448
9223
11209
9222
10593
9222
9223
10598
10596
10600
10601
11214
9226
10611
13190
9226
9276
10618
13191
19381
10614
10621
13192
12406
15451
15452
15455
9231
15468
15469
15470
15471
17992
9231
9233
12147
12408
17993
12148
15458
15459
15462
12410
15454
15455
15456
15457
17994
15465
15466
15469
12149
12412
14304
14305
14308
15452
15453
15454
15457
15459
15460
15461
15463
9238
9239
9240
10637
14296
9239
9240
9286
19382
9238
9239
14297
9238
9240
9287
10638
10641
14300
14301
9290
10643
19383
12406
15472
15473
15474
13204
15479
15480
15481
12409
12416
12417
12418
12419
13205
13659
15496
15497
15498
15499
15503
15504
15505
15506
13660
15486
15487
15488
12411
13206
15493
15494
15497
12412
13661
15500
15501
15504
9251
9252
9253
10649
10656
14310
9252
9253
10650
9251
9252
14311
9251
9253
10657
10659
14314
10654
14315
10655
10660
9268
15507
15508
15509
9279
10926
14312
14313
14316
15515
15517
15519
15520
15522
15523
15524
15527
9260
10927
13330
15516
15518
15519
15520
9260
9269
9281
13331
15524
15525
15526
15527
10930
15514
15515
15516
9272
9283
15521
15522
15525
9273
13332
15509
15511
15512
15513
9265
9266
9267
10673
14380
19384
9266
9267
9286
19385
9265
9266
10674
17719
9265
9267
9288
14381
17720
10677
14384
17721
10678
19387
9291
14386
19389
10952
15528
15529
15530
9273
9293
13344
15545
15546
15547
15548
9294
13673
15535
15536
15539
9273
10955
13345
13674
15552
15553
15554
15555
9296
15542
15543
15546
10957
13346
15529
15532
15533
15534
10958
13675
15549
15550
15553
9277
10684
11993
19390
9277
10690
11994
19391
10687
10693
11995
19694
9292
15556
15557
15558
10933
13276
13277
13280
15564
15566
15568
15569
15571
15572
15573
15575
9284
10934
12021
15565
15567
15568
15569
9284
9293
12022
15573
15574
15575
15576
10937
15563
15564
15565
9296
15570
15571
15574
9297
12023
15558
15560
15561
15562
9289
9290
9291
10702
14429
19393
9290
9291
19394
9289
9290
10703
17264
9289
9291
14430
17265
10706
14433
17266
10707
19396
14434
19398
10959
15577
15578
15579
9297
13358
15594
15595
15596
15597
13701
15584
15585
15588
9297
10962
13359
13702
15601
15602
15603
15604
15591
15592
15595
10964
13360
15578
15581
15582
15583
10965
13703
15598
15599
15602
9316
15605
15606
15607
9304
10940
13379
15613
15615
15617
15618
10941
14487
14488
14490
15614
15616
15617
15618
15620
15621
15622
15624
9304
9317
13380
15622
15623
15624
15625
10944
15612
15613
15614
9320
13381
15606
15608
15610
15611
9321
15619
15620
15623
9308
10719
13442
19399
9308
10725
13443
19400
10722
10728
13444
19695
9313
9314
9315
10737
10744
14485
9313
9314
9331
14486
9313
9315
9354
10738
9314
9315
9333
9356
10745
10741
14489
9336
10747
14491
9358
10743
10748
10966
15626
15627
15628
9320
9341
13393
15643
15644
15645
15646
9320
10968
13394
13729
15650
15651
15652
15653
9343
13730
15633
15634
15637
10970
13395
15626
15630
15631
15632
9345
15640
15641
15644
10972
13731
15647
15648
15651
9327
9328
9329
10761
14527
19402
9328
9329
9348
9380
19403
9327
9328
9349
14528
17726
9327
9329
9381
10762
17727
10765
14531
17728
9352
14533
19405
9384
10767
19406
9334
9335
9336
10773
10780
14569
9335
9336
14570
9334
9335
10774
9334
9336
10781
10777
10783
10778
14574
10784
14575
9339
10790
13512
19408
9339
9394
10796
13513
19409
10793
10799
13514
19696
10973
15654
15655
15656
9344
13414
15671
15672
15673
15674
9344
10975
12245
13415
15678
15679
15680
15681
12246
15661
15662
15665
10977
13416
15654
15658
15659
15660
15668
15669
15672
10979
12247
15675
15676
15679
9351
9352
9353
10808
14583
19411
9352
9353
9411
19412
9351
9352
14584
17733
9351
9353
9412
10809
17734
10812
14587
17735
14588
19414
9415
10814
19415
9358
10829
9357
11305
9357
9358
10834
10836
11308
10833
10837
9366
12455
15682
15683
15686
13568
15689
15690
15693
9365
9368
15699
15700
15701
15702
17201
9365
12456
13569
15706
15707
15708
15709
17202
9370
15696
15697
15700
12459
13570
15703
15704
15707
9372
12460
15685
15686
15687
15688
17203
9386
15710
15711
15714
9397
15717
15718
15721
9372
15727
15728
15729
15730
18006
9372
9387
9399
15734
15735
15736
15737
18007
15724
15725
15728
9390
9401
15731
15732
15735
9391
15713
15714
15715
15716
18008
12455
15738
15739
15740
13582
15745
15746
15747
12266
15752
15753
15754
12267
12451
12452
12453
12454
12457
13583
15762
15763
15764
15765
15769
15770
15771
15772
12459
13584
15759
15760
15763
12268
12461
15766
15767
15770
9383
9384
9385
10846
14639
9384
9385
9411
19417
9383
9384
10847
9383
9385
9413
14640
10850
14643
10851
19418
9416
14645
12455
15773
15774
15777
9391
9424
15790
15791
15792
15793
18020
9425
13792
15780
15781
15784
9391
9392
12458
13793
18021
9427
15787
15788
15791
12460
15776
15777
15778
15779
18022
12461
13794
14647
14649
14652
15774
15775
15776
15779
15781
15782
15783
15786
9395
10862
12091
9395
10869
12092
19419
10865
10872
12093
9403
9423
15794
15795
15798
15801
15802
15805
9402
9405
15811
15812
15813
15814
17208
9402
9424
15818
15819
15820
15821
17209
9407
15808
15809
15812
9427
15815
15816
15819
9409
9428
15797
15798
15799
15800
17210
12469
15822
15823
15826
13610
15829
15830
15833
9409
15839
15840
15841
15842
18027
9409
12470
13611
15846
15847
15848
15849
18028
15836
15837
15840
12473
13612
15843
15844
15847
12474
15825
15826
15827
15828
18029
9414
9415
9416
10888
14660
9415
9416
19420
9414
9415
10889
9414
9416
14661
10892
14664
10893
19421
14665
12469
15850
15851
15852
13624
15857
15858
15859
13799
15864
15865
15866
12465
12466
12467
12468
12471
13625
13800
15874
15875
15876
15877
15881
15882
15883
15884
12473
13626
15871
15872
15875
12475
13801
15878
15879
15882
12469
15885
15886
15889
9428
15902
15903
15904
15905
18034
13806
15892
15893
15896
9428
9429
12472
13807
18035
15899
15900
15903
12474
15888
15889
15890
15891
18036
12475
13808
14668
14670
14673
15886
15887
15888
15891
15893
15894
15895
15898
9435
12491
12504
12506
12507
12509
13821
13822
13824
14674
15913
15915
15916
15918
9438
9458
15906
15907
15910
9439
12492
15913
15914
15917
9435
9440
12476
12493
15916
15917
15918
15919
15920
15922
15924
15925
18119
18121
18124
9435
9462
12479
12507
12508
12509
12510
14675
15920
15923
15924
15926
12481
12496
14677
9443
9463
12482
15921
15922
15923
9444
12498
15927
15928
15931
9465
11356
11357
11360
19613
12499
15934
15935
15938
12483
12500
18119
18120
18121
9448
9469
12486
15942
15943
15944
9449
12488
12503
18126
18127
18128
9470
12489
15949
15950
15951
12526
15955
15956
15959
9452
9472
11363
11364
11367
19615
9453
12527
15962
15963
15966
9454
12511
12528
18133
18134
18135
9476
12514
15970
15971
15972
12516
12531
18140
18141
18142
9457
9477
12517
15977
15978
15979
9456
12533
12539
12541
12542
12544
13849
13850
13852
14681
15990
15992
15993
15995
9479
15983
15984
15987
12534
15990
15991
15994
9456
12518
12535
15993
15994
15995
15996
15997
15999
16001
16002
18133
18135
18138
9456
9483
12521
12542
12543
12544
12545
14682
15997
16000
16001
16003
12523
12538
14684
9484
12524
15998
15999
16000
9465
16004
16005
16008
12567
14688
16011
16012
16015
9467
12569
16018
16019
16022
9464
9468
11657
12570
16021
16022
16023
16024
16025
16027
16029
16031
16033
16034
16037
9464
11660
12563
12564
12565
12566
14689
16025
16028
16029
16030
9470
11662
16026
16027
16028
11663
12572
14691
16014
16015
16016
16017
11370
11371
11374
19616
9473
11001
11377
11378
11381
11003
11384
11385
11388
11004
12546
16033
16034
16035
9476
12549
16040
16041
16042
12551
16047
16048
16049
9478
11006
12552
16054
16055
16056
9479
11391
11392
11395
19610
11015
11398
11399
11402
9481
11017
11405
11406
11409
9482
11018
11664
16061
16062
16063
11667
16068
16069
16070
9484
11669
16075
16076
16077
11020
11670
16082
16083
16084
16088
16089
16092
12595
14695
16095
16096
16099
12597
16102
16103
16106
9485
12574
12598
16061
16062
16065
16105
16106
16107
16108
16109
16111
16114
16115
9485
12577
12591
12592
12593
12594
14696
16109
16112
16113
16114
12579
16110
16111
16112
12580
12600
14698
16098
16099
16100
16101
12624
14702
16116
16117
16120
9494
9514
16123
16124
16127
9495
12625
16130
16131
16134
9491
9496
12609
12626
16133
16134
16135
16136
16137
16139
16141
16142
16145
16147
16150
9491
9518
12612
12633
12634
12635
12636
14703
16137
16140
16141
16143
12614
12629
14705
16119
16120
16121
16122
9499
9519
12615
16138
16139
16140
9500
11023
11412
11413
11416
9521
11419
11420
11423
19618
11024
11426
11427
11430
11025
12616
16145
16146
16147
9504
9525
12619
16152
16153
16154
9505
11028
12621
16159
16160
16161
9526
12622
16166
16167
16168
11037
11433
11434
11437
9508
9528
11440
11441
11444
19622
9509
11038
11447
11448
11451
9510
11039
12637
16173
16174
16175
9532
12640
16180
16181
16182
11042
12642
16187
16188
16189
9513
9533
12643
16194
16195
16196
12652
14709
16200
16201
16204
9535
16207
16208
16211
12653
16214
16215
16218
9512
12644
12654
16173
16175
16178
16217
16218
16219
16220
16221
16223
16225
16226
9512
9539
12647
12661
12662
12663
12664
14710
16221
16224
16225
16227
12649
12657
14712
16203
16204
16205
16206
9540
12650
16222
16223
16224
9521
16228
16229
16232
9520
12673
12674
12675
12677
12679
13093
13094
13096
14716
16236
16237
16238
16241
9523
12681
16235
16236
16239
9520
9524
11734
12682
16238
16239
16240
16241
16242
16244
16246
16248
18147
18148
18151
9520
11737
12675
12676
12677
12678
14717
16242
16245
16246
16247
9526
11739
16243
16244
16245
11740
12684
14719
11454
11455
11458
19624
9529
12686
16249
16250
16253
12688
16256
16257
16260
12665
12689
18147
18148
18149
9532
12668
16264
16265
16266
12670
16271
16272
16273
9534
12671
12691
18154
18155
18156
9535
11461
11462
11465
19612
12707
16277
16278
16281
9537
12709
16284
16285
16288
9538
11741
12710
18161
18162
18163
11744
16292
16293
16294
9540
11746
16299
16300
16301
11747
12712
18168
18169
18170
16305
16306
16309
9541
12701
12702
12703
12705
12714
14227
14228
14230
14723
16313
16314
16315
16318
12716
16312
16313
16316
9541
12693
12717
16315
16316
16317
16318
16319
16321
16324
16325
18161
18162
18165
9541
12696
12703
12704
12705
12706
14724
16319
16322
16323
16324
12698
16320
16321
16322
12699
12719
14726
9547
12721
13821
13823
13825
14674
16333
16335
16336
16338
17572
17574
17575
17577
9549
9571
16326
16327
16330
9551
12723
16333
16334
16337
9547
9548
9552
12724
16336
16337
16338
16339
17565
9547
9548
9574
14676
17567
17575
17576
17577
17578
12726
14678
17569
9554
9576
16329
16330
16331
16332
17571
9577
16340
16341
16344
9718
12736
16347
16348
16351
12737
16354
16355
16358
9554
9555
12738
12742
16357
16358
16359
16360
9554
9555
9581
9722
12745
12752
12753
12754
12755
9582
12747
16343
16344
16345
16346
9723
12741
12748
16350
16351
16352
16353
9561
11804
13849
13851
13853
14681
16368
16370
16371
16373
17586
17588
17589
17591
9563
16361
16362
16365
9565
11806
16368
16369
16372
9561
9562
9566
11807
16371
16372
16373
16374
17593
9561
9562
14683
17589
17590
17591
17592
17595
11809
14685
17597
9568
16364
16365
16366
16367
17599
9611
16375
16376
16379
9725
12757
16382
16383
16386
12758
16389
16390
16393
9568
9569
12759
12777
16392
16393
16394
16395
9568
9569
9615
9729
12773
12774
12775
12776
12780
9616
12782
16378
16379
16380
16381
9730
12762
12783
16385
16386
16387
16388
12784
14688
18174
18175
18178
9577
16396
16397
16400
9579
12786
16403
16404
16407
9575
9576
9580
12787
16406
16407
16408
16409
17047
9575
9576
14690
17048
17603
17604
17605
17606
12789
14692
17051
18177
18178
18179
18180
9582
16399
16400
16401
16402
17052
16410
16411
16414
9732
12813
16417
16418
16421
12814
16424
16425
16428
9582
9583
12791
12815
16427
16428
16429
16430
9582
9583
9736
12793
12801
12802
12803
12804
12795
16413
16414
16415
16416
9737
12797
12818
16420
16421
16422
16423
9586
11065
11108
15080
9586
10125
12827
15081
11069
12831
15083
9590
9591
11064
11825
19422
9590
9591
9889
11826
16004
9590
11066
16005
19294
11068
11829
16006
9892
11831
19701
9595
9596
11825
12826
19295
9595
9596
9894
11828
16396
9595
10130
12829
16397
19296
11830
12830
16398
9897
11831
19703
9599
9607
11399
13983
9599
10112
11076
13984
9608
11079
13986
9603
10114
9604
9609
10011
14004
9603
9604
10116
11077
14005
10117
11078
9610
11080
14006
9608
11070
11127
13989
11128
11405
9608
11406
13990
11072
13993
9610
10027
10186
10188
11073
16431
16432
16435
12855
16438
16439
16442
12856
16445
16446
16449
9616
9617
12847
12857
16448
16449
16450
16451
9616
9617
12843
12844
12845
12846
12849
12851
16434
16435
16436
16437
12853
12860
16441
16442
16443
16444
12966
14702
18181
18182
18185
9625
9647
16452
16453
16456
9627
12968
16459
16460
16463
9623
9624
9628
12969
16462
16463
16464
16465
17628
9623
9624
9650
14704
17630
17638
17639
17640
17641
12971
14706
17632
18184
18185
18186
18187
9630
9652
16455
16456
16457
16458
17634
9653
16466
16467
16470
9774
12981
16473
16474
16477
12982
16480
16481
16484
9630
9631
12983
12987
16483
16484
16485
16486
9630
9631
9657
9778
12990
12997
12998
12999
13000
9658
12992
16469
16470
16471
16472
9779
12986
12993
16476
16477
16478
16479
11888
14709
18188
18189
18192
9639
16487
16488
16491
9641
11890
16494
16495
16498
9637
9638
9642
11891
16497
16498
16499
16500
17656
9637
9638
14711
17652
17653
17654
17655
17658
11893
14713
17660
18191
18192
18193
18194
9644
16490
16491
16492
16493
17662
9711
16501
16502
16505
9781
13030
16508
16509
16512
13031
16515
16516
16519
9644
9645
13032
13050
16518
16519
16520
16521
9644
9645
9715
9785
13046
13047
13048
13049
13053
9716
13055
16504
16505
16506
16507
9786
13035
13056
16511
16512
16513
16514
9651
13057
13093
13095
13097
14716
16529
16531
16532
16534
17663
17665
17666
17668
9653
16522
16523
16526
9655
13059
16529
16530
16533
9651
9652
9656
13060
16532
16533
16534
16535
17103
9651
9652
14718
17104
17666
17667
17668
17669
13062
14720
17107
9658
16525
16526
16527
16528
17108
16536
16537
16540
9788
13086
16543
16544
16547
13087
16550
16551
16554
9658
9659
13064
13088
16553
16554
16555
16556
9658
9659
9792
13066
13074
13075
13076
13077
13068
16539
16540
16541
16542
9793
13070
13091
16546
16547
16548
16549
9664
9665
9666
13099
13106
9664
9665
10349
13100
18083
9664
9666
10350
10382
9665
9666
10383
13107
18084
10352
13104
13105
13111
18085
10385
13112
9670
9671
11909
13099
9670
9671
10220
11910
16228
9670
10355
13101
16229
11913
13103
16230
10223
11915
19423
9675
9676
9677
11909
13106
9675
9676
10225
11912
16522
9675
9677
10389
13109
16523
11914
13110
16524
10228
11915
19708
13112
9682
9683
9684
9695
9704
9682
9683
9696
10446
15248
9682
9684
10447
10464
9683
9684
9705
10465
15249
9700
10449
9701
9709
15250
9703
9710
10467
9697
10454
11462
9690
9691
9692
9695
9704
9690
9691
10357
16277
9690
9692
9698
15255
16278
9691
9692
9706
10359
15256
9699
16279
9708
10361
9701
9709
15257
9694
9702
10287
10470
9703
9710
10471
9699
9700
9701
9700
9701
14234
15262
9699
9700
14235
16284
9699
9701
15263
16285
16286
14238
15264
9703
10294
10485
10487
9708
9709
9710
9709
9710
14248
15269
9708
9709
10376
15270
9708
9710
10377
14249
10378
15271
14251
16557
16558
16561
13135
16564
16565
16568
13136
16571
16572
16575
9716
9717
13127
13137
16574
16575
16576
16577
9716
9717
13123
13124
13125
13126
13129
13131
16560
16561
16562
16563
13133
13140
16567
16568
16569
16570
13148
16578
16579
16582
9733
13176
16585
16586
16589
13150
13178
16592
16593
16596
9723
9724
13151
13155
13179
16595
16596
16597
16598
9723
9724
9736
13157
13165
13166
13167
13168
13153
13159
16581
16582
16583
16584
9738
13161
13181
16588
16589
16590
16591
11965
16599
16600
16603
13204
16606
16607
16610
11967
13206
16613
16614
16617
9730
9731
11968
13197
13207
16616
16617
16618
16619
9730
9731
13193
13194
13195
13196
13199
11970
13201
16602
16603
16604
16605
13203
13209
16609
16610
16611
16612
13232
16620
16621
16624
13246
16627
16628
16631
13234
13248
16634
16635
16638
9737
9738
11986
13235
13249
16637
16638
16639
16640
9737
9738
11987
13221
13222
13223
13224
11990
13237
16623
16624
16625
16626
11991
13251
16630
16631
16632
16633
9741
9753
10646
14318
9741
11243
13268
14319
9755
13272
14321
9745
10135
16620
9746
9754
10137
14326
9745
9746
13269
14327
16621
13271
16622
9755
13272
14329
9751
9752
13267
19424
9751
10542
16627
19425
9752
10544
14347
19427
9751
9752
13270
14348
16628
13271
16629
13273
14350
19429
9755
11230
14332
9755
10147
14333
14335
9759
9772
11081
11088
9759
10681
11082
15556
9759
10698
11089
15557
11087
11093
15559
9764
9765
9766
9772
11081
9764
9765
10178
10593
9764
9766
10180
11083
9765
9766
10595
10181
11085
9773
10596
11086
9770
9771
9772
11088
9770
9771
10598
10657
9771
10658
11091
9773
10600
10659
11092
9773
10602
13428
16641
16642
16645
9789
13470
16648
16649
16652
13430
13472
16655
16656
16659
9779
9780
13431
13435
13473
16658
16659
16660
16661
9779
9780
9792
13437
13445
13446
13447
13448
13433
13439
16644
16645
16646
16647
9794
13441
13475
16651
16652
16653
16654
12063
16662
16663
16666
13540
16669
16670
16673
12065
13542
16676
16677
16680
9786
9787
12066
13519
13543
16679
16680
16681
16682
9786
9787
13515
13516
13517
13518
13521
12068
13523
16665
16666
16667
16668
13525
13545
16672
16673
16674
16675
13568
16683
16684
16687
13582
16690
16691
16694
13570
13584
16697
16698
16701
9793
9794
12084
13571
13585
16700
16701
16702
16703
9793
9794
12085
13557
13558
13559
13560
12088
13573
16686
16687
16688
16689
12089
13587
16693
16694
16695
16696
9799
9800
9801
9815
13589
19430
9799
9800
9816
10823
15682
9799
9801
10824
15738
19431
9800
9801
13590
15683
15739
9820
10826
19432
9821
13594
15684
13595
15741
19434
9806
9807
9808
9815
13589
19646
9806
9807
10392
16683
9807
9808
9818
10394
15689
9806
9808
13591
15690
16684
13593
16685
9819
10396
19647
9821
13594
15691
9813
9814
13589
9813
10725
16690
19435
9814
10727
15746
19436
9813
9814
13592
15747
16691
13593
16692
13595
15748
9819
9820
9821
19712
9820
9821
14633
15696
9819
9820
10407
14634
19713
9819
9821
10408
15697
10409
19714
14636
19716
15698
9826
9827
9828
11101
13596
19437
9826
9827
10855
13597
15794
9826
9828
10856
10882
19439
9827
9828
10883
11102
15795
10858
13601
19441
11106
13602
15796
10885
11107
19443
9832
9833
10473
10774
9832
10475
13598
9833
10776
10476
13600
9838
10777
9836
9837
10781
10834
9837
10835
11104
9838
10783
10836
11105
10786
9841
9844
9846
13639
14269
14271
14272
9841
9845
9853
10579
10581
10582
13646
18195
18199
18201
9842
13640
13647
14277
14278
14279
9844
9845
13641
13648
19126
9844
9845
9850
9857
19127
9851
13644
19130
9858
13651
19131
9848
9851
12148
14297
14299
14300
9848
9852
10638
10640
10641
13660
18048
18052
18053
9849
12149
13661
14305
14306
14307
9851
9852
12150
13662
19133
9851
9852
19134
12153
19137
13665
19138
12168
18195
18196
18199
13673
18202
18203
18206
12170
13675
18209
18210
18213
9858
9859
12171
13676
13680
18212
18213
18214
18215
9858
9859
13681
17722
17723
17724
17725
12173
13684
18198
18199
18200
18201
13678
13685
18205
18206
18207
18208
9867
13730
18216
18217
18220
9874
13737
18223
18224
18227
13731
13738
18230
18231
18234
9865
9866
13732
13739
13750
18233
18234
18235
18236
9865
9866
9871
9878
13751
17729
17730
17731
17732
9872
13735
13754
18219
18220
18221
18222
9879
13742
13755
18226
18227
18228
18229
12246
18237
18238
18241
13765
18244
18245
18248
12247
13766
18251
18252
18255
9872
9873
12248
13767
13778
18254
18255
18256
18257
9872
9873
13779
17736
17737
17738
17739
12251
13782
18240
18241
18242
18243
13770
13783
18247
18248
18249
18250
9876
9879
10847
10849
10850
12266
18223
18227
18229
9876
9880
13792
14640
14642
14643
9877
12268
13794
14648
14649
14650
9879
9880
12269
13795
19168
9879
9880
19169
12271
19172
13797
19173
9885
9886
9887
13827
13834
9885
9886
9900
13828
17880
9885
9887
9933
13835
17881
9886
9887
9902
9934
13832
13839
17882
9904
13833
9936
13840
9891
9892
12350
13827
9891
9892
12352
15906
9891
9913
13830
15907
12354
13831
15908
12356
19720
9896
9897
9898
12350
13834
9896
9897
12353
16326
9896
9898
9940
13837
16327
12355
13838
16328
12356
19721
13840
9903
9904
9905
9916
9923
9903
9904
9917
14933
9903
9905
9924
9964
14934
9904
9905
9965
9921
9927
14935
9922
9928
9931
9967
9910
9911
9912
9916
9923
9910
9912
10004
15927
9910
9911
9918
14940
15928
9911
9912
9925
10006
14941
9920
15929
9921
9927
14942
9929
10009
9919
11357
9915
9930
9970
10115
9928
9931
9971
9920
9921
9922
9921
9922
13828
14947
9920
9921
14948
15934
9920
9922
13830
15935
15936
14949
13833
9927
9928
9929
9927
9928
13842
14954
9927
9929
10022
14955
9928
9929
10023
13843
14956
13845
10025
9931
9985
10123
9987
9936
9937
9938
9949
9956
19445
9936
9937
9950
14961
9936
9938
9965
19447
9937
9938
9957
9966
14962
9954
19448
9955
9960
14963
9961
9969
19449
9941
10129
16340
19450
9941
9951
16341
9953
16342
9946
9947
9948
9949
9956
19653
9946
9948
10535
16347
9946
9947
9952
14968
16348
9947
9948
9958
10536
14969
9953
16349
9955
9960
14970
9962
10540
19654
9953
9954
9955
19724
9954
9955
13835
14975
9953
9954
13837
16354
9953
9955
14976
16355
16356
13840
19725
14977
9960
9961
9962
19726
9960
9961
9990
14982
9960
9962
10549
14983
9961
9962
9992
10550
19831
14984
9994
19728
10552
19729
9967
9968
9969
9989
13841
9967
9968
13842
14989
9967
9969
9968
9969
9990
14990
9987
13845
9993
13846
14991
9994
9971
9972
9985
13906
9987
13845
9988
13908
9977
9978
9979
9989
13841
9978
9979
10058
11188
9977
9978
10059
13844
14996
9977
9979
9991
11189
14997
9993
13846
14998
10061
13847
9995
11191
9983
9984
10151
10561
9983
9986
10152
9984
9992
10562
9988
10154
9995
10564
9987
9988
10159
9988
10160
10161
9993
9994
9995
9993
9994
15010
9993
9995
14263
15011
9994
9995
14264
15012
14265
10000
10001
10002
10013
10020
10000
10001
10014
10030
14730
10000
10002
10021
10048
14731
10001
10002
10032
10049
10018
10024
14732
10019
10034
10026
10028
10051
10007
10008
10009
10013
10020
10007
10009
15955
10007
10008
10015
14737
15956
10008
10009
10022
14738
10017
15957
10018
10024
14739
10025
10016
10038
11364
10012
10027
10054
10026
10028
10055
10017
10018
10019
10018
10019
13856
14744
10017
10018
14745
15962
10017
10019
13858
15963
15964
14746
13861
10024
10025
10026
10024
10026
13870
14751
10024
10025
14752
10025
10026
13871
14753
13874
10028
10069
10071
10033
10034
10035
13855
13862
10033
10034
13856
18069
10033
10035
10081
13863
18070
10034
10035
10082
13860
13867
18071
13861
10084
13868
10039
10040
12357
13855
10039
10040
10168
12359
15983
10039
13858
15984
12361
13859
15985
10171
12363
19733
10044
10045
10046
12357
13862
10044
10046
10173
12360
16361
10044
10045
10088
13865
16362
12362
13866
16363
13868
10176
12363
19451
10051
10052
10053
10073
13869
10051
10052
13870
15024
10051
10053
10082
10052
10053
10074
10083
15025
10071
13874
10077
13875
15026
10078
10086
10055
10056
10069
14004
10071
13874
10072
14007
10061
10062
10063
10073
13869
10061
10063
11209
10061
10062
13872
15031
10062
10063
10075
11210
15032
13873
10077
13875
15033
10079
11213
10067
10068
10178
10593
10067
10070
10179
10068
10076
10594
10072
10182
10079
10597
10071
10072
10186
10072
10187
10189
10077
10078
10079
10077
10078
10105
15045
10077
10079
14284
15046
10078
10079
10107
14285
15047
10109
14287
10084
10085
10086
10097
10104
19452
10084
10085
10098
15052
10084
10086
19454
10085
10086
10105
15053
10102
19455
10103
10108
15054
10109
19456
10089
10195
16375
19457
10089
10099
16376
10101
16377
10094
10095
10096
10097
10104
19659
10094
10096
10611
16382
10094
10095
10100
15059
16383
10095
10096
10106
10612
15060
10101
16384
10103
10108
15061
10110
10615
19660
10101
10102
10103
19734
10102
10103
13863
15066
10101
10102
13865
16389
10101
10103
15067
16390
16391
13868
19735
15068
10108
10109
10110
19736
10108
10109
15073
10108
10110
10625
15074
10109
10110
10626
19832
15075
19738
10627
19739
10113
10121
11378
13885
10113
11114
13886
10122
11117
13888
10117
10118
10123
13906
10117
10118
11115
13907
11116
10124
11118
13909
10122
11065
11108
13891
11066
11384
10122
11385
13892
11110
13895
10124
10159
10162
11111
10128
10140
13933
10127
10128
10145
11122
13935
10148
11124
10144
10149
13937
10131
16410
19458
10131
10141
16411
19460
10143
16412
19744
10134
10152
10134
10146
10153
10148
10155
10138
16417
10138
10139
10142
13941
16418
10139
10147
13942
10143
16419
10144
10149
13944
10144
12827
13947
10143
12829
16424
10143
10144
13949
16425
16426
13952
10148
10149
13926
13954
10148
13927
10149
13955
13929
13957
10154
10155
10156
10157
13925
10154
10156
10650
10154
10155
10160
10155
10156
10651
13927
10161
10163
13929
10654
13931
10161
10162
10163
11119
13904
10162
10163
11120
10161
10162
13906
10161
10163
13908
11123
13909
11124
10166
11070
11127
15108
10166
10191
13968
15109
11131
13972
15111
10170
10171
11126
12364
19461
10170
10171
12365
16088
10170
11128
16089
19828
11130
12368
16090
12370
19745
10175
10176
12364
13967
19297
10175
10176
12367
14758
10175
10196
13970
14759
19298
12369
13971
14760
12370
19462
10181
10182
10183
10184
14023
10181
10182
10182
10183
10187
10198
10181
10183
10199
14025
14027
10189
10190
10200
14028
10188
10189
10190
11132
14002
10188
10190
11133
10188
10189
14004
10189
10190
11136
14006
14007
11137
10194
10206
14031
10193
10194
10211
11135
14033
10214
11137
10210
10215
14035
10197
16431
19464
10197
10207
16432
19466
10209
16433
19747
10200
10200
10212
10214
10204
10684
16438
10204
10205
10208
14039
16439
10205
10213
10685
14040
10209
16440
10210
10215
14042
10210
13968
14045
10209
13970
16445
10209
10210
14047
16446
16447
14050
10214
10215
14024
14052
10214
14025
10215
10696
14053
14028
14055
10218
11140
11145
14772
10218
10243
14094
14774
11144
14098
14776
10222
10223
11139
12371
19467
10222
10223
12373
16123
10222
11142
16124
19468
11143
12375
16125
12377
19469
10227
10228
12371
14093
19299
10227
10228
12374
16452
10227
10248
14096
16453
19300
12376
14097
16454
12377
19748
10231
10238
11413
14067
10231
10283
11151
14068
10240
11153
14071
10236
10285
10235
10236
10286
11152
14130
10235
10241
10363
14131
10242
11154
14132
10288
11155
10240
11140
11145
14073
10240
11426
14075
11142
11427
11147
14078
10242
10277
10372
10279
11148
10245
10258
14102
10245
10246
10263
11159
14103
10262
10266
14106
10267
11162
10249
10388
16466
19471
10249
10259
16467
19473
10261
16468
19753
10253
10719
16473
10253
10254
10260
14109
16474
10254
10264
10720
14110
10261
16475
10262
10266
14113
10257
10270
10257
10265
10271
10267
10272
10262
14094
14115
10261
14096
16480
10261
10262
14117
16481
16482
14120
10266
10267
14122
14143
10266
10731
14124
10267
14145
14127
14147
10272
10273
10274
10275
14142
10273
10274
10422
10738
10272
10273
10278
10423
10272
10274
10739
14145
10280
14147
10281
10425
10741
14148
10279
10280
10281
11156
14128
10279
10280
11158
10279
10281
10434
14131
10280
10281
10435
11160
14132
11162
10436
14134
10284
10291
11434
13010
10284
11169
13011
10293
11171
13014
10288
10288
10289
11170
14193
10289
10294
14194
11172
10295
11173
14196
10293
11163
11175
13016
10293
11447
13018
11177
11448
11165
13021
10295
10318
10320
11166
10298
11163
11175
15136
10298
10323
14157
15138
11179
14161
15140
10302
10303
11174
12378
19474
10302
10303
10453
12380
16207
10302
11177
16208
19835
11178
12382
16209
10456
12384
19475
10307
10308
12378
14156
19301
10307
10308
10458
12381
16487
10307
10328
14159
16488
19302
12383
14160
16489
10461
12384
19757
10313
10314
10315
10316
14212
10314
10315
10473
10774
10313
10314
10319
10335
10474
10313
10315
10336
10775
14215
10321
10337
14217
10322
10477
10778
14218
10320
10321
10322
11180
14191
10320
10321
11182
10320
10322
10485
14194
10321
10322
10486
11184
14196
11186
10488
14197
10325
10338
14165
10325
10326
10343
11183
14166
10342
10346
14169
10347
11186
10329
10503
16501
19477
10329
10339
16502
19479
10341
16503
19759
10333
10790
16508
10333
10334
10340
14172
16509
10334
10344
10791
14173
10341
16510
10342
10346
14175
10337
10337
10345
10347
10342
14157
14178
10341
14159
16515
10341
10342
14180
16516
16517
14183
10346
10347
14185
14213
10346
10802
14187
10347
14215
14189
14217
10352
10353
10354
10365
10374
10352
10353
10366
15164
10352
10354
10413
10353
10354
10375
10414
15165
10370
10371
10379
15166
10373
10380
10416
10367
11455
10360
10361
10362
10365
10374
10360
10361
16249
10360
10362
10368
15171
16250
10361
10362
10376
15172
10369
16251
10378
10371
10379
15173
10364
10372
10419
10373
10380
10421
10369
10370
10371
10370
10371
13100
15178
10369
10370
13101
16256
10369
10371
15179
16257
16258
13104
15180
10373
10434
10437
10378
10379
10380
10379
10380
14220
15185
10378
10379
15186
10378
10380
14221
15187
14223
10385
10386
10387
10398
10405
19480
10385
10386
10413
19482
10385
10387
10399
15192
10386
10387
10406
10415
15193
10403
19483
10410
10417
19484
10404
10411
15194
10390
16536
19485
10390
10400
16537
10402
16538
10395
10396
10397
10398
10405
19681
10395
10396
16543
10395
10397
10401
15199
16544
10396
10397
10408
15200
10402
16545
10409
19682
10404
10411
15201
10402
10403
10404
19762
10403
10404
13107
15206
10402
10403
13109
16550
10402
10404
15207
16551
16552
13112
19763
15208
10409
10410
10411
19764
10410
10411
10439
15213
10409
10410
10440
19837
10409
10411
15214
19766
10442
19768
15215
10416
10417
10418
10438
14219
10416
10417
10416
10418
14220
15220
10417
10418
10439
15221
10437
14223
10442
10443
14224
15222
10420
10421
10434
14131
10436
14134
10437
14223
10425
10426
10829
10425
10435
10426
10440
10830
10436
10444
10832
10431
10432
10433
10438
14219
10432
10433
10479
11305
10431
10432
10480
14222
15227
10431
10433
10441
11306
15228
10443
14224
15229
10483
14225
10444
11309
10436
10437
10436
10442
10443
10444
10442
10443
15241
10442
10444
14634
10443
10444
14635
15242
15243
14637
10449
10450
10451
14233
14240
10449
10450
14234
18104
10449
10451
10497
10450
10451
10498
14241
18105
14238
14239
14245
18106
10500
14246
10455
10456
12385
14233
10455
10456
12386
16305
10455
14235
16306
12389
14237
16307
12391
19769
10460
10461
10462
12385
14240
10460
10461
12388
14800
10460
10462
10504
14243
14801
12390
14244
14802
12391
19486
14246
10467
10468
10469
10489
14247
10467
10468
10497
10467
10469
14248
15283
10468
10469
10490
10499
15284
10487
14251
10494
10501
10495
14253
15285
10471
10472
10485
14194
10487
14251
10488
14197
10476
10477
10477
10486
10476
10491
10493
10488
10482
10483
10484
10489
14247
10482
10483
11095
10483
10484
14250
15290
10482
10484
10492
11096
15291
10493
11098
14252
10495
14253
15292
10487
10488
10488
10493
10494
10495
10494
10495
10521
15304
10493
10494
10522
13598
10493
10495
13599
15305
13600
10524
15306
10500
10501
10502
10513
10520
19487
10500
10501
19489
10500
10502
10514
15311
10501
10502
10521
15312
10518
19490
10524
19491
10519
10525
15313
10505
16557
19492
10505
10515
16558
10517
16559
10510
10511
10512
10513
10520
19683
10510
10512
10862
16564
10510
10511
10516
15318
16565
10511
10512
10523
10863
15319
10517
16566
10519
10525
15320
10526
10866
19684
10517
10518
10519
19770
10518
10519
14241
15325
10517
10518
14243
16571
10517
10519
15326
16572
16573
14246
19771
15327
10524
10525
10526
19772
10524
10525
15332
10524
10526
10876
19838
10525
10526
10877
15333
19774
15334
10879
19775
10531
10532
10533
10547
14254
19493
10531
10532
10548
10555
14814
10531
10533
14255
14815
15388
10532
10533
10557
15389
19494
10551
14259
14816
10553
10559
19495
14260
15391
19497
10538
10539
10540
10547
14254
19685
10538
10540
16578
10539
10540
10549
14821
10538
10539
14256
14822
16579
14258
16580
10551
14259
14823
10552
19686
10545
10546
14254
10545
16585
19498
10545
10546
14257
15396
16586
10546
15397
19499
14258
16587
14260
15398
10551
10552
10553
19777
10551
10553
14262
14828
10551
10552
14829
10552
10553
14264
19778
14830
19779
14267
19781
10558
10559
10560
11194
14261
19500
10558
10559
14262
15339
10558
10560
10572
11195
15340
10559
10560
10573
19502
11198
14266
15341
14267
19504
10575
11199
19506
10564
10565
10650
10564
14264
10565
10652
14265
10570
10655
10568
10569
10598
10657
10568
10599
11197
10601
11200
10570
10660
10662
10575
10576
10577
11201
14275
10575
10576
11202
15367
10575
10577
15389
19508
10576
10577
14276
15368
15390
11205
19509
11206
14280
15369
10585
14281
15392
10582
10583
10584
14275
10582
10584
10674
10583
10584
10675
15403
19510
10582
10583
14278
15404
14279
10585
14281
15405
10678
19511
11335
10590
10591
10592
11215
14282
19512
10590
10591
10604
14283
14842
10590
10592
10631
11216
14843
10591
10592
10606
10632
19514
11219
14286
14844
10608
14288
19516
10634
11221
19518
10596
10597
10597
14285
10596
10602
14287
10600
10601
10601
11218
10602
11220
10607
10608
10609
10623
14289
19520
10607
10608
10624
15423
10607
10609
14290
15424
15472
10608
10609
15473
19521
10628
14294
15425
10629
19522
14295
15475
19524
10614
10615
10616
10623
14289
19690
10614
10615
16599
10615
10616
10625
15430
10614
10616
14291
15431
16600
14293
16601
10627
19691
10628
14294
15432
10621
10622
14289
10621
10690
16606
19525
10621
10622
14292
15480
16607
10622
10691
15481
19526
14293
16608
14295
15482
10627
10628
10629
19790
10628
10629
14283
15437
10627
10628
15438
10627
10629
14285
19791
19792
15439
14288
19794
10634
10635
10636
11222
14303
10634
10635
11223
15451
10634
10636
15473
19527
10635
10636
14304
15452
15474
11227
19528
11228
14308
15453
10644
14309
15476
10641
10642
10643
14303
10641
10643
10703
10642
10643
10704
15487
19529
10641
10642
14306
15488
14307
10644
14309
15489
10707
19530
11341
10648
10661
11229
11236
10648
11230
15507
10648
10669
11237
15508
11235
11241
15510
10653
10654
10655
10661
11229
10654
10655
10653
10654
11231
10653
10655
11233
11234
10662
10659
10660
10661
11236
10659
10660
10659
11239
11240
10662
10662
10666
10667
10668
11242
14345
14352
10666
10667
11332
14347
19625
10667
10668
11333
14354
19627
11245
14350
19711
11336
14351
14357
10680
11246
14358
19796
10672
11248
15528
10671
10672
11244
14388
15530
10680
11246
14392
11250
14393
15531
10677
10678
10679
14387
19531
10677
10678
18195
10678
10679
14354
19532
10677
10679
14355
14389
18196
14391
18197
19534
10680
14358
14392
19797
10683
10695
14402
10683
11255
14395
14403
10697
14399
14405
10687
14870
10688
10696
14410
10687
10688
14396
14411
14871
14398
14872
10697
14399
14414
10693
10694
14394
19536
10693
14877
19537
10694
14445
19539
10693
10694
14397
14446
14878
14398
14879
14400
14449
19541
10697
11082
14416
10697
14417
14420
10701
11251
15577
10700
10701
11256
14437
15579
10709
11258
14441
11253
14442
15580
10706
10707
10708
14436
19542
10706
10707
18048
10707
10708
14452
19543
10706
10708
14438
14453
18049
14440
18050
19545
10709
14441
14456
10715
19799
10713
10714
10715
11254
14443
14450
10713
10714
11338
14445
19629
10713
10715
11339
14452
19631
11342
14448
14455
11257
14449
19798
11258
14456
19800
10718
10730
10734
13478
10718
11274
13480
14479
10732
13482
14483
10722
16641
10723
10731
13486
10722
10723
13487
14480
16642
14482
16643
10732
13490
14483
10728
10729
14478
19547
10728
16648
19548
10728
10729
14481
14494
16649
10729
14495
19550
14482
16650
14484
14497
19552
10732
11261
13492
10732
13494
13497
10736
10749
11260
11267
10736
11261
15605
10736
10757
11268
15607
11265
11271
15609
10741
10742
10743
10749
11260
10741
10743
10829
10741
10742
11263
10742
10743
10831
11264
11266
10750
10833
10747
10748
10749
11267
10747
10748
10781
10834
10747
10782
11270
10784
11272
10750
10837
10750
10838
10754
10755
10756
11273
14492
14506
10754
10756
11344
14495
19633
10755
10756
11345
14508
19635
11276
14497
19801
10768
11278
14511
19802
11347
14498
14512
10759
11279
15627
10759
10760
11275
14535
15628
11281
14539
15629
10768
11278
14540
10765
10766
10767
14534
19553
10765
10767
10847
18223
10766
10767
10848
14508
19554
10765
10766
14509
14537
18224
14538
18225
10768
14511
14540
10851
19556
19803
10772
10785
11282
11289
10772
10787
11283
14891
10772
10804
11290
14893
11286
11293
14895
10777
10778
10779
10785
11282
10777
10778
10778
10779
11285
10777
10779
10786
11287
11288
10783
10784
10785
11289
10783
10784
10784
11292
10786
11294
10786
10789
10801
14542
10789
11299
14544
14577
10803
14546
14581
10793
16662
10794
10802
14550
10793
10794
14551
14578
16663
14580
16664
10803
14554
14581
10799
10800
14576
19558
10799
10869
16669
19559
10799
10800
14579
14599
16670
10800
10870
14600
19561
14580
16671
14582
14602
19563
10803
11283
14556
10803
14558
14561
10806
11295
15655
10806
10807
11300
14591
15656
11297
14595
15657
10815
11303
14596
10812
10813
10814
14590
19564
10812
10814
10889
18244
10813
10814
10890
14613
19565
10812
10813
14593
14614
18245
14594
18246
10815
14596
14616
10893
19567
10820
19807
10819
10820
10821
11298
14597
14611
10819
10821
11350
14600
19804
10820
10821
11351
14613
19808
11301
14602
19806
11303
14616
19810
11352
14603
14617
10826
10827
10828
11311
14632
19569
10826
10827
14633
15710
10826
10828
10840
19571
10827
10828
10841
11312
15711
14636
19573
11316
14638
15712
10843
11317
19575
10832
10833
10832
14634
10833
14637
10838
10836
10837
10836
11314
11315
10838
10843
10844
10845
11318
14646
10843
10844
15738
19577
10843
10845
11319
15773
10844
10845
14647
15740
15774
11322
19578
10853
14651
15742
11323
14652
15775
10850
10851
10852
14646
10850
10851
10851
10852
15753
19579
10850
10852
14648
15754
14650
19580
10853
14651
15756
11348
10858
10859
10860
10874
14653
19581
10858
10859
10875
15822
10858
10860
15850
19582
10859
10860
14654
15823
15851
10878
19583
10880
14658
15824
14659
15853
19585
10865
10866
10867
10874
14653
19699
10865
10866
14912
10866
10867
10877
15829
10865
10867
14655
14913
15830
14657
14914
10879
19700
10880
14658
15831
10872
10873
14653
10872
14919
19586
10873
15858
19587
10872
10873
14656
14920
15859
14657
14921
14659
15861
10878
10879
10880
19816
10878
10880
13597
15836
10878
10879
13598
19817
10879
10880
15837
13601
19818
19819
15838
10885
10886
10887
11325
14667
10885
10886
15850
19588
10885
10887
11326
15885
10886
10887
14668
15852
15886
11329
19589
10895
14672
15854
11331
14673
15887
10892
10893
10894
14667
10892
10893
10893
10894
15865
19590
10892
10894
14669
15866
14671
19591
10895
14672
15868
11354
10898
11528
12555
12556
12559
16712
16714
16716
16717
10898
10901
11529
11680
10902
10904
10910
11530
11682
16704
16705
16706
10906
16711
16712
16713
10902
10913
11684
16706
16708
16709
16710
10908
10914
16713
16715
16716
16717
10905
11535
16726
16728
16730
16731
17525
17526
17529
10905
10908
11536
10909
10917
11537
11686
16718
16719
16720
11688
16725
16726
16727
10909
10920
16720
16722
16723
16724
10921
11690
16727
16729
16730
16731
10912
10914
11542
10912
11543
11694
16733
16735
16737
16738
17020
17022
17024
10918
11544
12603
12605
12607
16740
16742
16744
16745
10914
11696
16734
16736
16737
16738
10920
16741
16743
16744
16745
11698
16732
16733
16734
10922
16739
16740
16741
10919
10921
11549
10919
11550
11714
11716
11718
16747
16749
16751
16752
11551
11700
16754
16756
16758
16759
17531
17533
17535
10921
16748
16750
16751
16752
11702
16755
16757
16758
16759
16746
16747
16748
11704
16753
16754
16755
16760
16761
16762
10928
10929
10932
12882
10928
10933
13913
13914
13915
16768
16770
16772
16773
10929
12883
16769
16771
16772
16773
10935
13898
13900
13902
13919
13921
13923
16760
16763
16764
16766
12884
16761
16763
16765
16766
16767
16768
16769
16774
16775
16776
10935
10936
12896
10935
14011
14012
14015
16782
16784
16786
16787
10936
12897
16783
16785
16786
16787
13996
13998
14001
14017
14019
14022
16774
16777
16778
16780
12898
16775
16777
16779
16780
16781
16782
16783
16788
16789
16790
10942
10943
10946
12931
10942
12932
16796
16798
16800
16801
10943
10948
16797
16799
16800
16801
17742
17743
17744
12933
16788
16791
16792
16794
10950
14080
14082
14085
14136
14138
14140
16789
16791
16793
16794
16795
16796
16797
16802
16803
16804
10949
10950
12952
10949
12953
16810
16812
16814
16815
10950
14200
14201
14203
16811
16813
16814
16815
12954
16802
16805
16806
16808
13023
13025
13028
14206
14208
14211
16803
16805
16807
16808
16809
16810
16811
16816
16817
16818
10957
13260
13337
16824
16826
16828
16829
13261
13666
14361
14362
14365
16825
16827
16828
16829
16831
16832
16835
16836
10957
13338
13667
16833
16834
16835
16836
13262
16823
16824
16825
13339
16817
16819
16821
16822
13668
16830
16831
16833
16837
16838
16839
10964
13316
13365
16845
16847
16849
16850
13317
13708
14459
14460
14463
16846
16848
16849
16850
16852
16853
16856
16857
10964
13366
13709
16854
16855
16856
16857
13318
16844
16845
16846
13367
16838
16840
16842
16843
13710
16851
16852
16854
16858
16859
16860
10970
13386
13456
16866
16868
16870
16871
10970
12238
13387
16875
16876
16877
16878
12239
13457
14501
14502
14505
16867
16869
16870
16871
16873
16874
16877
16878
13388
16858
16861
16863
16864
13458
16865
16866
16867
12240
16872
16873
16875
16879
16880
16881
10977
13421
13526
16887
16889
16891
16892
10977
13422
13757
16896
16897
16898
16899
13527
13758
14606
14607
14610
16888
16890
16891
16892
16894
16895
16898
16899
13423
16879
16882
16884
16885
13528
16886
16887
16888
13759
16893
16894
16896
10982
10985
10987
15927
19649
10982
10986
10994
11356
19650
10983
11358
15929
19652
10985
10986
11359
15930
15941
10985
10986
10991
10998
15942
10992
15933
15946
10999
11362
15947
10989
10992
15955
19655
10989
10993
11008
11363
19656
10990
11365
15957
19658
10992
10993
11366
15958
15969
10992
10993
11012
15970
15960
15973
11013
11369
15975
10996
10999
11370
19661
10996
11000
11009
11377
19663
10997
11372
11379
19664
10999
11000
11373
11380
16039
10999
11000
11012
16040
11375
16043
11014
11383
16045
11015
16900
16901
16903
11007
12568
16711
16908
16909
16912
16913
12569
16907
16908
16910
11006
11007
12553
12570
16033
16035
16038
16910
16911
16912
16913
11006
11007
11019
12556
16712
11020
12558
16054
16055
16058
16903
16904
16905
16906
12559
12573
16714
11010
11013
11391
19637
11010
11014
11398
19639
11011
11393
11400
19640
11013
11014
11394
11401
16067
11013
11014
16068
11396
16072
11403
16073
16914
16915
16917
11021
12596
16718
16922
16923
16926
16927
12597
16921
16922
16924
11020
11021
12581
12598
16061
16063
16066
16924
16925
16926
16927
11020
11021
12584
16719
12586
16082
16083
16087
16917
16918
16919
16920
12587
12601
16721
11027
12623
16739
16935
16937
16940
16941
11037
16928
16929
16931
12625
16935
16936
16938
11027
11028
12602
12626
16145
16146
16149
16938
16939
16940
16941
11027
11028
11040
12605
16740
12607
12628
16742
11042
12608
16159
16160
16163
16931
16932
16933
16934
11031
11034
11043
11412
19667
11031
11035
11050
11419
19668
11032
11414
11421
19670
11034
11035
11415
11422
16151
11034
11035
11047
11054
16152
11048
11418
16156
11055
11425
16157
11041
12651
16746
16949
16951
16954
16955
16942
16943
16945
12653
16949
16950
16952
11041
11042
11713
12654
16173
16174
16177
16952
16953
16954
16955
11041
11042
11716
16747
11718
12656
16749
11719
16187
16188
16192
16945
16946
16947
16948
11045
11048
11433
19672
11045
11049
11057
11440
19673
11046
11435
11442
19675
11048
11049
11436
11443
16179
11048
11049
11061
16180
11438
16183
11062
11446
16185
11052
11055
11454
19677
11052
11056
11058
16249
19679
11053
11456
16251
19680
11055
11056
11457
16252
16263
11055
11056
11061
16264
11459
16267
11063
16255
16269
11059
11062
11461
19641
11059
11063
16277
19643
11060
11463
16279
19644
11062
11063
11464
16280
16291
11062
11063
16292
11466
16296
16282
16297
11068
11069
12819
11069
15094
11068
16018
11068
11069
12821
15095
16019
12823
16020
12825
15097
11072
13975
11072
11073
11075
11134
13976
11079
13978
11080
11136
11078
11079
11080
11079
11080
13996
14017
11078
11079
11114
13997
11078
11080
11115
14018
11116
13999
14020
11085
11086
11087
13274
11086
11087
15563
11085
11086
14025
11085
11087
13276
14026
15564
13278
14027
13280
15566
11092
11093
13274
11093
11251
15570
11092
11093
11238
13277
15571
11092
11239
11240
13279
13280
15572
11098
11099
11100
11101
13596
19648
11098
11099
11305
11098
11100
13599
15801
11099
11100
11103
11307
15802
13600
11105
11308
11106
13602
15803
11105
11106
11107
19718
11106
11107
11326
15815
11105
11106
11313
15816
11105
11107
11314
11327
11315
15817
11329
19719
11110
13877
11110
11111
11113
11121
13878
11117
13880
11118
11123
11116
11117
11118
11117
11118
13898
13919
11116
11117
13899
11116
11118
13920
13901
13922
11123
11124
11125
13918
13925
11123
11124
11123
11125
13919
16760
11124
11125
13926
16762
13922
13929
13923
13930
16764
11130
11131
13960
11131
15122
11130
16102
11130
11131
13962
15123
16103
13964
16104
13966
15125
11136
11137
11138
14016
14023
11136
11137
11136
11138
14017
16774
11137
11138
14024
16776
14020
14028
14022
14029
16778
11143
11144
14086
11144
14786
11143
11144
14088
14788
16130
11143
16131
14090
16132
14092
14790
11147
14059
11147
11148
11150
11157
14061
11153
14063
11154
11160
11153
11154
11155
11153
11154
14080
14136
11153
11155
11169
14081
11154
11155
11170
14137
14084
14139
11172
11160
11161
11162
14135
14142
11160
11161
14136
16789
11160
11162
11161
11162
14143
16790
14139
14140
14146
16793
14147
11165
13002
11165
11166
11168
11181
13004
11171
13006
11173
11184
11171
11172
11173
11171
11173
13023
14206
11171
11172
13024
11172
11173
14207
13027
14210
11178
11179
14149
11179
15150
11178
11179
14151
15152
16214
11178
16215
14153
16216
14155
15154
11184
11185
11186
14205
14212
11184
11185
14206
16803
11184
11186
11185
11186
14213
16804
14210
14211
14216
16807
14217
11191
11192
11193
11194
14261
19687
11191
11193
11209
11191
11192
14263
15346
11192
11193
11196
11211
15347
14265
11198
14266
15348
11200
11214
11198
11199
11200
19784
11198
11199
11202
15360
11198
11200
11217
15361
11199
11200
11203
11218
15362
11205
19785
11220
11205
11206
11207
14268
11205
11206
15381
11205
11207
11224
11206
11207
11225
14270
15382
19786
14273
15383
11226
14274
11212
11213
11214
11215
14282
19689
11213
11214
11212
11213
14284
14849
11212
11214
11217
14850
11219
14286
14851
14287
11220
11219
11220
11221
19788
11219
11221
11223
14863
11219
11220
14864
11220
11221
11224
14865
11227
19789
11226
11227
11228
14296
11227
11228
15465
11226
11227
11226
11228
14298
15466
14301
19795
14302
15467
11233
11234
11235
14310
11233
11235
15514
11233
11234
13927
11234
11235
13928
14312
15515
13931
14315
14316
15517
11240
11241
14310
11241
11248
15521
11240
11241
14313
15522
11240
14314
14316
15523
11245
11246
11247
14366
14373
11245
11247
14367
16816
11246
11247
14374
16818
14371
14378
14372
14379
16820
11250
15542
11250
11252
14382
15543
14385
15544
11253
15591
11253
14431
15592
14435
15593
11257
11258
11259
14464
14471
11257
11259
14465
16837
11258
11259
14472
16839
14469
14476
14470
14477
16841
11264
11265
11266
14485
11265
11266
15612
11264
11265
14144
14487
15614
11264
11266
14145
14148
14489
14490
15616
11271
11272
14485
11271
11279
15619
11271
11272
11291
14488
15620
11272
11292
14490
15621
11294
14491
11276
11277
11278
14513
14520
11276
11277
14514
16859
11277
11278
14521
16860
14518
14519
14525
16862
14526
11281
15640
11281
11296
14529
15641
14532
15642
11286
11287
11288
14569
11286
11288
14898
11286
11287
14214
14571
14900
11287
11288
14215
14573
14902
14218
14574
11293
11294
14569
11293
11295
14905
11293
11294
14572
14906
11294
14573
14907
14575
11297
15668
11297
14585
15669
14589
15670
11301
11302
11303
14618
14625
11301
11302
14619
16880
11302
11303
14626
16881
14623
14624
14630
16883
14631
11308
11309
11310
11311
14632
19697
11308
11309
11309
11310
14635
15717
11308
11310
11313
15718
11315
14637
11316
14638
15719
11315
11316
11317
19812
11316
11317
11319
15731
11315
11316
15732
11315
11317
11320
15733
11322
19813
11322
11323
11324
14639
11322
11323
15787
11322
11324
11327
11323
11324
11328
14641
15788
19814
14644
15789
11330
14645
11329
11330
11331
14660
11329
11331
15899
11329
11330
11330
11331
14662
15900
19822
14665
14666
15901
11334
11336
15397
19782
11335
11336
15403
19688
11337
15391
15398
11337
15392
15405
11337
15399
15406
15393
15400
15407
11340
11342
15481
19692
11341
11342
15487
19693
11343
15475
15482
11343
15476
15489
11343
15483
15490
15477
15484
15491
11346
11347
15746
19698
11347
11348
15753
19815
11349
15741
15748
11349
15749
15755
11349
15742
15756
15743
15750
15757
11352
11353
15858
19821
11352
11354
15865
19823
11355
15860
15867
11355
15853
15861
11355
15854
15868
15855
15862
15869
11358
11362
11370
19722
11358
11361
15907
15935
11359
15936
19723
11361
11362
15937
15948
11361
11362
11374
15910
15949
15911
15940
15953
11375
15954
11365
11369
11391
19731
11365
11368
15963
15984
11366
15964
19732
11368
11369
15965
15976
11368
11369
11395
15977
15987
15968
15981
15988
11396
15982
11372
11375
19741
11372
11376
11384
16005
19833
11373
11386
19743
11375
11376
11387
16046
11375
11376
16008
16047
16050
11389
16010
16052
11379
11383
11398
11379
11382
11385
16901
11380
11386
11382
11383
11387
16053
11382
11383
11402
16054
16903
11390
16058
16904
11403
16059
11386
11389
16018
11386
11390
16907
11387
11389
11390
16032
11389
11390
16022
16033
16910
16023
16037
16038
16911
11393
11396
19705
11393
11397
11405
16089
19829
11394
11407
19707
11396
11397
11408
16074
11396
11397
16075
16092
16079
11410
16080
16094
11400
11403
11400
11404
11406
16915
11401
11407
11403
11404
11408
16081
11403
11404
16082
16917
16086
11411
16087
16918
11407
11410
16102
11407
11411
16921
11408
11410
11411
16060
11410
11411
16061
16106
16924
16065
16107
16066
16925
11414
11418
11433
11414
11417
11426
16929
11415
11428
11417
11418
11429
16158
11417
11418
11437
16159
16931
11431
16163
16932
11438
16164
11421
11425
11454
19750
11421
11424
11427
16124
19834
11422
11428
19752
11424
11425
11429
16165
11424
11425
11458
16127
16166
11432
16128
16170
11459
16171
11428
11431
16936
11428
11432
16131
11429
11431
11432
16144
11431
11432
16134
16145
16938
16149
16939
16136
16150
11435
11438
11435
11439
11447
16943
11436
11449
11438
11439
11450
16186
11438
11439
16187
16945
16190
11452
16192
16946
11442
11446
11461
19754
11442
11445
11448
16208
19836
11443
11449
19756
11445
11446
11450
16193
11445
11446
11465
16194
16211
11453
16198
16212
11466
16199
11449
11452
16950
11449
11453
16215
11450
11452
11453
16172
11452
11453
16173
16218
16952
16177
16953
16178
16220
11456
11459
19760
11456
11460
16229
16256
11457
16258
19761
11459
11460
16259
16270
11459
11460
16232
16271
16274
16234
16261
16276
11463
11466
19709
11463
11467
16284
16306
11464
16286
19710
11466
11467
16287
16298
11466
11467
16299
16309
16303
16289
16304
16311
11470
11472
18771
11470
11473
11474
11476
11496
11472
11473
18774
11474
11478
18775
11474
11499
11480
11500
19182
19186
19187
11477
11479
16958
11477
11480
11481
11483
11503
11479
11480
16961
16999
17000
17002
11481
11485
16962
17503
17504
17506
11481
11506
12477
12478
12480
11487
11507
12484
12485
12487
11484
11486
16965
11484
11487
11488
11490
11510
11486
11487
16968
17006
17007
17009
11488
11492
16969
17510
17511
17513
11488
11513
12512
12513
12515
11494
11514
12519
12520
12522
11491
11493
18778
11491
11494
11495
11517
11493
11494
18781
11495
18782
11495
11520
19196
19200
19201
11521
11498
11500
11498
11501
18785
11502
11504
16970
11500
11501
18787
11502
11506
17761
17765
17766
11502
16973
18789
11508
16974
11505
11507
11505
11508
11509
11511
11524
11507
11508
11658
11659
11661
11509
11513
12547
12548
12550
11509
11527
17517
17518
17520
11515
11528
12554
12555
12557
11512
11514
11512
11515
11516
11518
11531
11514
11515
11665
11666
11668
11516
11520
12575
12576
12578
11516
11534
12582
12583
12585
11522
11535
17524
17525
17527
11519
11521
11519
11522
11523
16977
18791
11521
11522
17012
17016
17017
11523
18793
11523
16980
16981
18795
11526
11528
11526
11529
16972
11530
11532
11538
11528
11529
16974
11530
11534
11530
11541
16976
11536
11542
11533
11535
11533
11536
11537
11545
16978
11535
11536
11537
16980
11537
11548
11549
16982
11540
11542
11540
11543
16986
11544
11546
11559
11542
11543
16988
11544
11548
11544
11562
16990
11550
11563
11547
11549
11547
11550
11551
11566
16992
11549
11550
11551
16994
11551
11569
11570
16996
11554
11556
16986
11554
11557
18799
11558
11560
11580
11556
11557
16989
18801
11558
11562
16990
11558
11583
18803
11564
11584
17782
17786
17787
11561
11563
11561
11564
11565
11567
11587
11563
11564
17020
17021
17023
11565
11569
12603
12604
12606
11565
11590
12610
12611
12613
11571
11591
12617
12618
12620
11568
11570
11568
11571
11572
11574
11594
11570
11571
11714
11715
11717
11572
11576
17531
17532
17534
11572
11597
12638
12639
12641
11578
11598
12645
12646
12648
11575
11577
16993
11575
11578
11579
11601
18805
11577
11578
16996
11579
16997
18807
11579
11604
17796
17800
17801
11605
18809
11582
11584
11582
11585
11586
11588
18811
11584
11585
11586
11590
19238
19242
19243
11586
18814
11592
18815
11589
11591
11589
11592
11593
11595
18818
11591
11592
11735
11736
11738
11593
11597
12666
12667
12669
11593
17538
17539
17541
18821
11599
17545
17546
17548
18822
11596
11598
11596
11599
11600
11602
18825
11598
11599
11742
11743
11745
11600
11604
12694
12695
12697
11600
17552
17553
17555
18828
11606
17559
17560
17562
18829
11603
11605
11603
11606
11607
18832
11605
11606
18902
18906
18907
11607
11607
18835
18836
11610
11612
18773
11610
11613
18774
18862
11614
11616
18775
11612
11613
18864
11614
11618
11783
11614
11784
18866
11620
11785
17748
17749
17753
19260
19262
19265
19274
19276
19279
11617
11619
16960
18841
11617
16961
16999
17001
17003
19260
19261
19264
19265
11623
16962
17503
17505
17507
18259
18260
18263
18264
11619
18844
19262
19263
19264
19265
11625
18261
18262
18263
18264
18845
19259
19260
19262
11627
18258
18259
18261
11624
11626
16967
18848
11624
16968
17006
17008
17010
18266
18267
18270
18271
11630
16969
17510
17512
17514
18273
18274
18277
18278
11626
18268
18269
18270
18271
18851
11632
18275
18276
18277
18278
18852
18265
18266
18268
11634
18272
18273
18275
11631
11633
18780
18855
11631
11634
18781
11635
18782
18868
11633
11634
18858
11635
11790
18859
18870
11635
11791
17755
17756
17760
18273
18275
18278
19281
19283
19286
11792
18872
11638
11640
18862
11638
11641
11642
11650
11640
11641
18865
11642
11797
18866
11642
11653
11798
11654
11799
19189
19193
19194
11645
11647
18869
11645
11648
11649
11671
11647
11648
18872
11649
11811
18873
11649
11674
11812
19203
19207
19208
11675
11813
11652
11654
18787
11652
11655
18788
11656
18789
18874
11654
11655
11656
11818
19211
19214
19216
11656
11819
18877
11820
18878
11661
11662
11663
12546
17516
11661
11662
12478
12547
11661
11663
17517
17761
11662
11663
12479
17762
12550
17520
12482
12551
16027
16028
16029
17521
17763
11668
11669
11670
12574
12581
16062
16063
16064
11668
11669
12513
12575
11668
11670
12548
12582
11669
11670
12514
12549
16069
16070
16071
12578
12585
12517
12579
16076
16077
16078
12552
12586
16083
16084
16085
11673
11675
18794
11673
11676
18795
11677
18796
18881
11675
11676
19218
19221
19223
11677
11832
11677
11833
18884
11834
18885
11680
11682
16974
11680
11683
16975
18876
11684
11692
16976
11682
11683
18878
11684
11839
16705
16706
16710
17769
17770
17774
18315
18316
18320
11684
11695
11840
18880
11696
11841
11687
11689
16981
11687
11690
16982
11691
11699
16983
18882
11689
11690
16726
16727
16731
17069
17070
17074
17776
17777
17781
11691
11860
18884
11691
11702
11861
11703
11862
18886
11694
11696
16988
11694
11697
16989
18890
11698
16990
11696
11697
18892
11698
11867
11698
11868
18894
11869
16733
16734
16738
17790
17791
17795
18336
18337
18341
11701
11703
16995
11701
11704
16996
11705
16997
18896
11703
11704
11705
11874
18898
11705
11875
16754
16755
16759
17804
17805
17809
18350
18351
18355
11876
18900
11708
11710
18801
18890
11708
11711
18802
11712
11727
18803
11710
11711
18893
11712
11881
18894
11712
11730
11882
11731
11883
19224
19228
19229
11717
11718
11719
12637
17530
11717
11718
17531
11717
11719
12604
12638
11718
11719
12605
12641
17534
17535
12608
12642
11722
11724
18808
18897
11722
11725
18809
11726
11748
18810
11724
11725
18900
11726
11895
18901
11726
11751
11896
19231
19235
19236
11752
11897
11729
11731
11729
11732
11733
18909
11731
11732
11733
11902
19246
19249
19251
11733
11903
18912
11904
18913
11738
11739
11740
12665
17537
11738
11739
12611
12666
11738
11740
17538
19238
11739
11740
12612
19239
12669
17541
12615
12670
16244
16245
16246
17542
19240
11745
11746
11747
12693
17551
18162
18163
18164
11745
11746
12639
12694
11745
11747
12667
17552
11746
11747
12640
12668
16293
16294
16295
12697
17555
12643
12698
16300
16301
16302
12671
17556
18169
18170
18171
11750
11752
11750
11753
11754
18916
11752
11753
19253
19256
19258
11754
11916
11754
11917
18919
11918
18920
11757
11759
18815
11757
11760
18816
18911
11761
11763
18817
11759
11760
18913
11761
11765
11923
17811
17812
17816
19267
19269
19272
19288
19290
19293
11761
11924
18915
11767
11925
11764
17546
17547
17550
18280
18281
18284
18285
18822
11764
11767
18823
11768
11770
18824
18923
19266
19267
19269
11772
18279
18280
18282
11768
18926
19269
19270
19271
19272
11774
18282
18283
18284
18285
18927
11771
17560
17561
17564
18294
18295
18298
18299
18829
11771
11774
18830
11775
11777
18831
18930
18286
18287
18289
11779
18293
18294
18296
11775
18289
18290
18291
18292
18933
11781
18296
18297
18298
18299
18934
11778
11780
18836
11778
11781
18837
11782
18838
18917
18937
11780
11781
17818
17819
17823
18294
18296
18299
18973
18975
18978
11782
11930
18919
11782
11931
18940
11932
18921
18941
11787
18946
19276
19277
19278
19279
11788
17028
17041
17043
17045
19274
19275
19278
19279
19273
19274
19276
11787
11788
17030
18949
11937
18303
18304
18305
18306
18950
11938
12729
12730
12732
17032
18301
18302
18305
18306
11939
18300
18301
18303
11792
11794
18967
19280
19281
19283
11796
17034
17580
17582
17584
19281
19282
19285
19286
11794
18310
18311
18312
18313
18970
11796
11944
17036
18971
11945
18307
18308
18310
11946
12764
12765
12767
17038
18308
18309
18312
18313
11799
11801
17028
17042
17043
17046
11799
11802
11803
11818
17566
17568
17570
11801
11802
17031
11803
11951
12729
12731
12733
17032
11803
11821
11952
11822
11953
12743
12744
12746
11806
11809
17754
11806
11810
12756
19280
11807
12758
16368
16372
16373
18077
18080
18081
11809
11810
12759
17579
11809
11810
17580
17756
19281
17583
17758
12761
17584
19282
11813
11815
17035
11813
11816
17594
17596
17598
11817
11832
11815
11816
12764
12766
12768
17038
11817
11972
17039
11817
11835
11973
12778
12779
12781
11836
11974
11820
11822
17049
17050
17053
11820
11823
11824
17061
17608
17610
17612
11822
11823
11824
11979
12792
12794
12796
11824
11980
17064
11981
12806
12807
12809
17065
11829
11830
11831
12819
11829
11831
12352
12560
11829
11830
12561
12820
17600
11830
11831
12353
17601
12562
12823
12824
17602
12356
11834
11836
11834
11837
17622
17624
17626
11838
17075
11836
11837
12848
12850
12852
11838
12000
11838
12001
12862
12863
12865
17078
12002
17079
18314
18315
18316
11841
11844
17063
11845
11867
18316
18318
18319
18320
11844
12806
12808
12810
17065
18322
18324
18326
18327
12007
18321
18322
18323
11845
11870
12008
17067
11871
12009
18323
18325
18326
18327
11848
11851
12868
16704
11848
11852
12875
18314
11849
12870
12877
11851
11852
12871
12878
11851
11852
16706
18316
12873
16708
12880
18318
11855
11858
12889
16718
11855
11859
12869
12896
11856
12891
12898
11858
11859
12892
12899
11858
11859
12872
16720
12894
16722
12874
12901
11862
11864
17069
17071
17073
17074
17623
17624
17627
11862
11865
17070
17072
17073
17074
11866
11874
17076
18328
18329
18330
11866
12028
12862
12864
12866
17078
18329
18331
18333
18334
11866
11877
12029
18330
18332
18333
18334
11878
12030
17080
11871
18336
18338
18340
18341
11872
17084
17097
17099
17101
18337
18339
18340
18341
18335
18336
18337
11871
11872
17086
12035
18343
18345
18347
18348
12036
12974
12975
12977
17088
18344
18346
18347
18348
12037
18342
18343
18344
11876
11878
18349
18350
18351
11880
17090
17643
17645
17647
18351
18353
18354
18355
11878
18357
18359
18361
18362
11880
12042
17092
12043
18356
18357
18358
12044
13037
13038
13040
17094
18358
18360
18361
18362
11883
11885
17084
17098
17099
17102
11883
11886
11887
11902
17629
17631
17633
11885
11886
17087
11887
12049
12974
12976
12978
17088
11887
11905
12050
11906
12051
12988
12989
12991
11890
11893
15144
15147
15148
17803
18189
18192
18194
11890
11894
13029
18349
11891
13031
15158
15159
15163
16494
16498
16499
18713
18716
18719
11893
11894
13032
17642
11893
11894
17643
17805
18351
17646
17807
13034
17647
18353
11897
11899
17091
11897
11900
17657
17659
17661
11901
11916
11899
11900
13037
13039
13041
17094
11901
12070
17095
11901
11919
12071
13051
13052
13054
11920
12072
11904
11906
17105
17106
17109
11904
11907
11908
17117
17671
17673
17675
11906
11907
11908
12077
13065
13067
13069
11908
12078
17120
12079
13079
13080
13082
17121
11913
11914
11915
13092
11913
11915
12373
12672
11913
11914
12673
13093
17663
11914
11915
12374
17664
12674
13096
13097
17665
12377
11918
11920
11918
11921
17685
17687
17689
11922
17138
11920
11921
13128
13130
13132
11922
12098
11922
12099
13142
13143
13145
17141
12100
17142
19287
19288
19290
11925
11928
17119
11929
18979
19290
19291
19292
19293
11928
13079
13081
13083
17121
18364
18365
18368
18369
12105
18363
18364
18366
11929
12106
17123
18982
12107
18366
18367
18368
18369
18983
11932
11934
17686
17687
17690
18973
18974
18977
18978
11932
11935
18975
18976
18977
18978
11936
17139
19000
18370
18371
18373
11936
12112
13142
13144
13146
17141
18371
18372
18375
18376
11936
12113
18373
18374
18375
18376
19003
12114
17143
19004
11941
18380
18381
18382
18383
19009
11942
11959
11961
11963
17147
18378
18379
18382
18383
18377
18378
18380
11941
11942
17149
19012
11943
17229
19013
11943
17151
17230
17231
17691
17695
17696
17964
17968
17969
18377
18379
18381
18382
11946
11948
19030
18384
18385
18387
11950
13184
13186
13188
17153
18385
18386
18389
18390
11948
11949
19033
11950
17155
17236
19034
11950
17237
17698
17702
17703
17999
18003
18004
18384
18386
18388
18389
17157
17238
11953
11955
11960
11961
11964
17147
11953
11956
11957
11979
13156
13158
13160
11955
11956
17150
11957
17151
17243
11957
11982
17244
11983
13170
13171
13173
17245
11962
11963
11964
13151
13155
11962
11963
12730
13152
11962
11964
12731
13156
11963
11964
12734
13153
13159
13154
13160
11967
11970
12757
15431
15434
15435
16600
16603
16604
11967
11971
17698
18384
11968
15445
15448
15449
16613
16617
16618
17700
11970
11971
13183
17701
11970
11971
12760
13184
18385
12762
13187
13188
17703
18386
11974
11976
17154
11974
11977
13198
13200
13202
11978
12000
11976
11977
17157
11978
17158
17250
11978
12003
13212
13213
13215
17251
12004
17252
11981
11983
11988
11989
11992
11981
11984
11985
13226
13228
13230
17159
11983
11984
11985
13240
13242
13244
17257
11985
17162
17258
13254
13255
13257
17163
17259
11990
11991
11992
13225
13239
11990
11991
12793
13157
11990
11992
12794
13226
11991
11992
13158
13240
12797
13229
13161
13243
13230
13244
11995
11998
12841
14870
11995
11999
13191
14877
11996
14872
14879
11998
11999
14873
14880
11998
11999
12844
13194
12845
14875
13195
14882
12002
12004
12002
12005
13296
13298
13300
12006
17173
12004
12005
13310
13312
13314
12006
17278
12006
13324
13325
13327
17176
17279
17177
17280
18391
18392
18393
12009
12012
17161
12013
12035
18393
18395
18396
18397
12012
13254
13256
13258
17163
18399
18401
18403
18404
12182
18398
18399
18400
12013
12038
12183
17165
12039
12184
18400
18402
18403
18404
12016
12019
12876
13330
12016
12020
13337
18391
12017
13332
13339
12019
12020
13333
13340
12019
12020
12879
18393
12881
13335
13342
18395
12023
12026
12897
13351
12023
12027
13331
13358
12024
13353
13360
12026
12027
13354
13361
12026
12027
12900
13334
12902
13356
13336
13363
12030
12032
13297
13298
13301
17167
17169
17171
17172
12030
12033
17168
17170
17171
17172
12034
12042
17174
18405
18406
18407
12034
13324
13326
13328
17176
17306
18406
18408
18410
18411
12034
12045
17307
18407
18409
18410
18411
12046
17178
17308
12039
18413
18415
18417
18418
12040
12057
12059
12061
17182
18414
18416
18417
18418
18412
18413
18414
12039
12040
17184
12203
18420
18422
18424
18425
12204
13450
13451
13453
17186
18421
18423
18424
18425
12205
18419
18420
18421
12044
12046
18426
18427
18428
12048
13506
13508
13510
17188
18428
18430
18431
18432
12046
18434
18436
18438
18439
12048
12224
17190
12225
18433
18434
18435
12226
13534
13535
13537
17192
18435
18437
18438
18439
12051
12053
12058
12059
12062
17182
12051
12054
12055
12077
13436
13438
13440
12053
12054
17185
12055
13450
13452
13454
17186
17327
12055
12080
17328
12081
13464
13465
13467
17329
12060
12061
12062
13431
13435
13449
12060
12061
12975
13432
12060
12062
12976
13436
12061
12062
13450
12979
13433
13439
13434
13453
13440
13454
13030
18440
18441
18443
12065
12069
13526
18426
12066
13528
14564
14565
14566
16676
16680
16681
18441
18442
18444
18445
12068
12069
13505
13529
12068
12069
13033
13506
18428
13035
13509
18443
18444
18445
18446
13510
13531
18430
12072
12074
17189
12072
12075
13520
13522
13524
12076
12098
12074
12075
13534
13536
13538
17192
12076
17193
17341
12076
12101
13548
13549
13551
17342
12102
17343
12079
12081
12086
12087
12090
12079
12082
12083
13562
13564
13566
17194
12081
12082
12083
13576
13578
13580
17348
12083
17197
17349
17198
17350
12088
12089
12090
13561
13575
12088
12089
13066
13437
12088
12090
13067
13562
12089
12090
13438
13576
13070
13565
13441
13579
13566
13580
12093
12096
13121
14912
12093
12097
13513
14919
12094
14914
14921
12096
12097
14915
14922
12096
12097
13124
13516
13125
14917
13517
14924
12100
12102
12100
12103
13618
13620
13622
12104
17222
12102
12103
13632
13634
13636
12104
17362
12104
17225
17363
17226
17364
18447
18448
18450
12107
12110
17196
12111
18450
18451
18452
18453
19035
12109
12110
17198
12111
17369
17705
17709
17710
18013
18017
18018
18447
18449
18451
18452
12111
17200
17370
19038
17371
19039
12114
12116
13619
13620
13623
17216
17217
17220
17221
12114
12117
17218
17219
17220
17221
12118
17223
19056
12116
12117
17215
17217
17219
17220
17712
17716
17717
18041
18045
18046
12118
17225
17383
12118
17384
19059
17227
17385
19060
12123
18457
18458
18459
18460
19065
12124
12140
12144
12145
17231
17965
17968
17970
18454
18456
18458
18459
12127
18454
18455
18457
12123
12124
17233
19068
12125
12129
17390
19069
12125
17235
17391
12131
17392
18455
18456
18459
18460
12128
12130
19072
18461
18462
18464
12132
13652
13656
13657
17237
18000
18003
18005
18461
18463
18465
18466
12130
12131
19075
12132
17239
17397
19076
12132
17398
18462
18463
18466
18467
17241
17399
12137
12141
12144
12146
17231
17692
17695
17697
18468
18471
18472
18473
12138
13171
13172
13175
17245
18469
18471
18473
18474
12161
18468
18469
18470
12137
12138
17234
17247
12139
17235
17404
12139
12164
17249
17405
12165
17406
18470
18472
18473
18474
12142
12145
12394
13638
12142
12146
12395
13645
12143
12398
13640
13647
12145
12146
13641
13648
12145
12146
13643
13650
12149
12152
13652
18461
12149
12153
13639
15459
15462
15463
12150
13654
12152
12153
13655
12152
12153
13642
18462
13657
18463
13644
12156
12158
17238
18475
18476
18477
12160
12175
13213
13214
13217
17251
18476
18478
18480
18481
12158
12159
17241
12160
17242
17253
17411
12160
12178
17412
18477
18479
18480
18481
12179
17255
17413
18482
18483
18484
12166
13255
13256
13259
17259
18490
18492
18494
18495
12182
18489
18490
18491
12165
12166
17261
12167
17418
18484
18486
18487
18488
19141
19143
19145
12167
12185
17263
17419
12186
17420
18491
18493
18494
18495
12170
12173
13646
14353
14355
14356
18196
18199
18200
12170
12174
13666
14360
14362
14364
18482
12171
13668
14375
14376
14377
18209
18213
18214
12173
12174
13669
19140
12173
12174
13649
18484
19141
13651
19144
13671
18486
19145
12177
12179
13311
13312
13315
17272
17274
17276
17277
18496
18497
18498
12181
13325
13326
13329
17279
17306
18497
18499
18501
18502
12179
12180
17273
17275
17276
17277
19148
19150
19152
12181
17281
17425
12181
17309
17426
18498
18500
18501
18502
17283
17310
17427
12184
12186
17293
17294
17298
18399
18400
18404
18490
18491
18495
12184
12187
17287
12188
12190
12203
12186
12187
17289
12188
12192
19098
12188
12206
17291
19099
12194
12207
19100
18503
18504
18505
12191
12194
17293
17295
17297
17298
12195
12197
12210
18504
18506
18508
18509
12193
12194
17294
17296
17297
17298
12195
12199
13688
13690
13692
17432
18505
18507
18508
18509
12195
12213
17433
12201
12214
17434
18510
18511
18512
12198
12201
17300
17302
17304
17305
12202
12217
17307
18511
18513
18515
18516
12200
12201
13723
13725
13727
17301
17303
17304
17305
12202
17309
17439
18512
18514
18515
18516
12202
12220
17440
12221
17311
17441
12205
12207
12205
12208
17315
12209
12211
12231
18420
18421
18425
18518
18519
18523
18546
18547
18551
12207
12208
17317
12209
12213
19112
12209
12234
17319
19113
12215
12235
19114
12214
18525
18527
18529
18530
18517
18518
18519
12218
18524
18525
18526
12214
12215
12216
12220
17446
12216
17447
18519
18521
18522
18523
12222
13744
13745
13747
17448
18526
18528
18529
18530
12221
18539
18541
18543
18544
18531
18532
18533
12225
18538
18539
18540
12221
12222
12223
12227
17453
12223
13772
13773
13775
17454
18533
18535
18536
18537
12229
17455
18540
18542
18543
18544
12226
12228
17308
12226
12229
17335
17336
17340
18434
18435
18439
18539
18540
18544
12230
12252
17321
12228
12229
17311
12230
17312
17323
19119
12230
12255
19120
12256
17325
19121
18545
18546
18547
12236
13465
13466
13469
17329
18553
18555
18557
18558
12259
18552
18553
18554
12235
12236
17331
12237
17460
18547
18549
18550
18551
12237
12262
17333
17461
12263
17462
18554
18556
18557
18558
19155
19156
19158
12240
12243
13729
18517
12240
12244
13736
18545
12241
13731
13738
16873
16875
16878
12243
12244
13732
13739
12243
12244
18519
18547
13734
18521
13741
18549
12247
12250
13757
18531
12247
12251
13730
15662
15665
15666
18238
18241
18242
12248
13759
15676
15679
15680
18251
18255
18256
12250
12251
13760
13771
12250
12251
13733
13772
18533
13762
13775
18535
13735
13776
12254
12256
13535
13536
13539
17335
17337
17339
17340
18559
18560
18561
12258
12273
13549
13550
13553
17342
18560
18562
18564
18565
12256
12257
17336
17338
17339
17340
12258
17344
17467
12258
12276
17468
18561
18563
18564
18565
19162
19163
19165
12277
17346
17469
18566
18567
18568
12261
12264
17350
12265
13785
13789
13790
17369
17706
17709
17711
18566
18569
18570
18571
12263
12264
17352
12265
17474
18568
18570
18571
18572
12265
17354
17372
17475
17373
17476
12268
12271
13737
15752
15754
15758
12268
12272
13785
18566
12269
13787
15767
15770
15771
12271
12272
13788
12271
12272
13740
18568
13742
13790
18570
12275
12277
13633
13634
13637
17356
17358
17360
17361
12275
12278
13813
13817
13818
17355
17358
17359
17360
17713
17716
17718
12279
17363
17383
12277
12278
17357
17359
17360
17361
12279
17365
17481
12279
17386
17482
17367
17387
17483
18573
18574
18576
12282
12285
17371
12286
12288
18576
18577
18578
18579
19084
12284
12285
17373
12286
12290
17488
18574
18575
18578
18579
12286
17375
17489
19087
12292
17490
19088
12289
12291
13814
13817
13819
17376
17378
17380
17381
18042
18045
18047
12289
12292
17379
17380
17381
17382
12293
17384
19091
12291
12292
17377
17378
17381
17382
12293
17386
17495
12293
17496
19094
17388
17497
19095
12296
12298
17392
12296
12299
17406
12300
12302
12308
19128
19129
19132
12298
12299
17395
17408
12300
12304
17396
12300
12311
17410
12306
12312
12303
12305
17399
12303
12306
19135
19136
19139
12307
12315
17412
12305
12306
17402
12307
17403
17414
12307
12318
12319
17416
12310
12312
13682
13683
13686
12310
12313
17420
12314
12316
13689
13690
13693
17432
12312
12313
17422
12314
12318
12314
17424
17435
12320
17436
12317
12319
19149
19150
19153
12317
12320
13724
13725
13728
12321
17426
17439
12319
12320
12321
17428
12321
17442
17430
17443
12324
12326
13745
13746
13749
17448
12324
12327
17462
19156
19157
19160
12328
12330
12336
13752
13753
13756
12326
12327
17451
17464
12328
12332
17452
12328
12339
17466
12334
12340
12331
12333
17455
12331
12334
13780
13781
13784
12335
12343
17468
19163
19164
19167
12333
12334
17458
12335
17459
17470
12335
12346
12347
17472
12338
12340
19170
19171
19174
12338
12341
17476
12342
12344
17488
12340
12341
17478
12342
12346
12342
17480
17491
12348
17492
12345
12347
12345
12348
12349
17482
17495
12347
12348
12349
17484
12349
17498
17486
17499
12354
12355
12356
13820
12354
12355
12504
13821
17572
12354
12356
12505
12355
12356
17573
12506
13824
13825
17574
12361
12362
12363
13848
12361
12362
12539
13849
17586
12361
12363
12365
12540
12362
12363
12367
17587
12541
13852
13853
17588
12370
12368
12369
12370
13960
12368
12370
12588
12368
12369
12589
13961
17054
12369
12370
17055
12590
13964
13965
17056
12375
12376
12377
14086
12375
12376
12630
14087
17635
12375
12377
12631
12376
12377
17636
12632
14090
14091
17637
12382
12383
12384
14149
12382
12383
12658
14150
17649
12382
12384
12386
12659
12383
12384
12388
17650
12660
14153
14154
17651
12391
12389
12390
12391
14226
12389
12391
12700
12389
12390
12701
14227
17110
12390
12391
17111
12702
14230
14231
17112
18580
18581
18582
12396
12397
17691
17964
12396
12398
17965
12397
12398
17692
17966
18582
18583
18584
18586
14835
14839
14840
15409
15413
15414
17693
18580
18583
18585
18586
15416
15420
15421
18581
18584
18585
18586
12401
12404
12421
15395
12401
12405
12422
15402
12402
12426
15399
15406
12404
12405
15400
15407
12404
12405
15401
15408
18587
18588
18589
12410
12411
17698
17999
12410
12412
13652
18000
12411
12412
13653
17699
18001
18589
18590
18591
18593
15444
15448
15450
15493
15497
15498
17700
18587
18590
18592
18593
13654
15500
15504
15505
18588
18591
18592
18593
12415
12418
12428
15479
12415
12419
12429
15486
12416
12433
15483
15490
12418
12419
15484
15491
12418
12419
15485
15492
12424
12425
12426
14345
14352
14359
12424
12426
14346
12425
12426
14353
12424
12425
14360
14349
14363
14356
14364
14351
14357
12431
12432
12433
14443
14450
14457
12431
12433
14444
12432
12433
14451
12431
12432
14458
14447
14461
14454
14462
14448
14455
12438
12439
12440
14492
14499
14506
12438
12440
12448
14493
12438
12439
14500
12439
12440
12449
14507
14496
14503
14504
14510
12450
14498
14512
12445
12446
12447
14597
14604
14611
12445
12447
12462
14598
12445
12446
14605
12446
12447
12463
14612
14601
14608
14609
14615
12464
14603
14617
12450
12454
15745
12450
12453
15752
12451
15749
15755
12453
12454
15750
15757
12453
12454
15758
15751
18594
18595
18596
12459
12460
17705
18013
12459
12461
13785
17706
12460
12461
13786
18014
15703
15707
15708
15759
15763
15764
17707
18594
18597
18598
18600
18015
18596
18597
18599
18600
13787
15766
15770
15772
18595
18598
18599
18600
12464
12467
15857
12464
12468
15864
12465
15860
15867
12467
12468
15862
15869
12467
12468
15863
15870
18601
18602
18603
12473
12474
17712
18041
12473
12475
13813
17713
12474
12475
13814
18042
15843
15847
15848
15871
15875
15876
17714
18601
18604
18605
18607
18043
18603
18604
18606
18607
13815
15878
15882
15883
18602
18605
18606
18607
12480
12481
12482
12483
16998
12480
12481
17000
19182
12480
12482
12485
12481
12482
19183
12487
17002
17004
19184
12489
15922
15923
15924
12487
12488
12489
17502
18120
18121
18122
12487
12488
12512
17504
12487
12489
12547
12488
12489
12514
12549
15943
15944
15945
17506
12516
17508
18127
18128
18129
12551
15950
15951
15952
12492
12495
12497
19259
12492
12496
17747
12493
12499
15913
15917
15918
17888
17891
17893
18616
18617
18621
12495
12496
12500
16998
12495
12496
17001
17748
19260
12502
17003
19261
17004
17750
12502
18258
18616
18618
18620
18621
12526
18608
18609
18610
18615
18616
18617
12502
12503
17502
18119
18120
18123
18617
18619
18620
18621
12502
12503
12529
17505
18259
17507
18260
12531
17508
18126
18127
18130
18610
18612
18613
18614
12506
12509
12506
12510
12560
15906
12507
15908
12509
12510
15909
12509
12510
12564
12566
15912
12515
12516
12517
12518
17005
18134
18135
18136
12515
12516
17007
12515
12517
12520
12516
12517
15971
15972
15974
12522
17009
17011
18141
18142
18144
12524
15978
15979
15980
12522
12523
12524
17509
12522
12523
17511
19196
12522
12524
12575
12523
12524
12577
19197
17513
17515
19198
12579
15999
16000
16001
12530
12532
18265
18630
18632
18634
18635
18622
18623
18624
12534
18629
18630
18631
12530
12531
12535
17005
18133
18134
18137
18631
18633
18634
18635
12530
12531
17008
18266
12537
17010
18267
17011
18140
18141
18145
18624
18626
18627
18628
12534
12537
18272
12534
12538
17754
12535
15018
15021
15023
15990
15994
15995
18630
18631
18635
12537
12538
17509
12537
12538
17512
17755
18273
17514
18274
17515
17757
12541
12544
12541
12545
12588
15983
12542
15985
12544
12545
15986
12544
12545
12592
12594
15989
12550
12551
12552
12553
16034
16035
16036
12550
12551
12550
12552
12554
12551
12552
16041
16042
16044
12557
16048
16049
16051
12558
16055
16056
16057
12557
12558
12559
17516
12557
12558
12582
12557
12559
17518
12558
12559
12584
17520
12586
17522
12562
12566
16004
12562
12565
16011
12563
16006
16013
12565
12566
16007
16014
12565
12566
16016
16009
12569
12572
15087
15091
15092
16012
16015
16017
17768
12569
12573
16704
12570
15095
15096
15100
16019
16022
16024
16908
16910
16913
12572
12573
17516
12572
12573
16705
17519
17769
17521
17771
16707
17522
12578
12579
12580
17523
12578
12579
12578
12580
17012
17524
12579
12580
17013
17527
16111
16112
16114
17014
17528
12585
12586
12587
17523
12585
12586
12585
12587
17525
12586
12587
17527
17529
12590
12594
16088
12590
12593
16095
12591
16090
16097
12593
12594
16091
16098
12593
12594
16100
16093
12597
12600
15115
15119
15120
16096
16099
16101
17775
12597
12601
16725
12598
15123
15124
15128
16103
16106
16108
16922
16924
16927
12600
12601
17523
12600
12601
16726
17526
17776
17528
17778
16728
17529
12606
12607
12608
12616
17019
12606
12607
17020
12606
12608
12617
12607
12608
12620
17023
17024
12621
12613
12614
12615
12616
17019
12613
12614
17021
17782
12613
12615
12618
12614
12615
17783
12620
17023
17025
17784
12622
16139
16140
16141
12620
12621
12622
16146
16147
16148
12620
12621
12638
12620
12622
12666
12621
12622
12640
12668
16153
16154
16155
12642
16160
16161
16162
12670
16167
16168
16169
12625
12628
16732
12625
12629
14779
14783
14784
16117
16120
16122
17789
12626
14787
14788
14792
16130
16134
16135
16935
16938
16941
12628
12629
17019
12628
12629
16733
17022
17790
16735
17024
17025
17792
12632
12635
16116
12632
12636
12672
16123
12633
16118
16125
12635
12636
16119
16126
12635
12636
12676
16121
12678
16129
12641
12642
12643
12644
16174
16175
16176
12641
12642
12641
12643
12646
12642
12643
16181
16182
16184
12648
16188
16189
16191
12650
16195
16196
16197
12648
12649
12650
17530
12648
12649
17532
17796
12648
12650
12694
12649
12650
12696
17797
17534
17536
17798
12698
16223
16224
16225
12653
12656
16753
12653
12657
15143
15147
15149
16201
16204
16206
17803
12654
15151
15152
15156
16214
16218
16219
16949
16952
16955
12656
12657
17530
12656
12657
16754
17533
17804
16756
17535
17536
17806
12660
12663
16200
12660
12664
12700
16207
12661
16202
16209
12663
12664
16203
16210
12663
12664
12704
16205
12706
16213
12669
12670
12671
17544
18148
18149
18150
12669
12670
12669
12671
17545
12670
12671
16265
16266
16268
17548
16272
16273
16275
17549
18155
18156
18157
12674
12678
16228
12674
12677
12675
16230
12677
12678
16231
12677
12678
16233
12681
12684
17810
12681
12685
12687
19266
12682
12688
16236
16239
16241
18091
18094
18096
18644
18645
18649
12684
12685
12689
17537
12684
12685
17540
17811
19267
17542
17813
12692
17543
19268
12707
18636
18637
18638
12692
18279
18644
18646
18648
18649
18643
18644
18645
12691
12692
17544
18147
18149
18152
18645
18647
18648
18649
12691
12692
12711
17547
18280
12712
17549
18154
18155
18158
18638
18640
18641
18642
17550
18281
12697
12698
12699
17558
12697
12698
12697
12699
17559
18902
12698
12699
18903
17562
16321
16322
16324
17563
18904
12702
12706
16305
12702
12705
12703
16307
12705
12706
16308
12705
12706
16310
18650
18651
18652
12713
12715
18286
18658
18660
18662
18663
12716
18657
18658
18659
12712
12713
12717
17551
18161
18163
18166
18659
18661
18662
18663
12712
12713
17554
18287
17556
18168
18169
18173
18652
18654
18655
18656
12720
17557
18288
12716
12719
17817
12716
12720
18293
12717
15277
15280
15282
16313
16316
16318
18658
18659
18663
12719
12720
17558
12719
12720
17561
17818
18294
17563
17820
17564
18295
12723
12726
17747
12723
12727
12735
19273
12724
12737
16333
16337
16338
17895
17898
17900
12726
12727
12738
17040
12726
12727
17041
17749
19274
17044
17751
12740
17045
19275
12732
12733
12734
12738
12742
17040
12732
12733
17043
12732
12734
12739
12733
12734
12744
12740
17045
12746
17046
12741
12748
12737
12740
18300
12737
12741
13148
14968
14972
14974
16348
16351
16352
12738
14976
14979
14981
16355
16358
16360
12740
12741
12740
12741
13152
18301
18302
13153
12746
12747
12748
17565
12746
12747
12792
17568
12746
12748
13156
12747
12748
12793
13157
17570
12795
17571
13159
12751
12754
12798
16340
12751
12755
13162
16347
12752
16342
16349
12754
12755
16343
16350
12754
12755
12802
13166
12803
16346
13167
16353
12758
12761
18307
12758
12762
15059
15063
15065
16383
16386
16387
12759
15067
15070
15072
16390
16393
16395
12761
12762
12763
12761
12762
12765
18308
12767
18309
12769
12767
12768
12769
12777
17579
12767
12768
17582
12767
12769
13184
12768
12769
12779
13185
17584
12781
17585
12783
13187
12772
12775
12840
16375
12772
12776
13190
16382
12773
16377
16384
12775
12776
16378
16385
12775
12776
12844
13194
12846
16381
13196
16388
12781
12782
12783
17593
12781
12782
12848
17596
12781
12783
13198
12782
12783
12849
13199
17598
12851
17599
13201
12786
12789
15088
15091
15093
17768
18175
18178
18180
12786
12790
12812
18314
12787
12814
15102
15103
15107
16403
16407
16408
18671
18674
18677
12789
12790
12815
17607
12789
12790
17609
17770
18315
17611
17772
12817
17613
18317
12795
12796
12797
12805
17047
12795
12796
17050
12795
12797
12796
12797
12807
17052
12809
17053
12811
12800
12803
16410
12800
12804
13218
16417
12801
16412
16419
12803
12804
16413
16420
12803
12804
13222
16415
13223
16423
12809
12810
12811
12815
17607
12809
12810
17610
12809
12811
13226
12810
12811
12816
13227
17612
12817
17613
12818
13229
12817
18321
18671
18673
18676
18677
13232
18664
18665
18667
18671
18672
18674
12817
12818
18674
18675
18676
18677
12817
12818
13236
18322
18324
13237
18667
18668
18669
18670
12823
12824
12825
12826
12823
12824
16011
18174
12823
12825
15087
16012
12824
12825
12828
15088
18175
16013
12830
18176
12831
15089
12830
12831
12832
12831
12832
15101
12830
12831
15102
16403
12830
12832
16404
16405
15104
12835
12838
15116
15119
15121
17775
17902
17905
17907
12835
12839
12854
17068
12836
12856
14765
14769
14770
15130
15131
15135
18685
18688
18691
12838
12839
12857
17621
12838
12839
17069
17623
17777
17625
17779
12859
17071
17627
12842
12846
16431
12842
12845
16438
12843
16433
16440
12845
12846
16434
16441
12845
12846
16443
16437
12851
12852
12853
12861
17614
12851
12852
17617
12851
12853
13282
12852
12853
12863
13283
17619
12865
17620
12867
13285
12859
18328
18685
18687
18690
18691
13288
18678
18679
18681
18685
18686
18688
12859
12860
12861
18688
18689
18690
18691
12859
12860
12864
13292
18329
12866
18331
12867
13293
18681
18682
18683
18684
12865
12866
12867
17621
12865
12866
17624
12865
12867
13296
12866
12867
13297
17626
17627
13299
12870
12873
16711
12870
12874
12882
12871
12884
12873
12874
12885
12873
12874
16713
16715
12887
12877
12880
18321
12877
12881
12883
12878
12884
12880
12881
12885
12880
12881
18323
18325
12888
12884
12887
12896
12884
12888
13330
12885
12887
12888
12887
12888
12900
13334
12901
13335
12891
12894
16725
12891
12895
12903
17068
12892
12905
12894
12895
12906
12894
12895
16727
17070
16729
12908
17072
12898
12901
12898
12902
12904
12899
12905
12901
12902
12906
12901
12902
12909
12905
12908
18328
12905
12909
13351
12906
12908
12909
12908
12909
13355
18330
18332
13356
12912
12915
12917
16732
12912
12916
12924
18335
12913
12919
12926
12915
12916
12920
12927
12915
12916
16734
18336
12922
16736
12929
18338
12919
12922
16739
12919
12923
12931
12939
12920
12933
12922
12923
12934
12922
12923
12942
16741
16743
12936
12944
12926
12929
18342
12926
12930
12932
13372
12927
12933
12929
12930
12934
12929
12930
13376
18343
18345
12937
13377
12933
12936
12952
12933
12937
13379
12934
12936
12937
12936
12937
12956
13383
12957
13384
12940
12943
12945
16746
12940
12944
12952
12941
12947
12954
12943
12944
12948
12955
12943
12944
16748
12950
16750
12957
12947
12950
16753
12947
12951
12959
18349
12948
12961
12950
12951
12962
12950
12951
16755
18350
16757
12964
18352
12954
12957
12954
12958
12960
13400
12955
12961
12957
12958
12962
12957
12958
13404
12965
13405
12961
12964
18356
12961
12965
13407
12962
12964
12965
12964
12965
13411
18357
18359
13412
12968
12971
14780
14783
14785
17789
18182
18185
18187
12968
12972
12980
18335
12969
12982
14794
14795
14799
16459
16463
16464
18699
18702
18705
12971
12972
12983
17096
12971
12972
17097
17791
18337
17100
17793
12985
17101
18339
12977
12978
12979
12983
12987
17096
12977
12978
17099
12977
12979
12984
12978
12979
12989
12985
17101
12991
17102
12986
12993
12985
18342
18699
18701
18704
18705
13428
18692
18693
18695
18699
18700
18702
12985
12986
18702
18703
18704
18705
12985
12986
13432
18344
18346
13433
18695
18696
18697
18698
12991
12992
12993
17628
12991
12992
13065
17631
12991
12993
13436
12992
12993
13066
13437
17633
13068
17634
13439
12996
12999
13071
16466
12996
13000
13442
16473
12997
16468
16475
12999
13000
16469
16476
12999
13000
13075
13446
13076
16472
13447
16479
13005
13006
13007
13015
13022
13005
13006
13016
15136
13005
13007
15137
16802
13006
13007
13023
16803
13020
15139
13021
13027
13028
16805
13012
13013
13014
13015
13022
13012
13013
14066
16942
13012
13014
13018
16943
13013
13014
13024
14068
13019
16944
13026
14070
13021
13027
13019
13020
13021
13020
13021
15150
13019
13020
15151
16949
13019
13021
16950
16951
15153
13026
13027
13028
13027
13028
13026
13027
14081
13026
13028
14082
14083
13034
18356
18713
18715
18718
18719
18706
18707
18709
18713
18714
18716
13034
13035
13036
18716
18717
18718
18719
13034
13035
13038
18358
13040
18360
13042
18709
18710
18711
18712
13040
13041
13042
13050
17642
13040
13041
17645
13040
13042
13506
13041
13042
13052
13507
17647
13054
17648
13056
13509
13045
13048
13120
16501
13045
13049
13512
16508
13046
16503
16510
13048
13049
16504
16511
13048
13049
13124
13516
13126
16507
13518
16514
13054
13055
13056
17656
13054
13055
13128
17659
13054
13056
13520
13055
13056
13129
13521
17661
13131
17662
13523
13059
13062
17810
13059
13063
13085
19287
13060
13087
16529
16533
16534
18098
18101
18103
13062
13063
13088
17670
13062
13063
17672
17812
19288
17674
17814
13090
17676
19289
13068
13069
13070
13078
17103
13068
13069
17106
13068
13070
13069
13070
13080
17108
13082
17109
13084
13073
13076
16536
13073
13077
13554
16543
13074
16538
16545
13076
13077
16539
16546
13076
13077
13558
16541
13559
16549
13082
13083
13084
13088
17670
13082
13083
17673
13082
13084
13562
13083
13084
13089
13563
17675
13090
17676
13091
13565
13087
13090
18363
13087
13091
13568
15199
15203
15205
16544
16547
16548
13088
15207
15210
15212
16551
16554
16556
13090
13091
13090
13091
13572
18364
18365
13573
13096
13097
13098
13099
13106
13096
13097
13096
13098
13102
13097
13098
13108
13103
13110
13105
13111
13103
13104
13105
13104
13105
18090
13103
13104
16235
13103
13105
16236
18091
16237
18092
13110
13111
13112
13111
13112
18097
13110
13111
16529
18098
13110
13112
16530
16531
18099
13115
13118
17817
13115
13119
13134
18972
13116
13136
14807
14811
14812
18112
18115
18117
13118
13119
13137
17684
13118
13119
17686
17819
18973
17688
17821
13139
17690
18974
13122
13126
16557
13122
13125
16564
13123
16559
16566
13125
13126
16560
16567
13125
13126
16569
16563
13131
13132
13133
13141
17677
13131
13132
17680
13131
13133
13604
13132
13133
13143
13605
17682
13145
17683
13147
13607
13136
13139
18370
13136
13140
13610
15318
15322
15324
16565
16568
16570
13137
15326
15329
15331
16572
16575
16577
13139
13140
13141
13139
13140
13144
13614
18371
13146
18372
13147
13615
13145
13146
13147
17684
13145
13146
17687
13145
13147
13618
13146
13147
13619
17689
17690
13621
13150
13153
14822
14825
14827
16579
16582
16584
13150
13154
17691
18377
13151
14836
14839
14841
16592
16596
16597
17693
13153
13154
17694
13153
13154
18378
17696
18379
13159
13160
13161
13169
13159
13160
13159
13161
13160
13161
13170
13173
13174
13164
13167
16578
13164
13168
13219
16585
13165
16580
16587
13167
13168
16581
16588
13167
13168
13222
16583
13224
16591
13173
13174
13175
13179
13173
13174
13240
13173
13175
13174
13175
13180
13241
13181
13243
13182
13178
13181
13246
15395
15396
15401
16586
16589
16590
13178
13182
17692
18468
13179
15410
15413
15415
16593
16596
16598
17693
13181
13182
17694
13181
13182
13250
18469
13251
17697
18471
13187
13188
13189
13197
13187
13188
13187
13189
13198
13188
13189
13201
13202
13192
13196
16599
13192
13195
16606
13193
16601
16608
13195
13196
16602
16609
13195
13196
16611
16605
13201
13202
13203
13211
13201
13202
13201
13203
13282
13202
13203
13212
13284
13215
13216
13286
13206
13209
13302
15479
15480
15485
16607
16610
16612
13206
13210
17699
18475
13207
15494
15497
15499
16614
16617
16619
17700
13209
13210
13211
17701
13209
13210
13214
13306
18476
13216
13307
13217
17704
18478
13215
13216
13217
13215
13216
13310
13215
13217
13216
13217
13311
13313
13220
13223
16620
13220
13224
16627
13221
16622
16629
13223
13224
16623
16630
13223
13224
16625
16632
13229
13230
13231
13235
13253
13229
13230
13229
13231
13236
13230
13231
13254
13237
13257
13238
13258
18720
18721
18723
13234
13238
13260
18391
13235
13262
14340
14341
14342
16634
16638
16639
18721
18722
18724
18725
13237
13238
13263
13237
13238
18392
18723
18724
18725
18726
13265
18394
13243
13244
13245
13249
13253
13243
13244
13243
13245
13250
13244
13245
13255
13251
13257
13252
13259
13251
14346
14348
14349
16628
16631
16633
18727
18729
18731
18732
13252
13261
14360
14361
14363
18482
18728
18729
18732
18733
13262
18727
18728
18730
13251
13252
13263
18730
18731
18732
18733
13251
13252
18483
13266
18485
13257
13258
13259
13263
13257
13258
13257
13259
13258
13259
13264
13265
13266
13262
13265
18398
13262
13266
18489
13263
16824
16825
16829
18728
18730
18733
13265
13266
13265
13266
18399
18490
18401
18492
13271
13272
13273
13272
13273
14339
14367
13271
13272
14340
16634
13271
13273
14368
16635
16636
14343
14371
13278
13279
13280
13278
13279
14010
14311
13278
13280
14012
13279
13280
14313
14013
14314
13285
13286
13287
13295
13309
13285
13286
13285
13287
13296
13286
13287
13310
13299
13313
13300
13314
18734
18735
18737
13290
13294
13316
17166
13291
13318
14424
14425
14426
14884
14888
14889
18735
18736
18738
18739
13293
13294
13295
13319
13293
13294
13297
17167
13299
18737
18738
18739
18740
13301
13321
17169
13299
13300
13301
13323
13299
13300
13299
13301
13300
13301
13324
13327
13328
13307
14444
14446
14447
14878
14881
14883
18741
18743
18745
18746
13308
13317
14458
14459
14461
17271
18742
18743
18746
18747
13318
18741
18742
18744
13307
13308
13309
13319
18744
18745
18746
18747
13307
13308
13311
17272
13313
13315
13322
17274
13313
13314
13315
13323
13313
13314
13313
13315
13314
13315
13325
13327
13329
13318
13321
18405
13318
13322
18496
13319
16845
16846
16850
18742
18744
18747
13321
13322
13323
13321
13322
13326
18406
18497
13328
18408
13329
18499
13327
13328
13329
13327
13328
13327
13329
13328
13329
13332
13335
13332
13336
13344
13333
13346
13335
13336
13347
13335
13336
13349
13339
13342
18398
13339
13343
13345
17292
13340
13346
13342
13343
13347
13342
13343
17293
18400
18402
13350
17295
13346
13349
13358
13346
13350
18503
13347
13349
13350
13349
13350
13362
18504
13363
18506
13353
13356
13353
13357
13365
17166
13354
13367
13356
13357
13368
13356
13357
17168
13370
17170
13360
13363
13360
13364
13366
17299
13361
13367
13363
13364
13368
13363
13364
17300
13371
17302
13367
13370
18405
13367
13371
18510
13368
13370
13371
13370
13371
18407
18511
18409
18513
13374
13377
13379
13374
13378
13386
18412
13375
13381
13388
13377
13378
13382
13389
13377
13378
18413
13384
13391
18415
13381
13384
13381
13385
13393
13401
13382
13395
13384
13385
13396
13384
13385
13404
13398
13406
13388
13391
18419
13388
13392
13394
18517
13389
13395
13391
13392
13396
13391
13392
18420
18518
18422
13399
18520
13395
13398
13414
13395
13399
18524
13396
13398
13399
13398
13399
13418
18525
13419
18527
13402
13405
13407
13402
13406
13414
13403
13409
13416
13405
13406
13410
13417
13405
13406
13412
13419
13409
13412
13409
13413
13421
18426
13410
13423
13412
13413
13424
13412
13413
18427
13426
18429
13416
13419
13416
13420
13422
18531
13417
13423
13419
13420
13424
13419
13420
18532
13427
18534
13423
13426
18433
13423
13427
18538
13424
13426
13427
13426
13427
18434
18539
18436
18541
18748
18749
18751
13430
13434
13456
18412
13431
13458
13500
13501
13502
16655
16659
16660
18749
18750
18752
18753
13433
13434
13459
13433
13434
18414
18751
18752
18753
18754
13461
18416
13439
13440
13441
13463
13439
13440
13439
13441
13440
13441
13464
13467
13468
13444
13447
16641
13444
13448
13555
16648
13445
16643
16650
13447
13448
16644
16651
13447
13448
13558
16646
13560
16654
13453
13454
13455
13459
13463
13453
13454
13453
13455
13460
13454
13455
13465
13461
13467
13462
13469
13458
13461
18419
13458
13462
13471
18545
13459
13472
16866
16867
16871
18756
18758
18761
13461
13462
13473
13461
13462
18421
18546
18423
13476
18548
13467
13468
13469
13473
13467
13468
13576
13467
13469
13468
13469
13474
13577
13475
13579
13476
13475
13582
14493
14494
14496
16649
16652
16653
18755
18757
18759
18760
13476
14500
14501
14503
18552
18756
18757
18760
18761
18755
18756
18758
13475
13476
18758
18759
18760
18761
13475
13476
13586
18553
13587
18555
13481
13482
13483
13491
13498
13481
13482
13492
15605
13481
13483
15606
16858
13482
13483
13499
16859
13496
15608
13497
13503
13504
16861
13488
13489
13490
13491
13498
13488
13489
14108
18748
13489
13490
13494
14110
13488
13490
13500
18749
13502
18750
13495
14112
13497
13503
13495
13496
13497
13496
13497
15612
13495
13496
14123
15613
13495
13497
14124
14125
15615
13502
13503
13504
13503
13504
14479
16865
13502
13503
14480
13502
13504
16866
14483
16868
13509
13510
13511
13519
13533
13509
13510
13509
13511
13520
13510
13511
13534
13523
13537
13524
13538
13514
13518
16662
13514
13517
16669
13515
16664
16671
13517
13518
16665
16672
13517
13518
16674
16668
13523
13524
13525
13547
13523
13524
13523
13525
13604
13524
13525
13548
13606
13551
13552
13608
13528
13531
18433
13528
13532
13541
17334
13529
13542
16887
16888
16892
18763
18765
18768
13531
13532
13533
13543
13531
13532
13535
17335
18435
13537
18437
13539
13546
17337
13537
13538
13539
13547
13537
13538
13537
13539
13538
13539
13549
13551
13553
13545
13624
14598
14599
14601
16670
16673
16675
18762
18764
18766
18767
13546
14605
14606
14608
18559
18763
18764
18767
18768
18762
18763
18765
13545
13546
13547
18765
18766
18767
18768
13545
13546
13550
13628
18560
13552
13629
13553
18562
13551
13552
13553
13551
13552
13632
13551
13553
13552
13553
13633
13635
13556
13559
16683
13556
13560
16690
13557
16685
16692
13559
13560
16686
16693
13559
13560
16688
16695
13565
13566
13567
13571
13565
13566
13565
13567
13572
13566
13567
13573
13574
13570
13573
15690
15693
15695
16684
16687
16689
13570
13574
17705
18447
13571
15704
15707
15709
16697
16701
16702
17707
13573
13574
17708
13573
13574
18448
17710
18449
13579
13580
13581
13585
13579
13580
13579
13581
13586
13580
13581
13587
13588
13584
13587
15745
15747
15751
16691
16694
16696
13584
13588
17706
18566
13585
15760
15763
15765
16698
16701
16703
17707
13587
13588
17708
13587
13588
18567
17711
18569
13593
13594
13595
13594
13595
15703
15759
13593
13594
15704
16697
13593
13595
15760
16698
16699
15705
15761
13600
13601
13602
19717
13601
13602
15808
13600
13601
13600
13602
15809
19830
15810
13607
13608
13609
13617
13631
13607
13608
13607
13609
13618
13608
13609
13632
13621
13635
13622
13636
13612
13615
14913
14916
14918
15830
15833
15835
13612
13616
17215
17712
13613
14926
14930
14931
15844
15847
15849
17714
13615
13616
13617
17715
13615
13616
13619
17216
13621
13623
17217
17717
13621
13622
13623
13621
13622
13621
13623
13622
13623
13626
13629
14920
14923
14925
15857
15859
15863
13626
13630
17355
17713
13627
14927
14930
14932
15872
15875
15877
17714
13629
13630
13631
17715
13629
13630
13633
17356
13635
13637
17358
17718
13635
13636
13637
13635
13636
13635
13637
13636
13637
13640
13643
18454
13640
13644
15375
15378
15380
13641
13643
13644
13643
13644
18455
18456
13647
13650
18468
13647
13651
15402
15404
15408
13648
15417
15420
15422
13650
13651
13650
13651
18470
18472
13654
13657
13654
13658
13659
13655
13661
13657
13658
13662
13657
13658
13664
13661
13664
18475
13661
13665
13694
15486
15488
15492
13662
15501
15504
15506
13664
13665
13664
13665
13698
18477
18479
13699
13668
13671
18489
13668
13672
13674
17292
13669
13675
16831
16833
16836
13671
13672
13676
13671
13672
17294
18491
18493
13679
17296
13675
13678
13701
15536
15539
15541
18203
18206
18208
13675
13679
18503
13676
15550
15553
15555
18210
18213
18215
13678
13679
13687
13678
13679
13688
13705
18505
13691
13706
13692
18507
13684
13685
13686
13687
19140
13684
13685
13716
19127
13684
13686
19129
19142
13685
13686
13689
13718
19131
19144
13691
13720
13693
19146
13691
13692
13693
13691
13692
13723
13691
13693
13724
13692
13693
13726
13696
13699
14451
14453
14454
18049
18052
18054
13696
13700
13708
14458
14460
14462
17271
13697
13710
14473
14474
14475
18062
18066
18067
13699
13700
13711
19147
13699
13700
17273
19148
19151
13713
17275
19152
13703
13706
15585
15588
15590
18056
18059
18061
13703
13707
13709
17299
13704
13710
15599
15602
15604
18063
18066
18068
13706
13707
13711
13722
13706
13707
13723
17301
13726
13714
13727
17303
13710
13713
18496
13710
13714
18510
13711
16852
16854
16857
13713
13714
13713
13714
18498
18512
18500
18514
13719
13720
13721
13722
19147
13719
13720
19134
13719
13721
19136
19149
13720
13721
13724
19138
19151
13726
13728
19153
13726
13727
13728
13726
13727
13726
13728
13727
13728
13731
13734
18524
13731
13735
15634
15637
15639
18217
18220
18221
13732
15648
15651
15653
18230
18234
18235
13734
13735
13743
13734
13735
13744
18526
13747
18528
13748
13738
13741
14500
14502
14504
18552
13738
13742
14507
14509
14510
18224
18227
18228
13739
14522
14523
14524
18231
18234
18236
13741
13742
19154
13741
13742
18554
19155
18556
19158
19159
13747
13748
13749
13750
13747
13748
13772
13747
13749
13748
13749
13752
13774
13754
13776
13756
13754
13755
13756
19154
13754
13755
13779
19169
13754
13756
13780
13755
13756
19157
19170
13782
19159
19172
19160
13759
13762
18538
13759
13763
13764
17334
13760
13766
16894
16896
16899
13762
13763
13767
13762
13763
17336
18540
18542
13769
17338
13766
13769
14605
14607
14609
18559
13766
13770
13799
14612
14614
14615
18245
18248
18250
13767
14627
14628
14629
18252
18255
18257
13769
13770
19161
13769
13770
13803
18561
19162
18563
19165
13804
19166
13775
13776
13777
13778
13775
13776
13775
13777
13776
13777
13780
13782
13784
13782
13783
13784
19161
13782
13783
19176
13782
13784
13783
13784
19164
19177
19166
19179
19167
13787
13790
13787
13791
13793
13788
13794
13790
13791
13795
13790
13791
13798
13794
13797
13806
15781
15784
15786
13794
13798
18573
13795
13797
13798
13797
13798
13810
18574
13811
18575
13801
13804
15864
15866
15870
13801
13805
13813
17355
13802
13815
15879
15882
15884
13804
13805
13816
13804
13805
17357
13818
17359
13808
13811
15893
15896
15898
13808
13812
13814
17376
13809
13815
13811
13812
13816
13811
13812
17377
13819
17378
13815
13818
13815
13819
13816
13818
13819
13818
13819
13824
13825
13826
13827
13834
13824
13825
13824
13826
13829
13825
13826
13836
13831
13838
13832
13839
13831
13832
13833
13832
13833
17887
13831
13832
15913
17888
13831
13833
15914
15915
17889
13838
13839
13840
13839
13840
17894
13838
13839
16333
17895
13838
13840
16334
16335
17896
13845
13846
13847
13845
13846
15003
13845
13847
13871
13846
13847
13872
15004
15005
13873
13852
13853
13854
13855
13862
13852
13853
13852
13854
13857
13853
13854
13864
13859
13866
13860
13867
13859
13860
13861
13860
13861
15017
13859
13860
15018
15990
13859
13861
15991
15992
15019
13866
13867
13868
13867
13868
18076
13866
13867
16368
18077
13866
13868
16369
16370
18078
13873
13874
13875
13874
13875
15038
13873
13874
13873
13875
15039
15040
13880
13881
13882
13890
13897
13880
13881
13891
15080
13880
13882
13898
16760
13881
13882
15082
16761
13895
13901
13896
15084
13902
16763
13887
13888
13889
13890
13897
13887
13889
13982
16900
13887
13888
13892
16901
13888
13889
13899
13984
13894
16902
13895
13901
13903
13987
13894
13895
13896
13895
13896
15094
13894
13895
16907
13894
13896
15096
16908
16909
15098
13901
13902
13903
13901
13902
13901
13903
13997
13902
13903
13998
14000
13908
13909
13910
13918
13908
13910
14003
13908
13909
13909
13910
13920
14005
13922
13924
14008
13915
13916
13917
13918
13925
13916
13917
14010
14311
13915
13916
13921
14011
13915
13917
13928
14312
13923
13930
13924
14014
13931
14315
13922
13923
13924
13922
13923
13922
13924
14018
13923
13924
14019
14021
13929
13930
13931
13929
13930
16767
13929
13931
13930
13931
16768
16770
13936
13937
13938
13946
13953
13936
13937
13947
15081
13936
13938
15082
16761
13937
13938
13954
16762
13951
15085
13952
13957
13958
16765
13943
13944
13945
13946
13953
13943
13945
14325
18664
13943
13944
13949
18665
13944
13945
13955
14326
13950
18666
13952
13957
13959
14330
13950
13951
13952
13951
13952
15101
13950
13951
15103
18671
13950
13952
18672
18673
15105
13957
13958
13959
13957
13958
16767
13957
13959
14333
13958
13959
14334
16769
16771
14336
13964
13965
13966
13967
13964
13965
16095
17901
13964
13966
15115
16096
13965
13966
13969
15116
17902
16097
13971
17903
13972
15117
13971
13972
13973
13972
13973
15129
13971
13972
14765
15130
13971
13973
14766
14767
15132
13978
13979
13980
13988
13995
13978
13979
13989
15108
13978
13980
13996
16774
13979
13980
15110
16775
13993
13999
13994
15112
14001
16777
13985
13986
13987
13988
13995
13985
13987
16914
13985
13986
13990
16915
13986
13987
13997
13992
16916
13993
13999
14000
13992
13993
13994
13993
13994
15122
13992
13993
16921
13992
13994
15124
16922
16923
15126
13999
14000
14001
13999
14001
13999
14000
14000
14001
14006
14007
14008
14016
14007
14008
14006
14007
14006
14008
14018
14020
14021
14013
14014
14015
14016
14023
14013
14014
14014
14015
14019
14013
14015
14026
14027
14021
14022
14029
14020
14021
14022
14020
14022
14020
14021
14021
14022
14027
14028
14029
14028
14029
16781
14027
14028
14027
14029
16782
16784
14034
14035
14036
14044
14051
14034
14035
14045
15109
14034
14036
15110
16775
14035
14036
14052
16776
14049
15113
14050
14055
14056
16779
14041
14042
14043
14044
14051
14041
14043
14409
18678
14041
14042
14047
18679
14042
14043
14053
14410
14048
18680
14050
14055
14057
14413
14048
14049
14050
14049
14050
15129
14048
14049
15131
18685
14048
14050
18686
18687
15133
14055
14056
14057
14055
14056
16781
14055
14057
14417
14056
14057
14418
16783
16785
14419
14062
14063
14064
14072
14079
14062
14063
14073
14772
14062
14064
14773
16788
14063
14064
14080
16789
14077
14775
14078
14084
14085
16791
14069
14070
14071
14072
14079
14069
14070
16928
14069
14071
14075
16929
14070
14071
14081
14076
16930
14083
14078
14084
14076
14077
14078
14077
14078
14786
14076
14077
14787
16935
14076
14078
16936
16937
14789
14083
14084
14085
14084
14085
14083
14084
14083
14085
14090
14091
14092
14093
14090
14091
16116
18181
14090
14092
14779
16117
14091
14092
14095
14780
18182
16118
14097
18183
14098
14781
14097
14098
14099
14098
14099
14793
14097
14098
14794
16459
14097
14099
16460
16461
14796
14104
14105
14106
14114
14121
14104
14105
14773
16788
14104
14106
14115
14774
14105
14106
14122
16790
14119
14777
14126
16792
14120
14127
14111
14112
14113
14114
14121
14111
14112
18692
14111
14113
14117
18693
14112
14113
14124
14118
18694
14125
14120
14127
14118
14119
14120
14119
14120
14793
14118
14119
14795
18699
14118
14120
18700
18701
14797
14125
14126
14127
14126
14127
16795
14125
14126
16796
14125
14127
16798
14132
14133
14134
14135
14133
14134
14192
14132
14133
14137
14193
14132
14134
14139
14141
14195
14139
14140
14141
17740
14139
14140
14139
14141
14207
14140
14141
14208
17742
17744
14209
17745
14146
14147
14148
17740
14146
14147
16795
14146
14148
16797
17743
14147
14148
16799
17744
17746
14153
14154
14155
14156
14153
14154
16200
18188
14153
14155
15143
16201
14154
14155
14158
15144
18189
16202
14160
18190
14161
15145
14160
14161
14162
14161
14162
15157
14160
14161
15158
16494
14160
14162
16495
16496
15160
14167
14168
14169
14177
14184
14167
14168
15137
16802
14167
14169
14178
15138
14168
14169
14185
16804
14182
15141
14188
16806
14183
14189
14174
14175
14176
14177
14184
14174
14176
14549
18706
14174
14175
14180
18707
14175
14176
14187
14550
14181
18708
14183
14189
14190
14553
14181
14182
14183
14182
14183
15157
14181
14182
15159
18713
14181
14183
18714
18715
15161
14188
14189
14190
14188
14189
16809
14188
14190
14557
16810
14189
14190
14558
16812
14560
14195
14196
14197
14205
14195
14197
14195
14196
14207
14196
14197
14209
14210
14202
14203
14204
14205
14212
14202
14204
14570
17741
14202
14203
14208
17742
14203
14204
14214
14571
14209
17745
14211
14216
14218
14574
14209
14210
14211
14210
14211
14209
14210
14209
14211
14216
14217
14218
14216
14217
16809
14216
14218
16811
14217
14218
16813
14223
14224
14225
14223
14224
15234
14223
14225
14249
14224
14225
14250
15235
15236
14252
14230
14231
14232
14233
14240
14230
14231
14230
14232
14236
14231
14232
14242
14237
14244
14239
14245
14237
14238
14239
14238
14239
15276
14237
14238
16312
14237
14239
15277
16313
16314
15278
14244
14245
14246
14245
14246
18111
14244
14245
14807
18112
14244
14246
14808
14809
18113
14251
14252
14253
14251
14253
15297
14251
14252
14252
14253
15298
15299
14258
14259
14260
14259
14260
14835
15409
14258
14259
14836
16592
14258
14260
15410
16593
16594
14837
15411
14265
14266
14267
19783
14266
14267
15353
14265
14266
15354
14265
14267
15355
19839
14272
14273
14274
14275
14272
14274
14297
14273
14274
14298
15374
14272
14273
14277
15375
14279
14280
15376
14301
14279
14280
14281
14280
14281
15416
14279
14280
14279
14281
15417
15418
14286
14287
14288
19787
14286
14288
14856
14286
14287
14857
14287
14288
14858
19840
14293
14294
14295
14294
14295
15444
15493
14293
14294
15445
16613
14293
14295
15494
16614
16615
15446
15495
14300
14301
14302
14303
14300
14301
14301
14302
15458
14300
14302
14305
15459
14307
14308
15460
14307
14308
14309
14308
14309
15500
14307
14308
14307
14309
15501
15502
14314
14315
14316
14314
14315
14315
14316
14314
14316
14321
14322
14323
14331
14338
14321
14322
14332
15507
14321
14323
14339
16816
14322
14323
15509
16817
14335
14343
14337
15511
14344
16819
14328
14329
14330
14331
14338
14328
14330
18720
14329
14330
14333
14328
14329
14340
18721
14342
18722
14335
14343
14336
14335
14336
14337
14335
14337
15514
14335
14336
14336
14337
15516
15518
14342
14343
14344
14343
14344
16823
14342
14343
14342
14344
16824
16826
14349
14350
14351
14366
14349
14351
15395
14350
14351
15397
14349
14350
14368
14370
14371
15399
14356
14357
14358
14373
14356
14357
15402
14357
14358
15403
14356
14358
14375
14377
15406
14378
14363
14364
14365
14366
14373
14363
14364
14363
14365
14369
14364
14365
14376
14370
14377
14372
14379
14370
14371
14372
14371
14372
16823
14370
14371
18727
14370
14372
16825
18728
18729
16827
14377
14378
14379
14378
14379
14388
16830
14377
14378
14389
14377
14379
16831
14392
16832
14384
14385
14386
14387
14384
14386
14430
18202
14385
14386
14431
15535
14384
14385
14390
15536
18203
14391
18204
14393
15537
14434
14391
14392
14393
14392
14393
15549
14391
14392
18209
14391
14393
15550
18210
18211
15551
14398
14399
14400
14399
14400
14423
14465
14398
14399
14424
14884
14398
14400
14466
14885
14886
14427
14469
14405
14406
14407
14415
14422
14405
14406
14416
15556
14405
14407
14423
16837
14406
14407
15558
16838
14420
14427
14421
15560
14428
16840
14412
14413
14414
14415
14422
14412
14413
18734
14413
14414
14417
14412
14414
14424
18735
14426
18736
14419
14420
14427
14419
14420
14421
14420
14421
15563
14419
14420
14419
14421
15565
15567
14426
14427
14428
14427
14428
16844
14426
14427
14426
14428
16845
16847
14433
14434
14435
14436
14433
14434
18055
14434
14435
15584
14433
14435
14439
15585
18056
14440
18057
14442
15586
14440
14441
14442
14441
14442
14472
15598
14440
14441
14473
18062
14440
14442
15599
18063
18064
14476
15600
14447
14448
14449
14464
14447
14448
15479
14448
14449
15481
14447
14449
14466
14468
15483
14469
14454
14455
14456
14471
14454
14455
15486
14455
14456
15487
14454
14456
14473
14475
15490
14476
14461
14462
14463
14464
14471
14461
14462
14461
14463
14467
14462
14463
14474
14468
14475
14470
14477
14468
14469
14470
14469
14470
16844
14468
14469
18741
14468
14470
16846
18742
18743
16848
14475
14476
14477
14476
14477
16851
14475
14476
14475
14477
16852
16853
14482
14483
14484
14483
14484
14514
14482
14483
16655
14482
14484
14515
16656
16657
14518
14489
14490
14491
14489
14491
14570
17741
14489
14490
17743
14490
14491
14572
17746
14575
14496
14497
14498
14513
14496
14498
15745
14496
14497
14515
14497
14498
15746
14517
14518
15749
14503
14504
14505
14513
14520
14503
14504
14503
14505
14516
14504
14505
14522
14517
14524
14519
14525
14510
14511
14512
14520
14510
14512
15752
14511
14512
15753
14510
14511
14523
14524
14526
15755
14517
14518
14519
14518
14519
16865
14517
14518
18755
14517
14519
16867
18756
18757
16869
14524
14525
14526
14525
14526
14535
16872
14524
14525
16873
14524
14526
14537
16874
14540
14531
14532
14533
14534
14531
14533
14584
18216
14532
14533
14585
15633
14531
14532
14536
15634
18217
14538
18218
14539
15635
14588
14538
14539
14540
14539
14540
15647
14538
14539
15648
18230
14538
14540
18231
18232
15649
14545
14546
14547
14555
14562
14545
14546
14556
14891
14545
14547
14892
16879
14546
14547
14563
16880
14559
14894
14561
14567
14568
16882
14552
14553
14554
14555
14562
14552
14553
18440
14553
14554
14558
14552
14554
14564
18441
14566
18442
14560
14561
14567
14559
14560
14561
14559
14561
14898
14559
14560
14899
14560
14561
14901
14566
14567
14568
14567
14568
14577
16886
14566
14567
14578
14566
14568
16887
14581
16889
14573
14574
14575
14574
14575
14573
14574
14573
14575
14580
14581
14582
14581
14582
14619
14580
14581
16676
14580
14582
14620
16677
16678
14623
14587
14588
14589
14590
14587
14588
18237
14588
14589
15661
14587
14589
14592
15662
18238
14594
18239
14595
15663
14594
14595
14596
14595
14596
14626
15675
14594
14595
15676
18251
14594
14596
14628
18252
18253
15677
14631
14601
14602
14603
14618
14601
14603
15857
14601
14602
14620
14602
14603
15858
14622
14623
15860
14608
14609
14610
14618
14625
14608
14609
14608
14610
14621
14609
14610
14627
14622
14629
14624
14630
14615
14616
14617
14625
14615
14617
15864
14616
14617
15865
14615
14616
14628
14629
14631
15867
14622
14623
14624
14623
14624
16886
14622
14623
18762
14622
14624
16888
18763
18764
16890
14629
14630
14631
14630
14631
16893
14629
14630
16894
14629
14631
16895
14636
14637
14638
19811
14636
14638
15724
14636
14637
14637
14638
15725
19841
15726
14643
14644
14645
14646
14643
14645
14661
14644
14645
14662
15780
14643
14644
14649
15781
14650
14652
15782
14665
14650
14651
14652
14651
14652
15766
14650
14651
15767
14650
14652
15768
14657
14658
14659
14658
14659
15843
15871
14657
14658
14926
15844
14657
14659
14927
15872
14928
15845
15873
14664
14665
14666
14667
14664
14665
14665
14666
15892
14664
14666
14670
15893
14671
14673
15894
14671
14672
14673
14672
14673
15878
14671
14672
15879
14671
14673
15880
14677
14678
17747
14677
14680
14689
19183
14678
14680
14690
19190
14679
17750
19184
14679
17751
19191
14680
17752
19185
19192
14694
19188
19195
14684
14685
17754
14684
14687
14696
19197
14685
14687
14697
19204
14686
17757
19198
14686
17758
19205
14687
17759
19199
19206
14701
19202
19209
14691
14692
16011
16015
16016
17768
18174
18178
18179
14691
14694
17762
14692
14694
19210
14693
17763
17771
14693
17772
19212
14694
17764
17773
19213
17767
19215
14698
14699
16095
16099
16100
17775
17901
17905
17906
14698
14701
17013
14699
14701
19217
14700
17014
17778
14700
17779
19219
14701
17015
17780
19220
17018
19222
14705
14706
16116
16120
16121
17789
18181
18185
18186
14705
14708
14717
17783
14706
14708
14718
19225
14707
17784
17792
14707
17793
19226
14708
17785
17794
19227
14722
17788
19230
14712
14713
16200
16204
16205
17803
18188
18192
18193
14712
14715
14724
17797
14713
14715
14725
19232
14714
17798
17806
14714
17807
19233
14715
17799
17808
19234
14729
17802
19237
14719
14720
17810
14719
14722
19239
14720
14722
19245
14721
17813
19240
14721
17814
19247
14722
17815
19241
19248
19244
19250
14726
14727
17817
14726
14729
18903
14727
14729
19252
14728
17820
18904
14728
17821
19254
14729
17822
18905
19255
18908
19257
14732
14735
14744
18069
14732
14736
14751
15024
14733
14746
14753
14735
14736
14747
14754
14735
14736
15028
18073
14749
18074
14757
15029
14739
14743
14745
18622
14739
14742
14752
14941
14740
14746
14753
14742
14743
14747
14754
14742
14743
14944
18623
14756
14945
14750
18625
14746
14749
15017
14746
14750
18629
14747
14749
14750
14749
14750
15021
18630
15022
18632
14753
14757
15038
14753
14756
14955
14754
14756
14757
14756
14757
14958
15042
14959
15043
14760
14763
16361
17055
14760
14764
14766
16432
14761
14767
17056
14763
14764
14768
17057
14763
14764
16365
16435
16366
17060
14771
16436
14767
14770
17902
14767
14771
16445
14768
17903
14770
14771
17904
14770
14771
16449
17907
16450
14775
14776
14786
14775
14777
14776
14777
14793
14778
14789
14778
14790
14796
14778
14797
14791
14798
14781
14784
14788
14781
14785
14794
14782
14790
14796
14784
14785
14791
14798
14784
14785
14792
14799
14789
14790
14789
14792
14790
14792
14791
14791
14792
14796
14797
14796
14799
14797
14799
14798
14798
14799
14802
14805
16487
17111
14802
14806
14808
16558
14803
14809
17112
14805
14806
14810
17113
14805
14806
16491
16561
16492
17116
14813
16562
14809
14812
14809
14813
16571
14810
14812
14813
14812
14813
16575
16576
14816
14819
14828
15339
14816
14820
14835
18580
14817
14830
14837
14819
14820
14831
14838
14819
14820
15343
18582
14834
15344
14840
18583
14823
14826
14829
14969
14823
14827
14836
14824
14830
14837
14826
14827
14831
14838
14826
14827
14972
14833
14973
14841
14830
14834
15353
14830
14833
14983
14831
14833
14834
14833
14834
14986
15357
14987
15358
14837
14840
14837
14841
14838
14840
14841
14840
14841
14844
14847
14856
15423
14844
14848
14863
15451
14845
14858
14865
14847
14848
14859
14866
14847
14848
15427
15455
14862
15428
14869
15456
14851
14854
14857
15032
14851
14855
14864
15347
14852
14858
14865
14854
14855
14859
14866
14854
14855
15035
15350
14861
15036
14868
15351
14858
14862
15437
14858
14861
15046
14859
14861
14862
14861
14862
15049
15441
15050
15442
14865
14869
15465
14865
14868
15361
14866
14868
14869
14868
14869
15364
15469
15365
15470
14872
14875
16438
14872
14876
14884
18735
14873
14886
14875
14876
14887
14875
14876
16442
18737
16443
14889
18738
14879
14882
16606
14879
14883
14885
14880
14886
14882
14883
14887
14882
14883
16610
16611
14890
14886
14889
14886
14890
18741
14887
14889
14890
14889
14890
18744
18745
14894
14895
14898
14894
14897
15654
14895
14897
14905
15655
14896
14901
14896
14902
14907
14897
14903
14908
14911
15659
14901
14902
14901
14904
16810
14902
14904
16811
14903
14903
14904
16814
14907
14911
15668
14907
14910
15620
14908
14910
14911
14910
14911
15623
15672
15624
15673
14914
14917
16564
14914
14918
14926
14915
14928
14917
14918
14929
14917
14918
16568
16569
14931
14921
14924
16669
14921
14925
14927
14922
14928
14924
14925
14929
14924
14925
16673
16674
14932
14928
14931
14928
14932
14929
14931
14932
14931
14932
14935
14938
14947
17880
14935
14939
14954
14989
14936
14949
14956
14938
14939
14950
14957
14938
14939
14993
17884
14952
17885
14960
14994
14942
14946
14948
18608
14942
14945
14955
14943
14949
14956
14945
14946
14950
14957
14945
14946
18609
14959
14953
18611
14949
14952
17887
14949
14953
18615
14950
14952
14953
14952
14953
17891
18616
17892
18618
14956
14960
15003
14956
14959
14957
14959
14960
14959
14960
15007
15008
14963
14966
14975
17881
14963
14967
14982
14990
14964
14977
14984
14966
14967
14978
14985
14966
14967
14993
17884
14980
17886
14988
14995
14970
14974
14976
14970
14973
14983
14971
14977
14984
14973
14974
14978
14985
14973
14974
14987
14981
14977
14980
17894
14977
14981
14978
14980
14981
14980
14981
17898
17899
14984
14988
15010
14984
14987
14985
14987
14988
14987
14988
15014
15015
14991
14994
15003
14991
14995
15010
14992
15005
15012
14994
14995
15006
15013
14994
14995
15008
15015
14998
15001
15004
15031
14998
15002
15011
15346
14999
15005
15012
15001
15002
15006
15013
15001
15002
15035
15350
15009
15037
15016
15352
15005
15008
15005
15009
15039
15006
15008
15009
15008
15009
15042
15044
15012
15015
15012
15016
15354
15013
15015
15016
15015
15016
15357
15359
15019
15022
18069
15019
15023
15020
18071
15022
15023
18072
15022
15023
18074
15026
15029
15038
15026
15030
15045
15053
15027
15040
15047
15029
15030
15041
15048
15029
15030
15056
15043
15051
15058
15033
15037
15039
15033
15036
15046
15034
15040
15047
15036
15037
15041
15048
15036
15037
15050
15044
15040
15043
15040
15044
15041
15043
15044
15043
15044
15047
15051
15073
15047
15050
15048
15050
15051
15050
15051
15077
15078
15054
15057
15066
18070
15054
15058
15073
15055
15068
15075
15057
15058
15069
15076
15057
15058
18073
15071
18075
15078
15061
15065
15067
15061
15064
15074
15430
15062
15068
15075
15064
15065
15069
15076
15064
15065
15434
15079
15436
15072
15068
15071
18076
15068
15072
15069
15071
15072
15071
15072
18080
18082
15075
15078
15075
15079
15438
15076
15078
15079
15078
15079
15441
15443
15083
15084
15094
15083
15085
15101
15084
15085
15086
15097
15104
15086
15098
15086
15105
15099
15106
15089
15092
15095
15089
15093
15102
15090
15097
15104
15092
15093
15099
15106
15092
15093
15100
15107
15097
15098
15097
15100
15098
15100
15099
15099
15100
15104
15105
15104
15107
15105
15107
15106
15106
15107
15111
15112
15122
15111
15113
15129
15112
15113
15114
15125
15132
15114
15126
15114
15133
15127
15134
15117
15120
15123
15117
15121
15130
15118
15125
15132
15120
15121
15127
15134
15120
15121
15128
15135
15125
15126
15125
15128
15126
15128
15127
15127
15128
15132
15133
15132
15135
15133
15135
15134
15134
15135
15139
15140
15150
15139
15141
15140
15141
15157
15142
15153
15142
15154
15160
15142
15161
15155
15162
15145
15149
15152
15145
15148
15158
15146
15154
15160
15148
15149
15155
15162
15148
15149
15163
15156
15153
15154
15153
15156
15154
15156
15155
15155
15156
15160
15161
15160
15163
15161
15163
15162
15162
15163
15166
15169
15178
18083
15166
15170
15185
15220
15167
15180
15187
15169
15170
15181
15188
15169
15170
15224
18087
15183
18088
15190
15225
15173
15177
15179
18636
15173
15176
15186
15256
15174
15180
15187
15176
15177
15181
15188
15176
15177
15259
18637
15191
15260
15184
18639
15180
15183
18090
15180
15184
18643
15181
15183
15184
15183
15184
18094
18644
18095
18646
15187
15190
15234
15187
15191
15270
15188
15190
15191
15190
15191
15238
15273
15239
15274
15194
15197
15206
18084
15194
15198
15213
15221
15195
15208
15215
15197
15198
15209
15216
15197
15198
15224
18087
15211
18089
15218
15226
15201
15205
15207
15201
15204
15214
15689
15202
15208
15215
15204
15205
15209
15216
15204
15205
15693
15219
15694
15212
15208
15211
18097
15208
15212
15209
15211
15212
15211
15212
18101
18102
15215
15218
15241
15215
15219
15697
15216
15218
15219
15218
15219
15245
15700
15246
15701
15222
15225
15234
15222
15226
15241
15223
15236
15243
15225
15226
15237
15244
15225
15226
15239
15246
15229
15232
15235
15290
15229
15233
15242
15717
15230
15236
15243
15232
15233
15237
15244
15232
15233
15294
15721
15240
15295
15247
15722
15236
15239
15236
15240
15298
15237
15239
15240
15239
15240
15301
15302
15243
15246
15243
15247
15725
15244
15246
15247
15246
15247
15728
15729
15250
15253
15262
18104
15250
15254
15269
15283
15251
15264
15271
15253
15254
15265
15272
15253
15254
15287
18108
15267
18109
15275
15288
15257
15261
15263
18650
15257
15260
15270
15258
15264
15271
15260
15261
15265
15272
15260
15261
18651
15274
15268
18653
15264
15267
15276
15264
15268
18657
15265
15267
15268
15267
15268
15280
18658
15281
18660
15271
15275
15297
15271
15274
15272
15274
15275
15274
15275
15301
15303
15278
15281
18104
15278
15282
15279
18106
15281
15282
18107
15281
15282
18109
15285
15288
15297
15285
15289
15304
15312
15286
15299
15306
15288
15289
15300
15307
15288
15289
15315
15303
15309
15317
15292
15295
15298
15292
15296
15305
15801
15293
15299
15306
15295
15296
15300
15307
15295
15296
15805
15302
15310
15806
15299
15303
15299
15302
15300
15302
15303
15302
15303
15306
15309
15332
15306
15310
15809
15307
15309
15310
15309
15310
15336
15812
15337
15813
15313
15316
15325
18105
15313
15317
15332
15314
15327
15334
15316
15317
15328
15335
15316
15317
18108
15330
18110
15337
15320
15324
15326
15320
15323
15333
15829
15321
15327
15334
15323
15324
15328
15335
15323
15324
15833
15338
15834
15331
15327
15330
18111
15327
15331
15328
15330
15331
15330
15331
18115
18116
15334
15337
15334
15338
15837
15335
15337
15338
15337
15338
15840
15841
15341
15344
15353
15341
15345
15360
15367
15342
15355
15362
15344
15345
15356
15363
15344
15345
15371
15358
15366
15372
15348
15352
15354
15348
15351
15361
15349
15355
15362
15351
15352
15356
15363
15351
15352
15365
15359
15355
15358
15355
15359
15356
15358
15359
15358
15359
15362
15366
15381
15362
15365
15363
15365
15366
15365
15366
15385
15386
15369
15372
15381
15369
15373
18581
15370
15383
15372
15373
15384
15372
15373
18582
15386
18584
15376
15379
15382
15458
15376
15380
15377
15383
15379
15380
15384
15379
15380
15462
15387
15464
15383
15386
15383
15387
15466
15384
15386
15387
15386
15387
15469
15471
15391
15394
15409
18580
15391
15392
19824
15392
15394
15416
18581
15393
15411
15393
15418
15394
15412
15419
15414
15421
18585
15399
15401
15398
15401
15410
15398
15399
15400
15411
15400
15401
15412
15415
15406
15408
15405
15406
15405
15408
15417
15407
15418
15407
15408
15419
15422
15411
15414
15411
15415
15412
15414
15415
15414
15415
15418
15421
15418
15422
15419
15421
15422
15421
15422
15425
15428
15437
15425
15429
15444
18587
15426
15439
15446
15428
15429
15440
15447
15428
15429
18589
15442
15450
18590
15432
15436
15438
15432
15435
15445
15433
15439
15446
15435
15436
15440
15447
15435
15436
15449
15443
15439
15442
15439
15443
15440
15442
15443
15442
15443
15446
15450
15446
15449
15447
15449
15450
15449
15450
15453
15456
15465
15453
15457
18588
15454
15467
15456
15457
15468
15456
15457
18589
15470
18591
15460
15464
15466
15460
15463
15461
15467
15463
15464
15468
15463
15464
15471
15467
15470
15467
15471
15468
15470
15471
15470
15471
15475
15478
15493
18587
15475
15476
19825
15476
15478
15500
18588
15477
15495
15477
15502
15478
15496
15503
15498
15505
18592
15483
15485
15482
15485
15494
15482
15483
15484
15495
15484
15485
15496
15499
15490
15492
15489
15490
15489
15492
15501
15491
15502
15491
15492
15503
15506
15495
15498
15495
15499
15496
15498
15499
15498
15499
15502
15505
15502
15506
15503
15505
15506
15505
15506
15510
15511
15514
15510
15513
15521
15528
15511
15513
15529
15512
15517
15523
15512
15518
15513
15519
15524
15526
15533
15517
15518
15517
15520
16768
15518
15520
16769
15519
15519
15520
16772
15523
15526
15542
15523
15527
15571
15524
15526
15527
15526
15527
15546
15574
15547
15575
15531
15533
15542
15533
15534
16817
15531
15534
15549
16818
15532
15544
15551
15533
15534
15545
15552
15547
15554
16821
15537
15540
15543
15584
15537
15541
15550
15538
15544
15551
15540
15541
15545
15552
15540
15541
15588
15548
15589
15555
15544
15547
15544
15548
15592
15545
15547
15548
15547
15548
15595
15596
15551
15554
16830
15551
15555
15552
15554
15555
15554
15555
16833
16834
15559
15560
15563
15559
15562
15570
15577
15560
15562
15578
15561
15566
15572
15561
15567
15562
15568
15573
15576
15582
15566
15567
15566
15569
16782
15567
15569
16783
15568
15568
15569
16786
15572
15576
15591
15572
15575
15573
15575
15576
15575
15576
15595
15597
15580
15582
15591
15582
15583
16838
15580
15583
15598
16839
15581
15593
15600
15582
15583
15594
15601
15597
15603
16842
15586
15589
15592
15586
15590
15599
15587
15593
15600
15589
15590
15594
15601
15589
15590
15596
15604
15593
15597
15593
15596
15594
15596
15597
15596
15597
15600
15603
16851
15600
15604
15601
15603
15604
15603
15604
16854
16855
15608
15609
15612
15608
15611
15626
15609
15611
15619
15627
15610
15615
15610
15616
15621
15611
15617
15622
15625
15631
15615
15616
15615
15618
16796
15616
15618
16797
15617
15617
15618
16800
15621
15625
15640
15621
15624
15622
15624
15625
15624
15625
15644
15645
15631
15632
16858
15629
15631
15640
15629
15632
15647
16860
15630
15642
15649
15631
15632
15643
15650
15645
15652
16863
15635
15638
15641
15661
15635
15639
15648
15636
15642
15649
15638
15639
15643
15650
15638
15639
15665
15646
15667
15653
15642
15645
15642
15646
15669
15643
15645
15646
15645
15646
15672
15674
15649
15652
16872
15649
15653
15650
15652
15653
15652
15653
16875
16876
15659
15660
16879
15657
15659
15668
15657
15660
15675
16881
15658
15670
15677
15659
15660
15671
15678
15673
15681
16884
15663
15667
15669
15663
15666
15676
15664
15670
15677
15666
15667
15671
15678
15666
15667
15680
15674
15670
15673
15670
15674
15671
15673
15674
15673
15674
15677
15681
16893
15677
15680
15678
15680
15681
15680
15681
16896
16897
15684
15687
15696
15710
15684
15688
15703
18594
15685
15698
15705
15687
15688
15699
15706
15687
15688
15714
18596
15702
15715
15708
18597
15691
15694
15697
15691
15695
15704
15692
15698
15705
15694
15695
15699
15706
15694
15695
15701
15709
15698
15702
15724
15698
15701
15699
15701
15702
15701
15702
15728
15730
15705
15708
15705
15709
15706
15708
15709
15708
15709
15712
15715
15724
15712
15716
15731
15773
15713
15726
15733
15715
15716
15727
15734
15715
15716
15777
15730
15736
15778
15719
15722
15725
15719
15723
15732
15802
15720
15726
15733
15722
15723
15727
15734
15722
15723
15805
15729
15737
15807
15726
15730
15726
15729
15727
15729
15730
15729
15730
15733
15736
15787
15733
15737
15816
15734
15736
15737
15736
15737
15791
15819
15792
15820
15741
15742
19826
15741
15744
15759
18594
15742
15744
15766
18595
15743
15761
15743
15768
15744
15762
15769
15764
15772
18598
15749
15751
15748
15749
15748
15751
15760
15750
15761
15750
15751
15762
15765
15755
15758
15755
15756
15756
15758
15767
15757
15757
15768
15758
15769
15771
15761
15764
15761
15765
15762
15764
15765
15764
15765
15768
15772
15768
15771
15769
15771
15772
15771
15772
15775
15778
15787
15775
15779
18595
15776
15789
15778
15779
15790
15778
15779
18596
15792
18599
15782
15785
15788
15892
15782
15786
15783
15789
15785
15786
15790
15785
15786
15896
15793
15897
15789
15792
15789
15793
15900
15790
15792
15793
15792
15793
15903
15904
15796
15799
15808
15822
15796
15800
15815
15885
15797
15810
15817
15799
15800
15811
15818
15799
15800
15826
15889
15814
15827
15821
15890
15803
15806
15809
15803
15807
15816
15804
15810
15817
15806
15807
15811
15818
15806
15807
15813
15820
15810
15814
15836
15810
15813
15811
15813
15814
15813
15814
15840
15842
15817
15821
15899
15817
15820
15818
15820
15821
15820
15821
15903
15905
15824
15827
15836
15824
15828
15843
18601
15825
15838
15845
15827
15828
15839
15846
15827
15828
18603
15842
15848
18604
15831
15834
15837
15831
15835
15844
15832
15838
15845
15834
15835
15839
15846
15834
15835
15841
15849
15838
15842
15838
15841
15839
15841
15842
15841
15842
15845
15848
15845
15849
15846
15848
15849
15848
15849
15853
15854
19827
15853
15856
15871
18601
15854
15856
15878
18602
15855
15873
15855
15880
15856
15874
15881
15876
15883
18605
15860
15863
15860
15861
15861
15863
15872
15862
15862
15873
15863
15874
15877
15867
15870
15867
15868
15868
15870
15879
15869
15869
15880
15870
15881
15884
15873
15876
15873
15877
15874
15876
15877
15876
15877
15880
15883
15880
15884
15881
15883
15884
15883
15884
15887
15890
15899
15887
15891
18602
15888
15901
15890
15891
15902
15890
15891
18603
15905
18606
15894
15897
15900
15894
15898
15895
15901
15897
15898
15902
15897
15898
15904
15901
15905
15901
15904
15902
15904
15905
15904
15905
15908
15912
16004
15908
15911
15914
15909
15915
15911
15912
15916
15920
15911
15912
15921
16008
15919
15925
15926
16009
15915
15918
15915
15919
15935
15916
15918
15919
15918
15919
15938
15940
15924
15925
15926
15925
15926
15949
16026
15924
15925
15950
15924
15926
16028
15953
16030
15929
15933
15955
15929
15932
15934
18608
15930
15936
15932
15933
15937
18125
15932
15933
15959
18126
18610
15939
18130
18612
15960
18131
15936
15939
18615
15936
15940
15937
15939
15940
18118
15939
15940
18119
18617
18123
18619
18124
15945
15946
15947
15948
18125
15946
15947
15970
16040
15945
15946
15971
18128
15945
15947
15951
16041
15952
18129
15973
18131
15954
16043
15952
15953
15954
18118
15953
15954
16047
15952
15953
18121
15952
15954
16049
18122
18124
16050
15957
15960
15957
15961
15962
18622
15958
15964
15960
15961
15965
18139
15960
15961
18140
18624
18143
15967
18145
18626
15964
15967
18629
15964
15968
15991
15965
15967
15968
18132
15967
15968
15994
18133
18631
18137
18633
15996
18138
15973
15974
15975
15976
18139
15973
15975
16068
15973
15974
18142
15974
15975
15979
16069
18143
15980
18144
15982
16072
15980
15981
15982
18132
15981
15982
15998
16075
15980
15981
15999
18135
15980
15982
16077
18136
16002
18138
16079
15985
15989
16088
15985
15988
15991
15986
15992
15988
15989
15993
15997
15988
15989
15998
16092
15996
16002
16003
16093
15992
15995
15992
15996
15993
15995
15996
15995
15996
16001
16002
16003
16002
16003
16110
16001
16002
16001
16003
16112
16113
16006
16009
16006
16010
16018
16007
16020
16009
16010
16021
16025
16009
16010
16026
16030
16023
16031
16013
16016
16013
16017
16019
16014
16020
16016
16017
16021
16016
16017
16024
16020
16023
16020
16024
16021
16023
16024
16023
16024
16029
16030
16031
16030
16031
16047
16029
16031
16048
16029
16030
16052
16036
16037
16038
16046
16053
16037
16038
16036
16037
16048
16036
16038
16055
16051
16057
16052
16058
16043
16044
16045
16046
16053
16043
16045
16068
16043
16044
16049
16044
16045
16056
16070
16050
16051
16057
16059
16073
16050
16051
16052
16050
16052
16051
16052
16050
16051
16057
16058
16059
16058
16059
16082
16057
16058
16057
16059
16084
16086
16064
16065
16066
16074
16081
16065
16066
16064
16065
16076
16064
16066
16083
16078
16085
16080
16087
16071
16072
16073
16074
16081
16072
16073
16071
16072
16077
16071
16073
16084
16078
16085
16079
16086
16078
16079
16080
16079
16080
16110
16078
16080
16111
16078
16079
16115
16085
16086
16087
16086
16087
16085
16087
16085
16086
16090
16093
16090
16094
16102
16091
16104
16093
16094
16105
16109
16093
16094
16110
16113
16107
16115
16097
16100
16097
16101
16103
16098
16104
16100
16101
16105
16100
16101
16108
16104
16107
16104
16108
16105
16107
16108
16107
16108
16113
16114
16115
16113
16115
16114
16115
16113
16114
16118
16121
16118
16122
16130
16119
16132
16121
16122
16133
16121
16122
16135
16125
16129
16228
16125
16128
16131
16126
16132
16128
16129
16133
16137
16128
16129
16138
16232
16136
16142
16143
16233
16132
16135
16132
16136
16133
16135
16136
16135
16136
16141
16142
16143
16142
16143
16166
16243
16141
16142
16167
16141
16143
16245
16170
16247
16148
16149
16150
16158
16165
16149
16150
16148
16149
16160
16148
16150
16167
16162
16169
16163
16170
16155
16156
16157
16158
16165
16156
16157
16180
16264
16155
16156
16161
16181
16155
16157
16168
16265
16162
16169
16164
16183
16171
16267
16162
16163
16164
16163
16164
16187
16162
16163
16162
16164
16189
16190
16169
16170
16171
16170
16171
16271
16169
16170
16169
16171
16273
16274
16176
16177
16178
16186
16193
16177
16178
16176
16177
16188
16176
16178
16195
16191
16197
16192
16198
16183
16184
16185
16186
16193
16183
16185
16292
16183
16184
16189
16184
16185
16196
16293
16190
16191
16197
16199
16296
16190
16191
16192
16190
16192
16191
16192
16190
16191
16197
16198
16199
16198
16199
16222
16299
16197
16198
16223
16197
16199
16301
16226
16303
16202
16205
16202
16206
16214
16203
16216
16205
16206
16217
16205
16206
16219
16209
16213
16305
16209
16212
16215
16210
16216
16212
16213
16217
16221
16212
16213
16222
16309
16220
16226
16227
16310
16216
16219
16216
16220
16217
16219
16220
16219
16220
16225
16226
16227
16226
16227
16320
16225
16226
16225
16227
16322
16323
16230
16233
16230
16234
16235
16231
16237
16233
16234
16238
16242
16233
16234
16243
16247
16240
16248
16237
16240
16256
16237
16241
16238
16240
16241
16240
16241
16260
16261
16246
16247
16248
16247
16248
16271
16246
16248
16272
16246
16247
16276
16251
16255
16277
16251
16254
16257
18636
16252
16258
16254
16255
16259
18153
16254
16255
16281
18154
18638
16262
18158
18640
16282
18159
16258
16261
16258
16262
18643
16259
16261
16262
18146
16261
16262
18147
18645
18151
18152
18647
16267
16268
16269
16270
18153
16267
16269
16292
16267
16268
16273
16268
16269
16294
18156
16274
16275
18157
16297
18159
16274
16275
16276
18146
16274
16276
16275
16276
18148
16274
16275
18150
18151
16279
16282
16279
16283
16285
18650
16280
16286
16282
16283
16287
18167
16282
16283
18168
18652
18172
16290
18173
18654
16286
16289
16312
16286
16290
18657
16287
16289
16290
18160
16289
16290
16316
18161
18659
16317
18165
18166
18661
16295
16296
16297
16298
18167
16296
16297
16295
16296
16301
16295
16297
18170
16302
18171
16303
18172
16302
16303
16304
18160
16303
16304
16320
16302
16304
16321
18162
16302
16303
18164
16325
18165
16307
16310
16307
16311
16312
16308
16314
16310
16311
16315
16319
16310
16311
16320
16323
16317
16325
16314
16317
16314
16318
16315
16317
16318
16317
16318
16323
16324
16325
16323
16325
16324
16325
16323
16324
16328
16332
16396
17573
16328
16331
16334
16341
16329
16335
17574
16331
16332
16336
17575
16331
16332
16344
16400
16339
16345
16401
17578
16335
16338
16335
16339
16354
16336
16338
16339
16338
16339
16358
16359
16342
16346
16410
16342
16345
16354
16343
16356
16345
16346
16357
16345
16346
16414
16359
16415
16349
16353
16578
16349
16352
16355
16350
16356
16352
16353
16357
16352
16353
16582
16360
16583
16356
16359
16356
16360
16357
16359
16360
16359
16360
16363
16366
17587
16363
16367
16369
16376
16364
16370
17588
16366
16367
16371
17589
16366
16367
16379
17592
16374
16380
16370
16373
16370
16374
16389
16371
16373
16374
16373
16374
16393
16394
16377
16381
16431
16377
16380
16389
16378
16391
16380
16381
16392
16380
16381
16435
16394
16437
16384
16388
16599
16384
16387
16390
16385
16391
16387
16388
16392
16387
16388
16603
16395
16605
16391
16394
16391
16395
16392
16394
16395
16394
16395
16398
16401
17601
16398
16402
16404
16411
16399
16405
17602
16401
16402
16406
17603
16401
16402
16414
17606
16409
16416
16405
16408
18175
16405
16409
16424
16406
18176
16408
16409
18177
16408
16409
16428
18180
16429
16412
16415
16412
16416
16424
16413
16426
16415
16416
16427
16415
16416
16429
16419
16423
16620
16419
16422
16425
18665
16420
16426
16422
16423
16427
16422
16423
16624
18667
16430
18668
16625
16426
16429
16426
16430
18672
16427
16429
16430
16429
16430
18674
18675
16433
16437
16433
16436
16445
16434
16447
16436
16437
16448
16436
16437
16450
16440
16443
16440
16444
16446
18679
16441
16447
16443
16444
16448
16443
16444
18681
16451
18682
16447
16450
16447
16451
18686
16448
16450
16451
16450
16451
18688
18689
16454
16458
16522
17636
16454
16457
16460
16467
16455
16461
17637
16457
16458
16462
17638
16457
16458
16470
16526
16465
16471
16527
17641
16461
16464
18182
16461
16465
16480
16462
18183
16464
16465
18184
16464
16465
16484
18187
16485
16468
16472
16536
16468
16471
16480
16469
16482
16471
16472
16483
16471
16472
16540
16485
16541
16475
16479
16641
16475
16478
16481
18693
16476
16482
16478
16479
16483
16478
16479
16645
18695
16486
18696
16646
16482
16485
16482
16486
18700
16483
16485
16486
16485
16486
18702
18703
16489
16492
17650
16489
16493
16495
16502
16490
16496
17651
16492
16493
16497
17652
16492
16493
16505
17655
16500
16506
16496
16499
18189
16496
16500
16515
16497
18190
16499
16500
18191
16499
16500
16519
18194
16520
16503
16507
16557
16503
16506
16515
16504
16517
16506
16507
16518
16506
16507
16561
16520
16563
16510
16514
16662
16510
16513
16516
18707
16511
16517
16513
16514
16518
16513
16514
16666
18709
16521
18710
16668
16517
16520
16517
16521
18714
16518
16520
16521
16520
16521
18716
18717
16524
16527
17664
16524
16528
16530
16537
16525
16531
17665
16527
16528
16532
17666
16527
16528
16540
17669
16535
16542
16531
16534
16531
16535
16550
16532
16534
16535
16534
16535
16554
16555
16538
16541
16538
16542
16550
16539
16552
16541
16542
16553
16541
16542
16555
16545
16549
16683
16545
16548
16551
16546
16552
16548
16549
16553
16548
16549
16687
16556
16688
16552
16555
16552
16556
16553
16555
16556
16555
16556
16559
16563
16559
16562
16571
16560
16573
16562
16563
16574
16562
16563
16576
16566
16569
16566
16570
16572
16567
16573
16569
16570
16574
16569
16570
16577
16573
16576
16573
16577
16574
16576
16577
16576
16577
16580
16583
16580
16584
16592
16581
16594
16583
16584
16595
16583
16584
16597
16587
16591
16627
16587
16590
16593
16588
16594
16590
16591
16595
16590
16591
16631
16598
16632
16594
16597
16594
16598
16595
16597
16598
16597
16598
16601
16605
16601
16604
16613
16602
16615
16604
16605
16616
16604
16605
16618
16608
16611
16608
16612
16614
16609
16615
16611
16612
16616
16611
16612
16619
16615
16618
16615
16619
16616
16618
16619
16618
16619
16622
16625
16622
16626
16634
18721
16623
16636
16625
16626
16637
16625
16626
18723
16639
18724
16629
16632
16629
16633
16635
16630
16636
16632
16633
16637
16632
16633
16640
16636
16639
16636
16640
18727
16637
16639
16640
16639
16640
18730
18731
16643
16646
16643
16647
16655
18749
16644
16657
16646
16647
16658
16646
16647
18751
16660
18752
16650
16654
16690
16650
16653
16656
16651
16657
16653
16654
16658
16653
16654
16694
16661
16695
16657
16660
16657
16661
18755
16658
16660
16661
16660
16661
18758
18759
16664
16668
16664
16667
16676
18441
16665
16678
16667
16668
16679
16667
16668
18443
16681
18444
16671
16674
16671
16675
16677
16672
16678
16674
16675
16679
16674
16675
16682
16678
16681
16678
16682
18762
16679
16681
16682
16681
16682
18765
18766
16685
16688
16685
16689
16697
16686
16699
16688
16689
16700
16688
16689
16702
16692
16695
16692
16696
16698
16693
16699
16695
16696
16700
16695
16696
16703
16699
16702
16699
16703
16700
16702
16703
16702
16703
16707
16708
16711
16707
16710
16708
16710
16709
16714
16709
16715
16710
16716
16714
16715
16714
16717
16719
16715
16717
16720
16716
16716
16717
16724
16721
16722
16725
16721
16724
16722
16724
16723
16728
16723
16729
16724
16730
16728
16729
16728
16731
16729
16731
16730
16730
16731
16735
16736
16739
16735
16738
16736
16738
16737
16742
16737
16743
16738
16744
16742
16743
16742
16745
16747
16743
16745
16748
16744
16744
16745
16752
16749
16750
16753
16749
16752
16750
16752
16751
16756
16751
16757
16752
16758
16756
16757
16756
16759
16757
16759
16758
16758
16759
16763
16764
16763
16765
16764
16765
16767
16766
16766
16770
16766
16771
16773
16770
16771
16770
16772
16771
16772
16773
16773
16773
16777
16778
16777
16779
16778
16779
16781
16780
16780
16784
16780
16785
16787
16784
16785
16784
16786
16785
16786
16787
16787
16787
16791
16792
16791
16793
16792
16793
16795
16794
16794
16798
16794
16799
16801
16798
16799
16798
16800
16799
16800
16801
16801
16801
16805
16806
16805
16807
16806
16807
16809
16808
16808
16812
16808
16813
16815
16812
16813
16812
16814
16813
16814
16815
16815
16815
16819
16820
16823
16819
16821
16820
16821
16830
16822
16826
16822
16827
16832
16822
16834
16828
16835
16826
16827
16826
16829
16827
16829
16828
16828
16829
16832
16834
16832
16836
16835
16834
16836
16835
16836
16840
16841
16844
16840
16842
16841
16842
16851
16843
16847
16843
16848
16853
16843
16855
16849
16856
16847
16848
16847
16850
16848
16850
16849
16849
16850
16853
16855
16853
16857
16856
16855
16857
16856
16857
16861
16863
16861
16862
16865
16862
16863
16872
16864
16868
16864
16869
16874
16864
16876
16870
16877
16868
16869
16868
16871
16869
16871
16870
16870
16871
16874
16876
16874
16878
16877
16876
16878
16877
16878
16882
16884
16882
16883
16886
16883
16884
16893
16885
16889
16885
16890
16895
16885
16897
16891
16898
16889
16890
16889
16892
16890
16892
16891
16891
16892
16895
16897
16895
16899
16898
16897
16899
16898
16899
16902
16906
16914
16902
16904
16907
16905
16909
16904
16906
16917
16905
16911
16906
16912
16920
16909
16911
16909
16913
16912
16911
16913
16912
16913
16916
16920
16916
16918
16921
16919
16923
16918
16920
16919
16925
16920
16926
16923
16925
16923
16927
16926
16925
16927
16926
16927
16930
16934
16942
16930
16932
16936
16933
16937
16932
16934
16945
16933
16939
16934
16940
16948
16937
16941
16937
16939
16940
16939
16941
16940
16941
16944
16948
16944
16946
16950
16947
16951
16946
16948
16947
16953
16948
16954
16951
16955
16951
16953
16954
16953
16955
16954
16955
16958
16960
16958
16961
18771
16962
16964
16960
16961
18773
16962
16966
16962
18775
16968
16965
16967
16965
16968
16969
18777
16967
16968
16969
18779
16969
18781
16972
16974
16972
16975
16976
16984
16974
16975
16976
16976
16987
16988
16979
16981
16979
16982
16983
16991
16981
16982
16983
16983
16994
16995
16986
16988
16986
16989
16990
16988
16989
16990
16990
16993
16995
16993
16996
16997
16995
16996
16997
16997
17002
17003
17004
17502
17002
17003
17503
17002
17004
17003
17004
17506
17507
17009
17010
17011
17509
17009
17010
17510
17009
17011
17504
17010
17011
17505
17513
17514
17508
17014
17017
17014
17018
19197
17015
17017
17018
17017
17018
19200
19202
17023
17024
17025
17023
17024
17023
17025
17024
17025
17028
17030
18864
17028
17031
18865
17032
18866
17030
17031
17032
17145
17032
17146
17147
17035
17037
18871
17035
17038
18872
17039
18873
17037
17038
17039
17152
17039
17153
17154
17044
17045
17046
17565
17044
17045
17044
17046
17566
17045
17046
17569
17570
17051
17052
17053
17607
17051
17052
17567
19210
17051
17053
17608
19211
17052
17053
17568
17611
19212
17571
17612
17056
17059
17901
17056
17060
17587
17057
17903
17059
17060
17904
17059
17060
17590
17906
17592
17063
17065
18878
17063
17066
18879
17067
17082
18880
17065
17066
17067
17159
17067
17085
17160
17086
17161
17071
17072
18328
17071
17074
17072
17074
17073
18331
17073
18332
17074
18333
17077
17079
18885
17077
17080
18886
17081
17089
18887
17079
17080
17081
17173
17081
17092
17174
17093
17175
17084
17086
18892
17084
17087
18893
17088
18894
17086
17087
17088
17180
17088
17181
17182
17091
17093
18899
17091
17094
18900
17095
18901
17093
17094
17095
17187
17095
17188
17189
17100
17101
17102
17628
17100
17101
17100
17102
17629
17101
17102
17632
17633
17107
17108
17109
17670
17107
17108
17630
19245
17107
17109
17671
19246
17108
17109
17631
17674
19247
17634
17675
17112
17115
17112
17116
17650
17113
17115
17116
17115
17116
17653
17655
17119
17121
18913
17119
17122
18914
17123
18915
17121
17122
17123
17194
17123
17195
17196
17126
17129
17908
19266
17126
17130
17915
19287
17127
17910
17917
17129
17130
17911
17918
17129
17130
19269
19290
17913
19270
17920
19291
17133
17136
17929
18286
17133
17137
17909
17936
17134
17931
17938
17136
17137
17932
17939
17136
17137
17912
18289
17934
18290
17914
17941
17140
17142
18920
17140
17143
18921
17144
18922
17142
17143
17144
17222
17144
17223
17224
17147
17149
17147
17150
17151
17149
17150
17151
17151
17154
17156
17154
17157
17158
17156
17157
17158
17158
17161
17163
17161
17164
17165
17180
17163
17164
17165
17285
17165
17183
17286
17184
17287
17169
17170
18405
17169
17172
18329
17170
17172
18330
17171
18408
17171
18409
17172
18410
18334
17175
17177
17175
17178
17179
17187
17177
17178
17179
19077
17179
17190
19078
17191
19079
17182
17184
17182
17185
17186
17184
17185
17186
17313
17186
17314
17315
17189
17191
17189
17192
17193
17191
17192
17193
17320
17193
17321
17322
17196
17198
17196
17199
17200
17198
17199
17200
17200
17203
17206
17916
18006
17203
17207
18013
18447
17204
18008
18015
17206
17207
18009
18016
17206
17207
17919
18450
17921
18011
18018
18451
17210
17213
17937
18027
17210
17214
18007
18034
17211
18029
18036
17213
17214
18030
18037
17213
17214
17940
18010
17942
18032
18012
18039
17217
17219
18028
17217
17221
18371
17220
17219
17221
18031
18373
17220
18033
17221
18376
17224
17226
17224
17227
17228
17226
17227
17228
17228
17231
17233
17231
17234
17235
17233
17234
17235
17235
17238
17240
17238
17241
17242
17240
17241
17242
17242
17245
17247
17245
17248
17249
17257
17247
17248
17249
17249
17260
17261
17252
17254
17252
17255
17256
17278
17254
17255
17256
17256
17281
17282
17259
17261
17259
17262
17263
17285
17261
17262
17263
17263
17288
17289
17266
17269
18048
17266
17270
17720
18055
17267
18050
18057
17269
17270
18051
18058
17269
17270
17723
18053
17724
18060
17274
17275
18496
17274
17277
18476
17275
17277
18477
17276
18499
17276
18500
17277
18501
18481
17280
17282
17280
17283
17284
19077
17282
17283
17284
17284
19080
19081
17287
17289
17287
17290
17291
17313
17289
17290
17291
17291
17316
17317
17295
17296
18503
17295
17298
17296
17298
17297
18506
17297
18507
17298
18508
17302
17303
18510
17302
17305
18504
17303
17305
18505
17304
18513
17304
18514
17305
18515
18509
17308
17310
17308
17311
17312
19078
17310
17311
17312
19080
19105
17312
19106
19082
19107
17315
17317
17315
17318
17319
17327
17317
17318
17319
17319
17330
17331
17322
17324
19079
17322
17325
17326
17341
17324
17325
19082
17326
19083
17326
17344
17345
17329
17331
17329
17332
17333
17348
17331
17332
17333
17333
17351
17352
17337
17338
18559
17337
17340
17338
17340
17339
18562
17339
18563
17340
18564
17343
17345
17343
17346
17347
17362
17345
17346
17347
17347
17365
17366
17350
17352
17350
17353
17354
17352
17353
17354
17354
17358
17359
17358
17361
18560
17359
17361
18561
17360
17360
17361
18565
17364
17366
17364
17367
17368
17366
17367
17368
17368
17371
17373
17371
17374
17375
17373
17374
17375
17375
17378
17380
18035
17378
17382
18574
17381
17380
17382
18038
18576
17381
18040
17382
18579
17385
17387
17385
17388
17389
17387
17388
17389
17389
17392
17394
17392
17395
17396
17398
17394
17395
17396
17400
17396
17402
17399
17401
17399
17402
17403
17401
17402
17403
17403
17406
17408
17406
17409
17410
17418
17408
17409
17410
17410
17421
17422
17413
17415
17413
17416
17417
17425
17415
17416
17417
17417
17428
17429
17420
17422
17420
17423
17424
19098
17422
17423
17424
17424
19101
19102
17427
17429
17427
17430
17431
19105
17429
17430
17431
17431
19108
19109
17434
17436
17434
17437
19100
17438
17440
17446
17436
17437
19102
17438
17442
17438
17449
19104
17444
17450
17441
17443
17441
17444
17445
17453
19106
17443
17444
17445
19108
17445
17456
17457
19110
17448
17450
17448
17451
19114
17452
17454
17450
17451
19116
17452
17456
17452
19118
17458
17455
17457
17455
17458
17459
19120
17457
17458
17459
19122
17459
19124
17462
17464
19114
17462
17465
17466
17474
17464
17465
19117
17466
19118
17466
17477
17478
17469
17471
19121
17469
17472
17473
17481
17471
17472
19124
17473
19125
17473
17484
17485
17476
17478
17476
17479
17480
17478
17479
17480
17480
17483
17485
17483
17486
17487
17485
17486
17487
17487
17490
17492
17490
17493
17494
17496
17492
17493
17494
17498
17494
17500
17497
17499
17497
17500
17501
17499
17500
17501
17501
17506
17507
17508
17506
17507
17506
17508
17507
17508
17513
17514
17515
17513
17514
17513
17515
17514
17515
17520
17521
17522
17520
17521
17520
17522
17521
17522
17527
17528
17529
17527
17528
17527
17529
17528
17529
17534
17535
17536
17534
17535
17534
17536
17535
17536
17541
17542
17543
17544
17541
17542
17541
17543
17546
17542
17543
17548
17550
17548
17549
17550
17548
17549
17552
17548
17550
17549
17550
17554
17556
17555
17556
17557
17558
17555
17556
17555
17557
17560
17556
17557
17562
17564
17562
17563
17564
17562
17563
17562
17564
17563
17564
17569
17570
17571
17569
17570
19189
17569
17571
19190
17570
17571
19191
17574
17577
17574
17578
17601
17575
17577
17578
17577
17578
17604
17606
17583
17584
17585
17593
17583
17584
17583
17585
17594
17584
17585
17597
17598
17588
17591
17588
17592
17589
17591
17592
17591
17592
17597
17598
17599
17597
17598
19203
17597
17599
17615
19204
17598
17599
17617
19205
17619
17602
17605
18174
17602
17606
17603
18176
17605
17606
18177
17605
17606
18179
17611
17612
17613
17611
17612
17611
17613
17612
17613
17618
17619
17620
17621
17618
17619
19217
17618
17620
17622
19218
17619
17620
17625
19219
17626
17625
17626
17627
17625
17626
17625
17627
17626
17627
17632
17633
17634
17632
17633
19224
17632
17634
19225
17633
17634
19226
17637
17640
18181
17637
17641
17664
17638
18183
17640
17641
18184
17640
17641
17667
18186
17669
17646
17647
17648
17656
17646
17647
17646
17648
17657
17647
17648
17660
17661
17651
17654
18188
17651
17655
17652
18190
17654
17655
18191
17654
17655
18193
17660
17661
17662
17660
17661
19231
17660
17662
17678
19232
17661
17662
17680
19233
17682
17665
17668
17665
17669
17666
17668
17669
17668
17669
17674
17675
17676
17674
17675
17674
17676
17675
17676
17681
17682
17683
17684
17681
17682
19252
17681
17683
17685
19253
17682
17683
17688
19254
17689
17688
17689
17690
17688
17689
17688
17690
17689
17690
17693
17696
17693
17697
17694
17696
17697
17696
17697
17700
17703
17700
17704
17701
17703
17704
17703
17704
17707
17710
17707
17711
17708
17710
17711
17710
17711
17714
17717
17714
17718
17715
17717
17718
17717
17718
17721
17725
18195
17721
17724
18202
17722
18197
18204
17724
17725
18198
18205
17724
17725
18207
18201
17728
17731
17733
18216
17728
17732
18223
17729
18218
18225
17731
17732
18219
18226
17731
17732
17737
17739
18222
18229
17735
17739
18237
17735
17738
18244
17736
18239
18246
17738
17739
18240
18247
17738
17739
18249
18243
17744
17745
17746
17745
17746
17744
17745
17744
17746
17750
17751
17750
17753
17751
17753
17752
17752
17753
17757
17758
17757
17760
17758
17760
17759
17759
17760
17763
17766
17763
17767
19183
17764
17766
17767
17766
17767
19186
19188
17771
17772
17771
17774
17772
17774
17773
17773
17774
17778
17779
17778
17781
17779
17781
17780
17780
17781
17784
17787
17784
17788
19239
17785
17787
17788
17787
17788
19242
19244
17792
17793
17792
17795
17793
17795
17794
17794
17795
17798
17801
17798
17802
18903
17799
17801
17802
17801
17802
18906
18908
17806
17807
17806
17809
17807
17809
17808
17808
17809
17813
17814
17813
17816
17814
17816
17815
17815
17816
17820
17821
17820
17823
17821
17823
17822
17822
17823
17826
17829
17831
19259
17826
17830
17838
19273
17827
17833
17840
17829
17830
17834
17841
17829
17830
19262
19276
17836
19263
17843
19277
17833
17836
18258
17833
17837
17845
17853
17834
17847
17836
17837
17848
17836
17837
17856
18261
18262
17850
17858
17840
17843
18300
17840
17844
17846
17950
17841
17847
17843
17844
17848
17843
17844
17954
18303
18304
17851
17955
17847
17850
17866
17847
17851
17957
17848
17850
17851
17850
17851
17870
17961
17871
17962
17854
17857
17859
18265
17854
17858
17866
17855
17861
17868
17857
17858
17862
17869
17857
17858
18268
17864
18269
17871
17861
17864
18272
17861
17865
17873
19280
17862
17875
17864
17865
17876
17864
17865
18275
19283
18276
17878
19284
17868
17871
17868
17872
17874
17978
17869
17875
17871
17872
17876
17871
17872
17982
17879
17983
17875
17878
18307
17875
17879
17985
17876
17878
17879
17878
17879
17989
18310
18311
17990
17882
17885
17887
17882
17886
17894
17883
17889
17896
17885
17886
17890
17897
17885
17886
17892
17899
17889
17892
17889
17893
17890
17892
17893
17892
17893
17896
17899
17896
17900
17897
17899
17900
17899
17900
17903
17906
17903
17907
17904
17906
17907
17906
17907
17910
17913
18279
17910
17914
17922
17911
17924
17913
17914
17925
17913
17914
18282
18283
17927
17917
17920
18363
17917
17921
17923
17918
17924
17920
17921
17925
17920
17921
18366
18367
17928
17924
17927
17936
17924
17928
18006
17925
17927
17928
17927
17928
17940
18010
17941
18011
17931
17934
18293
17931
17935
17943
18972
17932
17945
17934
17935
17946
17934
17935
18296
18975
18297
17948
18976
17938
17941
17938
17942
17944
17939
17945
17941
17942
17946
17941
17942
17949
17945
17948
18370
17945
17949
18027
17946
17948
17949
17948
17949
18031
18373
18374
18032
17952
17955
17957
17952
17956
17964
18377
17953
17959
17966
17955
17956
17960
17967
17955
17956
18380
17962
17969
18381
17959
17962
17959
17963
17971
17979
17960
17973
17962
17963
17974
17962
17963
17982
17976
17984
17966
17969
17966
17970
17972
17967
17973
17969
17970
17974
17969
17970
17977
17973
17976
17992
17973
17977
18454
17974
17976
17977
17976
17977
17996
18457
17997
18458
17980
17983
17985
17980
17984
17992
17981
17987
17994
17983
17984
17988
17995
17983
17984
17990
17997
17987
17990
17987
17991
17999
18384
17988
18001
17990
17991
18002
17990
17991
18387
18004
18388
17994
17997
17994
17998
18000
18461
17995
18001
17997
17998
18002
17997
17998
18464
18005
18465
18001
18004
18001
18005
18002
18004
18005
18004
18005
18008
18011
18008
18012
18020
18009
18022
18011
18012
18023
18011
18012
18025
18015
18018
18015
18019
18021
18016
18022
18018
18019
18023
18018
18019
18026
18022
18025
18034
18022
18026
18573
18023
18025
18026
18025
18026
18038
18576
18039
18577
18029
18032
18029
18033
18041
18030
18043
18032
18033
18044
18032
18033
18046
18036
18039
18036
18040
18042
18037
18043
18039
18040
18044
18039
18040
18047
18043
18046
18043
18047
18044
18046
18047
18046
18047
18050
18053
18050
18054
18062
18051
18064
18053
18054
18065
18053
18054
18067
18057
18060
18202
18057
18061
18063
18058
18064
18060
18061
18065
18060
18061
18206
18207
18068
18064
18067
18064
18068
18065
18067
18068
18067
18068
18071
18074
18071
18075
18076
18072
18078
18074
18075
18079
18074
18075
18082
18078
18082
18078
18081
18079
18081
18082
18081
18082
18085
18088
18090
18085
18089
18097
18086
18092
18099
18088
18089
18093
18100
18088
18089
18095
18102
18092
18095
18092
18096
18093
18095
18096
18095
18096
18099
18102
18099
18103
18100
18102
18103
18102
18103
18106
18109
18106
18110
18111
18107
18113
18109
18110
18114
18109
18110
18116
18113
18116
18113
18117
18114
18116
18117
18116
18117
18122
18123
18124
18125
18123
18124
18122
18123
18127
18122
18124
18129
18130
18129
18130
18131
18130
18131
18140
18129
18130
18129
18131
18142
18143
18136
18137
18138
18139
18137
18138
18136
18137
18141
18136
18138
18144
18145
18143
18144
18145
18143
18145
18144
18145
18143
18144
18150
18151
18152
18153
18151
18152
18150
18151
18150
18152
18155
18157
18158
18157
18158
18159
18158
18159
18168
18157
18158
18157
18159
18170
18172
18164
18165
18166
18167
18165
18166
18164
18165
18164
18166
18169
18171
18173
18171
18172
18173
18172
18173
18171
18173
18171
18172
18176
18179
18176
18180
18177
18179
18180
18179
18180
18183
18186
18183
18187
18184
18186
18187
18186
18187
18190
18193
18190
18194
18191
18193
18194
18193
18194
18197
18201
18197
18200
18209
18198
18211
18200
18201
18212
18200
18201
18214
18204
18207
18204
18208
18210
18205
18211
18207
18208
18212
18207
18208
18215
18211
18214
18211
18215
18212
18214
18215
18214
18215
18218
18222
18237
18218
18221
18230
18219
18232
18221
18222
18233
18221
18222
18241
18235
18243
18225
18229
18225
18228
18231
18226
18232
18228
18229
18233
18228
18229
18236
18232
18235
18232
18236
18233
18235
18236
18235
18236
18239
18243
18239
18242
18251
18240
18253
18242
18243
18254
18242
18243
18256
18246
18249
18246
18250
18252
18247
18253
18249
18250
18254
18249
18250
18257
18253
18256
18253
18257
18254
18256
18257
18256
18257
18260
18262
19259
18260
18264
18266
18263
19261
18262
18264
18268
18263
19263
18264
19264
18271
18267
18269
18272
18267
18271
18270
18274
18269
18271
18270
18276
18271
18277
18274
18276
18274
18278
18277
18276
18278
18277
18278
18281
18283
19266
18281
18285
18287
18284
19268
18283
18285
18289
18284
19270
18285
19271
18292
18288
18290
18293
18288
18292
18291
18295
18290
18292
18291
18297
18292
18298
18295
18297
18295
18299
18298
18297
18299
18298
18299
18302
18304
19273
18302
18306
18378
18305
19275
18304
18306
18380
18305
19277
18306
19278
18383
18309
18311
19280
18309
18313
18385
18312
19282
18311
18313
18387
18312
19284
18313
19285
18390
18317
18318
18321
18317
18320
18318
18320
18319
18324
18319
18325
18320
18326
18324
18325
18324
18327
18392
18325
18327
18393
18326
18326
18327
18397
18331
18332
18331
18334
18332
18334
18333
18333
18334
18338
18339
18342
18338
18341
18339
18341
18340
18345
18340
18346
18341
18347
18345
18346
18345
18348
18413
18346
18348
18414
18347
18347
18348
18418
18352
18353
18356
18352
18355
18353
18355
18354
18359
18354
18360
18355
18361
18359
18360
18359
18362
18427
18360
18362
18428
18361
18361
18362
18432
18365
18367
19287
18365
18369
18448
18368
19289
18367
18369
18450
18368
19291
18369
19292
18453
18372
18374
18972
18372
18376
18375
18974
18374
18376
18375
18976
18376
18977
18379
18381
18379
18383
18382
18381
18383
18382
18383
18386
18388
18386
18390
18389
18388
18390
18389
18390
18394
18395
18398
18394
18397
18395
18397
18396
18401
18396
18402
18397
18403
18401
18402
18401
18404
18402
18404
18403
18403
18404
18408
18409
18408
18411
18409
18411
18410
18410
18411
18415
18416
18419
18415
18418
18416
18418
18417
18422
18417
18423
18418
18424
18422
18423
18422
18425
18423
18425
18424
18424
18425
18429
18430
18433
18429
18432
18430
18432
18431
18436
18431
18437
18432
18438
18436
18437
18436
18439
18437
18439
18438
18438
18439
18442
18446
18706
18442
18444
18445
18444
18446
18709
18445
18446
18712
18449
18451
18449
18453
18452
18451
18453
18452
18453
18456
18458
18456
18460
18462
18459
18458
18460
18464
18459
18460
18467
18463
18465
18463
18467
18466
18465
18467
18466
18467
18471
18472
18471
18474
18483
18472
18474
18484
18473
18473
18474
18488
18478
18479
18478
18481
18479
18481
18480
18480
18481
18485
18486
18489
18485
18488
18486
18488
18487
18492
18487
18493
18488
18494
18492
18493
18492
18495
18493
18495
18494
18494
18495
18499
18500
18499
18502
18500
18502
18501
18501
18502
18506
18507
18506
18509
18507
18509
18508
18508
18509
18513
18514
18513
18516
18514
18516
18515
18515
18516
18520
18521
18524
18520
18523
18521
18523
18522
18527
18522
18528
18523
18529
18527
18528
18527
18530
18532
18528
18530
18533
18529
18529
18530
18537
18534
18535
18538
18534
18537
18535
18537
18536
18541
18536
18542
18537
18543
18541
18542
18541
18544
18542
18544
18543
18543
18544
18548
18549
18552
18548
18551
18549
18551
18550
18555
18550
18556
18551
18557
18555
18556
18555
18558
18567
18556
18558
18568
18557
18557
18558
18572
18562
18563
18562
18565
18563
18565
18564
18564
18565
18569
18570
18569
18572
18570
18572
18571
18571
18572
18575
18577
18575
18579
18578
18577
18579
18578
18579
18583
18585
18584
18585
18583
18584
18586
18586
18586
18590
18592
18591
18592
18590
18591
18593
18593
18593
18597
18598
18598
18599
18597
18599
18600
18600
18600
18604
18605
18605
18606
18604
18606
18607
18607
18607
18611
18612
18615
18611
18614
18623
18612
18614
18624
18613
18618
18613
18619
18614
18620
18628
18618
18619
18618
18621
18619
18621
18620
18620
18621
18625
18626
18629
18625
18628
18626
18628
18627
18632
18627
18633
18628
18634
18632
18633
18632
18635
18633
18635
18634
18634
18635
18639
18640
18643
18639
18642
18651
18640
18642
18652
18641
18646
18641
18647
18642
18648
18656
18646
18647
18646
18649
18647
18649
18648
18648
18649
18653
18654
18657
18653
18656
18654
18656
18655
18660
18655
18661
18656
18662
18660
18661
18660
18663
18661
18663
18662
18662
18663
18666
18670
18720
18666
18668
18672
18669
18673
18668
18670
18723
18669
18675
18670
18676
18726
18673
18677
18673
18675
18676
18675
18677
18676
18677
18680
18684
18734
18680
18682
18686
18683
18687
18682
18684
18737
18683
18689
18684
18690
18740
18687
18691
18687
18689
18690
18689
18691
18690
18691
18694
18698
18748
18694
18696
18700
18697
18701
18696
18698
18751
18697
18703
18698
18704
18754
18701
18705
18701
18703
18704
18703
18705
18704
18705
18708
18712
18708
18710
18714
18711
18715
18710
18712
18711
18717
18712
18718
18715
18719
18715
18717
18718
18717
18719
18718
18719
18722
18726
18722
18724
18725
18724
18726
18725
18726
18729
18731
18729
18733
18732
18731
18733
18732
18733
18736
18740
18736
18738
18739
18738
18740
18739
18740
18743
18745
18743
18747
18746
18745
18747
18746
18747
18750
18754
18750
18752
18753
18752
18754
18753
18754
18757
18759
18757
18761
18760
18759
18761
18760
18761
18764
18766
18764
18768
18767
18766
18768
18767
18768
18771
18773
18771
18774
18775
18773
18774
18775
18775
18778
18780
18778
18781
18782
18780
18781
18782
18782
18785
18787
18785
18788
18789
18787
18788
18789
18789
18792
18794
18792
18795
18796
18794
18795
18796
18796
18799
18801
18799
18802
18803
18801
18802
18803
18803
18806
18808
18806
18809
18810
18808
18809
18810
18810
18813
18815
18813
18816
18817
18819
18815
18816
18817
18821
18817
18823
18820
18822
18820
18823
18824
18826
18822
18823
18824
18828
18824
18830
18827
18829
18827
18830
18831
18833
18829
18830
18831
18835
18831
18837
18834
18836
18834
18837
18838
18836
18837
18838
18838
18841
18843
18841
18844
18845
18847
18843
18844
18845
18849
18951
18845
18952
18851
18953
18848
18850
18848
18851
18852
18854
18850
18851
18852
18856
18958
18852
18959
18858
18960
18855
18857
18855
18858
18859
18857
18858
18859
18965
18859
18966
18967
18862
18864
18862
18865
18866
18864
18865
18866
18866
18869
18871
18869
18872
18873
18871
18872
18873
18873
18876
18878
18876
18879
18880
18888
18878
18879
18880
18880
18891
18892
18883
18885
18883
18886
18887
18895
18885
18886
18887
18887
18898
18899
18890
18892
18890
18893
18894
18892
18893
18894
18894
18897
18899
18897
18900
18901
18899
18900
18901
18901
18904
18907
18904
18908
18905
18907
18908
18907
18908
18911
18913
18911
18914
18915
18913
18914
18915
18915
18918
18920
18918
18921
18922
18920
18921
18922
18922
18925
18927
18925
18928
18929
18931
18927
18928
18929
18933
18986
18929
18987
18935
18988
18932
18934
18932
18935
18936
18938
18934
18935
18936
18940
18993
18936
18994
18942
18995
18939
18941
18939
18942
18943
18941
18942
18943
19000
18943
19001
19002
18946
18948
18946
18949
18950
18952
18948
18949
18950
18954
19007
18950
19008
18956
19009
18953
18955
18953
18956
18957
18959
18955
18956
18957
18961
19014
18957
19015
18963
19016
18960
18962
18960
18963
18964
18966
18962
18963
18964
18968
19021
18964
19022
18970
19023
18967
18969
18967
18970
18971
18969
18970
18971
19028
18971
19029
19030
18974
18976
18974
18978
18977
18976
18978
18977
18978
18981
18983
18981
18984
18985
18987
18983
18984
18985
18989
19035
18985
19036
18991
19037
18988
18990
18988
18991
18992
18994
18990
18991
18992
18996
19042
18992
19043
18998
19044
18995
18997
18995
18998
18999
19001
18997
18998
18999
19003
19049
18999
19050
19005
19051
19002
19004
19002
19005
19006
19004
19005
19006
19056
19006
19057
19058
19009
19011
19009
19012
19013
19015
19011
19012
19013
19017
19013
19019
19016
19018
19016
19019
19020
19022
19018
19019
19020
19024
19063
19020
19064
19026
19065
19023
19025
19023
19026
19027
19029
19025
19026
19027
19031
19070
19027
19071
19033
19072
19030
19032
19030
19033
19034
19032
19033
19034
19034
19037
19039
19037
19040
19041
19043
19039
19040
19041
19045
19041
19047
19044
19046
19044
19047
19048
19050
19046
19047
19048
19052
19084
19048
19085
19054
19086
19051
19053
19051
19054
19055
19057
19053
19054
19055
19059
19091
19055
19092
19061
19093
19058
19060
19058
19061
19062
19060
19061
19062
19062
19065
19067
19065
19068
19069
19071
19067
19068
19069
19073
19069
19075
19072
19074
19072
19075
19076
19074
19075
19076
19076
19079
19081
19079
19082
19083
19081
19082
19083
19083
19086
19088
19086
19089
19090
19092
19088
19089
19090
19094
19090
19096
19093
19095
19093
19096
19097
19095
19096
19097
19097
19100
19102
19100
19103
19104
19112
19102
19103
19104
19104
19115
19116
19107
19109
19107
19110
19111
19119
19109
19110
19111
19111
19122
19123
19114
19116
19114
19117
19118
19116
19117
19118
19118
19121
19123
19121
19124
19125
19123
19124
19125
19125
19130
19131
19132
19130
19131
19134
19130
19132
19135
19131
19132
19137
19137
19138
19139
19137
19138
19137
19139
19138
19139
19144
19145
19146
19144
19145
19144
19146
19145
19146
19151
19152
19153
19151
19152
19151
19153
19152
19153
19158
19159
19160
19158
19159
19158
19160
19159
19160
19165
19166
19167
19165
19166
19165
19167
19166
19167
19172
19173
19174
19172
19173
19176
19172
19174
19173
19174
19178
19180
19179
19180
19181
19179
19180
19179
19181
19180
19181
19184
19187
19184
19188
19185
19187
19188
19187
19188
19191
19194
19191
19195
19210
19192
19194
19195
19194
19195
19214
19215
19198
19201
19198
19202
19199
19201
19202
19201
19202
19205
19208
19205
19209
19217
19206
19208
19209
19208
19209
19221
19222
19212
19215
19212
19216
19213
19215
19216
19215
19216
19219
19222
19219
19223
19220
19222
19223
19222
19223
19226
19229
19226
19230
19245
19227
19229
19230
19229
19230
19249
19250
19233
19236
19233
19237
19252
19234
19236
19237
19236
19237
19256
19257
19240
19243
19240
19244
19241
19243
19244
19243
19244
19247
19250
19247
19251
19248
19250
19251
19250
19251
19254
19257
19254
19258
19255
19257
19258
19257
19258
19261
19263
19261
19265
19264
19263
19265
19264
19265
19268
19270
19268
19272
19271
19270
19272
19271
19272
19275
19277
19275
19279
19278
19277
19279
19278
19279
19282
19284
19282
19286
19285
19284
19286
19285
19286
19289
19291
19289
19293
19292
19291
19293
19292
19293
19327
19328
19422
19833
19296
19422
19703
19704
19329
19330
19460
19298
19461
19462
19463
19340
19341
19466
19300
19467
19748
19749
19346
19347
19473
19302
19474
19757
19758
19350
19351
19479
19304
19308
19318
19358
19359
19309
19318
19358
19360
19316
19322
19323
19361
19308
19309
19318
19362
19310
19311
19319
19363
19309
19364
19366
19365
19366
19311
19320
19367
19369
19321
19368
19369
19313
19316
19322
19370
19372
19316
19323
19371
19372
19315
19317
19324
19373
19375
19317
19325
19374
19375
19376
19326
19377
19378
19320
19321
19381
19321
19390
19391
19390
19392
19323
19399
19400
19399
19401
19325
19326
19408
19409
19326
19408
19410
19419
19328
19333
19616
19701
19333
19617
19702
19330
19334
19338
19703
19334
19339
19704
19344
19345
19423
19624
19346
19347
19354
19708
19613
19720
19335
19721
19338
19339
19450
19337
19340
19341
19451
19342
19343
19457
19339
19458
19460
19459
19460
19341
19342
19462
19343
19463
19343
19464
19466
19465
19466
19345
19468
19469
19618
19468
19470
19619
19347
19348
19748
19349
19749
19349
19354
19471
19473
19354
19472
19473
19351
19352
19356
19757
19353
19356
19758
19353
19357
19477
19479
19357
19478
19479
19485
19612
19620
19621
19769
19357
19486
19492
19366
19645
19360
19378
19425
19645
19378
19426
19645
19400
19401
19435
19364
19365
19450
19367
19368
19457
19365
19458
19665
19459
19665
19665
19368
19464
19666
19465
19666
19390
19666
19371
19376
19471
19671
19376
19472
19671
19399
19671
19374
19377
19477
19676
19377
19478
19676
19408
19676
19485
19492
19498
19380
19382
19385
19386
19387
19388
19511
19391
19392
19525
19383
19394
19395
19396
19397
19530
19387
19388
19389
19531
19386
19387
19389
19394
19388
19389
19395
19388
19534
19535
19398
19694
19392
19537
19694
19538
19694
19396
19397
19398
19542
19395
19396
19398
19397
19398
19397
19545
19546
19695
19401
19548
19695
19549
19695
19405
19406
19407
19553
19404
19405
19406
19412
19417
19405
19407
19413
19417
19414
19407
19418
19556
19418
19557
19696
19410
19419
19559
19696
19419
19560
19696
19414
19415
19416
19564
19413
19414
19415
19420
19414
19416
19420
19416
19421
19567
19421
19568
19418
19420
19580
19586
19421
19591
19701
19702
19469
19470
19708
19425
19426
19427
19428
19429
19645
19426
19427
19498
19428
19498
19428
19429
19499
19625
19429
19499
19626
19711
19432
19433
19434
19712
19432
19433
19434
19571
19572
19826
19433
19573
19716
19574
19716
19436
19548
19549
19550
19551
19698
19438
19441
19443
19717
19718
19442
19444
19717
19718
19440
19441
19443
19582
19588
19442
19444
19582
19588
19442
19583
19830
19584
19830
19444
19589
19719
19589
19719
19446
19448
19449
19724
19726
19448
19449
19724
19727
19448
19449
19725
19728
19458
19459
19462
19463
19733
19453
19455
19456
19734
19736
19455
19456
19734
19737
19455
19456
19735
19738
19464
19465
19459
19744
19744
19744
19745
19746
19828
19463
19745
19746
19465
19747
19747
19747
19468
19469
19470
19834
19470
19748
19749
19472
19485
19753
19485
19753
19753
19475
19476
19835
19476
19620
19757
19769
19621
19758
19769
19478
19492
19759
19492
19759
19759
19481
19483
19484
19762
19764
19483
19484
19762
19765
19483
19484
19763
19768
19757
19758
19769
19488
19490
19491
19770
19772
19490
19491
19770
19773
19490
19491
19771
19774
19495
19496
19497
19777
19495
19496
19497
19502
19503
19824
19496
19504
19781
19505
19781
19499
19782
19501
19504
19506
19783
19784
19505
19507
19783
19784
19503
19504
19506
19508
19505
19507
19508
19505
19839
19839
19507
19509
19785
19509
19785
19509
19824
19786
19511
19532
19533
19688
19534
19535
19513
19516
19518
19787
19788
19517
19519
19787
19788
19515
19516
19518
19521
19527
19517
19519
19521
19527
19517
19522
19840
19523
19840
19519
19528
19789
19528
19789
19522
19523
19524
19790
19522
19523
19524
19825
19523
19794
19794
19526
19537
19538
19539
19540
19692
19528
19825
19795
19530
19543
19544
19693
19545
19546
19534
19535
19797
19533
19534
19627
19797
19535
19628
19797
19535
19537
19538
19539
19540
19541
19694
19538
19539
19540
19540
19541
19629
19541
19630
19798
19545
19546
19799
19544
19545
19631
19799
19546
19632
19799
19546
19548
19549
19550
19551
19552
19695
19549
19550
19551
19551
19552
19633
19552
19634
19801
19556
19557
19803
19555
19556
19579
19635
19803
19557
19579
19636
19803
19557
19580
19580
19559
19560
19561
19562
19563
19696
19560
19561
19586
19562
19586
19562
19563
19587
19804
19563
19587
19805
19806
19567
19568
19807
19566
19567
19590
19807
19808
19568
19590
19807
19809
19568
19591
19591
19570
19573
19575
19811
19812
19574
19576
19811
19812
19572
19573
19575
19577
19574
19576
19577
19574
19841
19841
19576
19578
19813
19578
19813
19578
19826
19814
19580
19815
19583
19584
19585
19816
19583
19584
19585
19827
19584
19818
19818
19587
19821
19589
19827
19822
19591
19823
19593
19598
19600
19637
19639
19599
19601
19638
19639
19595
19604
19606
19641
19643
19605
19607
19642
19643
19597
19598
19600
19649
19650
19599
19601
19649
19651
19599
19655
19656
19655
19657
19601
19661
19663
19662
19663
19603
19604
19606
19667
19668
19605
19607
19667
19669
19605
19672
19673
19672
19674
19607
19677
19679
19678
19679
19609
19610
19614
19745
19828
19611
19614
19746
19828
19611
19615
19705
19829
19615
19706
19829
19622
19623
19709
19616
19617
19722
19615
19733
19731
19617
19741
19833
19742
19833
19619
19624
19750
19834
19624
19751
19834
19621
19622
19835
19623
19835
19623
19754
19836
19755
19836
19760
19626
19627
19711
19782
19628
19711
19782
19628
19688
19796
19797
19688
19796
19797
19630
19631
19692
19798
19632
19692
19798
19632
19693
19799
19800
19693
19799
19800
19634
19635
19698
19801
19636
19698
19801
19636
19802
19803
19815
19802
19803
19815
19638
19640
19656
19705
19640
19657
19706
19640
19663
19707
19642
19644
19673
19709
19644
19674
19709
19644
19679
19710
19647
19712
19682
19714
19715
19717
19718
19652
19655
19651
19652
19661
19722
19652
19662
19722
19723
19654
19724
19726
19727
19686
19729
19730
19658
19657
19658
19731
19658
19731
19732
19660
19734
19736
19737
19691
19739
19740
19662
19664
19741
19664
19742
19664
19743
19744
19747
19670
19672
19669
19670
19677
19750
19670
19678
19751
19752
19753
19675
19674
19675
19754
19675
19755
19756
19759
19678
19680
19760
19680
19760
19680
19761
19682
19762
19764
19765
19766
19767
19684
19770
19772
19773
19700
19775
19776
19686
19777
19779
19780
19783
19784
19782
19787
19788
19691
19790
19792
19793
19693
19811
19812
19815
19700
19816
19819
19820
19702
19703
19720
19704
19720
19704
19721
19721
19706
19707
19731
19707
19731
19829
19748
19749
19710
19754
19755
19796
19714
19715
19716
19714
19715
19716
19837
19715
19766
19767
19841
19830
19719
19822
19721
19723
19741
19742
19725
19727
19728
19729
19728
19730
19831
19730
19779
19831
19780
19831
19732
19745
19746
19735
19737
19738
19739
19738
19740
19832
19740
19792
19832
19793
19832
19742
19743
19743
19833
19746
19749
19751
19752
19760
19752
19760
19834
19755
19756
19756
19836
19758
19761
19763
19765
19766
19768
19767
19768
19767
19837
19837
19837
19771
19773
19774
19775
19774
19776
19838
19776
19819
19838
19820
19838
19779
19780
19781
19779
19780
19781
19831
19780
19839
19839
19785
19786
19840
19789
19795
19792
19793
19794
19792
19793
19794
19832
19793
19840
19797
19800
19800
19802
19803
19805
19806
19808
19821
19806
19809
19821
19810
19808
19809
19810
19809
19810
19823
19810
19823
19841
19813
19814
19818
19819
19820
19818
19819
19820
19838
19830
19820
19823
19829
19836
)


// ************************************************************************* //
