/*--------------------------------*- C++ -*----------------------------------*\
| =========                 |                                                 |
| \\      /  F ield         | OpenFOAM: The Open Source CFD Toolbox           |
|  \\    /   O peration     | Version:  2312                                  |
|   \\  /    A nd           | Website:  www.openfoam.com                      |
|    \\/     M anipulation  |                                                 |
\*---------------------------------------------------------------------------*/
FoamFile
{
    version     2.0;
    format      ascii;
    arch        "LSB;label=32;scalar=64";
    class       vectorField;
    location    "constant/polyMesh";
    object      points;
}
// * * * * * * * * * * * * * * * * * * * * * * * * * * * * * * * * * * * * * //


24301
(
(-1 -1 -1)
(-0.9 -1 -1)
(-0.8 -1 -1)
(-0.7 -1 -1)
(-0.6 -1 -1)
(-0.5 -1 -1)
(-0.4 -1 -1)
(-0.3 -1 -1)
(-0.2 -1 -1)
(-0.1 -1 -1)
(8.3704e-24 -1 -1)
(0.1 -1 -1)
(0.2 -1 -1)
(0.3 -1 -1)
(0.4 -1 -1)
(0.5 -1 -1)
(0.6 -1 -1)
(0.7 -1 -1)
(0.8 -1 -1)
(0.9 -1 -1)
(1 -1 -1)
(-1 -0.9 -1)
(-0.9 -0.9 -1)
(-0.8 -0.9 -1)
(-0.7 -0.9 -1)
(-0.6 -0.9 -1)
(-0.5 -0.9 -1)
(-0.4 -0.9 -1)
(-0.3 -0.9 -1)
(-0.2 -0.9 -1)
(-0.1 -0.9 -1)
(7.29243e-22 -0.9 -1)
(0.1 -0.9 -1)
(0.2 -0.9 -1)
(0.3 -0.9 -1)
(0.4 -0.9 -1)
(0.5 -0.9 -1)
(0.6 -0.9 -1)
(0.7 -0.9 -1)
(0.8 -0.9 -1)
(0.9 -0.9 -1)
(1 -0.9 -1)
(-1 -0.8 -1)
(-0.9 -0.8 -1)
(-0.8 -0.8 -1)
(-0.7 -0.8 -1)
(-0.6 -0.8 -1)
(-0.5 -0.8 -1)
(-0.4 -0.8 -1)
(-0.3 -0.8 -1)
(-0.2 -0.8 -1)
(-0.1 -0.8 -1)
(1.50066e-20 -0.8 -1)
(0.1 -0.8 -1)
(0.2 -0.8 -1)
(0.3 -0.8 -1)
(0.4 -0.8 -1)
(0.5 -0.8 -1)
(0.6 -0.8 -1)
(0.7 -0.8 -1)
(0.8 -0.8 -1)
(0.9 -0.8 -1)
(1 -0.8 -1)
(-1 -0.7 -1)
(-0.9 -0.7 -1)
(-0.8 -0.7 -1)
(-0.7 -0.7 -1)
(-0.6 -0.7 -1)
(-0.5 -0.7 -1)
(-0.4 -0.7 -1)
(-0.3 -0.7 -1)
(-0.2 -0.7 -1)
(-0.1 -0.7 -1)
(1.95578e-19 -0.7 -1)
(0.1 -0.7 -1)
(0.2 -0.7 -1)
(0.3 -0.7 -1)
(0.4 -0.7 -1)
(0.5 -0.7 -1)
(0.6 -0.7 -1)
(0.7 -0.7 -1)
(0.8 -0.7 -1)
(0.9 -0.7 -1)
(1 -0.7 -1)
(-1 -0.6 -1)
(-0.9 -0.6 -1)
(-0.8 -0.6 -1)
(-0.7 -0.6 -1)
(-0.6 -0.6 -1)
(-0.5 -0.6 -1)
(-0.4 -0.6 -1)
(-0.3 -0.6 -1)
(-0.2 -0.6 -1)
(-0.1 -0.6 -1)
(1.83952e-18 -0.6 -1)
(0.1 -0.6 -1)
(0.2 -0.6 -1)
(0.3 -0.6 -1)
(0.4 -0.6 -1)
(0.5 -0.6 -1)
(0.6 -0.6 -1)
(0.7 -0.6 -1)
(0.8 -0.6 -1)
(0.9 -0.6 -1)
(1 -0.6 -1)
(-1 -0.5 -1)
(-0.9 -0.5 -1)
(-0.8 -0.5 -1)
(-0.7 -0.5 -1)
(-0.6 -0.5 -1)
(-0.5 -0.5 -1)
(-0.4 -0.5 -1)
(-0.3 -0.5 -1)
(-0.2 -0.5 -1)
(-0.1 -0.5 -1)
(1.29268e-17 -0.5 -1)
(0.1 -0.5 -1)
(0.2 -0.5 -1)
(0.3 -0.5 -1)
(0.4 -0.5 -1)
(0.5 -0.5 -1)
(0.6 -0.5 -1)
(0.7 -0.5 -1)
(0.8 -0.5 -1)
(0.9 -0.5 -1)
(1 -0.5 -1)
(-1 -0.4 -1)
(-0.9 -0.4 -1)
(-0.8 -0.4 -1)
(-0.7 -0.4 -1)
(-0.6 -0.4 -1)
(-0.5 -0.4 -1)
(-0.4 -0.4 -1)
(-0.3 -0.4 -1)
(-0.2 -0.4 -1)
(-0.1 -0.4 -1)
(6.57997e-17 -0.4 -1)
(0.1 -0.4 -1)
(0.2 -0.4 -1)
(0.3 -0.4 -1)
(0.4 -0.4 -1)
(0.5 -0.4 -1)
(0.6 -0.4 -1)
(0.7 -0.4 -1)
(0.8 -0.4 -1)
(0.9 -0.4 -1)
(1 -0.4 -1)
(-1 -0.3 -1)
(-0.9 -0.3 -1)
(-0.8 -0.3 -1)
(-0.7 -0.3 -1)
(-0.6 -0.3 -1)
(-0.5 -0.3 -1)
(-0.4 -0.3 -1)
(-0.3 -0.3 -1)
(-0.2 -0.3 -1)
(-0.1 -0.3 -1)
(2.22852e-16 -0.3 -1)
(0.1 -0.3 -1)
(0.2 -0.3 -1)
(0.3 -0.3 -1)
(0.4 -0.3 -1)
(0.5 -0.3 -1)
(0.6 -0.3 -1)
(0.7 -0.3 -1)
(0.8 -0.3 -1)
(0.9 -0.3 -1)
(1 -0.3 -1)
(-1 -0.2 -1)
(-0.9 -0.2 -1)
(-0.8 -0.2 -1)
(-0.7 -0.2 -1)
(-0.6 -0.2 -1)
(-0.5 -0.2 -1)
(-0.4 -0.2 -1)
(-0.3 -0.2 -1)
(-0.2 -0.2 -1)
(-0.1 -0.2 -1)
(4.13155e-16 -0.2 -1)
(0.1 -0.2 -1)
(0.2 -0.2 -1)
(0.3 -0.2 -1)
(0.4 -0.2 -1)
(0.5 -0.2 -1)
(0.6 -0.2 -1)
(0.7 -0.2 -1)
(0.8 -0.2 -1)
(0.9 -0.2 -1)
(1 -0.2 -1)
(-1 -0.1 -1)
(-0.9 -0.1 -1)
(-0.8 -0.1 -1)
(-0.7 -0.1 -1)
(-0.6 -0.1 -1)
(-0.5 -0.1 -1)
(-0.4 -0.1 -1)
(-0.3 -0.1 -1)
(-0.2 -0.1 -1)
(-0.1 -0.1 -1)
(2.40763e-16 -0.1 -1)
(0.1 -0.1 -1)
(0.2 -0.1 -1)
(0.3 -0.1 -1)
(0.4 -0.1 -1)
(0.5 -0.1 -1)
(0.6 -0.1 -1)
(0.7 -0.1 -1)
(0.8 -0.1 -1)
(0.9 -0.1 -1)
(1 -0.1 -1)
(-1 -4.99113e-27 -1)
(-0.9 -1.48413e-25 -1)
(-0.8 -3.11586e-24 -1)
(-0.7 -4.50427e-23 -1)
(-0.6 -4.65055e-22 -1)
(-0.5 -3.39645e-21 -1)
(-0.4 -1.69262e-20 -1)
(-0.3 -5.48921e-20 -1)
(-0.2 -1.16141e-19 -1)
(-0.1 5.76021e-20 -1)
(1.37073e-16 1.2181e-18 -1)
(0.1 4.75553e-19 -1)
(0.2 -6.59852e-20 -1)
(0.3 -5.96001e-20 -1)
(0.4 -1.99486e-20 -1)
(0.5 -4.3143e-21 -1)
(0.6 -6.70996e-22 -1)
(0.7 -7.78431e-23 -1)
(0.8 -6.7206e-24 -1)
(0.9 -4.17251e-25 -1)
(1 -2.72127e-26 -1)
(-1 0.1 -1)
(-0.9 0.1 -1)
(-0.8 0.1 -1)
(-0.7 0.1 -1)
(-0.6 0.1 -1)
(-0.5 0.1 -1)
(-0.4 0.1 -1)
(-0.3 0.1 -1)
(-0.2 0.1 -1)
(-0.1 0.1 -1)
(2.3926e-16 0.1 -1)
(0.1 0.1 -1)
(0.2 0.1 -1)
(0.3 0.1 -1)
(0.4 0.1 -1)
(0.5 0.1 -1)
(0.6 0.1 -1)
(0.7 0.1 -1)
(0.8 0.1 -1)
(0.9 0.1 -1)
(1 0.1 -1)
(-1 0.2 -1)
(-0.9 0.2 -1)
(-0.8 0.2 -1)
(-0.7 0.2 -1)
(-0.6 0.2 -1)
(-0.5 0.2 -1)
(-0.4 0.2 -1)
(-0.3 0.2 -1)
(-0.2 0.2 -1)
(-0.1 0.2 -1)
(4.12255e-16 0.2 -1)
(0.1 0.2 -1)
(0.2 0.2 -1)
(0.3 0.2 -1)
(0.4 0.2 -1)
(0.5 0.2 -1)
(0.6 0.2 -1)
(0.7 0.2 -1)
(0.8 0.2 -1)
(0.9 0.2 -1)
(1 0.2 -1)
(-1 0.3 -1)
(-0.9 0.3 -1)
(-0.8 0.3 -1)
(-0.7 0.3 -1)
(-0.6 0.3 -1)
(-0.5 0.3 -1)
(-0.4 0.3 -1)
(-0.3 0.3 -1)
(-0.2 0.3 -1)
(-0.1 0.3 -1)
(2.22458e-16 0.3 -1)
(0.1 0.3 -1)
(0.2 0.3 -1)
(0.3 0.3 -1)
(0.4 0.3 -1)
(0.5 0.3 -1)
(0.6 0.3 -1)
(0.7 0.3 -1)
(0.8 0.3 -1)
(0.9 0.3 -1)
(1 0.3 -1)
(-1 0.4 -1)
(-0.9 0.4 -1)
(-0.8 0.4 -1)
(-0.7 0.4 -1)
(-0.6 0.4 -1)
(-0.5 0.4 -1)
(-0.4 0.4 -1)
(-0.3 0.4 -1)
(-0.2 0.4 -1)
(-0.1 0.4 -1)
(6.56848e-17 0.4 -1)
(0.1 0.4 -1)
(0.2 0.4 -1)
(0.3 0.4 -1)
(0.4 0.4 -1)
(0.5 0.4 -1)
(0.6 0.4 -1)
(0.7 0.4 -1)
(0.8 0.4 -1)
(0.9 0.4 -1)
(1 0.4 -1)
(-1 0.5 -1)
(-0.9 0.5 -1)
(-0.8 0.5 -1)
(-0.7 0.5 -1)
(-0.6 0.5 -1)
(-0.5 0.5 -1)
(-0.4 0.5 -1)
(-0.3 0.5 -1)
(-0.2 0.5 -1)
(-0.1 0.5 -1)
(1.2905e-17 0.5 -1)
(0.1 0.5 -1)
(0.2 0.5 -1)
(0.3 0.5 -1)
(0.4 0.5 -1)
(0.5 0.5 -1)
(0.6 0.5 -1)
(0.7 0.5 -1)
(0.8 0.5 -1)
(0.9 0.5 -1)
(1 0.5 -1)
(-1 0.6 -1)
(-0.9 0.6 -1)
(-0.8 0.6 -1)
(-0.7 0.6 -1)
(-0.6 0.6 -1)
(-0.5 0.6 -1)
(-0.4 0.6 -1)
(-0.3 0.6 -1)
(-0.2 0.6 -1)
(-0.1 0.6 -1)
(1.84754e-18 0.6 -1)
(0.1 0.6 -1)
(0.2 0.6 -1)
(0.3 0.6 -1)
(0.4 0.6 -1)
(0.5 0.6 -1)
(0.6 0.6 -1)
(0.7 0.6 -1)
(0.8 0.6 -1)
(0.9 0.6 -1)
(1 0.6 -1)
(-1 0.7 -1)
(-0.9 0.7 -1)
(-0.8 0.7 -1)
(-0.7 0.7 -1)
(-0.6 0.7 -1)
(-0.5 0.7 -1)
(-0.4 0.7 -1)
(-0.3 0.7 -1)
(-0.2 0.7 -1)
(-0.1 0.7 -1)
(1.96264e-19 0.7 -1)
(0.1 0.7 -1)
(0.2 0.7 -1)
(0.3 0.7 -1)
(0.4 0.7 -1)
(0.5 0.7 -1)
(0.6 0.7 -1)
(0.7 0.7 -1)
(0.8 0.7 -1)
(0.9 0.7 -1)
(1 0.7 -1)
(-1 0.8 -1)
(-0.9 0.8 -1)
(-0.8 0.8 -1)
(-0.7 0.8 -1)
(-0.6 0.8 -1)
(-0.5 0.8 -1)
(-0.4 0.8 -1)
(-0.3 0.8 -1)
(-0.2 0.8 -1)
(-0.1 0.8 -1)
(1.5041e-20 0.8 -1)
(0.1 0.8 -1)
(0.2 0.8 -1)
(0.3 0.8 -1)
(0.4 0.8 -1)
(0.5 0.8 -1)
(0.6 0.8 -1)
(0.7 0.8 -1)
(0.8 0.8 -1)
(0.9 0.8 -1)
(1 0.8 -1)
(-1 0.9 -1)
(-0.9 0.9 -1)
(-0.8 0.9 -1)
(-0.7 0.9 -1)
(-0.6 0.9 -1)
(-0.5 0.9 -1)
(-0.4 0.9 -1)
(-0.3 0.9 -1)
(-0.2 0.9 -1)
(-0.1 0.9 -1)
(7.30224e-22 0.9 -1)
(0.1 0.9 -1)
(0.2 0.9 -1)
(0.3 0.9 -1)
(0.4 0.9 -1)
(0.5 0.9 -1)
(0.6 0.9 -1)
(0.7 0.9 -1)
(0.8 0.9 -1)
(0.9 0.9 -1)
(1 0.9 -1)
(-1 1 -1)
(-0.9 1 -1)
(-0.8 1 -1)
(-0.7 1 -1)
(-0.6 1 -1)
(-0.5 1 -1)
(-0.4 1 -1)
(-0.3 1 -1)
(-0.2 1 -1)
(-0.1 1 -1)
(8.35181e-24 1 -1)
(0.1 1 -1)
(0.2 1 -1)
(0.3 1 -1)
(0.4 1 -1)
(0.5 1 -1)
(0.6 1 -1)
(0.7 1 -1)
(0.8 1 -1)
(0.9 1 -1)
(1 1 -1)
(-1 -1 -0.9)
(-0.9 -1 -0.9)
(-0.8 -1 -0.9)
(-0.7 -1 -0.9)
(-0.6 -1 -0.9)
(-0.5 -1 -0.9)
(-0.4 -1 -0.9)
(-0.3 -1 -0.9)
(-0.2 -1 -0.9)
(-0.1 -1 -0.9)
(5.31034e-22 -1 -0.9)
(0.1 -1 -0.9)
(0.2 -1 -0.9)
(0.3 -1 -0.9)
(0.4 -1 -0.9)
(0.5 -1 -0.9)
(0.6 -1 -0.9)
(0.7 -1 -0.9)
(0.8 -1 -0.9)
(0.9 -1 -0.9)
(1 -1 -0.9)
(-1 -0.9 -0.9)
(-0.9 -0.9 -0.9)
(-0.8 -0.9 -0.9)
(-0.7 -0.9 -0.9)
(-0.6 -0.9 -0.9)
(-0.5 -0.9 -0.9)
(-0.4 -0.9 -0.9)
(-0.3 -0.9 -0.9)
(-0.2 -0.9 -0.9)
(-0.1 -0.9 -0.9)
(1.02885e-20 -0.9 -0.9)
(0.1 -0.9 -0.9)
(0.2 -0.9 -0.9)
(0.3 -0.9 -0.9)
(0.4 -0.9 -0.9)
(0.5 -0.9 -0.9)
(0.6 -0.9 -0.9)
(0.7 -0.9 -0.9)
(0.8 -0.9 -0.9)
(0.9 -0.9 -0.9)
(1 -0.9 -0.9)
(-1 -0.8 -0.9)
(-0.9 -0.8 -0.9)
(-0.8 -0.8 -0.9)
(-0.7 -0.8 -0.9)
(-0.6 -0.8 -0.9)
(-0.5 -0.8 -0.9)
(-0.4 -0.8 -0.9)
(-0.3 -0.8 -0.9)
(-0.2 -0.8 -0.9)
(-0.1 -0.8 -0.9)
(1.6252e-19 -0.8 -0.9)
(0.1 -0.8 -0.9)
(0.2 -0.8 -0.9)
(0.3 -0.8 -0.9)
(0.4 -0.8 -0.9)
(0.5 -0.8 -0.9)
(0.6 -0.8 -0.9)
(0.7 -0.8 -0.9)
(0.8 -0.8 -0.9)
(0.9 -0.8 -0.9)
(1 -0.8 -0.9)
(-1 -0.7 -0.9)
(-0.9 -0.7 -0.9)
(-0.8 -0.7 -0.9)
(-0.7 -0.7 -0.9)
(-0.600094 -0.700076 -0.900169)
(-0.5 -0.7 -0.9)
(-0.4 -0.7 -0.9)
(-0.3 -0.7 -0.9)
(-0.2 -0.7 -0.9)
(-0.1 -0.7 -0.9)
(1.87166e-18 -0.7 -0.9)
(0.1 -0.7 -0.9)
(0.2 -0.7 -0.9)
(0.3 -0.7 -0.9)
(0.4 -0.7 -0.9)
(0.5 -0.7 -0.9)
(0.600094 -0.700076 -0.900169)
(0.7 -0.7 -0.9)
(0.8 -0.7 -0.9)
(0.9 -0.7 -0.9)
(1 -0.7 -0.9)
(-1 -0.6 -0.9)
(-0.900098 -0.600047 -0.900153)
(-0.800102 -0.600041 -0.900163)
(-0.700106 -0.600039 -0.900172)
(-0.600107 -0.600035 -0.900183)
(-0.500101 -0.600052 -0.900192)
(-0.4 -0.6 -0.9)
(-0.3 -0.6 -0.9)
(-0.2 -0.6 -0.9)
(-0.100025 -0.600215 -0.900544)
(1.85337e-10 -0.600173 -0.900562)
(0.100025 -0.600215 -0.900544)
(0.2 -0.6 -0.9)
(0.3 -0.6 -0.9)
(0.4 -0.6 -0.9)
(0.500101 -0.600052 -0.900192)
(0.600107 -0.600035 -0.900183)
(0.700106 -0.600039 -0.900172)
(0.800102 -0.600041 -0.900163)
(0.900098 -0.600047 -0.900153)
(1 -0.6 -0.9)
(-1 -0.500033 -0.900153)
(-0.900097 -0.500018 -0.900165)
(-0.8001 -0.500013 -0.900174)
(-0.700105 -0.500013 -0.900182)
(-0.600109 -0.500013 -0.900191)
(-0.500111 -0.500017 -0.900199)
(-0.400105 -0.500054 -0.900205)
(-0.3 -0.5 -0.9)
(-0.2 -0.5 -0.9)
(-0.100027 -0.500101 -0.900596)
(-1.42532e-08 -0.500053 -0.900606)
(0.100027 -0.500101 -0.900596)
(0.2 -0.5 -0.9)
(0.3 -0.5 -0.9)
(0.400105 -0.500054 -0.900205)
(0.500111 -0.500017 -0.900199)
(0.600109 -0.500013 -0.900191)
(0.700105 -0.500013 -0.900182)
(0.8001 -0.500013 -0.900174)
(0.900097 -0.500018 -0.900165)
(1 -0.500033 -0.900153)
(-1 -0.400013 -0.90016)
(-0.900096 -0.400008 -0.900169)
(-0.800101 -0.400007 -0.900178)
(-0.700106 -0.400007 -0.900186)
(-0.600111 -0.400007 -0.900195)
(-0.500114 -0.400009 -0.900204)
(-0.400108 -0.400026 -0.900215)
(-0.3 -0.4 -0.9)
(-0.200067 -0.400138 -0.900592)
(-0.100012 -0.400044 -0.90062)
(-1.78277e-08 -0.400021 -0.900624)
(0.100012 -0.400044 -0.90062)
(0.200067 -0.400138 -0.900592)
(0.3 -0.4 -0.9)
(0.400108 -0.400026 -0.900215)
(0.500114 -0.400009 -0.900204)
(0.600111 -0.400007 -0.900195)
(0.700106 -0.400007 -0.900186)
(0.800101 -0.400007 -0.900178)
(0.900096 -0.400008 -0.900169)
(1 -0.400013 -0.90016)
(-1 -0.300006 -0.900162)
(-0.900097 -0.300006 -0.900171)
(-0.800102 -0.300006 -0.90018)
(-0.700107 -0.300006 -0.900189)
(-0.600112 -0.300007 -0.900197)
(-0.500115 -0.300007 -0.900207)
(-0.400104 -0.300011 -0.900222)
(-0.300118 -0.300055 -0.900591)
(-0.200026 -0.300041 -0.900619)
(-0.100002 -0.30002 -0.900631)
(-1.8469e-08 -0.300017 -0.900635)
(0.100002 -0.30002 -0.900631)
(0.200026 -0.300041 -0.900619)
(0.300118 -0.300055 -0.900591)
(0.400104 -0.300011 -0.900222)
(0.500115 -0.300007 -0.900207)
(0.600112 -0.300007 -0.900198)
(0.700107 -0.300006 -0.900189)
(0.800102 -0.300006 -0.90018)
(0.900097 -0.300006 -0.900171)
(1 -0.300006 -0.900162)
(-1 -0.200006 -0.900163)
(-0.900097 -0.200006 -0.900171)
(-0.800102 -0.200006 -0.90018)
(-0.700107 -0.200006 -0.900189)
(-0.600112 -0.200007 -0.900198)
(-0.500116 -0.200007 -0.900208)
(-0.400103 -0.200007 -0.900224)
(-0.300103 -0.200019 -0.900599)
(-0.200016 -0.200014 -0.900624)
(-0.100001 -0.200013 -0.900635)
(-1.7939e-08 -0.200013 -0.900638)
(0.100001 -0.200013 -0.900635)
(0.200016 -0.200014 -0.900624)
(0.300103 -0.200019 -0.900599)
(0.400103 -0.200007 -0.900224)
(0.500116 -0.200007 -0.900208)
(0.600112 -0.200007 -0.900198)
(0.700107 -0.200006 -0.900189)
(0.800102 -0.200006 -0.90018)
(0.900097 -0.200006 -0.900171)
(1 -0.200006 -0.900163)
(-1 -0.100005 -0.900162)
(-0.900097 -0.100006 -0.900171)
(-0.800102 -0.100006 -0.90018)
(-0.700107 -0.100006 -0.900189)
(-0.600112 -0.100006 -0.900198)
(-0.500115 -0.100007 -0.900207)
(-0.400103 -0.100005 -0.900223)
(-0.300101 -0.0999884 -0.900597)
(-0.200015 -0.0999751 -0.900621)
(-0.100001 -0.0999731 -0.900631)
(-1.20109e-08 -0.0999729 -0.900634)
(0.100001 -0.0999731 -0.900631)
(0.200015 -0.099975 -0.900621)
(0.300101 -0.0999877 -0.900597)
(0.400103 -0.100004 -0.900223)
(0.500115 -0.100007 -0.900207)
(0.600112 -0.100006 -0.900198)
(0.700107 -0.100006 -0.900189)
(0.800102 -0.100006 -0.90018)
(0.900097 -0.100006 -0.900171)
(1 -0.100005 -0.900162)
(-1 -3.07466e-06 -0.900161)
(-0.900096 -3.44559e-06 -0.900169)
(-0.800101 -3.6533e-06 -0.900178)
(-0.700106 -3.87598e-06 -0.900187)
(-0.600111 -4.00863e-06 -0.900195)
(-0.500114 -2.9717e-06 -0.900204)
(-0.400102 6.21328e-06 -0.90022)
(-0.3 1.87036e-17 -0.9)
(-0.2 1.34288e-18 -0.9)
(-0.1 -1.12631e-17 -0.9)
(1.17159e-15 2.70202e-17 -0.9)
(0.1 2.32816e-17 -0.9)
(0.2 2.39955e-18 -0.9)
(0.3 2.5808e-19 -0.9)
(0.400102 6.52728e-06 -0.90022)
(0.500114 -2.93931e-06 -0.900205)
(0.600111 -4.00084e-06 -0.900195)
(0.700106 -3.86854e-06 -0.900187)
(0.800101 -3.64621e-06 -0.900178)
(0.900096 -3.4389e-06 -0.900169)
(1 -3.06876e-06 -0.900161)
(-1 0.100003 -0.900162)
(-0.900097 0.100004 -0.900171)
(-0.800102 0.100004 -0.90018)
(-0.700107 0.100004 -0.900189)
(-0.600112 0.100004 -0.900198)
(-0.500115 0.100004 -0.900207)
(-0.400103 0.100007 -0.900223)
(-0.300101 0.100039 -0.900596)
(-0.200015 0.100046 -0.900619)
(-0.100001 0.100048 -0.90063)
(-1.19817e-08 0.100048 -0.900633)
(0.100001 0.100048 -0.90063)
(0.200015 0.100047 -0.900619)
(0.300101 0.10004 -0.900596)
(0.400103 0.100007 -0.900223)
(0.500115 0.100004 -0.900207)
(0.600112 0.100004 -0.900198)
(0.700107 0.100004 -0.900189)
(0.800102 0.100004 -0.90018)
(0.900097 0.100004 -0.900171)
(1 0.100003 -0.900162)
(-1 0.200005 -0.900163)
(-0.900097 0.200006 -0.900171)
(-0.800102 0.200006 -0.90018)
(-0.700107 0.200006 -0.900189)
(-0.600112 0.200007 -0.900198)
(-0.500116 0.200007 -0.900208)
(-0.400103 0.200008 -0.900224)
(-0.300103 0.200025 -0.900599)
(-0.200016 0.200022 -0.900624)
(-0.100001 0.20002 -0.900635)
(-1.79342e-08 0.20002 -0.900638)
(0.100001 0.20002 -0.900634)
(0.200016 0.200022 -0.900624)
(0.300103 0.200025 -0.900599)
(0.400103 0.200008 -0.900224)
(0.500116 0.200007 -0.900208)
(0.600112 0.200007 -0.900198)
(0.700107 0.200006 -0.900189)
(0.800102 0.200006 -0.90018)
(0.900097 0.200006 -0.900171)
(1 0.200005 -0.900163)
(-1 0.300006 -0.900162)
(-0.900097 0.300006 -0.900171)
(-0.800102 0.300006 -0.90018)
(-0.700107 0.300006 -0.900189)
(-0.600112 0.300007 -0.900197)
(-0.500115 0.300007 -0.900207)
(-0.400104 0.300011 -0.900222)
(-0.300118 0.300055 -0.900591)
(-0.200026 0.300041 -0.900619)
(-0.100002 0.30002 -0.900631)
(-1.84688e-08 0.300017 -0.900635)
(0.100002 0.30002 -0.900631)
(0.200026 0.300041 -0.900619)
(0.300118 0.300055 -0.900591)
(0.400104 0.300011 -0.900222)
(0.500115 0.300007 -0.900207)
(0.600112 0.300007 -0.900198)
(0.700107 0.300006 -0.900189)
(0.800102 0.300006 -0.90018)
(0.900097 0.300006 -0.900171)
(1 0.300006 -0.900162)
(-1 0.400013 -0.90016)
(-0.900096 0.400008 -0.900169)
(-0.800101 0.400007 -0.900178)
(-0.700106 0.400007 -0.900186)
(-0.600111 0.400007 -0.900195)
(-0.500114 0.400009 -0.900204)
(-0.400108 0.400026 -0.900215)
(-0.3 0.4 -0.9)
(-0.200067 0.400138 -0.900592)
(-0.100012 0.400044 -0.90062)
(-1.78346e-08 0.400021 -0.900624)
(0.100012 0.400044 -0.90062)
(0.200067 0.400138 -0.900592)
(0.3 0.4 -0.9)
(0.400108 0.400026 -0.900215)
(0.500114 0.400009 -0.900204)
(0.600111 0.400007 -0.900195)
(0.700106 0.400007 -0.900186)
(0.800101 0.400007 -0.900178)
(0.900096 0.400008 -0.900169)
(1 0.400013 -0.90016)
(-1 0.500033 -0.900153)
(-0.900097 0.500018 -0.900165)
(-0.8001 0.500013 -0.900174)
(-0.700105 0.500013 -0.900182)
(-0.600109 0.500013 -0.900191)
(-0.500111 0.500017 -0.900199)
(-0.400105 0.500054 -0.900205)
(-0.3 0.5 -0.9)
(-0.2 0.5 -0.9)
(-0.100027 0.500101 -0.900596)
(-1.42808e-08 0.500053 -0.900606)
(0.100027 0.500101 -0.900596)
(0.2 0.5 -0.9)
(0.3 0.5 -0.9)
(0.400105 0.500054 -0.900205)
(0.500111 0.500017 -0.900199)
(0.600109 0.500013 -0.900191)
(0.700105 0.500013 -0.900182)
(0.8001 0.500013 -0.900174)
(0.900097 0.500018 -0.900165)
(1 0.500033 -0.900153)
(-1 0.6 -0.9)
(-0.900098 0.600047 -0.900153)
(-0.800102 0.600041 -0.900163)
(-0.700106 0.600039 -0.900172)
(-0.600107 0.600035 -0.900183)
(-0.500101 0.600052 -0.900192)
(-0.4 0.6 -0.9)
(-0.3 0.6 -0.9)
(-0.2 0.6 -0.9)
(-0.100025 0.600215 -0.900544)
(1.59356e-10 0.600173 -0.900562)
(0.100025 0.600215 -0.900544)
(0.2 0.6 -0.9)
(0.3 0.6 -0.9)
(0.4 0.6 -0.9)
(0.500101 0.600052 -0.900192)
(0.600107 0.600035 -0.900183)
(0.700106 0.600039 -0.900172)
(0.800102 0.600041 -0.900163)
(0.900098 0.600047 -0.900153)
(1 0.6 -0.9)
(-1 0.7 -0.9)
(-0.9 0.7 -0.9)
(-0.8 0.7 -0.9)
(-0.7 0.7 -0.9)
(-0.600094 0.700076 -0.900169)
(-0.5 0.7 -0.9)
(-0.4 0.7 -0.9)
(-0.3 0.7 -0.9)
(-0.2 0.7 -0.9)
(-0.1 0.7 -0.9)
(1.8675e-18 0.7 -0.9)
(0.1 0.7 -0.9)
(0.2 0.7 -0.9)
(0.3 0.7 -0.9)
(0.4 0.7 -0.9)
(0.5 0.7 -0.9)
(0.600094 0.700076 -0.900169)
(0.7 0.7 -0.9)
(0.8 0.7 -0.9)
(0.9 0.7 -0.9)
(1 0.7 -0.9)
(-1 0.8 -0.9)
(-0.9 0.8 -0.9)
(-0.8 0.8 -0.9)
(-0.7 0.8 -0.9)
(-0.6 0.8 -0.9)
(-0.5 0.8 -0.9)
(-0.4 0.8 -0.9)
(-0.3 0.8 -0.9)
(-0.2 0.8 -0.9)
(-0.1 0.8 -0.9)
(1.62126e-19 0.8 -0.9)
(0.1 0.8 -0.9)
(0.2 0.8 -0.9)
(0.3 0.8 -0.9)
(0.4 0.8 -0.9)
(0.5 0.8 -0.9)
(0.6 0.8 -0.9)
(0.7 0.8 -0.9)
(0.8 0.8 -0.9)
(0.9 0.8 -0.9)
(1 0.8 -0.9)
(-1 0.9 -0.9)
(-0.9 0.9 -0.9)
(-0.8 0.9 -0.9)
(-0.7 0.9 -0.9)
(-0.6 0.9 -0.9)
(-0.5 0.9 -0.9)
(-0.4 0.9 -0.9)
(-0.3 0.9 -0.9)
(-0.2 0.9 -0.9)
(-0.1 0.9 -0.9)
(1.0258e-20 0.9 -0.9)
(0.1 0.9 -0.9)
(0.2 0.9 -0.9)
(0.3 0.9 -0.9)
(0.4 0.9 -0.9)
(0.5 0.9 -0.9)
(0.6 0.9 -0.9)
(0.7 0.9 -0.9)
(0.8 0.9 -0.9)
(0.9 0.9 -0.9)
(1 0.9 -0.9)
(-1 1 -0.9)
(-0.9 1 -0.9)
(-0.8 1 -0.9)
(-0.7 1 -0.9)
(-0.6 1 -0.9)
(-0.5 1 -0.9)
(-0.4 1 -0.9)
(-0.3 1 -0.9)
(-0.2 1 -0.9)
(-0.1 1 -0.9)
(5.28439e-22 1 -0.9)
(0.1 1 -0.9)
(0.2 1 -0.9)
(0.3 1 -0.9)
(0.4 1 -0.9)
(0.5 1 -0.9)
(0.6 1 -0.9)
(0.7 1 -0.9)
(0.8 1 -0.9)
(0.9 1 -0.9)
(1 1 -0.9)
(-1 -1 -0.8)
(-0.9 -1 -0.8)
(-0.8 -1 -0.8)
(-0.7 -1 -0.8)
(-0.6 -1 -0.8)
(-0.5 -1 -0.8)
(-0.4 -1 -0.8)
(-0.3 -1 -0.8)
(-0.2 -1 -0.8)
(-0.1 -1 -0.8)
(9.1574e-21 -1 -0.8)
(0.1 -1 -0.8)
(0.2 -1 -0.8)
(0.3 -1 -0.8)
(0.4 -1 -0.8)
(0.5 -1 -0.8)
(0.6 -1 -0.8)
(0.7 -1 -0.8)
(0.8 -1 -0.8)
(0.9 -1 -0.8)
(1 -1 -0.8)
(-1 -0.9 -0.8)
(-0.9 -0.9 -0.8)
(-0.8 -0.9 -0.8)
(-0.7 -0.9 -0.8)
(-0.6 -0.9 -0.8)
(-0.5 -0.9 -0.8)
(-0.4 -0.9 -0.8)
(-0.3 -0.9 -0.8)
(-0.2 -0.9 -0.8)
(-0.1 -0.9 -0.8)
(1.32125e-19 -0.9 -0.8)
(0.1 -0.9 -0.8)
(0.2 -0.9 -0.8)
(0.3 -0.9 -0.8)
(0.4 -0.9 -0.8)
(0.5 -0.9 -0.8)
(0.6 -0.9 -0.8)
(0.7 -0.9 -0.8)
(0.8 -0.9 -0.8)
(0.9 -0.9 -0.8)
(1 -0.9 -0.8)
(-1 -0.8 -0.8)
(-0.9 -0.8 -0.8)
(-0.8 -0.8 -0.8)
(-0.7 -0.8 -0.8)
(-0.6 -0.8 -0.8)
(-0.5 -0.8 -0.8)
(-0.4 -0.8 -0.8)
(-0.3 -0.8 -0.8)
(-0.2 -0.8 -0.8)
(-0.1 -0.8 -0.8)
(1.79597e-18 -0.8 -0.8)
(0.1 -0.8 -0.8)
(0.2 -0.8 -0.8)
(0.3 -0.8 -0.8)
(0.4 -0.8 -0.8)
(0.5 -0.8 -0.8)
(0.6 -0.8 -0.8)
(0.7 -0.8 -0.8)
(0.8 -0.8 -0.8)
(0.9 -0.8 -0.8)
(1 -0.8 -0.8)
(-1 -0.7 -0.8)
(-0.9 -0.7 -0.8)
(-0.8 -0.7 -0.8)
(-0.7 -0.7 -0.8)
(-0.6 -0.7 -0.8)
(-0.5 -0.7 -0.8)
(-0.4 -0.7 -0.8)
(-0.3 -0.7 -0.8)
(-0.2 -0.7 -0.8)
(-0.1 -0.7 -0.8)
(1.88687e-17 -0.7 -0.8)
(0.1 -0.7 -0.8)
(0.2 -0.7 -0.8)
(0.3 -0.7 -0.8)
(0.4 -0.7 -0.8)
(0.5 -0.7 -0.8)
(0.6 -0.7 -0.8)
(0.7 -0.7 -0.8)
(0.8 -0.7 -0.8)
(0.9 -0.7 -0.8)
(1 -0.7 -0.8)
(-1 -0.6 -0.8)
(-0.9 -0.6 -0.8)
(-0.8 -0.6 -0.8)
(-0.7 -0.6 -0.8)
(-0.6 -0.6 -0.8)
(-0.500191 -0.600158 -0.800362)
(-0.4 -0.6 -0.8)
(-0.3 -0.6 -0.8)
(-0.2 -0.6 -0.8)
(-0.1 -0.6 -0.8)
(1.5555e-16 -0.6 -0.8)
(0.1 -0.6 -0.8)
(0.2 -0.6 -0.8)
(0.3 -0.6 -0.8)
(0.4 -0.6 -0.8)
(0.500191 -0.600158 -0.800362)
(0.6 -0.6 -0.8)
(0.7 -0.6 -0.8)
(0.8 -0.6 -0.8)
(0.9 -0.6 -0.8)
(1 -0.6 -0.8)
(-1 -0.5 -0.8)
(-0.9002 -0.500096 -0.800302)
(-0.800205 -0.500083 -0.800326)
(-0.700214 -0.500083 -0.800344)
(-0.600222 -0.500077 -0.800364)
(-0.500219 -0.500061 -0.80039)
(-0.400202 -0.500134 -0.800401)
(-0.3 -0.5 -0.8)
(-0.2 -0.5 -0.8)
(-0.100087 -0.500392 -0.801134)
(-1.08377e-08 -0.500273 -0.801179)
(0.100087 -0.500392 -0.801134)
(0.2 -0.5 -0.8)
(0.3 -0.5 -0.8)
(0.400202 -0.500134 -0.800401)
(0.500219 -0.500061 -0.80039)
(0.600222 -0.500077 -0.800364)
(0.700214 -0.500083 -0.800344)
(0.800205 -0.500083 -0.800326)
(0.9002 -0.500096 -0.800303)
(1 -0.5 -0.8)
(-1 -0.400067 -0.800299)
(-0.900197 -0.400048 -0.800322)
(-0.800201 -0.400031 -0.800345)
(-0.70021 -0.400028 -0.800364)
(-0.60022 -0.400027 -0.800382)
(-0.500227 -0.40002 -0.800402)
(-0.400228 -0.400046 -0.80042)
(-0.300193 -0.400124 -0.800439)
(-0.2 -0.4 -0.8)
(-0.100063 -0.400174 -0.801225)
(-3.23398e-08 -0.40008 -0.801243)
(0.100063 -0.400174 -0.801225)
(0.2 -0.4 -0.8)
(0.300193 -0.400124 -0.800439)
(0.400228 -0.400046 -0.80042)
(0.500227 -0.40002 -0.800402)
(0.60022 -0.400027 -0.800382)
(0.70021 -0.400028 -0.800364)
(0.800201 -0.400031 -0.800345)
(0.900197 -0.400048 -0.800322)
(1 -0.400067 -0.800299)
(-1 -0.300022 -0.800313)
(-0.900191 -0.300018 -0.800333)
(-0.8002 -0.300014 -0.800352)
(-0.70021 -0.300014 -0.800371)
(-0.600221 -0.300014 -0.800389)
(-0.50023 -0.300014 -0.800408)
(-0.400231 -0.300017 -0.800429)
(-0.30018 -0.300036 -0.80047)
(-0.20015 -0.300137 -0.801222)
(-0.100021 -0.300058 -0.801259)
(-3.66117e-08 -0.300037 -0.801268)
(0.100021 -0.300058 -0.801259)
(0.20015 -0.300137 -0.801222)
(0.30018 -0.300036 -0.80047)
(0.400231 -0.300017 -0.80043)
(0.50023 -0.300014 -0.800408)
(0.600221 -0.300014 -0.800389)
(0.70021 -0.300014 -0.800371)
(0.8002 -0.300014 -0.800352)
(0.900192 -0.300018 -0.800333)
(1 -0.300022 -0.800313)
(-1 -0.200012 -0.800315)
(-0.900191 -0.200012 -0.800335)
(-0.8002 -0.200012 -0.800353)
(-0.700211 -0.200013 -0.800372)
(-0.600222 -0.200013 -0.800391)
(-0.500232 -0.200014 -0.80041)
(-0.400231 -0.200014 -0.800432)
(-0.300175 -0.200015 -0.800476)
(-0.200117 -0.200029 -0.80124)
(-0.100012 -0.200015 -0.801269)
(-3.4106e-08 -0.200013 -0.801277)
(0.100012 -0.200015 -0.801269)
(0.200117 -0.200029 -0.80124)
(0.300175 -0.200015 -0.800476)
(0.400231 -0.200014 -0.800432)
(0.500232 -0.200014 -0.80041)
(0.600222 -0.200013 -0.800391)
(0.700211 -0.200013 -0.800372)
(0.8002 -0.200012 -0.800353)
(0.900191 -0.200012 -0.800335)
(1 -0.200012 -0.800315)
(-1 -0.10001 -0.800314)
(-0.900192 -0.100009 -0.800333)
(-0.8002 -0.100011 -0.800352)
(-0.70021 -0.100012 -0.800371)
(-0.600221 -0.100013 -0.800389)
(-0.50023 -0.100013 -0.800408)
(-0.40023 -0.100009 -0.80043)
(-0.300174 -0.099997 -0.800473)
(-0.200112 -0.0999221 -0.801231)
(-0.100012 -0.0998971 -0.801257)
(-1.61287e-08 -0.0998943 -0.801264)
(0.100011 -0.099897 -0.801257)
(0.200112 -0.0999206 -0.801231)
(0.300174 -0.0999947 -0.800474)
(0.40023 -0.100009 -0.80043)
(0.50023 -0.100013 -0.800408)
(0.600221 -0.100013 -0.80039)
(0.70021 -0.100012 -0.800371)
(0.8002 -0.100011 -0.800352)
(0.900192 -0.100009 -0.800333)
(1 -0.10001 -0.800314)
(-1 -5.81043e-06 -0.800312)
(-0.900191 -5.05192e-06 -0.800329)
(-0.8002 -5.52322e-06 -0.800347)
(-0.700208 -7.34533e-06 -0.800366)
(-0.600218 -7.58745e-06 -0.800385)
(-0.500227 -3.7359e-06 -0.800402)
(-0.400227 1.13432e-05 -0.800424)
(-0.300171 4.42459e-05 -0.800464)
(-0.2 4.63803e-17 -0.8)
(-0.1 6.99479e-17 -0.8)
(1.07537e-14 3.82071e-16 -0.8)
(0.1 1.97829e-16 -0.8)
(0.2 5.83666e-17 -0.8)
(0.300171 4.99757e-05 -0.800463)
(0.400227 1.34286e-05 -0.800424)
(0.500227 -3.43207e-06 -0.800403)
(0.600218 -7.55686e-06 -0.800385)
(0.700208 -7.33061e-06 -0.800367)
(0.8002 -5.50938e-06 -0.800347)
(0.900191 -5.03896e-06 -0.80033)
(1 -5.79913e-06 -0.800312)
(-1 0.100006 -0.800315)
(-0.90019 0.100007 -0.800334)
(-0.8002 0.100008 -0.800352)
(-0.70021 0.100008 -0.800371)
(-0.600221 0.100008 -0.80039)
(-0.500231 0.100009 -0.800408)
(-0.40023 0.100013 -0.80043)
(-0.300174 0.100018 -0.800473)
(-0.200112 0.100048 -0.801232)
(-0.100012 0.100043 -0.80126)
(-1.60977e-08 0.100042 -0.801268)
(0.100012 0.100043 -0.80126)
(0.200112 0.100049 -0.801232)
(0.300174 0.100021 -0.800473)
(0.40023 0.100013 -0.80043)
(0.500231 0.100009 -0.800408)
(0.600221 0.100008 -0.80039)
(0.70021 0.100008 -0.800371)
(0.8002 0.100008 -0.800352)
(0.90019 0.100007 -0.800334)
(1 0.100006 -0.800315)
(-1 0.200011 -0.800315)
(-0.900191 0.200011 -0.800335)
(-0.8002 0.200012 -0.800353)
(-0.700211 0.200012 -0.800372)
(-0.600222 0.200013 -0.800391)
(-0.500232 0.200013 -0.80041)
(-0.400231 0.200014 -0.800432)
(-0.300175 0.200016 -0.800476)
(-0.200117 0.20004 -0.80124)
(-0.100012 0.200029 -0.801268)
(-3.40891e-08 0.200028 -0.801276)
(0.100012 0.200029 -0.801268)
(0.200117 0.20004 -0.80124)
(0.300175 0.200016 -0.800476)
(0.400231 0.200014 -0.800432)
(0.500232 0.200013 -0.80041)
(0.600222 0.200013 -0.800391)
(0.700211 0.200012 -0.800372)
(0.8002 0.200012 -0.800353)
(0.900191 0.200011 -0.800335)
(1 0.200011 -0.800315)
(-1 0.300022 -0.800313)
(-0.900191 0.300018 -0.800333)
(-0.8002 0.300014 -0.800352)
(-0.70021 0.300014 -0.800371)
(-0.600221 0.300014 -0.800389)
(-0.50023 0.300014 -0.800408)
(-0.400231 0.300017 -0.800429)
(-0.30018 0.300036 -0.80047)
(-0.200153 0.300129 -0.801222)
(-0.100022 0.300057 -0.801259)
(-3.66175e-08 0.300037 -0.801268)
(0.100022 0.300057 -0.801259)
(0.200153 0.300129 -0.801222)
(0.30018 0.300036 -0.80047)
(0.400231 0.300017 -0.80043)
(0.50023 0.300014 -0.800408)
(0.600221 0.300014 -0.800389)
(0.70021 0.300014 -0.800371)
(0.8002 0.300014 -0.800352)
(0.900192 0.300018 -0.800333)
(1 0.300022 -0.800313)
(-1 0.400067 -0.800299)
(-0.900197 0.400048 -0.800322)
(-0.800201 0.400031 -0.800345)
(-0.70021 0.400028 -0.800364)
(-0.60022 0.400027 -0.800382)
(-0.500227 0.40002 -0.800402)
(-0.400228 0.400046 -0.80042)
(-0.300193 0.400124 -0.800439)
(-0.2 0.4 -0.8)
(-0.100063 0.400174 -0.801225)
(-3.24004e-08 0.40008 -0.801243)
(0.100063 0.400174 -0.801225)
(0.2 0.4 -0.8)
(0.300193 0.400124 -0.800439)
(0.400228 0.400046 -0.80042)
(0.500227 0.40002 -0.800402)
(0.60022 0.400027 -0.800382)
(0.70021 0.400028 -0.800364)
(0.800201 0.400031 -0.800345)
(0.900197 0.400048 -0.800322)
(1 0.400067 -0.800299)
(-1 0.5 -0.8)
(-0.9002 0.500096 -0.800302)
(-0.800205 0.500083 -0.800326)
(-0.700214 0.500083 -0.800344)
(-0.600222 0.500077 -0.800364)
(-0.500219 0.500061 -0.80039)
(-0.400202 0.500134 -0.800401)
(-0.3 0.5 -0.8)
(-0.2 0.5 -0.8)
(-0.100087 0.500392 -0.801134)
(-1.09752e-08 0.500273 -0.801179)
(0.100087 0.500392 -0.801134)
(0.2 0.5 -0.8)
(0.3 0.5 -0.8)
(0.400202 0.500134 -0.800401)
(0.500219 0.500061 -0.80039)
(0.600222 0.500077 -0.800364)
(0.700214 0.500083 -0.800344)
(0.800205 0.500083 -0.800326)
(0.9002 0.500096 -0.800303)
(1 0.5 -0.8)
(-1 0.6 -0.8)
(-0.9 0.6 -0.8)
(-0.8 0.6 -0.8)
(-0.7 0.6 -0.8)
(-0.6 0.6 -0.8)
(-0.500191 0.600158 -0.800362)
(-0.4 0.6 -0.8)
(-0.3 0.6 -0.8)
(-0.2 0.6 -0.8)
(-0.1 0.6 -0.8)
(1.55149e-16 0.6 -0.8)
(0.1 0.6 -0.8)
(0.2 0.6 -0.8)
(0.3 0.6 -0.8)
(0.4 0.6 -0.8)
(0.500191 0.600158 -0.800362)
(0.6 0.6 -0.8)
(0.7 0.6 -0.8)
(0.8 0.6 -0.8)
(0.9 0.6 -0.8)
(1 0.6 -0.8)
(-1 0.7 -0.8)
(-0.9 0.7 -0.8)
(-0.8 0.7 -0.8)
(-0.7 0.7 -0.8)
(-0.6 0.7 -0.8)
(-0.5 0.7 -0.8)
(-0.4 0.7 -0.8)
(-0.3 0.7 -0.8)
(-0.2 0.7 -0.8)
(-0.1 0.7 -0.8)
(1.88177e-17 0.7 -0.8)
(0.1 0.7 -0.8)
(0.2 0.7 -0.8)
(0.3 0.7 -0.8)
(0.4 0.7 -0.8)
(0.5 0.7 -0.8)
(0.6 0.7 -0.8)
(0.7 0.7 -0.8)
(0.8 0.7 -0.8)
(0.9 0.7 -0.8)
(1 0.7 -0.8)
(-1 0.8 -0.8)
(-0.9 0.8 -0.8)
(-0.8 0.8 -0.8)
(-0.7 0.8 -0.8)
(-0.6 0.8 -0.8)
(-0.5 0.8 -0.8)
(-0.4 0.8 -0.8)
(-0.3 0.8 -0.8)
(-0.2 0.8 -0.8)
(-0.1 0.8 -0.8)
(1.79093e-18 0.8 -0.8)
(0.1 0.8 -0.8)
(0.2 0.8 -0.8)
(0.3 0.8 -0.8)
(0.4 0.8 -0.8)
(0.5 0.8 -0.8)
(0.6 0.8 -0.8)
(0.7 0.8 -0.8)
(0.8 0.8 -0.8)
(0.9 0.8 -0.8)
(1 0.8 -0.8)
(-1 0.9 -0.8)
(-0.9 0.9 -0.8)
(-0.8 0.9 -0.8)
(-0.7 0.9 -0.8)
(-0.6 0.9 -0.8)
(-0.5 0.9 -0.8)
(-0.4 0.9 -0.8)
(-0.3 0.9 -0.8)
(-0.2 0.9 -0.8)
(-0.1 0.9 -0.8)
(1.31707e-19 0.9 -0.8)
(0.1 0.9 -0.8)
(0.2 0.9 -0.8)
(0.3 0.9 -0.8)
(0.4 0.9 -0.8)
(0.5 0.9 -0.8)
(0.6 0.9 -0.8)
(0.7 0.9 -0.8)
(0.8 0.9 -0.8)
(0.9 0.9 -0.8)
(1 0.9 -0.8)
(-1 1 -0.8)
(-0.9 1 -0.8)
(-0.8 1 -0.8)
(-0.7 1 -0.8)
(-0.6 1 -0.8)
(-0.5 1 -0.8)
(-0.4 1 -0.8)
(-0.3 1 -0.8)
(-0.2 1 -0.8)
(-0.1 1 -0.8)
(9.11884e-21 1 -0.8)
(0.1 1 -0.8)
(0.2 1 -0.8)
(0.3 1 -0.8)
(0.4 1 -0.8)
(0.5 1 -0.8)
(0.6 1 -0.8)
(0.7 1 -0.8)
(0.8 1 -0.8)
(0.9 1 -0.8)
(1 1 -0.8)
(-1 -1 -0.7)
(-0.9 -1 -0.7)
(-0.8 -1 -0.7)
(-0.7 -1 -0.7)
(-0.6 -1 -0.7)
(-0.5 -1 -0.7)
(-0.4 -1 -0.7)
(-0.3 -1 -0.7)
(-0.2 -1 -0.7)
(-0.1 -1 -0.7)
(9.46961e-20 -1 -0.7)
(0.1 -1 -0.7)
(0.2 -1 -0.7)
(0.3 -1 -0.7)
(0.4 -1 -0.7)
(0.5 -1 -0.7)
(0.6 -1 -0.7)
(0.7 -1 -0.7)
(0.8 -1 -0.7)
(0.9 -1 -0.7)
(1 -1 -0.7)
(-1 -0.9 -0.7)
(-0.9 -0.9 -0.7)
(-0.8 -0.9 -0.7)
(-0.7 -0.9 -0.7)
(-0.6 -0.9 -0.7)
(-0.5 -0.9 -0.7)
(-0.4 -0.9 -0.7)
(-0.3 -0.9 -0.7)
(-0.2 -0.9 -0.7)
(-0.1 -0.9 -0.7)
(1.21394e-18 -0.9 -0.7)
(0.1 -0.9 -0.7)
(0.2 -0.9 -0.7)
(0.3 -0.9 -0.7)
(0.4 -0.9 -0.7)
(0.5 -0.9 -0.7)
(0.6 -0.9 -0.7)
(0.7 -0.9 -0.7)
(0.8 -0.9 -0.7)
(0.9 -0.9 -0.7)
(1 -0.9 -0.7)
(-1 -0.8 -0.7)
(-0.9 -0.8 -0.7)
(-0.8 -0.8 -0.7)
(-0.7 -0.8 -0.7)
(-0.6 -0.8 -0.7)
(-0.5 -0.8 -0.7)
(-0.4 -0.8 -0.7)
(-0.3 -0.8 -0.7)
(-0.2 -0.8 -0.7)
(-0.1 -0.8 -0.7)
(1.51533e-17 -0.8 -0.7)
(0.1 -0.8 -0.7)
(0.2 -0.8 -0.7)
(0.3 -0.8 -0.7)
(0.4 -0.8 -0.7)
(0.5 -0.8 -0.7)
(0.6 -0.8 -0.7)
(0.7 -0.8 -0.7)
(0.8 -0.8 -0.7)
(0.9 -0.8 -0.7)
(1 -0.8 -0.7)
(-1 -0.7 -0.7)
(-0.9 -0.7 -0.7)
(-0.8 -0.7 -0.7)
(-0.7 -0.7 -0.7)
(-0.6 -0.7 -0.7)
(-0.5 -0.7 -0.7)
(-0.4 -0.7 -0.7)
(-0.3 -0.7 -0.7)
(-0.2 -0.7 -0.7)
(-0.1 -0.7 -0.7)
(1.3214e-16 -0.7 -0.7)
(0.1 -0.7 -0.7)
(0.2 -0.7 -0.7)
(0.3 -0.7 -0.7)
(0.4 -0.7 -0.7)
(0.5 -0.7 -0.7)
(0.6 -0.7 -0.7)
(0.7 -0.7 -0.7)
(0.8 -0.7 -0.7)
(0.9 -0.7 -0.7)
(1 -0.7 -0.7)
(-1 -0.6 -0.7)
(-0.9 -0.6 -0.7)
(-0.8 -0.6 -0.7)
(-0.7 -0.6 -0.7)
(-0.6 -0.6 -0.7)
(-0.5 -0.6 -0.7)
(-0.4 -0.6 -0.7)
(-0.3 -0.6 -0.7)
(-0.2 -0.6 -0.7)
(-0.1 -0.6 -0.7)
(1.22174e-15 -0.6 -0.7)
(0.1 -0.6 -0.7)
(0.2 -0.6 -0.7)
(0.3 -0.6 -0.7)
(0.4 -0.6 -0.7)
(0.5 -0.6 -0.7)
(0.6 -0.6 -0.7)
(0.7 -0.6 -0.7)
(0.8 -0.6 -0.7)
(0.9 -0.6 -0.7)
(1 -0.6 -0.7)
(-1 -0.5 -0.7)
(-0.9 -0.5 -0.7)
(-0.8 -0.5 -0.7)
(-0.7 -0.5 -0.7)
(-0.6 -0.5 -0.7)
(-0.500311 -0.500217 -0.700548)
(-0.4 -0.5 -0.7)
(-0.3 -0.5 -0.7)
(-0.2 -0.5 -0.7)
(-0.1 -0.5 -0.7)
(1.54017e-08 -0.500729 -0.701649)
(0.1 -0.5 -0.7)
(0.2 -0.5 -0.7)
(0.3 -0.5 -0.7)
(0.4 -0.5 -0.7)
(0.500311 -0.500217 -0.700549)
(0.6 -0.5 -0.7)
(0.7 -0.5 -0.7)
(0.8 -0.5 -0.7)
(0.9 -0.5 -0.7)
(1 -0.5 -0.7)
(-1 -0.4 -0.7)
(-0.9 -0.4 -0.7)
(-0.800253 -0.400107 -0.700374)
(-0.700322 -0.400127 -0.700513)
(-0.600335 -0.400116 -0.700547)
(-0.500339 -0.400074 -0.700589)
(-0.400336 -0.400103 -0.70062)
(-0.30031 -0.400181 -0.700644)
(-0.2 -0.4 -0.7)
(-0.100153 -0.400398 -0.7018)
(-3.97666e-08 -0.400218 -0.70185)
(0.100153 -0.400398 -0.7018)
(0.2 -0.4 -0.7)
(0.300311 -0.400181 -0.700645)
(0.400337 -0.400103 -0.70062)
(0.500339 -0.400074 -0.700589)
(0.600335 -0.400116 -0.700547)
(0.700322 -0.400127 -0.700513)
(0.800253 -0.400107 -0.700374)
(0.9 -0.4 -0.7)
(1 -0.4 -0.7)
(-1 -0.300023 -0.700161)
(-0.900163 -0.300029 -0.700248)
(-0.80024 -0.300032 -0.700402)
(-0.700313 -0.30004 -0.700541)
(-0.600328 -0.300036 -0.700572)
(-0.500342 -0.300025 -0.700603)
(-0.400351 -0.300031 -0.700634)
(-0.300312 -0.300056 -0.700682)
(-0.200329 -0.300299 -0.701796)
(-0.100058 -0.300122 -0.701883)
(-5.25699e-08 -0.300057 -0.701901)
(0.100058 -0.300123 -0.701883)
(0.200329 -0.300299 -0.701796)
(0.300312 -0.300056 -0.700682)
(0.400351 -0.30003 -0.700634)
(0.500342 -0.300025 -0.700603)
(0.600328 -0.300036 -0.700572)
(0.700313 -0.30004 -0.700542)
(0.80024 -0.300032 -0.700402)
(0.900163 -0.300029 -0.700248)
(1 -0.300023 -0.700161)
(-1 -0.200008 -0.700165)
(-0.900161 -0.200009 -0.700253)
(-0.800239 -0.200014 -0.700406)
(-0.700311 -0.20002 -0.700547)
(-0.600327 -0.200021 -0.700577)
(-0.500343 -0.20002 -0.700607)
(-0.400354 -0.200019 -0.700638)
(-0.300312 -0.200016 -0.700689)
(-0.200305 -0.200018 -0.701837)
(-0.100046 -0.199951 -0.7019)
(-3.9605e-08 -0.19994 -0.701914)
(0.100046 -0.199951 -0.7019)
(0.200305 -0.200018 -0.701837)
(0.300312 -0.200016 -0.700689)
(0.400354 -0.200019 -0.700638)
(0.500343 -0.20002 -0.700607)
(0.600327 -0.200021 -0.700577)
(0.700311 -0.20002 -0.700547)
(0.800239 -0.200014 -0.700406)
(0.900161 -0.200009 -0.700253)
(1 -0.200008 -0.700165)
(-1 -0.100004 -0.700163)
(-0.900171 -0.0999986 -0.700245)
(-0.800248 -0.100006 -0.700399)
(-0.700312 -0.100016 -0.700544)
(-0.600326 -0.100018 -0.700575)
(-0.500342 -0.100011 -0.700604)
(-0.400352 -0.0999941 -0.700634)
(-0.30031 -0.0999658 -0.700685)
(-0.2 -0.1 -0.7)
(-0.1 -0.1 -0.7)
(1.55977e-13 -0.1 -0.7)
(0.1 -0.1 -0.7)
(0.2 -0.1 -0.7)
(0.30031 -0.0999648 -0.700685)
(0.400352 -0.099994 -0.700634)
(0.500342 -0.100011 -0.700604)
(0.600326 -0.100018 -0.700575)
(0.700312 -0.100016 -0.700544)
(0.800248 -0.100006 -0.700399)
(0.900171 -0.0999986 -0.700245)
(1 -0.100004 -0.700163)
(-1 -1.05621e-06 -0.700161)
(-0.900172 6.70171e-06 -0.70024)
(-0.800258 9.46934e-06 -0.700386)
(-0.700317 -2.90872e-06 -0.700532)
(-0.600323 -3.08702e-06 -0.700566)
(-0.500336 2.19705e-05 -0.700595)
(-0.4 1.37781e-17 -0.7)
(-0.3 9.58749e-17 -0.7)
(-0.2 2.9063e-16 -0.7)
(-0.1 9.43625e-16 -0.7)
(8.41685e-14 4.05553e-15 -0.7)
(0.1 1.88982e-15 -0.7)
(0.2 3.61325e-16 -0.7)
(0.3 9.75566e-17 -0.7)
(0.4 2.46238e-18 -0.7)
(0.500336 2.21059e-05 -0.700595)
(0.600323 -3.06591e-06 -0.700567)
(0.700317 -2.888e-06 -0.700532)
(0.800258 9.4835e-06 -0.700386)
(0.900172 6.70988e-06 -0.700241)
(1 -1.05129e-06 -0.700161)
(-1 0.100004 -0.700165)
(-0.90016 0.100008 -0.700252)
(-0.800242 0.100013 -0.700402)
(-0.700312 0.100013 -0.700544)
(-0.600326 0.100013 -0.700575)
(-0.500342 0.100021 -0.700604)
(-0.400351 0.100034 -0.700634)
(-0.30031 0.100023 -0.700685)
(-0.2 0.1 -0.7)
(-0.1 0.1 -0.7)
(1.5531e-13 0.1 -0.7)
(0.1 0.1 -0.7)
(0.2 0.1 -0.7)
(0.30031 0.100024 -0.700685)
(0.400351 0.100034 -0.700634)
(0.500342 0.100021 -0.700604)
(0.600326 0.100013 -0.700575)
(0.700312 0.100013 -0.700544)
(0.800242 0.100013 -0.700402)
(0.90016 0.100008 -0.700252)
(1 0.100004 -0.700165)
(-1 0.200008 -0.700165)
(-0.900157 0.200011 -0.700255)
(-0.800238 0.200015 -0.700407)
(-0.700311 0.20002 -0.700547)
(-0.600327 0.20002 -0.700577)
(-0.500343 0.200021 -0.700607)
(-0.400353 0.200023 -0.700637)
(-0.300312 0.20002 -0.700689)
(-0.200311 0.200014 -0.701836)
(-0.100048 0.199969 -0.701901)
(-3.9457e-08 0.199962 -0.701915)
(0.100047 0.199969 -0.701901)
(0.200311 0.200014 -0.701836)
(0.300312 0.20002 -0.700689)
(0.400354 0.200023 -0.700638)
(0.500343 0.200021 -0.700607)
(0.600327 0.20002 -0.700577)
(0.700311 0.200019 -0.700547)
(0.800238 0.200015 -0.700407)
(0.900157 0.200011 -0.700255)
(1 0.200008 -0.700165)
(-1 0.300023 -0.700161)
(-0.900163 0.300029 -0.700249)
(-0.80024 0.300032 -0.700402)
(-0.700313 0.30004 -0.700541)
(-0.600328 0.300036 -0.700572)
(-0.500342 0.300025 -0.700603)
(-0.400351 0.30003 -0.700634)
(-0.300314 0.300046 -0.700681)
(-0.200356 0.30021 -0.701803)
(-0.100067 0.300097 -0.701884)
(-5.32484e-08 0.300054 -0.701901)
(0.100067 0.300097 -0.701884)
(0.200356 0.30021 -0.701803)
(0.300314 0.300046 -0.700682)
(0.400351 0.30003 -0.700634)
(0.500342 0.300025 -0.700603)
(0.600328 0.300036 -0.700572)
(0.700313 0.30004 -0.700542)
(0.80024 0.300032 -0.700402)
(0.900163 0.300029 -0.700249)
(1 0.300023 -0.700161)
(-1 0.4 -0.7)
(-0.9 0.4 -0.7)
(-0.800253 0.400107 -0.700374)
(-0.700322 0.400127 -0.700513)
(-0.600335 0.400116 -0.700547)
(-0.500339 0.400074 -0.700589)
(-0.400336 0.400103 -0.70062)
(-0.300311 0.40018 -0.700645)
(-0.2 0.4 -0.7)
(-0.100155 0.400394 -0.701801)
(-3.99886e-08 0.400218 -0.70185)
(0.100155 0.400394 -0.701801)
(0.2 0.4 -0.7)
(0.300311 0.40018 -0.700645)
(0.400337 0.400103 -0.70062)
(0.500339 0.400074 -0.700589)
(0.600335 0.400116 -0.700547)
(0.700322 0.400127 -0.700513)
(0.800253 0.400107 -0.700374)
(0.9 0.4 -0.7)
(1 0.4 -0.7)
(-1 0.5 -0.7)
(-0.9 0.5 -0.7)
(-0.8 0.5 -0.7)
(-0.7 0.5 -0.7)
(-0.6 0.5 -0.7)
(-0.500311 0.500217 -0.700548)
(-0.4 0.5 -0.7)
(-0.3 0.5 -0.7)
(-0.2 0.5 -0.7)
(-0.1 0.5 -0.7)
(1.48084e-08 0.500729 -0.701649)
(0.1 0.5 -0.7)
(0.2 0.5 -0.7)
(0.3 0.5 -0.7)
(0.4 0.5 -0.7)
(0.500311 0.500217 -0.700549)
(0.6 0.5 -0.7)
(0.7 0.5 -0.7)
(0.8 0.5 -0.7)
(0.9 0.5 -0.7)
(1 0.5 -0.7)
(-1 0.6 -0.7)
(-0.9 0.6 -0.7)
(-0.8 0.6 -0.7)
(-0.7 0.6 -0.7)
(-0.6 0.6 -0.7)
(-0.5 0.6 -0.7)
(-0.4 0.6 -0.7)
(-0.3 0.6 -0.7)
(-0.2 0.6 -0.7)
(-0.1 0.6 -0.7)
(1.19959e-15 0.6 -0.7)
(0.1 0.6 -0.7)
(0.2 0.6 -0.7)
(0.3 0.6 -0.7)
(0.4 0.6 -0.7)
(0.5 0.6 -0.7)
(0.6 0.6 -0.7)
(0.7 0.6 -0.7)
(0.8 0.6 -0.7)
(0.9 0.6 -0.7)
(1 0.6 -0.7)
(-1 0.7 -0.7)
(-0.9 0.7 -0.7)
(-0.8 0.7 -0.7)
(-0.7 0.7 -0.7)
(-0.6 0.7 -0.7)
(-0.5 0.7 -0.7)
(-0.4 0.7 -0.7)
(-0.3 0.7 -0.7)
(-0.2 0.7 -0.7)
(-0.1 0.7 -0.7)
(1.50165e-16 0.7 -0.7)
(0.1 0.7 -0.7)
(0.2 0.7 -0.7)
(0.3 0.7 -0.7)
(0.4 0.7 -0.7)
(0.5 0.7 -0.7)
(0.6 0.7 -0.7)
(0.7 0.7 -0.7)
(0.8 0.7 -0.7)
(0.9 0.7 -0.7)
(1 0.7 -0.7)
(-1 0.8 -0.7)
(-0.9 0.8 -0.7)
(-0.8 0.8 -0.7)
(-0.7 0.8 -0.7)
(-0.6 0.8 -0.7)
(-0.5 0.8 -0.7)
(-0.4 0.8 -0.7)
(-0.3 0.8 -0.7)
(-0.2 0.8 -0.7)
(-0.1 0.8 -0.7)
(1.51023e-17 0.8 -0.7)
(0.1 0.8 -0.7)
(0.2 0.8 -0.7)
(0.3 0.8 -0.7)
(0.4 0.8 -0.7)
(0.5 0.8 -0.7)
(0.6 0.8 -0.7)
(0.7 0.8 -0.7)
(0.8 0.8 -0.7)
(0.9 0.8 -0.7)
(1 0.8 -0.7)
(-1 0.9 -0.7)
(-0.9 0.9 -0.7)
(-0.8 0.9 -0.7)
(-0.7 0.9 -0.7)
(-0.6 0.9 -0.7)
(-0.5 0.9 -0.7)
(-0.4 0.9 -0.7)
(-0.3 0.9 -0.7)
(-0.2 0.9 -0.7)
(-0.1 0.9 -0.7)
(1.20946e-18 0.9 -0.7)
(0.1 0.9 -0.7)
(0.2 0.9 -0.7)
(0.3 0.9 -0.7)
(0.4 0.9 -0.7)
(0.5 0.9 -0.7)
(0.6 0.9 -0.7)
(0.7 0.9 -0.7)
(0.8 0.9 -0.7)
(0.9 0.9 -0.7)
(1 0.9 -0.7)
(-1 1 -0.7)
(-0.9 1 -0.7)
(-0.8 1 -0.7)
(-0.7 1 -0.7)
(-0.6 1 -0.7)
(-0.5 1 -0.7)
(-0.4 1 -0.7)
(-0.3 1 -0.7)
(-0.2 1 -0.7)
(-0.1 1 -0.7)
(9.42508e-20 1 -0.7)
(0.1 1 -0.7)
(0.2 1 -0.7)
(0.3 1 -0.7)
(0.4 1 -0.7)
(0.5 1 -0.7)
(0.6 1 -0.7)
(0.7 1 -0.7)
(0.8 1 -0.7)
(0.9 1 -0.7)
(1 1 -0.7)
(-1 -1 -0.6)
(-0.9 -1 -0.6)
(-0.8 -1 -0.6)
(-0.7 -1 -0.6)
(-0.6 -1 -0.6)
(-0.5 -1 -0.6)
(-0.4 -1 -0.6)
(-0.3 -1 -0.6)
(-0.2 -1 -0.6)
(-0.1 -1 -0.6)
(6.34648e-19 -1 -0.6)
(0.1 -1 -0.6)
(0.2 -1 -0.6)
(0.3 -1 -0.6)
(0.4 -1 -0.6)
(0.5 -1 -0.6)
(0.6 -1 -0.6)
(0.7 -1 -0.6)
(0.8 -1 -0.6)
(0.9 -1 -0.6)
(1 -1 -0.6)
(-1 -0.9 -0.6)
(-0.9 -0.9 -0.6)
(-0.8 -0.9 -0.6)
(-0.7 -0.9 -0.6)
(-0.6 -0.9 -0.6)
(-0.5 -0.9 -0.6)
(-0.4 -0.9 -0.6)
(-0.3 -0.9 -0.6)
(-0.2 -0.9 -0.6)
(-0.1 -0.9 -0.6)
(8.00923e-18 -0.9 -0.6)
(0.1 -0.9 -0.6)
(0.2 -0.9 -0.6)
(0.3 -0.9 -0.6)
(0.4 -0.9 -0.6)
(0.5 -0.9 -0.6)
(0.6 -0.9 -0.6)
(0.7 -0.9 -0.6)
(0.8 -0.9 -0.6)
(0.9 -0.9 -0.6)
(1 -0.9 -0.6)
(-1 -0.8 -0.6)
(-0.9 -0.8 -0.6)
(-0.8 -0.8 -0.6)
(-0.7 -0.8 -0.6)
(-0.6 -0.8 -0.6)
(-0.5 -0.8 -0.6)
(-0.4 -0.8 -0.6)
(-0.3 -0.8 -0.6)
(-0.2 -0.8 -0.6)
(-0.1 -0.8 -0.6)
(9.68472e-17 -0.8 -0.6)
(0.1 -0.8 -0.6)
(0.2 -0.8 -0.6)
(0.3 -0.8 -0.6)
(0.4 -0.8 -0.6)
(0.5 -0.8 -0.6)
(0.6 -0.8 -0.6)
(0.7 -0.8 -0.6)
(0.8 -0.8 -0.6)
(0.9 -0.8 -0.6)
(1 -0.8 -0.6)
(-1 -0.7 -0.6)
(-0.9 -0.7 -0.6)
(-0.8 -0.7 -0.6)
(-0.7 -0.7 -0.6)
(-0.6 -0.7 -0.6)
(-0.5 -0.7 -0.6)
(-0.4 -0.7 -0.6)
(-0.3 -0.7 -0.6)
(-0.2 -0.7 -0.6)
(-0.1 -0.7 -0.6)
(9.44768e-16 -0.7 -0.6)
(0.1 -0.7 -0.6)
(0.2 -0.7 -0.6)
(0.3 -0.7 -0.6)
(0.4 -0.7 -0.6)
(0.5 -0.7 -0.6)
(0.6 -0.7 -0.6)
(0.7 -0.7 -0.6)
(0.8 -0.7 -0.6)
(0.9 -0.7 -0.6)
(1 -0.7 -0.6)
(-1 -0.6 -0.6)
(-0.900184 -0.600066 -0.600088)
(-0.8 -0.6 -0.6)
(-0.7 -0.6 -0.6)
(-0.6 -0.6 -0.6)
(-0.5 -0.6 -0.6)
(-0.4 -0.6 -0.6)
(-0.3 -0.6 -0.6)
(-0.2 -0.6 -0.6)
(-0.1 -0.6 -0.6)
(7.51104e-15 -0.6 -0.6)
(0.1 -0.6 -0.6)
(0.2 -0.6 -0.6)
(0.3 -0.6 -0.6)
(0.4 -0.6 -0.6)
(0.5 -0.6 -0.6)
(0.6 -0.6 -0.6)
(0.7 -0.6 -0.6)
(0.8 -0.6 -0.6)
(0.900184 -0.600066 -0.600088)
(1 -0.6 -0.6)
(-1 -0.5 -0.6)
(-0.900187 -0.50005 -0.600105)
(-0.8 -0.5 -0.6)
(-0.7 -0.5 -0.6)
(-0.6 -0.5 -0.6)
(-0.5 -0.5 -0.6)
(-0.4 -0.5 -0.6)
(-0.3 -0.5 -0.6)
(-0.2 -0.5 -0.6)
(-0.1 -0.5 -0.6)
(4.86296e-14 -0.5 -0.6)
(0.1 -0.5 -0.6)
(0.2 -0.5 -0.6)
(0.3 -0.5 -0.6)
(0.4 -0.5 -0.6)
(0.5 -0.5 -0.6)
(0.6 -0.5 -0.6)
(0.7 -0.5 -0.6)
(0.8 -0.5 -0.6)
(0.900187 -0.50005 -0.600105)
(1 -0.5 -0.6)
(-1 -0.4 -0.6)
(-0.900183 -0.400039 -0.600124)
(-0.8 -0.4 -0.6)
(-0.7 -0.4 -0.6)
(-0.6 -0.4 -0.6)
(-0.500458 -0.400232 -0.600733)
(-0.400444 -0.400229 -0.600793)
(-0.300407 -0.400308 -0.60083)
(-0.2 -0.4 -0.6)
(-0.100289 -0.40076 -0.602315)
(-2.71217e-08 -0.400545 -0.602411)
(0.100289 -0.400762 -0.602314)
(0.2 -0.4 -0.6)
(0.300407 -0.400308 -0.60083)
(0.400444 -0.400229 -0.600793)
(0.500458 -0.400232 -0.600734)
(0.6 -0.4 -0.6)
(0.7 -0.4 -0.6)
(0.8 -0.4 -0.6)
(0.900183 -0.400039 -0.600124)
(1 -0.4 -0.6)
(-1 -0.3 -0.6)
(-0.900166 -0.300014 -0.600159)
(-0.800281 -0.300051 -0.60035)
(-0.70036 -0.30011 -0.600547)
(-0.600441 -0.300114 -0.600733)
(-0.500456 -0.300071 -0.600785)
(-0.400469 -0.300065 -0.60083)
(-0.300452 -0.300123 -0.600878)
(-0.2 -0.3 -0.6)
(-0.1002 -0.300292 -0.602487)
(-3.6656e-07 -0.300143 -0.602528)
(0.100198 -0.300308 -0.602485)
(0.2 -0.3 -0.6)
(0.300452 -0.300123 -0.600878)
(0.400469 -0.300065 -0.60083)
(0.500456 -0.300071 -0.600785)
(0.600442 -0.300114 -0.600733)
(0.70036 -0.30011 -0.600547)
(0.800281 -0.300051 -0.60035)
(0.900166 -0.300014 -0.600159)
(1 -0.3 -0.6)
(-1 -0.2 -0.6)
(-0.900165 -0.200001 -0.600161)
(-0.800279 -0.200013 -0.600358)
(-0.700351 -0.200033 -0.600566)
(-0.600432 -0.200034 -0.600752)
(-0.500452 -0.200027 -0.600796)
(-0.400473 -0.200027 -0.600837)
(-0.300469 -0.200038 -0.600885)
(-0.200338 -0.200058 -0.600975)
(-0.100211 -0.199959 -0.602523)
(-6.19401e-07 -0.199904 -0.602552)
(0.100207 -0.199951 -0.602523)
(0.200337 -0.200058 -0.600976)
(0.300469 -0.200038 -0.600886)
(0.400473 -0.200026 -0.600837)
(0.500452 -0.200027 -0.600796)
(0.600432 -0.200034 -0.600752)
(0.700351 -0.200033 -0.600566)
(0.800279 -0.200013 -0.600358)
(0.900165 -0.200001 -0.600161)
(1 -0.2 -0.6)
(-1 -0.1 -0.6)
(-0.9 -0.1 -0.6)
(-0.800307 -0.0999824 -0.600331)
(-0.700365 -0.100005 -0.600554)
(-0.600436 -0.100009 -0.600745)
(-0.50045 -0.0999949 -0.600792)
(-0.400469 -0.0999827 -0.600833)
(-0.30046 -0.0999591 -0.600882)
(-0.200316 -0.0998767 -0.600968)
(-0.1 -0.1 -0.6)
(1.09653e-12 -0.1 -0.6)
(0.1 -0.1 -0.6)
(0.200316 -0.0998766 -0.600969)
(0.30046 -0.099959 -0.600882)
(0.400469 -0.0999827 -0.600833)
(0.500451 -0.0999947 -0.600792)
(0.600436 -0.100009 -0.600746)
(0.700365 -0.100005 -0.600555)
(0.800307 -0.0999823 -0.600332)
(0.9 -0.1 -0.6)
(1 -0.1 -0.6)
(-1 -2.41139e-22 -0.6)
(-0.9 -4.315e-21 -0.6)
(-0.8 -5.11375e-21 -0.6)
(-0.700394 3.90193e-05 -0.600522)
(-0.600441 3.98739e-05 -0.600727)
(-0.5 2.98836e-17 -0.6)
(-0.4 1.06102e-16 -0.6)
(-0.3 7.40809e-16 -0.6)
(-0.2 1.58883e-15 -0.6)
(-0.1 3.31593e-15 -0.6)
(5.57442e-13 1.3499e-14 -0.6)
(0.1 2.55832e-15 -0.6)
(0.2 1.34679e-15 -0.6)
(0.3 6.86671e-16 -0.6)
(0.4 8.12864e-17 -0.6)
(0.5 1.86155e-17 -0.6)
(0.600442 4.00545e-05 -0.600727)
(0.700394 3.90359e-05 -0.600522)
(0.8 1.83903e-17 -0.6)
(0.9 -1.6731e-20 -0.6)
(1 -1.83515e-21 -0.6)
(-1 0.1 -0.6)
(-0.900165 0.100013 -0.60016)
(-0.80029 0.100029 -0.600345)
(-0.70036 0.100026 -0.600557)
(-0.600431 0.100029 -0.600748)
(-0.500448 0.100047 -0.600791)
(-0.400468 0.100058 -0.600831)
(-0.30046 0.100045 -0.600882)
(-0.200319 0.0999824 -0.600975)
(-0.1 0.1 -0.6)
(1.09555e-12 0.1 -0.6)
(0.1 0.1 -0.6)
(0.200319 0.0999823 -0.600975)
(0.30046 0.100045 -0.600882)
(0.400468 0.100058 -0.600832)
(0.500449 0.100047 -0.600791)
(0.600431 0.100029 -0.600748)
(0.70036 0.100026 -0.600557)
(0.80029 0.100029 -0.600345)
(0.900165 0.100013 -0.60016)
(1 0.1 -0.6)
(-1 0.2 -0.6)
(-0.900157 0.200009 -0.600169)
(-0.800273 0.20002 -0.600362)
(-0.70035 0.200035 -0.600566)
(-0.600431 0.200036 -0.600752)
(-0.500452 0.200033 -0.600796)
(-0.400473 0.200033 -0.600837)
(-0.300471 0.200033 -0.600884)
(-0.200349 0.20002 -0.600973)
(-0.100221 0.199953 -0.602522)
(-5.20209e-08 0.199928 -0.602552)
(0.100221 0.199952 -0.602522)
(0.200349 0.20002 -0.600973)
(0.300471 0.200033 -0.600884)
(0.400473 0.200033 -0.600837)
(0.500452 0.200033 -0.600796)
(0.600431 0.200035 -0.600752)
(0.70035 0.200035 -0.600567)
(0.800273 0.20002 -0.600362)
(0.900157 0.200009 -0.600169)
(1 0.2 -0.6)
(-1 0.3 -0.6)
(-0.900165 0.300015 -0.60016)
(-0.80028 0.300051 -0.60035)
(-0.70036 0.30011 -0.600547)
(-0.600441 0.300114 -0.600733)
(-0.500456 0.300071 -0.600785)
(-0.40047 0.300059 -0.600829)
(-0.300462 0.300076 -0.600878)
(-0.200343 0.300125 -0.600958)
(-0.100238 0.300173 -0.602494)
(-6.95818e-08 0.300107 -0.60253)
(0.100237 0.300173 -0.602494)
(0.200343 0.300125 -0.600959)
(0.300462 0.300076 -0.600878)
(0.40047 0.300059 -0.60083)
(0.500456 0.300071 -0.600785)
(0.600442 0.300114 -0.600733)
(0.70036 0.30011 -0.600547)
(0.80028 0.300051 -0.600351)
(0.900165 0.300015 -0.60016)
(1 0.3 -0.6)
(-1 0.4 -0.6)
(-0.900183 0.400039 -0.600124)
(-0.8 0.4 -0.6)
(-0.7 0.4 -0.6)
(-0.6 0.4 -0.6)
(-0.500458 0.400232 -0.600733)
(-0.400445 0.400228 -0.600793)
(-0.300412 0.400295 -0.600833)
(-0.2 0.4 -0.6)
(-0.100302 0.400728 -0.602323)
(-2.85248e-08 0.40054 -0.602413)
(0.100302 0.400728 -0.602323)
(0.2 0.4 -0.6)
(0.300412 0.400295 -0.600833)
(0.400445 0.400228 -0.600793)
(0.500458 0.400232 -0.600734)
(0.6 0.4 -0.6)
(0.7 0.4 -0.6)
(0.8 0.4 -0.6)
(0.900183 0.400039 -0.600124)
(1 0.4 -0.6)
(-1 0.5 -0.6)
(-0.900187 0.500048 -0.600105)
(-0.8 0.5 -0.6)
(-0.7 0.5 -0.6)
(-0.6 0.5 -0.6)
(-0.5 0.5 -0.6)
(-0.4 0.5 -0.6)
(-0.3 0.5 -0.6)
(-0.2 0.5 -0.6)
(-0.1 0.5 -0.6)
(4.84621e-14 0.5 -0.6)
(0.1 0.5 -0.6)
(0.2 0.5 -0.6)
(0.3 0.5 -0.6)
(0.4 0.5 -0.6)
(0.5 0.5 -0.6)
(0.6 0.5 -0.6)
(0.7 0.5 -0.6)
(0.8 0.5 -0.6)
(0.900187 0.500048 -0.600105)
(1 0.5 -0.6)
(-1 0.6 -0.6)
(-0.900187 0.600056 -0.600089)
(-0.8 0.6 -0.6)
(-0.7 0.6 -0.6)
(-0.6 0.6 -0.6)
(-0.5 0.6 -0.6)
(-0.4 0.6 -0.6)
(-0.3 0.6 -0.6)
(-0.2 0.6 -0.6)
(-0.1 0.6 -0.6)
(7.48306e-15 0.6 -0.6)
(0.1 0.6 -0.6)
(0.2 0.6 -0.6)
(0.3 0.6 -0.6)
(0.4 0.6 -0.6)
(0.5 0.6 -0.6)
(0.6 0.6 -0.6)
(0.7 0.6 -0.6)
(0.8 0.6 -0.6)
(0.900187 0.600056 -0.600089)
(1 0.6 -0.6)
(-1 0.7 -0.6)
(-0.900176 0.700079 -0.600075)
(-0.8 0.7 -0.6)
(-0.7 0.7 -0.6)
(-0.6 0.7 -0.6)
(-0.5 0.7 -0.6)
(-0.4 0.7 -0.6)
(-0.3 0.7 -0.6)
(-0.2 0.7 -0.6)
(-0.1 0.7 -0.6)
(9.41007e-16 0.7 -0.6)
(0.1 0.7 -0.6)
(0.2 0.7 -0.6)
(0.3 0.7 -0.6)
(0.4 0.7 -0.6)
(0.5 0.7 -0.6)
(0.6 0.7 -0.6)
(0.7 0.7 -0.6)
(0.8 0.7 -0.6)
(0.900176 0.700079 -0.600075)
(1 0.7 -0.6)
(-1 0.8 -0.6)
(-0.9 0.8 -0.6)
(-0.8 0.8 -0.6)
(-0.7 0.8 -0.6)
(-0.6 0.8 -0.6)
(-0.5 0.8 -0.6)
(-0.4 0.8 -0.6)
(-0.3 0.8 -0.6)
(-0.2 0.8 -0.6)
(-0.1 0.8 -0.6)
(9.64281e-17 0.8 -0.6)
(0.1 0.8 -0.6)
(0.2 0.8 -0.6)
(0.3 0.8 -0.6)
(0.4 0.8 -0.6)
(0.5 0.8 -0.6)
(0.6 0.8 -0.6)
(0.7 0.8 -0.6)
(0.8 0.8 -0.6)
(0.9 0.8 -0.6)
(1 0.8 -0.6)
(-1 0.9 -0.6)
(-0.9 0.9 -0.6)
(-0.8 0.9 -0.6)
(-0.7 0.9 -0.6)
(-0.6 0.9 -0.6)
(-0.5 0.9 -0.6)
(-0.4 0.9 -0.6)
(-0.3 0.9 -0.6)
(-0.2 0.9 -0.6)
(-0.1 0.9 -0.6)
(7.96975e-18 0.9 -0.6)
(0.1 0.9 -0.6)
(0.2 0.9 -0.6)
(0.3 0.9 -0.6)
(0.4 0.9 -0.6)
(0.5 0.9 -0.6)
(0.6 0.9 -0.6)
(0.7 0.9 -0.6)
(0.8 0.9 -0.6)
(0.9 0.9 -0.6)
(1 0.9 -0.6)
(-1 1 -0.6)
(-0.9 1 -0.6)
(-0.8 1 -0.6)
(-0.7 1 -0.6)
(-0.6 1 -0.6)
(-0.5 1 -0.6)
(-0.4 1 -0.6)
(-0.3 1 -0.6)
(-0.2 1 -0.6)
(-0.1 1 -0.6)
(6.30371e-19 1 -0.6)
(0.1 1 -0.6)
(0.2 1 -0.6)
(0.3 1 -0.6)
(0.4 1 -0.6)
(0.5 1 -0.6)
(0.6 1 -0.6)
(0.7 1 -0.6)
(0.8 1 -0.6)
(0.9 1 -0.6)
(1 1 -0.6)
(-1 -1 -0.5)
(-0.9 -1 -0.5)
(-0.8 -1 -0.5)
(-0.7 -1 -0.5)
(-0.6 -1 -0.5)
(-0.5 -1 -0.5)
(-0.4 -1 -0.5)
(-0.3 -1 -0.5)
(-0.2 -1 -0.5)
(-0.1 -1 -0.5)
(2.38963e-18 -1 -0.5)
(0.1 -1 -0.5)
(0.2 -1 -0.5)
(0.3 -1 -0.5)
(0.4 -1 -0.5)
(0.5 -1 -0.5)
(0.6 -1 -0.5)
(0.7 -1 -0.5)
(0.8 -1 -0.5)
(0.9 -1 -0.5)
(1 -1 -0.5)
(-1 -0.9 -0.5)
(-0.9 -0.9 -0.5)
(-0.8 -0.9 -0.5)
(-0.7 -0.9 -0.5)
(-0.6 -0.9 -0.5)
(-0.5 -0.9 -0.5)
(-0.4 -0.9 -0.5)
(-0.3 -0.9 -0.5)
(-0.2 -0.9 -0.5)
(-0.1 -0.9 -0.5)
(1.67992e-17 -0.9 -0.5)
(0.1 -0.9 -0.5)
(0.2 -0.9 -0.5)
(0.3 -0.9 -0.5)
(0.4 -0.9 -0.5)
(0.5 -0.9 -0.5)
(0.6 -0.9 -0.5)
(0.7 -0.9 -0.5)
(0.8 -0.9 -0.5)
(0.9 -0.9 -0.5)
(1 -0.9 -0.5)
(-1 -0.8 -0.5)
(-0.9 -0.8 -0.5)
(-0.8 -0.8 -0.5)
(-0.7 -0.8 -0.5)
(-0.6 -0.8 -0.5)
(-0.5 -0.8 -0.5)
(-0.4 -0.8 -0.5)
(-0.3 -0.8 -0.5)
(-0.2 -0.8 -0.5)
(-0.1 -0.8 -0.5)
(4.46043e-16 -0.8 -0.5)
(0.1 -0.8 -0.5)
(0.2 -0.8 -0.5)
(0.3 -0.8 -0.5)
(0.4 -0.8 -0.5)
(0.5 -0.8 -0.5)
(0.6 -0.8 -0.5)
(0.7 -0.8 -0.5)
(0.8 -0.8 -0.5)
(0.9 -0.8 -0.5)
(1 -0.8 -0.5)
(-1 -0.7 -0.5)
(-0.9 -0.7 -0.5)
(-0.8 -0.7 -0.5)
(-0.7 -0.7 -0.5)
(-0.6 -0.7 -0.5)
(-0.5 -0.7 -0.5)
(-0.4 -0.7 -0.5)
(-0.3 -0.7 -0.5)
(-0.2 -0.7 -0.5)
(-0.1 -0.7 -0.5)
(4.46485e-15 -0.7 -0.5)
(0.1 -0.7 -0.5)
(0.2 -0.7 -0.5)
(0.3 -0.7 -0.5)
(0.4 -0.7 -0.5)
(0.5 -0.7 -0.5)
(0.6 -0.7 -0.5)
(0.7 -0.7 -0.5)
(0.8 -0.7 -0.5)
(0.9 -0.7 -0.5)
(1 -0.7 -0.5)
(-1 -0.6 -0.5)
(-0.900206 -0.600042 -0.50008)
(-0.800374 -0.600165 -0.50016)
(-0.7 -0.6 -0.5)
(-0.6 -0.6 -0.5)
(-0.5 -0.6 -0.5)
(-0.4 -0.6 -0.5)
(-0.3 -0.6 -0.5)
(-0.2 -0.6 -0.5)
(-0.1 -0.6 -0.5)
(3.63868e-14 -0.6 -0.5)
(0.1 -0.6 -0.5)
(0.2 -0.6 -0.5)
(0.3 -0.6 -0.5)
(0.4 -0.6 -0.5)
(0.5 -0.6 -0.5)
(0.6 -0.6 -0.5)
(0.7 -0.6 -0.5)
(0.800374 -0.600165 -0.50016)
(0.900206 -0.600042 -0.50008)
(1 -0.6 -0.5)
(-1 -0.5 -0.5)
(-0.900214 -0.500019 -0.500086)
(-0.800397 -0.500109 -0.500189)
(-0.7 -0.5 -0.5)
(-0.6 -0.5 -0.5)
(-0.5 -0.5 -0.5)
(-0.4 -0.5 -0.5)
(-0.3 -0.5 -0.5)
(-0.2 -0.5 -0.5)
(-0.1 -0.5 -0.5)
(2.44792e-13 -0.5 -0.5)
(0.1 -0.5 -0.5)
(0.2 -0.5 -0.5)
(0.3 -0.5 -0.5)
(0.4 -0.5 -0.5)
(0.5 -0.5 -0.5)
(0.6 -0.5 -0.5)
(0.7 -0.5 -0.5)
(0.800397 -0.500109 -0.500189)
(0.900214 -0.500019 -0.500086)
(1 -0.5 -0.5)
(-1 -0.4 -0.5)
(-0.900217 -0.400015 -0.500092)
(-0.8004 -0.400087 -0.500218)
(-0.7 -0.4 -0.5)
(-0.6 -0.4 -0.5)
(-0.5 -0.4 -0.5)
(-0.4 -0.4 -0.5)
(-0.3 -0.4 -0.5)
(-0.2 -0.4 -0.5)
(-0.1 -0.4 -0.5)
(-1.03208e-06 -0.401215 -0.502821)
(0.1 -0.4 -0.5)
(0.2 -0.4 -0.5)
(0.3 -0.4 -0.5)
(0.4 -0.4 -0.5)
(0.5 -0.4 -0.5)
(0.6 -0.4 -0.5)
(0.7 -0.4 -0.5)
(0.8004 -0.400087 -0.500218)
(0.900217 -0.400015 -0.500092)
(1 -0.4 -0.5)
(-1 -0.3 -0.5)
(-0.900214 -0.30001 -0.500106)
(-0.800398 -0.30005 -0.500245)
(-0.7 -0.3 -0.5)
(-0.600511 -0.300214 -0.500729)
(-0.500586 -0.300212 -0.500925)
(-0.400591 -0.300176 -0.501001)
(-0.300575 -0.300196 -0.501072)
(-0.200467 -0.300252 -0.501118)
(-0.10047 -0.300433 -0.502933)
(-5.67738e-06 -0.300327 -0.503023)
(0.100449 -0.300553 -0.502916)
(0.200465 -0.300268 -0.501115)
(0.300575 -0.300197 -0.501072)
(0.400591 -0.300176 -0.501002)
(0.500586 -0.300212 -0.500925)
(0.600511 -0.300214 -0.500729)
(0.7 -0.3 -0.5)
(0.800398 -0.30005 -0.500245)
(0.900214 -0.30001 -0.500106)
(1 -0.3 -0.5)
(-1 -0.2 -0.5)
(-0.900215 -0.200006 -0.500108)
(-0.800397 -0.200019 -0.500256)
(-0.700475 -0.200056 -0.500518)
(-0.600506 -0.200051 -0.500768)
(-0.500572 -0.200054 -0.500964)
(-0.400588 -0.200042 -0.501028)
(-0.300567 -0.20003 -0.501027)
(-0.200468 -0.200016 -0.501067)
(-0.100388 -0.19993 -0.502793)
(-8.82351e-06 -0.199878 -0.50286)
(0.100357 -0.199887 -0.502796)
(0.200466 -0.20001 -0.501069)
(0.300567 -0.200029 -0.501028)
(0.400588 -0.200041 -0.501029)
(0.500573 -0.200054 -0.500964)
(0.600506 -0.200051 -0.500768)
(0.700475 -0.200056 -0.500518)
(0.800397 -0.200019 -0.500256)
(0.900215 -0.200006 -0.500108)
(1 -0.2 -0.5)
(-1 -0.1 -0.5)
(-0.900219 -0.0999967 -0.500097)
(-0.800404 -0.0999871 -0.500242)
(-0.700495 -0.0999835 -0.500496)
(-0.600539 -0.09996 -0.50074)
(-0.500577 -0.0999672 -0.500954)
(-0.400566 -0.0999587 -0.500988)
(-0.300535 -0.0999208 -0.500971)
(-0.2 -0.1 -0.5)
(-0.1 -0.1 -0.5)
(6.78529e-12 -0.1 -0.5)
(0.1 -0.1 -0.5)
(0.2 -0.1 -0.5)
(0.300535 -0.0999208 -0.500971)
(0.400569 -0.0999582 -0.500987)
(0.50059 -0.0999646 -0.500947)
(0.60054 -0.0999597 -0.500739)
(0.700495 -0.0999835 -0.500497)
(0.800403 -0.0999871 -0.500242)
(0.900219 -0.0999967 -0.500097)
(1 -0.1 -0.5)
(-1 -5.05993e-21 -0.5)
(-0.900217 1.46998e-05 -0.500092)
(-0.8 -8.79314e-20 -0.5)
(-0.7 3.7337e-19 -0.5)
(-0.6 4.57387e-18 -0.5)
(-0.5 2.09347e-17 -0.5)
(-0.4 1.09976e-16 -0.5)
(-0.3 -1.01494e-15 -0.5)
(-0.2 -6.99041e-16 -0.5)
(-0.1 -2.08997e-15 -0.5)
(3.10652e-12 -4.30535e-15 -0.5)
(0.1 -1.38351e-14 -0.5)
(0.2 -3.51302e-15 -0.5)
(0.3 -1.63204e-15 -0.5)
(0.4 -1.1895e-16 -0.5)
(0.5 -7.28221e-17 -0.5)
(0.6 -2.2777e-17 -0.5)
(0.7 -5.23683e-18 -0.5)
(0.8 -9.4189e-19 -0.5)
(0.900217 1.46897e-05 -0.500092)
(1 -1.84322e-20 -0.5)
(-1 0.1 -0.5)
(-0.900214 0.100009 -0.500107)
(-0.800399 0.100034 -0.500247)
(-0.700487 0.100055 -0.500502)
(-0.600505 0.100057 -0.500762)
(-0.500563 0.100067 -0.500961)
(-0.400562 0.10006 -0.500989)
(-0.300536 0.100014 -0.500973)
(-0.2 0.1 -0.5)
(-0.1 0.1 -0.5)
(6.7734e-12 0.1 -0.5)
(0.1 0.1 -0.5)
(0.2 0.1 -0.5)
(0.300536 0.100014 -0.500974)
(0.400564 0.10006 -0.500988)
(0.500576 0.100069 -0.500954)
(0.600506 0.100057 -0.500762)
(0.700487 0.100055 -0.500502)
(0.800399 0.100034 -0.500247)
(0.900214 0.100009 -0.500107)
(1 0.1 -0.5)
(-1 0.2 -0.5)
(-0.900214 0.200008 -0.500111)
(-0.800397 0.200024 -0.500256)
(-0.700474 0.200064 -0.500518)
(-0.600495 0.200065 -0.500774)
(-0.50057 0.200064 -0.500965)
(-0.400587 0.200052 -0.501028)
(-0.300567 0.200037 -0.501026)
(-0.200471 0.20001 -0.501065)
(-0.100389 0.199956 -0.502791)
(-4.12684e-08 0.199926 -0.502862)
(0.100389 0.199956 -0.502791)
(0.200471 0.20001 -0.501066)
(0.300567 0.200037 -0.501026)
(0.400587 0.200052 -0.501029)
(0.500571 0.200065 -0.500965)
(0.600495 0.200065 -0.500774)
(0.700474 0.200064 -0.500519)
(0.800397 0.200024 -0.500256)
(0.900214 0.200008 -0.500111)
(1 0.2 -0.5)
(-1 0.3 -0.5)
(-0.900214 0.30001 -0.500107)
(-0.800398 0.300051 -0.500245)
(-0.7 0.3 -0.5)
(-0.60051 0.300215 -0.500729)
(-0.500586 0.300212 -0.500925)
(-0.400592 0.300175 -0.501001)
(-0.300579 0.300179 -0.501072)
(-0.200483 0.300193 -0.501122)
(-0.100481 0.300389 -0.502935)
(-5.54588e-08 0.300281 -0.503027)
(0.100481 0.300389 -0.502935)
(0.200483 0.300193 -0.501122)
(0.300579 0.300179 -0.501073)
(0.400592 0.300175 -0.501002)
(0.500586 0.300212 -0.500925)
(0.60051 0.300215 -0.50073)
(0.7 0.3 -0.5)
(0.800398 0.300051 -0.500245)
(0.900214 0.30001 -0.500107)
(1 0.3 -0.5)
(-1 0.4 -0.5)
(-0.900217 0.400015 -0.500092)
(-0.8004 0.400087 -0.500218)
(-0.7 0.4 -0.5)
(-0.6 0.4 -0.5)
(-0.5 0.4 -0.5)
(-0.4 0.4 -0.5)
(-0.3 0.4 -0.5)
(-0.2 0.4 -0.5)
(-0.1 0.4 -0.5)
(1.90911e-08 0.401209 -0.502824)
(0.1 0.4 -0.5)
(0.2 0.4 -0.5)
(0.3 0.4 -0.5)
(0.4 0.4 -0.5)
(0.5 0.4 -0.5)
(0.6 0.4 -0.5)
(0.7 0.4 -0.5)
(0.8004 0.400087 -0.500218)
(0.900217 0.400015 -0.500092)
(1 0.4 -0.5)
(-1 0.5 -0.5)
(-0.900214 0.500019 -0.500086)
(-0.800397 0.500109 -0.500189)
(-0.7 0.5 -0.5)
(-0.6 0.5 -0.5)
(-0.5 0.5 -0.5)
(-0.4 0.5 -0.5)
(-0.3 0.5 -0.5)
(-0.2 0.5 -0.5)
(-0.1 0.5 -0.5)
(2.43697e-13 0.5 -0.5)
(0.1 0.5 -0.5)
(0.2 0.5 -0.5)
(0.3 0.5 -0.5)
(0.4 0.5 -0.5)
(0.5 0.5 -0.5)
(0.6 0.5 -0.5)
(0.7 0.5 -0.5)
(0.800397 0.500109 -0.500189)
(0.900214 0.500018 -0.500086)
(1 0.5 -0.5)
(-1 0.6 -0.5)
(-0.900206 0.600039 -0.50008)
(-0.800375 0.600164 -0.50016)
(-0.7 0.6 -0.5)
(-0.6 0.6 -0.5)
(-0.5 0.6 -0.5)
(-0.4 0.6 -0.5)
(-0.3 0.6 -0.5)
(-0.2 0.6 -0.5)
(-0.1 0.6 -0.5)
(3.61868e-14 0.6 -0.5)
(0.1 0.6 -0.5)
(0.2 0.6 -0.5)
(0.3 0.6 -0.5)
(0.4 0.6 -0.5)
(0.5 0.6 -0.5)
(0.6 0.6 -0.5)
(0.7 0.6 -0.5)
(0.800375 0.600164 -0.50016)
(0.900206 0.600039 -0.50008)
(1 0.6 -0.5)
(-1 0.7 -0.5)
(-0.9 0.7 -0.5)
(-0.8 0.7 -0.5)
(-0.7 0.7 -0.5)
(-0.6 0.7 -0.5)
(-0.5 0.7 -0.5)
(-0.4 0.7 -0.5)
(-0.3 0.7 -0.5)
(-0.2 0.7 -0.5)
(-0.1 0.7 -0.5)
(4.43993e-15 0.7 -0.5)
(0.1 0.7 -0.5)
(0.2 0.7 -0.5)
(0.3 0.7 -0.5)
(0.4 0.7 -0.5)
(0.5 0.7 -0.5)
(0.6 0.7 -0.5)
(0.7 0.7 -0.5)
(0.8 0.7 -0.5)
(0.9 0.7 -0.5)
(1 0.7 -0.5)
(-1 0.8 -0.5)
(-0.9 0.8 -0.5)
(-0.8 0.8 -0.5)
(-0.7 0.8 -0.5)
(-0.6 0.8 -0.5)
(-0.5 0.8 -0.5)
(-0.4 0.8 -0.5)
(-0.3 0.8 -0.5)
(-0.2 0.8 -0.5)
(-0.1 0.8 -0.5)
(4.43122e-16 0.8 -0.5)
(0.1 0.8 -0.5)
(0.2 0.8 -0.5)
(0.3 0.8 -0.5)
(0.4 0.8 -0.5)
(0.5 0.8 -0.5)
(0.6 0.8 -0.5)
(0.7 0.8 -0.5)
(0.8 0.8 -0.5)
(0.9 0.8 -0.5)
(1 0.8 -0.5)
(-1 0.9 -0.5)
(-0.9 0.9 -0.5)
(-0.8 0.9 -0.5)
(-0.7 0.9 -0.5)
(-0.6 0.9 -0.5)
(-0.5 0.9 -0.5)
(-0.4 0.9 -0.5)
(-0.3 0.9 -0.5)
(-0.2 0.9 -0.5)
(-0.1 0.9 -0.5)
(3.50056e-17 0.9 -0.5)
(0.1 0.9 -0.5)
(0.2 0.9 -0.5)
(0.3 0.9 -0.5)
(0.4 0.9 -0.5)
(0.5 0.9 -0.5)
(0.6 0.9 -0.5)
(0.7 0.9 -0.5)
(0.8 0.9 -0.5)
(0.9 0.9 -0.5)
(1 0.9 -0.5)
(-1 1 -0.5)
(-0.9 1 -0.5)
(-0.8 1 -0.5)
(-0.7 1 -0.5)
(-0.6 1 -0.5)
(-0.5 1 -0.5)
(-0.4 1 -0.5)
(-0.3 1 -0.5)
(-0.2 1 -0.5)
(-0.1 1 -0.5)
(2.35415e-18 1 -0.5)
(0.1 1 -0.5)
(0.2 1 -0.5)
(0.3 1 -0.5)
(0.4 1 -0.5)
(0.5 1 -0.5)
(0.6 1 -0.5)
(0.7 1 -0.5)
(0.8 1 -0.5)
(0.9 1 -0.5)
(1 1 -0.5)
(-1 -1 -0.4)
(-0.9 -1 -0.4)
(-0.8 -1 -0.4)
(-0.7 -1 -0.4)
(-0.6 -1 -0.4)
(-0.5 -1 -0.4)
(-0.4 -1 -0.4)
(-0.3 -1 -0.4)
(-0.2 -1 -0.4)
(-0.1 -1 -0.4)
(-2.61681e-19 -1 -0.4)
(0.1 -1 -0.4)
(0.2 -1 -0.4)
(0.3 -1 -0.4)
(0.4 -1 -0.4)
(0.5 -1 -0.4)
(0.6 -1 -0.4)
(0.7 -1 -0.4)
(0.8 -1 -0.4)
(0.9 -1 -0.4)
(1 -1 -0.4)
(-1 -0.9 -0.4)
(-0.9 -0.9 -0.4)
(-0.8 -0.9 -0.4)
(-0.7 -0.9 -0.4)
(-0.6 -0.9 -0.4)
(-0.5 -0.9 -0.4)
(-0.4 -0.9 -0.4)
(-0.3 -0.9 -0.4)
(-0.2 -0.9 -0.4)
(-0.1 -0.9 -0.4)
(7.66865e-17 -0.9 -0.4)
(0.1 -0.9 -0.4)
(0.2 -0.9 -0.4)
(0.3 -0.9 -0.4)
(0.4 -0.9 -0.4)
(0.5 -0.9 -0.4)
(0.6 -0.9 -0.4)
(0.7 -0.9 -0.4)
(0.8 -0.9 -0.4)
(0.9 -0.9 -0.4)
(1 -0.9 -0.4)
(-1 -0.8 -0.4)
(-0.9 -0.8 -0.4)
(-0.8 -0.8 -0.4)
(-0.7 -0.8 -0.4)
(-0.6 -0.8 -0.4)
(-0.5 -0.8 -0.4)
(-0.4 -0.8 -0.4)
(-0.3 -0.8 -0.4)
(-0.2 -0.8 -0.4)
(-0.1 -0.8 -0.4)
(1.2825e-15 -0.8 -0.4)
(0.1 -0.8 -0.4)
(0.2 -0.8 -0.4)
(0.3 -0.8 -0.4)
(0.4 -0.8 -0.4)
(0.5 -0.8 -0.4)
(0.6 -0.8 -0.4)
(0.7 -0.8 -0.4)
(0.8 -0.8 -0.4)
(0.9 -0.8 -0.4)
(1 -0.8 -0.4)
(-1 -0.7 -0.4)
(-0.9 -0.7 -0.4)
(-0.8 -0.7 -0.4)
(-0.7 -0.7 -0.4)
(-0.6 -0.7 -0.4)
(-0.5 -0.7 -0.4)
(-0.4 -0.7 -0.4)
(-0.3 -0.7 -0.4)
(-0.2 -0.7 -0.4)
(-0.1 -0.7 -0.4)
(1.46672e-14 -0.7 -0.4)
(0.1 -0.7 -0.4)
(0.2 -0.7 -0.4)
(0.3 -0.7 -0.4)
(0.4 -0.7 -0.4)
(0.5 -0.7 -0.4)
(0.6 -0.7 -0.4)
(0.7 -0.7 -0.4)
(0.8 -0.7 -0.4)
(0.9 -0.7 -0.4)
(1 -0.7 -0.4)
(-1 -0.6 -0.4)
(-0.900214 -0.600051 -0.400081)
(-0.8 -0.6 -0.4)
(-0.7 -0.6 -0.4)
(-0.6 -0.6 -0.4)
(-0.5 -0.6 -0.4)
(-0.4 -0.6 -0.4)
(-0.3 -0.6 -0.4)
(-0.2 -0.6 -0.4)
(-0.1 -0.6 -0.4)
(1.26966e-13 -0.6 -0.4)
(0.1 -0.6 -0.4)
(0.2 -0.6 -0.4)
(0.3 -0.6 -0.4)
(0.4 -0.6 -0.4)
(0.5 -0.6 -0.4)
(0.6 -0.6 -0.4)
(0.7 -0.6 -0.4)
(0.8 -0.6 -0.4)
(0.900214 -0.600051 -0.400081)
(1 -0.6 -0.4)
(-1 -0.5 -0.4)
(-0.900226 -0.500015 -0.400085)
(-0.800437 -0.500082 -0.400169)
(-0.700594 -0.500261 -0.40026)
(-0.6 -0.5 -0.4)
(-0.5 -0.5 -0.4)
(-0.4 -0.5 -0.4)
(-0.3 -0.5 -0.4)
(-0.2 -0.5 -0.4)
(-0.1 -0.5 -0.4)
(9.07094e-13 -0.5 -0.4)
(0.1 -0.5 -0.4)
(0.2 -0.5 -0.4)
(0.3 -0.5 -0.4)
(0.4 -0.5 -0.4)
(0.5 -0.5 -0.4)
(0.6 -0.5 -0.4)
(0.700594 -0.500261 -0.40026)
(0.800437 -0.500082 -0.400169)
(0.900226 -0.500015 -0.400085)
(1 -0.5 -0.4)
(-1 -0.4 -0.4)
(-0.900232 -0.400009 -0.400088)
(-0.800451 -0.400038 -0.400182)
(-0.700621 -0.400168 -0.400321)
(-0.6 -0.4 -0.4)
(-0.5 -0.4 -0.4)
(-0.4 -0.4 -0.4)
(-0.3 -0.4 -0.4)
(-0.2 -0.4 -0.4)
(-0.1 -0.4 -0.4)
(5.63735e-12 -0.4 -0.4)
(0.1 -0.4 -0.4)
(0.2 -0.4 -0.4)
(0.3 -0.4 -0.4)
(0.4 -0.4 -0.4)
(0.5 -0.4 -0.4)
(0.6 -0.4 -0.4)
(0.700621 -0.400168 -0.400321)
(0.800451 -0.400038 -0.400182)
(0.900232 -0.400009 -0.400088)
(1 -0.4 -0.4)
(-1 -0.3 -0.4)
(-0.900234 -0.300008 -0.400091)
(-0.800458 -0.300027 -0.400189)
(-0.700629 -0.300115 -0.400356)
(-0.6 -0.3 -0.4)
(-0.5 -0.3 -0.4)
(-0.400678 -0.300312 -0.401008)
(-0.300605 -0.30029 -0.401058)
(-0.200524 -0.300303 -0.401103)
(-0.100403 -0.300373 -0.401503)
(-2.49044e-05 -0.300743 -0.403031)
(0.1 -0.3 -0.4)
(0.200517 -0.300353 -0.401092)
(0.300604 -0.300298 -0.401057)
(0.400678 -0.300313 -0.401008)
(0.5 -0.3 -0.4)
(0.6 -0.3 -0.4)
(0.700629 -0.300115 -0.400355)
(0.800458 -0.300027 -0.400189)
(0.900234 -0.300008 -0.400091)
(1 -0.3 -0.4)
(-1 -0.2 -0.4)
(-0.900236 -0.200007 -0.400091)
(-0.80046 -0.200014 -0.400194)
(-0.700632 -0.200033 -0.400376)
(-0.600706 -0.200056 -0.40067)
(-0.500738 -0.200089 -0.400934)
(-0.400635 -0.200046 -0.401004)
(-0.300579 -0.200022 -0.401014)
(-0.200508 -0.20001 -0.401037)
(-0.100343 -0.199983 -0.40142)
(-3.57613e-05 -0.199881 -0.402859)
(0.1 -0.2 -0.4)
(0.200498 -0.199988 -0.401043)
(0.300578 -0.200019 -0.401015)
(0.400636 -0.200046 -0.401004)
(0.500745 -0.200088 -0.400929)
(0.600707 -0.200056 -0.400669)
(0.700632 -0.200033 -0.400376)
(0.800459 -0.200014 -0.400194)
(0.900236 -0.200007 -0.400091)
(1 -0.2 -0.4)
(-1 -0.1 -0.4)
(-0.900235 -0.100002 -0.40009)
(-0.800458 -0.0999869 -0.400189)
(-0.700645 -0.0999545 -0.400343)
(-0.6 -0.1 -0.4)
(-0.500746 -0.0998845 -0.400884)
(-0.400612 -0.0998615 -0.400932)
(-0.3 -0.1 -0.4)
(-0.2 -0.1 -0.4)
(-0.1 -0.1 -0.4)
(3.57446e-11 -0.1 -0.4)
(0.1 -0.1 -0.4)
(0.2 -0.1 -0.4)
(0.3 -0.1 -0.4)
(0.400625 -0.0998588 -0.400923)
(0.500787 -0.0998766 -0.400846)
(0.6 -0.1 -0.4)
(0.700645 -0.0999545 -0.400342)
(0.800458 -0.0999869 -0.400189)
(0.900235 -0.100002 -0.40009)
(1 -0.1 -0.4)
(-1 -3.39094e-20 -0.4)
(-0.900231 1.46618e-05 -0.400088)
(-0.8 -3.94345e-17 -0.4)
(-0.7 2.41228e-18 -0.4)
(-0.6 2.27953e-17 -0.4)
(-0.5 2.45292e-16 -0.4)
(-0.4 -1.23968e-16 -0.4)
(-0.3 -1.03831e-15 -0.4)
(-0.2 -3.95311e-15 -0.4)
(-0.1 -1.15305e-14 -0.4)
(1.42201e-11 -3.40989e-14 -0.4)
(0.1 -1.41591e-13 -0.4)
(0.2 -2.69377e-14 -0.4)
(0.3 -7.04521e-15 -0.4)
(0.4 -2.10612e-15 -0.4)
(0.5 -4.34742e-16 -0.4)
(0.6 -1.52524e-16 -0.4)
(0.7 -3.21817e-17 -0.4)
(0.8 -7.56836e-18 -0.4)
(0.900231 1.46516e-05 -0.400088)
(1 -1.16822e-19 -0.4)
(-1 0.1 -0.4)
(-0.900234 0.100009 -0.400091)
(-0.800456 0.100035 -0.400192)
(-0.700627 0.100055 -0.400373)
(-0.600688 0.100051 -0.40068)
(-0.500701 0.100039 -0.400925)
(-0.400589 0.10002 -0.400956)
(-0.3 0.1 -0.4)
(-0.2 0.1 -0.4)
(-0.1 0.1 -0.4)
(3.56708e-11 0.1 -0.4)
(0.1 0.1 -0.4)
(0.2 0.1 -0.4)
(0.3 0.1 -0.4)
(0.400602 0.100022 -0.400948)
(0.500744 0.100047 -0.400891)
(0.600697 0.100052 -0.400671)
(0.700627 0.100055 -0.400372)
(0.800456 0.100035 -0.400192)
(0.900234 0.100009 -0.400091)
(1 0.1 -0.4)
(-1 0.2 -0.4)
(-0.900236 0.200008 -0.400092)
(-0.800459 0.200019 -0.400194)
(-0.700626 0.200047 -0.400384)
(-0.600671 0.200092 -0.400701)
(-0.500723 0.20011 -0.400944)
(-0.400626 0.200069 -0.401008)
(-0.300577 0.200034 -0.401014)
(-0.200508 0.200018 -0.401036)
(-0.100339 0.200004 -0.401419)
(2.06024e-08 0.199969 -0.402861)
(0.100339 0.200004 -0.401419)
(0.200508 0.200018 -0.401036)
(0.300577 0.200034 -0.401014)
(0.400627 0.200069 -0.401008)
(0.50073 0.200112 -0.400939)
(0.600671 0.200093 -0.400701)
(0.700626 0.200047 -0.400384)
(0.800459 0.200019 -0.400194)
(0.900235 0.200008 -0.400092)
(1 0.2 -0.4)
(-1 0.3 -0.4)
(-0.900234 0.300008 -0.400091)
(-0.800458 0.300027 -0.400189)
(-0.700629 0.300116 -0.400356)
(-0.6 0.3 -0.4)
(-0.5 0.3 -0.4)
(-0.400676 0.300313 -0.401007)
(-0.300604 0.300288 -0.401057)
(-0.200526 0.300294 -0.401103)
(-0.100402 0.300361 -0.401505)
(2.81145e-08 0.300617 -0.403059)
(0.100402 0.300361 -0.401504)
(0.200526 0.300294 -0.401103)
(0.300604 0.300288 -0.401057)
(0.400676 0.300313 -0.401008)
(0.5 0.3 -0.4)
(0.6 0.3 -0.4)
(0.700628 0.300116 -0.400356)
(0.800458 0.300027 -0.400189)
(0.900234 0.300008 -0.400091)
(1 0.3 -0.4)
(-1 0.4 -0.4)
(-0.900232 0.400009 -0.400088)
(-0.800451 0.400038 -0.400182)
(-0.700621 0.400168 -0.400321)
(-0.6 0.4 -0.4)
(-0.5 0.4 -0.4)
(-0.4 0.4 -0.4)
(-0.3 0.4 -0.4)
(-0.2 0.4 -0.4)
(-0.1 0.4 -0.4)
(5.60656e-12 0.4 -0.4)
(0.1 0.4 -0.4)
(0.2 0.4 -0.4)
(0.3 0.4 -0.4)
(0.4 0.4 -0.4)
(0.5 0.4 -0.4)
(0.6 0.4 -0.4)
(0.700621 0.400168 -0.400321)
(0.800451 0.400038 -0.400182)
(0.900232 0.400009 -0.400088)
(1 0.4 -0.4)
(-1 0.5 -0.4)
(-0.900226 0.500015 -0.400085)
(-0.800437 0.500082 -0.400169)
(-0.700594 0.500261 -0.40026)
(-0.6 0.5 -0.4)
(-0.5 0.5 -0.4)
(-0.4 0.5 -0.4)
(-0.3 0.5 -0.4)
(-0.2 0.5 -0.4)
(-0.1 0.5 -0.4)
(9.01099e-13 0.5 -0.4)
(0.1 0.5 -0.4)
(0.2 0.5 -0.4)
(0.3 0.5 -0.4)
(0.4 0.5 -0.4)
(0.5 0.5 -0.4)
(0.6 0.5 -0.4)
(0.700594 0.500261 -0.40026)
(0.800437 0.500082 -0.400169)
(0.900226 0.500015 -0.400085)
(1 0.5 -0.4)
(-1 0.6 -0.4)
(-0.900214 0.600051 -0.400081)
(-0.8 0.6 -0.4)
(-0.7 0.6 -0.4)
(-0.6 0.6 -0.4)
(-0.5 0.6 -0.4)
(-0.4 0.6 -0.4)
(-0.3 0.6 -0.4)
(-0.2 0.6 -0.4)
(-0.1 0.6 -0.4)
(1.25973e-13 0.6 -0.4)
(0.1 0.6 -0.4)
(0.2 0.6 -0.4)
(0.3 0.6 -0.4)
(0.4 0.6 -0.4)
(0.5 0.6 -0.4)
(0.6 0.6 -0.4)
(0.7 0.6 -0.4)
(0.8 0.6 -0.4)
(0.900214 0.600051 -0.400081)
(1 0.6 -0.4)
(-1 0.7 -0.4)
(-0.9 0.7 -0.4)
(-0.8 0.7 -0.4)
(-0.7 0.7 -0.4)
(-0.6 0.7 -0.4)
(-0.5 0.7 -0.4)
(-0.4 0.7 -0.4)
(-0.3 0.7 -0.4)
(-0.2 0.7 -0.4)
(-0.1 0.7 -0.4)
(1.45249e-14 0.7 -0.4)
(0.1 0.7 -0.4)
(0.2 0.7 -0.4)
(0.3 0.7 -0.4)
(0.4 0.7 -0.4)
(0.5 0.7 -0.4)
(0.6 0.7 -0.4)
(0.7 0.7 -0.4)
(0.8 0.7 -0.4)
(0.9 0.7 -0.4)
(1 0.7 -0.4)
(-1 0.8 -0.4)
(-0.9 0.8 -0.4)
(-0.8 0.8 -0.4)
(-0.7 0.8 -0.4)
(-0.6 0.8 -0.4)
(-0.5 0.8 -0.4)
(-0.4 0.8 -0.4)
(-0.3 0.8 -0.4)
(-0.2 0.8 -0.4)
(-0.1 0.8 -0.4)
(1.28303e-15 0.8 -0.4)
(0.1 0.8 -0.4)
(0.2 0.8 -0.4)
(0.3 0.8 -0.4)
(0.4 0.8 -0.4)
(0.5 0.8 -0.4)
(0.6 0.8 -0.4)
(0.7 0.8 -0.4)
(0.8 0.8 -0.4)
(0.9 0.8 -0.4)
(1 0.8 -0.4)
(-1 0.9 -0.4)
(-0.9 0.9 -0.4)
(-0.8 0.9 -0.4)
(-0.7 0.9 -0.4)
(-0.6 0.9 -0.4)
(-0.5 0.9 -0.4)
(-0.4 0.9 -0.4)
(-0.3 0.9 -0.4)
(-0.2 0.9 -0.4)
(-0.1 0.9 -0.4)
(7.46796e-17 0.9 -0.4)
(0.1 0.9 -0.4)
(0.2 0.9 -0.4)
(0.3 0.9 -0.4)
(0.4 0.9 -0.4)
(0.5 0.9 -0.4)
(0.6 0.9 -0.4)
(0.7 0.9 -0.4)
(0.8 0.9 -0.4)
(0.9 0.9 -0.4)
(1 0.9 -0.4)
(-1 1 -0.4)
(-0.9 1 -0.4)
(-0.8 1 -0.4)
(-0.7 1 -0.4)
(-0.6 1 -0.4)
(-0.5 1 -0.4)
(-0.4 1 -0.4)
(-0.3 1 -0.4)
(-0.2 1 -0.4)
(-0.1 1 -0.4)
(-5.25611e-19 1 -0.4)
(0.1 1 -0.4)
(0.2 1 -0.4)
(0.3 1 -0.4)
(0.4 1 -0.4)
(0.5 1 -0.4)
(0.6 1 -0.4)
(0.7 1 -0.4)
(0.8 1 -0.4)
(0.9 1 -0.4)
(1 1 -0.4)
(-1 -1 -0.3)
(-0.9 -1 -0.3)
(-0.8 -1 -0.3)
(-0.7 -1 -0.3)
(-0.6 -1 -0.3)
(-0.5 -1 -0.3)
(-0.4 -1 -0.3)
(-0.3 -1 -0.3)
(-0.2 -1 -0.3)
(-0.1 -1 -0.3)
(-6.0619e-17 -1 -0.3)
(0.1 -1 -0.3)
(0.2 -1 -0.3)
(0.3 -1 -0.3)
(0.4 -1 -0.3)
(0.5 -1 -0.3)
(0.6 -1 -0.3)
(0.7 -1 -0.3)
(0.8 -1 -0.3)
(0.9 -1 -0.3)
(1 -1 -0.3)
(-1 -0.9 -0.3)
(-0.9 -0.9 -0.3)
(-0.8 -0.9 -0.3)
(-0.7 -0.9 -0.3)
(-0.6 -0.9 -0.3)
(-0.5 -0.9 -0.3)
(-0.4 -0.9 -0.3)
(-0.3 -0.9 -0.3)
(-0.2 -0.9 -0.3)
(-0.1 -0.9 -0.3)
(-1.57247e-16 -0.9 -0.3)
(0.1 -0.9 -0.3)
(0.2 -0.9 -0.3)
(0.3 -0.9 -0.3)
(0.4 -0.9 -0.3)
(0.5 -0.9 -0.3)
(0.6 -0.9 -0.3)
(0.7 -0.9 -0.3)
(0.8 -0.9 -0.3)
(0.9 -0.9 -0.3)
(1 -0.9 -0.3)
(-1 -0.8 -0.3)
(-0.9 -0.8 -0.3)
(-0.8 -0.8 -0.3)
(-0.7 -0.8 -0.3)
(-0.6 -0.8 -0.3)
(-0.5 -0.8 -0.3)
(-0.4 -0.8 -0.3)
(-0.3 -0.8 -0.3)
(-0.2 -0.8 -0.3)
(-0.1 -0.8 -0.3)
(1.47953e-15 -0.8 -0.3)
(0.1 -0.8 -0.3)
(0.2 -0.8 -0.3)
(0.3 -0.8 -0.3)
(0.4 -0.8 -0.3)
(0.5 -0.8 -0.3)
(0.6 -0.8 -0.3)
(0.7 -0.8 -0.3)
(0.8 -0.8 -0.3)
(0.9 -0.8 -0.3)
(1 -0.8 -0.3)
(-1 -0.7 -0.3)
(-0.9 -0.7 -0.3)
(-0.8 -0.7 -0.3)
(-0.7 -0.7 -0.3)
(-0.6 -0.7 -0.3)
(-0.5 -0.7 -0.3)
(-0.4 -0.7 -0.3)
(-0.3 -0.7 -0.3)
(-0.2 -0.7 -0.3)
(-0.1 -0.7 -0.3)
(2.89634e-14 -0.7 -0.3)
(0.1 -0.7 -0.3)
(0.2 -0.7 -0.3)
(0.3 -0.7 -0.3)
(0.4 -0.7 -0.3)
(0.5 -0.7 -0.3)
(0.6 -0.7 -0.3)
(0.7 -0.7 -0.3)
(0.8 -0.7 -0.3)
(0.9 -0.7 -0.3)
(1 -0.7 -0.3)
(-1 -0.6 -0.3)
(-0.900217 -0.600071 -0.300082)
(-0.8 -0.6 -0.3)
(-0.7 -0.6 -0.3)
(-0.6 -0.6 -0.3)
(-0.5 -0.6 -0.3)
(-0.4 -0.6 -0.3)
(-0.3 -0.6 -0.3)
(-0.2 -0.6 -0.3)
(-0.1 -0.6 -0.3)
(2.79345e-13 -0.6 -0.3)
(0.1 -0.6 -0.3)
(0.2 -0.6 -0.3)
(0.3 -0.6 -0.3)
(0.4 -0.6 -0.3)
(0.5 -0.6 -0.3)
(0.6 -0.6 -0.3)
(0.7 -0.6 -0.3)
(0.8 -0.6 -0.3)
(0.900217 -0.600071 -0.300082)
(1 -0.6 -0.3)
(-1 -0.5 -0.3)
(-0.900235 -0.500022 -0.300088)
(-0.800453 -0.500108 -0.300171)
(-0.7 -0.5 -0.3)
(-0.6 -0.5 -0.3)
(-0.5 -0.5 -0.3)
(-0.4 -0.5 -0.3)
(-0.3 -0.5 -0.3)
(-0.2 -0.5 -0.3)
(-0.1 -0.5 -0.3)
(1.99624e-12 -0.5 -0.3)
(0.1 -0.5 -0.3)
(0.2 -0.5 -0.3)
(0.3 -0.5 -0.3)
(0.4 -0.5 -0.3)
(0.5 -0.5 -0.3)
(0.6 -0.5 -0.3)
(0.7 -0.5 -0.3)
(0.800453 -0.500108 -0.300171)
(0.900235 -0.500022 -0.300088)
(1 -0.5 -0.3)
(-1 -0.4 -0.3)
(-0.900242 -0.400009 -0.300091)
(-0.800477 -0.400032 -0.30018)
(-0.700693 -0.400118 -0.300276)
(-0.600853 -0.400306 -0.300397)
(-0.5 -0.4 -0.3)
(-0.4 -0.4 -0.3)
(-0.3 -0.4 -0.3)
(-0.2 -0.4 -0.3)
(-0.1 -0.4 -0.3)
(1.40905e-11 -0.4 -0.3)
(0.1 -0.4 -0.3)
(0.2 -0.4 -0.3)
(0.3 -0.4 -0.3)
(0.4 -0.4 -0.3)
(0.5 -0.4 -0.3)
(0.600853 -0.400306 -0.300396)
(0.700693 -0.400118 -0.300276)
(0.800477 -0.400032 -0.30018)
(0.900242 -0.400009 -0.300091)
(1 -0.4 -0.3)
(-1 -0.3 -0.3)
(-0.900246 -0.300008 -0.300092)
(-0.800486 -0.300018 -0.300184)
(-0.700714 -0.300049 -0.300286)
(-0.600903 -0.300136 -0.300436)
(-0.501034 -0.300298 -0.300614)
(-0.4 -0.3 -0.3)
(-0.3 -0.3 -0.3)
(-0.2 -0.3 -0.3)
(-0.1 -0.3 -0.3)
(-1.4486e-05 -0.301281 -0.303051)
(0.1 -0.3 -0.3)
(0.2 -0.3 -0.3)
(0.3 -0.3 -0.3)
(0.4 -0.3 -0.3)
(0.501034 -0.300298 -0.300613)
(0.600903 -0.300136 -0.300435)
(0.700714 -0.300049 -0.300286)
(0.800486 -0.300018 -0.300184)
(0.900246 -0.300008 -0.300092)
(1 -0.3 -0.3)
(-1 -0.2 -0.3)
(-0.900247 -0.200007 -0.300093)
(-0.800489 -0.200013 -0.300185)
(-0.700718 -0.200014 -0.300293)
(-0.600912 -0.199994 -0.300455)
(-0.501024 -0.200005 -0.300648)
(-0.400838 -0.200017 -0.300866)
(-0.300659 -0.200063 -0.300979)
(-0.200538 -0.20008 -0.301032)
(-0.100424 -0.200074 -0.301422)
(-2.87945e-05 -0.199979 -0.302942)
(0.0999999 -0.2 -0.3)
(0.20053 -0.200044 -0.301039)
(0.300658 -0.200057 -0.300981)
(0.400838 -0.200017 -0.300867)
(0.501024 -0.200005 -0.300647)
(0.600912 -0.199994 -0.300455)
(0.700718 -0.200014 -0.300293)
(0.800489 -0.200013 -0.300185)
(0.900247 -0.200007 -0.300093)
(1 -0.2 -0.3)
(-1 -0.1 -0.3)
(-0.900246 -0.0999966 -0.300093)
(-0.800486 -0.0999825 -0.300185)
(-0.700714 -0.0999426 -0.300284)
(-0.6 -0.1 -0.3)
(-0.5 -0.1 -0.3)
(-0.4 -0.1 -0.3)
(-0.3 -0.1 -0.3)
(-0.2 -0.1 -0.3)
(-0.1 -0.1 -0.3)
(1.52504e-10 -0.1 -0.3)
(0.1 -0.1 -0.3)
(0.2 -0.1 -0.3)
(0.3 -0.1 -0.3)
(0.4 -0.1 -0.3)
(0.5 -0.1 -0.3)
(0.6 -0.1 -0.3)
(0.700714 -0.0999426 -0.300284)
(0.800486 -0.0999825 -0.300185)
(0.900246 -0.0999966 -0.300093)
(1 -0.1 -0.3)
(-1 -9.44515e-21 -0.3)
(-0.9 -2.311e-18 -0.3)
(-0.8 -3.4785e-17 -0.3)
(-0.7 2.25024e-17 -0.3)
(-0.6 2.03308e-16 -0.3)
(-0.5 8.75206e-16 -0.3)
(-0.4 -6.39533e-16 -0.3)
(-0.3 -7.73033e-15 -0.3)
(-0.2 -1.12393e-14 -0.3)
(-0.1 -3.57682e-14 -0.3)
(4.82992e-11 -1.67288e-13 -0.3)
(0.1 -1.37996e-12 -0.3)
(0.2 -1.48293e-13 -0.3)
(0.3 -6.07351e-14 -0.3)
(0.4 -1.5613e-14 -0.3)
(0.5 -3.20724e-15 -0.3)
(0.6 -7.09956e-16 -0.3)
(0.7 -1.37567e-16 -0.3)
(0.8 -5.71262e-17 -0.3)
(0.9 -5.03473e-18 -0.3)
(1 -3.77352e-19 -0.3)
(-1 0.1 -0.3)
(-0.900245 0.100016 -0.300093)
(-0.800484 0.100038 -0.300185)
(-0.700711 0.100033 -0.300295)
(-0.6 0.1 -0.3)
(-0.5 0.1 -0.3)
(-0.4 0.1 -0.3)
(-0.3 0.1 -0.3)
(-0.2 0.1 -0.3)
(-0.1 0.1 -0.3)
(1.52127e-10 0.1 -0.3)
(0.1 0.1 -0.3)
(0.2 0.1 -0.3)
(0.3 0.1 -0.3)
(0.4 0.1 -0.3)
(0.5 0.1 -0.3)
(0.6 0.1 -0.3)
(0.700711 0.100033 -0.300295)
(0.800484 0.100038 -0.300185)
(0.900245 0.100016 -0.300093)
(1 0.1 -0.3)
(-1 0.2 -0.3)
(-0.900247 0.200009 -0.300093)
(-0.800489 0.200019 -0.300185)
(-0.700718 0.200024 -0.300295)
(-0.600906 0.200013 -0.300467)
(-0.501013 0.200032 -0.300655)
(-0.400812 0.20008 -0.300885)
(-0.30065 0.200085 -0.300981)
(-0.200536 0.20009 -0.30103)
(-0.10042 0.200095 -0.301418)
(3.76082e-08 0.200103 -0.30294)
(0.10042 0.200096 -0.301418)
(0.200536 0.20009 -0.30103)
(0.30065 0.200085 -0.300982)
(0.400813 0.20008 -0.300886)
(0.501013 0.200032 -0.300654)
(0.600906 0.200013 -0.300467)
(0.700717 0.200024 -0.300295)
(0.800489 0.200019 -0.300185)
(0.900247 0.200009 -0.300093)
(1 0.2 -0.3)
(-1 0.3 -0.3)
(-0.900246 0.300008 -0.300092)
(-0.800486 0.300018 -0.300184)
(-0.700714 0.300049 -0.300286)
(-0.600902 0.300137 -0.300436)
(-0.501034 0.300299 -0.300614)
(-0.4 0.3 -0.3)
(-0.3 0.3 -0.3)
(-0.2 0.3 -0.3)
(-0.1 0.3 -0.3)
(-2.30049e-07 0.301262 -0.303059)
(0.1 0.3 -0.3)
(0.2 0.3 -0.3)
(0.3 0.3 -0.3)
(0.4 0.3 -0.3)
(0.501033 0.300299 -0.300614)
(0.600902 0.300137 -0.300436)
(0.700714 0.300049 -0.300286)
(0.800486 0.300018 -0.300184)
(0.900246 0.300008 -0.300092)
(1 0.3 -0.3)
(-1 0.4 -0.3)
(-0.900242 0.400009 -0.300091)
(-0.800477 0.400032 -0.30018)
(-0.700693 0.400118 -0.300276)
(-0.600853 0.400306 -0.300397)
(-0.5 0.4 -0.3)
(-0.4 0.4 -0.3)
(-0.3 0.4 -0.3)
(-0.2 0.4 -0.3)
(-0.1 0.4 -0.3)
(1.39455e-11 0.4 -0.3)
(0.1 0.4 -0.3)
(0.2 0.4 -0.3)
(0.3 0.4 -0.3)
(0.4 0.4 -0.3)
(0.5 0.4 -0.3)
(0.600853 0.400306 -0.300396)
(0.700693 0.400118 -0.300276)
(0.800477 0.400032 -0.30018)
(0.900242 0.400009 -0.300091)
(1 0.4 -0.3)
(-1 0.5 -0.3)
(-0.900235 0.500022 -0.300088)
(-0.800453 0.500108 -0.300171)
(-0.7 0.5 -0.3)
(-0.6 0.5 -0.3)
(-0.5 0.5 -0.3)
(-0.4 0.5 -0.3)
(-0.3 0.5 -0.3)
(-0.2 0.5 -0.3)
(-0.1 0.5 -0.3)
(1.96922e-12 0.5 -0.3)
(0.1 0.5 -0.3)
(0.2 0.5 -0.3)
(0.3 0.5 -0.3)
(0.4 0.5 -0.3)
(0.5 0.5 -0.3)
(0.6 0.5 -0.3)
(0.7 0.5 -0.3)
(0.800453 0.500108 -0.300171)
(0.900235 0.500022 -0.300088)
(1 0.5 -0.3)
(-1 0.6 -0.3)
(-0.900217 0.600071 -0.300082)
(-0.8 0.6 -0.3)
(-0.7 0.6 -0.3)
(-0.6 0.6 -0.3)
(-0.5 0.6 -0.3)
(-0.4 0.6 -0.3)
(-0.3 0.6 -0.3)
(-0.2 0.6 -0.3)
(-0.1 0.6 -0.3)
(2.74657e-13 0.6 -0.3)
(0.1 0.6 -0.3)
(0.2 0.6 -0.3)
(0.3 0.6 -0.3)
(0.4 0.6 -0.3)
(0.5 0.6 -0.3)
(0.6 0.6 -0.3)
(0.7 0.6 -0.3)
(0.8 0.6 -0.3)
(0.900217 0.600071 -0.300082)
(1 0.6 -0.3)
(-1 0.7 -0.3)
(-0.9 0.7 -0.3)
(-0.8 0.7 -0.3)
(-0.7 0.7 -0.3)
(-0.6 0.7 -0.3)
(-0.5 0.7 -0.3)
(-0.4 0.7 -0.3)
(-0.3 0.7 -0.3)
(-0.2 0.7 -0.3)
(-0.1 0.7 -0.3)
(2.82261e-14 0.7 -0.3)
(0.1 0.7 -0.3)
(0.2 0.7 -0.3)
(0.3 0.7 -0.3)
(0.4 0.7 -0.3)
(0.5 0.7 -0.3)
(0.6 0.7 -0.3)
(0.7 0.7 -0.3)
(0.8 0.7 -0.3)
(0.9 0.7 -0.3)
(1 0.7 -0.3)
(-1 0.8 -0.3)
(-0.9 0.8 -0.3)
(-0.8 0.8 -0.3)
(-0.7 0.8 -0.3)
(-0.6 0.8 -0.3)
(-0.5 0.8 -0.3)
(-0.4 0.8 -0.3)
(-0.3 0.8 -0.3)
(-0.2 0.8 -0.3)
(-0.1 0.8 -0.3)
(1.35844e-15 0.8 -0.3)
(0.1 0.8 -0.3)
(0.2 0.8 -0.3)
(0.3 0.8 -0.3)
(0.4 0.8 -0.3)
(0.5 0.8 -0.3)
(0.6 0.8 -0.3)
(0.7 0.8 -0.3)
(0.8 0.8 -0.3)
(0.9 0.8 -0.3)
(1 0.8 -0.3)
(-1 0.9 -0.3)
(-0.9 0.9 -0.3)
(-0.8 0.9 -0.3)
(-0.7 0.9 -0.3)
(-0.6 0.9 -0.3)
(-0.5 0.9 -0.3)
(-0.4 0.9 -0.3)
(-0.3 0.9 -0.3)
(-0.2 0.9 -0.3)
(-0.1 0.9 -0.3)
(-1.51241e-16 0.9 -0.3)
(0.1 0.9 -0.3)
(0.2 0.9 -0.3)
(0.3 0.9 -0.3)
(0.4 0.9 -0.3)
(0.5 0.9 -0.3)
(0.6 0.9 -0.3)
(0.7 0.9 -0.3)
(0.8 0.9 -0.3)
(0.9 0.9 -0.3)
(1 0.9 -0.3)
(-1 1 -0.3)
(-0.9 1 -0.3)
(-0.8 1 -0.3)
(-0.7 1 -0.3)
(-0.6 1 -0.3)
(-0.5 1 -0.3)
(-0.4 1 -0.3)
(-0.3 1 -0.3)
(-0.2 1 -0.3)
(-0.1 1 -0.3)
(-6.23729e-17 1 -0.3)
(0.1 1 -0.3)
(0.2 1 -0.3)
(0.3 1 -0.3)
(0.4 1 -0.3)
(0.5 1 -0.3)
(0.6 1 -0.3)
(0.7 1 -0.3)
(0.8 1 -0.3)
(0.9 1 -0.3)
(1 1 -0.3)
(-1 -1 -0.2)
(-0.9 -1 -0.2)
(-0.8 -1 -0.2)
(-0.7 -1 -0.2)
(-0.6 -1 -0.2)
(-0.5 -1 -0.2)
(-0.4 -1 -0.2)
(-0.3 -1 -0.2)
(-0.2 -1 -0.2)
(-0.1 -1 -0.2)
(-3.93423e-16 -1 -0.2)
(0.1 -1 -0.2)
(0.2 -1 -0.2)
(0.3 -1 -0.2)
(0.4 -1 -0.2)
(0.5 -1 -0.2)
(0.6 -1 -0.2)
(0.7 -1 -0.2)
(0.8 -1 -0.2)
(0.9 -1 -0.2)
(1 -1 -0.2)
(-1 -0.9 -0.2)
(-0.9 -0.9 -0.2)
(-0.8 -0.9 -0.2)
(-0.7 -0.9 -0.2)
(-0.6 -0.9 -0.2)
(-0.5 -0.9 -0.2)
(-0.4 -0.9 -0.2)
(-0.3 -0.9 -0.2)
(-0.2 -0.9 -0.2)
(-0.1 -0.9 -0.2)
(-1.85662e-15 -0.9 -0.2)
(0.1 -0.9 -0.2)
(0.2 -0.9 -0.2)
(0.3 -0.9 -0.2)
(0.4 -0.9 -0.2)
(0.5 -0.9 -0.2)
(0.6 -0.9 -0.2)
(0.7 -0.9 -0.2)
(0.8 -0.9 -0.2)
(0.9 -0.9 -0.2)
(1 -0.9 -0.2)
(-1 -0.8 -0.2)
(-0.9 -0.8 -0.2)
(-0.8 -0.8 -0.2)
(-0.7 -0.8 -0.2)
(-0.6 -0.8 -0.2)
(-0.5 -0.8 -0.2)
(-0.4 -0.8 -0.2)
(-0.3 -0.8 -0.2)
(-0.2 -0.8 -0.2)
(-0.1 -0.8 -0.2)
(-6.17667e-15 -0.8 -0.2)
(0.1 -0.8 -0.2)
(0.2 -0.8 -0.2)
(0.3 -0.8 -0.2)
(0.4 -0.8 -0.2)
(0.5 -0.8 -0.2)
(0.6 -0.8 -0.2)
(0.7 -0.8 -0.2)
(0.8 -0.8 -0.2)
(0.9 -0.8 -0.2)
(1 -0.8 -0.2)
(-1 -0.7 -0.2)
(-0.9 -0.7 -0.2)
(-0.8 -0.7 -0.2)
(-0.7 -0.7 -0.2)
(-0.6 -0.7 -0.2)
(-0.5 -0.7 -0.2)
(-0.4 -0.7 -0.2)
(-0.3 -0.7 -0.2)
(-0.2 -0.7 -0.2)
(-0.1 -0.7 -0.2)
(8.93404e-15 -0.7 -0.2)
(0.1 -0.7 -0.2)
(0.2 -0.7 -0.2)
(0.3 -0.7 -0.2)
(0.4 -0.7 -0.2)
(0.5 -0.7 -0.2)
(0.6 -0.7 -0.2)
(0.7 -0.7 -0.2)
(0.8 -0.7 -0.2)
(0.9 -0.7 -0.2)
(1 -0.7 -0.2)
(-1 -0.6 -0.2)
(-0.9 -0.6 -0.2)
(-0.8 -0.6 -0.2)
(-0.7 -0.6 -0.2)
(-0.6 -0.6 -0.2)
(-0.5 -0.6 -0.2)
(-0.4 -0.6 -0.2)
(-0.3 -0.6 -0.2)
(-0.2 -0.6 -0.2)
(-0.1 -0.6 -0.2)
(1.63348e-13 -0.6 -0.2)
(0.1 -0.6 -0.2)
(0.2 -0.6 -0.2)
(0.3 -0.6 -0.2)
(0.4 -0.6 -0.2)
(0.5 -0.6 -0.2)
(0.6 -0.6 -0.2)
(0.7 -0.6 -0.2)
(0.8 -0.6 -0.2)
(0.9 -0.6 -0.2)
(1 -0.6 -0.2)
(-1 -0.5 -0.2)
(-0.900241 -0.500039 -0.200089)
(-0.800461 -0.500149 -0.200174)
(-0.7 -0.5 -0.2)
(-0.6 -0.5 -0.2)
(-0.5 -0.5 -0.2)
(-0.4 -0.5 -0.2)
(-0.3 -0.5 -0.2)
(-0.2 -0.5 -0.2)
(-0.1 -0.5 -0.2)
(-7.0412e-13 -0.5 -0.2)
(0.1 -0.5 -0.2)
(0.2 -0.5 -0.2)
(0.3 -0.5 -0.2)
(0.4 -0.5 -0.2)
(0.5 -0.5 -0.2)
(0.6 -0.5 -0.2)
(0.7 -0.5 -0.2)
(0.80046 -0.500149 -0.200174)
(0.900241 -0.500039 -0.200089)
(1 -0.5 -0.2)
(-1 -0.4 -0.2)
(-0.90025 -0.400012 -0.200094)
(-0.800495 -0.400041 -0.200186)
(-0.700727 -0.400128 -0.200274)
(-0.600922 -0.40031 -0.200357)
(-0.5 -0.4 -0.2)
(-0.4 -0.4 -0.2)
(-0.3 -0.4 -0.2)
(-0.2 -0.4 -0.2)
(-0.1 -0.4 -0.2)
(-1.74193e-11 -0.4 -0.2)
(0.1 -0.4 -0.2)
(0.2 -0.4 -0.2)
(0.3 -0.4 -0.2)
(0.4 -0.4 -0.2)
(0.5 -0.4 -0.2)
(0.600922 -0.40031 -0.200357)
(0.700727 -0.400128 -0.200274)
(0.800495 -0.400041 -0.200186)
(0.90025 -0.400012 -0.200094)
(1 -0.4 -0.2)
(-1 -0.3 -0.2)
(-0.900255 -0.300008 -0.200095)
(-0.800506 -0.300018 -0.20019)
(-0.700753 -0.300036 -0.200283)
(-0.600989 -0.300085 -0.200381)
(-0.501159 -0.300207 -0.200477)
(-0.401089 -0.300363 -0.200614)
(-0.3 -0.3 -0.2)
(-0.2 -0.3 -0.2)
(-0.0999999 -0.3 -0.2)
(2.16673e-10 -0.3 -0.2)
(0.0999999 -0.3 -0.2)
(0.2 -0.3 -0.2)
(0.3 -0.3 -0.2)
(0.401089 -0.300363 -0.200614)
(0.501159 -0.300207 -0.200477)
(0.600988 -0.300085 -0.200381)
(0.700753 -0.300036 -0.200283)
(0.800506 -0.300018 -0.20019)
(0.900255 -0.300008 -0.200095)
(1 -0.3 -0.2)
(-1 -0.2 -0.2)
(-0.900256 -0.200007 -0.200096)
(-0.80051 -0.200013 -0.200191)
(-0.700759 -0.200012 -0.200287)
(-0.600998 -0.199977 -0.200391)
(-0.501105 -0.199974 -0.200467)
(-0.401039 -0.199984 -0.200615)
(-0.300666 -0.199996 -0.200697)
(-0.200666 -0.200019 -0.201056)
(-0.10056 -0.200075 -0.201537)
(4.55645e-06 -0.200155 -0.203302)
(0.100479 -0.200039 -0.201213)
(0.200668 -0.200016 -0.201056)
(0.300665 -0.199996 -0.200697)
(0.401039 -0.199984 -0.200615)
(0.501104 -0.199974 -0.200467)
(0.600998 -0.199977 -0.200391)
(0.700759 -0.200012 -0.200287)
(0.80051 -0.200013 -0.200191)
(0.900256 -0.200007 -0.200096)
(1 -0.2 -0.2)
(-1 -0.1 -0.2)
(-0.900254 -0.0999945 -0.200096)
(-0.800505 -0.0999811 -0.200192)
(-0.70075 -0.0999393 -0.200287)
(-0.6 -0.1 -0.2)
(-0.5 -0.1 -0.2)
(-0.4 -0.1 -0.2)
(-0.3 -0.1 -0.2)
(-0.2 -0.1 -0.2)
(-0.0999998 -0.1 -0.2)
(4.15066e-10 -0.1 -0.2)
(0.0999998 -0.1 -0.2)
(0.2 -0.1 -0.2)
(0.3 -0.1 -0.2)
(0.4 -0.1 -0.2)
(0.5 -0.1 -0.2)
(0.6 -0.1 -0.2)
(0.70075 -0.0999393 -0.200287)
(0.800505 -0.0999811 -0.200192)
(0.900254 -0.0999945 -0.200096)
(1 -0.1 -0.2)
(-1 7.49799e-19 -0.2)
(-0.9 2.58121e-18 -0.2)
(-0.8 2.85145e-17 -0.2)
(-0.7 1.56631e-16 -0.2)
(-0.6 2.24929e-15 -0.2)
(-0.5 1.33458e-14 -0.2)
(-0.4 -4.51955e-15 -0.2)
(-0.3 -1.09828e-13 -0.2)
(-0.2 -2.10812e-14 -0.2)
(-0.1 -4.54029e-14 -0.2)
(1.58962e-11 -3.13737e-13 -0.2)
(0.1 -1.31159e-11 -0.2)
(0.2 -2.19052e-13 -0.2)
(0.3 -6.10828e-13 -0.2)
(0.4 -1.05742e-13 -0.2)
(0.5 -5.37788e-15 -0.2)
(0.6 -9.34888e-16 -0.2)
(0.7 -3.31503e-16 -0.2)
(0.8 -3.80216e-17 -0.2)
(0.9 -5.40664e-18 -0.2)
(1 -3.43516e-19 -0.2)
(-1 0.1 -0.2)
(-0.900254 0.100019 -0.200096)
(-0.800504 0.10004 -0.200191)
(-0.700751 0.100028 -0.200288)
(-0.6 0.1 -0.2)
(-0.5 0.1 -0.2)
(-0.4 0.1 -0.2)
(-0.3 0.1 -0.2)
(-0.2 0.1 -0.2)
(-0.0999998 0.1 -0.2)
(4.13746e-10 0.1 -0.2)
(0.0999998 0.1 -0.2)
(0.2 0.1 -0.2)
(0.3 0.1 -0.2)
(0.4 0.1 -0.2)
(0.5 0.1 -0.2)
(0.6 0.1 -0.2)
(0.700751 0.100028 -0.200288)
(0.800504 0.10004 -0.200191)
(0.900254 0.100019 -0.200096)
(1 0.1 -0.2)
(-1 0.2 -0.2)
(-0.900256 0.20001 -0.200096)
(-0.80051 0.200019 -0.200191)
(-0.700759 0.200021 -0.200287)
(-0.600998 0.199989 -0.200392)
(-0.501102 0.199989 -0.200468)
(-0.401032 0.200018 -0.200621)
(-0.300664 0.199998 -0.200697)
(-0.200664 0.200019 -0.201054)
(-0.100558 0.200075 -0.201533)
(5.61551e-08 0.200163 -0.203301)
(0.100558 0.200075 -0.201532)
(0.200664 0.200019 -0.201054)
(0.300664 0.199998 -0.200697)
(0.401031 0.200018 -0.200621)
(0.501102 0.199989 -0.200468)
(0.600998 0.199989 -0.200392)
(0.700759 0.200021 -0.200287)
(0.800509 0.200019 -0.200191)
(0.900256 0.20001 -0.200096)
(1 0.2 -0.2)
(-1 0.3 -0.2)
(-0.900255 0.300009 -0.200095)
(-0.800506 0.300018 -0.20019)
(-0.700753 0.300037 -0.200283)
(-0.600989 0.300086 -0.200381)
(-0.501157 0.300207 -0.200476)
(-0.401085 0.300364 -0.200613)
(-0.3 0.3 -0.2)
(-0.2 0.3 -0.2)
(-0.0999999 0.3 -0.2)
(2.12915e-10 0.3 -0.2)
(0.0999999 0.3 -0.2)
(0.2 0.3 -0.2)
(0.3 0.3 -0.2)
(0.401085 0.300364 -0.200613)
(0.501156 0.300207 -0.200476)
(0.600988 0.300086 -0.200381)
(0.700753 0.300037 -0.200283)
(0.800506 0.300018 -0.20019)
(0.900255 0.300009 -0.200095)
(1 0.3 -0.2)
(-1 0.4 -0.2)
(-0.90025 0.400012 -0.200094)
(-0.800495 0.400041 -0.200186)
(-0.700727 0.400128 -0.200274)
(-0.600922 0.40031 -0.200357)
(-0.5 0.4 -0.2)
(-0.4 0.4 -0.2)
(-0.3 0.4 -0.2)
(-0.2 0.4 -0.2)
(-0.1 0.4 -0.2)
(-1.78887e-11 0.4 -0.2)
(0.1 0.4 -0.2)
(0.2 0.4 -0.2)
(0.3 0.4 -0.2)
(0.4 0.4 -0.2)
(0.5 0.4 -0.2)
(0.600922 0.40031 -0.200357)
(0.700727 0.400128 -0.200274)
(0.800495 0.400041 -0.200186)
(0.90025 0.400012 -0.200094)
(1 0.4 -0.2)
(-1 0.5 -0.2)
(-0.900241 0.500039 -0.200089)
(-0.800461 0.500149 -0.200174)
(-0.7 0.5 -0.2)
(-0.6 0.5 -0.2)
(-0.5 0.5 -0.2)
(-0.4 0.5 -0.2)
(-0.3 0.5 -0.2)
(-0.2 0.5 -0.2)
(-0.1 0.5 -0.2)
(-8.05599e-13 0.5 -0.2)
(0.1 0.5 -0.2)
(0.2 0.5 -0.2)
(0.3 0.5 -0.2)
(0.4 0.5 -0.2)
(0.5 0.5 -0.2)
(0.6 0.5 -0.2)
(0.7 0.5 -0.2)
(0.80046 0.500149 -0.200174)
(0.900241 0.500039 -0.200089)
(1 0.5 -0.2)
(-1 0.6 -0.2)
(-0.9 0.6 -0.2)
(-0.8 0.6 -0.2)
(-0.7 0.6 -0.2)
(-0.6 0.6 -0.2)
(-0.5 0.6 -0.2)
(-0.4 0.6 -0.2)
(-0.3 0.6 -0.2)
(-0.2 0.6 -0.2)
(-0.1 0.6 -0.2)
(1.42852e-13 0.6 -0.2)
(0.1 0.6 -0.2)
(0.2 0.6 -0.2)
(0.3 0.6 -0.2)
(0.4 0.6 -0.2)
(0.5 0.6 -0.2)
(0.6 0.6 -0.2)
(0.7 0.6 -0.2)
(0.8 0.6 -0.2)
(0.9 0.6 -0.2)
(1 0.6 -0.2)
(-1 0.7 -0.2)
(-0.9 0.7 -0.2)
(-0.8 0.7 -0.2)
(-0.7 0.7 -0.2)
(-0.6 0.7 -0.2)
(-0.5 0.7 -0.2)
(-0.4 0.7 -0.2)
(-0.3 0.7 -0.2)
(-0.2 0.7 -0.2)
(-0.1 0.7 -0.2)
(5.36615e-15 0.7 -0.2)
(0.1 0.7 -0.2)
(0.2 0.7 -0.2)
(0.3 0.7 -0.2)
(0.4 0.7 -0.2)
(0.5 0.7 -0.2)
(0.6 0.7 -0.2)
(0.7 0.7 -0.2)
(0.8 0.7 -0.2)
(0.9 0.7 -0.2)
(1 0.7 -0.2)
(-1 0.8 -0.2)
(-0.9 0.8 -0.2)
(-0.8 0.8 -0.2)
(-0.7 0.8 -0.2)
(-0.6 0.8 -0.2)
(-0.5 0.8 -0.2)
(-0.4 0.8 -0.2)
(-0.3 0.8 -0.2)
(-0.2 0.8 -0.2)
(-0.1 0.8 -0.2)
(-6.72469e-15 0.8 -0.2)
(0.1 0.8 -0.2)
(0.2 0.8 -0.2)
(0.3 0.8 -0.2)
(0.4 0.8 -0.2)
(0.5 0.8 -0.2)
(0.6 0.8 -0.2)
(0.7 0.8 -0.2)
(0.8 0.8 -0.2)
(0.9 0.8 -0.2)
(1 0.8 -0.2)
(-1 0.9 -0.2)
(-0.9 0.9 -0.2)
(-0.8 0.9 -0.2)
(-0.7 0.9 -0.2)
(-0.6 0.9 -0.2)
(-0.5 0.9 -0.2)
(-0.4 0.9 -0.2)
(-0.3 0.9 -0.2)
(-0.2 0.9 -0.2)
(-0.1 0.9 -0.2)
(-1.92428e-15 0.9 -0.2)
(0.1 0.9 -0.2)
(0.2 0.9 -0.2)
(0.3 0.9 -0.2)
(0.4 0.9 -0.2)
(0.5 0.9 -0.2)
(0.6 0.9 -0.2)
(0.7 0.9 -0.2)
(0.8 0.9 -0.2)
(0.9 0.9 -0.2)
(1 0.9 -0.2)
(-1 1 -0.2)
(-0.9 1 -0.2)
(-0.8 1 -0.2)
(-0.7 1 -0.2)
(-0.6 1 -0.2)
(-0.5 1 -0.2)
(-0.4 1 -0.2)
(-0.3 1 -0.2)
(-0.2 1 -0.2)
(-0.1 1 -0.2)
(-4.03108e-16 1 -0.2)
(0.1 1 -0.2)
(0.2 1 -0.2)
(0.3 1 -0.2)
(0.4 1 -0.2)
(0.5 1 -0.2)
(0.6 1 -0.2)
(0.7 1 -0.2)
(0.8 1 -0.2)
(0.9 1 -0.2)
(1 1 -0.2)
(-1 -1 -0.1)
(-0.9 -1 -0.1)
(-0.8 -1 -0.1)
(-0.7 -1 -0.1)
(-0.6 -1 -0.1)
(-0.5 -1 -0.1)
(-0.4 -1 -0.1)
(-0.3 -1 -0.1)
(-0.2 -1 -0.1)
(-0.1 -1 -0.1)
(-1.56071e-15 -1 -0.1)
(0.1 -1 -0.1)
(0.2 -1 -0.1)
(0.3 -1 -0.1)
(0.4 -1 -0.1)
(0.5 -1 -0.1)
(0.6 -1 -0.1)
(0.7 -1 -0.1)
(0.8 -1 -0.1)
(0.9 -1 -0.1)
(1 -1 -0.1)
(-1 -0.9 -0.1)
(-0.9 -0.9 -0.1)
(-0.8 -0.9 -0.1)
(-0.7 -0.9 -0.1)
(-0.6 -0.9 -0.1)
(-0.5 -0.9 -0.1)
(-0.4 -0.9 -0.1)
(-0.3 -0.9 -0.1)
(-0.2 -0.9 -0.1)
(-0.1 -0.9 -0.1)
(-9.60542e-15 -0.9 -0.1)
(0.1 -0.9 -0.1)
(0.2 -0.9 -0.1)
(0.3 -0.9 -0.1)
(0.4 -0.9 -0.1)
(0.5 -0.9 -0.1)
(0.6 -0.9 -0.1)
(0.7 -0.9 -0.1)
(0.8 -0.9 -0.1)
(0.9 -0.9 -0.1)
(1 -0.9 -0.1)
(-1 -0.8 -0.1)
(-0.9 -0.8 -0.1)
(-0.8 -0.8 -0.1)
(-0.7 -0.8 -0.1)
(-0.6 -0.8 -0.1)
(-0.5 -0.8 -0.1)
(-0.4 -0.8 -0.1)
(-0.3 -0.8 -0.1)
(-0.2 -0.8 -0.1)
(-0.1 -0.8 -0.1)
(-5.93282e-14 -0.8 -0.1)
(0.1 -0.8 -0.1)
(0.2 -0.8 -0.1)
(0.3 -0.8 -0.1)
(0.4 -0.8 -0.1)
(0.5 -0.8 -0.1)
(0.6 -0.8 -0.1)
(0.7 -0.8 -0.1)
(0.8 -0.8 -0.1)
(0.9 -0.8 -0.1)
(1 -0.8 -0.1)
(-1 -0.7 -0.1)
(-0.9 -0.7 -0.1)
(-0.8 -0.7 -0.1)
(-0.7 -0.7 -0.1)
(-0.6 -0.7 -0.1)
(-0.5 -0.7 -0.1)
(-0.4 -0.7 -0.1)
(-0.3 -0.7 -0.1)
(-0.2 -0.7 -0.1)
(-0.1 -0.7 -0.1)
(-3.17705e-13 -0.7 -0.1)
(0.1 -0.7 -0.1)
(0.2 -0.7 -0.1)
(0.3 -0.7 -0.1)
(0.4 -0.7 -0.1)
(0.5 -0.7 -0.1)
(0.6 -0.7 -0.1)
(0.7 -0.7 -0.1)
(0.8 -0.7 -0.1)
(0.9 -0.7 -0.1)
(1 -0.7 -0.1)
(-1 -0.6 -0.1)
(-0.9 -0.6 -0.1)
(-0.8 -0.6 -0.1)
(-0.7 -0.6 -0.1)
(-0.6 -0.6 -0.1)
(-0.5 -0.6 -0.1)
(-0.4 -0.6 -0.1)
(-0.3 -0.6 -0.1)
(-0.2 -0.6 -0.1)
(-0.1 -0.6 -0.1)
(-1.95697e-12 -0.6 -0.1)
(0.1 -0.6 -0.1)
(0.2 -0.6 -0.1)
(0.3 -0.6 -0.1)
(0.4 -0.6 -0.1)
(0.5 -0.6 -0.1)
(0.6 -0.6 -0.1)
(0.7 -0.6 -0.1)
(0.8 -0.6 -0.1)
(0.9 -0.6 -0.1)
(1 -0.6 -0.1)
(-1 -0.5 -0.1)
(-0.900246 -0.50006 -0.100081)
(-0.8 -0.5 -0.1)
(-0.7 -0.5 -0.1)
(-0.6 -0.5 -0.1)
(-0.5 -0.5 -0.1)
(-0.4 -0.5 -0.1)
(-0.3 -0.5 -0.1)
(-0.2 -0.5 -0.1)
(-0.1 -0.5 -0.1)
(-1.8905e-11 -0.5 -0.1)
(0.1 -0.5 -0.1)
(0.2 -0.5 -0.1)
(0.3 -0.5 -0.1)
(0.4 -0.5 -0.1)
(0.5 -0.5 -0.1)
(0.6 -0.5 -0.1)
(0.7 -0.5 -0.1)
(0.8 -0.5 -0.1)
(0.900246 -0.50006 -0.100081)
(1 -0.5 -0.1)
(-1 -0.4 -0.1)
(-0.900258 -0.400018 -0.100092)
(-0.800507 -0.400073 -0.100185)
(-0.700743 -0.400182 -0.100273)
(-0.6 -0.4 -0.1)
(-0.5 -0.4 -0.1)
(-0.4 -0.4 -0.1)
(-0.3 -0.4 -0.1)
(-0.2 -0.4 -0.1)
(-0.1 -0.4 -0.1)
(-4.48018e-10 -0.4 -0.1)
(0.1 -0.4 -0.1)
(0.2 -0.4 -0.1)
(0.3 -0.4 -0.1)
(0.4 -0.4 -0.1)
(0.5 -0.4 -0.1)
(0.6 -0.4 -0.1)
(0.700743 -0.400182 -0.100273)
(0.800507 -0.400073 -0.100185)
(0.900257 -0.400018 -0.100092)
(1 -0.4 -0.1)
(-1 -0.3 -0.1)
(-0.900262 -0.300009 -0.100096)
(-0.800522 -0.300023 -0.100191)
(-0.700779 -0.300051 -0.100286)
(-0.601028 -0.300133 -0.100378)
(-0.501184 -0.300221 -0.100438)
(-0.401175 -0.300395 -0.100471)
(-0.3 -0.3 -0.1)
(-0.2 -0.3 -0.0999998)
(-0.099999 -0.3 -0.0999989)
(-2.5186e-09 -0.300002 -0.100002)
(0.099999 -0.3 -0.0999989)
(0.2 -0.3 -0.0999998)
(0.3 -0.3 -0.1)
(0.401175 -0.300395 -0.100471)
(0.501183 -0.300221 -0.100438)
(0.601028 -0.300133 -0.100378)
(0.700779 -0.300051 -0.100286)
(0.800522 -0.300023 -0.100191)
(0.900262 -0.300009 -0.100096)
(1 -0.3 -0.1)
(-1 -0.2 -0.1)
(-0.900264 -0.200007 -0.100096)
(-0.800526 -0.200013 -0.100193)
(-0.700787 -0.200013 -0.100289)
(-0.601045 -0.199982 -0.100387)
(-0.501122 -0.199976 -0.100419)
(-0.401117 -0.200004 -0.100458)
(-0.301095 -0.20004 -0.100625)
(-0.200791 -0.200041 -0.100806)
(-0.100735 -0.200026 -0.101355)
(1.37901e-07 -0.200013 -0.103911)
(0.100742 -0.200033 -0.101352)
(0.200791 -0.200041 -0.100806)
(0.301095 -0.20004 -0.100625)
(0.401117 -0.200004 -0.100458)
(0.501122 -0.199976 -0.100419)
(0.601044 -0.199982 -0.100387)
(0.700787 -0.200013 -0.100289)
(0.800526 -0.200013 -0.100193)
(0.900264 -0.200007 -0.100096)
(1 -0.2 -0.1)
(-1 -0.1 -0.1)
(-0.900262 -0.0999935 -0.100096)
(-0.800521 -0.099978 -0.100193)
(-0.700776 -0.0999336 -0.10029)
(-0.6 -0.1 -0.1)
(-0.5 -0.1 -0.1)
(-0.4 -0.1 -0.1)
(-0.3 -0.1 -0.1)
(-0.2 -0.1 -0.0999996)
(-0.0999973 -0.100002 -0.0999966)
(3.04578e-09 -0.100002 -0.100001)
(0.0999973 -0.100002 -0.0999966)
(0.2 -0.1 -0.0999996)
(0.3 -0.1 -0.1)
(0.4 -0.1 -0.1)
(0.5 -0.1 -0.1)
(0.6 -0.1 -0.1)
(0.700776 -0.0999336 -0.10029)
(0.800521 -0.0999781 -0.100193)
(0.900262 -0.0999935 -0.100096)
(1 -0.1 -0.1)
(-1 2.13535e-18 -0.1)
(-0.9 -4.87696e-18 -0.1)
(-0.8 -1.56753e-16 -0.1)
(-0.7 -9.28284e-16 -0.1)
(-0.6 1.78827e-14 -0.1)
(-0.5 1.85365e-13 -0.1)
(-0.4 1.04253e-14 -0.1)
(-0.3 -1.89657e-14 -0.1)
(-0.2 1.23201e-12 -0.0999999)
(-0.0999996 1.36486e-13 -0.0999995)
(-5.5799e-11 -3.70832e-12 -0.0999998)
(0.0999996 -1.15904e-11 -0.0999995)
(0.2 1.10035e-12 -0.0999999)
(0.3 -5.56045e-12 -0.1)
(0.4 -5.23565e-13 -0.1)
(0.5 1.2734e-13 -0.1)
(0.6 1.09481e-14 -0.1)
(0.7 -1.81353e-15 -0.1)
(0.8 -2.56035e-16 -0.1)
(0.9 -1.96686e-17 -0.1)
(1 -5.48409e-20 -0.1)
(-1 0.1 -0.1)
(-0.900261 0.10002 -0.100096)
(-0.800521 0.100039 -0.100193)
(-0.700779 0.100025 -0.10029)
(-0.6 0.1 -0.1)
(-0.5 0.1 -0.1)
(-0.4 0.1 -0.1)
(-0.3 0.1 -0.1)
(-0.2 0.1 -0.0999996)
(-0.0999973 0.100002 -0.0999966)
(3.03256e-09 0.100002 -0.100001)
(0.0999973 0.100002 -0.0999966)
(0.2 0.1 -0.0999996)
(0.3 0.1 -0.1)
(0.4 0.1 -0.1)
(0.5 0.1 -0.1)
(0.6 0.1 -0.1)
(0.700778 0.100025 -0.10029)
(0.80052 0.100039 -0.100193)
(0.900261 0.100019 -0.100096)
(1 0.1 -0.1)
(-1 0.2 -0.1)
(-0.900264 0.20001 -0.100096)
(-0.800526 0.200019 -0.100193)
(-0.700787 0.200022 -0.100289)
(-0.601045 0.199994 -0.100387)
(-0.501119 0.199988 -0.100418)
(-0.401113 0.200018 -0.100457)
(-0.30109 0.20004 -0.100622)
(-0.200787 0.200041 -0.100801)
(-0.100735 0.200026 -0.101355)
(1.37746e-07 0.200013 -0.103911)
(0.100741 0.200033 -0.101352)
(0.200787 0.200041 -0.100801)
(0.30109 0.20004 -0.100621)
(0.401113 0.200018 -0.100457)
(0.501119 0.199988 -0.100418)
(0.601044 0.199994 -0.100387)
(0.700787 0.200022 -0.100289)
(0.800526 0.200019 -0.100193)
(0.900264 0.20001 -0.100096)
(1 0.2 -0.1)
(-1 0.3 -0.1)
(-0.900262 0.300009 -0.100096)
(-0.800522 0.300023 -0.100191)
(-0.700779 0.300051 -0.100286)
(-0.601028 0.300133 -0.100378)
(-0.501181 0.300221 -0.100437)
(-0.401171 0.300395 -0.100469)
(-0.3 0.3 -0.1)
(-0.2 0.3 -0.0999998)
(-0.099999 0.3 -0.0999989)
(-2.55253e-09 0.300002 -0.100002)
(0.099999 0.3 -0.0999989)
(0.2 0.3 -0.0999998)
(0.3 0.3 -0.1)
(0.401171 0.300395 -0.100469)
(0.50118 0.300221 -0.100437)
(0.601028 0.300133 -0.100378)
(0.700779 0.300051 -0.100286)
(0.800522 0.300023 -0.100191)
(0.900262 0.300009 -0.100096)
(1 0.3 -0.1)
(-1 0.4 -0.1)
(-0.900258 0.400018 -0.100092)
(-0.800507 0.400073 -0.100185)
(-0.700743 0.400182 -0.100273)
(-0.6 0.4 -0.1)
(-0.5 0.4 -0.1)
(-0.4 0.4 -0.1)
(-0.3 0.4 -0.1)
(-0.2 0.4 -0.1)
(-0.1 0.4 -0.1)
(-4.53362e-10 0.4 -0.1)
(0.1 0.4 -0.1)
(0.2 0.4 -0.1)
(0.3 0.4 -0.1)
(0.4 0.4 -0.1)
(0.5 0.4 -0.1)
(0.6 0.4 -0.1)
(0.700743 0.400182 -0.100273)
(0.800507 0.400073 -0.100185)
(0.900257 0.400018 -0.100092)
(1 0.4 -0.1)
(-1 0.5 -0.1)
(-0.900246 0.50006 -0.100081)
(-0.8 0.5 -0.1)
(-0.7 0.5 -0.1)
(-0.6 0.5 -0.1)
(-0.5 0.5 -0.1)
(-0.4 0.5 -0.1)
(-0.3 0.5 -0.1)
(-0.2 0.5 -0.1)
(-0.1 0.5 -0.1)
(-1.93195e-11 0.5 -0.1)
(0.1 0.5 -0.1)
(0.2 0.5 -0.1)
(0.3 0.5 -0.1)
(0.4 0.5 -0.1)
(0.5 0.5 -0.1)
(0.6 0.5 -0.1)
(0.7 0.5 -0.1)
(0.8 0.5 -0.1)
(0.900246 0.50006 -0.100081)
(1 0.5 -0.1)
(-1 0.6 -0.1)
(-0.9 0.6 -0.1)
(-0.8 0.6 -0.1)
(-0.7 0.6 -0.1)
(-0.6 0.6 -0.1)
(-0.5 0.6 -0.1)
(-0.4 0.6 -0.1)
(-0.3 0.6 -0.1)
(-0.2 0.6 -0.1)
(-0.1 0.6 -0.1)
(-2.05067e-12 0.6 -0.1)
(0.1 0.6 -0.1)
(0.2 0.6 -0.1)
(0.3 0.6 -0.1)
(0.4 0.6 -0.1)
(0.5 0.6 -0.1)
(0.6 0.6 -0.1)
(0.7 0.6 -0.1)
(0.8 0.6 -0.1)
(0.9 0.6 -0.1)
(1 0.6 -0.1)
(-1 0.7 -0.1)
(-0.9 0.7 -0.1)
(-0.8 0.7 -0.1)
(-0.7 0.7 -0.1)
(-0.6 0.7 -0.1)
(-0.5 0.7 -0.1)
(-0.4 0.7 -0.1)
(-0.3 0.7 -0.1)
(-0.2 0.7 -0.1)
(-0.1 0.7 -0.1)
(-3.3414e-13 0.7 -0.1)
(0.1 0.7 -0.1)
(0.2 0.7 -0.1)
(0.3 0.7 -0.1)
(0.4 0.7 -0.1)
(0.5 0.7 -0.1)
(0.6 0.7 -0.1)
(0.7 0.7 -0.1)
(0.8 0.7 -0.1)
(0.9 0.7 -0.1)
(1 0.7 -0.1)
(-1 0.8 -0.1)
(-0.9 0.8 -0.1)
(-0.8 0.8 -0.1)
(-0.7 0.8 -0.1)
(-0.6 0.8 -0.1)
(-0.5 0.8 -0.1)
(-0.4 0.8 -0.1)
(-0.3 0.8 -0.1)
(-0.2 0.8 -0.1)
(-0.1 0.8 -0.1)
(-6.17318e-14 0.8 -0.1)
(0.1 0.8 -0.1)
(0.2 0.8 -0.1)
(0.3 0.8 -0.1)
(0.4 0.8 -0.1)
(0.5 0.8 -0.1)
(0.6 0.8 -0.1)
(0.7 0.8 -0.1)
(0.8 0.8 -0.1)
(0.9 0.8 -0.1)
(1 0.8 -0.1)
(-1 0.9 -0.1)
(-0.9 0.9 -0.1)
(-0.8 0.9 -0.1)
(-0.7 0.9 -0.1)
(-0.6 0.9 -0.1)
(-0.5 0.9 -0.1)
(-0.4 0.9 -0.1)
(-0.3 0.9 -0.1)
(-0.2 0.9 -0.1)
(-0.1 0.9 -0.1)
(-9.89172e-15 0.9 -0.1)
(0.1 0.9 -0.1)
(0.2 0.9 -0.1)
(0.3 0.9 -0.1)
(0.4 0.9 -0.1)
(0.5 0.9 -0.1)
(0.6 0.9 -0.1)
(0.7 0.9 -0.1)
(0.8 0.9 -0.1)
(0.9 0.9 -0.1)
(1 0.9 -0.1)
(-1 1 -0.1)
(-0.9 1 -0.1)
(-0.8 1 -0.1)
(-0.7 1 -0.1)
(-0.6 1 -0.1)
(-0.5 1 -0.1)
(-0.4 1 -0.1)
(-0.3 1 -0.1)
(-0.2 1 -0.1)
(-0.1 1 -0.1)
(-1.60305e-15 1 -0.1)
(0.1 1 -0.1)
(0.2 1 -0.1)
(0.3 1 -0.1)
(0.4 1 -0.1)
(0.5 1 -0.1)
(0.6 1 -0.1)
(0.7 1 -0.1)
(0.8 1 -0.1)
(0.9 1 -0.1)
(1 1 -0.1)
(-1 -1 1.87499e-19)
(-0.9 -1 1.34224e-18)
(-0.8 -1 1.15348e-17)
(-0.7 -1 7.68422e-17)
(-0.6 -1 3.85598e-16)
(-0.5 -1 1.38004e-15)
(-0.4 -1 3.09209e-15)
(-0.3 -1 1.97048e-15)
(-0.2 -1 -1.89636e-14)
(-0.1 -1 -1.39297e-13)
(-3.96718e-15 -1 -4.1536e-13)
(0.1 -1 -1.48542e-13)
(0.2 -1 -2.52975e-14)
(0.3 -1 1.03917e-16)
(0.4 -1 2.67163e-15)
(0.5 -1 1.28739e-15)
(0.6 -1 3.65779e-16)
(0.7 -1 7.3215e-17)
(0.8 -1 1.10017e-17)
(0.9 -1 1.28058e-18)
(1 -1 1.78837e-19)
(-1 -0.9 1.89168e-18)
(-0.9 -0.9 1.33967e-17)
(-0.8 -0.9 1.11203e-16)
(-0.7 -0.9 7.29783e-16)
(-0.6 -0.9 3.68342e-15)
(-0.5 -0.9 1.3617e-14)
(-0.4 -0.9 3.3472e-14)
(-0.3 -0.9 4.17517e-14)
(-0.2 -0.9 -6.2158e-14)
(-0.1 -0.9 -9.3678e-13)
(-3.42476e-14 -0.9 -3.42562e-12)
(0.1 -0.9 -1.02065e-12)
(0.200067 -0.90026 -3.3588e-05)
(0.3 -0.9 2.41724e-14)
(0.4 -0.9 2.96383e-14)
(0.5 -0.9 1.27875e-14)
(0.6 -0.9 3.50471e-15)
(0.7 -0.9 6.96891e-16)
(0.8 -0.9 1.06273e-16)
(0.9 -0.9 1.28082e-17)
(1 -0.9 1.80668e-18)
(-1 -0.8 2.16502e-17)
(-0.9 -0.8 1.49118e-16)
(-0.8 -0.8 1.18841e-15)
(-0.7 -0.8 7.64263e-15)
(-0.6 -0.8 3.86043e-14)
(-0.5 -0.8 1.4649e-13)
(-0.4 -0.8 3.84761e-13)
(-0.3 -0.8 6.11275e-13)
(-0.2 -0.8 2.71306e-13)
(-0.1 -0.8 -6.58585e-12)
(-3.32733e-13 -0.8 -3.15582e-11)
(0.1 -0.8 -7.4186e-12)
(0.2 -0.8 -3.76059e-13)
(0.3 -0.8 4.31392e-13)
(0.4 -0.8 3.46064e-13)
(0.5 -0.8 1.38074e-13)
(0.6 -0.8 3.6817e-14)
(0.7 -0.8 7.31571e-15)
(0.8 -0.8 1.13754e-15)
(0.9 -0.8 1.42731e-16)
(1 -0.8 2.06925e-17)
(-1 -0.7 2.00649e-16)
(-0.9 -0.7 1.36847e-15)
(-0.8 -0.7 1.06702e-14)
(-0.7 -0.7 6.84648e-14)
(-0.6 -0.7 3.52686e-13)
(-0.5 -0.7 1.39818e-12)
(-0.4 -0.7 3.95741e-12)
(-0.3 -0.7 7.28784e-12)
(-0.2 -0.7 1.05336e-11)
(-0.1 -0.7 -3.40404e-11)
(-3.10841e-12 -0.7 -2.71207e-10)
(0.1 -0.7 -4.13569e-11)
(0.2 -0.7 4.46916e-12)
(0.3 -0.7 5.73063e-12)
(0.4 -0.7 3.63106e-12)
(0.5 -0.7 1.32696e-12)
(0.6 -0.7 3.37572e-13)
(0.7 -0.7 6.56794e-14)
(0.8 -0.7 1.02356e-14)
(0.9 -0.7 1.33008e-15)
(1 -0.7 1.91928e-16)
(-1 -0.6 1.49268e-15)
(-0.9 -0.6 1.02564e-14)
(-0.8 -0.6 7.9742e-14)
(-0.7 -0.6 5.20711e-13)
(-0.6 -0.6 2.79562e-12)
(-0.5 -0.6 1.18518e-11)
(-0.4 -0.6 3.66849e-11)
(-0.3 -0.6 7.35812e-11)
(-0.2 -0.6 1.50476e-10)
(-0.1 -0.6 -5.00776e-11)
(-2.79872e-11 -0.6 -2.18317e-09)
(0.1 -0.6 -1.05994e-10)
(0.2 -0.6 1.01917e-10)
(0.3 -0.6 6.28393e-11)
(0.4 -0.6 3.4478e-11)
(0.5 -0.6 1.13541e-11)
(0.6 -0.6 2.68949e-12)
(0.7 -0.6 5.01164e-13)
(0.8 -0.6 7.66804e-14)
(0.9 -0.6 9.84362e-15)
(1 -0.6 1.42968e-15)
(-1 -0.5 8.75844e-15)
(-0.9 -0.5 6.16221e-14)
(-0.8 -0.5 4.87334e-13)
(-0.7 -0.5 3.30888e-12)
(-0.6 -0.5 1.89891e-11)
(-0.5 -0.5 8.85706e-11)
(-0.4 -0.5 3.07594e-10)
(-0.3 -0.5 6.38883e-10)
(-0.2 -0.5 1.5262e-09)
(-0.1 -0.5 1.57473e-09)
(-2.39248e-10 -0.5 -1.65542e-08)
(0.1 -0.5 1.21179e-09)
(0.2 -0.5 1.20936e-09)
(0.3 -0.5 5.86847e-10)
(0.4 -0.5 2.96267e-10)
(0.5 -0.5 8.57375e-11)
(0.6 -0.5 1.83828e-11)
(0.7 -0.5 3.19703e-12)
(0.8 -0.5 4.69785e-13)
(0.9 -0.5 5.92776e-14)
(1 -0.5 8.40414e-15)
(-1 -0.4 3.88705e-14)
(-0.900268 -0.400028 -6.47671e-05)
(-0.800527 -0.400092 -0.000141233)
(-0.700771 -0.400203 -0.0002132)
(-0.6 -0.4 1.06959e-10)
(-0.5 -0.4 5.70735e-10)
(-0.4 -0.4 2.35286e-09)
(-0.3 -0.4 4.82848e-09)
(-0.2 -0.4 3.90635e-08)
(-0.0999999 -0.4 1.48358e-07)
(-5.67655e-09 -0.4 -4.74965e-07)
(0.0999999 -0.4 1.46349e-07)
(0.2 -0.4 3.7812e-08)
(0.3 -0.4 4.73468e-09)
(0.4 -0.4 2.30955e-09)
(0.5 -0.4 5.57838e-10)
(0.6 -0.4 1.04167e-10)
(0.700771 -0.400202 -0.000213738)
(0.800526 -0.400092 -0.000141237)
(0.900268 -0.400028 -6.47772e-05)
(1 -0.4 3.73876e-14)
(-1 -0.3 1.20718e-13)
(-0.900273 -0.30001 -7.37758e-05)
(-0.800544 -0.300028 -0.000150329)
(-0.700812 -0.300072 -0.000226661)
(-0.601072 -0.300174 -0.000298447)
(-0.50122 -0.300286 -0.000338024)
(-0.4 -0.3 1.6733e-08)
(-0.3 -0.3 7.73992e-08)
(-0.199999 -0.3 7.77387e-07)
(-0.0999851 -0.299997 1.4003e-05)
(-1.65172e-07 -0.300024 -2.52808e-05)
(0.0999852 -0.299997 1.40455e-05)
(0.199999 -0.3 7.75825e-07)
(0.3 -0.3 7.67546e-08)
(0.4 -0.3 1.65275e-08)
(0.50122 -0.300284 -0.000338884)
(0.601071 -0.300173 -0.000298813)
(0.700812 -0.300072 -0.000226677)
(0.800544 -0.300028 -0.000150347)
(0.900273 -0.30001 -7.37868e-05)
(1 -0.3 1.16466e-13)
(-1 -0.2 2.19069e-13)
(-0.900274 -0.200005 -7.51748e-05)
(-0.800549 -0.200007 -0.000151735)
(-0.700822 -0.200008 -0.000228278)
(-0.601095 -0.199985 -0.000305932)
(-0.501165 -0.199992 -0.000325232)
(-0.401183 -0.200052 -0.000329254)
(-0.301258 -0.200072 -0.000382169)
(-0.201407 -0.200018 -0.000539582)
(-0.100435 -0.200068 -0.000405867)
(-4.40933e-06 -0.199919 -0.010303)
(0.100462 -0.200067 -0.000372797)
(0.201407 -0.200018 -0.000540493)
(0.301257 -0.200072 -0.000382117)
(0.401182 -0.200051 -0.000329672)
(0.501165 -0.199992 -0.000325244)
(0.601095 -0.199985 -0.000305951)
(0.700822 -0.200008 -0.000228299)
(0.800548 -0.200007 -0.000151752)
(0.900274 -0.200005 -7.51856e-05)
(1 -0.2 2.1207e-13)
(-1 -0.1 1.41656e-13)
(-0.900273 -0.0999876 -7.25503e-05)
(-0.800542 -0.0999577 -0.000151355)
(-0.700809 -0.0999032 -0.000228246)
(-0.6 -0.1 6.03649e-10)
(-0.5 -0.1 4.10638e-09)
(-0.4 -0.1 2.5212e-08)
(-0.3 -0.1 1.36404e-07)
(-0.199998 -0.100002 1.81873e-06)
(-0.0999463 -0.100066 4.9066e-05)
(-4.08191e-08 -0.100044 -4.26093e-06)
(0.0999465 -0.100066 4.92769e-05)
(0.199998 -0.100002 1.82336e-06)
(0.3 -0.1 1.36238e-07)
(0.4 -0.1 2.50834e-08)
(0.5 -0.1 4.06832e-09)
(0.6 -0.1 5.95397e-10)
(0.700808 -0.0999033 -0.000228228)
(0.800542 -0.0999577 -0.000151351)
(0.900273 -0.0999876 -7.25555e-05)
(1 -0.1 1.37315e-13)
(-1 -3.3035e-18 8.76248e-14)
(-0.9 -1.62258e-16 6.67095e-13)
(-0.8 -2.85641e-15 5.72274e-12)
(-0.7 -3.82528e-14 4.36592e-11)
(-0.6 -4.30699e-13 2.93993e-10)
(-0.5 -8.79251e-13 1.70529e-09)
(-0.4 2.66172e-14 7.95714e-09)
(-0.3 6.66807e-13 2.30062e-08)
(-0.2 6.38925e-11 3.00543e-07)
(-0.0999975 3.05182e-11 2.44922e-06)
(-1.32227e-09 -7.60598e-11 7.95604e-07)
(0.0999975 3.1603e-11 2.46009e-06)
(0.2 6.07132e-11 3.01687e-07)
(0.3 5.38539e-13 2.30244e-08)
(0.4 -1.72179e-15 7.91756e-09)
(0.5 -8.77638e-13 1.68914e-09)
(0.6 -4.28859e-13 2.89898e-10)
(0.7 -3.85537e-14 4.28586e-11)
(0.8 -2.96441e-15 5.59371e-12)
(0.9 -1.82047e-16 6.49448e-13)
(1 -6.93896e-18 8.49423e-14)
(-1 0.1 1.41729e-13)
(-0.900273 0.100019 -7.24061e-05)
(-0.800544 0.100021 -0.000151356)
(-0.700814 0.0999981 -0.00022929)
(-0.6 0.1 6.04366e-10)
(-0.5 0.1 4.10781e-09)
(-0.4 0.1 2.52119e-08)
(-0.3 0.1 1.36403e-07)
(-0.199998 0.100002 1.81873e-06)
(-0.0999463 0.100066 4.9066e-05)
(-4.26613e-08 0.100044 -4.2606e-06)
(0.0999465 0.100066 4.92771e-05)
(0.199998 0.100002 1.82335e-06)
(0.3 0.1 1.36238e-07)
(0.4 0.1 2.5083e-08)
(0.5 0.1 4.06964e-09)
(0.6 0.1 5.96086e-10)
(0.700814 0.0999982 -0.000229272)
(0.800544 0.100021 -0.000151351)
(0.900273 0.100019 -7.24114e-05)
(1 0.1 1.37389e-13)
(-1 0.2 2.19093e-13)
(-0.900274 0.200009 -7.51502e-05)
(-0.800548 0.200013 -0.000151685)
(-0.700822 0.200017 -0.000228226)
(-0.601095 0.199997 -0.000306021)
(-0.501162 0.200004 -0.000324535)
(-0.401177 0.200065 -0.0003279)
(-0.30125 0.200072 -0.000379925)
(-0.201407 0.200018 -0.000540583)
(-0.100443 0.200068 -0.000396923)
(-4.40933e-06 0.199919 -0.010303)
(0.100454 0.200067 -0.000382944)
(0.201407 0.200018 -0.000539492)
(0.30125 0.200072 -0.000379877)
(0.401177 0.200065 -0.000327892)
(0.501162 0.200004 -0.000324548)
(0.601095 0.199997 -0.000306039)
(0.700822 0.200017 -0.000228248)
(0.800548 0.200013 -0.000151703)
(0.900274 0.200009 -7.5161e-05)
(1 0.2 2.12084e-13)
(-1 0.3 1.20722e-13)
(-0.900273 0.30001 -7.37745e-05)
(-0.800544 0.300028 -0.000150326)
(-0.700812 0.300073 -0.000226653)
(-0.601072 0.300174 -0.000298434)
(-0.501217 0.300286 -0.000337165)
(-0.4 0.3 1.67336e-08)
(-0.3 0.3 7.74013e-08)
(-0.199999 0.3 7.77393e-07)
(-0.0999851 0.299997 1.40031e-05)
(-1.677e-07 0.300024 -2.52808e-05)
(0.0999852 0.299997 1.40455e-05)
(0.199999 0.3 7.75822e-07)
(0.3 0.3 7.67475e-08)
(0.4 0.3 1.65127e-08)
(0.501217 0.300286 -0.000337148)
(0.601071 0.300174 -0.000298437)
(0.700812 0.300073 -0.00022667)
(0.800544 0.300028 -0.000150344)
(0.900273 0.30001 -7.37857e-05)
(1 0.3 1.16448e-13)
(-1 0.4 3.88706e-14)
(-0.900268 0.400028 -6.47668e-05)
(-0.800527 0.400092 -0.000141232)
(-0.700771 0.400203 -0.0002132)
(-0.6 0.4 1.06966e-10)
(-0.5 0.4 5.70773e-10)
(-0.4 0.4 2.35302e-09)
(-0.3 0.4 4.8288e-09)
(-0.2 0.4 3.90649e-08)
(-0.0999999 0.4 1.48362e-07)
(-5.73124e-09 0.4 -4.74969e-07)
(0.0999999 0.4 1.46345e-07)
(0.2 0.4 3.78113e-08)
(0.3 0.4 4.73394e-09)
(0.4 0.4 2.30794e-09)
(0.5 0.4 5.57962e-10)
(0.6 0.4 1.04169e-10)
(0.700771 0.400203 -0.000213185)
(0.800526 0.400092 -0.000141236)
(0.900268 0.400028 -6.47771e-05)
(1 0.4 3.73793e-14)
(-1 0.5 8.75832e-15)
(-0.9 0.5 6.16226e-14)
(-0.8 0.5 4.87349e-13)
(-0.7 0.5 3.30905e-12)
(-0.6 0.5 1.89904e-11)
(-0.5 0.5 8.85781e-11)
(-0.4 0.5 3.07624e-10)
(-0.3 0.5 6.38955e-10)
(-0.2 0.5 1.52633e-09)
(-0.1 0.5 1.57495e-09)
(-2.41559e-10 0.5 -1.65544e-08)
(0.1 0.5 1.21148e-09)
(0.2 0.5 1.2093e-09)
(0.3 0.5 5.86738e-10)
(0.4 0.5 2.96084e-10)
(0.5 0.5 8.57749e-11)
(0.6 0.5 1.83777e-11)
(0.7 0.5 3.19565e-12)
(0.8 0.5 4.69597e-13)
(0.9 0.5 5.92559e-14)
(1 0.5 8.40153e-15)
(-1 0.6 1.49264e-15)
(-0.9 0.6 1.02563e-14)
(-0.8 0.6 7.97437e-14)
(-0.7 0.6 5.20717e-13)
(-0.6 0.6 2.79583e-12)
(-0.5 0.6 1.1853e-11)
(-0.4 0.6 3.66896e-11)
(-0.3 0.6 7.35937e-11)
(-0.2 0.6 1.50502e-10)
(-0.1 0.6 -5.00302e-11)
(-2.83819e-11 0.6 -2.18312e-09)
(0.1 0.6 -1.06046e-10)
(0.2 0.6 1.01901e-10)
(0.3 0.6 6.28244e-11)
(0.4 0.6 3.44573e-11)
(0.5 0.6 1.13545e-11)
(0.6 0.6 2.6889e-12)
(0.7 0.6 5.00768e-13)
(0.8 0.6 7.65999e-14)
(0.9 0.6 9.83856e-15)
(1 0.6 1.4291e-15)
(-1 0.7 2.00642e-16)
(-0.9 0.7 1.36845e-15)
(-0.8 0.7 1.06703e-14)
(-0.7 0.7 6.84858e-14)
(-0.6 0.7 3.5271e-13)
(-0.5 0.7 1.39833e-12)
(-0.4 0.7 3.95804e-12)
(-0.3 0.7 7.28967e-12)
(-0.2 0.7 1.05379e-11)
(-0.1 0.7 -3.40327e-11)
(-3.16862e-12 0.7 -2.71203e-10)
(0.1 0.7 -4.13644e-11)
(0.2 0.7 4.46617e-12)
(0.3 0.7 5.7288e-12)
(0.4 0.7 3.62889e-12)
(0.5 0.7 1.32675e-12)
(0.6 0.7 3.3751e-13)
(0.7 0.7 6.57014e-14)
(0.8 0.7 1.02256e-14)
(0.9 0.7 1.32881e-15)
(1 0.7 1.91818e-16)
(-1 0.8 2.16492e-17)
(-0.9 0.8 1.49114e-16)
(-0.8 0.8 1.1884e-15)
(-0.7 0.8 7.64282e-15)
(-0.6 0.8 3.86067e-14)
(-0.5 0.8 1.46507e-13)
(-0.4 0.8 3.84835e-13)
(-0.3 0.8 6.11511e-13)
(-0.2 0.8 2.71904e-13)
(-0.1 0.8 -6.58482e-12)
(-3.40847e-13 0.8 -3.1558e-11)
(0.1 0.8 -7.4196e-12)
(0.2 0.8 -3.7649e-13)
(0.3 0.8 4.31192e-13)
(0.4 0.8 3.45869e-13)
(0.5 0.8 1.38041e-13)
(0.6 0.8 3.68109e-14)
(0.7 0.8 7.30915e-15)
(0.8 0.8 1.13554e-15)
(0.9 0.8 1.42503e-16)
(1 0.8 2.06585e-17)
(-1 0.9 1.89153e-18)
(-0.9 0.9 1.33958e-17)
(-0.8 0.9 1.11201e-16)
(-0.7 0.9 7.48295e-16)
(-0.6 0.9 3.68361e-15)
(-0.5 0.9 1.36184e-14)
(-0.4 0.9 3.34794e-14)
(-0.3 0.9 4.17771e-14)
(-0.2 0.9 -6.21039e-14)
(-0.1 0.9 -9.36865e-13)
(-3.52467e-14 0.9 -3.42819e-12)
(0.1 0.9 -1.021e-12)
(0.2 0.9 -1.23119e-13)
(0.3 0.9 2.42027e-14)
(0.4 0.9 2.9625e-14)
(0.5 0.9 1.27754e-14)
(0.6 0.9 3.50427e-15)
(0.7 0.9 7.14126e-16)
(0.8 0.9 1.06055e-16)
(0.9 0.9 1.27792e-17)
(1 0.9 1.80296e-18)
(-1 1 1.8749e-19)
(-0.9 1 1.34222e-18)
(-0.8 1 1.15344e-17)
(-0.7 1 7.68423e-17)
(-0.6 1 3.85614e-16)
(-0.5 1 1.3802e-15)
(-0.4 1 3.09294e-15)
(-0.3 1 1.97341e-15)
(-0.2 1 -1.8959e-14)
(-0.1 1 -1.39318e-13)
(-4.09619e-15 1 -4.15501e-13)
(0.1 1 -1.48595e-13)
(0.2 1 -2.53098e-14)
(0.3 1 9.76182e-17)
(0.4 1 2.67226e-15)
(0.5 1 1.28731e-15)
(0.6 1 3.65775e-16)
(0.7 1 7.31385e-17)
(0.8 1 1.09757e-17)
(0.9 1 1.27844e-18)
(1 1 1.7843e-19)
(-1 -1 0.1)
(-0.9 -1 0.1)
(-0.8 -1 0.1)
(-0.7 -1 0.1)
(-0.6 -1 0.1)
(-0.5 -1 0.1)
(-0.4 -1 0.1)
(-0.3 -1 0.1)
(-0.2 -1 0.1)
(-0.1 -1 0.1)
(1.98807e-15 -1 0.1)
(0.1 -1 0.1)
(0.2 -1 0.1)
(0.3 -1 0.1)
(0.4 -1 0.1)
(0.5 -1 0.1)
(0.6 -1 0.1)
(0.7 -1 0.1)
(0.8 -1 0.1)
(0.9 -1 0.1)
(1 -1 0.1)
(-1 -0.9 0.1)
(-0.9 -0.9 0.1)
(-0.8 -0.9 0.1)
(-0.7 -0.9 0.1)
(-0.60009 -0.900206 0.0999946)
(-0.500078 -0.900226 0.0999926)
(-0.400065 -0.900244 0.0999902)
(-0.300057 -0.900258 0.0999899)
(-0.200035 -0.900271 0.0999954)
(-0.100029 -0.900275 0.100002)
(-9.72584e-06 -0.900276 0.100004)
(0.100023 -0.900276 0.100003)
(0.200035 -0.900271 0.100001)
(0.300057 -0.900258 0.0999912)
(0.400065 -0.900244 0.0999902)
(0.500079 -0.900226 0.0999925)
(0.600091 -0.900205 0.0999944)
(0.7 -0.9 0.1)
(0.8 -0.9 0.1)
(0.9 -0.9 0.1)
(1 -0.9 0.1)
(-1 -0.8 0.1)
(-0.9 -0.8 0.1)
(-0.8 -0.8 0.1)
(-0.7 -0.8 0.1)
(-0.6 -0.8 0.1)
(-0.5 -0.8 0.1)
(-0.400191 -0.800461 0.0999904)
(-0.300129 -0.800509 0.0999834)
(-0.200075 -0.80054 0.099992)
(-0.100059 -0.800551 0.100009)
(-1.56688e-05 -0.800551 0.100016)
(0.100051 -0.800552 0.100009)
(0.200084 -0.800538 0.0999938)
(0.300132 -0.800508 0.0999832)
(0.40019 -0.800461 0.0999872)
(0.5 -0.8 0.1)
(0.6 -0.8 0.1)
(0.7 -0.8 0.1)
(0.8 -0.8 0.1)
(0.9 -0.8 0.1)
(1 -0.8 0.1)
(-1 -0.7 0.1)
(-0.9 -0.7 0.1)
(-0.8 -0.7 0.1)
(-0.7 -0.7 0.1)
(-0.6 -0.7 0.1)
(-0.5 -0.7 0.1)
(-0.4 -0.7 0.1)
(-0.300285 -0.700726 0.0999874)
(-0.200157 -0.700799 0.0999938)
(-0.100091 -0.700826 0.100022)
(1.81027e-12 -0.7 0.1)
(0.100086 -0.700826 0.100022)
(0.200161 -0.700798 0.0999934)
(0.300284 -0.700727 0.0999824)
(0.4 -0.7 0.1)
(0.5 -0.7 0.1)
(0.6 -0.7 0.1)
(0.7 -0.7 0.1)
(0.8 -0.7 0.1)
(0.9 -0.7 0.1)
(1 -0.7 0.1)
(-1 -0.6 0.1)
(-0.9 -0.6 0.1)
(-0.8 -0.6 0.1)
(-0.7 -0.6 0.1)
(-0.6 -0.6 0.1)
(-0.5 -0.6 0.1)
(-0.4 -0.6 0.1)
(-0.3 -0.6 0.1)
(-0.200361 -0.601018 0.100014)
(-0.100154 -0.601081 0.100026)
(1.5585e-11 -0.6 0.1)
(0.100146 -0.601082 0.100026)
(0.20036 -0.601018 0.100013)
(0.3 -0.6 0.1)
(0.4 -0.6 0.1)
(0.5 -0.6 0.1)
(0.6 -0.6 0.1)
(0.7 -0.6 0.1)
(0.8 -0.6 0.1)
(0.9 -0.6 0.1)
(1 -0.6 0.1)
(-1 -0.5 0.1)
(-0.9 -0.5 0.1)
(-0.8 -0.5 0.1)
(-0.7 -0.5 0.1)
(-0.6 -0.5 0.1)
(-0.5 -0.5 0.1)
(-0.4 -0.5 0.1)
(-0.3 -0.5 0.1)
(-0.2 -0.5 0.1)
(-0.100239 -0.50108 0.100046)
(1.24962e-10 -0.5 0.1)
(0.100236 -0.501081 0.100046)
(0.2 -0.5 0.1)
(0.3 -0.5 0.1)
(0.4 -0.5 0.1)
(0.5 -0.5 0.1)
(0.6 -0.5 0.1)
(0.7 -0.5 0.1)
(0.8 -0.5 0.1)
(0.9 -0.5 0.1)
(1 -0.5 0.1)
(-1 -0.4 0.1)
(-0.9 -0.4 0.1)
(-0.8 -0.4 0.1)
(-0.7 -0.4 0.1)
(-0.6 -0.4 0.1)
(-0.5 -0.4 0.1)
(-0.4 -0.4 0.1)
(-0.3 -0.4 0.1)
(-0.2 -0.4 0.1)
(-0.100268 -0.401101 0.100048)
(4.04967e-09 -0.399996 0.1)
(0.10027 -0.401101 0.10005)
(0.2 -0.4 0.1)
(0.3 -0.4 0.1)
(0.4 -0.4 0.1)
(0.5 -0.4 0.1)
(0.6 -0.4 0.1)
(0.7 -0.4 0.1)
(0.8 -0.4 0.1)
(0.9 -0.4 0.1)
(1 -0.4 0.1)
(-1 -0.3 0.1)
(-0.900305 -0.300013 0.100006)
(-0.800608 -0.300042 0.100011)
(-0.7 -0.3 0.1)
(-0.6 -0.3 0.1)
(-0.5 -0.3 0.1)
(-0.4 -0.3 0.1)
(-0.3 -0.3 0.1)
(-0.200002 -0.300002 0.0999997)
(-0.100023 -0.300022 0.0999999)
(1.89063e-07 -0.299834 0.1)
(0.100023 -0.300021 0.0999994)
(0.200002 -0.300002 0.0999997)
(0.3 -0.3 0.1)
(0.4 -0.3 0.1)
(0.5 -0.3 0.1)
(0.6 -0.3 0.1)
(0.7 -0.3 0.1)
(0.800608 -0.300042 0.100011)
(0.900305 -0.300013 0.100006)
(1 -0.3 0.1)
(-1 -0.2 0.1)
(-0.900307 -0.199999 0.100006)
(-0.800614 -0.199984 0.100014)
(-0.700921 -0.199988 0.10002)
(-0.601227 -0.199983 0.100031)
(-0.501306 -0.199991 0.100042)
(-0.40133 -0.200051 0.100077)
(-0.300001 -0.200001 0.0999999)
(-0.200017 -0.200008 0.0999978)
(-0.103457 -0.20024 0.100357)
(1.47784e-19 -0.203498 0.0990294)
(0.103458 -0.200236 0.100349)
(0.200017 -0.200008 0.0999976)
(0.300001 -0.200001 0.0999999)
(0.40133 -0.200039 0.100071)
(0.501306 -0.199988 0.100041)
(0.601227 -0.199982 0.100031)
(0.70092 -0.199988 0.10002)
(0.800613 -0.199984 0.100014)
(0.900307 -0.199999 0.100006)
(1 -0.2 0.1)
(-1 -0.1 0.1)
(-0.900304 -0.099974 0.100008)
(-0.8 -0.1 0.1)
(-0.7 -0.1 0.1)
(-0.6 -0.1 0.1)
(-0.5 -0.1 0.1)
(-0.4 -0.1 0.1)
(-0.3 -0.1 0.1)
(-0.200001 -0.100002 0.0999998)
(-0.100002 -0.10006 0.099996)
(9.06351e-08 -0.100133 0.100057)
(0.100002 -0.100059 0.0999959)
(0.200001 -0.100002 0.0999998)
(0.3 -0.1 0.1)
(0.4 -0.1 0.1)
(0.5 -0.1 0.1)
(0.6 -0.1 0.1)
(0.7 -0.1 0.1)
(0.8 -0.1 0.1)
(0.900304 -0.0999741 0.100007)
(1 -0.1 0.1)
(-1 -1.81276e-17 0.1)
(-0.9 -4.09763e-16 0.1)
(-0.8 -6.95673e-15 0.1)
(-0.7 -9.33115e-14 0.1)
(-0.6 -5.18195e-14 0.1)
(-0.5 -1.63863e-13 0.1)
(-0.4 1.12787e-13 0.1)
(-0.3 8.66431e-13 0.1)
(-0.2 2.22715e-11 0.1)
(-0.0999997 -1.50693e-10 0.0999999)
(-4.7946e-09 -5.42993e-10 0.100002)
(0.0999997 -1.52523e-10 0.0999999)
(0.2 2.05131e-11 0.1)
(0.3 9.31207e-13 0.1)
(0.4 1.67117e-13 0.1)
(0.5 -1.64504e-13 0.1)
(0.6 -5.57596e-14 0.1)
(0.7 -9.37937e-14 0.1)
(0.8 -7.1633e-15 0.1)
(0.9 -4.66141e-16 0.1)
(1 -2.48233e-17 0.1)
(-1 0.1 0.1)
(-0.900305 0.100009 0.100008)
(-0.8 0.1 0.1)
(-0.7 0.1 0.1)
(-0.6 0.1 0.1)
(-0.5 0.1 0.1)
(-0.4 0.1 0.1)
(-0.3 0.1 0.1)
(-0.200001 0.100002 0.0999998)
(-0.100002 0.10006 0.099996)
(-2.65357e-07 0.100133 0.100057)
(0.100002 0.100059 0.0999959)
(0.200001 0.100002 0.0999998)
(0.3 0.1 0.1)
(0.4 0.1 0.1)
(0.5 0.1 0.1)
(0.6 0.1 0.1)
(0.7 0.1 0.1)
(0.8 0.1 0.1)
(0.900305 0.100009 0.100008)
(1 0.1 0.1)
(-1 0.2 0.1)
(-0.900307 0.200003 0.100006)
(-0.800614 0.199991 0.100014)
(-0.700921 0.199998 0.10002)
(-0.601228 0.199997 0.100032)
(-0.501306 0.200005 0.100042)
(-0.401329 0.200064 0.100077)
(-0.300001 0.200001 0.0999999)
(-0.200017 0.200008 0.0999978)
(-0.103457 0.20024 0.100357)
(-1.37221e-18 0.203498 0.0990294)
(0.103458 0.200236 0.100349)
(0.200017 0.200008 0.0999976)
(0.300001 0.200001 0.0999999)
(0.401329 0.200065 0.100077)
(0.501306 0.200005 0.100042)
(0.601227 0.199997 0.100031)
(0.700921 0.199998 0.10002)
(0.800614 0.199991 0.100014)
(0.900307 0.200003 0.100006)
(1 0.2 0.1)
(-1 0.3 0.1)
(-0.900305 0.300013 0.100006)
(-0.800608 0.300042 0.100011)
(-0.7 0.3 0.1)
(-0.6 0.3 0.1)
(-0.5 0.3 0.1)
(-0.4 0.3 0.1)
(-0.3 0.3 0.1)
(-0.200002 0.300002 0.0999997)
(-0.100023 0.300022 0.0999999)
(1.88322e-07 0.299834 0.1)
(0.100023 0.300021 0.0999994)
(0.200002 0.300002 0.0999997)
(0.3 0.3 0.1)
(0.4 0.3 0.1)
(0.5 0.3 0.1)
(0.6 0.3 0.1)
(0.7 0.3 0.1)
(0.800608 0.300042 0.100011)
(0.900305 0.300013 0.100006)
(1 0.3 0.1)
(-1 0.4 0.1)
(-0.9 0.4 0.1)
(-0.8 0.4 0.1)
(-0.7 0.4 0.1)
(-0.6 0.4 0.1)
(-0.5 0.4 0.1)
(-0.4 0.4 0.1)
(-0.3 0.4 0.1)
(-0.2 0.4 0.1)
(-0.100267 0.401102 0.100048)
(3.99005e-09 0.399996 0.1)
(0.100268 0.401102 0.100048)
(0.2 0.4 0.1)
(0.3 0.4 0.1)
(0.4 0.4 0.1)
(0.5 0.4 0.1)
(0.6 0.4 0.1)
(0.7 0.4 0.1)
(0.8 0.4 0.1)
(0.9 0.4 0.1)
(1 0.4 0.1)
(-1 0.5 0.1)
(-0.9 0.5 0.1)
(-0.8 0.5 0.1)
(-0.7 0.5 0.1)
(-0.6 0.5 0.1)
(-0.5 0.5 0.1)
(-0.4 0.5 0.1)
(-0.3 0.5 0.1)
(-0.2 0.5 0.1)
(-0.100236 0.50108 0.100046)
(1.21227e-10 0.5 0.1)
(0.100238 0.50108 0.100046)
(0.2 0.5 0.1)
(0.3 0.5 0.1)
(0.4 0.5 0.1)
(0.5 0.5 0.1)
(0.6 0.5 0.1)
(0.7 0.5 0.1)
(0.8 0.5 0.1)
(0.9 0.5 0.1)
(1 0.5 0.1)
(-1 0.6 0.1)
(-0.9 0.6 0.1)
(-0.8 0.6 0.1)
(-0.7 0.6 0.1)
(-0.6 0.6 0.1)
(-0.5 0.6 0.1)
(-0.4 0.6 0.1)
(-0.3 0.6 0.1)
(-0.20036 0.601018 0.100014)
(-0.100146 0.601081 0.100025)
(1.4825e-11 0.6 0.1)
(0.100154 0.60108 0.100025)
(0.200361 0.601018 0.100014)
(0.3 0.6 0.1)
(0.4 0.6 0.1)
(0.5 0.6 0.1)
(0.6 0.6 0.1)
(0.7 0.6 0.1)
(0.8 0.6 0.1)
(0.9 0.6 0.1)
(1 0.6 0.1)
(-1 0.7 0.1)
(-0.9 0.7 0.1)
(-0.8 0.7 0.1)
(-0.7 0.7 0.1)
(-0.6 0.7 0.1)
(-0.5 0.7 0.1)
(-0.4 0.7 0.1)
(-0.300286 0.700726 0.0999875)
(-0.200157 0.700799 0.0999938)
(-0.100089 0.700826 0.100022)
(1.68969e-12 0.7 0.1)
(0.100087 0.700826 0.100022)
(0.200157 0.700799 0.0999937)
(0.300286 0.700726 0.0999874)
(0.4 0.7 0.1)
(0.5 0.7 0.1)
(0.6 0.7 0.1)
(0.7 0.7 0.1)
(0.8 0.7 0.1)
(0.9 0.7 0.1)
(1 0.7 0.1)
(-1 0.8 0.1)
(-0.9 0.8 0.1)
(-0.8 0.8 0.1)
(-0.7 0.8 0.1)
(-0.6 0.8 0.1)
(-0.5 0.8 0.1)
(-0.4002 0.800457 0.0999941)
(-0.30013 0.800509 0.0999837)
(-0.200075 0.80054 0.099992)
(-0.100059 0.800551 0.100009)
(-1.53717e-05 0.800551 0.100016)
(0.100048 0.800552 0.100008)
(0.200074 0.80054 0.099992)
(0.30013 0.800509 0.0999836)
(0.4002 0.800457 0.099994)
(0.5 0.8 0.1)
(0.6 0.8 0.1)
(0.7 0.8 0.1)
(0.8 0.8 0.1)
(0.9 0.8 0.1)
(1 0.8 0.1)
(-1 0.9 0.1)
(-0.9 0.9 0.1)
(-0.8 0.9 0.1)
(-0.7 0.9 0.1)
(-0.6 0.9 0.1)
(-0.5 0.9 0.1)
(-0.400082 0.900239 0.099993)
(-0.300059 0.900258 0.0999902)
(-0.200035 0.900271 0.0999954)
(-0.100029 0.900275 0.100002)
(-9.69061e-06 0.900276 0.100004)
(0.100023 0.900276 0.100002)
(0.200035 0.900271 0.0999954)
(0.300059 0.900258 0.0999902)
(0.400082 0.900239 0.0999929)
(0.5 0.9 0.1)
(0.6 0.9 0.1)
(0.7 0.9 0.1)
(0.8 0.9 0.1)
(0.9 0.9 0.1)
(1 0.9 0.1)
(-1 1 0.1)
(-0.9 1 0.1)
(-0.8 1 0.1)
(-0.7 1 0.1)
(-0.6 1 0.1)
(-0.5 1 0.1)
(-0.4 1 0.1)
(-0.3 1 0.1)
(-0.2 1 0.1)
(-0.1 1 0.1)
(1.7503e-15 1 0.1)
(0.1 1 0.1)
(0.2 1 0.1)
(0.3 1 0.1)
(0.4 1 0.1)
(0.5 1 0.1)
(0.6 1 0.1)
(0.7 1 0.1)
(0.8 1 0.1)
(0.9 1 0.1)
(1 1 0.1)
(-1 -1 0.2)
(-0.9 -1 0.2)
(-0.8 -1 0.2)
(-0.7 -1 0.2)
(-0.6 -1 0.2)
(-0.5 -1 0.2)
(-0.4 -1 0.2)
(-0.3 -1 0.2)
(-0.2 -1 0.2)
(-0.1 -1 0.2)
(3.21822e-15 -1 0.2)
(0.1 -1 0.2)
(0.2 -1 0.2)
(0.3 -1 0.2)
(0.4 -1 0.2)
(0.5 -1 0.2)
(0.6 -1 0.2)
(0.7 -1 0.2)
(0.8 -1 0.2)
(0.9 -1 0.2)
(1 -1 0.2)
(-1 -0.9 0.2)
(-0.9 -0.9 0.2)
(-0.8 -0.9 0.2)
(-0.7 -0.9 0.2)
(-0.600085 -0.900206 0.200018)
(-0.50007 -0.900226 0.200015)
(-0.400044 -0.900247 0.200009)
(-0.300032 -0.90026 0.200008)
(-0.200032 -0.900268 0.200021)
(-0.100031 -0.900264 0.200055)
(2.97034e-14 -0.9 0.2)
(0.100029 -0.900264 0.200055)
(0.200032 -0.900268 0.200022)
(0.300032 -0.90026 0.200008)
(0.400043 -0.900247 0.200008)
(0.50007 -0.900226 0.200014)
(0.600086 -0.900205 0.200016)
(0.7 -0.9 0.2)
(0.8 -0.9 0.2)
(0.9 -0.9 0.2)
(1 -0.9 0.2)
(-1 -0.8 0.2)
(-0.9 -0.8 0.2)
(-0.8 -0.8 0.2)
(-0.7 -0.8 0.2)
(-0.6 -0.8 0.2)
(-0.5 -0.8 0.2)
(-0.400179 -0.800459 0.200048)
(-0.300091 -0.800511 0.200032)
(-0.20007 -0.800532 0.200049)
(-0.100065 -0.800526 0.200118)
(3.00698e-13 -0.8 0.2)
(0.100063 -0.800526 0.200118)
(0.200071 -0.800532 0.200049)
(0.300089 -0.800512 0.200029)
(0.40017 -0.800463 0.200035)
(0.5 -0.8 0.2)
(0.6 -0.8 0.2)
(0.7 -0.8 0.2)
(0.8 -0.8 0.2)
(0.9 -0.8 0.2)
(1 -0.8 0.2)
(-1 -0.7 0.2)
(-0.9 -0.7 0.2)
(-0.8 -0.7 0.2)
(-0.7 -0.7 0.2)
(-0.6 -0.7 0.2)
(-0.5 -0.7 0.2)
(-0.4 -0.7 0.2)
(-0.300236 -0.70073 0.20008)
(-0.200144 -0.700786 0.200088)
(-0.100104 -0.700788 0.200176)
(2.77624e-12 -0.7 0.2)
(0.100103 -0.700788 0.200176)
(0.200144 -0.700787 0.200086)
(0.300227 -0.700735 0.20006)
(0.4 -0.7 0.2)
(0.5 -0.7 0.2)
(0.6 -0.7 0.2)
(0.7 -0.7 0.2)
(0.8 -0.7 0.2)
(0.9 -0.7 0.2)
(1 -0.7 0.2)
(-1 -0.6 0.2)
(-0.9 -0.6 0.2)
(-0.8 -0.6 0.2)
(-0.7 -0.6 0.2)
(-0.6 -0.6 0.2)
(-0.5 -0.6 0.2)
(-0.4 -0.6 0.2)
(-0.3 -0.6 0.2)
(-0.2 -0.6 0.2)
(-0.100176 -0.601037 0.200217)
(2.33663e-11 -0.6 0.2)
(0.100173 -0.601037 0.200217)
(0.2 -0.6 0.2)
(0.3 -0.6 0.2)
(0.4 -0.6 0.2)
(0.5 -0.6 0.2)
(0.6 -0.6 0.2)
(0.7 -0.6 0.2)
(0.8 -0.6 0.2)
(0.9 -0.6 0.2)
(1 -0.6 0.2)
(-1 -0.5 0.2)
(-0.9 -0.5 0.2)
(-0.8 -0.5 0.2)
(-0.7 -0.5 0.2)
(-0.6 -0.5 0.2)
(-0.5 -0.5 0.2)
(-0.4 -0.5 0.2)
(-0.3 -0.5 0.2)
(-0.2 -0.5 0.2)
(-0.100212 -0.501031 0.200269)
(1.80284e-10 -0.5 0.2)
(0.100212 -0.501031 0.200269)
(0.2 -0.5 0.2)
(0.3 -0.5 0.2)
(0.4 -0.5 0.2)
(0.5 -0.5 0.2)
(0.6 -0.5 0.2)
(0.7 -0.5 0.2)
(0.8 -0.5 0.2)
(0.9 -0.5 0.2)
(1 -0.5 0.2)
(-1 -0.4 0.2)
(-0.9 -0.4 0.2)
(-0.8 -0.4 0.2)
(-0.7 -0.4 0.2)
(-0.6 -0.4 0.2)
(-0.5 -0.4 0.2)
(-0.4 -0.4 0.2)
(-0.3 -0.4 0.2)
(-0.2 -0.4 0.2)
(-0.100274 -0.401037 0.200313)
(3.6112e-09 -0.4 0.2)
(0.100274 -0.401036 0.200313)
(0.2 -0.4 0.2)
(0.3 -0.4 0.2)
(0.4 -0.4 0.2)
(0.5 -0.4 0.2)
(0.6 -0.4 0.2)
(0.7 -0.4 0.2)
(0.8 -0.4 0.2)
(0.9 -0.4 0.2)
(1 -0.4 0.2)
(-1 -0.3 0.2)
(-0.900301 -0.300012 0.200031)
(-0.8006 -0.300042 0.200063)
(-0.7 -0.3 0.2)
(-0.6 -0.3 0.2)
(-0.5 -0.3 0.2)
(-0.4 -0.3 0.2)
(-0.3 -0.3 0.2)
(-0.199998 -0.3 0.199998)
(-0.0999815 -0.299995 0.19998)
(4.86422e-08 -0.300033 0.200015)
(0.0999814 -0.299995 0.19998)
(0.199998 -0.3 0.199998)
(0.3 -0.3 0.2)
(0.4 -0.3 0.2)
(0.5 -0.3 0.2)
(0.6 -0.3 0.2)
(0.7 -0.3 0.2)
(0.8006 -0.30004 0.200063)
(0.900301 -0.300012 0.200031)
(1 -0.3 0.2)
(-1 -0.2 0.2)
(-0.900303 -0.199997 0.200032)
(-0.800605 -0.199977 0.200066)
(-0.700906 -0.199979 0.200105)
(-0.601202 -0.199988 0.200176)
(-0.501292 -0.200002 0.200236)
(-0.401358 -0.200046 0.200383)
(-0.301431 -0.200052 0.20051)
(-0.201489 -0.200036 0.200743)
(-0.100716 -0.200145 0.200794)
(6.22099e-06 -0.200099 0.20276)
(0.100744 -0.200148 0.200825)
(0.201513 -0.200037 0.200754)
(0.301433 -0.200049 0.200508)
(0.401366 -0.200004 0.200358)
(0.501293 -0.199983 0.200225)
(0.601202 -0.199981 0.200172)
(0.700906 -0.199978 0.200104)
(0.800605 -0.199977 0.200066)
(0.900303 -0.199997 0.200032)
(1 -0.2 0.2)
(-1 -0.1 0.2)
(-0.9003 -0.0999711 0.200032)
(-0.8 -0.1 0.2)
(-0.7 -0.1 0.2)
(-0.6 -0.1 0.2)
(-0.5 -0.1 0.2)
(-0.4 -0.1 0.2)
(-0.3 -0.1 0.2)
(-0.199999 -0.100001 0.199999)
(-0.099973 -0.100036 0.199971)
(-4.73246e-09 -0.10005 0.199999)
(0.0999731 -0.100036 0.199971)
(0.199999 -0.100001 0.199999)
(0.3 -0.1 0.2)
(0.4 -0.1 0.2)
(0.5 -0.1 0.2)
(0.6 -0.1 0.2)
(0.7 -0.1 0.2)
(0.8 -0.1 0.2)
(0.9003 -0.0999711 0.200032)
(1 -0.1 0.2)
(-1 -9.39313e-18 0.2)
(-0.9 -2.74088e-16 0.2)
(-0.8 -4.71492e-15 0.2)
(-0.7 -6.47526e-14 0.2)
(-0.6 -1.52072e-13 0.2)
(-0.5 -1.74464e-12 0.2)
(-0.4 -1.16524e-13 0.2)
(-0.3 1.45397e-14 0.2)
(-0.2 7.45985e-13 0.2)
(-0.0999985 -8.5863e-11 0.199998)
(-3.18128e-10 -7.22815e-09 0.199999)
(0.0999985 -1.52098e-10 0.199998)
(0.2 1.15356e-12 0.2)
(0.3 3.35791e-13 0.2)
(0.4 -2.04416e-14 0.2)
(0.5 -1.72414e-12 0.2)
(0.6 -1.53002e-13 0.2)
(0.7 -6.51242e-14 0.2)
(0.8 -4.82929e-15 0.2)
(0.9 -3.0136e-16 0.2)
(1 -1.41518e-17 0.2)
(-1 0.1 0.2)
(-0.900301 0.100005 0.200032)
(-0.8 0.1 0.2)
(-0.7 0.1 0.2)
(-0.6 0.1 0.2)
(-0.5 0.1 0.2)
(-0.4 0.1 0.2)
(-0.3 0.1 0.2)
(-0.199999 0.100001 0.199999)
(-0.099973 0.100036 0.199971)
(-6.01264e-09 0.10005 0.199999)
(0.0999731 0.100036 0.199971)
(0.199999 0.100001 0.199999)
(0.3 0.1 0.2)
(0.4 0.1 0.2)
(0.5 0.1 0.2)
(0.6 0.1 0.2)
(0.7 0.1 0.2)
(0.8 0.1 0.2)
(0.900301 0.100005 0.200032)
(1 0.1 0.2)
(-1 0.2 0.2)
(-0.900303 0.200001 0.200032)
(-0.800605 0.199983 0.200066)
(-0.700907 0.199988 0.200105)
(-0.601202 0.200001 0.200176)
(-0.501291 0.200016 0.200236)
(-0.401357 0.200062 0.200383)
(-0.301431 0.200053 0.20051)
(-0.201512 0.200036 0.200754)
(-0.100744 0.200148 0.200825)
(2.85187e-06 0.200099 0.202761)
(0.100744 0.200148 0.200825)
(0.201513 0.200037 0.200755)
(0.301432 0.200053 0.20051)
(0.401358 0.200062 0.200383)
(0.501291 0.200016 0.200235)
(0.601202 0.200001 0.200176)
(0.700906 0.199989 0.200105)
(0.800605 0.199983 0.200066)
(0.900303 0.200001 0.200032)
(1 0.2 0.2)
(-1 0.3 0.2)
(-0.900301 0.300012 0.200031)
(-0.8006 0.300042 0.200063)
(-0.7 0.3 0.2)
(-0.6 0.3 0.2)
(-0.5 0.3 0.2)
(-0.4 0.3 0.2)
(-0.3 0.3 0.2)
(-0.199998 0.3 0.199998)
(-0.0999815 0.299995 0.19998)
(7.83961e-09 0.300033 0.200015)
(0.0999814 0.299995 0.19998)
(0.199998 0.3 0.199998)
(0.3 0.3 0.2)
(0.4 0.3 0.2)
(0.5 0.3 0.2)
(0.6 0.3 0.2)
(0.7 0.3 0.2)
(0.8006 0.300042 0.200063)
(0.900301 0.300012 0.200031)
(1 0.3 0.2)
(-1 0.4 0.2)
(-0.9 0.4 0.2)
(-0.8 0.4 0.2)
(-0.7 0.4 0.2)
(-0.6 0.4 0.2)
(-0.5 0.4 0.2)
(-0.4 0.4 0.2)
(-0.3 0.4 0.2)
(-0.2 0.4 0.2)
(-0.100274 0.401037 0.200313)
(3.06523e-09 0.4 0.2)
(0.100274 0.401037 0.200312)
(0.2 0.4 0.2)
(0.3 0.4 0.2)
(0.4 0.4 0.2)
(0.5 0.4 0.2)
(0.6 0.4 0.2)
(0.7 0.4 0.2)
(0.8 0.4 0.2)
(0.9 0.4 0.2)
(1 0.4 0.2)
(-1 0.5 0.2)
(-0.9 0.5 0.2)
(-0.8 0.5 0.2)
(-0.7 0.5 0.2)
(-0.6 0.5 0.2)
(-0.5 0.5 0.2)
(-0.4 0.5 0.2)
(-0.3 0.5 0.2)
(-0.2 0.5 0.2)
(-0.100212 0.501031 0.200269)
(1.63967e-10 0.5 0.2)
(0.100212 0.501031 0.200269)
(0.2 0.5 0.2)
(0.3 0.5 0.2)
(0.4 0.5 0.2)
(0.5 0.5 0.2)
(0.6 0.5 0.2)
(0.7 0.5 0.2)
(0.8 0.5 0.2)
(0.9 0.5 0.2)
(1 0.5 0.2)
(-1 0.6 0.2)
(-0.9 0.6 0.2)
(-0.8 0.6 0.2)
(-0.7 0.6 0.2)
(-0.6 0.6 0.2)
(-0.5 0.6 0.2)
(-0.4 0.6 0.2)
(-0.3 0.6 0.2)
(-0.2 0.6 0.2)
(-0.100174 0.60104 0.200217)
(2.11076e-11 0.6 0.2)
(0.100176 0.601039 0.200217)
(0.2 0.6 0.2)
(0.3 0.6 0.2)
(0.4 0.6 0.2)
(0.5 0.6 0.2)
(0.6 0.6 0.2)
(0.7 0.6 0.2)
(0.8 0.6 0.2)
(0.9 0.6 0.2)
(1 0.6 0.2)
(-1 0.7 0.2)
(-0.9 0.7 0.2)
(-0.8 0.7 0.2)
(-0.7 0.7 0.2)
(-0.6 0.7 0.2)
(-0.5 0.7 0.2)
(-0.4 0.7 0.2)
(-0.300237 0.70073 0.20008)
(-0.200144 0.700786 0.200088)
(-0.100104 0.700788 0.200176)
(2.49195e-12 0.7 0.2)
(0.100103 0.700788 0.200176)
(0.200144 0.700786 0.200088)
(0.300237 0.70073 0.20008)
(0.4 0.7 0.2)
(0.5 0.7 0.2)
(0.6 0.7 0.2)
(0.7 0.7 0.2)
(0.8 0.7 0.2)
(0.9 0.7 0.2)
(1 0.7 0.2)
(-1 0.8 0.2)
(-0.9 0.8 0.2)
(-0.8 0.8 0.2)
(-0.7 0.8 0.2)
(-0.6 0.8 0.2)
(-0.5 0.8 0.2)
(-0.400192 0.800452 0.20006)
(-0.300092 0.800511 0.200034)
(-0.20007 0.800532 0.200049)
(-0.100065 0.800526 0.200118)
(2.68391e-13 0.8 0.2)
(0.100062 0.800526 0.200118)
(0.200069 0.800532 0.200049)
(0.300092 0.800511 0.200034)
(0.400192 0.800452 0.20006)
(0.5 0.8 0.2)
(0.6 0.8 0.2)
(0.7 0.8 0.2)
(0.8 0.8 0.2)
(0.9 0.8 0.2)
(1 0.8 0.2)
(-1 0.9 0.2)
(-0.9 0.9 0.2)
(-0.8 0.9 0.2)
(-0.7 0.9 0.2)
(-0.6 0.9 0.2)
(-0.5 0.9 0.2)
(-0.400064 0.900242 0.200017)
(-0.300034 0.90026 0.200009)
(-0.200032 0.900268 0.200021)
(-0.100031 0.900264 0.200055)
(2.63848e-14 0.9 0.2)
(0.10003 0.900264 0.200055)
(0.200032 0.900268 0.200021)
(0.300034 0.90026 0.200009)
(0.400064 0.900242 0.200017)
(0.5 0.9 0.2)
(0.6 0.9 0.2)
(0.7 0.9 0.2)
(0.8 0.9 0.2)
(0.9 0.9 0.2)
(1 0.9 0.2)
(-1 1 0.2)
(-0.9 1 0.2)
(-0.8 1 0.2)
(-0.7 1 0.2)
(-0.6 1 0.2)
(-0.5 1 0.2)
(-0.4 1 0.2)
(-0.3 1 0.2)
(-0.2 1 0.2)
(-0.1 1 0.2)
(2.84205e-15 1 0.2)
(0.1 1 0.2)
(0.2 1 0.2)
(0.3 1 0.2)
(0.4 1 0.2)
(0.5 1 0.2)
(0.6 1 0.2)
(0.7 1 0.2)
(0.8 1 0.2)
(0.9 1 0.2)
(1 1 0.2)
(-1 -1 0.3)
(-0.9 -1 0.3)
(-0.8 -1 0.3)
(-0.7 -1 0.3)
(-0.6 -1 0.3)
(-0.5 -1 0.3)
(-0.4 -1 0.3)
(-0.3 -1 0.3)
(-0.2 -1 0.3)
(-0.1 -1 0.3)
(9.85033e-16 -1 0.3)
(0.1 -1 0.3)
(0.2 -1 0.3)
(0.3 -1 0.3)
(0.4 -1 0.3)
(0.5 -1 0.3)
(0.6 -1 0.3)
(0.7 -1 0.3)
(0.8 -1 0.3)
(0.9 -1 0.3)
(1 -1 0.3)
(-1 -0.9 0.3)
(-0.9 -0.9 0.3)
(-0.8 -0.9 0.3)
(-0.7 -0.9 0.3)
(-0.6 -0.9 0.3)
(-0.5 -0.9 0.3)
(-0.40007 -0.900233 0.300032)
(-0.30004 -0.900251 0.300029)
(-0.20004 -0.900255 0.300046)
(-0.100035 -0.900253 0.300077)
(8.28027e-15 -0.9 0.3)
(0.100035 -0.900253 0.300076)
(0.20004 -0.900255 0.300046)
(0.30004 -0.900251 0.300029)
(0.400067 -0.900234 0.300031)
(0.5 -0.9 0.3)
(0.6 -0.9 0.3)
(0.7 -0.9 0.3)
(0.8 -0.9 0.3)
(0.9 -0.9 0.3)
(1 -0.9 0.3)
(-1 -0.8 0.3)
(-0.9 -0.8 0.3)
(-0.8 -0.8 0.3)
(-0.7 -0.8 0.3)
(-0.6 -0.8 0.3)
(-0.5 -0.8 0.3)
(-0.4 -0.8 0.3)
(-0.30012 -0.800478 0.30009)
(-0.200087 -0.800503 0.300103)
(-0.100073 -0.800502 0.300159)
(7.41521e-14 -0.8 0.3)
(0.100071 -0.800502 0.300158)
(0.200086 -0.800503 0.300103)
(0.300113 -0.80048 0.300089)
(0.4 -0.8 0.3)
(0.5 -0.8 0.3)
(0.6 -0.8 0.3)
(0.7 -0.8 0.3)
(0.8 -0.8 0.3)
(0.9 -0.8 0.3)
(1 -0.8 0.3)
(-1 -0.7 0.3)
(-0.9 -0.7 0.3)
(-0.8 -0.7 0.3)
(-0.7 -0.7 0.3)
(-0.6 -0.7 0.3)
(-0.5 -0.7 0.3)
(-0.4 -0.7 0.3)
(-0.30022 -0.700689 0.300158)
(-0.200142 -0.700742 0.300169)
(-0.100114 -0.700743 0.300253)
(5.54918e-13 -0.7 0.3)
(0.10011 -0.700744 0.300252)
(0.200141 -0.700742 0.300169)
(0.300215 -0.700691 0.300157)
(0.4 -0.7 0.3)
(0.5 -0.7 0.3)
(0.6 -0.7 0.3)
(0.7 -0.7 0.3)
(0.8 -0.7 0.3)
(0.9 -0.7 0.3)
(1 -0.7 0.3)
(-1 -0.6 0.3)
(-0.9 -0.6 0.3)
(-0.8 -0.6 0.3)
(-0.7 -0.6 0.3)
(-0.6 -0.6 0.3)
(-0.5 -0.6 0.3)
(-0.4 -0.6 0.3)
(-0.3004 -0.600847 0.300244)
(-0.200256 -0.600944 0.300284)
(-0.100185 -0.600943 0.300421)
(3.18594e-12 -0.6 0.3)
(0.100181 -0.600944 0.300419)
(0.200255 -0.600944 0.300284)
(0.300395 -0.600849 0.300243)
(0.4 -0.6 0.3)
(0.5 -0.6 0.3)
(0.6 -0.6 0.3)
(0.7 -0.6 0.3)
(0.8 -0.6 0.3)
(0.9 -0.6 0.3)
(1 -0.6 0.3)
(-1 -0.5 0.3)
(-0.9 -0.5 0.3)
(-0.8 -0.5 0.3)
(-0.7 -0.5 0.3)
(-0.6 -0.5 0.3)
(-0.5 -0.5 0.3)
(-0.4 -0.5 0.3)
(-0.3 -0.5 0.3)
(-0.20043 -0.500901 0.300465)
(-0.1 -0.5 0.3)
(9.60249e-12 -0.5 0.3)
(0.1 -0.5 0.3)
(0.20043 -0.500901 0.300464)
(0.3 -0.5 0.3)
(0.4 -0.5 0.3)
(0.5 -0.5 0.3)
(0.6 -0.5 0.3)
(0.7 -0.5 0.3)
(0.8 -0.5 0.3)
(0.9 -0.5 0.3)
(1 -0.5 0.3)
(-1 -0.4 0.3)
(-0.900282 -0.400057 0.300046)
(-0.8 -0.4 0.3)
(-0.7 -0.4 0.3)
(-0.6 -0.4 0.3)
(-0.5 -0.4 0.3)
(-0.4 -0.4 0.3)
(-0.3 -0.4 0.3)
(-0.2 -0.4 0.3)
(-0.0999999 -0.4 0.3)
(1.48509e-10 -0.4 0.3)
(0.0999999 -0.4 0.3)
(0.2 -0.4 0.3)
(0.3 -0.4 0.3)
(0.4 -0.4 0.3)
(0.5 -0.4 0.3)
(0.6 -0.4 0.3)
(0.7 -0.4 0.3)
(0.8 -0.4 0.3)
(0.900288 -0.400027 0.300034)
(1 -0.4 0.3)
(-1 -0.3 0.3)
(-0.900294 -0.300012 0.300038)
(-0.800583 -0.30003 0.300094)
(-0.700862 -0.300077 0.300171)
(-0.601168 -0.300178 0.300351)
(-0.501361 -0.300274 0.300494)
(-0.401302 -0.300419 0.300636)
(-0.3 -0.3 0.3)
(-0.2 -0.3 0.3)
(-0.0999979 -0.3 0.299997)
(3.91351e-09 -0.300003 0.300001)
(0.0999979 -0.3 0.299997)
(0.2 -0.3 0.3)
(0.3 -0.3 0.3)
(0.401327 -0.300373 0.300612)
(0.501372 -0.300245 0.300479)
(0.601173 -0.300163 0.300343)
(0.700863 -0.300071 0.300167)
(0.800584 -0.300025 0.300091)
(0.900295 -0.300006 0.300036)
(1 -0.3 0.3)
(-1 -0.2 0.3)
(-0.900297 -0.199997 0.300037)
(-0.800588 -0.199976 0.30009)
(-0.700874 -0.199965 0.300163)
(-0.601201 -0.199964 0.300321)
(-0.501316 -0.199947 0.300451)
(-0.401242 -0.199951 0.30062)
(-0.300919 -0.200053 0.300621)
(-0.200817 -0.200065 0.300858)
(-0.10068 -0.200044 0.301525)
(1.17989e-07 -0.199987 0.3015)
(0.10068 -0.200044 0.301525)
(0.200817 -0.200065 0.300858)
(0.300919 -0.200052 0.300621)
(0.401245 -0.19994 0.300613)
(0.501316 -0.199944 0.300449)
(0.601202 -0.199963 0.30032)
(0.700874 -0.199965 0.300162)
(0.800588 -0.199976 0.30009)
(0.900297 -0.199997 0.300037)
(1 -0.2 0.3)
(-1 -0.1 0.3)
(-0.900294 -0.0999717 0.300035)
(-0.8 -0.1 0.3)
(-0.7 -0.1 0.3)
(-0.6 -0.1 0.3)
(-0.5 -0.1 0.3)
(-0.4 -0.1 0.3)
(-0.3 -0.1 0.3)
(-0.2 -0.1 0.3)
(-0.0999986 -0.100001 0.299998)
(1.15375e-09 -0.100001 0.3)
(0.0999986 -0.100001 0.299998)
(0.2 -0.1 0.3)
(0.3 -0.1 0.3)
(0.4 -0.1 0.3)
(0.5 -0.1 0.3)
(0.6 -0.1 0.3)
(0.7 -0.1 0.3)
(0.8 -0.1 0.3)
(0.900294 -0.0999717 0.300035)
(1 -0.1 0.3)
(-1 6.38613e-19 0.3)
(-0.9 -3.33072e-17 0.3)
(-0.8 -1.07251e-15 0.3)
(-0.7 -1.47337e-14 0.3)
(-0.6 -1.62059e-13 0.3)
(-0.5 -9.42024e-13 0.3)
(-0.4 -6.58831e-14 0.3)
(-0.3 -4.26716e-15 0.3)
(-0.2 2.20759e-14 0.3)
(-0.0999998 -4.7878e-12 0.3)
(7.76022e-11 -1.22876e-10 0.3)
(0.0999998 -9.45254e-12 0.3)
(0.2 1.3201e-13 0.3)
(0.3 6.79324e-14 0.3)
(0.4 -3.1627e-14 0.3)
(0.5 -9.32201e-13 0.3)
(0.6 -1.6147e-13 0.3)
(0.7 -1.49169e-14 0.3)
(0.8 -1.09349e-15 0.3)
(0.9 -6.18765e-17 0.3)
(1 -1.10698e-18 0.3)
(-1 0.1 0.3)
(-0.900295 0.100005 0.300035)
(-0.8 0.1 0.3)
(-0.7 0.1 0.3)
(-0.6 0.1 0.3)
(-0.5 0.1 0.3)
(-0.4 0.1 0.3)
(-0.3 0.1 0.3)
(-0.2 0.1 0.3)
(-0.0999986 0.100001 0.299998)
(6.79251e-10 0.100001 0.3)
(0.0999986 0.100001 0.299998)
(0.2 0.1 0.3)
(0.3 0.1 0.3)
(0.4 0.1 0.3)
(0.5 0.1 0.3)
(0.6 0.1 0.3)
(0.7 0.1 0.3)
(0.8 0.1 0.3)
(0.900295 0.100005 0.300035)
(1 0.1 0.3)
(-1 0.2 0.3)
(-0.900297 0.200001 0.300037)
(-0.800589 0.199982 0.30009)
(-0.700874 0.199974 0.300163)
(-0.601202 0.199978 0.30032)
(-0.501306 0.199965 0.300447)
(-0.401226 0.199974 0.300613)
(-0.3009 0.200052 0.300609)
(-0.200794 0.200063 0.300833)
(-0.100693 0.200016 0.30152)
(5.50739e-08 0.199987 0.3015)
(0.10068 0.200044 0.301525)
(0.200794 0.200063 0.300834)
(0.3009 0.200052 0.300609)
(0.401227 0.199974 0.300614)
(0.501306 0.199965 0.300448)
(0.601202 0.199978 0.300321)
(0.700874 0.199974 0.300162)
(0.800589 0.199982 0.30009)
(0.900297 0.200001 0.300037)
(1 0.2 0.3)
(-1 0.3 0.3)
(-0.900294 0.300012 0.300038)
(-0.800583 0.30003 0.300094)
(-0.700862 0.300077 0.300171)
(-0.601168 0.300178 0.300351)
(-0.501349 0.300272 0.30049)
(-0.401286 0.300415 0.300629)
(-0.3 0.3 0.3)
(-0.2 0.3 0.3)
(-0.0999979 0.3 0.299997)
(-8.53476e-09 0.300003 0.300001)
(0.0999979 0.3 0.299997)
(0.2 0.3 0.3)
(0.3 0.3 0.3)
(0.401286 0.300416 0.300629)
(0.50135 0.300273 0.30049)
(0.601168 0.300178 0.300351)
(0.700862 0.300077 0.300171)
(0.800583 0.30003 0.300094)
(0.900294 0.300012 0.300038)
(1 0.3 0.3)
(-1 0.4 0.3)
(-0.900282 0.400057 0.300046)
(-0.8 0.4 0.3)
(-0.7 0.4 0.3)
(-0.6 0.4 0.3)
(-0.5 0.4 0.3)
(-0.4 0.4 0.3)
(-0.3 0.4 0.3)
(-0.2 0.4 0.3)
(-0.0999999 0.4 0.3)
(-4.02802e-10 0.4 0.3)
(0.0999999 0.4 0.3)
(0.2 0.4 0.3)
(0.3 0.4 0.3)
(0.4 0.4 0.3)
(0.5 0.4 0.3)
(0.6 0.4 0.3)
(0.7 0.4 0.3)
(0.8 0.4 0.3)
(0.900282 0.400057 0.300046)
(1 0.4 0.3)
(-1 0.5 0.3)
(-0.9 0.5 0.3)
(-0.8 0.5 0.3)
(-0.7 0.5 0.3)
(-0.6 0.5 0.3)
(-0.5 0.5 0.3)
(-0.4 0.5 0.3)
(-0.3 0.5 0.3)
(-0.20043 0.500901 0.300465)
(-0.1 0.5 0.3)
(-1.10527e-11 0.5 0.3)
(0.1 0.5 0.3)
(0.20043 0.5009 0.300464)
(0.3 0.5 0.3)
(0.4 0.5 0.3)
(0.5 0.5 0.3)
(0.6 0.5 0.3)
(0.7 0.5 0.3)
(0.8 0.5 0.3)
(0.9 0.5 0.3)
(1 0.5 0.3)
(-1 0.6 0.3)
(-0.9 0.6 0.3)
(-0.8 0.6 0.3)
(-0.7 0.6 0.3)
(-0.6 0.6 0.3)
(-0.5 0.6 0.3)
(-0.4 0.6 0.3)
(-0.3004 0.600847 0.300244)
(-0.200256 0.600944 0.300284)
(-0.100185 0.600943 0.300421)
(3.36063e-13 0.6 0.3)
(0.100185 0.600943 0.300421)
(0.200256 0.600944 0.300284)
(0.300399 0.600846 0.300244)
(0.4 0.6 0.3)
(0.5 0.6 0.3)
(0.6 0.6 0.3)
(0.7 0.6 0.3)
(0.8 0.6 0.3)
(0.9 0.6 0.3)
(1 0.6 0.3)
(-1 0.7 0.3)
(-0.9 0.7 0.3)
(-0.8 0.7 0.3)
(-0.7 0.7 0.3)
(-0.6 0.7 0.3)
(-0.5 0.7 0.3)
(-0.4 0.7 0.3)
(-0.30022 0.700689 0.300158)
(-0.200142 0.700742 0.300169)
(-0.100114 0.700743 0.300253)
(2.02387e-13 0.7 0.3)
(0.100114 0.700743 0.300253)
(0.200141 0.700742 0.300169)
(0.30022 0.700689 0.300158)
(0.4 0.7 0.3)
(0.5 0.7 0.3)
(0.6 0.7 0.3)
(0.7 0.7 0.3)
(0.8 0.7 0.3)
(0.9 0.7 0.3)
(1 0.7 0.3)
(-1 0.8 0.3)
(-0.9 0.8 0.3)
(-0.8 0.8 0.3)
(-0.7 0.8 0.3)
(-0.6 0.8 0.3)
(-0.5 0.8 0.3)
(-0.4 0.8 0.3)
(-0.300121 0.800478 0.300091)
(-0.200087 0.800503 0.300103)
(-0.100073 0.800502 0.300159)
(3.50443e-14 0.8 0.3)
(0.100073 0.800502 0.300159)
(0.200086 0.800503 0.300103)
(0.300121 0.800478 0.300091)
(0.4 0.8 0.3)
(0.5 0.8 0.3)
(0.6 0.8 0.3)
(0.7 0.8 0.3)
(0.8 0.8 0.3)
(0.9 0.8 0.3)
(1 0.8 0.3)
(-1 0.9 0.3)
(-0.9 0.9 0.3)
(-0.8 0.9 0.3)
(-0.7 0.9 0.3)
(-0.6 0.9 0.3)
(-0.5 0.9 0.3)
(-0.400091 0.900225 0.300036)
(-0.300045 0.90025 0.30003)
(-0.20004 0.900255 0.300046)
(-0.100035 0.900253 0.300077)
(4.36532e-15 0.9 0.3)
(0.100035 0.900253 0.300076)
(0.20004 0.900255 0.300046)
(0.300045 0.90025 0.30003)
(0.400091 0.900225 0.300036)
(0.5 0.9 0.3)
(0.6 0.9 0.3)
(0.7 0.9 0.3)
(0.8 0.9 0.3)
(0.9 0.9 0.3)
(1 0.9 0.3)
(-1 1 0.3)
(-0.9 1 0.3)
(-0.8 1 0.3)
(-0.7 1 0.3)
(-0.6 1 0.3)
(-0.5 1 0.3)
(-0.4 1 0.3)
(-0.3 1 0.3)
(-0.2 1 0.3)
(-0.1 1 0.3)
(5.61529e-16 1 0.3)
(0.1 1 0.3)
(0.2 1 0.3)
(0.3 1 0.3)
(0.4 1 0.3)
(0.5 1 0.3)
(0.6 1 0.3)
(0.7 1 0.3)
(0.8 1 0.3)
(0.9 1 0.3)
(1 1 0.3)
(-1 -1 0.4)
(-0.9 -1 0.4)
(-0.8 -1 0.4)
(-0.7 -1 0.4)
(-0.6 -1 0.4)
(-0.5 -1 0.4)
(-0.4 -1 0.4)
(-0.3 -1 0.4)
(-0.2 -1 0.4)
(-0.1 -1 0.4)
(1.20475e-16 -1 0.4)
(0.1 -1 0.4)
(0.2 -1 0.4)
(0.3 -1 0.4)
(0.4 -1 0.4)
(0.5 -1 0.4)
(0.6 -1 0.4)
(0.7 -1 0.4)
(0.8 -1 0.4)
(0.9 -1 0.4)
(1 -1 0.4)
(-1 -0.9 0.4)
(-0.9 -0.9 0.4)
(-0.8 -0.9 0.4)
(-0.7 -0.9 0.4)
(-0.6 -0.9 0.4)
(-0.5 -0.9 0.4)
(-0.400083 -0.900213 0.400055)
(-0.300047 -0.900236 0.40005)
(-0.200043 -0.900243 0.400058)
(-0.100037 -0.900241 0.400083)
(1.01587e-15 -0.9 0.4)
(0.100034 -0.900242 0.400082)
(0.200042 -0.900243 0.400058)
(0.300043 -0.900237 0.400049)
(0.400066 -0.90022 0.400052)
(0.5 -0.9 0.4)
(0.6 -0.9 0.4)
(0.7 -0.9 0.4)
(0.8 -0.9 0.4)
(0.9 -0.9 0.4)
(1 -0.9 0.4)
(-1 -0.8 0.4)
(-0.9 -0.8 0.4)
(-0.8 -0.8 0.4)
(-0.7 -0.8 0.4)
(-0.6 -0.8 0.4)
(-0.5 -0.8 0.4)
(-0.4 -0.8 0.4)
(-0.300129 -0.800451 0.400118)
(-0.200094 -0.800474 0.400134)
(-0.10008 -0.800467 0.400191)
(9.3312e-15 -0.8 0.4)
(0.100062 -0.800472 0.400183)
(0.200086 -0.800476 0.400132)
(0.300101 -0.800459 0.400113)
(0.400178 -0.800405 0.400129)
(0.5 -0.8 0.4)
(0.6 -0.8 0.4)
(0.7 -0.8 0.4)
(0.8 -0.8 0.4)
(0.9 -0.8 0.4)
(1 -0.8 0.4)
(-1 -0.7 0.4)
(-0.9 -0.7 0.4)
(-0.8 -0.7 0.4)
(-0.7 -0.7 0.4)
(-0.6 -0.7 0.4)
(-0.5 -0.7 0.4)
(-0.4 -0.7 0.4)
(-0.300211 -0.700651 0.400194)
(-0.200152 -0.700682 0.400245)
(-0.10013 -0.700668 0.400332)
(6.96811e-14 -0.7 0.4)
(0.1001 -0.700678 0.40032)
(0.200143 -0.700684 0.400243)
(0.300188 -0.700655 0.400203)
(0.4 -0.7 0.4)
(0.5 -0.7 0.4)
(0.6 -0.7 0.4)
(0.7 -0.7 0.4)
(0.8 -0.7 0.4)
(0.9 -0.7 0.4)
(1 -0.7 0.4)
(-1 -0.6 0.4)
(-0.9 -0.6 0.4)
(-0.8 -0.6 0.4)
(-0.7 -0.6 0.4)
(-0.6 -0.6 0.4)
(-0.5 -0.6 0.4)
(-0.4 -0.6 0.4)
(-0.300336 -0.6008 0.40032)
(-0.200239 -0.600837 0.400423)
(-0.1 -0.6 0.4)
(4.23966e-13 -0.6 0.4)
(0.1 -0.6 0.4)
(0.20023 -0.600839 0.400423)
(0.300325 -0.600797 0.400338)
(0.4 -0.6 0.4)
(0.5 -0.6 0.4)
(0.6 -0.6 0.4)
(0.7 -0.6 0.4)
(0.8 -0.6 0.4)
(0.9 -0.6 0.4)
(1 -0.6 0.4)
(-1 -0.5 0.4)
(-0.9 -0.5 0.4)
(-0.800554 -0.500216 0.4002)
(-0.7 -0.5 0.4)
(-0.6 -0.5 0.4)
(-0.5 -0.5 0.4)
(-0.4 -0.5 0.4)
(-0.3 -0.5 0.4)
(-0.2 -0.5 0.4)
(-0.1 -0.5 0.4)
(2.32363e-12 -0.5 0.4)
(0.1 -0.5 0.4)
(0.2 -0.5 0.4)
(0.3 -0.5 0.4)
(0.4 -0.5 0.4)
(0.5 -0.5 0.4)
(0.6 -0.5 0.4)
(0.7 -0.5 0.4)
(0.800536 -0.500137 0.400155)
(0.9 -0.5 0.4)
(1 -0.5 0.4)
(-1 -0.4 0.4)
(-0.9 -0.4 0.4)
(-0.800555 -0.400095 0.400184)
(-0.700809 -0.400182 0.400291)
(-0.601001 -0.400383 0.400429)
(-0.5 -0.4 0.4)
(-0.4 -0.4 0.4)
(-0.3 -0.4 0.4)
(-0.2 -0.4 0.4)
(-0.1 -0.4 0.4)
(1.76621e-11 -0.4 0.4)
(0.1 -0.4 0.4)
(0.2 -0.4 0.4)
(0.3 -0.4 0.4)
(0.4 -0.4 0.4)
(0.5 -0.4 0.4)
(0.601006 -0.400375 0.400425)
(0.700815 -0.400165 0.400284)
(0.800566 -0.400052 0.400167)
(0.900278 -0.400014 0.400052)
(1 -0.4 0.4)
(-1 -0.3 0.4)
(-0.900281 -0.300021 0.40006)
(-0.800578 -0.300025 0.400173)
(-0.700849 -0.300043 0.400288)
(-0.601093 -0.300101 0.400441)
(-0.501233 -0.300201 0.400624)
(-0.400879 -0.300231 0.400627)
(-0.3 -0.3 0.4)
(-0.2 -0.3 0.4)
(-0.0999999 -0.3 0.4)
(3.52737e-10 -0.3 0.4)
(0.0999999 -0.3 0.4)
(0.2 -0.3 0.4)
(0.3 -0.3 0.4)
(0.400881 -0.300226 0.400625)
(0.501234 -0.300199 0.400623)
(0.601094 -0.3001 0.400441)
(0.70085 -0.300041 0.400287)
(0.800579 -0.300015 0.40017)
(0.900283 -0.300004 0.400054)
(1 -0.3 0.4)
(-1 -0.2 0.4)
(-0.900285 -0.200001 0.400053)
(-0.800587 -0.199985 0.400158)
(-0.700864 -0.199973 0.400265)
(-0.601118 -0.199957 0.400414)
(-0.501165 -0.199911 0.400599)
(-0.400811 -0.199938 0.400592)
(-0.300689 -0.20001 0.400692)
(-0.200645 -0.200021 0.401065)
(-0.100373 -0.200044 0.401206)
(7.26073e-08 -0.199998 0.401256)
(0.100373 -0.200044 0.401207)
(0.200645 -0.200021 0.401065)
(0.300689 -0.200011 0.400692)
(0.400811 -0.199937 0.400591)
(0.501165 -0.199911 0.4006)
(0.601118 -0.199957 0.400415)
(0.700864 -0.199973 0.400266)
(0.800587 -0.199985 0.400158)
(0.900285 -0.199999 0.400053)
(1 -0.2 0.4)
(-1 -0.1 0.4)
(-0.900284 -0.0999758 0.400045)
(-0.8 -0.1 0.4)
(-0.7 -0.1 0.4)
(-0.6 -0.1 0.4)
(-0.5 -0.1 0.4)
(-0.4 -0.1 0.4)
(-0.3 -0.1 0.4)
(-0.2 -0.1 0.4)
(-0.0999999 -0.1 0.4)
(2.23985e-10 -0.1 0.4)
(0.0999999 -0.1 0.4)
(0.2 -0.1 0.4)
(0.3 -0.1 0.4)
(0.4 -0.1 0.4)
(0.5 -0.1 0.4)
(0.6 -0.1 0.4)
(0.7 -0.1 0.4)
(0.8 -0.1 0.4)
(0.900283 -0.0999757 0.400045)
(1 -0.1 0.4)
(-1 1.07164e-18 0.4)
(-0.9 -1.26594e-18 0.4)
(-0.8 -1.0017e-16 0.4)
(-0.7 -1.53534e-15 0.4)
(-0.6 -1.41363e-14 0.4)
(-0.5 -6.33337e-14 0.4)
(-0.4 1.79255e-14 0.4)
(-0.3 1.39176e-13 0.4)
(-0.2 -1.72343e-13 0.4)
(-0.1 2.06468e-14 0.4)
(1.36447e-11 -2.38091e-11 0.4)
(0.1 -1.58905e-13 0.4)
(0.2 -1.49416e-13 0.4)
(0.3 1.77588e-13 0.4)
(0.4 2.91764e-14 0.4)
(0.5 -6.14496e-14 0.4)
(0.6 -1.40816e-14 0.4)
(0.7 -1.5854e-15 0.4)
(0.8 -9.5963e-17 0.4)
(0.9 -3.66777e-18 0.4)
(1 6.59788e-19 0.4)
(-1 0.1 0.4)
(-0.900284 0.100009 0.400045)
(-0.8 0.1 0.4)
(-0.7 0.1 0.4)
(-0.6 0.1 0.4)
(-0.5 0.1 0.4)
(-0.4 0.1 0.4)
(-0.3 0.1 0.4)
(-0.2 0.1 0.4)
(-0.0999999 0.1 0.4)
(5.87242e-11 0.1 0.4)
(0.0999999 0.1 0.4)
(0.2 0.1 0.4)
(0.3 0.1 0.4)
(0.4 0.1 0.4)
(0.5 0.1 0.4)
(0.6 0.1 0.4)
(0.7 0.1 0.4)
(0.8 0.1 0.4)
(0.900284 0.100009 0.400045)
(1 0.1 0.4)
(-1 0.2 0.4)
(-0.900285 0.200004 0.400053)
(-0.800587 0.199992 0.400158)
(-0.700864 0.199984 0.400265)
(-0.601119 0.199973 0.400414)
(-0.501166 0.199934 0.4006)
(-0.400812 0.199956 0.400593)
(-0.300689 0.200026 0.400691)
(-0.200646 0.200016 0.401064)
(-0.100374 0.200044 0.401206)
(4.64212e-08 0.199998 0.401256)
(0.100373 0.200044 0.401207)
(0.200646 0.200016 0.401064)
(0.300689 0.200025 0.400691)
(0.400812 0.199957 0.400593)
(0.501166 0.199934 0.400601)
(0.601119 0.199973 0.400415)
(0.700865 0.199984 0.400265)
(0.800587 0.199992 0.400158)
(0.900285 0.200004 0.400053)
(1 0.2 0.4)
(-1 0.3 0.4)
(-0.900281 0.300021 0.40006)
(-0.800578 0.300025 0.400173)
(-0.700849 0.300043 0.400288)
(-0.601093 0.300101 0.400441)
(-0.501233 0.300202 0.400624)
(-0.400879 0.30023 0.400627)
(-0.3 0.3 0.4)
(-0.2 0.3 0.4)
(-0.0999999 0.3 0.4)
(-6.17755e-10 0.3 0.4)
(0.0999999 0.3 0.4)
(0.2 0.3 0.4)
(0.3 0.3 0.4)
(0.400879 0.30023 0.400627)
(0.501233 0.300202 0.400624)
(0.601093 0.300102 0.400441)
(0.700849 0.300043 0.400288)
(0.800578 0.300025 0.400173)
(0.900281 0.300021 0.40006)
(1 0.3 0.4)
(-1 0.4 0.4)
(-0.9 0.4 0.4)
(-0.800555 0.400094 0.400184)
(-0.700809 0.400182 0.400291)
(-0.601001 0.400383 0.400429)
(-0.5 0.4 0.4)
(-0.4 0.4 0.4)
(-0.3 0.4 0.4)
(-0.2 0.4 0.4)
(-0.1 0.4 0.4)
(-8.16426e-11 0.4 0.4)
(0.1 0.4 0.4)
(0.2 0.4 0.4)
(0.3 0.4 0.4)
(0.4 0.4 0.4)
(0.5 0.4 0.4)
(0.601001 0.400384 0.400429)
(0.700809 0.400182 0.400291)
(0.800555 0.400094 0.400184)
(0.9 0.4 0.4)
(1 0.4 0.4)
(-1 0.5 0.4)
(-0.9 0.5 0.4)
(-0.800556 0.500213 0.400198)
(-0.7 0.5 0.4)
(-0.6 0.5 0.4)
(-0.5 0.5 0.4)
(-0.4 0.5 0.4)
(-0.3 0.5 0.4)
(-0.2 0.5 0.4)
(-0.1 0.5 0.4)
(-1.26887e-11 0.5 0.4)
(0.1 0.5 0.4)
(0.2 0.5 0.4)
(0.3 0.5 0.4)
(0.4 0.5 0.4)
(0.5 0.5 0.4)
(0.6 0.5 0.4)
(0.7 0.5 0.4)
(0.800556 0.500213 0.400198)
(0.9 0.5 0.4)
(1 0.5 0.4)
(-1 0.6 0.4)
(-0.9 0.6 0.4)
(-0.8 0.6 0.4)
(-0.7 0.6 0.4)
(-0.6 0.6 0.4)
(-0.5 0.6 0.4)
(-0.4 0.6 0.4)
(-0.300336 0.6008 0.40032)
(-0.200239 0.600837 0.400423)
(-0.1 0.6 0.4)
(-1.63373e-12 0.6 0.4)
(0.1 0.6 0.4)
(0.200239 0.600836 0.400423)
(0.300336 0.6008 0.40032)
(0.4 0.6 0.4)
(0.5 0.6 0.4)
(0.6 0.6 0.4)
(0.7 0.6 0.4)
(0.8 0.6 0.4)
(0.9 0.6 0.4)
(1 0.6 0.4)
(-1 0.7 0.4)
(-0.9 0.7 0.4)
(-0.8 0.7 0.4)
(-0.7 0.7 0.4)
(-0.6 0.7 0.4)
(-0.5 0.7 0.4)
(-0.4 0.7 0.4)
(-0.300212 0.700651 0.400195)
(-0.200152 0.700682 0.400245)
(-0.100129 0.700668 0.400332)
(-1.83281e-13 0.7 0.4)
(0.100129 0.700667 0.400332)
(0.200152 0.700682 0.400245)
(0.300212 0.70065 0.400195)
(0.4 0.7 0.4)
(0.5 0.7 0.4)
(0.6 0.7 0.4)
(0.7 0.7 0.4)
(0.8 0.7 0.4)
(0.9 0.7 0.4)
(1 0.7 0.4)
(-1 0.8 0.4)
(-0.9 0.8 0.4)
(-0.8 0.8 0.4)
(-0.7 0.8 0.4)
(-0.6 0.8 0.4)
(-0.5 0.8 0.4)
(-0.4 0.8 0.4)
(-0.300136 0.800448 0.40012)
(-0.200094 0.800474 0.400134)
(-0.100079 0.800467 0.400191)
(-1.84431e-14 0.8 0.4)
(0.100079 0.800467 0.400191)
(0.200094 0.800473 0.400134)
(0.300136 0.800448 0.40012)
(0.4 0.8 0.4)
(0.5 0.8 0.4)
(0.6 0.8 0.4)
(0.7 0.8 0.4)
(0.8 0.8 0.4)
(0.9 0.8 0.4)
(1 0.8 0.4)
(-1 0.9 0.4)
(-0.9 0.9 0.4)
(-0.8 0.9 0.4)
(-0.7 0.9 0.4)
(-0.6 0.9 0.4)
(-0.5 0.9 0.4)
(-0.4 0.9 0.4)
(-0.300065 0.900231 0.400055)
(-0.200045 0.900242 0.400059)
(-0.100037 0.900241 0.400083)
(-1.70269e-15 0.9 0.4)
(0.100037 0.900241 0.400083)
(0.200045 0.900242 0.400059)
(0.300065 0.90023 0.400054)
(0.4 0.9 0.4)
(0.5 0.9 0.4)
(0.6 0.9 0.4)
(0.7 0.9 0.4)
(0.8 0.9 0.4)
(0.9 0.9 0.4)
(1 0.9 0.4)
(-1 1 0.4)
(-0.9 1 0.4)
(-0.8 1 0.4)
(-0.7 1 0.4)
(-0.6 1 0.4)
(-0.5 1 0.4)
(-0.4 1 0.4)
(-0.3 1 0.4)
(-0.2 1 0.4)
(-0.1 1 0.4)
(-1.69213e-16 1 0.4)
(0.1 1 0.4)
(0.2 1 0.4)
(0.3 1 0.4)
(0.4 1 0.4)
(0.5 1 0.4)
(0.6 1 0.4)
(0.7 1 0.4)
(0.8 1 0.4)
(0.9 1 0.4)
(1 1 0.4)
(-1 -1 0.5)
(-0.9 -1 0.5)
(-0.8 -1 0.5)
(-0.7 -1 0.5)
(-0.6 -1 0.5)
(-0.5 -1 0.5)
(-0.4 -1 0.5)
(-0.3 -1 0.5)
(-0.2 -1 0.5)
(-0.1 -1 0.5)
(-1.21366e-17 -1 0.5)
(0.1 -1 0.5)
(0.2 -1 0.5)
(0.3 -1 0.5)
(0.4 -1 0.5)
(0.5 -1 0.5)
(0.6 -1 0.5)
(0.7 -1 0.5)
(0.8 -1 0.5)
(0.9 -1 0.5)
(1 -1 0.5)
(-1 -0.9 0.5)
(-0.9 -0.9 0.5)
(-0.8 -0.9 0.5)
(-0.7 -0.9 0.5)
(-0.6 -0.9 0.5)
(-0.5 -0.9 0.5)
(-0.400078 -0.900202 0.500063)
(-0.300047 -0.900223 0.500057)
(-0.200045 -0.900227 0.50007)
(-0.10004 -0.900219 0.500105)
(-1.13452e-17 -0.9 0.5)
(0.100025 -0.900223 0.500099)
(0.200041 -0.900228 0.500068)
(0.300041 -0.900225 0.500054)
(0.400047 -0.900214 0.500053)
(0.500073 -0.900193 0.500059)
(0.60009 -0.900174 0.500057)
(0.7 -0.9 0.5)
(0.8 -0.9 0.5)
(0.9 -0.9 0.5)
(1 -0.9 0.5)
(-1 -0.8 0.5)
(-0.9 -0.8 0.5)
(-0.8 -0.8 0.5)
(-0.7 -0.8 0.5)
(-0.6 -0.8 0.5)
(-0.5 -0.8 0.5)
(-0.4 -0.8 0.5)
(-0.30012 -0.800422 0.500142)
(-0.200106 -0.80042 0.500198)
(-0.1 -0.8 0.5)
(4.81534e-16 -0.8 0.5)
(0.1 -0.8 0.5)
(0.200084 -0.800428 0.500189)
(0.300088 -0.800434 0.500126)
(0.400123 -0.800405 0.500124)
(0.5 -0.8 0.5)
(0.6 -0.8 0.5)
(0.7 -0.8 0.5)
(0.8 -0.8 0.5)
(0.9 -0.8 0.5)
(1 -0.8 0.5)
(-1 -0.7 0.5)
(-0.9 -0.7 0.5)
(-0.8 -0.7 0.5)
(-0.7 -0.7 0.5)
(-0.6 -0.7 0.5)
(-0.5 -0.7 0.5)
(-0.4 -0.7 0.5)
(-0.300196 -0.700593 0.500257)
(-0.2 -0.7 0.5)
(-0.1 -0.7 0.5)
(1.01856e-14 -0.7 0.5)
(0.1 -0.7 0.5)
(0.2 -0.7 0.5)
(0.300156 -0.700612 0.500238)
(0.400244 -0.70055 0.500229)
(0.5 -0.7 0.5)
(0.6 -0.7 0.5)
(0.7 -0.7 0.5)
(0.8 -0.7 0.5)
(0.9 -0.7 0.5)
(1 -0.7 0.5)
(-1 -0.6 0.5)
(-0.900244 -0.600085 0.500082)
(-0.8 -0.6 0.5)
(-0.7 -0.6 0.5)
(-0.6 -0.6 0.5)
(-0.5 -0.6 0.5)
(-0.4 -0.6 0.5)
(-0.300284 -0.600703 0.500431)
(-0.2 -0.6 0.5)
(-0.1 -0.6 0.5)
(1.25516e-13 -0.6 0.5)
(0.1 -0.6 0.5)
(0.2 -0.6 0.5)
(0.300267 -0.600716 0.500419)
(0.4 -0.6 0.5)
(0.5 -0.6 0.5)
(0.6 -0.6 0.5)
(0.7 -0.6 0.5)
(0.8 -0.6 0.5)
(0.900251 -0.600071 0.500076)
(1 -0.6 0.5)
(-1 -0.5 0.5)
(-0.900348 -0.500086 0.500131)
(-0.800542 -0.500156 0.500219)
(-0.7 -0.5 0.5)
(-0.6 -0.5 0.5)
(-0.5 -0.5 0.5)
(-0.4 -0.5 0.5)
(-0.3 -0.5 0.5)
(-0.2 -0.5 0.5)
(-0.1 -0.5 0.5)
(1.24476e-12 -0.5 0.5)
(0.1 -0.5 0.5)
(0.2 -0.5 0.5)
(0.3 -0.5 0.5)
(0.4 -0.5 0.5)
(0.5 -0.5 0.5)
(0.6 -0.5 0.5)
(0.7 -0.5 0.5)
(0.800502 -0.500128 0.500194)
(0.900267 -0.500027 0.500082)
(1 -0.5 0.5)
(-1 -0.4 0.5)
(-0.900363 -0.400061 0.500132)
(-0.800575 -0.400066 0.500228)
(-0.70077 -0.400206 0.500356)
(-0.6 -0.4 0.5)
(-0.5 -0.4 0.5)
(-0.4 -0.4 0.5)
(-0.3 -0.4 0.5)
(-0.2 -0.4 0.5)
(-0.1 -0.4 0.5)
(1.06217e-11 -0.4 0.5)
(0.1 -0.4 0.5)
(0.2 -0.4 0.5)
(0.3 -0.4 0.5)
(0.4 -0.4 0.5)
(0.5 -0.4 0.5)
(0.6 -0.4 0.5)
(0.700742 -0.400197 0.500342)
(0.800529 -0.400047 0.500204)
(0.900275 -0.40001 0.500085)
(1 -0.4 0.5)
(-1 -0.3 0.5)
(-0.900278 -0.300016 0.500089)
(-0.800541 -0.300022 0.500204)
(-0.700788 -0.300063 0.500332)
(-0.600983 -0.30013 0.500528)
(-0.500839 -0.300184 0.500607)
(-0.40072 -0.300184 0.500726)
(-0.3007 -0.300373 0.501048)
(-0.2 -0.3 0.5)
(-0.1 -0.3 0.5)
(-1.20461e-07 -0.300499 0.501168)
(0.1 -0.3 0.5)
(0.2 -0.3 0.5)
(0.3007 -0.300373 0.501048)
(0.400721 -0.300184 0.500726)
(0.500839 -0.300184 0.500607)
(0.600983 -0.300131 0.500529)
(0.700788 -0.300063 0.500332)
(0.800542 -0.30002 0.500204)
(0.90028 -0.300007 0.500086)
(1 -0.3 0.5)
(-1 -0.2 0.5)
(-0.900282 -0.200005 0.500086)
(-0.800547 -0.200007 0.5002)
(-0.700801 -0.200007 0.500321)
(-0.601007 -0.199986 0.500515)
(-0.500799 -0.199949 0.500579)
(-0.400668 -0.199958 0.500669)
(-0.300653 -0.20003 0.500942)
(-0.200475 -0.200077 0.50102)
(-0.100259 -0.200062 0.501076)
(6.01806e-08 -0.200012 0.501084)
(0.10026 -0.200062 0.501076)
(0.200475 -0.200077 0.50102)
(0.300653 -0.20003 0.500942)
(0.400669 -0.199958 0.50067)
(0.500799 -0.199949 0.500579)
(0.601008 -0.199986 0.500516)
(0.700801 -0.200007 0.500322)
(0.800547 -0.200007 0.5002)
(0.900282 -0.200005 0.500085)
(1 -0.2 0.5)
(-1 -0.1 0.5)
(-0.900282 -0.0999853 0.500077)
(-0.800548 -0.0999477 0.500181)
(-0.700788 -0.0998686 0.50031)
(-0.60097 -0.0997059 0.500483)
(-0.5 -0.1 0.5)
(-0.4 -0.1 0.5)
(-0.300514 -0.0997631 0.500761)
(-0.2 -0.1 0.5)
(-0.1 -0.1 0.5)
(6.2916e-11 -0.1 0.5)
(0.1 -0.1 0.5)
(0.2 -0.1 0.5)
(0.300515 -0.0997644 0.500761)
(0.4 -0.1 0.5)
(0.5 -0.1 0.5)
(0.600971 -0.0997059 0.500483)
(0.700788 -0.0998687 0.50031)
(0.800548 -0.0999477 0.500181)
(0.900282 -0.0999853 0.500077)
(1 -0.1 0.5)
(-1 2.93225e-19 0.5)
(-0.9 1.95376e-17 0.5)
(-0.8 -2.09492e-18 0.5)
(-0.7 -1.12002e-16 0.5)
(-0.6 -1.30678e-15 0.5)
(-0.5 -9.39538e-15 0.5)
(-0.4 -7.64807e-14 0.5)
(-0.3 -9.5601e-13 0.5)
(-0.2 -2.84033e-12 0.5)
(-0.1 -1.24245e-13 0.5)
(9.05336e-12 -1.76086e-12 0.5)
(0.1 -1.09971e-13 0.5)
(0.2 -2.81369e-12 0.5)
(0.3 -9.42928e-13 0.5)
(0.4 -7.35202e-14 0.5)
(0.5 -8.97047e-15 0.5)
(0.6 -1.25528e-15 0.5)
(0.7 -1.20811e-16 0.5)
(0.8 -4.62363e-18 0.5)
(0.9 6.21314e-19 0.5)
(1 2.23801e-19 0.5)
(-1 0.1 0.5)
(-0.900282 0.10002 0.500077)
(-0.800549 0.100034 0.500181)
(-0.700797 0.100047 0.500311)
(-0.601004 0.0999476 0.500501)
(-0.5 0.1 0.5)
(-0.4 0.1 0.5)
(-0.300532 0.0999489 0.500783)
(-0.2 0.1 0.5)
(-0.1 0.1 0.5)
(3.36166e-12 0.1 0.5)
(0.1 0.1 0.5)
(0.2 0.1 0.5)
(0.300532 0.0999479 0.500783)
(0.4 0.1 0.5)
(0.5 0.1 0.5)
(0.601004 0.0999476 0.500501)
(0.700797 0.100047 0.500311)
(0.800549 0.100034 0.500181)
(0.900282 0.10002 0.500077)
(1 0.1 0.5)
(-1 0.2 0.5)
(-0.900282 0.200009 0.500085)
(-0.800547 0.200015 0.5002)
(-0.7008 0.200026 0.500321)
(-0.601007 0.20001 0.500515)
(-0.5008 0.199969 0.500579)
(-0.400669 0.199977 0.50067)
(-0.300656 0.200036 0.50094)
(-0.200488 0.200026 0.501016)
(-0.100264 0.200057 0.501075)
(4.46154e-08 0.200022 0.501085)
(0.100264 0.200057 0.501075)
(0.200488 0.200026 0.501016)
(0.300656 0.200036 0.50094)
(0.400669 0.199977 0.50067)
(0.5008 0.199969 0.500579)
(0.601008 0.20001 0.500516)
(0.700801 0.200026 0.500321)
(0.800547 0.200015 0.5002)
(0.900282 0.200009 0.500086)
(1 0.2 0.5)
(-1 0.3 0.5)
(-0.900278 0.300016 0.500089)
(-0.800541 0.300022 0.500204)
(-0.700788 0.300063 0.500332)
(-0.600983 0.300131 0.500528)
(-0.500839 0.300184 0.500607)
(-0.400722 0.300177 0.500727)
(-0.300722 0.300297 0.501058)
(-0.200575 0.30039 0.501147)
(-0.1 0.3 0.5)
(-1.26152e-07 0.300482 0.501176)
(0.1 0.3 0.5)
(0.200575 0.30039 0.501147)
(0.300722 0.300297 0.501058)
(0.400722 0.300177 0.500727)
(0.500839 0.300184 0.500607)
(0.600983 0.300131 0.500529)
(0.700788 0.300063 0.500332)
(0.800542 0.300022 0.500204)
(0.900278 0.300016 0.500089)
(1 0.3 0.5)
(-1 0.4 0.5)
(-0.900363 0.400061 0.500132)
(-0.800575 0.400066 0.500228)
(-0.70077 0.400206 0.500356)
(-0.6 0.4 0.5)
(-0.5 0.4 0.5)
(-0.4 0.4 0.5)
(-0.3 0.4 0.5)
(-0.2 0.4 0.5)
(-0.1 0.4 0.5)
(-2.57242e-11 0.4 0.5)
(0.1 0.4 0.5)
(0.2 0.4 0.5)
(0.3 0.4 0.5)
(0.4 0.4 0.5)
(0.5 0.4 0.5)
(0.6 0.4 0.5)
(0.70077 0.400206 0.500356)
(0.800575 0.400066 0.500229)
(0.900363 0.400062 0.500132)
(1 0.4 0.5)
(-1 0.5 0.5)
(-0.900349 0.500085 0.50013)
(-0.800542 0.500155 0.500219)
(-0.7 0.5 0.5)
(-0.6 0.5 0.5)
(-0.5 0.5 0.5)
(-0.4 0.5 0.5)
(-0.3 0.5 0.5)
(-0.2 0.5 0.5)
(-0.1 0.5 0.5)
(-4.89041e-12 0.5 0.5)
(0.1 0.5 0.5)
(0.2 0.5 0.5)
(0.3 0.5 0.5)
(0.4 0.5 0.5)
(0.5 0.5 0.5)
(0.6 0.5 0.5)
(0.7 0.5 0.5)
(0.800543 0.500156 0.500219)
(0.900349 0.500085 0.50013)
(1 0.5 0.5)
(-1 0.6 0.5)
(-0.900247 0.600078 0.500079)
(-0.8 0.6 0.5)
(-0.7 0.6 0.5)
(-0.6 0.6 0.5)
(-0.5 0.6 0.5)
(-0.4 0.6 0.5)
(-0.300284 0.600702 0.500433)
(-0.2 0.6 0.5)
(-0.1 0.6 0.5)
(-7.69037e-13 0.6 0.5)
(0.1 0.6 0.5)
(0.2 0.6 0.5)
(0.300284 0.600701 0.500432)
(0.4 0.6 0.5)
(0.5 0.6 0.5)
(0.6 0.6 0.5)
(0.7 0.6 0.5)
(0.8 0.6 0.5)
(0.900247 0.600079 0.500079)
(1 0.6 0.5)
(-1 0.7 0.5)
(-0.9 0.7 0.5)
(-0.8 0.7 0.5)
(-0.7 0.7 0.5)
(-0.6 0.7 0.5)
(-0.5 0.7 0.5)
(-0.4 0.7 0.5)
(-0.300199 0.700587 0.500267)
(-0.2 0.7 0.5)
(-0.1 0.7 0.5)
(-1.03704e-13 0.7 0.5)
(0.1 0.7 0.5)
(0.2 0.7 0.5)
(0.300198 0.700587 0.500267)
(0.4 0.7 0.5)
(0.5 0.7 0.5)
(0.6 0.7 0.5)
(0.7 0.7 0.5)
(0.8 0.7 0.5)
(0.9 0.7 0.5)
(1 0.7 0.5)
(-1 0.8 0.5)
(-0.9 0.8 0.5)
(-0.8 0.8 0.5)
(-0.7 0.8 0.5)
(-0.6 0.8 0.5)
(-0.5 0.8 0.5)
(-0.4 0.8 0.5)
(-0.300128 0.800416 0.500153)
(-0.200106 0.800419 0.500199)
(-0.1 0.8 0.5)
(-1.22277e-14 0.8 0.5)
(0.1 0.8 0.5)
(0.200106 0.800419 0.500199)
(0.300128 0.800415 0.500153)
(0.4 0.8 0.5)
(0.5 0.8 0.5)
(0.6 0.8 0.5)
(0.7 0.8 0.5)
(0.8 0.8 0.5)
(0.9 0.8 0.5)
(1 0.8 0.5)
(-1 0.9 0.5)
(-0.9 0.9 0.5)
(-0.8 0.9 0.5)
(-0.7 0.9 0.5)
(-0.6 0.9 0.5)
(-0.5 0.9 0.5)
(-0.4 0.9 0.5)
(-0.300063 0.900216 0.500068)
(-0.200046 0.900226 0.500071)
(-0.100039 0.900219 0.500105)
(-1.27533e-15 0.9 0.5)
(0.100039 0.900218 0.500105)
(0.200046 0.900226 0.500071)
(0.300063 0.900216 0.500068)
(0.4 0.9 0.5)
(0.5 0.9 0.5)
(0.6 0.9 0.5)
(0.7 0.9 0.5)
(0.8 0.9 0.5)
(0.9 0.9 0.5)
(1 0.9 0.5)
(-1 1 0.5)
(-0.9 1 0.5)
(-0.8 1 0.5)
(-0.7 1 0.5)
(-0.6 1 0.5)
(-0.5 1 0.5)
(-0.4 1 0.5)
(-0.3 1 0.5)
(-0.2 1 0.5)
(-0.1 1 0.5)
(-1.44453e-16 1 0.5)
(0.1 1 0.5)
(0.2 1 0.5)
(0.3 1 0.5)
(0.4 1 0.5)
(0.5 1 0.5)
(0.6 1 0.5)
(0.7 1 0.5)
(0.8 1 0.5)
(0.9 1 0.5)
(1 1 0.5)
(-1 -1 0.6)
(-0.9 -1 0.6)
(-0.8 -1 0.6)
(-0.7 -1 0.6)
(-0.6 -1 0.6)
(-0.5 -1 0.6)
(-0.4 -1 0.6)
(-0.3 -1 0.6)
(-0.2 -1 0.6)
(-0.1 -1 0.6)
(-1.02861e-17 -1 0.6)
(0.1 -1 0.6)
(0.2 -1 0.6)
(0.3 -1 0.6)
(0.4 -1 0.6)
(0.5 -1 0.6)
(0.6 -1 0.6)
(0.7 -1 0.6)
(0.8 -1 0.6)
(0.9 -1 0.6)
(1 -1 0.6)
(-1 -0.9 0.6)
(-0.9 -0.9 0.6)
(-0.8 -0.9 0.6)
(-0.7 -0.9 0.6)
(-0.6 -0.9 0.6)
(-0.5 -0.9 0.6)
(-0.40006 -0.900197 0.600061)
(-0.300044 -0.900209 0.600064)
(-0.200048 -0.900201 0.600098)
(-0.1 -0.9 0.6)
(-5.25467e-17 -0.9 0.6)
(0.1 -0.9 0.6)
(0.20004 -0.900205 0.600094)
(0.300041 -0.90021 0.600063)
(0.400038 -0.900206 0.60005)
(0.500045 -0.900194 0.600051)
(0.600057 -0.90018 0.600053)
(0.700082 -0.900158 0.600052)
(0.8 -0.9 0.6)
(0.9 -0.9 0.6)
(1 -0.9 0.6)
(-1 -0.8 0.6)
(-0.9 -0.8 0.6)
(-0.8 -0.8 0.6)
(-0.7 -0.8 0.6)
(-0.6 -0.8 0.6)
(-0.5 -0.8 0.6)
(-0.400139 -0.800368 0.600144)
(-0.300102 -0.800388 0.60017)
(-0.2 -0.8 0.6)
(-0.1 -0.8 0.6)
(-1.47856e-16 -0.8 0.6)
(0.1 -0.8 0.6)
(0.2 -0.8 0.6)
(0.30009 -0.800393 0.600163)
(0.400091 -0.800392 0.600118)
(0.500142 -0.80035 0.600132)
(0.6 -0.8 0.6)
(0.7 -0.8 0.6)
(0.8 -0.8 0.6)
(0.9 -0.8 0.6)
(1 -0.8 0.6)
(-1 -0.7 0.6)
(-0.9 -0.7 0.6)
(-0.8 -0.7 0.6)
(-0.7 -0.7 0.6)
(-0.6 -0.7 0.6)
(-0.5 -0.7 0.6)
(-0.400218 -0.700508 0.600257)
(-0.300162 -0.700534 0.600303)
(-0.2 -0.7 0.6)
(-0.1 -0.7 0.6)
(1.72133e-15 -0.7 0.6)
(0.1 -0.7 0.6)
(0.2 -0.7 0.6)
(0.300148 -0.700544 0.60029)
(0.400174 -0.700542 0.600216)
(0.5 -0.7 0.6)
(0.6 -0.7 0.6)
(0.7 -0.7 0.6)
(0.8 -0.7 0.6)
(0.9 -0.7 0.6)
(1 -0.7 0.6)
(-1 -0.6 0.6)
(-0.900231 -0.600073 0.600098)
(-0.8 -0.6 0.6)
(-0.7 -0.6 0.6)
(-0.6 -0.6 0.6)
(-0.5 -0.6 0.6)
(-0.4 -0.6 0.6)
(-0.3 -0.6 0.6)
(-0.2 -0.6 0.6)
(-0.1 -0.6 0.6)
(3.44265e-14 -0.6 0.6)
(0.1 -0.6 0.6)
(0.2 -0.6 0.6)
(0.3 -0.6 0.6)
(0.400289 -0.600606 0.6004)
(0.5 -0.6 0.6)
(0.6 -0.6 0.6)
(0.7 -0.6 0.6)
(0.8 -0.6 0.6)
(0.900231 -0.600072 0.600097)
(1 -0.6 0.6)
(-1 -0.5 0.6)
(-0.900247 -0.500034 0.600102)
(-0.80046 -0.500146 0.600218)
(-0.7 -0.5 0.6)
(-0.6 -0.5 0.6)
(-0.5 -0.5 0.6)
(-0.4 -0.5 0.6)
(-0.3 -0.5 0.6)
(-0.2 -0.5 0.6)
(-0.1 -0.5 0.6)
(3.57805e-13 -0.5 0.6)
(0.1 -0.5 0.6)
(0.2 -0.5 0.6)
(0.3 -0.5 0.6)
(0.4 -0.5 0.6)
(0.5 -0.5 0.6)
(0.6 -0.5 0.6)
(0.7 -0.5 0.6)
(0.800461 -0.500145 0.600217)
(0.900249 -0.500028 0.6001)
(1 -0.5 0.6)
(-1 -0.4 0.6)
(-0.900256 -0.400019 0.600101)
(-0.800491 -0.400074 0.60022)
(-0.7 -0.4 0.6)
(-0.600594 -0.400308 0.600478)
(-0.5 -0.4 0.6)
(-0.4 -0.4 0.6)
(-0.3 -0.4 0.6)
(-0.2 -0.4 0.6)
(-0.1 -0.4 0.6)
(2.64849e-12 -0.4 0.6)
(0.1 -0.4 0.6)
(0.2 -0.4 0.6)
(0.3 -0.4 0.6)
(0.4 -0.4 0.6)
(0.5 -0.4 0.6)
(0.600594 -0.400308 0.600478)
(0.7 -0.4 0.6)
(0.800491 -0.400073 0.600219)
(0.900257 -0.400012 0.600099)
(1 -0.4 0.6)
(-1 -0.3 0.6)
(-0.900261 -0.30001 0.600099)
(-0.800509 -0.300033 0.60021)
(-0.700709 -0.300123 0.600378)
(-0.600651 -0.300125 0.600512)
(-0.5 -0.3 0.6)
(-0.400671 -0.300247 0.600977)
(-0.300583 -0.300316 0.601082)
(-0.2 -0.3 0.6)
(-0.1 -0.3 0.6)
(7.38484e-08 -0.300366 0.601133)
(0.1 -0.3 0.6)
(0.2 -0.3 0.6)
(0.300583 -0.300316 0.601082)
(0.400672 -0.300247 0.600977)
(0.5 -0.3 0.6)
(0.600651 -0.300125 0.600512)
(0.700709 -0.300123 0.600378)
(0.800509 -0.300033 0.600211)
(0.900262 -0.300009 0.600099)
(1 -0.3 0.6)
(-1 -0.2 0.6)
(-0.900263 -0.200006 0.600099)
(-0.800514 -0.200011 0.600207)
(-0.700733 -0.200013 0.600362)
(-0.600667 -0.199978 0.600514)
(-0.500633 -0.199996 0.600643)
(-0.400685 -0.200023 0.600961)
(-0.300559 -0.200055 0.600994)
(-0.20043 -0.200081 0.60104)
(-0.100202 -0.200049 0.601073)
(5.95649e-08 -0.199997 0.601057)
(0.100202 -0.200049 0.601074)
(0.20043 -0.200081 0.60104)
(0.300559 -0.200055 0.600994)
(0.400685 -0.200023 0.600961)
(0.500633 -0.199996 0.600643)
(0.600667 -0.199978 0.600514)
(0.700733 -0.200013 0.600362)
(0.800514 -0.200011 0.600207)
(0.900263 -0.200006 0.600099)
(1 -0.2 0.6)
(-1 -0.1 0.6)
(-0.900263 -0.0999855 0.600094)
(-0.800505 -0.0999422 0.600214)
(-0.700701 -0.0998285 0.600372)
(-0.6 -0.1 0.6)
(-0.5 -0.1 0.6)
(-0.400623 -0.0997822 0.600864)
(-0.300456 -0.0998802 0.600893)
(-0.2 -0.1 0.6)
(-0.1 -0.1 0.6)
(1.27635e-11 -0.1 0.6)
(0.1 -0.1 0.6)
(0.2 -0.1 0.6)
(0.300456 -0.0998802 0.600893)
(0.400623 -0.0997822 0.600864)
(0.5 -0.1 0.6)
(0.6 -0.1 0.6)
(0.700701 -0.0998285 0.600372)
(0.800505 -0.0999422 0.600214)
(0.900263 -0.0999855 0.600094)
(1 -0.1 0.6)
(-1 4.27252e-20 0.6)
(-0.9 1.08523e-19 0.6)
(-0.8 -2.48777e-18 0.6)
(-0.7 -7.90274e-17 0.6)
(-0.6 -1.02859e-16 0.6)
(-0.5 -1.16731e-15 0.6)
(-0.4 -1.24331e-14 0.6)
(-0.3 -1.27409e-13 0.6)
(-0.2 -2.02843e-13 0.6)
(-0.1 9.13586e-15 0.6)
(2.29333e-12 -3.94386e-14 0.6)
(0.1 1.74251e-14 0.6)
(0.2 -1.9597e-13 0.6)
(0.3 -1.24642e-13 0.6)
(0.4 -1.18255e-14 0.6)
(0.5 -1.08459e-15 0.6)
(0.6 -9.89759e-17 0.6)
(0.7 -7.97388e-17 0.6)
(0.8 -2.80953e-18 0.6)
(0.9 5.54071e-20 0.6)
(1 3.39638e-20 0.6)
(-1 0.1 0.6)
(-0.900262 0.100027 0.600094)
(-0.800506 0.100062 0.600211)
(-0.700723 0.100065 0.600364)
(-0.6 0.1 0.6)
(-0.5 0.1 0.6)
(-0.400638 0.099984 0.60088)
(-0.30046 0.100025 0.600899)
(-0.2 0.1 0.6)
(-0.1 0.1 0.6)
(-6.17853e-13 0.1 0.6)
(0.1 0.1 0.6)
(0.2 0.1 0.6)
(0.30046 0.100025 0.600899)
(0.400638 0.0999839 0.60088)
(0.5 0.1 0.6)
(0.6 0.1 0.6)
(0.700724 0.100065 0.600364)
(0.800506 0.100062 0.600211)
(0.900262 0.100027 0.600094)
(1 0.1 0.6)
(-1 0.2 0.6)
(-0.900263 0.20001 0.600099)
(-0.800514 0.200024 0.600207)
(-0.700734 0.200044 0.600357)
(-0.600668 0.199999 0.600514)
(-0.500633 0.200015 0.600643)
(-0.400685 0.200045 0.600961)
(-0.300562 0.20005 0.600992)
(-0.200446 0.200015 0.601036)
(-0.100207 0.200042 0.601073)
(4.33351e-08 0.200006 0.601057)
(0.100207 0.200042 0.601073)
(0.200446 0.200015 0.601036)
(0.300562 0.20005 0.600992)
(0.400685 0.200045 0.600961)
(0.500633 0.200015 0.600643)
(0.600668 0.199999 0.600514)
(0.700734 0.200044 0.600357)
(0.800514 0.200024 0.600207)
(0.900263 0.20001 0.600099)
(1 0.2 0.6)
(-1 0.3 0.6)
(-0.900261 0.30001 0.600099)
(-0.800509 0.300034 0.60021)
(-0.700709 0.300125 0.600377)
(-0.600651 0.300125 0.600512)
(-0.5 0.3 0.6)
(-0.400674 0.300237 0.600978)
(-0.300608 0.300227 0.601091)
(-0.200532 0.300288 0.601128)
(-0.1 0.3 0.6)
(6.13267e-08 0.300346 0.601139)
(0.1 0.3 0.6)
(0.200532 0.300288 0.601128)
(0.300608 0.300227 0.601091)
(0.400674 0.300237 0.600978)
(0.5 0.3 0.6)
(0.600651 0.300125 0.600512)
(0.700709 0.300125 0.600378)
(0.800509 0.300034 0.600211)
(0.900261 0.30001 0.6001)
(1 0.3 0.6)
(-1 0.4 0.6)
(-0.900256 0.400019 0.600101)
(-0.800491 0.400074 0.60022)
(-0.7 0.4 0.6)
(-0.600594 0.400308 0.600478)
(-0.5 0.4 0.6)
(-0.4 0.4 0.6)
(-0.3 0.4 0.6)
(-0.2 0.4 0.6)
(-0.1 0.4 0.6)
(-5.58321e-12 0.4 0.6)
(0.1 0.4 0.6)
(0.2 0.4 0.6)
(0.3 0.4 0.6)
(0.4 0.4 0.6)
(0.5 0.4 0.6)
(0.600594 0.400308 0.600478)
(0.7 0.4 0.6)
(0.800491 0.400074 0.60022)
(0.900256 0.400019 0.600102)
(1 0.4 0.6)
(-1 0.5 0.6)
(-0.900247 0.500034 0.600102)
(-0.80046 0.500146 0.600218)
(-0.7 0.5 0.6)
(-0.6 0.5 0.6)
(-0.5 0.5 0.6)
(-0.4 0.5 0.6)
(-0.3 0.5 0.6)
(-0.2 0.5 0.6)
(-0.1 0.5 0.6)
(-1.25281e-12 0.5 0.6)
(0.1 0.5 0.6)
(0.2 0.5 0.6)
(0.3 0.5 0.6)
(0.4 0.5 0.6)
(0.5 0.5 0.6)
(0.6 0.5 0.6)
(0.7 0.5 0.6)
(0.80046 0.500146 0.600218)
(0.900247 0.500034 0.600102)
(1 0.5 0.6)
(-1 0.6 0.6)
(-0.900231 0.600073 0.600098)
(-0.8 0.6 0.6)
(-0.7 0.6 0.6)
(-0.6 0.6 0.6)
(-0.5 0.6 0.6)
(-0.4 0.6 0.6)
(-0.3 0.6 0.6)
(-0.2 0.6 0.6)
(-0.1 0.6 0.6)
(-2.21144e-13 0.6 0.6)
(0.1 0.6 0.6)
(0.2 0.6 0.6)
(0.3 0.6 0.6)
(0.4 0.6 0.6)
(0.5 0.6 0.6)
(0.6 0.6 0.6)
(0.7 0.6 0.6)
(0.8 0.6 0.6)
(0.900231 0.600073 0.600098)
(1 0.6 0.6)
(-1 0.7 0.6)
(-0.9 0.7 0.6)
(-0.8 0.7 0.6)
(-0.7 0.7 0.6)
(-0.6 0.7 0.6)
(-0.5 0.7 0.6)
(-0.4 0.7 0.6)
(-0.300171 0.700506 0.600343)
(-0.2 0.7 0.6)
(-0.1 0.7 0.6)
(-3.24403e-14 0.7 0.6)
(0.1 0.7 0.6)
(0.2 0.7 0.6)
(0.300171 0.700506 0.600342)
(0.4 0.7 0.6)
(0.5 0.7 0.6)
(0.6 0.7 0.6)
(0.7 0.7 0.6)
(0.8 0.7 0.6)
(0.9 0.7 0.6)
(1 0.7 0.6)
(-1 0.8 0.6)
(-0.9 0.8 0.6)
(-0.8 0.8 0.6)
(-0.7 0.8 0.6)
(-0.6 0.8 0.6)
(-0.5 0.8 0.6)
(-0.4 0.8 0.6)
(-0.30011 0.800368 0.600205)
(-0.2 0.8 0.6)
(-0.1 0.8 0.6)
(-4.05311e-15 0.8 0.6)
(0.1 0.8 0.6)
(0.2 0.8 0.6)
(0.30011 0.800368 0.600205)
(0.4 0.8 0.6)
(0.5 0.8 0.6)
(0.6 0.8 0.6)
(0.7 0.8 0.6)
(0.8 0.8 0.6)
(0.9 0.8 0.6)
(1 0.8 0.6)
(-1 0.9 0.6)
(-0.9 0.9 0.6)
(-0.8 0.9 0.6)
(-0.7 0.9 0.6)
(-0.6 0.9 0.6)
(-0.5 0.9 0.6)
(-0.4 0.9 0.6)
(-0.300052 0.9002 0.600085)
(-0.200049 0.9002 0.6001)
(-0.1 0.9 0.6)
(-4.37231e-16 0.9 0.6)
(0.1 0.9 0.6)
(0.200049 0.9002 0.6001)
(0.300052 0.9002 0.600085)
(0.4 0.9 0.6)
(0.5 0.9 0.6)
(0.6 0.9 0.6)
(0.7 0.9 0.6)
(0.8 0.9 0.6)
(0.9 0.9 0.6)
(1 0.9 0.6)
(-1 1 0.6)
(-0.9 1 0.6)
(-0.8 1 0.6)
(-0.7 1 0.6)
(-0.6 1 0.6)
(-0.5 1 0.6)
(-0.4 1 0.6)
(-0.3 1 0.6)
(-0.2 1 0.6)
(-0.1 1 0.6)
(-5.1274e-17 1 0.6)
(0.1 1 0.6)
(0.2 1 0.6)
(0.3 1 0.6)
(0.4 1 0.6)
(0.5 1 0.6)
(0.6 1 0.6)
(0.7 1 0.6)
(0.8 1 0.6)
(0.9 1 0.6)
(1 1 0.6)
(-1 -1 0.7)
(-0.9 -1 0.7)
(-0.8 -1 0.7)
(-0.7 -1 0.7)
(-0.6 -1 0.7)
(-0.5 -1 0.7)
(-0.4 -1 0.7)
(-0.3 -1 0.7)
(-0.2 -1 0.7)
(-0.1 -1 0.7)
(-3.11734e-18 -1 0.7)
(0.1 -1 0.7)
(0.2 -1 0.7)
(0.3 -1 0.7)
(0.4 -1 0.7)
(0.5 -1 0.7)
(0.6 -1 0.7)
(0.7 -1 0.7)
(0.8 -1 0.7)
(0.9 -1 0.7)
(1 -1 0.7)
(-1 -0.9 0.7)
(-0.9 -0.9 0.7)
(-0.8 -0.9 0.7)
(-0.7 -0.9 0.7)
(-0.6 -0.9 0.7)
(-0.50007 -0.900172 0.700062)
(-0.400044 -0.90019 0.700061)
(-0.300047 -0.900185 0.700088)
(-0.2 -0.9 0.7)
(-0.1 -0.9 0.7)
(-1.73972e-17 -0.9 0.7)
(0.1 -0.9 0.7)
(0.2 -0.9 0.7)
(0.300045 -0.900186 0.700088)
(0.400038 -0.900192 0.700057)
(0.500035 -0.900187 0.700046)
(0.600041 -0.900177 0.700047)
(0.700061 -0.90016 0.70005)
(0.8 -0.9 0.7)
(0.9 -0.9 0.7)
(1 -0.9 0.7)
(-1 -0.8 0.7)
(-0.9 -0.8 0.7)
(-0.8 -0.8 0.7)
(-0.7 -0.8 0.7)
(-0.6 -0.8 0.7)
(-0.500135 -0.800328 0.700135)
(-0.400096 -0.800351 0.700156)
(-0.3 -0.8 0.7)
(-0.2 -0.8 0.7)
(-0.1 -0.8 0.7)
(-7.46071e-17 -0.8 0.7)
(0.1 -0.8 0.7)
(0.2 -0.8 0.7)
(0.3 -0.8 0.7)
(0.400085 -0.800356 0.700149)
(0.500091 -0.800352 0.70011)
(0.600134 -0.800314 0.700121)
(0.7 -0.8 0.7)
(0.8 -0.8 0.7)
(0.9 -0.8 0.7)
(1 -0.8 0.7)
(-1 -0.7 0.7)
(-0.9 -0.7 0.7)
(-0.8 -0.7 0.7)
(-0.7 -0.7 0.7)
(-0.6 -0.7 0.7)
(-0.5002 -0.700452 0.70024)
(-0.400151 -0.700479 0.700277)
(-0.3 -0.7 0.7)
(-0.2 -0.7 0.7)
(-0.1 -0.7 0.7)
(1.71092e-16 -0.7 0.7)
(0.1 -0.7 0.7)
(0.2 -0.7 0.7)
(0.3 -0.7 0.7)
(0.400149 -0.700486 0.700265)
(0.500198 -0.700463 0.700219)
(0.6 -0.7 0.7)
(0.7 -0.7 0.7)
(0.8 -0.7 0.7)
(0.9 -0.7 0.7)
(1 -0.7 0.7)
(-1 -0.6 0.7)
(-0.9 -0.6 0.7)
(-0.8 -0.6 0.7)
(-0.7 -0.6 0.7)
(-0.6 -0.6 0.7)
(-0.5 -0.6 0.7)
(-0.4 -0.6 0.7)
(-0.3 -0.6 0.7)
(-0.2 -0.6 0.7)
(-0.1 -0.6 0.7)
(6.51091e-15 -0.6 0.7)
(0.1 -0.6 0.7)
(0.2 -0.6 0.7)
(0.3 -0.6 0.7)
(0.4 -0.6 0.7)
(0.5 -0.6 0.7)
(0.6 -0.6 0.7)
(0.7 -0.6 0.7)
(0.8 -0.6 0.7)
(0.9 -0.6 0.7)
(1 -0.6 0.7)
(-1 -0.5 0.7)
(-0.900224 -0.500058 0.700112)
(-0.8 -0.5 0.7)
(-0.7 -0.5 0.7)
(-0.6 -0.5 0.7)
(-0.5 -0.5 0.7)
(-0.4 -0.5 0.7)
(-0.3 -0.5 0.7)
(-0.2 -0.5 0.7)
(-0.1 -0.5 0.7)
(7.11811e-14 -0.5 0.7)
(0.1 -0.5 0.7)
(0.2 -0.5 0.7)
(0.3 -0.5 0.7)
(0.4 -0.5 0.7)
(0.5 -0.5 0.7)
(0.6 -0.5 0.7)
(0.7 -0.5 0.7)
(0.8 -0.5 0.7)
(0.900224 -0.500057 0.700112)
(1 -0.5 0.7)
(-1 -0.4 0.7)
(-0.90024 -0.400025 0.700103)
(-0.800443 -0.400127 0.700231)
(-0.7 -0.4 0.7)
(-0.6 -0.4 0.7)
(-0.5 -0.4 0.7)
(-0.4 -0.4 0.7)
(-0.3 -0.4 0.7)
(-0.2 -0.4 0.7)
(-0.1 -0.4 0.7)
(4.86928e-13 -0.4 0.7)
(0.1 -0.4 0.7)
(0.2 -0.4 0.7)
(0.3 -0.4 0.7)
(0.4 -0.4 0.7)
(0.5 -0.4 0.7)
(0.6 -0.4 0.7)
(0.7 -0.4 0.7)
(0.800443 -0.400127 0.700231)
(0.900241 -0.400025 0.700103)
(1 -0.4 0.7)
(-1 -0.3 0.7)
(-0.900247 -0.300012 0.700099)
(-0.800471 -0.300067 0.700217)
(-0.7 -0.3 0.7)
(-0.600507 -0.300166 0.700619)
(-0.500461 -0.300175 0.70072)
(-0.400443 -0.300165 0.700799)
(-0.300429 -0.300225 0.700851)
(-0.2 -0.3 0.7)
(-0.100122 -0.300233 0.700893)
(6.1038e-08 -0.30017 0.700926)
(0.100122 -0.300233 0.700893)
(0.2 -0.3 0.7)
(0.300429 -0.300225 0.700851)
(0.400443 -0.300165 0.700799)
(0.500461 -0.300175 0.70072)
(0.600507 -0.300166 0.700619)
(0.7 -0.3 0.7)
(0.800471 -0.300067 0.700217)
(0.900247 -0.300012 0.700099)
(1 -0.3 0.7)
(-1 -0.2 0.7)
(-0.900248 -0.200006 0.700099)
(-0.800481 -0.200016 0.70021)
(-0.700642 -0.200046 0.700424)
(-0.600522 -0.200026 0.700635)
(-0.500484 -0.200032 0.700733)
(-0.40047 -0.200043 0.700808)
(-0.300458 -0.200043 0.700874)
(-0.200346 -0.200033 0.700969)
(-0.100102 -0.199988 0.700936)
(5.56771e-08 -0.199967 0.700952)
(0.100103 -0.199988 0.700936)
(0.200346 -0.200033 0.700969)
(0.300458 -0.200043 0.700874)
(0.40047 -0.200043 0.700808)
(0.500484 -0.200032 0.700733)
(0.600522 -0.200026 0.700635)
(0.700642 -0.200046 0.700424)
(0.800481 -0.200016 0.70021)
(0.900249 -0.200006 0.700099)
(1 -0.2 0.7)
(-1 -0.1 0.7)
(-0.900244 -0.0999797 0.700104)
(-0.800463 -0.0999156 0.700227)
(-0.7 -0.1 0.7)
(-0.600509 -0.0998369 0.700618)
(-0.50049 -0.0998846 0.700713)
(-0.400468 -0.0999663 0.700801)
(-0.300412 -0.0999355 0.700885)
(-0.2 -0.1 0.7)
(-0.1 -0.1 0.7)
(2.14567e-12 -0.1 0.7)
(0.1 -0.1 0.7)
(0.2 -0.1 0.7)
(0.300412 -0.0999355 0.700885)
(0.400468 -0.0999663 0.7008)
(0.50049 -0.0998846 0.700713)
(0.600509 -0.0998369 0.700618)
(0.7 -0.1 0.7)
(0.800463 -0.0999156 0.700228)
(0.900244 -0.0999797 0.700104)
(1 -0.1 0.7)
(-1 3.94715e-21 0.7)
(-0.9 -1.2284e-20 0.7)
(-0.8 -9.91717e-19 0.7)
(-0.7 1.35218e-17 0.7)
(-0.6 -9.14254e-17 0.7)
(-0.5 -7.77235e-17 0.7)
(-0.400459 0.000144782 0.700767)
(-0.3 -8.38725e-15 0.7)
(-0.2 -2.89533e-14 0.7)
(-0.1 -2.61757e-13 0.7)
(4.20624e-13 -1.80866e-14 0.7)
(0.1 -2.59754e-13 0.7)
(0.2 -2.7657e-14 0.7)
(0.3 -7.92773e-15 0.7)
(0.400459 0.000144761 0.700767)
(0.5 -6.46882e-17 0.7)
(0.6 -5.34761e-17 0.7)
(0.7 -1.89443e-17 0.7)
(0.8 -1.02124e-18 0.7)
(0.9 -1.75125e-20 0.7)
(1 3.10051e-21 0.7)
(-1 0.1 0.7)
(-0.900244 0.100031 0.700103)
(-0.80047 0.100074 0.700215)
(-0.700648 0.100117 0.700393)
(-0.600538 0.100055 0.700612)
(-0.500498 0.100035 0.700715)
(-0.400468 0.100037 0.7008)
(-0.300413 0.100031 0.700886)
(-0.2 0.1 0.7)
(-0.1 0.1 0.7)
(-2.66209e-13 0.1 0.7)
(0.1 0.1 0.7)
(0.2 0.1 0.7)
(0.300413 0.10003 0.700886)
(0.400468 0.100037 0.7008)
(0.500498 0.100035 0.700715)
(0.600538 0.100055 0.700612)
(0.700648 0.100117 0.700393)
(0.800471 0.100074 0.700215)
(0.900244 0.100031 0.700103)
(1 0.1 0.7)
(-1 0.2 0.7)
(-0.900248 0.200011 0.700098)
(-0.800482 0.200037 0.700206)
(-0.700648 0.200114 0.700402)
(-0.600526 0.200057 0.70063)
(-0.500484 0.200049 0.700732)
(-0.40047 0.200047 0.700808)
(-0.300461 0.200038 0.700873)
(-0.200359 0.199984 0.700964)
(-0.100106 0.199983 0.700935)
(3.63443e-08 0.199975 0.700952)
(0.100106 0.199983 0.700935)
(0.200359 0.199984 0.700964)
(0.300461 0.200038 0.700873)
(0.40047 0.200047 0.700808)
(0.500484 0.200049 0.700732)
(0.600526 0.200057 0.70063)
(0.700648 0.200114 0.700402)
(0.800482 0.200037 0.700206)
(0.900248 0.200011 0.700098)
(1 0.2 0.7)
(-1 0.3 0.7)
(-0.900247 0.300012 0.700099)
(-0.800471 0.300068 0.700217)
(-0.7 0.3 0.7)
(-0.600507 0.300168 0.700619)
(-0.500461 0.300175 0.70072)
(-0.400444 0.300158 0.700799)
(-0.300444 0.300167 0.700856)
(-0.200375 0.300203 0.700925)
(-0.10014 0.300178 0.700903)
(4.38396e-08 0.300156 0.700928)
(0.10014 0.300178 0.700903)
(0.200375 0.300203 0.700925)
(0.300444 0.300167 0.700856)
(0.400444 0.300158 0.700799)
(0.500461 0.300175 0.70072)
(0.600507 0.300168 0.700619)
(0.7 0.3 0.7)
(0.800471 0.300068 0.700217)
(0.900247 0.300012 0.700099)
(1 0.3 0.7)
(-1 0.4 0.7)
(-0.90024 0.400025 0.700103)
(-0.800443 0.400127 0.700231)
(-0.7 0.4 0.7)
(-0.6 0.4 0.7)
(-0.5 0.4 0.7)
(-0.4 0.4 0.7)
(-0.3 0.4 0.7)
(-0.2 0.4 0.7)
(-0.1 0.4 0.7)
(-1.00118e-12 0.4 0.7)
(0.1 0.4 0.7)
(0.2 0.4 0.7)
(0.3 0.4 0.7)
(0.4 0.4 0.7)
(0.5 0.4 0.7)
(0.6 0.4 0.7)
(0.7 0.4 0.7)
(0.800443 0.400127 0.700231)
(0.900241 0.400025 0.700103)
(1 0.4 0.7)
(-1 0.5 0.7)
(-0.900224 0.500058 0.700112)
(-0.8 0.5 0.7)
(-0.7 0.5 0.7)
(-0.6 0.5 0.7)
(-0.5 0.5 0.7)
(-0.4 0.5 0.7)
(-0.3 0.5 0.7)
(-0.2 0.5 0.7)
(-0.1 0.5 0.7)
(-2.51618e-13 0.5 0.7)
(0.1 0.5 0.7)
(0.2 0.5 0.7)
(0.3 0.5 0.7)
(0.4 0.5 0.7)
(0.5 0.5 0.7)
(0.6 0.5 0.7)
(0.7 0.5 0.7)
(0.8 0.5 0.7)
(0.900224 0.500058 0.700112)
(1 0.5 0.7)
(-1 0.6 0.7)
(-0.9 0.6 0.7)
(-0.8 0.6 0.7)
(-0.7 0.6 0.7)
(-0.6 0.6 0.7)
(-0.5 0.6 0.7)
(-0.4 0.6 0.7)
(-0.3 0.6 0.7)
(-0.2 0.6 0.7)
(-0.1 0.6 0.7)
(-4.79224e-14 0.6 0.7)
(0.1 0.6 0.7)
(0.2 0.6 0.7)
(0.3 0.6 0.7)
(0.4 0.6 0.7)
(0.5 0.6 0.7)
(0.6 0.6 0.7)
(0.7 0.6 0.7)
(0.8 0.6 0.7)
(0.9 0.6 0.7)
(1 0.6 0.7)
(-1 0.7 0.7)
(-0.9 0.7 0.7)
(-0.8 0.7 0.7)
(-0.7 0.7 0.7)
(-0.6 0.7 0.7)
(-0.5 0.7 0.7)
(-0.4 0.7 0.7)
(-0.3 0.7 0.7)
(-0.2 0.7 0.7)
(-0.1 0.7 0.7)
(-7.38064e-15 0.7 0.7)
(0.1 0.7 0.7)
(0.2 0.7 0.7)
(0.3 0.7 0.7)
(0.4 0.7 0.7)
(0.5 0.7 0.7)
(0.6 0.7 0.7)
(0.7 0.7 0.7)
(0.8 0.7 0.7)
(0.9 0.7 0.7)
(1 0.7 0.7)
(-1 0.8 0.7)
(-0.9 0.8 0.7)
(-0.8 0.8 0.7)
(-0.7 0.8 0.7)
(-0.6 0.8 0.7)
(-0.5 0.8 0.7)
(-0.4 0.8 0.7)
(-0.3 0.8 0.7)
(-0.2 0.8 0.7)
(-0.1 0.8 0.7)
(-9.46905e-16 0.8 0.7)
(0.1 0.8 0.7)
(0.2 0.8 0.7)
(0.3 0.8 0.7)
(0.4 0.8 0.7)
(0.5 0.8 0.7)
(0.6 0.8 0.7)
(0.7 0.8 0.7)
(0.8 0.8 0.7)
(0.9 0.8 0.7)
(1 0.8 0.7)
(-1 0.9 0.7)
(-0.9 0.9 0.7)
(-0.8 0.9 0.7)
(-0.7 0.9 0.7)
(-0.6 0.9 0.7)
(-0.5 0.9 0.7)
(-0.4 0.9 0.7)
(-0.300052 0.900172 0.700109)
(-0.2 0.9 0.7)
(-0.1 0.9 0.7)
(-1.02843e-16 0.9 0.7)
(0.1 0.9 0.7)
(0.2 0.9 0.7)
(0.300052 0.900172 0.700109)
(0.4 0.9 0.7)
(0.5 0.9 0.7)
(0.6 0.9 0.7)
(0.7 0.9 0.7)
(0.8 0.9 0.7)
(0.9 0.9 0.7)
(1 0.9 0.7)
(-1 1 0.7)
(-0.9 1 0.7)
(-0.8 1 0.7)
(-0.7 1 0.7)
(-0.6 1 0.7)
(-0.5 1 0.7)
(-0.4 1 0.7)
(-0.3 1 0.7)
(-0.2 1 0.7)
(-0.1 1 0.7)
(-1.21767e-17 1 0.7)
(0.1 1 0.7)
(0.2 1 0.7)
(0.3 1 0.7)
(0.4 1 0.7)
(0.5 1 0.7)
(0.6 1 0.7)
(0.7 1 0.7)
(0.8 1 0.7)
(0.9 1 0.7)
(1 1 0.7)
(-1 -1 0.8)
(-0.9 -1 0.8)
(-0.8 -1 0.8)
(-0.7 -1 0.8)
(-0.6 -1 0.8)
(-0.5 -1 0.8)
(-0.4 -1 0.8)
(-0.3 -1 0.8)
(-0.2 -1 0.8)
(-0.1 -1 0.8)
(-6.56003e-19 -1 0.8)
(0.1 -1 0.8)
(0.2 -1 0.8)
(0.3 -1 0.8)
(0.4 -1 0.8)
(0.5 -1 0.8)
(0.6 -1 0.8)
(0.7 -1 0.8)
(0.8 -1 0.8)
(0.9 -1 0.8)
(1 -1 0.8)
(-1 -0.9 0.8)
(-0.9 -0.9 0.8)
(-0.8 -0.9 0.8)
(-0.7 -0.9 0.8)
(-0.6 -0.9 0.8)
(-0.500052 -0.900168 0.80006)
(-0.400044 -0.900169 0.800081)
(-0.3 -0.9 0.8)
(-0.2 -0.9 0.8)
(-0.1 -0.9 0.8)
(-3.95373e-18 -0.9 0.8)
(0.1 -0.9 0.8)
(0.2 -0.9 0.8)
(0.3 -0.9 0.8)
(0.400042 -0.90017 0.80008)
(0.500034 -0.900176 0.800049)
(0.600034 -0.90017 0.800043)
(0.700047 -0.900157 0.800046)
(0.80007 -0.90014 0.800046)
(0.9 -0.9 0.8)
(1 -0.9 0.8)
(-1 -0.8 0.8)
(-0.9 -0.8 0.8)
(-0.8 -0.8 0.8)
(-0.7 -0.8 0.8)
(-0.6 -0.8 0.8)
(-0.500103 -0.800313 0.800144)
(-0.4 -0.8 0.8)
(-0.3 -0.8 0.8)
(-0.2 -0.8 0.8)
(-0.1 -0.8 0.8)
(-2.10511e-17 -0.8 0.8)
(0.1 -0.8 0.8)
(0.2 -0.8 0.8)
(0.3 -0.8 0.8)
(0.4 -0.8 0.8)
(0.500077 -0.800329 0.800122)
(0.600095 -0.800315 0.800103)
(0.7 -0.8 0.8)
(0.8 -0.8 0.8)
(0.9 -0.8 0.8)
(1 -0.8 0.8)
(-1 -0.7 0.8)
(-0.9 -0.7 0.8)
(-0.8 -0.7 0.8)
(-0.7 -0.7 0.8)
(-0.6 -0.7 0.8)
(-0.500147 -0.700416 0.800274)
(-0.4 -0.7 0.8)
(-0.3 -0.7 0.8)
(-0.2 -0.7 0.8)
(-0.1 -0.7 0.8)
(-2.71571e-17 -0.7 0.8)
(0.1 -0.7 0.8)
(0.2 -0.7 0.8)
(0.3 -0.7 0.8)
(0.4 -0.7 0.8)
(0.500143 -0.700438 0.800239)
(0.60019 -0.700417 0.800194)
(0.7 -0.7 0.8)
(0.8 -0.7 0.8)
(0.9 -0.7 0.8)
(1 -0.7 0.8)
(-1 -0.6 0.8)
(-0.9 -0.6 0.8)
(-0.8 -0.6 0.8)
(-0.7 -0.6 0.8)
(-0.6 -0.6 0.8)
(-0.5 -0.6 0.8)
(-0.4 -0.6 0.8)
(-0.3 -0.6 0.8)
(-0.2 -0.6 0.8)
(-0.1 -0.6 0.8)
(8.3403e-16 -0.6 0.8)
(0.1 -0.6 0.8)
(0.2 -0.6 0.8)
(0.3 -0.6 0.8)
(0.4 -0.6 0.8)
(0.5 -0.6 0.8)
(0.6 -0.6 0.8)
(0.7 -0.6 0.8)
(0.8 -0.6 0.8)
(0.9 -0.6 0.8)
(1 -0.6 0.8)
(-1 -0.5 0.8)
(-0.9 -0.5 0.8)
(-0.8 -0.5 0.8)
(-0.7 -0.5 0.8)
(-0.6 -0.5 0.8)
(-0.5 -0.5 0.8)
(-0.4 -0.5 0.8)
(-0.3 -0.5 0.8)
(-0.2 -0.5 0.8)
(-0.1 -0.5 0.8)
(1.05555e-14 -0.5 0.8)
(0.1 -0.5 0.8)
(0.2 -0.5 0.8)
(0.3 -0.5 0.8)
(0.4 -0.5 0.8)
(0.5 -0.5 0.8)
(0.6 -0.5 0.8)
(0.7 -0.5 0.8)
(0.8 -0.5 0.8)
(0.9 -0.5 0.8)
(1 -0.5 0.8)
(-1 -0.4 0.8)
(-0.900217 -0.400055 0.800109)
(-0.8 -0.4 0.8)
(-0.7 -0.4 0.8)
(-0.6 -0.4 0.8)
(-0.5 -0.4 0.8)
(-0.4 -0.4 0.8)
(-0.3 -0.4 0.8)
(-0.2 -0.4 0.8)
(-0.10007 -0.400181 0.800574)
(-2.75665e-07 -0.400159 0.80059)
(0.100068 -0.400183 0.800574)
(0.2 -0.4 0.8)
(0.3 -0.4 0.8)
(0.4 -0.4 0.8)
(0.5 -0.4 0.8)
(0.6 -0.4 0.8)
(0.7 -0.4 0.8)
(0.8 -0.4 0.8)
(0.900217 -0.400055 0.800109)
(1 -0.4 0.8)
(-1 -0.3 0.8)
(-0.900231 -0.300023 0.800099)
(-0.800421 -0.300108 0.800234)
(-0.7 -0.3 0.8)
(-0.600296 -0.300123 0.800459)
(-0.500283 -0.300102 0.800513)
(-0.400291 -0.300104 0.800548)
(-0.30028 -0.300136 0.800581)
(-0.2 -0.3 0.8)
(-0.100043 -0.300071 0.800617)
(3.97379e-08 -0.300037 0.800628)
(0.100043 -0.300071 0.800617)
(0.2 -0.3 0.8)
(0.30028 -0.300136 0.800581)
(0.400291 -0.300104 0.800548)
(0.500283 -0.300102 0.800513)
(0.600296 -0.300123 0.800459)
(0.7 -0.3 0.8)
(0.800422 -0.300108 0.800234)
(0.900231 -0.300023 0.800099)
(1 -0.3 0.8)
(-1 -0.2 0.8)
(-0.900234 -0.200007 0.800096)
(-0.800441 -0.200032 0.800224)
(-0.7 -0.2 0.8)
(-0.600311 -0.200048 0.800467)
(-0.500299 -0.200033 0.800518)
(-0.400307 -0.20003 0.800553)
(-0.300294 -0.200011 0.800596)
(-0.2 -0.2 0.8)
(-0.100038 -0.199961 0.800626)
(3.70826e-08 -0.199964 0.800634)
(0.100038 -0.199961 0.800626)
(0.2 -0.2 0.8)
(0.300294 -0.200011 0.800596)
(0.400307 -0.20003 0.800553)
(0.500299 -0.200033 0.800518)
(0.600311 -0.200048 0.800467)
(0.7 -0.2 0.8)
(0.800442 -0.200032 0.800224)
(0.900234 -0.200007 0.800096)
(1 -0.2 0.8)
(-1 -0.1 0.8)
(-0.900229 -0.0999743 0.800104)
(-0.800422 -0.0999046 0.800238)
(-0.7 -0.1 0.8)
(-0.600309 -0.0999652 0.800465)
(-0.5003 -0.100001 0.800513)
(-0.400303 -0.100011 0.800551)
(-0.300269 -0.0999566 0.8006)
(-0.2 -0.1 0.8)
(-0.1 -0.1 0.8)
(3.10822e-13 -0.1 0.8)
(0.1 -0.1 0.8)
(0.2 -0.1 0.8)
(0.300269 -0.0999566 0.8006)
(0.400303 -0.100011 0.800551)
(0.500301 -0.100001 0.800513)
(0.600309 -0.0999652 0.800465)
(0.7 -0.1 0.8)
(0.800422 -0.0999046 0.800238)
(0.900229 -0.0999743 0.800104)
(1 -0.1 0.8)
(-1 3.8083e-22 0.8)
(-0.9 -9.92301e-22 0.8)
(-0.8 -1.04467e-19 0.8)
(-0.7 -1.2979e-19 0.8)
(-0.600311 8.03083e-05 0.800447)
(-0.500303 3.87633e-05 0.800497)
(-0.400288 2.89011e-05 0.800543)
(-0.3 -4.23376e-16 0.8)
(-0.2 -2.4608e-15 0.8)
(-0.1 -1.76832e-14 0.8)
(6.21e-14 -3.95041e-16 0.8)
(0.1 -1.73782e-14 0.8)
(0.2 -2.26823e-15 0.8)
(0.3 -3.5986e-16 0.8)
(0.400288 2.89065e-05 0.800543)
(0.500303 3.87644e-05 0.800497)
(0.600311 8.02974e-05 0.800447)
(0.7 -1.37583e-19 0.8)
(0.8 -1.06862e-19 0.8)
(0.9 -1.41158e-21 0.8)
(1 3.1663e-22 0.8)
(-1 0.1 0.8)
(-0.900229 0.100031 0.800101)
(-0.800436 0.100076 0.800219)
(-0.700409 0.100089 0.800316)
(-0.600324 0.100038 0.800455)
(-0.500303 0.100022 0.800512)
(-0.400303 0.10002 0.800551)
(-0.300269 0.100016 0.800602)
(-0.2 0.1 0.8)
(-0.1 0.1 0.8)
(-5.99484e-14 0.1 0.8)
(0.1 0.1 0.8)
(0.2 0.1 0.8)
(0.300269 0.100016 0.800602)
(0.400303 0.10002 0.800551)
(0.500303 0.100022 0.800512)
(0.600324 0.100038 0.800455)
(0.700409 0.100089 0.800316)
(0.800436 0.100076 0.80022)
(0.900229 0.100031 0.800101)
(1 0.1 0.8)
(-1 0.2 0.8)
(-0.900234 0.200013 0.800095)
(-0.800442 0.200058 0.800216)
(-0.7 0.2 0.8)
(-0.600314 0.200059 0.800464)
(-0.500299 0.200034 0.800518)
(-0.400307 0.20003 0.800553)
(-0.300294 0.200016 0.800596)
(-0.2 0.2 0.8)
(-0.100038 0.199966 0.800627)
(2.29889e-08 0.199971 0.800634)
(0.100038 0.199966 0.800627)
(0.2 0.2 0.8)
(0.300294 0.200016 0.800596)
(0.400307 0.20003 0.800553)
(0.500299 0.200034 0.800518)
(0.600314 0.200059 0.800464)
(0.7 0.2 0.8)
(0.800442 0.200058 0.800216)
(0.900234 0.200013 0.800095)
(1 0.2 0.8)
(-1 0.3 0.8)
(-0.900231 0.300023 0.800099)
(-0.800421 0.300109 0.800233)
(-0.7 0.3 0.8)
(-0.600296 0.300124 0.800459)
(-0.500283 0.300102 0.800513)
(-0.400291 0.300104 0.800548)
(-0.300283 0.300127 0.800582)
(-0.2 0.3 0.8)
(-0.100046 0.300062 0.800618)
(2.38511e-08 0.300036 0.800628)
(0.100047 0.300062 0.800618)
(0.2 0.3 0.8)
(0.300283 0.300127 0.800582)
(0.400291 0.300104 0.800548)
(0.500283 0.300102 0.800513)
(0.600296 0.300124 0.800459)
(0.7 0.3 0.8)
(0.800422 0.300109 0.800233)
(0.900231 0.300023 0.800099)
(1 0.3 0.8)
(-1 0.4 0.8)
(-0.900217 0.400055 0.800109)
(-0.8 0.4 0.8)
(-0.7 0.4 0.8)
(-0.6 0.4 0.8)
(-0.5 0.4 0.8)
(-0.4 0.4 0.8)
(-0.3 0.4 0.8)
(-0.2 0.4 0.8)
(-0.100071 0.40018 0.800574)
(3.38608e-08 0.400158 0.800591)
(0.100071 0.40018 0.800574)
(0.2 0.4 0.8)
(0.3 0.4 0.8)
(0.4 0.4 0.8)
(0.5 0.4 0.8)
(0.6 0.4 0.8)
(0.7 0.4 0.8)
(0.8 0.4 0.8)
(0.900217 0.400055 0.800109)
(1 0.4 0.8)
(-1 0.5 0.8)
(-0.9 0.5 0.8)
(-0.8 0.5 0.8)
(-0.7 0.5 0.8)
(-0.6 0.5 0.8)
(-0.5 0.5 0.8)
(-0.4 0.5 0.8)
(-0.3 0.5 0.8)
(-0.2 0.5 0.8)
(-0.1 0.5 0.8)
(-4.19027e-14 0.5 0.8)
(0.1 0.5 0.8)
(0.2 0.5 0.8)
(0.3 0.5 0.8)
(0.4 0.5 0.8)
(0.5 0.5 0.8)
(0.6 0.5 0.8)
(0.7 0.5 0.8)
(0.8 0.5 0.8)
(0.9 0.5 0.8)
(1 0.5 0.8)
(-1 0.6 0.8)
(-0.9 0.6 0.8)
(-0.8 0.6 0.8)
(-0.7 0.6 0.8)
(-0.6 0.6 0.8)
(-0.5 0.6 0.8)
(-0.4 0.6 0.8)
(-0.3 0.6 0.8)
(-0.2 0.6 0.8)
(-0.1 0.6 0.8)
(-8.37257e-15 0.6 0.8)
(0.1 0.6 0.8)
(0.2 0.6 0.8)
(0.3 0.6 0.8)
(0.4 0.6 0.8)
(0.5 0.6 0.8)
(0.6 0.6 0.8)
(0.7 0.6 0.8)
(0.8 0.6 0.8)
(0.9 0.6 0.8)
(1 0.6 0.8)
(-1 0.7 0.8)
(-0.9 0.7 0.8)
(-0.8 0.7 0.8)
(-0.7 0.7 0.8)
(-0.6 0.7 0.8)
(-0.5 0.7 0.8)
(-0.4 0.7 0.8)
(-0.3 0.7 0.8)
(-0.2 0.7 0.8)
(-0.1 0.7 0.8)
(-1.32185e-15 0.7 0.8)
(0.1 0.7 0.8)
(0.2 0.7 0.8)
(0.3 0.7 0.8)
(0.4 0.7 0.8)
(0.5 0.7 0.8)
(0.6 0.7 0.8)
(0.7 0.7 0.8)
(0.8 0.7 0.8)
(0.9 0.7 0.8)
(1 0.7 0.8)
(-1 0.8 0.8)
(-0.9 0.8 0.8)
(-0.8 0.8 0.8)
(-0.7 0.8 0.8)
(-0.6 0.8 0.8)
(-0.5 0.8 0.8)
(-0.4 0.8 0.8)
(-0.3 0.8 0.8)
(-0.2 0.8 0.8)
(-0.1 0.8 0.8)
(-1.70458e-16 0.8 0.8)
(0.1 0.8 0.8)
(0.2 0.8 0.8)
(0.3 0.8 0.8)
(0.4 0.8 0.8)
(0.5 0.8 0.8)
(0.6 0.8 0.8)
(0.7 0.8 0.8)
(0.8 0.8 0.8)
(0.9 0.8 0.8)
(1 0.8 0.8)
(-1 0.9 0.8)
(-0.9 0.9 0.8)
(-0.8 0.9 0.8)
(-0.7 0.9 0.8)
(-0.6 0.9 0.8)
(-0.5 0.9 0.8)
(-0.4 0.9 0.8)
(-0.3 0.9 0.8)
(-0.2 0.9 0.8)
(-0.1 0.9 0.8)
(-1.82803e-17 0.9 0.8)
(0.1 0.9 0.8)
(0.2 0.9 0.8)
(0.3 0.9 0.8)
(0.4 0.9 0.8)
(0.5 0.9 0.8)
(0.6 0.9 0.8)
(0.7 0.9 0.8)
(0.8 0.9 0.8)
(0.9 0.9 0.8)
(1 0.9 0.8)
(-1 1 0.8)
(-0.9 1 0.8)
(-0.8 1 0.8)
(-0.7 1 0.8)
(-0.6 1 0.8)
(-0.5 1 0.8)
(-0.4 1 0.8)
(-0.3 1 0.8)
(-0.2 1 0.8)
(-0.1 1 0.8)
(-2.14649e-18 1 0.8)
(0.1 1 0.8)
(0.2 1 0.8)
(0.3 1 0.8)
(0.4 1 0.8)
(0.5 1 0.8)
(0.6 1 0.8)
(0.7 1 0.8)
(0.8 1 0.8)
(0.9 1 0.8)
(1 1 0.8)
(-1 -1 0.9)
(-0.9 -1 0.9)
(-0.8 -1 0.9)
(-0.7 -1 0.9)
(-0.6 -1 0.9)
(-0.5 -1 0.9)
(-0.4 -1 0.9)
(-0.3 -1 0.9)
(-0.2 -1 0.9)
(-0.1 -1 0.9)
(-1.05511e-19 -1 0.9)
(0.1 -1 0.9)
(0.2 -1 0.9)
(0.3 -1 0.9)
(0.4 -1 0.9)
(0.5 -1 0.9)
(0.6 -1 0.9)
(0.7 -1 0.9)
(0.8 -1 0.9)
(0.9 -1 0.9)
(1 -1 0.9)
(-1 -0.9 0.9)
(-0.9 -0.9 0.9)
(-0.8 -0.9 0.9)
(-0.7 -0.9 0.9)
(-0.600058 -0.900147 0.900061)
(-0.50004 -0.90016 0.900061)
(-0.4 -0.9 0.9)
(-0.3 -0.9 0.9)
(-0.2 -0.9 0.9)
(-0.1 -0.9 0.9)
(-6.88918e-19 -0.9 0.9)
(0.1 -0.9 0.9)
(0.2 -0.9 0.9)
(0.3 -0.9 0.9)
(0.4 -0.9 0.9)
(0.500035 -0.900162 0.900058)
(0.60003 -0.900162 0.900041)
(0.700035 -0.900154 0.900041)
(0.800051 -0.90014 0.900045)
(0.9 -0.9 0.9)
(1 -0.9 0.9)
(-1 -0.8 0.9)
(-0.9 -0.8 0.9)
(-0.8 -0.8 0.9)
(-0.7 -0.8 0.9)
(-0.600113 -0.80027 0.900146)
(-0.500085 -0.800288 0.900158)
(-0.4 -0.8 0.9)
(-0.3 -0.8 0.9)
(-0.2 -0.8 0.9)
(-0.1 -0.8 0.9)
(-4.30687e-18 -0.8 0.9)
(0.1 -0.8 0.9)
(0.2 -0.8 0.9)
(0.3 -0.8 0.9)
(0.4 -0.8 0.9)
(0.500077 -0.800296 0.900147)
(0.600072 -0.800305 0.900095)
(0.700111 -0.800274 0.900106)
(0.8 -0.8 0.9)
(0.9 -0.8 0.9)
(1 -0.8 0.9)
(-1 -0.7 0.9)
(-0.9 -0.7 0.9)
(-0.8 -0.7 0.9)
(-0.7 -0.7 0.9)
(-0.6 -0.7 0.9)
(-0.5 -0.7 0.9)
(-0.4 -0.7 0.9)
(-0.3 -0.7 0.9)
(-0.2 -0.7 0.9)
(-0.1 -0.7 0.9)
(-1.35962e-17 -0.7 0.9)
(0.1 -0.7 0.9)
(0.2 -0.7 0.9)
(0.3 -0.7 0.9)
(0.4 -0.7 0.9)
(0.5 -0.7 0.9)
(0.600138 -0.700412 0.900185)
(0.7 -0.7 0.9)
(0.8 -0.7 0.9)
(0.9 -0.7 0.9)
(1 -0.7 0.9)
(-1 -0.6 0.9)
(-0.9 -0.6 0.9)
(-0.8 -0.6 0.9)
(-0.7 -0.6 0.9)
(-0.6 -0.6 0.9)
(-0.5 -0.6 0.9)
(-0.4 -0.6 0.9)
(-0.3 -0.6 0.9)
(-0.2 -0.6 0.9)
(-0.1 -0.6 0.9)
(6.38013e-17 -0.6 0.9)
(0.1 -0.6 0.9)
(0.2 -0.6 0.9)
(0.3 -0.6 0.9)
(0.4 -0.6 0.9)
(0.5 -0.6 0.9)
(0.600169 -0.600376 0.900259)
(0.7 -0.6 0.9)
(0.8 -0.6 0.9)
(0.9 -0.6 0.9)
(1 -0.6 0.9)
(-1 -0.5 0.9)
(-0.9 -0.5 0.9)
(-0.8 -0.5 0.9)
(-0.7 -0.5 0.9)
(-0.6 -0.5 0.9)
(-0.5 -0.5 0.9)
(-0.4 -0.5 0.9)
(-0.3 -0.5 0.9)
(-0.2 -0.5 0.9)
(-0.100036 -0.500094 0.900276)
(-2.71628e-06 -0.500086 0.900283)
(0.100024 -0.500102 0.900274)
(0.2 -0.5 0.9)
(0.3 -0.5 0.9)
(0.4 -0.5 0.9)
(0.5 -0.5 0.9)
(0.6 -0.5 0.9)
(0.7 -0.5 0.9)
(0.8 -0.5 0.9)
(0.9 -0.5 0.9)
(1 -0.5 0.9)
(-1 -0.4 0.9)
(-0.9 -0.4 0.9)
(-0.8 -0.4 0.9)
(-0.7 -0.4 0.9)
(-0.6 -0.4 0.9)
(-0.5 -0.4 0.9)
(-0.4 -0.4 0.9)
(-0.3 -0.4 0.9)
(-0.2 -0.4 0.9)
(-0.100018 -0.400043 0.900301)
(-1.42053e-07 -0.400024 0.900306)
(0.100017 -0.400044 0.900301)
(0.2 -0.4 0.9)
(0.3 -0.4 0.9)
(0.4 -0.4 0.9)
(0.5 -0.4 0.9)
(0.6 -0.4 0.9)
(0.7 -0.4 0.9)
(0.8 -0.4 0.9)
(0.9 -0.4 0.9)
(1 -0.4 0.9)
(-1 -0.3 0.9)
(-0.900207 -0.300046 0.900109)
(-0.8 -0.3 0.9)
(-0.700152 -0.300069 0.900212)
(-0.600137 -0.300051 0.900246)
(-0.500141 -0.300049 0.900264)
(-0.400146 -0.300051 0.900279)
(-0.300133 -0.300053 0.9003)
(-0.200055 -0.300039 0.900297)
(-0.10001 -0.30001 0.900312)
(1.95787e-08 -0.300003 0.900315)
(0.10001 -0.30001 0.900312)
(0.200055 -0.300039 0.900297)
(0.300133 -0.300053 0.9003)
(0.400146 -0.300051 0.900279)
(0.500141 -0.300049 0.900264)
(0.600137 -0.300052 0.900246)
(0.700152 -0.300069 0.900212)
(0.8 -0.3 0.9)
(0.900207 -0.300046 0.900109)
(1 -0.3 0.9)
(-1 -0.2 0.9)
(-0.900217 -0.200006 0.900102)
(-0.800205 -0.200009 0.90015)
(-0.700165 -0.200023 0.900214)
(-0.600145 -0.200018 0.900248)
(-0.500149 -0.200016 0.900265)
(-0.400155 -0.200015 0.900281)
(-0.300141 -0.200001 0.900304)
(-0.2 -0.2 0.9)
(-0.100011 -0.199978 0.900314)
(1.87292e-08 -0.199983 0.900317)
(0.100011 -0.199978 0.900314)
(0.2 -0.2 0.9)
(0.300141 -0.200001 0.900304)
(0.400155 -0.200015 0.900281)
(0.500149 -0.200016 0.900265)
(0.600145 -0.200018 0.900248)
(0.700165 -0.200023 0.900214)
(0.800205 -0.200009 0.90015)
(0.900217 -0.200006 0.900102)
(1 -0.2 0.9)
(-1 -0.1 0.9)
(-0.900208 -0.0999577 0.90011)
(-0.8 -0.1 0.9)
(-0.700159 -0.0999741 0.900216)
(-0.600144 -0.100004 0.900247)
(-0.500149 -0.100011 0.900264)
(-0.400152 -0.100007 0.90028)
(-0.300128 -0.0999795 0.900306)
(-0.2 -0.1 0.9)
(-0.1 -0.1 0.9)
(3.94644e-14 -0.1 0.9)
(0.1 -0.1 0.9)
(0.2 -0.1 0.9)
(0.300128 -0.0999795 0.900306)
(0.400152 -0.100007 0.90028)
(0.500149 -0.100011 0.900264)
(0.600144 -0.100004 0.900247)
(0.700159 -0.0999741 0.900216)
(0.8 -0.1 0.9)
(0.900208 -0.0999577 0.90011)
(1 -0.1 0.9)
(-1 1.87297e-23 0.9)
(-0.9 -4.13388e-22 0.9)
(-0.8 -3.40446e-21 0.9)
(-0.700155 3.86914e-05 0.900213)
(-0.600143 3.68861e-06 0.900243)
(-0.500146 -2.63958e-06 0.900259)
(-0.400142 7.48142e-06 0.900278)
(-0.3 1.16333e-17 0.9)
(-0.2 -1.31319e-16 0.9)
(-0.1 -9.53136e-16 0.9)
(7.64688e-15 2.41465e-16 0.9)
(0.1 -9.14811e-16 0.9)
(0.2 -1.0777e-16 0.9)
(0.3 4.7862e-19 0.9)
(0.400143 7.48615e-06 0.900278)
(0.500146 -2.63302e-06 0.900259)
(0.600143 3.69316e-06 0.900243)
(0.700155 3.86861e-05 0.900213)
(0.8 -3.59132e-21 0.9)
(0.9 -4.371e-22 0.9)
(1 1.50552e-23 0.9)
(-1 0.1 0.9)
(-0.900214 0.100031 0.900102)
(-0.800205 0.100032 0.900144)
(-0.70017 0.10002 0.900208)
(-0.600147 0.100009 0.900245)
(-0.500149 0.100008 0.900264)
(-0.400152 0.10001 0.90028)
(-0.300128 0.10001 0.900307)
(-0.2 0.1 0.9)
(-0.1 0.1 0.9)
(-1.03732e-14 0.1 0.9)
(0.1 0.1 0.9)
(0.2 0.1 0.9)
(0.300128 0.10001 0.900307)
(0.400152 0.10001 0.90028)
(0.500149 0.100008 0.900264)
(0.600147 0.100009 0.900245)
(0.70017 0.10002 0.900208)
(0.800205 0.100032 0.900145)
(0.900214 0.100031 0.900102)
(1 0.1 0.9)
(-1 0.2 0.9)
(-0.900218 0.200018 0.900099)
(-0.800207 0.200028 0.900144)
(-0.700167 0.200032 0.900211)
(-0.600146 0.200018 0.900247)
(-0.500149 0.200015 0.900265)
(-0.400155 0.200015 0.900281)
(-0.300141 0.200005 0.900304)
(-0.2 0.2 0.9)
(-0.100011 0.199981 0.900314)
(1.12987e-08 0.199987 0.900317)
(0.100011 0.199981 0.900314)
(0.2 0.2 0.9)
(0.300141 0.200005 0.900304)
(0.400155 0.200015 0.900281)
(0.500149 0.200015 0.900265)
(0.600146 0.200018 0.900247)
(0.700167 0.200032 0.900211)
(0.800207 0.200028 0.900144)
(0.900218 0.200018 0.900099)
(1 0.2 0.9)
(-1 0.3 0.9)
(-0.900207 0.300047 0.900109)
(-0.8 0.3 0.9)
(-0.700152 0.300069 0.900212)
(-0.600137 0.300051 0.900246)
(-0.500141 0.300049 0.900264)
(-0.400146 0.300051 0.900279)
(-0.300133 0.300052 0.9003)
(-0.200055 0.300037 0.900298)
(-0.10001 0.30001 0.900312)
(1.07528e-08 0.300003 0.900315)
(0.10001 0.30001 0.900312)
(0.200055 0.300037 0.900298)
(0.300133 0.300052 0.9003)
(0.400146 0.300051 0.900279)
(0.500141 0.300049 0.900264)
(0.600137 0.300051 0.900246)
(0.700152 0.300069 0.900212)
(0.8 0.3 0.9)
(0.900207 0.300047 0.900109)
(1 0.3 0.9)
(-1 0.4 0.9)
(-0.9 0.4 0.9)
(-0.8 0.4 0.9)
(-0.7 0.4 0.9)
(-0.6 0.4 0.9)
(-0.5 0.4 0.9)
(-0.4 0.4 0.9)
(-0.3 0.4 0.9)
(-0.2 0.4 0.9)
(-0.100018 0.400043 0.900301)
(1.20479e-08 0.400024 0.900306)
(0.100018 0.400043 0.900301)
(0.2 0.4 0.9)
(0.3 0.4 0.9)
(0.4 0.4 0.9)
(0.5 0.4 0.9)
(0.6 0.4 0.9)
(0.7 0.4 0.9)
(0.8 0.4 0.9)
(0.9 0.4 0.9)
(1 0.4 0.9)
(-1 0.5 0.9)
(-0.9 0.5 0.9)
(-0.8 0.5 0.9)
(-0.7 0.5 0.9)
(-0.6 0.5 0.9)
(-0.5 0.5 0.9)
(-0.4 0.5 0.9)
(-0.3 0.5 0.9)
(-0.2 0.5 0.9)
(-0.100036 0.500094 0.900276)
(1.71303e-08 0.500084 0.900284)
(0.100036 0.500094 0.900276)
(0.2 0.5 0.9)
(0.3 0.5 0.9)
(0.4 0.5 0.9)
(0.5 0.5 0.9)
(0.6 0.5 0.9)
(0.7 0.5 0.9)
(0.8 0.5 0.9)
(0.9 0.5 0.9)
(1 0.5 0.9)
(-1 0.6 0.9)
(-0.9 0.6 0.9)
(-0.8 0.6 0.9)
(-0.7 0.6 0.9)
(-0.6 0.6 0.9)
(-0.5 0.6 0.9)
(-0.4 0.6 0.9)
(-0.3 0.6 0.9)
(-0.2 0.6 0.9)
(-0.1 0.6 0.9)
(-1.22096e-15 0.6 0.9)
(0.1 0.6 0.9)
(0.2 0.6 0.9)
(0.3 0.6 0.9)
(0.4 0.6 0.9)
(0.5 0.6 0.9)
(0.6 0.6 0.9)
(0.7 0.6 0.9)
(0.8 0.6 0.9)
(0.9 0.6 0.9)
(1 0.6 0.9)
(-1 0.7 0.9)
(-0.9 0.7 0.9)
(-0.8 0.7 0.9)
(-0.7 0.7 0.9)
(-0.6 0.7 0.9)
(-0.5 0.7 0.9)
(-0.4 0.7 0.9)
(-0.3 0.7 0.9)
(-0.2 0.7 0.9)
(-0.1 0.7 0.9)
(-1.9361e-16 0.7 0.9)
(0.1 0.7 0.9)
(0.2 0.7 0.9)
(0.3 0.7 0.9)
(0.4 0.7 0.9)
(0.5 0.7 0.9)
(0.6 0.7 0.9)
(0.7 0.7 0.9)
(0.8 0.7 0.9)
(0.9 0.7 0.9)
(1 0.7 0.9)
(-1 0.8 0.9)
(-0.9 0.8 0.9)
(-0.8 0.8 0.9)
(-0.7 0.8 0.9)
(-0.6 0.8 0.9)
(-0.5 0.8 0.9)
(-0.4 0.8 0.9)
(-0.3 0.8 0.9)
(-0.2 0.8 0.9)
(-0.1 0.8 0.9)
(-2.46357e-17 0.8 0.9)
(0.1 0.8 0.9)
(0.2 0.8 0.9)
(0.3 0.8 0.9)
(0.4 0.8 0.9)
(0.5 0.8 0.9)
(0.6 0.8 0.9)
(0.7 0.8 0.9)
(0.8 0.8 0.9)
(0.9 0.8 0.9)
(1 0.8 0.9)
(-1 0.9 0.9)
(-0.9 0.9 0.9)
(-0.8 0.9 0.9)
(-0.7 0.9 0.9)
(-0.6 0.9 0.9)
(-0.5 0.9 0.9)
(-0.4 0.9 0.9)
(-0.3 0.9 0.9)
(-0.2 0.9 0.9)
(-0.1 0.9 0.9)
(-2.56308e-18 0.9 0.9)
(0.1 0.9 0.9)
(0.2 0.9 0.9)
(0.3 0.9 0.9)
(0.4 0.9 0.9)
(0.5 0.9 0.9)
(0.6 0.9 0.9)
(0.7 0.9 0.9)
(0.8 0.9 0.9)
(0.9 0.9 0.9)
(1 0.9 0.9)
(-1 1 0.9)
(-0.9 1 0.9)
(-0.8 1 0.9)
(-0.7 1 0.9)
(-0.6 1 0.9)
(-0.5 1 0.9)
(-0.4 1 0.9)
(-0.3 1 0.9)
(-0.2 1 0.9)
(-0.1 1 0.9)
(-2.93555e-19 1 0.9)
(0.1 1 0.9)
(0.2 1 0.9)
(0.3 1 0.9)
(0.4 1 0.9)
(0.5 1 0.9)
(0.6 1 0.9)
(0.7 1 0.9)
(0.8 1 0.9)
(0.9 1 0.9)
(1 1 0.9)
(-1 -1 1)
(-0.9 -1 1)
(-0.8 -1 1)
(-0.7 -1 1)
(-0.60004 -1.00004 0.99996)
(-0.500034 -1.00004 0.999957)
(-0.4 -1 1)
(-0.3 -1 1)
(-0.2 -1 1)
(-0.1 -1 1)
(-1.98322e-20 -1 1)
(0.1 -1 1)
(0.2 -1 1)
(0.3 -1 1)
(0.4 -1 1)
(0.500032 -1.00004 0.999955)
(0.600027 -1.00005 0.999945)
(0.700026 -1.00005 0.999946)
(0.800029 -1.00005 0.999949)
(0.900048 -1.00004 0.99996)
(1 -1 1)
(-1 -0.9 1)
(-0.9 -0.9 1)
(-0.8 -0.9 1)
(-0.7 -0.9 1)
(-0.600055 -0.900196 1)
(-0.500051 -0.9002 1)
(-0.4 -0.9 1)
(-0.3 -0.9 1)
(-0.2 -0.9 1)
(-0.1 -0.9 1)
(-1.33892e-19 -0.9 1)
(0.1 -0.9 1)
(0.2 -0.9 1)
(0.3 -0.9 1)
(0.4 -0.9 1)
(0.500049 -0.900202 1)
(0.60004 -0.900209 1)
(0.700039 -0.900203 1)
(0.800051 -0.90019 1)
(0.900084 -0.900164 1)
(1 -0.9 1)
(-1 -0.8 1)
(-0.9 -0.8 1)
(-0.8 -0.8 1)
(-0.7 -0.8 1)
(-0.600091 -0.800281 1)
(-0.5 -0.8 1)
(-0.4 -0.8 1)
(-0.3 -0.8 1)
(-0.2 -0.8 1)
(-0.1 -0.8 1)
(-9.18317e-19 -0.8 1)
(0.1 -0.8 1)
(0.2 -0.8 1)
(0.3 -0.8 1)
(0.4 -0.8 1)
(0.5 -0.8 1)
(0.60007 -0.800315 1)
(0.700081 -0.800304 1)
(0.800124 -0.800266 1)
(0.9 -0.8 1)
(1 -0.8 1)
(-1 -0.7 1)
(-0.9 -0.7 1)
(-0.8 -0.7 1)
(-0.7 -0.7 1)
(-0.6 -0.7 1)
(-0.5 -0.7 1)
(-0.4 -0.7 1)
(-0.3 -0.7 1)
(-0.2 -0.7 1)
(-0.1 -0.7 1)
(-3.82484e-18 -0.7 1)
(0.1 -0.7 1)
(0.2 -0.7 1)
(0.3 -0.7 1)
(0.4 -0.7 1)
(0.5 -0.7 1)
(0.600115 -0.700406 1)
(0.700152 -0.700386 1)
(0.8 -0.7 1)
(0.9 -0.7 1)
(1 -0.7 1)
(-1 -0.6 1)
(-0.9 -0.6 1)
(-0.8 -0.6 1)
(-0.7 -0.6 1)
(-0.6 -0.6 1)
(-0.5 -0.6 1)
(-0.4 -0.6 1)
(-0.3 -0.6 1)
(-0.2 -0.6 1)
(-0.1 -0.6 1)
(8.61952e-19 -0.6 1)
(0.1 -0.6 1)
(0.2 -0.6 1)
(0.3 -0.6 1)
(0.4 -0.6 1)
(0.5 -0.6 1)
(0.6 -0.6 1)
(0.700121 -0.600271 1)
(0.8 -0.6 1)
(0.9 -0.6 1)
(1 -0.6 1)
(-1 -0.5 1)
(-0.9 -0.5 1)
(-0.8 -0.5 1)
(-0.7 -0.5 1)
(-0.6 -0.5 1)
(-0.5 -0.5 1)
(-0.4 -0.5 1)
(-0.3 -0.5 1)
(-0.2 -0.5 1)
(-0.1 -0.5 1)
(1.50921e-16 -0.5 1)
(0.1 -0.5 1)
(0.2 -0.5 1)
(0.3 -0.5 1)
(0.4 -0.5 1)
(0.5 -0.5 1)
(0.6 -0.5 1)
(0.7 -0.5 1)
(0.8 -0.5 1)
(0.9 -0.5 1)
(1 -0.5 1)
(-1 -0.4 1)
(-0.9 -0.4 1)
(-0.8 -0.4 1)
(-0.7 -0.4 1)
(-0.6 -0.4 1)
(-0.5 -0.4 1)
(-0.4 -0.4 1)
(-0.3 -0.4 1)
(-0.2 -0.4 1)
(-0.1 -0.4 1)
(1.20798e-15 -0.4 1)
(0.1 -0.4 1)
(0.2 -0.4 1)
(0.3 -0.4 1)
(0.4 -0.4 1)
(0.5 -0.4 1)
(0.6 -0.4 1)
(0.7 -0.4 1)
(0.8 -0.4 1)
(0.9 -0.4 1)
(1 -0.4 1)
(-1 -0.3 1)
(-0.9 -0.3 1)
(-0.8 -0.3 1)
(-0.7 -0.3 1)
(-0.6 -0.3 1)
(-0.5 -0.3 1)
(-0.4 -0.3 1)
(-0.3 -0.3 1)
(-0.2 -0.3 1)
(-0.1 -0.3 1)
(5.06852e-15 -0.3 1)
(0.1 -0.3 1)
(0.2 -0.3 1)
(0.3 -0.3 1)
(0.4 -0.3 1)
(0.5 -0.3 1)
(0.6 -0.3 1)
(0.7 -0.3 1)
(0.8 -0.3 1)
(0.9 -0.3 1)
(1 -0.3 1)
(-1 -0.2 1)
(-0.900192 -0.200004 1)
(-0.8 -0.2 1)
(-0.7 -0.2 1)
(-0.6 -0.2 1)
(-0.5 -0.2 1)
(-0.4 -0.2 1)
(-0.3 -0.2 1)
(-0.2 -0.2 1)
(-0.1 -0.2 1)
(1.05856e-14 -0.2 1)
(0.1 -0.2 1)
(0.2 -0.2 1)
(0.3 -0.2 1)
(0.4 -0.2 1)
(0.5 -0.2 1)
(0.6 -0.2 1)
(0.7 -0.2 1)
(0.8 -0.2 1)
(0.900192 -0.200004 1)
(1 -0.2 1)
(-1 -0.1 1)
(-0.9 -0.1 1)
(-0.8 -0.1 1)
(-0.7 -0.1 1)
(-0.6 -0.1 1)
(-0.5 -0.1 1)
(-0.4 -0.1 1)
(-0.3 -0.1 1)
(-0.2 -0.1 1)
(-0.1 -0.1 1)
(5.46934e-15 -0.1 1)
(0.1 -0.1 1)
(0.2 -0.1 1)
(0.3 -0.1 1)
(0.4 -0.1 1)
(0.5 -0.1 1)
(0.6 -0.1 1)
(0.7 -0.1 1)
(0.8 -0.1 1)
(0.9 -0.1 1)
(1 -0.1 1)
(-1 -2.97946e-24 1)
(-0.9 -5.75784e-23 1)
(-0.8 -1.40798e-23 1)
(-0.7 2.11168e-21 1)
(-0.6 1.80846e-20 1)
(-0.5 1.51277e-19 1)
(-0.4 8.31295e-19 1)
(-0.3 2.74822e-18 1)
(-0.2 1.2002e-18 1)
(-0.1 -2.89797e-17 1)
(9.97824e-16 6.53918e-17 1)
(0.1 -2.3808e-17 1)
(0.2 4.34155e-18 1)
(0.3 3.69746e-18 1)
(0.4 1.00802e-18 1)
(0.5 1.72142e-19 1)
(0.6 1.94003e-20 1)
(0.7 2.08322e-21 1)
(0.8 -2.85377e-23 1)
(0.9 -5.88712e-23 1)
(1 -3.15752e-24 1)
(-1 0.1 1)
(-0.900191 0.100034 1)
(-0.8 0.1 1)
(-0.7 0.1 1)
(-0.6 0.1 1)
(-0.5 0.1 1)
(-0.4 0.1 1)
(-0.3 0.1 1)
(-0.2 0.1 1)
(-0.1 0.1 1)
(-1.86304e-15 0.1 1)
(0.1 0.1 1)
(0.2 0.1 1)
(0.3 0.1 1)
(0.4 0.1 1)
(0.5 0.1 1)
(0.6 0.1 1)
(0.7 0.1 1)
(0.8 0.1 1)
(0.900191 0.100034 1)
(1 0.1 1)
(-1 0.2 1)
(-0.900194 0.200025 1)
(-0.8 0.2 1)
(-0.7 0.2 1)
(-0.6 0.2 1)
(-0.5 0.2 1)
(-0.4 0.2 1)
(-0.3 0.2 1)
(-0.2 0.2 1)
(-0.1 0.2 1)
(-5.11524e-15 0.2 1)
(0.1 0.2 1)
(0.2 0.2 1)
(0.3 0.2 1)
(0.4 0.2 1)
(0.5 0.2 1)
(0.6 0.2 1)
(0.7 0.2 1)
(0.8 0.2 1)
(0.900194 0.200025 1)
(1 0.2 1)
(-1 0.3 1)
(-0.9 0.3 1)
(-0.8 0.3 1)
(-0.7 0.3 1)
(-0.6 0.3 1)
(-0.5 0.3 1)
(-0.4 0.3 1)
(-0.3 0.3 1)
(-0.2 0.3 1)
(-0.1 0.3 1)
(-6.45962e-15 0.3 1)
(0.1 0.3 1)
(0.2 0.3 1)
(0.3 0.3 1)
(0.4 0.3 1)
(0.5 0.3 1)
(0.6 0.3 1)
(0.7 0.3 1)
(0.8 0.3 1)
(0.9 0.3 1)
(1 0.3 1)
(-1 0.4 1)
(-0.9 0.4 1)
(-0.8 0.4 1)
(-0.7 0.4 1)
(-0.6 0.4 1)
(-0.5 0.4 1)
(-0.4 0.4 1)
(-0.3 0.4 1)
(-0.2 0.4 1)
(-0.1 0.4 1)
(-3.15595e-15 0.4 1)
(0.1 0.4 1)
(0.2 0.4 1)
(0.3 0.4 1)
(0.4 0.4 1)
(0.5 0.4 1)
(0.6 0.4 1)
(0.7 0.4 1)
(0.8 0.4 1)
(0.9 0.4 1)
(1 0.4 1)
(-1 0.5 1)
(-0.9 0.5 1)
(-0.8 0.5 1)
(-0.7 0.5 1)
(-0.6 0.5 1)
(-0.5 0.5 1)
(-0.4 0.5 1)
(-0.3 0.5 1)
(-0.2 0.5 1)
(-0.1 0.5 1)
(-9.38126e-16 0.5 1)
(0.1 0.5 1)
(0.2 0.5 1)
(0.3 0.5 1)
(0.4 0.5 1)
(0.5 0.5 1)
(0.6 0.5 1)
(0.7 0.5 1)
(0.8 0.5 1)
(0.9 0.5 1)
(1 0.5 1)
(-1 0.6 1)
(-0.9 0.6 1)
(-0.8 0.6 1)
(-0.7 0.6 1)
(-0.6 0.6 1)
(-0.5 0.6 1)
(-0.4 0.6 1)
(-0.3 0.6 1)
(-0.2 0.6 1)
(-0.1 0.6 1)
(-1.98028e-16 0.6 1)
(0.1 0.6 1)
(0.2 0.6 1)
(0.3 0.6 1)
(0.4 0.6 1)
(0.5 0.6 1)
(0.6 0.6 1)
(0.7 0.6 1)
(0.8 0.6 1)
(0.9 0.6 1)
(1 0.6 1)
(-1 0.7 1)
(-0.9 0.7 1)
(-0.8 0.7 1)
(-0.7 0.7 1)
(-0.6 0.7 1)
(-0.5 0.7 1)
(-0.4 0.7 1)
(-0.3 0.7 1)
(-0.2 0.7 1)
(-0.1 0.7 1)
(-3.19321e-17 0.7 1)
(0.1 0.7 1)
(0.2 0.7 1)
(0.3 0.7 1)
(0.4 0.7 1)
(0.5 0.7 1)
(0.6 0.7 1)
(0.7 0.7 1)
(0.8 0.7 1)
(0.9 0.7 1)
(1 0.7 1)
(-1 0.8 1)
(-0.9 0.8 1)
(-0.8 0.8 1)
(-0.7 0.8 1)
(-0.6 0.8 1)
(-0.5 0.8 1)
(-0.4 0.8 1)
(-0.3 0.8 1)
(-0.2 0.8 1)
(-0.1 0.8 1)
(-4.06678e-18 0.8 1)
(0.1 0.8 1)
(0.2 0.8 1)
(0.3 0.8 1)
(0.4 0.8 1)
(0.5 0.8 1)
(0.6 0.8 1)
(0.7 0.8 1)
(0.8 0.8 1)
(0.9 0.8 1)
(1 0.8 1)
(-1 0.9 1)
(-0.9 0.9 1)
(-0.8 0.9 1)
(-0.7 0.9 1)
(-0.6 0.9 1)
(-0.5 0.9 1)
(-0.4 0.9 1)
(-0.3 0.9 1)
(-0.2 0.9 1)
(-0.1 0.9 1)
(-4.16948e-19 0.9 1)
(0.1 0.9 1)
(0.2 0.9 1)
(0.3 0.9 1)
(0.4 0.9 1)
(0.5 0.9 1)
(0.6 0.9 1)
(0.7 0.9 1)
(0.8 0.9 1)
(0.9 0.9 1)
(1 0.9 1)
(-1 1 1)
(-0.9 1 1)
(-0.8 1 1)
(-0.7 1 1)
(-0.6 1 1)
(-0.5 1 1)
(-0.4 1 1)
(-0.3 1 1)
(-0.2 1 1)
(-0.1 1 1)
(-4.7986e-20 1 1)
(0.1 1 1)
(0.2 1 1)
(0.3 1 1)
(0.4 1 1)
(0.5 1 1)
(0.6 1 1)
(0.7 1 1)
(0.8 1 1)
(0.9 1 1)
(1 1 1)
(-0.0502712 -0.249453 0.0498158)
(0.0502678 -0.249451 0.0498105)
(-0.0504192 -0.15062 0.0496639)
(0.0504178 -0.150618 0.0496615)
(-0.0504192 0.15062 0.0496639)
(0.0504177 0.150618 0.0496615)
(-0.0502712 0.249453 0.0498158)
(0.0502678 0.249451 0.0498105)
(-0.0502147 -0.251335 0.150249)
(0.050209 -0.251332 0.150255)
(-0.0498596 -0.150915 0.149836)
(0.0498608 -0.150914 0.149835)
(-0.0498595 0.150915 0.149835)
(0.0498607 0.150914 0.149835)
(-0.0502147 0.251335 0.150249)
(0.050209 0.251332 0.150255)
(-0.0499968 -0.30001 -4.92748e-07)
(-0.0998364 -0.249953 0.000144723)
(-0.100324 -0.300831 0.049894)
(0.0499967 -0.30001 -5.27128e-07)
(-1.46127e-06 -0.25051 -0.000303084)
(-7.83531e-07 -0.299879 0.0499819)
(0.0998367 -0.249953 0.000145239)
(0.100324 -0.300831 0.0498941)
(-0.0465832 -0.198102 0.00353755)
(-0.0996547 -0.150243 0.000304099)
(-0.100923 -0.200568 0.0498162)
(0.0465635 -0.198097 0.0035252)
(-9.11685e-07 -0.149784 -0.000178195)
(-2.54782e-05 -0.199569 0.0485014)
(0.0996554 -0.150243 0.000305139)
(0.10092 -0.200565 0.0498135)
(-0.0499543 -0.100114 6.05411e-05)
(-0.0999587 -0.100082 0.0500288)
(0.0499544 -0.100114 6.06769e-05)
(1.51906e-08 -0.100099 0.0499547)
(0.0999588 -0.100081 0.0500289)
(-0.0499543 0.100114 6.05414e-05)
(-0.0996547 0.150243 0.000304099)
(-0.0999587 0.100082 0.0500288)
(0.0499544 0.100114 6.06773e-05)
(-9.12285e-07 0.149784 -0.000178195)
(-9.19393e-10 0.100099 0.0499547)
(0.0996554 0.150243 0.000305139)
(0.0999588 0.100081 0.0500289)
(-0.0465832 0.198102 0.00353755)
(-0.0998364 0.249953 0.000144723)
(-0.100923 0.200568 0.0498162)
(0.0465635 0.198097 0.0035252)
(-1.48223e-06 0.25051 -0.000303083)
(-2.54781e-05 0.199569 0.0485014)
(0.0998367 0.249953 0.000145239)
(0.10092 0.200565 0.0498135)
(-0.0499968 0.30001 -4.92301e-07)
(-0.100324 0.300831 0.049894)
(0.0499967 0.30001 -5.27378e-07)
(-7.8519e-07 0.299879 0.0499819)
(0.100324 0.300831 0.049894)
(-0.0500798 -0.301057 0.0999904)
(-0.10027 -0.250348 0.100013)
(-0.099983 -0.299995 0.149983)
(0.0499482 -0.301064 0.0999864)
(7.78827e-07 -0.248335 0.0999362)
(8.59925e-07 -0.300004 0.150009)
(0.10027 -0.250346 0.100009)
(0.0999829 -0.299995 0.149983)
(-0.0535365 -0.19969 0.099958)
(-0.10018 -0.150085 0.0999944)
(-0.10031 -0.200581 0.150176)
(0.0535351 -0.199691 0.0999879)
(3.99684e-06 -0.150531 0.100366)
(0.100181 -0.150082 0.0999939)
(0.100357 -0.200583 0.150204)
(-0.0500761 -0.100148 0.100026)
(-0.0999427 -0.100099 0.149952)
(0.050076 -0.100147 0.100026)
(-7.20477e-08 -0.100154 0.150054)
(0.0999427 -0.100099 0.149952)
(-0.0500761 0.100148 0.100026)
(-0.10018 0.150085 0.0999944)
(-0.0999427 0.100099 0.149952)
(0.0500759 0.100147 0.100026)
(-4.47227e-06 0.150531 0.100366)
(-9.49994e-08 0.100154 0.150054)
(0.100181 0.150082 0.0999938)
(0.0999427 0.100099 0.149952)
(-0.0535365 0.19969 0.099958)
(-0.10027 0.250348 0.100013)
(-0.100356 0.200584 0.150205)
(0.0535351 0.199691 0.0999879)
(7.76436e-07 0.248335 0.0999362)
(0.10027 0.250346 0.100009)
(0.100357 0.200583 0.150204)
(-0.0500808 0.301057 0.0999904)
(-0.099983 0.299995 0.149983)
(0.0499528 0.301064 0.0999884)
(8.5288e-07 0.300004 0.150009)
(0.0999829 0.299995 0.149983)
(-0.0499855 -0.300005 0.199984)
(-0.0998776 -0.249977 0.199865)
(0.0499855 -0.300005 0.199984)
(2.55571e-08 -0.250285 0.200221)
(0.0998775 -0.249977 0.199865)
(-0.050192 -0.200443 0.200864)
(-0.0998689 -0.150106 0.199857)
(0.0501937 -0.200443 0.200862)
(4.4655e-08 -0.150069 0.200186)
(0.099869 -0.150106 0.199857)
(-0.0499724 -0.100071 0.199961)
(0.0499724 -0.100071 0.199961)
(-0.0499724 0.100071 0.199961)
(-0.0998689 0.150106 0.199857)
(0.0499724 0.100071 0.199961)
(1.75365e-08 0.150069 0.200186)
(0.099869 0.150106 0.199857)
(-0.0501921 0.200443 0.200864)
(-0.0998777 0.249977 0.199865)
(0.0501936 0.200443 0.200862)
(-7.49004e-07 0.250285 0.200221)
(0.0998775 0.249977 0.199865)
(-0.0499855 0.300005 0.199984)
(0.0499855 0.300005 0.199984)
(-0.0499219 -0.250114 9.22646e-05)
(0.0499211 -0.250113 9.2163e-05)
(-0.0495942 -0.150646 0.000655516)
(0.049595 -0.150645 0.000656499)
(-0.0495942 0.150646 0.000655516)
(0.049595 0.150645 0.000656499)
(-0.049922 0.250114 9.22695e-05)
(0.0499211 0.250113 9.21623e-05)
(-0.050025 -0.299943 0.0499873)
(0.0500245 -0.299943 0.0499864)
(-0.0999977 -0.250118 0.0500424)
(-6.5349e-06 -0.249184 0.0498741)
(-0.0503276 -0.250416 0.100257)
(0.0999967 -0.250117 0.0500413)
(0.0503317 -0.250413 0.100236)
(-0.0995842 -0.15047 0.0502218)
(9.86242e-07 -0.150382 0.0494653)
(-0.0500275 -0.100141 0.0499852)
(-0.0511953 -0.150883 0.100374)
(0.0995839 -0.150467 0.0502218)
(0.0500274 -0.10014 0.0499853)
(0.0511938 -0.15088 0.100373)
(-0.0500275 0.100141 0.0499852)
(0.0500274 0.10014 0.0499853)
(-0.0995842 0.15047 0.0502218)
(1.00285e-06 0.150382 0.0494653)
(-0.0511944 0.150882 0.100375)
(0.0995838 0.150468 0.0502219)
(0.0511931 0.150879 0.100374)
(-0.0999977 0.250118 0.0500424)
(-6.53811e-06 0.249184 0.0498741)
(-0.050025 0.299943 0.0499873)
(-0.0503276 0.250416 0.100257)
(0.0999967 0.250117 0.0500413)
(0.0500245 0.299943 0.0499864)
(0.0503317 0.250413 0.100236)
(-0.0501519 -0.301116 0.150184)
(0.0501422 -0.301116 0.150183)
(-0.0997215 -0.249945 0.149786)
(8.89476e-06 -0.250245 0.1501)
(-0.0498647 -0.250018 0.199807)
(0.0997212 -0.249944 0.149786)
(0.0498647 -0.250018 0.199807)
(-0.0995384 -0.150472 0.149645)
(-4.22534e-07 -0.150422 0.150183)
(-0.0499768 -0.100192 0.149976)
(-0.0498274 -0.150281 0.199727)
(0.0995387 -0.150471 0.149645)
(0.0499769 -0.100192 0.149976)
(0.0498278 -0.150281 0.199727)
(-0.0499768 0.100192 0.149976)
(0.0499769 0.100192 0.149976)
(-0.0995385 0.150472 0.149645)
(-4.25255e-07 0.150422 0.150183)
(-0.0498274 0.150281 0.199727)
(0.0995387 0.150471 0.149645)
(0.0498277 0.150281 0.199727)
(-0.0997215 0.249945 0.149786)
(8.86956e-06 0.250245 0.1501)
(-0.0501543 0.301115 0.150184)
(-0.0498648 0.250018 0.199807)
(0.0997212 0.249944 0.149786)
(0.0501454 0.301115 0.150185)
(0.0498646 0.250018 0.199807)
(-0.0499763 -0.250017 -0.0499789)
(0.0499761 -0.250017 -0.049979)
(-0.0499328 -0.15005 -0.0499076)
(0.0499329 -0.150049 -0.0499075)
(-0.0499328 0.15005 -0.0499076)
(0.0499329 0.150049 -0.0499075)
(-0.0499763 0.250017 -0.0499789)
(0.0499761 0.250017 -0.049979)
(-0.150004 -0.25003 0.0500189)
(0.150004 -0.25003 0.0500186)
(-0.149959 -0.150038 0.0500438)
(-0.071442 -0.17591 0.0285752)
(0.149959 -0.150038 0.0500438)
(-0.050002 -0.0500203 0.0500003)
(0.050002 -0.0500202 0.0500003)
(-0.050002 0.0500203 0.0500003)
(0.0500019 0.0500202 0.0500003)
(-0.149959 0.150038 0.0500438)
(0.0250256 0.125215 0.0249607)
(0.149959 0.150038 0.0500438)
(-0.150004 0.25003 0.0500189)
(-0.0698411 0.219557 0.0297372)
(0.0251191 0.22487 0.0244535)
(0.150004 0.25003 0.0500186)
(-0.149947 -0.250011 0.149957)
(0.149947 -0.250011 0.149957)
(-0.149941 -0.15005 0.149952)
(0.0263175 -0.175478 0.127146)
(0.149941 -0.150049 0.149952)
(-0.0499976 -0.0500262 0.149998)
(0.0499976 -0.0500262 0.149998)
(-0.0499976 0.0500262 0.149998)
(0.0499976 0.0500262 0.149998)
(-0.149941 0.15005 0.149952)
(-0.074944 0.125331 0.124955)
(0.149941 0.150049 0.149952)
(-0.149947 0.250011 0.149957)
(-0.0752386 0.223824 0.125525)
(0.025622 0.225024 0.125096)
(0.149947 0.250011 0.149957)
(-0.0499687 -0.250017 0.249965)
(0.0499688 -0.250017 0.249965)
(-0.0499765 -0.150028 0.24997)
(0.0499765 -0.150028 0.24997)
(-0.0499765 0.150028 0.24997)
(0.0499765 0.150028 0.24997)
(-0.0499688 0.250017 0.249965)
(0.0499688 0.250017 0.249965)
(-0.0698411 -0.219557 0.0297372)
(-0.0251167 -0.224872 0.0244545)
(-0.0743522 -0.228334 0.0750171)
(-0.0252849 -0.22238 0.0750148)
(0.0251191 -0.22487 0.0244535)
(0.0698491 -0.219556 0.0297485)
(0.0252853 -0.222379 0.0750155)
(0.0743525 -0.22833 0.0750163)
(-0.0250257 -0.125216 0.0249606)
(-0.025961 -0.17558 0.0745537)
(-0.0750416 -0.125155 0.0750061)
(0.0714385 -0.175912 0.0285717)
(0.0250257 -0.125215 0.0249607)
(0.0259628 -0.175579 0.0745582)
(0.0750415 -0.125153 0.075006)
(-0.0250257 0.125216 0.0249606)
(-0.071442 0.17591 0.0285752)
(-0.0750416 0.125155 0.0750061)
(-0.0259609 0.17558 0.0745537)
(0.0714385 0.175912 0.0285717)
(0.0750415 0.125153 0.075006)
(0.0259628 0.175579 0.0745582)
(-0.0251167 0.224872 0.0244545)
(-0.0743522 0.228334 0.0750171)
(-0.0252849 0.22238 0.0750148)
(0.0698491 0.219556 0.0297485)
(0.0252853 0.222379 0.0750155)
(0.0743525 0.22833 0.0750163)
(-0.0752386 -0.223824 0.125525)
(-0.0256263 -0.225029 0.125092)
(-0.0246587 -0.221763 0.171644)
(0.025622 -0.225024 0.125096)
(0.0752403 -0.223818 0.125516)
(0.0246612 -0.22176 0.171647)
(-0.0263184 -0.175481 0.127153)
(-0.074944 -0.125331 0.124955)
(-0.0741099 -0.175334 0.173966)
(-0.0246999 -0.175826 0.175915)
(0.074944 -0.12533 0.124955)
(0.0247013 -0.175826 0.175914)
(0.0741106 -0.175334 0.173965)
(-0.0263183 0.175481 0.127153)
(-0.0741099 0.175334 0.173966)
(-0.0246999 0.175826 0.175915)
(0.074944 0.12533 0.124955)
(0.0263175 0.175478 0.127146)
(0.0247013 0.175826 0.175914)
(0.0741106 0.175334 0.173965)
(-0.0256263 0.225029 0.125092)
(-0.0246587 0.221763 0.171644)
(0.0752403 0.223818 0.125516)
(0.0246612 0.22176 0.171647)
(-0.0499993 -0.300001 -0.1)
(-0.0999957 -0.25 -0.0999947)
(-0.0999945 -0.299999 -0.0499942)
(0.0499993 -0.300001 -0.1)
(1.51563e-07 -0.251241 -0.10283)
(-3.02247e-08 -0.300014 -0.0500112)
(0.0999957 -0.25 -0.0999947)
(0.0999945 -0.299999 -0.0499941)
(-0.0504159 -0.200085 -0.101666)
(-0.0999925 -0.150003 -0.0999903)
(-0.100678 -0.200027 -0.0509142)
(0.0504235 -0.200093 -0.101666)
(3.92379e-08 -0.150001 -0.100015)
(1.25234e-06 -0.200178 -0.0546821)
(0.0999925 -0.150003 -0.0999903)
(0.100678 -0.200027 -0.0509134)
(-0.0499973 -0.100003 -0.0999969)
(-0.0999845 -0.100016 -0.0499822)
(0.0499973 -0.100003 -0.0999969)
(-2.04399e-10 -0.100009 -0.0500059)
(0.0999846 -0.100016 -0.0499822)
(-0.0499973 0.100003 -0.0999969)
(-0.0999925 0.150003 -0.0999903)
(-0.0999845 0.100016 -0.0499822)
(0.0499973 0.100003 -0.0999969)
(3.92294e-08 0.150001 -0.100015)
(-3.5627e-10 0.100009 -0.0500059)
(0.0999925 0.150003 -0.0999903)
(0.0999846 0.100016 -0.0499822)
(-0.0504159 0.200085 -0.101666)
(-0.0999957 0.25 -0.0999947)
(-0.100678 0.200027 -0.050914)
(0.0504233 0.200093 -0.101666)
(1.51261e-07 0.251241 -0.10283)
(1.25132e-06 0.200178 -0.054682)
(0.0999957 0.25 -0.0999947)
(0.100678 0.200027 -0.0509138)
(-0.0499993 0.300001 -0.1)
(-0.0999945 0.299999 -0.0499942)
(0.0499993 0.300001 -0.1)
(-3.0473e-08 0.300014 -0.0500112)
(0.0999945 0.299999 -0.0499941)
(-0.149995 -0.3 4.33208e-06)
(-0.199995 -0.25 3.70115e-06)
(-0.200001 -0.300001 0.0500005)
(0.149995 -0.3 4.3362e-06)
(0.199995 -0.25 3.69386e-06)
(0.200001 -0.300001 0.0500005)
(-0.151318 -0.200029 -0.000654092)
(-0.199992 -0.150002 5.77355e-06)
(-0.199999 -0.200005 0.0500089)
(-0.0995935 -0.224929 0.000350302)
(-0.0750514 -0.200182 -3.13527e-05)
(-0.0994352 -0.175095 0.000480359)
(-0.100097 -0.199921 0.0249369)
(-6.56133e-06 -0.223785 0.00239988)
(-0.0257959 -0.200255 -0.00535566)
(0.0257885 -0.200254 -0.00536354)
(5.83522e-06 -0.175398 -0.00524446)
(0.151317 -0.200029 -0.000654709)
(0.0995935 -0.224928 0.00035074)
(0.0750953 -0.200181 8.62338e-06)
(0.0994353 -0.175094 0.000480746)
(0.100095 -0.19992 0.0249363)
(0.199992 -0.150002 5.77774e-06)
(0.199999 -0.200004 0.0500088)
(-0.149986 -0.100012 1.12151e-05)
(-0.199999 -0.100002 0.0500015)
(-0.0999935 -0.05001 6.13986e-06)
(-3.59263e-09 -0.0500101 8.22278e-07)
(-1.46541e-07 -0.125037 -3.07565e-05)
(-0.0249857 -0.100074 1.8221e-05)
(0.0249857 -0.100074 1.82284e-05)
(-1.34907e-08 -0.100079 0.0249804)
(0.149986 -0.100012 1.12564e-05)
(0.0999935 -0.05001 6.16731e-06)
(0.199999 -0.100002 0.0500015)
(-0.0499982 -5.02562e-11 2.41861e-06)
(-0.0999935 0.05001 6.13987e-06)
(-0.0999984 -9.06329e-11 0.0500014)
(0.0499982 -1.06774e-10 2.42742e-06)
(-4.05327e-09 0.0500101 8.22407e-07)
(-2.26652e-09 -2.02739e-10 0.0499994)
(0.0999935 0.05001 6.16736e-06)
(0.0999985 -6.95483e-11 0.0500014)
(-0.149986 0.100012 1.12151e-05)
(-0.199992 0.150002 5.77349e-06)
(-0.199999 0.100002 0.0500015)
(-0.0249857 0.100074 1.82214e-05)
(0.0249857 0.100074 1.82288e-05)
(-1.48247e-07 0.125037 -3.07564e-05)
(-1.89674e-08 0.100079 0.0249804)
(0.149986 0.100012 1.12563e-05)
(0.199992 0.150002 5.7778e-06)
(0.199999 0.100002 0.0500015)
(-0.151317 0.20003 -0.000654856)
(-0.199995 0.25 3.70115e-06)
(-0.199999 0.200005 0.0500089)
(-0.0994352 0.175095 0.000480357)
(-0.0750617 0.200182 -2.27175e-05)
(-0.0995935 0.224929 0.000350301)
(-0.100097 0.199921 0.0249369)
(5.83522e-06 0.175398 -0.00524446)
(-0.0257959 0.200255 -0.00535566)
(0.0257885 0.200254 -0.00536354)
(-6.56133e-06 0.223785 0.00239988)
(0.151317 0.200029 -0.000653945)
(0.0994353 0.175094 0.000480747)
(0.0750747 0.200181 -9.71598e-06)
(0.0995935 0.224928 0.00035074)
(0.100095 0.19992 0.0249359)
(0.199995 0.25 3.69387e-06)
(0.199999 0.200004 0.0500088)
(-0.149995 0.3 4.3321e-06)
(-0.200001 0.300001 0.0500005)
(0.149995 0.3 4.33619e-06)
(0.200001 0.300001 0.0500005)
(-0.150008 -0.300011 0.099999)
(-0.200008 -0.250007 0.0999988)
(-0.199999 -0.300001 0.149999)
(0.150008 -0.300011 0.0999989)
(0.200008 -0.250007 0.0999987)
(0.199999 -0.300001 0.149999)
(-0.151977 -0.20009 0.100159)
(-0.200009 -0.150005 0.0999992)
(-0.201619 -0.200065 0.150519)
(-0.103516 -0.200223 0.0746794)
(-0.100944 -0.225822 0.100094)
(-0.101863 -0.174931 0.100208)
(-0.101203 -0.200777 0.125306)
(-1.53483e-19 -0.203498 0.0758765)
(-3.04364e-13 -0.218442 0.0978319)
(-0.0208921 -0.205665 0.0966209)
(0.020895 -0.205665 0.0966163)
(7.87563e-07 -0.176131 0.100389)
(-3.26825e-05 -0.200475 0.127306)
(0.151976 -0.200089 0.100159)
(0.103513 -0.200226 0.0746712)
(0.100943 -0.225819 0.100085)
(0.101862 -0.17493 0.100207)
(0.101227 -0.200776 0.125311)
(0.200009 -0.150004 0.0999992)
(0.201643 -0.200054 0.150496)
(-0.150003 -0.100011 0.0999986)
(-0.199999 -0.100002 0.149999)
(-0.0999996 -0.0500115 0.0999995)
(-0.0999991 -0.100053 0.075008)
(-0.100018 -0.125089 0.0999907)
(-0.0750223 -0.100111 0.100003)
(-0.0999682 -0.100091 0.124976)
(-2.70841e-09 -0.050021 0.100006)
(0.150003 -0.100011 0.0999986)
(0.0999996 -0.0500115 0.0999995)
(0.0999991 -0.100053 0.075008)
(0.100018 -0.125088 0.0999905)
(0.0750223 -0.10011 0.100003)
(0.0999682 -0.100091 0.124976)
(0.199999 -0.100002 0.149999)
(-0.0500021 -5.10415e-10 0.100001)
(-0.0999996 0.0500115 0.0999995)
(-0.0999979 -4.51701e-11 0.149998)
(0.050002 -5.87387e-10 0.100001)
(-2.10134e-08 0.050021 0.100006)
(-3.2097e-09 -1.13429e-09 0.150002)
(0.0999996 0.0500114 0.0999995)
(0.0999979 -1.74703e-10 0.149998)
(-0.150003 0.100011 0.0999986)
(-0.200009 0.150005 0.0999992)
(-0.199999 0.100002 0.149999)
(-0.0999991 0.100053 0.075008)
(-0.0750223 0.100111 0.100003)
(-0.100018 0.125089 0.0999907)
(-0.0999682 0.100091 0.124976)
(0.150003 0.100011 0.0999986)
(0.0999991 0.100053 0.075008)
(0.0750223 0.10011 0.100003)
(0.100018 0.125088 0.0999905)
(0.0999682 0.100091 0.124976)
(0.200009 0.150004 0.0999992)
(0.199999 0.100002 0.149999)
(-0.151977 0.20009 0.100159)
(-0.200008 0.250007 0.0999988)
(-0.201633 0.200066 0.150524)
(-0.103516 0.200223 0.0746794)
(-0.101864 0.174931 0.100208)
(-0.100944 0.225822 0.100094)
(-0.101225 0.200779 0.125314)
(-8.44298e-20 0.203498 0.0758765)
(7.17839e-07 0.176131 0.100389)
(-0.0208921 0.205665 0.0966209)
(0.020895 0.205665 0.0966163)
(-5.13165e-09 0.218442 0.0978319)
(-3.34516e-05 0.200475 0.127306)
(0.151976 0.200089 0.100158)
(0.103513 0.200226 0.0746712)
(0.101862 0.17493 0.100207)
(0.100943 0.225819 0.100085)
(0.101227 0.200776 0.125311)
(0.200008 0.250007 0.0999987)
(0.201634 0.200066 0.150524)
(-0.150008 0.300011 0.099999)
(-0.199999 0.300001 0.149999)
(0.150008 0.300011 0.0999989)
(0.199999 0.300001 0.149999)
(-0.149992 -0.299999 0.199993)
(-0.199994 -0.250001 0.199995)
(-0.0999939 -0.3 0.249993)
(7.24934e-09 -0.30001 0.250005)
(0.149992 -0.299999 0.199993)
(0.0999939 -0.3 0.249993)
(0.199994 -0.250001 0.199995)
(-0.15103 -0.200108 0.200777)
(-0.199995 -0.150002 0.199996)
(-0.100904 -0.200046 0.25143)
(-0.100489 -0.20026 0.175381)
(-0.0755783 -0.20027 0.200951)
(-0.099778 -0.175091 0.199752)
(4.79106e-07 -0.200035 0.251667)
(2.14171e-05 -0.199817 0.180566)
(1.70362e-06 -0.225346 0.200683)
(-0.0253188 -0.200332 0.202053)
(0.0253219 -0.200331 0.202053)
(1.59656e-06 -0.175018 0.20094)
(0.151056 -0.20011 0.200797)
(0.100909 -0.200046 0.251438)
(0.100531 -0.200263 0.175416)
(0.0755992 -0.200272 0.200982)
(0.0997782 -0.175091 0.199752)
(0.199995 -0.150002 0.199996)
(-0.149993 -0.100007 0.199994)
(-0.0999964 -0.0500061 0.199996)
(-0.0999945 -0.100007 0.249993)
(-4.34398e-10 -0.0500103 0.199999)
(3.95033e-09 -0.100009 0.25)
(0.149993 -0.100007 0.199994)
(0.0999964 -0.0500061 0.199996)
(0.0999945 -0.100007 0.249993)
(-0.0499987 -8.38544e-10 0.199998)
(-0.0999964 0.0500061 0.199996)
(0.0499987 -1.00075e-09 0.199998)
(-6.89503e-10 0.0500103 0.199999)
(0.0999964 0.0500061 0.199996)
(-0.149993 0.100007 0.199994)
(-0.199995 0.150002 0.199996)
(-0.0999945 0.100007 0.249993)
(2.78614e-09 0.100009 0.25)
(0.149993 0.100007 0.199994)
(0.0999945 0.100007 0.249993)
(0.199995 0.150002 0.199996)
(-0.151056 0.20011 0.200797)
(-0.199994 0.250001 0.199995)
(-0.100896 0.200025 0.251447)
(-0.100528 0.200264 0.175415)
(-0.0997781 0.175091 0.199752)
(-0.0755991 0.200273 0.200983)
(1.73611e-07 0.200035 0.251668)
(2.13413e-05 0.199817 0.180566)
(1.31806e-06 0.175018 0.20094)
(-0.0253196 0.200332 0.202053)
(0.0253211 0.200331 0.202053)
(-2.35402e-06 0.225346 0.200683)
(0.151056 0.20011 0.200797)
(0.100909 0.200046 0.251438)
(0.100531 0.200263 0.175416)
(0.0997782 0.175091 0.199752)
(0.0755992 0.200272 0.200982)
(0.199994 0.250001 0.199995)
(-0.149992 0.299999 0.199993)
(-0.0999939 0.3 0.249993)
(-2.58517e-08 0.30001 0.250005)
(0.149992 0.299999 0.199993)
(0.0999939 0.3 0.249993)
(-0.0499982 -0.300002 0.299998)
(-0.0999939 -0.250001 0.299992)
(0.0499982 -0.300002 0.299998)
(1.67251e-08 -0.250006 0.300004)
(0.0999939 -0.250001 0.299992)
(-0.0503605 -0.199989 0.301536)
(-0.0999967 -0.150002 0.299996)
(0.0503607 -0.199989 0.301536)
(1.05834e-08 -0.150002 0.300002)
(0.0999967 -0.150002 0.299996)
(-0.0499992 -0.100001 0.299999)
(0.0499992 -0.100001 0.299999)
(-0.0499992 0.100001 0.299999)
(-0.0999967 0.150002 0.299996)
(0.0499992 0.100001 0.299999)
(4.93883e-09 0.150002 0.300002)
(0.0999967 0.150002 0.299996)
(-0.0503605 0.199989 0.301536)
(-0.0999939 0.250001 0.299992)
(0.0503607 0.199989 0.301536)
(-1.73983e-08 0.250006 0.300004)
(0.0999939 0.250001 0.299992)
(-0.0499982 0.300002 0.299998)
(0.0499982 0.300002 0.299998)
(-0.0500555 -0.250135 0.0249362)
(-0.0751079 -0.25013 0.0499609)
(-0.02531 -0.249382 0.0498347)
(-0.0509465 -0.223653 0.0495855)
(-0.0501828 -0.249168 0.0749567)
(0.050055 -0.250133 0.0249355)
(0.0252985 -0.249382 0.049823)
(0.0751064 -0.250128 0.0499589)
(0.0509292 -0.22365 0.0495689)
(0.0501815 -0.249164 0.07494)
(-0.0498965 -0.150775 0.0251228)
(-0.0748447 -0.150421 0.0500851)
(-0.0254495 -0.15064 0.0494307)
(-0.050097 -0.12531 0.0499266)
(-0.0505918 -0.150496 0.0748852)
(0.0498972 -0.150773 0.0251241)
(0.0254499 -0.150639 0.0494327)
(0.0748448 -0.150419 0.0500856)
(0.0500966 -0.125309 0.0499266)
(0.0505907 -0.150494 0.0748869)
(-0.0498965 0.150775 0.0251228)
(-0.050097 0.12531 0.0499266)
(-0.0748447 0.150421 0.0500851)
(-0.0254495 0.15064 0.0494308)
(-0.0505917 0.150495 0.0748854)
(0.0498972 0.150773 0.0251241)
(0.0500966 0.125309 0.0499266)
(0.0254499 0.150639 0.0494327)
(0.0748448 0.150419 0.0500856)
(0.0505907 0.150494 0.074887)
(-0.0500556 0.250134 0.0249362)
(-0.0509465 0.223653 0.0495855)
(-0.0751079 0.25013 0.0499609)
(-0.02531 0.249382 0.0498347)
(-0.0501828 0.249168 0.0749567)
(0.050055 0.250133 0.0249355)
(0.0509292 0.22365 0.0495689)
(0.0252985 0.249382 0.049823)
(0.0751064 0.250128 0.0499589)
(0.0501815 0.249164 0.07494)
(-0.0501438 -0.251255 0.124953)
(-0.0752643 -0.251101 0.150179)
(-0.0250143 -0.250921 0.150035)
(-0.0501361 -0.227694 0.14994)
(-0.0498344 -0.249976 0.174759)
(0.0501481 -0.251257 0.124947)
(0.0250215 -0.250912 0.150032)
(0.0752579 -0.251101 0.150186)
(0.0501352 -0.22769 0.149939)
(0.049834 -0.249976 0.174759)
(-0.0503935 -0.150812 0.125301)
(-0.0740269 -0.151288 0.149165)
(-0.0250725 -0.151071 0.150179)
(-0.0499363 -0.125436 0.14993)
(-0.0496545 -0.150737 0.174447)
(0.0503935 -0.15081 0.125299)
(0.0250718 -0.151069 0.15018)
(0.0740282 -0.151288 0.149163)
(0.0499365 -0.125436 0.14993)
(0.0496553 -0.150736 0.174446)
(-0.0503934 0.150812 0.125301)
(-0.0499362 0.125437 0.14993)
(-0.0740269 0.151288 0.149165)
(-0.0250725 0.151071 0.150179)
(-0.0496545 0.150737 0.174447)
(0.0503935 0.15081 0.125299)
(0.0499365 0.125436 0.14993)
(0.0250718 0.151069 0.15018)
(0.0740282 0.151288 0.149163)
(0.0496553 0.150736 0.174446)
(-0.0501438 0.251255 0.124953)
(-0.0501361 0.227694 0.14994)
(-0.0752643 0.251101 0.150179)
(-0.0250143 0.250921 0.150035)
(-0.0498345 0.249976 0.174759)
(0.0501481 0.251257 0.124947)
(0.0501352 0.22769 0.149939)
(0.0250215 0.250912 0.150032)
(0.0752579 0.251101 0.150186)
(0.049834 0.249976 0.174759)
(-0.0747895 -0.249926 0.000229551)
(-0.0997989 -0.249982 0.0251509)
(-0.0250361 -0.250361 -0.000189719)
(0.0250344 -0.250361 -0.000189916)
(-1.26053e-06 -0.249551 0.0248833)
(0.07479 -0.249925 0.000230427)
(0.099799 -0.249981 0.0251514)
(-0.04956 -0.225244 0.000792684)
(-0.0449243 -0.17843 0.00614933)
(-0.0744301 -0.15061 0.000643198)
(-0.0994103 -0.150419 0.0254029)
(-0.0997826 -0.225022 0.0501619)
(-0.0994684 -0.175069 0.0503254)
(0.0495505 -0.225239 0.000787933)
(0.0449254 -0.178426 0.00615269)
(-0.0249263 -0.150321 0.000151043)
(0.0249263 -0.15032 0.000150313)
(-2.74657e-08 -0.150111 0.0249989)
(-1.56506e-06 -0.223226 0.0499658)
(-0.0258971 -0.200258 0.0489789)
(0.0258901 -0.200258 0.0489731)
(2.68801e-06 -0.175432 0.0483817)
(0.0744313 -0.15061 0.000644865)
(0.0994116 -0.150418 0.0254049)
(0.0997806 -0.22502 0.0501606)
(0.0994673 -0.175067 0.0503261)
(-0.0498697 -0.125276 0.000184974)
(-0.0499768 -0.10015 0.0250276)
(-0.0998762 -0.125182 0.0500756)
(-0.0749754 -0.100124 0.050022)
(0.0498699 -0.125275 0.000185275)
(0.0499769 -0.100149 0.0250278)
(1.33657e-07 -0.125192 0.0498579)
(-0.0250397 -0.10012 0.0499568)
(0.0250396 -0.100119 0.0499569)
(0.0998763 -0.125181 0.0500757)
(0.0749755 -0.100123 0.0500222)
(-0.0498697 0.125276 0.000184974)
(-0.0499768 0.10015 0.0250276)
(-0.0744301 0.15061 0.000643198)
(-0.0994103 0.150419 0.0254029)
(-0.0749754 0.100124 0.050022)
(-0.0998762 0.125182 0.0500756)
(0.0498699 0.125275 0.000185275)
(0.0499769 0.100149 0.0250278)
(-0.0249263 0.150321 0.000151043)
(0.0249263 0.15032 0.000150313)
(-3.06874e-08 0.150111 0.0249989)
(-0.0250397 0.10012 0.0499568)
(0.0250396 0.100119 0.0499569)
(1.19489e-07 0.125192 0.0498579)
(0.0744313 0.15061 0.000644865)
(0.0994116 0.150418 0.0254049)
(0.0749755 0.100123 0.0500222)
(0.0998763 0.125181 0.0500757)
(-0.0449243 0.17843 0.00614933)
(-0.0495603 0.225243 0.0007927)
(-0.0747895 0.249926 0.000229552)
(-0.0997989 0.249982 0.0251509)
(-0.0994684 0.175069 0.0503254)
(-0.0997826 0.225022 0.0501619)
(0.0449254 0.178426 0.00615269)
(0.0495505 0.225239 0.000787933)
(-0.0250361 0.250361 -0.000189718)
(0.0250344 0.250361 -0.000189917)
(-1.26458e-06 0.249551 0.0248833)
(2.69004e-06 0.175432 0.0483817)
(-0.0258971 0.200258 0.0489789)
(0.0258901 0.200258 0.0489731)
(-1.56506e-06 0.223226 0.0499658)
(0.07479 0.249925 0.000230427)
(0.099799 0.249981 0.0251514)
(0.0994673 0.175067 0.0503261)
(0.0997806 0.22502 0.0501606)
(-0.100279 -0.250358 0.0749867)
(-0.0754144 -0.251561 0.10008)
(-0.0999475 -0.250085 0.124931)
(-8.58976e-06 -0.247631 0.0748657)
(-0.0249964 -0.2492 0.100247)
(0.0250091 -0.249199 0.100219)
(1.05857e-05 -0.249876 0.125008)
(0.100278 -0.250356 0.0749832)
(0.0754146 -0.251558 0.100074)
(0.0999469 -0.250084 0.12493)
(-0.0538281 -0.199238 0.0750443)
(-0.0565765 -0.218468 0.101107)
(-0.0565386 -0.176273 0.103882)
(-0.100176 -0.150055 0.0750175)
(-0.0750586 -0.150371 0.10001)
(-0.0997012 -0.150467 0.124833)
(-0.099081 -0.224964 0.149368)
(-0.0732387 -0.201374 0.147799)
(-0.0991346 -0.175273 0.149386)
(0.0538269 -0.199238 0.0750453)
(0.056576 -0.218464 0.101117)
(0.0565279 -0.176272 0.1039)
(-8.2226e-07 -0.150451 0.074798)
(-0.0256298 -0.15059 0.10034)
(0.0256288 -0.150588 0.10034)
(-2.00402e-06 -0.1507 0.125979)
(7.14936e-06 -0.223248 0.152334)
(5.96377e-06 -0.174096 0.146239)
(0.100176 -0.150053 0.0750169)
(0.0750588 -0.150367 0.100009)
(0.0997008 -0.150465 0.124832)
(0.0990806 -0.224963 0.149368)
(0.0732244 -0.201371 0.147816)
(0.0991347 -0.175273 0.149385)
(-0.0500628 -0.10012 0.0749947)
(-0.0502405 -0.12532 0.10008)
(-0.0500342 -0.100186 0.125025)
(-0.0998373 -0.125222 0.14987)
(-0.0749327 -0.100168 0.149937)
(0.0500626 -0.100119 0.0749947)
(0.0502401 -0.125318 0.10008)
(0.0500342 -0.100186 0.125025)
(0.0998374 -0.125222 0.14987)
(0.0749328 -0.100168 0.149937)
(-0.0500628 0.10012 0.0749947)
(-0.0502404 0.125319 0.10008)
(-0.0500342 0.100186 0.125026)
(-0.100176 0.150055 0.0750176)
(-0.0750586 0.150371 0.10001)
(-0.0997012 0.150467 0.124833)
(-0.0749327 0.100168 0.149937)
(-0.0998373 0.125222 0.14987)
(0.0500626 0.100119 0.0749947)
(0.05024 0.125318 0.10008)
(0.0500342 0.100186 0.125025)
(3.3362e-07 0.150452 0.0747982)
(-0.0256289 0.150589 0.10034)
(0.0256294 0.150588 0.10034)
(-2.15429e-06 0.1507 0.125979)
(0.100176 0.150053 0.0750169)
(0.0750588 0.150367 0.100009)
(0.0997008 0.150465 0.124832)
(0.0749328 0.100168 0.149937)
(0.0998374 0.125222 0.14987)
(-0.0538281 0.199238 0.0750443)
(-0.0565386 0.176273 0.103882)
(-0.0565765 0.218468 0.101107)
(-0.100279 0.250358 0.0749867)
(-0.0754145 0.251561 0.10008)
(-0.0999475 0.250085 0.124931)
(-0.0991346 0.175273 0.149386)
(-0.0732387 0.201374 0.147799)
(-0.099081 0.224964 0.149368)
(0.0538269 0.199238 0.0750453)
(0.0565279 0.176272 0.1039)
(0.056576 0.218464 0.101117)
(-8.59347e-06 0.247631 0.0748657)
(-0.0249964 0.2492 0.100247)
(0.0250091 0.249199 0.100219)
(1.05814e-05 0.249876 0.125008)
(5.96377e-06 0.174096 0.146239)
(7.14936e-06 0.223248 0.152334)
(0.100278 0.250356 0.0749832)
(0.0754146 0.251558 0.100074)
(0.0999469 0.250084 0.12493)
(0.0991347 0.175273 0.149385)
(0.0732244 0.201371 0.147816)
(0.0990806 0.224963 0.149368)
(-6.34082e-08 -0.250617 0.175254)
(-0.0249685 -0.25017 0.200065)
(0.0249688 -0.250169 0.200065)
(-0.0461748 -0.201483 0.170985)
(-0.0496104 -0.225085 0.199371)
(-0.0496559 -0.175198 0.199453)
(-0.0996855 -0.150282 0.174705)
(-0.0747807 -0.150226 0.199721)
(0.0461885 -0.20148 0.170975)
(0.0496108 -0.225084 0.199371)
(0.049656 -0.175198 0.199452)
(-7.3775e-07 -0.150058 0.175074)
(-0.0249436 -0.150207 0.199967)
(0.0249438 -0.150207 0.199967)
(0.0996859 -0.150282 0.174705)
(0.074781 -0.150226 0.199721)
(-0.0996855 0.150282 0.174705)
(-0.0747807 0.150226 0.199721)
(-7.39956e-07 0.150058 0.175074)
(-0.0249436 0.150207 0.199967)
(0.0249438 0.150207 0.199967)
(0.0996859 0.150282 0.174705)
(0.074781 0.150226 0.199721)
(-0.0461748 0.201483 0.170985)
(-0.0496559 0.175198 0.199453)
(-0.0496105 0.225085 0.199371)
(0.0461885 0.20148 0.170975)
(0.0496559 0.175198 0.199452)
(0.0496107 0.225084 0.199371)
(-3.23427e-07 0.250617 0.175254)
(-0.0249689 0.25017 0.200065)
(0.0249685 0.250169 0.200065)
(-0.0504021 -0.250702 -0.101502)
(0.0504051 -0.250713 -0.101499)
(-0.049991 -0.150004 -0.0999913)
(0.049991 -0.150004 -0.0999913)
(-0.049991 0.150004 -0.0999913)
(0.049991 0.150004 -0.0999913)
(-0.0504021 0.250702 -0.101502)
(0.0504051 0.250713 -0.101499)
(-0.0499969 -0.300005 -0.0499991)
(0.0499969 -0.300005 -0.0499991)
(-0.0999658 -0.249994 -0.0499608)
(-0.149964 -0.249998 2.77632e-05)
(1.86692e-08 -0.25006 -0.0500939)
(-0.0506118 -0.200102 -0.0519002)
(-0.0743955 -0.224766 0.000701949)
(-0.0247165 -0.222289 0.00316379)
(0.0999657 -0.249994 -0.0499608)
(0.0506115 -0.200101 -0.0519)
(0.0247107 -0.222287 0.00316335)
(0.0743959 -0.224765 0.000703292)
(0.149964 -0.249998 2.77719e-05)
(-0.099941 -0.150032 -0.0499291)
(-0.149938 -0.150022 4.45407e-05)
(1.82388e-07 -0.149994 -0.0501278)
(-0.0499843 -0.100024 -0.0499793)
(-0.0741152 -0.175191 0.00107384)
(-0.0252357 -0.175738 -0.00175687)
(-0.024967 -0.125142 4.55568e-05)
(0.099941 -0.150032 -0.049929)
(0.0499843 -0.100024 -0.0499793)
(0.0252377 -0.175736 -0.00175528)
(0.0741154 -0.17519 0.00107439)
(0.0249669 -0.125141 4.54615e-05)
(0.149938 -0.150022 4.463e-05)
(-0.0499952 -0.0500152 6.08763e-06)
(0.0499952 -0.0500152 6.10777e-06)
(-0.0499843 0.100024 -0.0499793)
(-0.0499952 0.0500152 6.08775e-06)
(0.0499843 0.100024 -0.0499793)
(0.0499952 0.0500152 6.10791e-06)
(-0.099941 0.150032 -0.0499291)
(-0.149938 0.150022 4.45403e-05)
(1.8243e-07 0.149994 -0.0501278)
(-0.0506118 0.200102 -0.0519002)
(-0.024967 0.125142 4.5557e-05)
(-0.0741152 0.175191 0.00107384)
(-0.0252357 0.175738 -0.00175687)
(0.099941 0.150032 -0.049929)
(0.0506115 0.200101 -0.0519001)
(0.0249669 0.125141 4.54615e-05)
(0.0252377 0.175736 -0.00175528)
(0.0741154 0.17519 0.00107439)
(0.149938 0.150022 4.46304e-05)
(-0.0999658 0.249994 -0.0499608)
(-0.149964 0.249998 2.77632e-05)
(1.80016e-08 0.25006 -0.0500939)
(-0.0499969 0.300005 -0.0499991)
(-0.0743955 0.224766 0.00070195)
(-0.0247165 0.222289 0.00316379)
(0.0999657 0.249994 -0.0499608)
(0.0499969 0.300005 -0.0499991)
(0.0247107 0.222287 0.00316335)
(0.0743959 0.224765 0.000703291)
(0.149964 0.249998 2.7772e-05)
(-0.150002 -0.300007 0.0500022)
(0.150002 -0.300007 0.0500022)
(-0.200002 -0.250004 0.0500031)
(-0.15164 -0.200052 0.0496865)
(-0.150064 -0.250057 0.099995)
(-0.0992667 -0.224934 0.0254853)
(-0.100975 -0.225858 0.074913)
(-0.0748187 -0.249942 0.0251592)
(0.0251046 -0.249882 0.0248048)
(0.200002 -0.250004 0.0500031)
(0.151639 -0.200052 0.0496851)
(0.150064 -0.250057 0.0999943)
(0.0992669 -0.224932 0.0254861)
(0.100972 -0.225855 0.0749049)
(-0.199998 -0.150004 0.0500058)
(-0.0987097 -0.175071 0.0258047)
(-0.14999 -0.100014 0.0500083)
(-0.150067 -0.150026 0.0999959)
(-0.101885 -0.174916 0.0748346)
(-0.100012 -0.125074 0.0750153)
(-0.0733444 -0.201278 0.0268749)
(-0.0741042 -0.151187 0.0257413)
(7.38495e-06 -0.175328 0.0277583)
(0.0250722 -0.150344 0.0248717)
(0.0262799 -0.175417 0.0481848)
(0.199998 -0.150004 0.0500058)
(0.14999 -0.100014 0.0500083)
(0.150067 -0.150025 0.0999957)
(0.0987094 -0.175069 0.0258054)
(0.101883 -0.174914 0.0748335)
(0.100013 -0.125073 0.0750151)
(-0.0999959 -0.0500122 0.0500034)
(-2.63306e-09 -0.0500165 0.0499968)
(-0.0500005 -2.27214e-10 0.0500005)
(-0.0500067 -0.0500224 0.100003)
(-0.0250055 -0.100107 0.02499)
(-0.0750173 -0.100092 0.0750052)
(0.0999959 -0.0500121 0.0500035)
(0.0500005 -2.97896e-10 0.0500005)
(0.0500066 -0.0500223 0.100003)
(0.0250055 -0.100107 0.0249901)
(0.0750173 -0.100092 0.0750052)
(-0.0999959 0.0500122 0.0500034)
(-0.14999 0.100014 0.0500083)
(-5.92747e-09 0.0500165 0.0499968)
(-0.0500067 0.0500224 0.100003)
(-0.0250055 0.100107 0.02499)
(-0.0750173 0.100092 0.0750053)
(0.0999959 0.0500121 0.0500035)
(0.0250055 0.100107 0.0249901)
(0.0500066 0.0500223 0.100003)
(0.0750173 0.100092 0.0750052)
(0.14999 0.100014 0.0500083)
(-0.199998 0.150004 0.0500058)
(-0.15164 0.200052 0.0496856)
(-0.150067 0.150026 0.0999959)
(-0.0987097 0.175071 0.0258047)
(-0.100012 0.125074 0.0750153)
(-0.101885 0.174916 0.0748346)
(-0.0499451 0.125353 0.0250641)
(-0.0741042 0.151187 0.0257413)
(-0.0749264 0.125267 0.0500507)
(-2.4401e-08 0.12513 0.0249511)
(0.0499452 0.125352 0.0250645)
(0.0250722 0.150344 0.0248717)
(0.0251326 0.125258 0.0498451)
(0.199998 0.150004 0.0500058)
(0.151639 0.200052 0.049686)
(0.150067 0.150025 0.0999957)
(0.0987094 0.175069 0.0258054)
(0.100013 0.125073 0.0750151)
(0.101883 0.174914 0.0748335)
(-0.200002 0.250004 0.0500031)
(-0.0992667 0.224934 0.0254853)
(-0.150002 0.300007 0.0500022)
(-0.150064 0.250057 0.099995)
(-0.100975 0.225858 0.074913)
(-0.0733444 0.201278 0.0268749)
(-0.0498252 0.225846 0.0254766)
(-0.0748187 0.249942 0.0251592)
(-0.0753123 0.224004 0.0494625)
(3.58679e-08 0.223468 0.0250867)
(0.0498224 0.225845 0.0254745)
(0.0251046 0.249882 0.0248048)
(0.0263814 0.224093 0.0495457)
(0.200002 0.250004 0.0500031)
(0.150002 0.300007 0.0500022)
(0.150064 0.250057 0.0999943)
(0.0992669 0.224932 0.0254861)
(0.100972 0.225855 0.0749049)
(-0.149993 -0.300002 0.149993)
(0.149993 -0.300002 0.149993)
(-0.199994 -0.250003 0.149994)
(-0.151548 -0.200083 0.15057)
(-0.149966 -0.249999 0.199969)
(-0.0996397 -0.224965 0.124771)
(-0.0750795 -0.250094 0.125016)
(0.0250059 -0.250391 0.124931)
(0.199994 -0.250003 0.149994)
(0.151576 -0.200082 0.150575)
(0.149966 -0.249999 0.199969)
(0.0996379 -0.224963 0.124772)
(-0.199994 -0.150006 0.149994)
(-0.100001 -0.17514 0.124919)
(-0.149988 -0.100017 0.14999)
(-0.14997 -0.150018 0.199973)
(-0.0999059 -0.125196 0.124938)
(-0.0994603 -0.175203 0.174506)
(-0.0748928 -0.150446 0.124935)
(-0.0709401 -0.175988 0.146042)
(0.026066 -0.175723 0.100542)
(0.0254733 -0.199939 0.126011)
(-1.64485e-05 -0.175544 0.127262)
(0.0254273 -0.150883 0.125689)
(0.199994 -0.150006 0.149994)
(0.149988 -0.100017 0.14999)
(0.14997 -0.150018 0.199973)
(0.0999999 -0.175139 0.124919)
(0.0999059 -0.125196 0.124937)
(0.0994606 -0.175203 0.174506)
(-0.0999942 -0.050014 0.149995)
(-6.7528e-09 -0.0500246 0.150005)
(-0.0499991 -2.39185e-10 0.149999)
(-0.0499967 -0.0500111 0.199996)
(-0.0749825 -0.100152 0.124983)
(0.0999942 -0.050014 0.149995)
(0.0499991 -6.2251e-10 0.149999)
(0.0499967 -0.0500111 0.199996)
(0.0749825 -0.100151 0.124982)
(-0.0999942 0.050014 0.149995)
(-0.149988 0.100017 0.14999)
(-1.06075e-08 0.0500246 0.150005)
(-0.0749825 0.100152 0.124983)
(-0.0499967 0.0500111 0.199996)
(0.0999942 0.050014 0.149995)
(0.0499967 0.0500111 0.199996)
(0.0749825 0.100151 0.124982)
(0.149988 0.100017 0.14999)
(-0.199994 0.150006 0.149994)
(-0.0999059 0.125196 0.124938)
(-0.151573 0.200083 0.15058)
(-0.14997 0.150018 0.199973)
(-0.100001 0.17514 0.124919)
(-0.0994603 0.175203 0.174506)
(-0.0750518 0.125211 0.100008)
(-0.0501107 0.125419 0.125082)
(-0.0748929 0.150446 0.124935)
(-0.0747847 0.125409 0.149804)
(0.0501105 0.125418 0.125082)
(0.0254274 0.150883 0.125689)
(0.199994 0.150006 0.149994)
(0.151574 0.200083 0.150579)
(0.14997 0.150018 0.199973)
(0.0999059 0.125196 0.124937)
(0.0999999 0.175139 0.124919)
(0.0994606 0.175203 0.174506)
(-0.199994 0.250003 0.149994)
(-0.0996397 0.224965 0.124772)
(-0.149993 0.300002 0.149993)
(-0.149966 0.249999 0.199969)
(-0.0743818 0.228417 0.100005)
(-0.0500459 0.226647 0.124985)
(-0.0750795 0.250094 0.125016)
(-0.0694983 0.219307 0.14495)
(0.0204531 0.220701 0.102447)
(0.0254733 0.199939 0.126011)
(1.62466e-05 0.225857 0.125176)
(0.0500425 0.22665 0.124988)
(0.0249942 0.25039 0.124931)
(0.0251092 0.226616 0.149852)
(0.199994 0.250003 0.149994)
(0.149993 0.300002 0.149993)
(0.149966 0.249999 0.199969)
(0.0996379 0.224963 0.124772)
(-0.0499943 -0.300004 0.249995)
(0.0499944 -0.300004 0.249995)
(-0.0999735 -0.250001 0.249966)
(9.74493e-08 -0.250044 0.250036)
(-0.0504129 -0.200063 0.251551)
(-0.0499955 -0.250004 0.299996)
(-0.0249413 -0.225233 0.20018)
(0.0999735 -0.250001 0.249966)
(0.0504133 -0.200063 0.251551)
(0.0499955 -0.250004 0.299996)
(0.0249431 -0.225232 0.200179)
(-0.0999766 -0.150017 0.249971)
(6.59698e-08 -0.150016 0.250026)
(-0.0499945 -0.100011 0.249992)
(-0.049997 -0.150003 0.299997)
(-0.0746133 -0.175177 0.199474)
(-0.0249674 -0.175102 0.200254)
(0.0999766 -0.150017 0.24997)
(0.0499945 -0.100011 0.249992)
(0.049997 -0.150003 0.299997)
(0.0249684 -0.175102 0.200254)
(0.0746136 -0.175177 0.199474)
(-0.0499945 0.100011 0.249992)
(0.0499945 0.100011 0.249992)
(-0.0999766 0.150017 0.249971)
(4.21966e-08 0.150016 0.250026)
(-0.0504132 0.200064 0.251551)
(-0.049997 0.150003 0.299997)
(-0.0746133 0.175177 0.199474)
(-0.0249676 0.175102 0.200254)
(0.0999766 0.150017 0.24997)
(0.0504132 0.200063 0.251551)
(0.049997 0.150003 0.299997)
(0.0249682 0.175102 0.200254)
(0.0746135 0.175177 0.199474)
(-0.0999736 0.250001 0.249966)
(-1.26996e-07 0.250044 0.250036)
(-0.0499944 0.300004 0.249995)
(-0.0499955 0.250004 0.299996)
(-0.0249423 0.225233 0.20018)
(0.0999735 0.250001 0.249966)
(0.0499943 0.300004 0.249995)
(0.0499955 0.250004 0.299996)
(0.0249421 0.225232 0.200179)
(-0.0251059 -0.249883 0.0248059)
(-0.0498252 -0.225846 0.0254766)
(-0.0753123 -0.224004 0.0494625)
(-0.0264064 -0.224088 0.0495833)
(3.58679e-08 -0.223468 0.0250867)
(-0.0754216 -0.251513 0.0749545)
(-0.0252483 -0.248694 0.0750511)
(-0.0500461 -0.223472 0.0748305)
(-0.0743818 -0.228417 0.100005)
(1.61308e-06 -0.219587 0.0735636)
(-0.0212062 -0.203673 0.0784842)
(-0.0203648 -0.22068 0.10256)
(0.0748195 -0.249941 0.0251605)
(0.0498224 -0.225845 0.0254745)
(0.0263814 -0.224093 0.0495457)
(0.0753062 -0.223998 0.0494558)
(0.0733566 -0.20128 0.0268889)
(0.025237 -0.248691 0.0750302)
(0.0754208 -0.251509 0.0749495)
(0.0500457 -0.223469 0.0748306)
(0.0212063 -0.203673 0.0784842)
(0.0204531 -0.220701 0.102447)
(0.0743817 -0.228411 0.100005)
(-0.0250721 -0.150347 0.0248714)
(-0.0262699 -0.175417 0.0481752)
(-0.0499451 -0.125353 0.0250641)
(-0.0749264 -0.125267 0.0500507)
(-0.0251326 -0.125259 0.0498448)
(-1.82616e-08 -0.12513 0.0249511)
(-0.0555834 -0.178672 0.070988)
(-0.0750619 -0.150211 0.0749994)
(-0.0255114 -0.150466 0.0747862)
(7.06056e-07 -0.176117 0.0746903)
(-0.0260637 -0.175728 0.100543)
(-0.0501819 -0.125234 0.0749715)
(-0.0750518 -0.125211 0.100008)
(0.0741113 -0.151187 0.0257495)
(0.0499452 -0.125352 0.0250645)
(0.0251326 -0.125258 0.0498451)
(0.0749264 -0.125266 0.050051)
(0.0555862 -0.178671 0.0710071)
(0.0255119 -0.150465 0.0747879)
(0.0750617 -0.150208 0.0749991)
(0.0501815 -0.125233 0.0749717)
(0.0750518 -0.12521 0.100008)
(-0.0250721 0.150347 0.0248714)
(-0.0251326 0.125259 0.0498448)
(-0.0262699 0.175417 0.0481752)
(7.38495e-06 0.175328 0.0277583)
(-0.0501819 0.125234 0.0749716)
(-0.0750619 0.150211 0.0749994)
(-0.0255115 0.150466 0.0747864)
(-0.0555834 0.178672 0.070988)
(7.29665e-07 0.176117 0.0746903)
(-0.0212062 0.203673 0.0784842)
(-0.0260634 0.175727 0.100543)
(0.0741113 0.151187 0.0257495)
(0.0749264 0.125266 0.050051)
(0.0262799 0.175417 0.0481848)
(0.0733566 0.20128 0.0268889)
(0.0501814 0.125233 0.0749718)
(0.0255119 0.150465 0.0747881)
(0.0750617 0.150208 0.0749991)
(0.0750518 0.12521 0.100008)
(0.0555862 0.178671 0.0710071)
(0.0212063 0.203673 0.0784842)
(0.026066 0.175723 0.100542)
(-0.025106 0.249883 0.0248059)
(-0.0264064 0.224088 0.0495833)
(-0.0500461 0.223472 0.0748305)
(-0.0754216 0.251513 0.0749545)
(-0.0252483 0.248694 0.0750511)
(1.61308e-06 0.219587 0.0735636)
(-0.0203648 0.22068 0.10256)
(0.0748195 0.249941 0.0251605)
(0.0753062 0.223998 0.0494558)
(0.0500457 0.223469 0.0748306)
(0.025237 0.248691 0.0750302)
(0.0754208 0.251509 0.0749495)
(0.0743817 0.228411 0.100005)
(-0.0249804 -0.250425 0.124934)
(-0.0500459 -0.226647 0.124985)
(-0.0694983 -0.219307 0.14495)
(-0.0251103 -0.226627 0.149852)
(1.62604e-05 -0.225857 0.125176)
(-0.025469 -0.199947 0.126016)
(-0.024999 -0.250298 0.175092)
(-0.0493246 -0.224995 0.173785)
(-0.0750288 -0.20055 0.174886)
(-1.09158e-05 -0.22333 0.172508)
(-0.0254936 -0.200968 0.178434)
(0.0750799 -0.250092 0.125013)
(0.0500425 -0.22665 0.124988)
(0.0251092 -0.226616 0.149852)
(0.0695008 -0.219308 0.144944)
(0.0249998 -0.250297 0.175091)
(0.0493237 -0.224992 0.173784)
(0.0254914 -0.200963 0.178433)
(0.075059 -0.200552 0.174918)
(-0.0254287 -0.150885 0.12569)
(-0.0501107 -0.125419 0.125082)
(-0.0747847 -0.125409 0.149804)
(-0.0495858 -0.175137 0.174275)
(-0.0744281 -0.150672 0.174366)
(-0.0248987 -0.150586 0.174736)
(-1.72543e-09 -0.1755 0.179251)
(0.0748924 -0.150445 0.124935)
(0.0709393 -0.17599 0.146042)
(0.0501105 -0.125418 0.125082)
(0.074785 -0.125409 0.149804)
(0.0495842 -0.17514 0.174274)
(0.0248991 -0.150585 0.174736)
(0.0744292 -0.150673 0.174366)
(-0.0254287 0.150884 0.12569)
(-0.0709401 0.175988 0.146042)
(-1.64595e-05 0.175544 0.127262)
(-0.0254691 0.199947 0.126016)
(-0.0744281 0.150672 0.174366)
(-0.0248987 0.150586 0.174736)
(-0.0495858 0.175137 0.174275)
(-0.0750581 0.200553 0.174919)
(-1.72543e-09 0.1755 0.179251)
(-0.0254936 0.200968 0.178434)
(0.0748924 0.150445 0.124935)
(0.074785 0.125409 0.149804)
(0.0709393 0.17599 0.146042)
(0.024899 0.150585 0.174736)
(0.0744292 0.150673 0.174366)
(0.0495842 0.17514 0.174274)
(0.0254914 0.200963 0.178433)
(0.075059 0.200552 0.174918)
(-0.0249938 0.250414 0.124936)
(-0.0251103 0.226627 0.149852)
(-0.0493246 0.224995 0.173785)
(-0.0249991 0.250298 0.175092)
(-1.09158e-05 0.22333 0.172508)
(0.0750799 0.250092 0.125013)
(0.0695008 0.219308 0.144944)
(0.0493237 0.224992 0.173784)
(0.0249997 0.250297 0.175091)
(-0.149991 -0.249999 -0.0499912)
(0.149991 -0.249999 -0.0499912)
(-0.149985 -0.150006 -0.0499864)
(0.149985 -0.150006 -0.0499863)
(-0.149985 0.150006 -0.0499864)
(0.149985 0.150006 -0.0499863)
(-0.149991 0.249999 -0.0499912)
(0.149991 0.249999 -0.0499912)
(-0.0500025 -0.349993 0.0499989)
(0.0500024 -0.349993 0.0499988)
(-0.0749734 -0.274998 0.0250267)
(0.0250324 -0.274961 0.024941)
(0.124562 -0.175024 0.0252726)
(-0.0747853 0.125369 0.0251853)
(0.124721 0.225001 0.0251827)
(-0.0500025 0.349993 0.0499989)
(0.0500024 0.349993 0.0499988)
(-0.050136 -0.35108 0.150152)
(0.0501316 -0.35108 0.15015)
(-0.0752207 -0.275883 0.125086)
(0.0249781 -0.27564 0.124916)
(-0.0910865 -0.187375 0.112963)
(0.0128233 -0.188084 0.112753)
(0.12494 -0.175113 0.124892)
(0.0251418 0.125394 0.12523)
(-0.0888288 0.211712 0.11261)
(0.00767951 0.213751 0.112623)
(0.124902 0.2251 0.124881)
(-0.0501393 0.35108 0.150152)
(0.0501347 0.35108 0.150152)
(0.0249667 -0.175051 0.225049)
(0.0249513 0.225107 0.225052)
(-0.0250333 -0.274961 0.0249416)
(-0.0752354 -0.276239 0.074974)
(-0.0250674 -0.274573 0.0749976)
(-0.0912748 -0.208949 0.087533)
(0.0749734 -0.274998 0.0250267)
(0.0250642 -0.274572 0.0749914)
(0.0752346 -0.276238 0.0749717)
(0.0912753 -0.208941 0.0874962)
(-0.0747853 -0.125369 0.0251853)
(-0.0939492 -0.188226 0.0875271)
(-0.0126181 -0.189394 0.0875009)
(0.0747862 -0.125368 0.0251865)
(0.0126199 -0.189392 0.0875002)
(0.0939459 -0.188219 0.0875192)
(-0.0939492 0.188226 0.0875271)
(-0.012618 0.189394 0.0875008)
(0.0747862 0.125368 0.0251865)
(0.0126199 0.189392 0.0875002)
(0.0939459 0.188219 0.0875192)
(-0.0749734 0.274998 0.0250267)
(-0.0250334 0.274961 0.0249416)
(-0.0912748 0.208949 0.087533)
(-0.0752354 0.276239 0.074974)
(-0.0250674 0.274573 0.0749976)
(0.0250324 0.274961 0.024941)
(0.0749734 0.274998 0.0250267)
(0.0912753 0.208941 0.0874962)
(0.0250642 0.274572 0.0749914)
(0.0752347 0.276238 0.0749718)
(-0.024955 -0.275657 0.124915)
(-0.0888288 -0.211712 0.11261)
(-0.00752904 -0.213778 0.11264)
(-0.0249978 -0.275085 0.175024)
(-0.0741748 -0.224703 0.174021)
(-0.0126619 -0.212632 0.189132)
(0.0752752 -0.276489 0.125115)
(0.00767951 -0.213751 0.112623)
(0.0888281 -0.211712 0.112608)
(0.0249984 -0.275085 0.175024)
(0.0126705 -0.212631 0.189132)
(0.0741733 -0.224703 0.17402)
(-0.0127789 -0.188149 0.112776)
(-0.0251424 -0.125395 0.12523)
(-0.0128262 -0.187562 0.19081)
(-0.0249644 -0.125249 0.174941)
(0.0910806 -0.187367 0.112962)
(0.0251419 -0.125394 0.12523)
(0.0128324 -0.187561 0.190812)
(0.0249645 -0.125249 0.174941)
(-0.0251424 0.125395 0.12523)
(-0.0910865 0.187375 0.112963)
(-0.0127778 0.188147 0.112774)
(-0.0249644 0.125249 0.174941)
(-0.0128266 0.187562 0.190811)
(0.0128234 0.188084 0.112753)
(0.0910806 0.187367 0.112962)
(0.0249645 0.125249 0.174941)
(0.0128321 0.187561 0.190812)
(-0.00752904 0.213778 0.11264)
(-0.0752207 0.275883 0.125086)
(-0.0249757 0.275647 0.124917)
(-0.0741748 0.224703 0.174021)
(-0.0126665 0.212633 0.189132)
(-0.0249978 0.275085 0.175024)
(0.0888281 0.211712 0.112608)
(0.0249586 0.275638 0.124916)
(0.0752207 0.275882 0.125085)
(0.0126659 0.212631 0.189132)
(0.0741733 0.224703 0.17402)
(0.0249984 0.275085 0.175024)
(-0.0747391 -0.224968 -0.024641)
(-0.0253873 -0.226024 -0.0272693)
(0.0253891 -0.226025 -0.0272715)
(0.0747378 -0.224967 -0.0246415)
(-0.0746123 -0.175055 -0.0244507)
(-0.0249827 -0.175001 -0.0254239)
(0.0249845 -0.175001 -0.0254237)
(0.0746122 -0.175055 -0.0244505)
(-0.0746123 0.175055 -0.0244507)
(-0.0249827 0.175001 -0.0254239)
(0.0249845 0.175001 -0.0254238)
(0.0746122 0.175055 -0.0244505)
(-0.0747391 0.224968 -0.024641)
(-0.0253873 0.226024 -0.0272694)
(0.0253891 0.226025 -0.0272715)
(0.0747378 0.224967 -0.0246415)
(-0.124721 -0.225002 0.0251829)
(-0.125393 -0.225188 0.0749987)
(0.124721 -0.225001 0.0251827)
(0.125392 -0.225187 0.0749957)
(-0.124562 -0.175025 0.0252724)
(-0.125458 -0.175028 0.0750158)
(-0.0617299 -0.163611 0.0379095)
(-0.0607015 -0.186765 0.0140528)
(-0.083404 -0.186772 0.0412159)
(0.0124991 -0.163249 0.0127964)
(0.0157641 -0.187972 0.0319171)
(0.0377491 -0.165122 0.0127736)
(0.125458 -0.175027 0.0750148)
(-0.124562 0.175025 0.0252724)
(-0.125458 0.175028 0.0750158)
(0.124562 0.175024 0.0252726)
(0.125458 0.175027 0.0750148)
(-0.124721 0.225002 0.0251829)
(-0.125393 0.225188 0.0749987)
(-0.0626056 0.23779 0.0374225)
(-0.0590631 0.211624 0.015872)
(-0.0812299 0.209823 0.042617)
(0.0377861 0.237218 0.0372043)
(0.0125264 0.237953 0.0123578)
(0.0122381 0.210784 0.0409281)
(0.0376302 0.238211 0.0122379)
(0.0125659 0.237344 0.0373199)
(0.125392 0.225187 0.0749957)
(-0.124902 -0.225101 0.124881)
(0.124902 -0.2251 0.124881)
(-0.12494 -0.175114 0.124892)
(-0.0616427 -0.163736 0.137008)
(-0.0833066 -0.166943 0.111731)
(-0.084931 -0.190677 0.134409)
(-0.0632105 -0.164545 0.11284)
(0.037989 -0.166005 0.138369)
(0.0394359 -0.187826 0.113632)
(0.0128732 -0.187365 0.143134)
(-0.12494 0.175114 0.124892)
(0.12494 0.175113 0.124892)
(-0.124902 0.225101 0.124881)
(-0.0629472 0.239201 0.137835)
(-0.0877701 0.237993 0.112551)
(-0.0808281 0.209822 0.13211)
(-0.0626552 0.238594 0.112548)
(0.0375989 0.238924 0.137509)
(0.0376468 0.214438 0.113751)
(0.0150199 0.211724 0.135205)
(-0.024951 -0.225107 0.225052)
(0.0249519 -0.225106 0.225052)
(-0.0249661 -0.175051 0.225049)
(-0.0249662 0.175051 0.225049)
(0.0249666 0.175051 0.225049)
(-0.0249515 0.225107 0.225052)
(-0.0626056 -0.23779 0.0374225)
(-0.0590631 -0.211624 0.015872)
(-0.0812299 -0.209823 0.042617)
(-0.0377871 -0.237219 0.0372061)
(-0.0125277 -0.237954 0.012358)
(-0.0122353 -0.210785 0.0409268)
(-0.0376274 -0.238212 0.0122363)
(-0.0125703 -0.237345 0.0373218)
(-0.0627451 -0.237721 0.0623799)
(-0.0890935 -0.211725 0.0623294)
(-0.0880962 -0.238563 0.0875048)
(-0.0878181 -0.238049 0.0624383)
(-0.062641 -0.23819 0.0875976)
(-0.0378443 -0.236944 0.0624509)
(-0.00959419 -0.211392 0.0613414)
(-0.0131169 -0.233903 0.087006)
(-0.0371894 -0.214775 0.0875476)
(-0.0351829 -0.213803 0.0609579)
(-0.037667 -0.237194 0.0874812)
(0.0377861 -0.237218 0.0372043)
(0.0125264 -0.237952 0.0123578)
(0.0122381 -0.210784 0.0409281)
(0.0376302 -0.238211 0.0122379)
(0.0125659 -0.237344 0.0373199)
(0.062605 -0.237787 0.0374229)
(0.0590644 -0.211624 0.0158727)
(0.0812317 -0.209818 0.0426204)
(0.0378382 -0.236944 0.0624387)
(0.00944326 -0.211365 0.0613118)
(0.0131049 -0.233897 0.0869634)
(0.0372042 -0.214737 0.0873407)
(0.0350308 -0.213847 0.0607682)
(0.0376707 -0.237186 0.0874473)
(0.062744 -0.237718 0.0623778)
(0.0890925 -0.211725 0.0623272)
(0.088095 -0.238559 0.0874958)
(0.0878149 -0.238045 0.062435)
(0.0626423 -0.238185 0.0875722)
(-0.0124991 -0.163251 0.0127964)
(-0.0157422 -0.187973 0.0319035)
(-0.0377481 -0.165128 0.0127756)
(-0.0625288 -0.165108 0.062759)
(-0.0912508 -0.187325 0.0620083)
(-0.0577728 -0.185923 0.0872173)
(-0.0842918 -0.165601 0.0875096)
(-0.0834601 -0.166905 0.0630398)
(-0.0650754 -0.165899 0.0873509)
(-0.0390107 -0.187888 0.0876861)
(-0.039425 -0.187839 0.0611951)
(0.0617235 -0.163608 0.0379115)
(0.0607061 -0.186765 0.014056)
(0.0834087 -0.186768 0.041228)
(0.0390129 -0.187886 0.0876827)
(0.0394267 -0.18784 0.0612018)
(0.0625255 -0.165106 0.0627599)
(0.0912495 -0.187322 0.0620104)
(0.0577645 -0.185922 0.0872105)
(0.0842942 -0.165596 0.0875065)
(0.0834617 -0.166901 0.0630394)
(0.0650727 -0.165901 0.0873508)
(-0.0617299 0.163611 0.0379095)
(-0.0607015 0.186765 0.0140528)
(-0.083404 0.186772 0.0412159)
(-0.0124991 0.163251 0.0127964)
(-0.0157422 0.187973 0.0319035)
(-0.0377481 0.165128 0.0127756)
(-0.0625288 0.165108 0.062759)
(-0.0912508 0.187325 0.0620083)
(-0.0842918 0.165601 0.0875096)
(-0.0577728 0.185923 0.0872173)
(-0.0834601 0.166905 0.0630398)
(-0.0650754 0.165899 0.0873509)
(-0.0390105 0.187888 0.0876862)
(-0.0394249 0.187839 0.0611951)
(0.0124991 0.163249 0.0127964)
(0.0157641 0.187972 0.0319171)
(0.0377491 0.165122 0.0127736)
(0.0617235 0.163608 0.0379115)
(0.0607061 0.186765 0.014056)
(0.0834087 0.186768 0.041228)
(0.0390128 0.187886 0.0876829)
(0.0394267 0.18784 0.0612018)
(0.0625255 0.165106 0.0627599)
(0.0912495 0.187322 0.0620104)
(0.0842942 0.165596 0.0875065)
(0.0577645 0.185922 0.0872105)
(0.0834617 0.166901 0.0630394)
(0.0650727 0.165901 0.0873508)
(-0.0377871 0.237219 0.0372061)
(-0.0125277 0.237953 0.012358)
(-0.0122353 0.210785 0.0409268)
(-0.0376275 0.238212 0.0122363)
(-0.0125703 0.237345 0.0373218)
(-0.0627451 0.237721 0.0623799)
(-0.0890935 0.211725 0.0623294)
(-0.0880962 0.238563 0.0875048)
(-0.0878181 0.238049 0.0624383)
(-0.062641 0.23819 0.0875976)
(-0.0378443 0.236944 0.0624509)
(-0.00959432 0.211392 0.0613411)
(-0.0371894 0.214775 0.0875476)
(-0.0131169 0.233903 0.087006)
(-0.0351828 0.213803 0.060958)
(-0.037667 0.237194 0.0874812)
(0.062605 0.237787 0.0374229)
(0.0590644 0.211624 0.0158727)
(0.0812317 0.209818 0.0426204)
(0.0378382 0.236944 0.0624387)
(0.00944326 0.211365 0.0613118)
(0.0372042 0.214737 0.0873407)
(0.0131049 0.233897 0.0869634)
(0.0350307 0.213847 0.0607682)
(0.0376707 0.237186 0.0874473)
(0.062744 0.237718 0.0623778)
(0.0890925 0.211725 0.0623272)
(0.088095 0.238559 0.0874958)
(0.0878149 0.238045 0.062435)
(0.0626423 0.238185 0.0875722)
(-0.0629472 -0.239201 0.137835)
(-0.0877702 -0.237993 0.112551)
(-0.0808281 -0.209822 0.13211)
(-0.0626552 -0.238594 0.112548)
(-0.0375978 -0.238929 0.137512)
(-0.0374997 -0.214392 0.11396)
(-0.0147604 -0.211774 0.135311)
(-0.0375618 -0.237929 0.162631)
(-0.0370886 -0.212682 0.186784)
(0.0375989 -0.238924 0.137509)
(0.0376468 -0.214438 0.113751)
(0.0150199 -0.211724 0.135205)
(0.0629455 -0.2392 0.137835)
(0.0877683 -0.237988 0.112547)
(0.0808258 -0.209819 0.132113)
(0.0626575 -0.238593 0.112543)
(0.037559 -0.237926 0.162631)
(0.0370897 -0.212681 0.186783)
(-0.0379855 -0.166 0.138374)
(-0.0394196 -0.187829 0.113648)
(-0.0129051 -0.187364 0.143133)
(-0.0604772 -0.186738 0.160969)
(-0.0374901 -0.165392 0.162014)
(-0.0380424 -0.187334 0.189364)
(0.061641 -0.163734 0.137011)
(0.0833086 -0.16694 0.111732)
(0.0849275 -0.190679 0.134414)
(0.063211 -0.164542 0.112838)
(0.0374895 -0.165393 0.162013)
(0.0380426 -0.187332 0.189364)
(0.0604692 -0.186734 0.160971)
(-0.0616427 0.163736 0.137008)
(-0.0833066 0.166943 0.111731)
(-0.084931 0.190677 0.134409)
(-0.0632105 0.164545 0.11284)
(-0.0379855 0.166 0.138374)
(-0.0394189 0.187828 0.113647)
(-0.0129051 0.187364 0.143133)
(-0.0604772 0.186738 0.160969)
(-0.0374901 0.165392 0.162014)
(-0.0380425 0.187334 0.189364)
(0.037989 0.166005 0.138369)
(0.0394359 0.187826 0.113632)
(0.0128732 0.187365 0.143134)
(0.061641 0.163734 0.137011)
(0.0833086 0.16694 0.111732)
(0.0849275 0.190679 0.134414)
(0.063211 0.164542 0.112838)
(0.0374895 0.165393 0.162013)
(0.0380425 0.187332 0.189364)
(0.0604692 0.186734 0.160971)
(-0.0375978 0.238929 0.137512)
(-0.0374996 0.214392 0.11396)
(-0.0147604 0.211774 0.135311)
(-0.0375618 0.237929 0.162631)
(-0.0370889 0.212682 0.186784)
(0.0629455 0.2392 0.137835)
(0.0877683 0.237988 0.112547)
(0.0808258 0.209819 0.132113)
(0.0626575 0.238593 0.112543)
(0.037559 0.237926 0.162631)
(0.0370894 0.212681 0.186783)
(-0.149999 -0.3 -0.0999994)
(-0.199999 -0.25 -0.0999995)
(-0.199999 -0.3 -0.0499994)
(0.149999 -0.3 -0.0999994)
(0.199999 -0.25 -0.0999995)
(0.199999 -0.3 -0.0499994)
(-0.150712 -0.200027 -0.100926)
(-0.199999 -0.15 -0.0999993)
(-0.200932 -0.200021 -0.0506576)
(0.150712 -0.200027 -0.100926)
(0.199999 -0.15 -0.0999993)
(0.200932 -0.200021 -0.0506575)
(-0.149999 -0.100001 -0.0999985)
(-0.199999 -0.100001 -0.0499988)
(0.149999 -0.100001 -0.0999985)
(0.199999 -0.100001 -0.0499988)
(-0.149999 0.100001 -0.0999985)
(-0.199999 0.15 -0.0999993)
(-0.199999 0.100001 -0.0499988)
(0.149999 0.100001 -0.0999985)
(0.199999 0.15 -0.0999993)
(0.199999 0.100001 -0.0499988)
(-0.150712 0.200027 -0.100926)
(-0.199999 0.25 -0.0999995)
(-0.200932 0.200021 -0.0506576)
(0.150712 0.200027 -0.100926)
(0.199999 0.25 -0.0999995)
(0.200932 0.200021 -0.0506575)
(-0.149999 0.3 -0.0999994)
(-0.199999 0.3 -0.0499994)
(0.149999 0.3 -0.0999994)
(0.199999 0.3 -0.0499994)
(-0.05 -0.4 -1.45655e-07)
(-0.099999 -0.35 1.00992e-06)
(-0.100163 -0.400781 0.0499441)
(0.05 -0.4 -1.50289e-07)
(-2.22022e-08 -0.350001 -2.36931e-06)
(-1.22535e-08 -0.399997 0.0499996)
(0.099999 -0.35 1.01018e-06)
(0.100163 -0.400781 0.0499442)
(-0.0749872 -0.299999 1.28749e-05)
(-0.0999483 -0.274988 4.71929e-05)
(-0.0999906 -0.300002 0.0250099)
(-0.0250031 -0.30002 -1.81205e-05)
(0.0250028 -0.30002 -1.81834e-05)
(-3.72413e-07 -0.2751 -7.47631e-05)
(-3.39687e-07 -0.299963 0.0249772)
(0.0749872 -0.299999 1.29115e-05)
(0.0999484 -0.274988 4.73614e-05)
(0.0999906 -0.300002 0.0250099)
(-0.100656 -0.200063 -0.0257507)
(-0.125791 -0.200052 -0.000573466)
(3.73497e-06 -0.200094 -0.0311147)
(1.84145e-05 -0.209869 -0.00917342)
(-0.0133978 -0.199877 -0.00899175)
(0.0134069 -0.200019 -0.00900253)
(1.66245e-05 -0.188279 -0.00867101)
(0.10067 -0.200063 -0.025738)
(0.125791 -0.200052 -0.000573239)
(-0.0998644 -0.125139 0.000121328)
(-0.0749312 -0.100111 7.41449e-05)
(-0.0999339 -0.10009 0.0250508)
(0.0998648 -0.125139 0.00012186)
(0.0749314 -0.100111 7.44122e-05)
(0.0999341 -0.10009 0.0250511)
(-0.0749312 0.100111 7.4145e-05)
(-0.0998644 0.125139 0.000121328)
(-0.0999339 0.10009 0.0250508)
(0.0749313 0.100111 7.44124e-05)
(0.0998648 0.125139 0.00012186)
(0.0999341 0.10009 0.0250511)
(-0.100663 0.200063 -0.0257451)
(-0.125791 0.200052 -0.000573468)
(3.73072e-06 0.200094 -0.0311146)
(1.66245e-05 0.188279 -0.00867101)
(-0.0133978 0.199877 -0.00899175)
(0.0134069 0.200019 -0.00900253)
(1.84145e-05 0.209869 -0.00917342)
(0.100662 0.200062 -0.0257446)
(0.125791 0.200052 -0.000573236)
(-0.099999 0.35 1.00993e-06)
(-0.0999483 0.274988 4.7193e-05)
(-0.0749872 0.299999 1.28751e-05)
(-0.0999906 0.300002 0.0250099)
(-2.24432e-08 0.350001 -2.36931e-06)
(-3.78565e-07 0.2751 -7.47631e-05)
(-0.0250031 0.30002 -1.812e-05)
(0.0250028 0.30002 -1.81838e-05)
(-3.46029e-07 0.299963 0.0249772)
(0.099999 0.35 1.01017e-06)
(0.0999484 0.274988 4.73614e-05)
(0.0749872 0.299999 1.29114e-05)
(0.0999906 0.300002 0.0250099)
(-0.05 0.4 -1.45649e-07)
(-0.100163 0.400781 0.0499441)
(0.05 0.4 -1.50299e-07)
(-1.23072e-08 0.399997 0.0499996)
(0.100163 0.400781 0.0499441)
(-0.0501122 -0.401086 0.100041)
(-0.100277 -0.351133 0.100035)
(-0.0999998 -0.4 0.15)
(0.0500971 -0.401088 0.100041)
(2.03445e-08 -0.349983 0.1)
(1.38325e-08 -0.399999 0.15)
(0.100303 -0.351126 0.100054)
(0.0999999 -0.4 0.15)
(-0.100447 -0.301158 0.0749655)
(-0.075233 -0.301174 0.100031)
(-0.100069 -0.275087 0.100001)
(-0.100367 -0.300813 0.125105)
(-7.34653e-07 -0.299793 0.0749915)
(-0.0250195 -0.29987 0.100008)
(0.0250201 -0.299869 0.100006)
(4.09321e-07 -0.274535 0.099994)
(9.52777e-07 -0.299935 0.125005)
(0.100449 -0.301157 0.074967)
(0.0751674 -0.301183 0.100024)
(0.100069 -0.275087 0.1)
(0.100003 -0.300007 0.124994)
(-0.127458 -0.20018 0.100205)
(-0.103847 -0.200071 0.0875244)
(-0.101912 -0.212663 0.100211)
(-0.0927768 -0.199907 0.100457)
(-0.103631 -0.187629 0.100393)
(-0.102356 -0.200593 0.112957)
(6.09124e-19 -0.203498 0.0875046)
(-0.0121563 -0.203498 0.0996528)
(0.0121565 -0.203498 0.0996526)
(1.44477e-06 -0.189395 0.100153)
(-3.21519e-13 -0.203959 0.107962)
(0.127457 -0.200178 0.100202)
(0.103844 -0.200069 0.0875105)
(0.101912 -0.212661 0.100204)
(0.0927793 -0.199899 0.100445)
(0.103627 -0.187626 0.100388)
(0.102368 -0.20059 0.112958)
(6.39846e-07 -0.12528 0.100155)
(-0.0250661 -0.100139 0.100045)
(0.025066 -0.100138 0.100045)
(-8.30685e-08 -0.100164 0.125098)
(-0.0250662 0.100139 0.100045)
(0.0250659 0.100138 0.100045)
(-1.02306e-06 0.12528 0.100155)
(-2.00646e-07 0.100163 0.125098)
(-0.127458 0.20018 0.100205)
(-0.103847 0.200071 0.0875244)
(-0.10363 0.187629 0.100393)
(-0.0927768 0.199907 0.100457)
(-0.101912 0.212663 0.100211)
(-0.102362 0.200593 0.112958)
(4.36599e-20 0.203498 0.0875046)
(1.51075e-06 0.189395 0.100153)
(-0.0121563 0.203498 0.0996528)
(0.0121565 0.203498 0.0996526)
(-3.21519e-13 0.203959 0.107962)
(0.127457 0.200178 0.100202)
(0.103844 0.200069 0.0875105)
(0.103627 0.187626 0.100388)
(0.0927793 0.199899 0.100445)
(0.101912 0.212661 0.100204)
(0.102368 0.20059 0.112958)
(-0.100277 0.351133 0.100035)
(-0.100447 0.301158 0.0749655)
(-0.100069 0.275087 0.100001)
(-0.0752329 0.301174 0.100031)
(-0.100367 0.300813 0.125105)
(2.0202e-08 0.349983 0.1)
(-7.3546e-07 0.299793 0.0749915)
(4.08319e-07 0.274535 0.099994)
(-0.0250195 0.29987 0.100008)
(0.0250201 0.299869 0.100006)
(9.51143e-07 0.299935 0.125005)
(0.100276 0.351134 0.100035)
(0.100446 0.301158 0.0749651)
(0.100069 0.275087 0.1)
(0.0751869 0.30118 0.10003)
(0.100367 0.300814 0.125105)
(-0.0501029 0.401087 0.100041)
(-0.0999998 0.4 0.15)
(0.0501065 0.401087 0.100041)
(1.3651e-08 0.399999 0.15)
(0.0999999 0.4 0.15)
(-0.0499998 -0.4 0.2)
(-0.100317 -0.351042 0.200373)
(0.0499998 -0.4 0.2)
(1.10495e-08 -0.350003 0.200001)
(0.100317 -0.351042 0.200373)
(2.74377e-07 -0.30004 0.175016)
(-0.0249953 -0.300022 0.200005)
(0.0249954 -0.300022 0.200004)
(1.39008e-08 -0.275097 0.200054)
(-0.0997807 -0.225 0.199753)
(1.32723e-06 -0.200093 0.226934)
(1.27845e-05 -0.20002 0.190911)
(6.74499e-06 -0.21242 0.20105)
(-0.0127063 -0.200196 0.202633)
(0.0127134 -0.200195 0.202634)
(4.77734e-06 -0.187473 0.20298)
(0.0997806 -0.225 0.199753)
(-2.79141e-08 -0.1001 0.175006)
(-1.49703e-08 -0.125072 0.200018)
(-0.0249878 -0.100063 0.199983)
(0.0249878 -0.100062 0.199983)
(-3.23261e-08 0.1001 0.175006)
(-0.0249878 0.100063 0.199983)
(0.0249878 0.100062 0.199983)
(-1.76134e-08 0.125072 0.200018)
(-0.0997808 0.225 0.199753)
(5.55323e-07 0.200093 0.226934)
(8.38627e-06 0.200021 0.190911)
(3.8347e-06 0.187473 0.20298)
(-0.0127082 0.200196 0.202633)
(0.0127116 0.200196 0.202635)
(-2.32945e-06 0.212421 0.20105)
(0.0997806 0.225 0.199753)
(-0.100317 0.351042 0.200373)
(8.20155e-09 0.350003 0.200001)
(2.53627e-07 0.30004 0.175016)
(-1.27048e-07 0.275097 0.200054)
(-0.0249954 0.300022 0.200005)
(0.0249954 0.300022 0.200004)
(0.100317 0.351042 0.200372)
(-0.0499998 0.4 0.2)
(0.0499998 0.4 0.2)
(-0.0500723 -0.274856 0.0499581)
(-0.0501432 -0.249862 0.0373807)
(-0.0626447 -0.249828 0.0499201)
(-0.0379479 -0.249341 0.0496796)
(-0.0504775 -0.236403 0.0496509)
(-0.0501992 -0.249253 0.0624182)
(0.0500712 -0.274855 0.049956)
(0.0501416 -0.24986 0.0373787)
(0.0379432 -0.24934 0.0496729)
(0.0626432 -0.249825 0.0499174)
(0.0504704 -0.236401 0.0496427)
(0.0501964 -0.249251 0.06241)
(-0.050169 -0.150921 0.0373334)
(-0.0512572 -0.166112 0.049051)
(-0.0625801 -0.150571 0.0499461)
(-0.0503194 -0.150696 0.0623262)
(0.050167 -0.150919 0.037332)
(0.0512547 -0.16611 0.0490431)
(0.0625796 -0.150569 0.0499468)
(0.050318 -0.150694 0.0623267)
(-0.050169 0.150921 0.0373334)
(-0.0625801 0.150571 0.0499461)
(-0.0512572 0.166112 0.049051)
(-0.0503194 0.150696 0.0623262)
(0.0501669 0.150919 0.037332)
(0.0625795 0.150569 0.0499468)
(0.0512547 0.16611 0.0490431)
(0.050318 0.150694 0.0623267)
(-0.0500723 0.274856 0.0499581)
(-0.0501432 0.249862 0.0373807)
(-0.0504775 0.236403 0.0496509)
(-0.0626447 0.249828 0.0499201)
(-0.0379479 0.249341 0.0496796)
(-0.0501992 0.249253 0.0624182)
(0.0500712 0.274855 0.049956)
(0.0501416 0.24986 0.0373787)
(0.0504704 0.236401 0.0496427)
(0.0379432 0.24934 0.0496729)
(0.0626432 0.249825 0.0499174)
(0.0501964 0.249251 0.06241)
(-0.0501635 -0.27617 0.150186)
(-0.0502078 -0.252089 0.137634)
(-0.0627516 -0.251251 0.150221)
(-0.0376424 -0.2516 0.150205)
(-0.0503571 -0.239189 0.150439)
(-0.0502358 -0.251308 0.162885)
(0.0501578 -0.276167 0.150192)
(0.0502076 -0.252087 0.137635)
(0.0376435 -0.251594 0.150204)
(0.0627384 -0.251266 0.150247)
(0.0503549 -0.239186 0.15044)
(0.0502332 -0.251305 0.162885)
(-0.0501367 -0.150993 0.137634)
(-0.0495076 -0.163754 0.149138)
(-0.0620334 -0.151071 0.149528)
(-0.0375477 -0.150824 0.150084)
(-0.0496916 -0.150841 0.162083)
(0.0501356 -0.15099 0.137634)
(0.0495107 -0.163751 0.149136)
(0.0375483 -0.150823 0.150083)
(0.0620341 -0.15107 0.149528)
(0.0496924 -0.15084 0.162083)
(-0.0501368 0.150993 0.137634)
(-0.0620334 0.151071 0.149528)
(-0.0375477 0.150824 0.150084)
(-0.0495076 0.163754 0.149138)
(-0.0496916 0.150841 0.162082)
(0.0501357 0.15099 0.137634)
(0.0375483 0.150823 0.150083)
(0.0620341 0.15107 0.149528)
(0.0495107 0.163751 0.149136)
(0.0496924 0.15084 0.162082)
(-0.0501635 0.27617 0.150186)
(-0.0502078 0.252089 0.137634)
(-0.0503571 0.239189 0.150439)
(-0.0627516 0.251251 0.150221)
(-0.0376424 0.2516 0.150205)
(-0.0502358 0.251308 0.162885)
(0.0501579 0.276167 0.150192)
(0.0502076 0.252087 0.137635)
(0.0503549 0.239186 0.15044)
(0.0376435 0.251594 0.150204)
(0.0627384 0.251266 0.150247)
(0.0502332 0.251305 0.162885)
(-0.0499859 -0.275037 8.13317e-06)
(-0.0500081 -0.29999 0.0249917)
(-0.0999165 -0.249982 -0.0249123)
(-0.124916 -0.249988 6.71272e-05)
(-0.0751807 -0.300828 0.0499314)
(-0.100012 -0.275042 0.0500089)
(0.0499857 -0.275037 8.15921e-06)
(0.0500079 -0.299989 0.0249915)
(-3.25911e-06 -0.238677 -0.000609138)
(-0.0125307 -0.250472 -0.000275268)
(0.012528 -0.250471 -0.000275636)
(-8.80838e-07 -0.250158 0.0123476)
(-3.3299e-07 -0.25024 -0.0252456)
(-0.0250214 -0.299905 0.0499833)
(0.0250202 -0.299905 0.0499824)
(-2.36794e-06 -0.274694 0.0499546)
(0.0999165 -0.249982 -0.0249122)
(0.124916 -0.249988 6.72449e-05)
(0.0751798 -0.300828 0.049931)
(0.100011 -0.275041 0.0500085)
(-0.0622758 -0.199988 0.000511782)
(-0.0371616 -0.201293 -0.00166252)
(-0.0449832 -0.209823 0.00609947)
(-0.0464182 -0.186767 0.00378766)
(-0.0504293 -0.199996 -0.0263691)
(-0.0998595 -0.150087 -0.0248464)
(-0.124857 -0.150065 0.00010675)
(-0.0997535 -0.199624 0.0377417)
(-0.102255 -0.200512 0.0621024)
(-0.0996295 -0.212643 0.0502616)
(-0.0882467 -0.201273 0.0506718)
(-0.100905 -0.187078 0.0498188)
(-0.126577 -0.200138 0.0497168)
(0.0371769 -0.201289 -0.00165552)
(0.0622739 -0.199986 0.000512855)
(0.04495 -0.209817 0.00608119)
(0.0464266 -0.186761 0.00379747)
(0.0504261 -0.199995 -0.0263702)
(-2.16798e-06 -0.165414 0.00309502)
(-0.0124952 -0.149941 -8.75997e-05)
(0.0124942 -0.14994 -8.81943e-05)
(-2.64068e-07 -0.150117 0.0124595)
(1.70122e-07 -0.149948 -0.0253114)
(-9.62238e-05 -0.201397 0.0321345)
(-1.93827e-18 -0.203498 0.0657641)
(4.55904e-06 -0.208787 0.0500503)
(-0.0134707 -0.200619 0.0488829)
(0.0134307 -0.20061 0.0488667)
(-6.31117e-06 -0.187817 0.0482909)
(0.0998597 -0.150087 -0.0248461)
(0.124857 -0.150065 0.000107054)
(0.0997471 -0.199623 0.0377357)
(0.102256 -0.200509 0.0621021)
(0.0996283 -0.212641 0.0502606)
(0.0882409 -0.201268 0.0506658)
(0.100904 -0.187074 0.0498211)
(0.126576 -0.200137 0.0497158)
(-0.0998595 0.150087 -0.0248464)
(-0.124857 0.150065 0.000106749)
(-2.16798e-06 0.165414 0.00309502)
(-0.0124952 0.149941 -8.75994e-05)
(0.0124942 0.14994 -8.81945e-05)
(-2.65537e-07 0.150117 0.0124595)
(1.70368e-07 0.149948 -0.0253114)
(0.0998597 0.150087 -0.0248461)
(0.124857 0.150065 0.000107054)
(-0.0622767 0.199988 0.000512474)
(-0.0371616 0.201293 -0.00166252)
(-0.0464182 0.186767 0.00378766)
(-0.0449832 0.209823 0.00609947)
(-0.0504293 0.199996 -0.0263691)
(-0.0999165 0.249982 -0.0249123)
(-0.124916 0.249988 6.71272e-05)
(-0.0997535 0.199624 0.0377417)
(-0.102255 0.200512 0.0621024)
(-0.100905 0.187078 0.0498188)
(-0.0882467 0.201273 0.0506718)
(-0.0996295 0.212643 0.0502616)
(-0.126577 0.200138 0.0497168)
(0.0371769 0.201289 -0.00165552)
(0.0622706 0.199986 0.000510383)
(0.0464266 0.186761 0.00379747)
(0.04495 0.209817 0.00608119)
(0.0504261 0.199995 -0.0263702)
(-3.26685e-06 0.238677 -0.000609138)
(-0.0125307 0.250472 -0.000275271)
(0.012528 0.250472 -0.000275633)
(-9.06145e-07 0.250158 0.0123476)
(-3.36059e-07 0.25024 -0.0252456)
(-9.62238e-05 0.201397 0.0321345)
(-1.20516e-18 0.203498 0.0657641)
(-6.31037e-06 0.187817 0.0482909)
(-0.0134707 0.200619 0.0488829)
(0.0134307 0.20061 0.0488667)
(4.55904e-06 0.208787 0.0500503)
(0.0999165 0.249982 -0.0249122)
(0.124916 0.249988 6.72449e-05)
(0.0997471 0.199623 0.0377357)
(0.102256 0.200509 0.0621021)
(0.100904 0.187074 0.0498211)
(0.0882409 0.201268 0.0506658)
(0.0996283 0.212641 0.0502606)
(0.126576 0.200137 0.0497158)
(-0.0499859 0.275037 8.13454e-06)
(-0.0500081 0.29999 0.0249917)
(-0.100012 0.275042 0.0500089)
(-0.0751806 0.300828 0.0499314)
(0.0499857 0.275037 8.15875e-06)
(0.0500079 0.299989 0.0249915)
(-2.37002e-06 0.274694 0.0499546)
(-0.0250214 0.299905 0.0499833)
(0.0250202 0.299905 0.0499824)
(0.100011 0.275041 0.0500085)
(0.0751799 0.300828 0.049931)
(-0.0500321 -0.299908 0.0749969)
(-0.0499339 -0.275947 0.100121)
(-0.0500902 -0.301317 0.125036)
(-0.10051 -0.238103 0.100036)
(-0.100322 -0.250396 0.087501)
(-0.0877732 -0.250387 0.100026)
(-0.100132 -0.250224 0.112493)
(-0.125148 -0.250146 0.0999974)
(-0.0752894 -0.301125 0.150221)
(-0.0999404 -0.274987 0.149949)
(0.0500319 -0.299908 0.0749949)
(0.0499113 -0.275942 0.100115)
(0.0500316 -0.301318 0.125026)
(4.71905e-07 -0.234523 0.0998048)
(-3.43913e-06 -0.247549 0.0873622)
(-0.0125737 -0.248718 0.100034)
(0.012577 -0.248717 0.10002)
(-0.0250096 -0.300853 0.150045)
(0.0250353 -0.300848 0.150045)
(2.70173e-06 -0.275053 0.150025)
(0.100509 -0.2381 0.100031)
(0.100321 -0.250394 0.0874968)
(0.0877729 -0.250384 0.100021)
(0.100132 -0.250222 0.112491)
(0.125148 -0.250145 0.0999958)
(0.0752695 -0.301131 0.150218)
(0.0999403 -0.274987 0.149949)
(-0.0387985 -0.200556 0.100497)
(-0.0548411 -0.201603 0.0875877)
(-0.0526287 -0.21112 0.100852)
(-0.0552861 -0.18758 0.103048)
(-0.0490861 -0.199763 0.111964)
(-0.100523 -0.162496 0.100035)
(-0.100276 -0.149974 0.0875053)
(-0.0875408 -0.150119 0.099991)
(-0.0999482 -0.150303 0.112436)
(-0.125146 -0.150043 0.0999951)
(-0.100076 -0.20085 0.137415)
(-0.0986046 -0.212736 0.149095)
(-0.0868875 -0.200964 0.149689)
(-0.101321 -0.187472 0.150797)
(-0.126233 -0.20024 0.150563)
(0.038812 -0.200556 0.100479)
(0.0548453 -0.201603 0.0876285)
(0.0526103 -0.211121 0.100911)
(0.0552861 -0.18758 0.103059)
(0.0490766 -0.199763 0.111979)
(-0.000139904 -0.20063 0.141961)
(0.100524 -0.162493 0.100034)
(0.100277 -0.149972 0.0875044)
(0.0875423 -0.150115 0.0999905)
(0.0999485 -0.1503 0.112436)
(0.125146 -0.150042 0.0999947)
(0.100115 -0.20085 0.137428)
(0.0986039 -0.212735 0.149095)
(0.0869217 -0.200965 0.149717)
(0.101397 -0.187465 0.150843)
(0.126269 -0.200241 0.150581)
(-2.24414e-07 -0.1253 0.150147)
(-0.0250066 -0.100178 0.150031)
(0.0250066 -0.100178 0.150031)
(-0.100523 0.162496 0.100035)
(-0.100276 0.149974 0.0875053)
(-0.0875408 0.150119 0.099991)
(-0.0999482 0.150303 0.112436)
(-0.125146 0.150043 0.0999951)
(-0.0250067 0.100178 0.150031)
(0.0250066 0.100178 0.150031)
(-2.39599e-07 0.1253 0.150147)
(0.100524 0.162493 0.100034)
(0.100277 0.149972 0.0875044)
(0.0875422 0.150115 0.0999905)
(0.0999485 0.1503 0.112436)
(0.125146 0.150042 0.0999947)
(-0.0387985 0.200556 0.100497)
(-0.0548411 0.201603 0.0875877)
(-0.0552852 0.18758 0.103049)
(-0.0526287 0.21112 0.100852)
(-0.0490861 0.199763 0.111964)
(-0.100509 0.238103 0.100036)
(-0.100322 0.250396 0.087501)
(-0.0877732 0.250387 0.100026)
(-0.100132 0.250224 0.112493)
(-0.125148 0.250146 0.0999974)
(-0.100111 0.200852 0.137432)
(-0.101396 0.187465 0.150844)
(-0.0869234 0.200967 0.149716)
(-0.0986046 0.212736 0.149095)
(-0.126268 0.200242 0.150581)
(0.038812 0.200556 0.10048)
(0.0548453 0.201603 0.0876285)
(0.0552853 0.18758 0.103061)
(0.0526103 0.211121 0.100911)
(0.0490766 0.199763 0.111979)
(4.68622e-07 0.234523 0.0998048)
(-3.44141e-06 0.247549 0.0873622)
(-0.0125737 0.248718 0.100034)
(0.012577 0.248717 0.10002)
(-0.000142459 0.20063 0.141962)
(0.100509 0.2381 0.100031)
(0.100321 0.250394 0.0874968)
(0.0877729 0.250384 0.100021)
(0.100132 0.250222 0.112491)
(0.125148 0.250145 0.0999958)
(0.100115 0.20085 0.137428)
(0.101397 0.187465 0.150843)
(0.0869217 0.200965 0.149717)
(0.0986039 0.212735 0.149095)
(0.126269 0.200241 0.150581)
(-0.0500321 0.299908 0.0749969)
(-0.0499339 0.275947 0.100121)
(-0.050111 0.301316 0.125036)
(-0.0999404 0.274987 0.149949)
(-0.0752894 0.301125 0.150221)
(0.0500319 0.299908 0.0749949)
(0.0499115 0.275942 0.100115)
(0.0500364 0.301318 0.125035)
(2.68384e-06 0.275053 0.150025)
(-0.0250358 0.300852 0.150045)
(0.0250095 0.300848 0.150045)
(0.0999403 0.274987 0.149949)
(0.075288 0.301126 0.150222)
(-0.0499875 -0.299998 0.174986)
(-0.0499543 -0.275012 0.199943)
(-0.0997716 -0.249928 0.174789)
(-0.0748387 -0.249964 0.199785)
(0.0499876 -0.299998 0.174985)
(0.0499542 -0.275012 0.199943)
(1.6493e-07 -0.250114 0.225099)
(0.0997713 -0.249928 0.174789)
(0.0748385 -0.249964 0.199784)
(-0.0377735 -0.200419 0.20143)
(-0.0498574 -0.200853 0.187473)
(-0.0493643 -0.212746 0.198932)
(-0.0504138 -0.187499 0.201393)
(-0.0504645 -0.200144 0.226555)
(0.0377755 -0.200418 0.201428)
(0.0498623 -0.200851 0.187468)
(0.0493654 -0.212745 0.198931)
(0.0504161 -0.187499 0.201396)
(0.0504649 -0.200144 0.226554)
(1.00752e-07 -0.150031 0.225078)
(-0.049957 -0.100139 0.174944)
(-0.0499318 -0.125144 0.199896)
(0.0499571 -0.100139 0.174944)
(0.0499319 -0.125144 0.199896)
(-0.049957 0.100139 0.174944)
(-0.0499318 0.125144 0.199896)
(0.0499571 0.100139 0.174944)
(0.0499319 0.125144 0.199896)
(7.64281e-08 0.150031 0.225078)
(-0.0377738 0.200419 0.20143)
(-0.0498574 0.200853 0.187473)
(-0.0504164 0.187499 0.201399)
(-0.0493645 0.212746 0.198932)
(-0.0504645 0.200144 0.226555)
(-0.0997716 0.249928 0.174789)
(-0.0748388 0.249964 0.199785)
(0.0377752 0.200418 0.201428)
(0.0498623 0.200851 0.187468)
(0.050416 0.1875 0.201396)
(0.0493652 0.212745 0.198931)
(0.0504648 0.200144 0.226554)
(-3.36674e-07 0.250114 0.225099)
(0.0997713 0.249928 0.174789)
(0.0748385 0.249964 0.199784)
(-0.0499875 0.299998 0.174986)
(-0.0499543 0.275012 0.199943)
(0.0499876 0.299998 0.174985)
(0.0499542 0.275012 0.199943)
(-0.0499326 -0.250052 -0.0249237)
(-0.0499883 -0.250168 0.0124961)
(-0.0374946 -0.250208 -4.42957e-05)
(-0.0498286 -0.237668 0.000257986)
(0.0499318 -0.250052 -0.024924)
(0.0499881 -0.250167 0.0124961)
(0.0374939 -0.250208 -4.42777e-05)
(0.049826 -0.237666 0.000257068)
(-0.0497759 -0.150222 -0.02465)
(-0.0497118 -0.150761 0.0128926)
(-0.049276 -0.163249 0.00127489)
(-0.0372468 -0.150715 0.000531986)
(0.049776 -0.150221 -0.0246498)
(0.049714 -0.150758 0.012895)
(0.0492774 -0.163246 0.00127697)
(0.0372465 -0.150713 0.000531315)
(-0.0497759 0.150222 -0.02465)
(-0.0497118 0.150761 0.0128926)
(-0.0372468 0.150715 0.000531986)
(-0.049276 0.163249 0.00127489)
(0.049776 0.150221 -0.0246498)
(0.0497139 0.150758 0.012895)
(0.0372465 0.150713 0.000531315)
(0.0492774 0.163246 0.00127697)
(-0.0499326 0.250052 -0.0249238)
(-0.0499884 0.250168 0.0124961)
(-0.0498288 0.237668 0.000257995)
(-0.0374947 0.250208 -4.4293e-05)
(0.0499318 0.250052 -0.024924)
(0.0499881 0.250167 0.0124961)
(0.049826 0.237666 0.000257068)
(0.0374939 0.250208 -4.42785e-05)
(-0.125003 -0.250066 0.0500322)
(-0.0875151 -0.250122 0.050022)
(-0.0999374 -0.237628 0.0500856)
(-0.10016 -0.250246 0.0624968)
(-0.0125305 -0.249421 0.0498768)
(0.0125159 -0.249421 0.0498701)
(-2.7441e-06 -0.249439 0.037382)
(-6.60123e-06 -0.236404 0.0498533)
(-0.0392761 -0.199727 0.0483828)
(-0.0494866 -0.199132 0.0626146)
(-0.050297 -0.249324 0.08746)
(-0.0503088 -0.250551 0.112538)
(-0.0626314 -0.250837 0.100102)
(-0.0377788 -0.249342 0.100198)
(-0.0513471 -0.237144 0.100425)
(0.125003 -0.250065 0.0500316)
(0.0875138 -0.25012 0.0500206)
(0.0999358 -0.237626 0.0500842)
(0.100159 -0.250244 0.0624946)
(0.0392782 -0.199726 0.0483954)
(0.0494915 -0.199132 0.0626236)
(0.0502977 -0.249317 0.0874245)
(0.0503162 -0.250552 0.112523)
(0.037792 -0.249341 0.100169)
(0.0626328 -0.250833 0.100091)
(0.0513519 -0.237139 0.100399)
(-0.124867 -0.150118 0.0500995)
(-0.0869054 -0.150793 0.0502708)
(-0.099327 -0.163171 0.0503366)
(-0.0999115 -0.150271 0.0625863)
(-0.0507333 -0.150506 0.0876083)
(-0.0505794 -0.151083 0.112786)
(-0.0568456 -0.168324 0.104557)
(-0.0627632 -0.150522 0.100077)
(0.124867 -0.150117 0.0500995)
(0.0869046 -0.15079 0.0502706)
(0.0993258 -0.163168 0.0503364)
(0.0999117 -0.150269 0.062586)
(0.050732 -0.150504 0.0876088)
(0.0505786 -0.151081 0.112786)
(0.0568427 -0.16832 0.104555)
(0.062763 -0.150518 0.100077)
(-0.124867 0.150118 0.0500995)
(-0.0869054 0.150793 0.0502708)
(-0.099327 0.163171 0.0503366)
(-0.0999115 0.150271 0.0625863)
(-0.0392761 0.199727 0.0483828)
(-0.0494866 0.199132 0.0626146)
(-0.050733 0.150506 0.0876087)
(-0.0505793 0.151083 0.112786)
(-0.0627631 0.150522 0.100077)
(-0.0568436 0.168323 0.10456)
(0.124867 0.150117 0.0500995)
(0.0869046 0.15079 0.0502706)
(0.0993258 0.163168 0.0503364)
(0.0999117 0.150269 0.062586)
(0.0392782 0.199726 0.0483954)
(0.0494915 0.199132 0.0626236)
(0.0507317 0.150504 0.0876093)
(0.0505784 0.151081 0.112786)
(0.0627629 0.150518 0.100077)
(0.0568409 0.168318 0.104557)
(-0.125003 0.250066 0.0500322)
(-0.0875151 0.250122 0.050022)
(-0.0999374 0.237628 0.0500856)
(-0.10016 0.250246 0.0624968)
(-0.0125305 0.249421 0.0498768)
(0.0125159 0.249421 0.0498701)
(-2.74554e-06 0.249439 0.037382)
(-6.60423e-06 0.236404 0.0498533)
(-0.050297 0.249324 0.08746)
(-0.0503089 0.250551 0.112538)
(-0.0513471 0.237144 0.100425)
(-0.0626314 0.250837 0.100102)
(-0.0377788 0.249342 0.100198)
(0.125003 0.250065 0.0500316)
(0.0875138 0.25012 0.0500206)
(0.0999358 0.237626 0.0500842)
(0.100159 0.250244 0.0624946)
(0.0502977 0.249317 0.0874245)
(0.0503162 0.250552 0.112523)
(0.0513519 0.237139 0.100399)
(0.037792 0.249341 0.100169)
(0.0626328 0.250833 0.100091)
(-0.124875 -0.250007 0.149908)
(-0.0499285 -0.250029 0.224911)
(0.124875 -0.250006 0.149908)
(0.0499286 -0.250028 0.224911)
(-0.124842 -0.150136 0.149884)
(-0.0499444 -0.150076 0.22492)
(0.124842 -0.150135 0.149883)
(0.0499445 -0.150076 0.22492)
(-0.124842 0.150136 0.149884)
(-0.0499444 0.150076 0.22492)
(0.124842 0.150135 0.149883)
(0.0499445 0.150076 0.22492)
(-0.124875 0.250007 0.149908)
(-0.0499286 0.250029 0.224911)
(0.124875 0.250006 0.149908)
(0.0499285 0.250028 0.224911)
(-0.0749589 -0.249998 -0.0499472)
(-0.0249963 -0.250045 -0.0500493)
(-0.0499303 -0.225012 -0.0499119)
(0.0249963 -0.250045 -0.0500493)
(0.0749587 -0.249998 -0.0499473)
(0.0499298 -0.225011 -0.0499122)
(-0.0498833 -0.175006 -0.0498331)
(-0.0749117 -0.150054 -0.0498793)
(-0.0249764 -0.150024 -0.0500339)
(0.0498833 -0.175006 -0.0498331)
(0.0249766 -0.150024 -0.0500339)
(0.0749118 -0.150054 -0.0498792)
(-0.0749117 0.150054 -0.0498793)
(-0.0249764 0.150024 -0.0500339)
(-0.0498833 0.175006 -0.0498331)
(0.0249766 0.150024 -0.050034)
(0.0749118 0.150054 -0.0498792)
(0.0498833 0.175006 -0.0498331)
(-0.0499303 0.225012 -0.0499119)
(-0.0749589 0.249998 -0.0499472)
(-0.0249963 0.250045 -0.0500493)
(0.0499298 0.225011 -0.0499122)
(0.0249963 0.250045 -0.0500493)
(0.0749588 0.249998 -0.0499473)
(-0.149963 -0.250007 0.025031)
(-0.149988 -0.225036 0.0500455)
(-0.150067 -0.250057 0.0750033)
(0.149963 -0.250007 0.0250309)
(0.149988 -0.225035 0.0500449)
(0.150067 -0.250057 0.0750027)
(-0.149913 -0.150035 0.0250605)
(-0.149946 -0.175024 0.0500714)
(-0.150058 -0.150022 0.075013)
(-0.0739949 -0.175232 0.0134877)
(-0.0857837 -0.17513 0.0261128)
(-0.0733853 -0.186768 0.026865)
(-0.0692249 -0.169001 0.0302315)
(-0.0778252 -0.175337 0.0374908)
(0.0117449 -0.175085 0.0288976)
(0.024813 -0.165222 0.0247949)
(0.0253746 -0.175538 0.0342512)
(0.149913 -0.150035 0.0250606)
(0.149946 -0.175023 0.0500713)
(0.150058 -0.150021 0.0750128)
(-0.149913 0.150035 0.0250605)
(-0.149946 0.175024 0.0500714)
(-0.150058 0.150022 0.075013)
(0.149913 0.150035 0.0250606)
(0.149946 0.175023 0.0500713)
(0.150058 0.150021 0.0750128)
(-0.149963 0.250007 0.025031)
(-0.149988 0.225036 0.0500455)
(-0.150067 0.250057 0.0750034)
(-0.0741708 0.224393 0.0133143)
(-0.0865381 0.22468 0.0256881)
(-0.0715783 0.211619 0.0284804)
(-0.0619808 0.22235 0.0255216)
(-0.0745276 0.237208 0.0253949)
(-0.0723486 0.222181 0.0376617)
(0.0248561 0.226106 0.0131856)
(0.012467 0.223704 0.0248065)
(0.03739 0.225788 0.0252384)
(0.0251469 0.237254 0.0246984)
(0.0256434 0.219928 0.0333813)
(0.149963 0.250007 0.0250309)
(0.149988 0.225035 0.0500449)
(0.150067 0.250057 0.0750027)
(-0.149994 -0.250032 0.124975)
(-0.149881 -0.22503 0.149911)
(0.149994 -0.250032 0.124975)
(0.149881 -0.22503 0.149911)
(-0.149988 -0.150049 0.124971)
(-0.149889 -0.175053 0.149914)
(-0.0851008 -0.175514 0.122619)
(-0.0745506 -0.165306 0.125008)
(-0.0767415 -0.175338 0.138176)
(0.0261947 -0.175553 0.113715)
(0.0261604 -0.187794 0.127032)
(0.0132374 -0.175543 0.127532)
(0.041508 -0.176035 0.128997)
(0.0256759 -0.163592 0.126054)
(0.0262847 -0.176227 0.139847)
(0.149988 -0.150048 0.124971)
(0.149889 -0.175053 0.149914)
(-0.149988 0.150049 0.124971)
(-0.149889 0.175053 0.149914)
(0.149988 0.150048 0.124971)
(0.149889 0.175053 0.149914)
(-0.149994 0.250032 0.124975)
(-0.149881 0.22503 0.149911)
(-0.0828218 0.220351 0.121408)
(-0.0746336 0.227491 0.112474)
(-0.062219 0.228496 0.1249)
(-0.0751816 0.237951 0.125079)
(-0.0721994 0.221915 0.13724)
(0.0251197 0.223165 0.112716)
(0.0247823 0.210196 0.123997)
(0.0163375 0.223376 0.124821)
(0.0375202 0.226094 0.124854)
(0.0249629 0.237705 0.124907)
(0.0252855 0.225617 0.137363)
(0.149994 0.250032 0.124975)
(0.149881 0.22503 0.149911)
(-0.0249859 -0.250034 0.250009)
(-0.0499454 -0.225028 0.249932)
(0.0249861 -0.250034 0.250009)
(0.0499456 -0.225028 0.249932)
(-0.0499581 -0.17503 0.249946)
(-0.0249897 -0.150022 0.250003)
(0.0499582 -0.17503 0.249946)
(0.0249898 -0.150022 0.250003)
(-0.0249897 0.150022 0.250003)
(-0.0499581 0.17503 0.249946)
(0.0249898 0.150022 0.250003)
(0.0499582 0.17503 0.249946)
(-0.0499455 0.225028 0.249932)
(-0.0249861 0.250034 0.250009)
(0.0499455 0.225028 0.249932)
(0.024986 0.250034 0.250009)
(-0.0741708 -0.224393 0.0133143)
(-0.0865381 -0.22468 0.0256881)
(-0.0745276 -0.237208 0.0253949)
(-0.0715783 -0.211619 0.0284804)
(-0.0619808 -0.22235 0.0255216)
(-0.0723486 -0.222181 0.0376617)
(-0.0248587 -0.226108 0.0131861)
(-0.025147 -0.237256 0.0246994)
(-0.037387 -0.225791 0.0252378)
(-0.0256389 -0.219931 0.0333799)
(-0.012472 -0.223706 0.0248042)
(-0.0848668 -0.223222 0.0749258)
(-0.0745904 -0.227525 0.0625428)
(-0.07545 -0.239479 0.074949)
(-0.0622032 -0.225853 0.075075)
(-0.0742954 -0.228567 0.0875179)
(-0.0269611 -0.221428 0.0683996)
(-0.0254128 -0.235541 0.0751041)
(-0.0376035 -0.223328 0.0747965)
(-0.015194 -0.220495 0.0771935)
(-0.0258237 -0.20724 0.0745941)
(-0.025036 -0.221509 0.0862739)
(0.0248561 -0.226106 0.0131856)
(0.0251469 -0.237254 0.0246984)
(0.012467 -0.223704 0.0248065)
(0.03739 -0.225788 0.0252384)
(0.0256434 -0.219928 0.0333813)
(0.0741759 -0.224392 0.01332)
(0.0865405 -0.224679 0.0256921)
(0.0745305 -0.237207 0.0253991)
(0.0619791 -0.222352 0.0255188)
(0.0723456 -0.222179 0.0376599)
(0.071569 -0.211619 0.0284699)
(0.0151128 -0.220487 0.0771249)
(0.0268656 -0.221456 0.0682438)
(0.0253984 -0.235537 0.0750783)
(0.0376034 -0.223325 0.0747946)
(0.0258228 -0.207238 0.0745902)
(0.0250398 -0.221439 0.0861855)
(0.0848626 -0.223216 0.0749146)
(0.074589 -0.22752 0.0625409)
(0.0754493 -0.239474 0.0749449)
(0.0622023 -0.225851 0.0750762)
(0.074296 -0.228562 0.0875193)
(-0.0117392 -0.175085 0.0288975)
(-0.0248116 -0.165225 0.0247943)
(-0.0253648 -0.175538 0.034244)
(-0.0914168 -0.175516 0.0745861)
(-0.0583054 -0.175053 0.0757757)
(-0.0746823 -0.163243 0.0750034)
(-0.0254989 -0.187977 0.0747716)
(-0.0260954 -0.175531 0.061417)
(-0.0395127 -0.175444 0.074339)
(-0.0128596 -0.175903 0.0746469)
(-0.0258084 -0.175693 0.0875516)
(0.0739943 -0.175232 0.0134872)
(0.0857826 -0.175128 0.0261128)
(0.0733731 -0.186765 0.0268508)
(0.0692428 -0.169001 0.0302523)
(0.0778242 -0.175337 0.0374914)
(0.0260995 -0.175531 0.0614223)
(0.0258096 -0.17569 0.0875529)
(0.0254993 -0.187976 0.0747726)
(0.0128614 -0.175902 0.0746482)
(0.0395152 -0.175443 0.0743514)
(0.0914141 -0.175514 0.0745861)
(0.0583007 -0.175053 0.0757718)
(0.0746822 -0.163238 0.0750035)
(-0.0739949 0.175232 0.0134877)
(-0.0857837 0.17513 0.0261128)
(-0.0692249 0.169001 0.0302315)
(-0.0733853 0.186768 0.026865)
(-0.0778252 0.175337 0.0374908)
(-0.0248116 0.165225 0.0247943)
(-0.0253648 0.175538 0.034244)
(-0.0117392 0.175085 0.0288975)
(-0.0914168 0.175516 0.0745861)
(-0.0746823 0.163243 0.0750034)
(-0.0583054 0.175053 0.0757757)
(-0.0260954 0.175531 0.061417)
(-0.0395127 0.175444 0.074339)
(-0.0128596 0.175903 0.0746469)
(-0.0254988 0.187976 0.0747716)
(-0.0258082 0.175692 0.0875516)
(0.024813 0.165222 0.0247949)
(0.0117449 0.175085 0.0288976)
(0.0253746 0.175538 0.0342512)
(0.0739943 0.175232 0.0134872)
(0.0857826 0.175128 0.0261128)
(0.0692428 0.169001 0.0302523)
(0.0778242 0.175337 0.0374914)
(0.0733731 0.186765 0.0268508)
(0.0128614 0.175902 0.0746483)
(0.0260995 0.175531 0.0614224)
(0.0395152 0.175443 0.0743515)
(0.0254993 0.187976 0.0747727)
(0.0258096 0.17569 0.0875531)
(0.0914141 0.175514 0.0745861)
(0.0746822 0.163238 0.0750035)
(0.0583007 0.175053 0.0757718)
(-0.0248587 0.226108 0.0131861)
(-0.037387 0.225791 0.0252378)
(-0.012472 0.223706 0.0248042)
(-0.025147 0.237256 0.0246994)
(-0.0256389 0.219931 0.0333799)
(-0.0848668 0.223222 0.0749258)
(-0.0745904 0.227525 0.0625428)
(-0.0742954 0.228567 0.0875179)
(-0.0622032 0.225853 0.075075)
(-0.07545 0.239479 0.074949)
(-0.0258237 0.20724 0.0745941)
(-0.026961 0.221428 0.0683996)
(-0.0376035 0.223328 0.0747965)
(-0.0254128 0.235541 0.0751041)
(-0.015194 0.220495 0.0771935)
(-0.025036 0.221509 0.0862739)
(0.0741759 0.224392 0.01332)
(0.0619791 0.222352 0.0255188)
(0.0865405 0.224679 0.0256921)
(0.071569 0.211619 0.0284699)
(0.0745305 0.237207 0.0253991)
(0.0723456 0.222179 0.0376599)
(0.0268656 0.221456 0.0682438)
(0.0250398 0.221439 0.0861855)
(0.0258228 0.207238 0.0745902)
(0.0151128 0.220487 0.0771249)
(0.0376034 0.223325 0.0747946)
(0.0253984 0.235537 0.0750783)
(0.0848626 0.223216 0.0749146)
(0.074589 0.22752 0.0625409)
(0.0622023 0.225851 0.0750762)
(0.0754493 0.239474 0.0749449)
(0.074296 0.228562 0.0875193)
(-0.0828218 -0.220351 0.121408)
(-0.0751816 -0.237951 0.125079)
(-0.0746333 -0.227491 0.112475)
(-0.062219 -0.228496 0.1249)
(-0.0721994 -0.221915 0.13724)
(-0.0251198 -0.223167 0.112717)
(-0.0249528 -0.237707 0.124913)
(-0.0375216 -0.226079 0.124849)
(-0.02529 -0.225644 0.137361)
(-0.0163373 -0.223378 0.124821)
(-0.0247833 -0.2102 0.123996)
(-0.0250031 -0.22536 0.187798)
(-0.0248606 -0.22593 0.161805)
(-0.0250283 -0.237976 0.175201)
(-0.0338573 -0.220213 0.170178)
(-0.012583 -0.222946 0.172319)
(-0.0250106 -0.211686 0.176002)
(0.0249753 -0.237706 0.124908)
(0.0247823 -0.210196 0.123997)
(0.0251197 -0.223165 0.112716)
(0.0163375 -0.223376 0.124821)
(0.0375202 -0.226094 0.124854)
(0.0252855 -0.225617 0.137363)
(0.0828181 -0.220351 0.121413)
(0.0746315 -0.227488 0.112474)
(0.0751821 -0.237947 0.125075)
(0.0622209 -0.228494 0.1249)
(0.0722003 -0.221915 0.137239)
(0.0250049 -0.225359 0.187798)
(0.0125792 -0.222946 0.17231)
(0.0248573 -0.225926 0.161806)
(0.0250291 -0.237974 0.175201)
(0.0338597 -0.220212 0.170175)
(0.0250125 -0.211686 0.176001)
(-0.0414799 -0.176036 0.129025)
(-0.0132508 -0.175547 0.127533)
(-0.026189 -0.175562 0.113719)
(-0.0261529 -0.1878 0.127046)
(-0.0256778 -0.163594 0.126056)
(-0.026309 -0.176228 0.139839)
(-0.0738538 -0.175309 0.161337)
(-0.0752737 -0.187452 0.175201)
(-0.0616055 -0.175294 0.173796)
(-0.0250731 -0.175056 0.188086)
(-0.0254318 -0.187216 0.178534)
(-0.0350124 -0.175538 0.172355)
(-0.024207 -0.16709 0.170725)
(-0.0128546 -0.175575 0.178361)
(0.0850989 -0.175514 0.122619)
(0.0745493 -0.165307 0.125008)
(0.0767465 -0.175335 0.138166)
(0.0250738 -0.175056 0.188086)
(0.0254316 -0.187214 0.178534)
(0.0128497 -0.175575 0.17836)
(0.0350113 -0.175538 0.172353)
(0.0242073 -0.167089 0.170725)
(0.0753059 -0.187447 0.175236)
(0.0738549 -0.175309 0.161336)
(0.0616061 -0.175296 0.173795)
(-0.0851008 0.175514 0.122619)
(-0.0745506 0.165306 0.125008)
(-0.0767415 0.175338 0.138176)
(-0.0261894 0.175561 0.11372)
(-0.0256778 0.163594 0.126056)
(-0.0414799 0.176036 0.129025)
(-0.026309 0.176228 0.139839)
(-0.0132507 0.175547 0.127533)
(-0.0261523 0.187799 0.127045)
(-0.0738538 0.175309 0.161337)
(-0.0616055 0.175294 0.173796)
(-0.0753065 0.187447 0.175238)
(-0.0250732 0.175056 0.188086)
(-0.024207 0.16709 0.170725)
(-0.0350124 0.175538 0.172355)
(-0.0128546 0.175575 0.178361)
(-0.0254318 0.187216 0.178534)
(0.0256759 0.163592 0.126054)
(0.0261604 0.187794 0.127032)
(0.0261947 0.175553 0.113715)
(0.0132374 0.175543 0.127532)
(0.041508 0.176035 0.128997)
(0.0262847 0.176227 0.139847)
(0.0850989 0.175514 0.122619)
(0.0745493 0.165307 0.125008)
(0.0767465 0.175335 0.138166)
(0.0250738 0.175056 0.188086)
(0.0128497 0.175575 0.17836)
(0.0242073 0.167089 0.170725)
(0.0350113 0.175538 0.172353)
(0.0254317 0.187214 0.178534)
(0.0738549 0.175309 0.161336)
(0.0616061 0.175296 0.173795)
(0.0753059 0.187447 0.175236)
(-0.0375216 0.226079 0.124849)
(-0.0163373 0.223378 0.124821)
(-0.0251198 0.223167 0.112717)
(-0.0247833 0.2102 0.123996)
(-0.0249656 0.237709 0.124914)
(-0.02529 0.225644 0.137361)
(-0.0250037 0.22536 0.187798)
(-0.0250106 0.211686 0.176002)
(-0.0248606 0.22593 0.161805)
(-0.0338573 0.220213 0.170178)
(-0.0250284 0.237976 0.175201)
(-0.012583 0.222946 0.172319)
(0.0622209 0.228494 0.1249)
(0.0828181 0.220351 0.121413)
(0.0746316 0.227487 0.112473)
(0.0751821 0.237947 0.125075)
(0.0722003 0.221915 0.137239)
(0.0248573 0.225926 0.161806)
(0.0250042 0.225359 0.187798)
(0.0250125 0.211686 0.176001)
(0.0125792 0.222946 0.17231)
(0.0338597 0.220212 0.170175)
(0.025029 0.237974 0.175201)
(-0.0999385 -0.224993 -0.0499259)
(-0.0756964 -0.200063 -0.0513245)
(-0.0999178 -0.175013 -0.049899)
(7.95744e-07 -0.226175 -0.0535192)
(-0.0255845 -0.200187 -0.0540879)
(0.0255863 -0.200189 -0.0540899)
(7.97617e-07 -0.174984 -0.0503052)
(0.0999383 -0.224993 -0.049926)
(0.0756962 -0.200062 -0.051325)
(0.0999177 -0.175013 -0.049899)
(-0.0999178 0.175013 -0.049899)
(-0.0756965 0.200063 -0.0513245)
(-0.0999385 0.224993 -0.0499259)
(7.98315e-07 0.174984 -0.0503052)
(-0.0255845 0.200187 -0.0540879)
(0.0255863 0.200189 -0.0540899)
(7.91887e-07 0.226175 -0.0535183)
(0.0999177 0.175013 -0.049899)
(0.0756962 0.200062 -0.051325)
(0.0999383 0.224993 -0.049926)
(-0.149928 -0.224997 5.21974e-05)
(-0.149904 -0.17501 6.80014e-05)
(-0.151387 -0.200028 0.0245169)
(-0.0742184 -0.212481 0.000963748)
(-0.0750179 -0.187234 5.69034e-06)
(-0.0749327 -0.200731 0.0124822)
(-0.0988089 -0.212513 0.0257426)
(-0.0999615 -0.187141 0.0250184)
(-0.0868653 -0.199982 0.0252917)
(-0.012602 -0.22339 0.0025519)
(0.0125887 -0.22339 0.00254837)
(8.06929e-07 -0.226093 0.0134232)
(-0.0258293 -0.212415 -0.00466802)
(-0.0257484 -0.187493 -0.00480397)
(0.0258527 -0.212415 -0.00466471)
(0.0257484 -0.187492 -0.00480324)
(-0.0130457 -0.175479 -0.00432274)
(0.0130435 -0.175476 -0.00432262)
(-1.87317e-06 -0.185903 0.0292311)
(0.149928 -0.224997 5.21694e-05)
(0.149904 -0.17501 6.8034e-05)
(0.151385 -0.200028 0.0245118)
(0.0742151 -0.21248 0.000962053)
(0.0750689 -0.187231 5.08852e-05)
(0.0749725 -0.200729 0.0125667)
(0.0988079 -0.212512 0.0257418)
(0.0999607 -0.187139 0.0250198)
(0.0868691 -0.199982 0.0252969)
(-0.149904 0.17501 6.80006e-05)
(-0.149928 0.224997 5.21972e-05)
(-0.151386 0.200028 0.0245119)
(-0.0750599 0.187233 4.21202e-05)
(-0.0742184 0.212481 0.000963748)
(-0.0749512 0.200731 0.0124998)
(-0.0999621 0.187141 0.0250193)
(-0.0988089 0.212513 0.0257426)
(-0.0868659 0.199982 0.0252926)
(-0.0130457 0.175479 -0.00432274)
(0.0130435 0.175476 -0.00432262)
(-0.0257484 0.187493 -0.00480397)
(-0.0258293 0.212415 -0.00466802)
(0.0257484 0.187492 -0.00480324)
(0.0258527 0.212415 -0.00466471)
(-0.012602 0.22339 0.0025519)
(0.0125887 0.22339 0.00254837)
(8.06929e-07 0.226093 0.0134232)
(-1.87317e-06 0.185903 0.0292311)
(0.149904 0.17501 6.80349e-05)
(0.149928 0.224997 5.21697e-05)
(0.151387 0.200028 0.0245168)
(0.075064 0.187231 4.63987e-05)
(0.0742151 0.21248 0.000962052)
(0.0749565 0.200731 0.0125069)
(0.0999607 0.187139 0.0250198)
(0.0988079 0.212512 0.0257418)
(0.0868668 0.199982 0.0252937)
(-0.151977 -0.20008 0.0748638)
(-0.150132 -0.225073 0.0999913)
(-0.15016 -0.175032 0.0999953)
(-0.151697 -0.200091 0.125344)
(-0.101987 -0.212667 0.0747956)
(-0.103626 -0.187626 0.0746582)
(-0.0929038 -0.19989 0.0745731)
(-0.101112 -0.225845 0.0875078)
(-0.100406 -0.22544 0.112539)
(-0.0848639 -0.223145 0.100093)
(-0.102366 -0.174872 0.0875241)
(-0.100809 -0.175037 0.112639)
(-0.0912714 -0.175528 0.100434)
(-0.0994692 -0.212696 0.124663)
(-0.101984 -0.187363 0.125597)
(-0.0881488 -0.201281 0.124411)
(-0.0122044 -0.203498 0.0752544)
(0.0122044 -0.203498 0.0752544)
(1.7069e-07 -0.189407 0.0748451)
(-3.05417e-13 -0.218572 0.0872641)
(-0.0121205 -0.220705 0.100867)
(0.012113 -0.220701 0.100859)
(2.01318e-06 -0.224421 0.112276)
(-0.0209557 -0.203961 0.0874999)
(-0.0218707 -0.211883 0.101716)
(-0.0254998 -0.188486 0.100262)
(-0.0253614 -0.199177 0.112581)
(0.0255049 -0.188479 0.100256)
(0.025399 -0.19914 0.112567)
(0.0209545 -0.203959 0.0874998)
(0.0219639 -0.211909 0.101603)
(0.0128887 -0.175921 0.100414)
(-1.85662e-06 -0.175719 0.113555)
(6.97581e-07 -0.176354 0.087528)
(-0.0128851 -0.175927 0.100416)
(0.0121867 -0.200454 0.126712)
(-4.28734e-05 -0.187998 0.128032)
(4.74528e-05 -0.212861 0.126248)
(-0.0121386 -0.200496 0.126731)
(0.151976 -0.200079 0.0748626)
(0.150132 -0.225073 0.0999902)
(0.15016 -0.175031 0.0999948)
(0.151708 -0.200091 0.12535)
(0.101986 -0.212666 0.0747879)
(0.103622 -0.187623 0.0746545)
(0.0928985 -0.199903 0.0745605)
(0.101111 -0.225841 0.0874963)
(0.100404 -0.225436 0.112535)
(0.0848641 -0.223141 0.10008)
(0.102364 -0.174869 0.0875225)
(0.100807 -0.175035 0.11264)
(0.0912682 -0.17553 0.100433)
(0.099469 -0.212695 0.124662)
(0.102018 -0.187358 0.125609)
(0.0881522 -0.201278 0.124405)
(-0.151977 0.20008 0.0748638)
(-0.15016 0.175032 0.0999953)
(-0.150132 0.225073 0.0999914)
(-0.151708 0.200091 0.125347)
(-0.103626 0.187626 0.0746582)
(-0.101987 0.212667 0.0747956)
(-0.0929038 0.19989 0.0745731)
(-0.102366 0.174872 0.0875241)
(-0.100809 0.175037 0.112639)
(-0.0912714 0.175528 0.100434)
(-0.101112 0.225845 0.0875078)
(-0.100406 0.22544 0.11254)
(-0.0848639 0.223145 0.100093)
(-0.102019 0.18736 0.125609)
(-0.0994692 0.212696 0.124663)
(-0.0881488 0.201281 0.124411)
(1.80056e-07 0.189407 0.0748451)
(-0.0122044 0.203498 0.0752544)
(0.0122044 0.203498 0.0752544)
(6.89054e-07 0.176354 0.087528)
(-0.0128848 0.175927 0.100416)
(0.0128888 0.175921 0.100414)
(-1.84042e-06 0.175718 0.113555)
(-0.0209557 0.203961 0.0874999)
(-0.0254987 0.188484 0.100261)
(-0.0218707 0.211883 0.101716)
(-0.0253637 0.199182 0.112585)
(0.0219639 0.211909 0.101603)
(0.0253989 0.19914 0.112567)
(0.0209545 0.203959 0.0874998)
(0.0255049 0.188479 0.100256)
(0.012113 0.220701 0.100859)
(2.01054e-06 0.224421 0.112276)
(-1.38287e-18 0.218572 0.0872641)
(-0.0121205 0.220705 0.100867)
(0.0121867 0.200454 0.126712)
(4.7367e-05 0.212861 0.126248)
(-4.29579e-05 0.187998 0.128032)
(-0.0121387 0.200496 0.126731)
(0.151976 0.200079 0.0748626)
(0.15016 0.175031 0.0999948)
(0.150132 0.225073 0.0999902)
(0.151709 0.200091 0.125346)
(0.103622 0.187623 0.0746545)
(0.101986 0.212666 0.0747879)
(0.0928985 0.199903 0.0745605)
(0.102364 0.174869 0.0875225)
(0.100807 0.175035 0.11264)
(0.0912682 0.17553 0.100433)
(0.101111 0.225841 0.0874963)
(0.100404 0.225436 0.112535)
(0.0848641 0.223141 0.10008)
(0.102018 0.187358 0.125609)
(0.099469 0.212695 0.124662)
(0.0881522 0.201278 0.124405)
(2.78531e-07 -0.225052 0.250065)
(-0.0252658 -0.200045 0.251672)
(0.0252665 -0.200045 0.251672)
(2.15585e-07 -0.17502 0.250058)
(3.71597e-05 -0.208934 0.178275)
(-0.0128495 -0.199913 0.179833)
(0.0128577 -0.19991 0.179839)
(2.21269e-05 -0.1882 0.180948)
(-0.0125137 -0.225379 0.200601)
(0.0125164 -0.225379 0.2006)
(-3.27355e-07 -0.225772 0.188477)
(-0.0249213 -0.212701 0.200245)
(-0.0253636 -0.187456 0.202251)
(-0.0254075 -0.200616 0.189707)
(0.0249244 -0.2127 0.200244)
(0.0253657 -0.187455 0.20225)
(0.0254096 -0.200613 0.189706)
(-0.0125307 -0.175044 0.200729)
(0.0125324 -0.175044 0.200729)
(1.78068e-06 -0.174918 0.189523)
(1.21336e-07 0.17502 0.250058)
(-0.025266 0.200045 0.251672)
(0.0252664 0.200045 0.251672)
(-1.25743e-07 0.225052 0.250065)
(2.35401e-05 0.188203 0.18095)
(-0.0128496 0.199913 0.179834)
(0.0128577 0.19991 0.17984)
(-2.8409e-05 0.208937 0.178275)
(-0.012531 0.175045 0.20073)
(0.0125322 0.175044 0.20073)
(1.66776e-06 0.174918 0.189523)
(-0.0253639 0.187456 0.202251)
(-0.0249227 0.212701 0.200245)
(-0.025408 0.200616 0.189707)
(0.0253654 0.187455 0.20225)
(0.0249231 0.2127 0.200244)
(0.0254091 0.200613 0.189706)
(-0.0125162 0.22538 0.200601)
(0.0125139 0.225379 0.2006)
(-5.94244e-06 0.225772 0.188478)
(-0.0624658 -0.250066 0.0250358)
(-0.0375922 -0.250086 0.0248741)
(-0.0500926 -0.237955 0.0248891)
(-0.0749905 -0.250087 0.0375241)
(-0.0752401 -0.238017 0.0498915)
(-0.0753852 -0.251145 0.0623781)
(-0.0252204 -0.249603 0.037211)
(-0.0256951 -0.236678 0.0497147)
(-0.0252695 -0.249094 0.0626244)
(-0.0500939 -0.22534 0.0375329)
(-0.0622987 -0.225851 0.0500523)
(-0.0433201 -0.218838 0.0475664)
(-0.0501742 -0.223468 0.0625451)
(-0.0626225 -0.250822 0.0750069)
(-0.0376983 -0.249121 0.0749916)
(-0.0501446 -0.236061 0.0749333)
(0.0375918 -0.250085 0.0248734)
(0.0624659 -0.250065 0.025036)
(0.0500915 -0.237953 0.024888)
(0.0252164 -0.249603 0.0372072)
(0.0256768 -0.236681 0.0496926)
(0.0252491 -0.249095 0.0626008)
(0.0749899 -0.250085 0.0375237)
(0.0752372 -0.238014 0.0498882)
(0.075384 -0.251143 0.0623751)
(0.0500939 -0.225338 0.0375324)
(0.0433275 -0.218836 0.0475716)
(0.0622996 -0.225846 0.0500513)
(0.0501742 -0.223465 0.0625451)
(0.0376946 -0.249118 0.0749748)
(0.0626217 -0.250819 0.0749982)
(0.0501432 -0.236056 0.0749131)
(-0.0495993 -0.163598 0.0257576)
(-0.0621071 -0.150917 0.0253866)
(-0.0375676 -0.150579 0.0249069)
(-0.0419272 -0.176171 0.0455659)
(-0.0531003 -0.17552 0.062219)
(-0.0745822 -0.150794 0.0377959)
(-0.0746931 -0.165207 0.0497671)
(-0.0749582 -0.150318 0.0625246)
(-0.0511411 -0.163098 0.0747268)
(-0.0627915 -0.150319 0.0749534)
(0.0496007 -0.163597 0.0257602)
(0.0375667 -0.150575 0.0249068)
(0.0621097 -0.150916 0.0253884)
(0.0419414 -0.176171 0.0455839)
(0.0531038 -0.17552 0.0622295)
(0.0745828 -0.150792 0.0377977)
(0.0746936 -0.165206 0.0497674)
(0.0749583 -0.150315 0.0625248)
(0.0511404 -0.163096 0.0747326)
(0.0627898 -0.150316 0.0749528)
(-0.0621071 0.150917 0.0253866)
(-0.0375676 0.150579 0.0249069)
(-0.0495993 0.163598 0.0257576)
(-0.0745822 0.150794 0.0377959)
(-0.0746931 0.165207 0.0497671)
(-0.0749582 0.150318 0.0625246)
(-0.0419272 0.176171 0.0455659)
(-0.0531003 0.17552 0.062219)
(-0.0627914 0.150319 0.0749534)
(-0.051141 0.163098 0.0747269)
(0.0375666 0.150575 0.0249068)
(0.0621097 0.150916 0.0253884)
(0.0496007 0.163597 0.0257602)
(0.0745828 0.150792 0.0377977)
(0.0746936 0.165206 0.0497674)
(0.0749583 0.150315 0.0625248)
(0.0419414 0.176171 0.0455839)
(0.0531038 0.17552 0.0622295)
(0.0627898 0.150316 0.0749528)
(0.0511403 0.163096 0.0747327)
(-0.0500927 0.237955 0.0248891)
(-0.0624659 0.250066 0.0250358)
(-0.0375922 0.250086 0.0248741)
(-0.0500939 0.22534 0.0375329)
(-0.0622987 0.225851 0.0500523)
(-0.0433201 0.218838 0.0475664)
(-0.0501742 0.223468 0.0625451)
(-0.0749905 0.250087 0.0375241)
(-0.0752401 0.238017 0.0498915)
(-0.0753852 0.251145 0.0623781)
(-0.0252204 0.249603 0.037211)
(-0.0256951 0.236678 0.0497147)
(-0.0252695 0.249094 0.0626244)
(-0.0501446 0.236061 0.0749333)
(-0.0626225 0.250822 0.0750069)
(-0.0376983 0.249121 0.0749916)
(0.0500915 0.237953 0.024888)
(0.0375918 0.250085 0.0248734)
(0.0624659 0.250065 0.025036)
(0.0500939 0.225338 0.0375324)
(0.0433275 0.218836 0.0475716)
(0.0622996 0.225846 0.0500513)
(0.0501742 0.223465 0.0625451)
(0.0252164 0.249603 0.0372072)
(0.0256768 0.236681 0.0496926)
(0.0252491 0.249095 0.0626008)
(0.0749899 0.250085 0.0375237)
(0.0752372 0.238014 0.0498882)
(0.075384 0.251143 0.0623751)
(0.0501432 0.236056 0.0749131)
(0.0376946 0.249118 0.0749748)
(0.0626217 0.250819 0.0749982)
(-0.0627341 -0.251548 0.125094)
(-0.0375906 -0.250851 0.124782)
(-0.0502438 -0.238463 0.124986)
(-0.0754106 -0.251324 0.137736)
(-0.0743294 -0.237014 0.14942)
(-0.0249368 -0.250778 0.137413)
(-0.0250083 -0.238449 0.150024)
(-0.0250249 -0.25028 0.162578)
(-0.0500618 -0.229228 0.137544)
(-0.0618399 -0.222019 0.149343)
(-0.0375565 -0.228643 0.149897)
(-0.0497215 -0.22185 0.159672)
(-0.0374264 -0.250073 0.174901)
(-0.0496845 -0.237454 0.174489)
(0.0375998 -0.25086 0.12477)
(0.0627346 -0.251548 0.125092)
(0.0502463 -0.238465 0.124982)
(0.0249537 -0.250759 0.137408)
(0.025014 -0.238439 0.150022)
(0.0250275 -0.250278 0.162577)
(0.075409 -0.251324 0.137736)
(0.0743299 -0.237014 0.149417)
(0.0500641 -0.229227 0.137543)
(0.0375559 -0.228636 0.149897)
(0.0618392 -0.222015 0.14934)
(0.049718 -0.221846 0.159671)
(0.0374266 -0.250072 0.174901)
(0.0496836 -0.237453 0.174488)
(-0.0509152 -0.166049 0.12553)
(-0.0625953 -0.150824 0.125056)
(-0.0380637 -0.150916 0.125573)
(-0.0505893 -0.175348 0.164127)
(-0.0746064 -0.150803 0.1372)
(-0.0687969 -0.169179 0.144534)
(-0.0252323 -0.151099 0.138008)
(-0.025369 -0.164506 0.150785)
(-0.024968 -0.150646 0.162426)
(-0.0495469 -0.163384 0.174198)
(-0.0372365 -0.150825 0.174407)
(0.0509173 -0.166046 0.125524)
(0.0380628 -0.150915 0.125572)
(0.0625946 -0.150823 0.125056)
(0.0505884 -0.175347 0.164126)
(0.0252313 -0.151098 0.138008)
(0.0253671 -0.164503 0.150788)
(0.0249687 -0.150645 0.162425)
(0.074607 -0.150802 0.1372)
(0.0687991 -0.169179 0.144531)
(0.0495476 -0.163383 0.174198)
(0.0372374 -0.150824 0.174406)
(-0.0625953 0.150824 0.125056)
(-0.0380637 0.150916 0.125573)
(-0.0509152 0.166049 0.12553)
(-0.0746064 0.150803 0.1372)
(-0.0687969 0.169179 0.144534)
(-0.0252323 0.151099 0.138008)
(-0.025369 0.164506 0.150785)
(-0.024968 0.150646 0.162426)
(-0.0505893 0.175348 0.164127)
(-0.0372365 0.150825 0.174407)
(-0.049547 0.163384 0.174198)
(0.0380628 0.150915 0.125572)
(0.0625946 0.150823 0.125056)
(0.0509173 0.166046 0.125524)
(0.0252313 0.151098 0.138008)
(0.0253671 0.164503 0.150788)
(0.0249687 0.150645 0.162425)
(0.074607 0.150802 0.1372)
(0.0687991 0.169179 0.144531)
(0.0505884 0.175347 0.164126)
(0.0372374 0.150824 0.174406)
(0.0495476 0.163383 0.174198)
(-0.0502438 0.238463 0.124986)
(-0.0627341 0.251548 0.125094)
(-0.0375915 0.250851 0.124782)
(-0.0500618 0.229228 0.137544)
(-0.0618399 0.222019 0.149343)
(-0.0375565 0.228643 0.149897)
(-0.0497215 0.22185 0.159672)
(-0.0754106 0.251324 0.137736)
(-0.0743294 0.237014 0.14942)
(-0.0249391 0.250778 0.137413)
(-0.0250083 0.238449 0.150024)
(-0.025025 0.25028 0.162578)
(-0.0496845 0.237454 0.174489)
(-0.0374264 0.250073 0.174901)
(0.0502463 0.238465 0.124982)
(0.0375989 0.25086 0.12477)
(0.0627353 0.251548 0.125092)
(0.0500641 0.229227 0.137543)
(0.0375559 0.228636 0.149897)
(0.0618392 0.222015 0.14934)
(0.049718 0.221846 0.159671)
(0.0249514 0.250758 0.137408)
(0.025014 0.238439 0.150022)
(0.0250275 0.250278 0.162577)
(0.0754095 0.251324 0.137736)
(0.0743299 0.237014 0.149417)
(0.0496836 0.237453 0.174488)
(0.0374265 0.250072 0.174901)
(-0.0250822 -0.238192 -0.000354782)
(-0.0250577 -0.250266 0.0123348)
(0.0250789 -0.238191 -0.000355123)
(0.0250567 -0.250265 0.0123345)
(0.0125442 -0.249683 0.0248542)
(-0.0125468 -0.249683 0.0248547)
(-8.77693e-07 -0.236323 0.0249123)
(-0.0618381 -0.224708 0.000901638)
(-0.0340568 -0.220652 0.00432853)
(-0.0498761 -0.222234 0.0151111)
(-0.0614234 -0.175126 0.00162102)
(-0.0371382 -0.175475 0.00255422)
(-0.0500919 -0.175323 0.00955056)
(-0.0992732 -0.22508 0.0379343)
(-0.100491 -0.225497 0.0624411)
(-0.0830264 -0.220524 0.0534998)
(-0.0982792 -0.175016 0.0384714)
(-0.100686 -0.175004 0.0624315)
(-0.0847081 -0.175498 0.0504611)
(0.0340555 -0.22065 0.00432907)
(0.0618379 -0.224707 0.000902747)
(0.0498723 -0.222226 0.0151092)
(0.0371373 -0.175475 0.00255574)
(0.061424 -0.175125 0.00162239)
(0.0500907 -0.175323 0.0095524)
(-0.0244817 -0.166761 0.00396637)
(-0.0249842 -0.150277 0.012535)
(0.0244821 -0.166761 0.00396498)
(0.0249845 -0.150275 0.0125347)
(-8.56815e-19 -0.165818 0.022214)
(0.012508 -0.150288 0.0250451)
(-0.0125086 -0.150289 0.0250454)
(-0.00942984 -0.22327 0.0502776)
(6.277e-09 -0.223471 0.0374368)
(-1.01515e-05 -0.221912 0.0621043)
(0.00942269 -0.223272 0.0502696)
(-0.0263168 -0.212298 0.049803)
(-0.0247769 -0.200223 0.0379181)
(-0.025541 -0.200421 0.0626702)
(-0.0263605 -0.187872 0.0479746)
(0.0247956 -0.200223 0.0379251)
(0.0263695 -0.187872 0.0479821)
(0.0262679 -0.212302 0.04976)
(0.0255126 -0.200431 0.062626)
(4.9373e-06 -0.175233 0.036082)
(0.0132629 -0.175497 0.047865)
(-0.0132515 -0.175498 0.0478598)
(0.0992724 -0.225078 0.0379342)
(0.100488 -0.225495 0.0624376)
(0.0830235 -0.220522 0.0534989)
(0.0982783 -0.175013 0.0384724)
(0.100685 -0.175002 0.0624316)
(0.0847064 -0.175498 0.0504619)
(-0.0244817 0.166761 0.00396637)
(-0.0249842 0.150277 0.012535)
(0.0244821 0.166761 0.00396498)
(0.0249845 0.150275 0.0125347)
(0.012508 0.150288 0.0250451)
(-0.0125086 0.150289 0.0250454)
(-7.51557e-19 0.165818 0.022214)
(-0.0614234 0.175126 0.00162102)
(-0.0371382 0.175475 0.00255422)
(-0.0500919 0.175323 0.00955056)
(-0.0618382 0.224708 0.000901641)
(-0.0340568 0.220652 0.00432853)
(-0.0498769 0.222233 0.0151112)
(-0.0982792 0.175016 0.0384714)
(-0.100686 0.175004 0.0624315)
(-0.0847081 0.175498 0.0504611)
(-0.0992732 0.22508 0.0379343)
(-0.100491 0.225497 0.0624411)
(-0.0830264 0.220524 0.0534998)
(0.0371373 0.175475 0.00255574)
(0.061424 0.175125 0.00162239)
(0.0500907 0.175323 0.0095524)
(0.0340555 0.22065 0.00432907)
(0.0618379 0.224707 0.000902747)
(0.0498723 0.222226 0.0151092)
(-0.0250823 0.238192 -0.000354781)
(-0.0250578 0.250266 0.0123348)
(0.0250789 0.238191 -0.000355122)
(0.0250567 0.250265 0.0123345)
(-8.77937e-07 0.236323 0.0249123)
(0.0125443 0.249683 0.0248542)
(-0.0125468 0.249684 0.0248547)
(-0.0132515 0.175498 0.0478598)
(4.93736e-06 0.175233 0.036082)
(0.0132629 0.175497 0.047865)
(-0.0263605 0.187872 0.0479746)
(-0.0247769 0.200223 0.0379181)
(-0.025541 0.200421 0.0626702)
(-0.0263168 0.212298 0.049803)
(0.0247956 0.200223 0.0379251)
(0.0262679 0.212302 0.04976)
(0.0263695 0.187872 0.0479821)
(0.0255126 0.200431 0.062626)
(6.277e-09 0.223471 0.0374368)
(0.0094227 0.223272 0.0502696)
(-0.00942984 0.22327 0.0502776)
(-1.01515e-05 0.221912 0.0621043)
(0.0982783 0.175013 0.0384724)
(0.100685 0.175002 0.0624316)
(0.0847064 0.175498 0.0504619)
(0.0992724 0.225078 0.0379342)
(0.100488 0.225495 0.0624376)
(0.0830235 0.220522 0.0534989)
(-0.100527 -0.238123 0.0749651)
(-0.0877676 -0.250388 0.0749782)
(-0.075373 -0.251156 0.112613)
(-0.0754318 -0.251726 0.0875303)
(-0.0754449 -0.239568 0.10009)
(-0.0998471 -0.237577 0.12487)
(-0.087462 -0.250074 0.124947)
(-0.012768 -0.248003 0.0750612)
(-9.62524e-06 -0.233228 0.0745684)
(0.0127464 -0.248001 0.0750434)
(-0.0251578 -0.248839 0.0874829)
(-0.0245253 -0.236659 0.100884)
(0.0251573 -0.248832 0.0874547)
(0.0245608 -0.236662 0.100825)
(0.100525 -0.238121 0.0749596)
(0.0877665 -0.250386 0.0749738)
(0.0754316 -0.251722 0.0875231)
(0.0754448 -0.239563 0.100085)
(0.075373 -0.251154 0.112608)
(0.099846 -0.237576 0.12487)
(0.0874614 -0.250073 0.124946)
(-0.0445607 -0.210492 0.0751483)
(-0.0386823 -0.199719 0.0747438)
(-0.0552749 -0.187883 0.0718036)
(-0.0498281 -0.222264 0.0860181)
(-0.0620098 -0.225763 0.100033)
(-0.0381607 -0.2244 0.100901)
(-0.0527036 -0.21984 0.114327)
(-0.0524592 -0.176214 0.114058)
(-0.0513786 -0.175257 0.0875629)
(-0.039839 -0.175562 0.100817)
(-0.0387988 -0.1989 0.12629)
(-0.100529 -0.162463 0.0749819)
(-0.0875515 -0.150051 0.0750131)
(-0.0743793 -0.163249 0.100007)
(-0.0749567 -0.150595 0.11248)
(-0.0750801 -0.150209 0.0875057)
(-0.0995445 -0.163143 0.124763)
(-0.0869868 -0.150756 0.124761)
(-0.0991112 -0.225092 0.136963)
(-0.086277 -0.224586 0.14909)
(-0.073521 -0.186736 0.148024)
(-0.0711109 -0.211569 0.146093)
(-0.0748815 -0.200914 0.162281)
(-0.0993163 -0.175227 0.137067)
(-0.0863738 -0.175291 0.14914)
(0.0445611 -0.210488 0.0751454)
(0.0386793 -0.199718 0.0747369)
(0.0552779 -0.187882 0.0718265)
(0.0498148 -0.222215 0.0857412)
(0.0382173 -0.224414 0.100825)
(0.0620075 -0.225757 0.100032)
(0.0527015 -0.219837 0.114333)
(0.0398376 -0.17556 0.100822)
(0.0524455 -0.176214 0.114079)
(0.051376 -0.175256 0.08757)
(0.0387979 -0.198901 0.126294)
(-0.0121798 -0.223679 0.149126)
(6.72313e-05 -0.224996 0.138023)
(1.24412e-10 -0.226248 0.161792)
(0.0121764 -0.223678 0.14913)
(-0.0244491 -0.199248 0.136452)
(0.02443 -0.199256 0.136448)
(-2.55566e-05 -0.175346 0.139804)
(0.100529 -0.162461 0.0749808)
(0.0875523 -0.150048 0.0750123)
(0.0750799 -0.150205 0.0875053)
(0.0743792 -0.163242 0.100007)
(0.0749574 -0.150593 0.112479)
(0.0995434 -0.16314 0.124761)
(0.086986 -0.150753 0.124759)
(0.0991103 -0.225091 0.136963)
(0.086277 -0.224586 0.149088)
(0.0711078 -0.211568 0.146095)
(0.0749163 -0.200916 0.162318)
(0.0735339 -0.186733 0.148008)
(0.0993159 -0.175226 0.137066)
(0.0863742 -0.175291 0.149138)
(-0.100529 0.162463 0.0749819)
(-0.0875515 0.150051 0.0750131)
(-0.0749569 0.150595 0.112479)
(-0.0750801 0.150209 0.0875058)
(-0.0743793 0.163249 0.100007)
(-0.0995445 0.163143 0.124763)
(-0.0869868 0.150756 0.124761)
(0.100529 0.162461 0.0749808)
(0.0875523 0.150048 0.0750123)
(0.0750799 0.150205 0.0875053)
(0.0743792 0.163242 0.100007)
(0.0749572 0.150592 0.112479)
(0.0995434 0.16314 0.124761)
(0.086986 0.150753 0.124759)
(-0.0552749 0.187883 0.0718036)
(-0.0386823 0.199719 0.0747438)
(-0.0445607 0.210492 0.0751483)
(-0.0513785 0.175257 0.0875631)
(-0.0398387 0.175562 0.100817)
(-0.0524592 0.176214 0.114058)
(-0.0620098 0.225763 0.100033)
(-0.0527036 0.21984 0.114327)
(-0.0498281 0.222264 0.0860181)
(-0.0381607 0.2244 0.100901)
(-0.0387988 0.1989 0.12629)
(-0.100527 0.238123 0.0749651)
(-0.0877676 0.250388 0.0749782)
(-0.0754449 0.239568 0.10009)
(-0.075373 0.251156 0.112612)
(-0.0754318 0.251726 0.0875303)
(-0.0998471 0.237577 0.12487)
(-0.087462 0.250074 0.124947)
(-0.0993163 0.175227 0.137067)
(-0.0863738 0.17529 0.14914)
(-0.0711109 0.211569 0.146093)
(-0.073521 0.186736 0.148024)
(-0.0749177 0.200918 0.162315)
(-0.0991112 0.225092 0.136963)
(-0.086277 0.224586 0.14909)
(0.0552779 0.187882 0.0718265)
(0.0386793 0.199718 0.0747369)
(0.0445611 0.210488 0.0751454)
(0.0513759 0.175256 0.0875701)
(0.0398374 0.17556 0.100822)
(0.0524455 0.176214 0.114079)
(0.0382173 0.224414 0.100825)
(0.0527015 0.219837 0.114333)
(0.0498148 0.222215 0.0857412)
(0.0620075 0.225757 0.100032)
(0.0387979 0.198901 0.126294)
(-0.012768 0.248003 0.0750612)
(-9.62868e-06 0.233228 0.0745684)
(0.0127464 0.248001 0.0750434)
(-0.0251578 0.248839 0.0874829)
(-0.0245253 0.236659 0.100884)
(0.0245608 0.236662 0.100825)
(0.0251573 0.248832 0.0874547)
(-2.55582e-05 0.175346 0.139804)
(-0.0244491 0.199248 0.136452)
(0.02443 0.199256 0.136448)
(6.72198e-05 0.224996 0.138023)
(0.0121764 0.223678 0.14913)
(-0.0121798 0.223679 0.149126)
(1.24412e-10 0.226248 0.161792)
(0.100525 0.238121 0.0749596)
(0.0877665 0.250386 0.0749738)
(0.0754316 0.251722 0.0875231)
(0.0754448 0.239563 0.100085)
(0.0753734 0.251154 0.112608)
(0.099846 0.237576 0.12487)
(0.0874614 0.250073 0.124946)
(0.0993159 0.175226 0.137066)
(0.0863742 0.175291 0.149138)
(0.0735339 0.186733 0.148008)
(0.0749162 0.200916 0.162318)
(0.0711078 0.211568 0.146095)
(0.0991103 0.225091 0.136963)
(0.086277 0.224586 0.149088)
(-0.0445282 -0.209823 0.168151)
(-0.0621628 -0.200962 0.174313)
(-0.0368214 -0.201373 0.175425)
(-0.0467983 -0.190629 0.17225)
(-0.0372638 -0.225087 0.19968)
(-0.0494192 -0.22506 0.186508)
(-0.037327 -0.175163 0.199798)
(-0.0495128 -0.175235 0.186692)
(0.0445275 -0.209819 0.168151)
(0.0368284 -0.20137 0.175419)
(0.0621873 -0.200962 0.174334)
(0.046791 -0.19064 0.17225)
(0.0372649 -0.225086 0.199679)
(0.0494194 -0.225059 0.186507)
(0.0373273 -0.175163 0.199797)
(0.0495123 -0.175236 0.186691)
(-0.0467983 0.190629 0.17225)
(-0.0621816 0.200964 0.174338)
(-0.0368214 0.201373 0.175425)
(-0.0445282 0.209823 0.168151)
(-0.0373271 0.175163 0.199798)
(-0.0495128 0.175235 0.186692)
(-0.0372642 0.225087 0.19968)
(-0.0494193 0.22506 0.186508)
(0.046791 0.19064 0.17225)
(0.0368284 0.20137 0.175419)
(0.0621873 0.200962 0.174334)
(0.0445275 0.209819 0.168151)
(0.0373273 0.175163 0.199797)
(0.0495123 0.175236 0.186691)
(0.0372645 0.225086 0.199679)
(0.0494193 0.225059 0.186507)
(-0.149998 -0.25 -0.0999984)
(0.149998 -0.25 -0.0999984)
(-0.149998 -0.150001 -0.0999975)
(0.149998 -0.150001 -0.0999975)
(-0.149998 0.150001 -0.0999975)
(0.149998 0.150001 -0.0999975)
(-0.149998 0.25 -0.0999984)
(0.149998 0.25 -0.0999984)
(-0.149998 -0.299999 -0.0499979)
(-0.05 -0.35 -4.71419e-07)
(0.05 -0.35 -4.82669e-07)
(0.149998 -0.299999 -0.0499979)
(-0.199998 -0.25 -0.0499986)
(-0.150857 -0.200021 -0.0507819)
(-0.0998419 -0.224978 -0.0248271)
(-0.124826 -0.224985 0.000127463)
(0.199998 -0.25 -0.0499986)
(0.150857 -0.200021 -0.0507817)
(0.0998416 -0.224978 -0.0248272)
(0.124826 -0.224985 0.000127492)
(-0.199998 -0.150001 -0.049998)
(-0.149995 -0.100004 -0.0499951)
(-0.099786 -0.175039 -0.0247633)
(-0.124764 -0.175025 0.000169737)
(-0.0748865 -0.175009 -0.0498316)
(0.024969 -0.175002 -0.0501039)
(0.199998 -0.150001 -0.049998)
(0.149995 -0.100004 -0.0499951)
(0.124764 -0.175024 0.000169879)
(0.0997859 -0.175039 -0.0247631)
(-0.149995 0.100004 -0.0499951)
(0.149995 0.100004 -0.0499951)
(-0.199998 0.150001 -0.049998)
(-0.150857 0.200021 -0.0507819)
(-0.099786 0.175039 -0.0247633)
(-0.124764 0.175025 0.000169735)
(0.199998 0.150001 -0.049998)
(0.150857 0.200021 -0.0507817)
(0.0997859 0.175039 -0.0247631)
(0.124764 0.175024 0.000169882)
(-0.199998 0.25 -0.0499986)
(-0.149998 0.299999 -0.0499979)
(-0.0998419 0.224978 -0.0248271)
(-0.124826 0.224985 0.000127463)
(-0.0749227 0.224995 -0.0498878)
(0.0253234 0.225556 -0.0519297)
(0.199998 0.25 -0.0499986)
(0.149998 0.299999 -0.0499979)
(0.124826 0.224985 0.000127492)
(0.0998416 0.224978 -0.0248272)
(-0.05 0.35 -4.71379e-07)
(0.05 0.35 -4.82705e-07)
(-0.0500005 -0.399998 0.0499998)
(0.0500005 -0.399998 0.0499998)
(-0.100207 -0.350797 0.049929)
(-6.80733e-08 -0.349987 0.0499981)
(-0.0749953 -0.299997 0.0250064)
(-0.0500895 -0.351099 0.0999731)
(-0.0250113 -0.299976 0.0249793)
(-0.0751882 -0.301157 0.0749865)
(-0.0250236 -0.299842 0.0749968)
(0.100207 -0.350797 0.0499293)
(0.0250108 -0.299976 0.024979)
(0.0500407 -0.351102 0.0999711)
(0.0749953 -0.299997 0.0250063)
(0.0250226 -0.299842 0.0749948)
(0.0751733 -0.301159 0.074985)
(-0.0500201 -0.274999 0.0249785)
(-0.0752421 -0.275882 0.0498913)
(-0.0749542 -0.274992 4.78797e-05)
(-0.0999617 -0.275004 0.025033)
(-0.0625681 -0.250038 0.0374564)
(-6.96439e-07 -0.274917 0.0249441)
(0.0500198 -0.274999 0.0249781)
(0.0250636 -0.274766 0.0499498)
(0.0250085 -0.275083 -5.12121e-05)
(0.0377155 -0.249754 0.0372867)
(0.0125284 -0.250203 0.0123408)
(0.0375533 -0.250281 0.0123811)
(0.0125611 -0.249642 0.0373419)
(0.0999617 -0.275003 0.025033)
(0.12491 -0.250007 0.0250659)
(-0.149855 -0.175014 0.025099)
(-0.0749131 -0.187091 0.0125043)
(-0.0868332 -0.186887 0.0253117)
(0.0132945 -0.188225 -0.00754121)
(0.125973 -0.200041 0.0245627)
(0.149855 -0.175014 0.025099)
(0.124765 -0.150107 0.0251522)
(0.124797 -0.175043 0.0501767)
(0.0995973 -0.18689 0.0378171)
(-0.0749303 -0.100146 0.0250626)
(-0.0748051 0.125268 0.000212014)
(-0.0749303 0.100146 0.0250626)
(-0.0998089 0.125206 0.0251386)
(-0.0623665 0.150784 0.0376092)
(0.0998094 0.125206 0.0251393)
(0.124765 0.150107 0.0251522)
(-0.149904 0.225006 0.0250704)
(-0.074131 0.212457 0.0133609)
(-0.0859079 0.212599 0.0260253)
(0.01332 0.209893 -0.00787055)
(0.0124547 0.226239 0.0133809)
(0.125973 0.200041 0.0245629)
(0.149904 0.225006 0.0250703)
(0.12491 0.250007 0.0250659)
(0.124944 0.225077 0.050096)
(0.0983895 0.212684 0.0384161)
(-0.100207 0.350797 0.049929)
(-6.82786e-08 0.349987 0.0499981)
(-0.0500005 0.399998 0.0499998)
(-0.0500908 0.351101 0.099973)
(-0.0749953 0.299997 0.0250064)
(-0.0250113 0.299976 0.0249793)
(-0.0751882 0.301157 0.0749865)
(-0.0250236 0.299842 0.0749968)
(0.100207 0.350797 0.0499292)
(0.0500005 0.399998 0.0499998)
(0.0500461 0.351103 0.0999733)
(0.0250108 0.299976 0.024979)
(0.0749953 0.299997 0.0250063)
(0.0250226 0.299842 0.0749948)
(0.075176 0.301158 0.0749859)
(-0.0501522 -0.401053 0.150192)
(0.05015 -0.401053 0.150191)
(-0.0999989 -0.349999 0.149998)
(7.39515e-08 -0.349998 0.150001)
(-0.0751816 -0.300835 0.125066)
(-0.0499987 -0.35 0.199999)
(-0.0249656 -0.300734 0.124953)
(-0.024998 -0.300023 0.175006)
(0.0999989 -0.349999 0.149998)
(0.0250543 -0.300724 0.124952)
(0.0499988 -0.35 0.199999)
(0.0752117 -0.301409 0.125093)
(0.0249984 -0.300023 0.175006)
(-0.0752258 -0.276262 0.10004)
(-0.0500416 -0.276274 0.124956)
(-0.075341 -0.27615 0.150256)
(-0.0999992 -0.275031 0.124983)
(-0.0627768 -0.251321 0.137685)
(-0.0881087 -0.251202 0.112642)
(-0.0626454 -0.251055 0.112541)
(0.0250493 -0.274673 0.100022)
(3.11065e-06 -0.27488 0.125007)
(0.0500337 -0.276274 0.124952)
(0.0250073 -0.275872 0.150033)
(0.0375636 -0.251776 0.137461)
(0.0999991 -0.275031 0.124982)
(0.124978 -0.25006 0.124954)
(-0.149989 -0.175052 0.12495)
(-0.0930474 -0.188177 0.100496)
(-0.0909164 -0.200859 0.113001)
(-0.102605 -0.187414 0.113031)
(-0.0887408 -0.175799 0.112314)
(-0.0880566 -0.186778 0.125914)
(0.0126725 -0.188664 0.100136)
(0.0094299 -0.204345 0.106883)
(9.62526e-07 -0.188203 0.113037)
(0.0259332 -0.187797 0.113342)
(0.0130278 -0.175651 0.113615)
(0.0130715 -0.187961 0.127648)
(0.102616 -0.187408 0.113033)
(0.125482 -0.175043 0.100009)
(0.126673 -0.200254 0.125329)
(0.149989 -0.175052 0.12495)
(0.124939 -0.150133 0.124936)
(0.124674 -0.175126 0.149776)
(0.100049 -0.162846 0.112452)
(0.101348 -0.18747 0.13803)
(0.0250437 -0.100179 0.125075)
(0.0252004 0.125279 0.10012)
(-5.98446e-07 0.125344 0.125301)
(0.0250269 0.125392 0.150086)
(0.0250437 0.100179 0.125075)
(0.0377792 0.1508 0.137868)
(0.124939 0.150133 0.124936)
(-0.149976 0.225051 0.124947)
(-0.0914412 0.211936 0.100483)
(-0.0909164 0.200859 0.113001)
(-0.100723 0.212736 0.112593)
(-0.0842097 0.221965 0.112185)
(-0.0845 0.21202 0.124441)
(0.0094299 0.204345 0.106883)
(2.40473e-12 0.211601 0.109513)
(0.0257969 0.208787 0.113473)
(0.0153447 0.222604 0.112522)
(0.0122968 0.215024 0.125602)
(0.100723 0.212734 0.11259)
(0.125378 0.225186 0.0999978)
(0.126673 0.200254 0.125329)
(0.149976 0.22505 0.124947)
(0.124978 0.25006 0.124954)
(0.124656 0.225053 0.149768)
(0.10023 0.237851 0.112498)
(0.0981936 0.212911 0.136456)
(-0.0999989 0.349999 0.149998)
(7.3258e-08 0.349998 0.150001)
(-0.0501507 0.401055 0.150192)
(-0.0499988 0.35 0.199999)
(-0.0751824 0.300836 0.125067)
(-0.0250654 0.300727 0.124954)
(-0.024998 0.300023 0.175006)
(0.0999989 0.349999 0.149998)
(0.050152 0.401054 0.150192)
(0.0499988 0.35 0.199999)
(0.0249575 0.300722 0.124954)
(0.075173 0.300837 0.125066)
(0.0249984 0.300023 0.175006)
(0.024989 -0.275064 0.200018)
(0.0249734 -0.25008 0.225027)
(-0.0498922 -0.175074 0.224843)
(0.0127397 -0.187473 0.202762)
(0.0252946 -0.200116 0.226798)
(5.66996e-07 -0.175029 0.225203)
(0.0498924 -0.175074 0.224843)
(0.024979 -0.150057 0.225008)
(0.0249829 -0.175025 0.250012)
(0.0378264 -0.187487 0.201635)
(0.0249721 0.125114 0.199963)
(0.024979 0.150057 0.225008)
(-0.0746227 0.225004 0.19947)
(-0.0498508 0.225057 0.224791)
(0.0125319 0.212642 0.200873)
(0.0252943 0.200116 0.226798)
(-5.28144e-07 0.225137 0.225221)
(0.0498508 0.225057 0.22479)
(0.0249731 0.25008 0.225027)
(0.0249769 0.225043 0.250014)
(0.0371624 0.2127 0.19951)
(-0.0250669 -0.274766 0.0499529)
(-0.025009 -0.275083 -5.11368e-05)
(-0.0377175 -0.249755 0.0372893)
(-0.0125301 -0.250203 0.012341)
(-0.0375531 -0.250282 0.012381)
(-0.0125666 -0.249642 0.0373442)
(-0.074131 -0.212457 0.0133609)
(-0.0859079 -0.212599 0.0260253)
(-0.0132723 -0.209895 -0.0078655)
(-0.0124534 -0.22624 0.0133807)
(-0.0500814 -0.274759 0.0749899)
(-0.100071 -0.275089 0.0749979)
(-0.0626705 -0.25044 0.0624178)
(-0.0878099 -0.25044 0.087502)
(-0.0881388 -0.251235 0.0623499)
(-0.0626019 -0.251028 0.0876019)
(-2.58755e-06 -0.274382 0.0749751)
(-0.0250471 -0.274673 0.100029)
(-0.0377675 -0.249318 0.0624394)
(-0.0127271 -0.247981 0.0873769)
(-0.0376994 -0.249338 0.0875181)
(-0.0935684 -0.199916 0.0875325)
(-0.0914412 -0.211936 0.100483)
(-0.102114 -0.211775 0.0875153)
(-0.0915838 -0.211947 0.0745269)
(-0.0850602 -0.223557 0.0875113)
(-0.0115967 -0.203498 0.0875102)
(-0.0136584 -0.219636 0.0857954)
(-0.0273757 -0.212595 0.0879796)
(0.0752417 -0.275881 0.0498904)
(0.0749543 -0.274992 4.80963e-05)
(0.0625674 -0.250036 0.0374557)
(0.01332 -0.209893 -0.00787055)
(0.0124547 -0.226239 0.0133809)
(0.0741292 -0.212457 0.013359)
(0.0859058 -0.212598 0.0260234)
(0.0500809 -0.274758 0.0749844)
(0.0377608 -0.249317 0.0624271)
(0.0127198 -0.247978 0.0873567)
(0.0377017 -0.249333 0.0874916)
(0.075217 -0.276262 0.100036)
(0.10007 -0.275089 0.0749967)
(0.0626692 -0.250438 0.0624134)
(0.0878093 -0.250437 0.0874965)
(0.0881374 -0.251233 0.0623473)
(0.062602 -0.251024 0.0875854)
(0.0115967 -0.203498 0.0875102)
(0.0136449 -0.219633 0.0857174)
(0.0273798 -0.212567 0.0878271)
(0.0935664 -0.199915 0.0875104)
(0.091441 -0.211935 0.100478)
(0.102114 -0.211771 0.0874968)
(0.0915825 -0.211946 0.0745216)
(0.0850581 -0.223553 0.0874968)
(-0.0132541 -0.188228 -0.00755405)
(-0.0748051 -0.125268 0.000212014)
(-0.0998089 -0.125206 0.0251386)
(-0.0623665 -0.150784 0.0376092)
(-0.104134 -0.187647 0.0875265)
(-0.0931331 -0.188211 0.074522)
(-0.0922447 -0.175431 0.0875417)
(5.49062e-07 -0.189968 0.0875022)
(-0.0126645 -0.188675 0.10014)
(-0.0126682 -0.188694 0.0748211)
(-0.0252848 -0.188206 0.087526)
(-0.0128134 -0.17612 0.0875292)
(-0.0252008 -0.125279 0.10012)
(0.0749713 -0.187086 0.0125917)
(0.0868354 -0.186884 0.025318)
(0.0748056 -0.125268 0.000212723)
(0.0998094 -0.125206 0.0251393)
(0.0749305 -0.100146 0.0250629)
(0.0623645 -0.150782 0.0376103)
(0.0126689 -0.188694 0.0748213)
(0.0252859 -0.188203 0.0875249)
(0.0128152 -0.176118 0.0875292)
(0.0930428 -0.188174 0.100491)
(0.104131 -0.187643 0.08752)
(0.0931273 -0.188206 0.0745179)
(0.0922417 -0.175428 0.0875417)
(0.0252007 -0.125279 0.10012)
(-0.0749578 0.187092 0.012577)
(-0.0868379 0.186887 0.025318)
(-0.0132541 0.188228 -0.00755405)
(-0.0252009 0.125279 0.10012)
(-0.0935684 0.199916 0.0875325)
(-0.0930474 0.188177 0.100496)
(-0.104134 0.187647 0.0875265)
(-0.0931331 0.188211 0.074522)
(-0.0922447 0.175431 0.0875417)
(5.71947e-07 0.189968 0.0875022)
(-0.0115967 0.203498 0.0875102)
(-0.0126642 0.188674 0.100139)
(-0.0126682 0.188694 0.0748211)
(-0.0128133 0.17612 0.0875292)
(-0.0252846 0.188205 0.0875259)
(0.0748056 0.125268 0.000212723)
(0.0749305 0.100146 0.0250629)
(0.0623645 0.150782 0.0376103)
(0.0132945 0.188225 -0.00754121)
(0.0749573 0.187086 0.0125769)
(0.0868351 0.186884 0.0253175)
(0.0115967 0.203498 0.0875102)
(0.0126725 0.188664 0.100136)
(0.0126689 0.188694 0.0748213)
(0.0128152 0.176118 0.0875293)
(0.0252859 0.188203 0.087525)
(0.0935664 0.199915 0.0875104)
(0.0930428 0.188174 0.100491)
(0.104131 0.187643 0.08752)
(0.0931273 0.188206 0.0745179)
(0.0922417 0.175428 0.0875417)
(-0.0132723 0.209895 -0.0078655)
(-0.0124534 0.22624 0.0133807)
(-0.0500201 0.274999 0.0249785)
(-0.075242 0.275882 0.0498912)
(-0.0749542 0.274992 4.78803e-05)
(-0.0999617 0.275004 0.025033)
(-0.0625681 0.250038 0.0374564)
(-0.0250669 0.274766 0.0499529)
(-7.25832e-07 0.274917 0.0249441)
(-0.025009 0.275083 -5.11356e-05)
(-0.0377175 0.249755 0.0372893)
(-0.0125301 0.250203 0.012341)
(-0.0375531 0.250282 0.012381)
(-0.0125666 0.249642 0.0373442)
(-0.102114 0.211775 0.0875153)
(-0.0915838 0.211947 0.0745269)
(-0.0850602 0.223557 0.0875113)
(-0.0273758 0.212595 0.0879796)
(-0.0136584 0.219636 0.0857954)
(-0.0500814 0.274759 0.0749899)
(-0.0752258 0.276262 0.10004)
(-0.100071 0.275089 0.0749979)
(-0.0626705 0.25044 0.0624178)
(-0.0878099 0.25044 0.087502)
(-0.0881388 0.251235 0.0623499)
(-0.0626019 0.251028 0.0876019)
(-2.58898e-06 0.274382 0.0749751)
(-0.0250471 0.274673 0.100029)
(-0.0377675 0.249318 0.0624394)
(-0.0127271 0.247981 0.0873769)
(-0.0376994 0.249338 0.0875181)
(0.0741292 0.212457 0.013359)
(0.0859058 0.212598 0.0260234)
(0.0500198 0.274999 0.0249781)
(0.0250636 0.274766 0.0499498)
(0.0250085 0.275083 -5.1213e-05)
(0.0377155 0.249754 0.0372867)
(0.0125284 0.250203 0.0123408)
(0.0375533 0.250281 0.0123811)
(0.0125611 0.249642 0.0373419)
(0.0752417 0.275881 0.0498904)
(0.0749543 0.274992 4.80961e-05)
(0.0999617 0.275003 0.025033)
(0.0625674 0.250036 0.0374557)
(0.0273798 0.212567 0.0878271)
(0.0136449 0.219633 0.0857174)
(0.091441 0.211935 0.100478)
(0.102114 0.211771 0.0874968)
(0.0915825 0.211946 0.0745216)
(0.0850581 0.223553 0.0874968)
(0.0500809 0.274758 0.0749844)
(0.0250493 0.274673 0.100022)
(0.0377608 0.249317 0.0624271)
(0.0127198 0.247978 0.0873567)
(0.0377017 0.249333 0.0874916)
(0.0752223 0.276261 0.100038)
(0.10007 0.275089 0.0749967)
(0.0626692 0.250438 0.0624134)
(0.0878093 0.250437 0.0874965)
(0.0881374 0.251233 0.0623473)
(0.062602 0.251024 0.0875854)
(-0.0250039 -0.275878 0.150035)
(-0.0375594 -0.25178 0.137464)
(-0.100723 -0.212736 0.112593)
(-0.0842101 -0.221965 0.112184)
(-0.0845 -0.21202 0.124441)
(2.40473e-12 -0.211601 0.109513)
(-0.00929343 -0.204526 0.106938)
(-0.0153443 -0.222605 0.112522)
(-0.0257985 -0.20879 0.113466)
(-0.0120775 -0.215065 0.125654)
(-0.04996 -0.274995 0.17495)
(-0.0746929 -0.249846 0.174648)
(4.88291e-07 -0.275147 0.175056)
(-0.024989 -0.275064 0.200018)
(-0.0374987 -0.250125 0.162514)
(-0.0994661 -0.22495 0.174516)
(-0.0746227 -0.225004 0.19947)
(-0.0623654 -0.237448 0.149857)
(-0.0855912 -0.212723 0.148716)
(-0.0499069 -0.237551 0.162383)
(-0.0488883 -0.212907 0.185544)
(-0.0497126 -0.212149 0.164904)
(-0.0602652 -0.201374 0.160674)
(1.57281e-05 -0.211739 0.189279)
(-0.0127825 -0.200219 0.190589)
(-0.0125288 -0.212642 0.200873)
(-0.0129086 -0.211905 0.178526)
(-0.0125706 -0.225758 0.188333)
(-0.0250302 -0.212713 0.18801)
(0.0753301 -0.276152 0.150262)
(0.0627716 -0.25132 0.137691)
(0.0881082 -0.251199 0.112639)
(0.0626479 -0.251054 0.112534)
(0.0153447 -0.222604 0.112522)
(0.0257969 -0.208787 0.113473)
(0.0122968 -0.215024 0.125602)
(0.0909318 -0.200854 0.113007)
(0.100723 -0.212734 0.11259)
(0.0842057 -0.221957 0.112178)
(0.0844994 -0.21202 0.124441)
(0.04996 -0.274995 0.17495)
(0.037499 -0.250123 0.162513)
(0.0746922 -0.249846 0.174648)
(0.012792 -0.200217 0.190592)
(0.0125358 -0.212641 0.200873)
(0.0129134 -0.211903 0.178525)
(0.0125713 -0.225757 0.18833)
(0.0250331 -0.212712 0.188009)
(0.0994657 -0.224949 0.174516)
(0.0746225 -0.225004 0.19947)
(0.0623648 -0.237446 0.149855)
(0.0855892 -0.212722 0.148717)
(0.0499048 -0.237549 0.162382)
(0.0488893 -0.212905 0.185543)
(0.049717 -0.212149 0.164902)
(0.0602736 -0.201371 0.160668)
(-0.0259202 -0.18783 0.113364)
(-0.0130214 -0.175667 0.11362)
(-0.0130808 -0.187976 0.127656)
(-0.0250271 -0.125392 0.150086)
(-3.11443e-07 -0.125344 0.125301)
(-0.0250439 -0.100179 0.125075)
(-0.0377785 -0.1508 0.13787)
(1.07609e-05 -0.18762 0.191241)
(-0.0127347 -0.187473 0.202761)
(-0.0129094 -0.188006 0.180173)
(-0.0254836 -0.187353 0.189976)
(-0.0126582 -0.17496 0.18907)
(-0.0498774 -0.125315 0.174826)
(-8.82946e-08 -0.125158 0.175018)
(-0.0249859 -0.100123 0.174982)
(-0.024972 -0.125114 0.199963)
(-0.037421 -0.150497 0.162359)
(0.0887355 -0.175797 0.112319)
(0.0880544 -0.186775 0.125916)
(0.025027 -0.125392 0.150086)
(0.0377792 -0.1508 0.137868)
(0.012913 -0.188005 0.180174)
(0.025485 -0.187351 0.189976)
(0.0126582 -0.17496 0.18907)
(0.0498777 -0.125314 0.174826)
(0.0249859 -0.100123 0.174982)
(0.0249721 -0.125114 0.199963)
(0.0374213 -0.150497 0.162358)
(-0.0250271 0.125392 0.150086)
(-0.0250439 0.100179 0.125075)
(-0.0377785 0.1508 0.13787)
(-0.102619 0.187413 0.113034)
(-0.0887408 0.175799 0.112314)
(-0.0880566 0.186778 0.125914)
(1.11599e-06 0.188203 0.113037)
(-0.00929343 0.204526 0.106938)
(-0.0130212 0.175666 0.11362)
(-0.0259134 0.187817 0.113355)
(-0.0130806 0.187975 0.127655)
(-0.0498774 0.125315 0.174826)
(-9.00607e-08 0.125158 0.175018)
(-0.0249859 0.100123 0.174982)
(-0.024972 0.125114 0.199963)
(-0.037421 0.150497 0.162359)
(1.03815e-05 0.187621 0.191242)
(-0.0127841 0.200219 0.19059)
(-0.0127353 0.187473 0.202761)
(-0.0129095 0.188006 0.180173)
(-0.0126583 0.174961 0.18907)
(-0.0254838 0.187353 0.189976)
(0.0130278 0.175651 0.113615)
(0.0259332 0.187797 0.113342)
(0.0130714 0.187961 0.127648)
(0.0909318 0.200854 0.113007)
(0.102616 0.187408 0.113033)
(0.0887355 0.175797 0.112319)
(0.0880544 0.186775 0.125916)
(0.0498777 0.125314 0.174826)
(0.0249859 0.100123 0.174982)
(0.0374212 0.150497 0.162358)
(0.0127904 0.200218 0.190592)
(0.0127391 0.187473 0.202762)
(0.012913 0.188005 0.180174)
(0.0126581 0.17496 0.18907)
(0.0254849 0.187351 0.189976)
(-0.0257985 0.20879 0.113466)
(-0.0153443 0.222605 0.112522)
(-0.0120775 0.215065 0.125654)
(-0.0500421 0.276274 0.124956)
(-0.075341 0.27615 0.150256)
(-0.0999992 0.275031 0.124983)
(-0.0627768 0.251321 0.137685)
(-0.0881087 0.251202 0.112642)
(-0.0626454 0.251055 0.112541)
(-0.0250045 0.275878 0.150035)
(3.10877e-06 0.27488 0.125007)
(-0.0375594 0.25178 0.137464)
(-0.0746929 0.249846 0.174648)
(-0.0994661 0.22495 0.174516)
(-0.0623654 0.237448 0.149857)
(-0.0855912 0.212723 0.148716)
(-0.0602652 0.201374 0.160674)
(-0.0499069 0.237551 0.162383)
(-0.0488884 0.212907 0.185544)
(-0.0497126 0.212149 0.164904)
(-8.95214e-06 0.21174 0.189279)
(-0.0125327 0.212643 0.200873)
(-0.0129086 0.211905 0.178526)
(-0.0250312 0.212713 0.18801)
(-0.0125727 0.225758 0.188333)
(-0.04996 0.274995 0.17495)
(4.25215e-07 0.275147 0.175056)
(-0.024989 0.275064 0.200018)
(-0.0374987 0.250125 0.162514)
(0.0842057 0.221957 0.112178)
(0.0844994 0.21202 0.124441)
(0.0500392 0.276274 0.124954)
(0.0250066 0.275872 0.150033)
(0.0375636 0.251776 0.137461)
(0.075335 0.27615 0.150263)
(0.0999991 0.275031 0.124982)
(0.0627716 0.25132 0.137691)
(0.0881082 0.251199 0.112639)
(0.0626479 0.251054 0.112534)
(0.0129134 0.211903 0.178525)
(0.0250321 0.212712 0.188009)
(0.0125692 0.225757 0.18833)
(0.0746922 0.249846 0.174648)
(0.0994657 0.224949 0.174516)
(0.0746225 0.225004 0.19947)
(0.0602736 0.201371 0.160668)
(0.0623648 0.237446 0.149855)
(0.0855892 0.212722 0.148717)
(0.0499047 0.237549 0.162382)
(0.0488892 0.212905 0.185543)
(0.049717 0.212149 0.164902)
(0.04996 0.274995 0.17495)
(0.0249889 0.275064 0.200018)
(0.037499 0.250123 0.162513)
(-0.0749227 -0.224995 -0.0498878)
(-0.0253223 -0.225555 -0.0519276)
(-0.0748962 -0.249984 -0.0248685)
(-0.0250018 -0.250167 -0.0251281)
(-0.049758 -0.22505 -0.0246385)
(-0.0755732 -0.200051 -0.0259512)
(-0.0615264 -0.212605 0.0015031)
(1.47979e-06 -0.226793 -0.0292669)
(-0.0256733 -0.200192 -0.0288203)
(-0.0125702 -0.238543 -0.000546362)
(-0.0372085 -0.212043 0.00239817)
(-0.0374736 -0.237714 4.63087e-06)
(0.0253234 -0.225556 -0.0519297)
(0.0749222 -0.224994 -0.0498881)
(0.0250012 -0.250167 -0.0251282)
(0.0748959 -0.249984 -0.0248685)
(0.0497553 -0.225049 -0.02464)
(0.0256772 -0.200198 -0.0288229)
(0.012564 -0.238543 -0.00054759)
(0.0372079 -0.212043 0.00239933)
(0.0374726 -0.237712 4.85209e-06)
(0.0755723 -0.20005 -0.0259519)
(0.0615162 -0.212603 0.0014977)
(-0.0249682 -0.175001 -0.0501039)
(-0.0495332 -0.175014 -0.0242423)
(-0.0747562 -0.150185 -0.024676)
(-0.0622516 -0.186883 0.000536389)
(-0.0249447 -0.150106 -0.0250348)
(2.66106e-06 -0.174924 -0.0263216)
(-0.0370969 -0.186816 -0.00139832)
(-0.0124909 -0.16576 0.00329671)
(-0.0337089 -0.168033 0.00516812)
(0.0748864 -0.175009 -0.0498315)
(0.0495333 -0.175013 -0.0242419)
(0.0249449 -0.150106 -0.025035)
(0.0370806 -0.186811 -0.00140249)
(0.0124888 -0.165758 0.00329541)
(0.0337073 -0.168031 0.00516626)
(0.0747564 -0.150184 -0.0246756)
(0.0622611 -0.18688 0.000544729)
(-0.0748865 0.175009 -0.0498316)
(-0.0249682 0.175001 -0.0501039)
(-0.0747562 0.150185 -0.024676)
(-0.0249447 0.150106 -0.0250348)
(-0.0495332 0.175014 -0.0242423)
(-0.0755732 0.200051 -0.0259512)
(-0.062258 0.186883 0.000541204)
(2.66766e-06 0.174924 -0.0263216)
(-0.0256733 0.200192 -0.0288203)
(-0.0124909 0.16576 0.00329671)
(-0.0370969 0.186816 -0.00139832)
(-0.0337089 0.168033 0.00516812)
(0.024969 0.175002 -0.0501039)
(0.0748864 0.175009 -0.0498315)
(0.0249449 0.150106 -0.025035)
(0.0747564 0.150184 -0.0246756)
(0.0495333 0.175013 -0.0242419)
(0.0256772 0.200198 -0.0288229)
(0.0124888 0.165758 0.00329541)
(0.0370806 0.186811 -0.00140249)
(0.0337073 0.168031 0.00516626)
(0.0755722 0.20005 -0.0259521)
(0.0622607 0.18688 0.000544382)
(-0.0253223 0.225555 -0.0519276)
(-0.0497581 0.22505 -0.0246385)
(-0.0748962 0.249984 -0.0248685)
(-0.0615264 0.212605 0.0015031)
(-0.0250018 0.250167 -0.0251281)
(1.45138e-06 0.226793 -0.0292669)
(-0.0372085 0.212043 0.00239817)
(-0.0125702 0.238543 -0.000546363)
(-0.0374737 0.237714 4.6334e-06)
(0.0749222 0.224994 -0.0498881)
(0.0497553 0.225049 -0.02464)
(0.0250012 0.250167 -0.0251282)
(0.0372079 0.212043 0.00239933)
(0.012564 0.238543 -0.000547589)
(0.0374726 0.237712 4.85178e-06)
(0.0748959 0.249984 -0.0248685)
(0.0615162 0.212603 0.0014977)
(-0.12491 -0.250008 0.0250659)
(-0.149904 -0.225006 0.0250704)
(-0.124945 -0.225078 0.050097)
(-0.125975 -0.200042 0.024563)
(-0.0983903 -0.212687 0.0384164)
(-0.125156 -0.25015 0.0750004)
(-0.150137 -0.22507 0.0750082)
(-0.127465 -0.200162 0.0748259)
(-0.125378 -0.225187 0.100001)
(-0.100842 -0.212729 0.062379)
(-0.100608 -0.238181 0.0875031)
(-0.100283 -0.237894 0.062483)
(0.149904 -0.225006 0.0250703)
(0.124944 -0.225077 0.050096)
(0.0983895 -0.212684 0.0384161)
(0.125156 -0.250149 0.0749988)
(0.150136 -0.22507 0.075007)
(0.127464 -0.200161 0.074823)
(0.125378 -0.225186 0.0999978)
(0.100841 -0.212727 0.0623763)
(0.100607 -0.238178 0.0874961)
(0.100281 -0.237891 0.0624801)
(-0.124764 -0.150107 0.0251518)
(-0.124798 -0.175044 0.0501767)
(-0.0995973 -0.186893 0.0378137)
(-0.150149 -0.175023 0.0750176)
(-0.125132 -0.150036 0.0750185)
(-0.125482 -0.175044 0.10001)
(-0.102361 -0.18734 0.0620722)
(-0.100728 -0.162325 0.0875089)
(-0.100005 -0.162816 0.0625779)
(-0.0613751 -0.166698 0.0261178)
(-0.0716393 -0.166843 0.0381388)
(-0.0504997 -0.164023 0.0370083)
(-0.0626929 -0.163557 0.0497215)
(-0.0589512 -0.175907 0.0159935)
(-0.0606882 -0.201275 0.0140774)
(-0.0811672 -0.178431 0.0426535)
(-0.0836066 -0.198077 0.0411224)
(-0.0882717 -0.186823 0.0506485)
(-0.0493722 -0.16679 0.0158296)
(-0.0822194 -0.168166 0.0538194)
(0.0377826 -0.163588 0.0248016)
(0.0504958 -0.164021 0.037005)
(0.0248046 -0.163403 0.0132688)
(0.0120855 -0.165988 0.0229144)
(-2.1568e-07 -0.163308 0.0125561)
(0.0124984 -0.150167 0.0124909)
(0.0259227 -0.188089 0.0358543)
(0.0166143 -0.178705 0.0316883)
(0.0127133 -0.199685 0.033429)
(-1.36664e-05 -0.187706 0.0354136)
(0.0132994 -0.188002 0.0478634)
(0.0493781 -0.166785 0.0158361)
(0.0374276 -0.150371 0.012629)
(0.0409158 -0.18782 0.0465651)
(0.150149 -0.175023 0.0750171)
(0.125132 -0.150035 0.0750181)
(0.10236 -0.187337 0.0620725)
(0.100729 -0.162321 0.0875072)
(0.100005 -0.162813 0.0625775)
(-0.124764 0.150107 0.0251518)
(-0.149855 0.175014 0.025099)
(-0.124798 0.175044 0.0501767)
(-0.125975 0.200042 0.0245628)
(-0.0995973 0.186893 0.0378137)
(-0.125132 0.150036 0.0750185)
(-0.150149 0.175023 0.0750176)
(-0.127465 0.200162 0.0748259)
(-0.125482 0.175044 0.10001)
(-0.102361 0.18734 0.0620722)
(-0.100728 0.162325 0.0875089)
(-0.100005 0.162816 0.0625779)
(0.0124984 0.150167 0.0124909)
(0.0374276 0.150371 0.012629)
(0.149855 0.175014 0.025099)
(0.124797 0.175043 0.0501767)
(0.0995973 0.18689 0.0378171)
(0.125132 0.150035 0.0750181)
(0.150149 0.175023 0.0750171)
(0.127464 0.200161 0.074823)
(0.125482 0.175043 0.100009)
(0.10236 0.187337 0.0620725)
(0.100729 0.162321 0.0875072)
(0.100005 0.162813 0.0625775)
(-0.12491 0.250008 0.0250659)
(-0.124945 0.225078 0.050097)
(-0.0983903 0.212687 0.0384164)
(-0.150137 0.22507 0.0750082)
(-0.125156 0.25015 0.0750004)
(-0.125378 0.225187 0.100001)
(-0.100842 0.212729 0.062379)
(-0.100608 0.238181 0.0875031)
(-0.100283 0.237894 0.062483)
(-0.0624855 0.237725 0.0250139)
(-0.062009 0.225835 0.0376991)
(-0.0750334 0.237761 0.0374948)
(-0.0501585 0.237361 0.0373628)
(-0.0626606 0.237362 0.0499053)
(-0.0577753 0.219584 0.0176085)
(-0.0606882 0.201275 0.0140774)
(-0.0501837 0.212191 0.00940124)
(-0.077971 0.212179 0.0373973)
(-0.086607 0.225183 0.0379937)
(-0.0836066 0.198077 0.0411224)
(-0.084865 0.212024 0.0503947)
(-0.0500275 0.237865 0.0124389)
(-0.0874243 0.237597 0.0500585)
(0.0375736 0.237829 0.0248971)
(0.0373245 0.222368 0.0378715)
(0.0254634 0.236709 0.036741)
(0.0501569 0.23736 0.0373609)
(0.0387208 0.23613 0.0490048)
(0.0380878 0.224072 0.0121326)
(0.0501871 0.212191 0.0094045)
(0.0250788 0.238111 0.012276)
(0.012547 0.23666 0.0248375)
(-6.09619e-07 0.237845 0.0123852)
(0.0246085 0.211518 0.0383305)
(0.0121813 0.22347 0.0376814)
(0.0127133 0.199685 0.033429)
(0.0119874 0.214626 0.0512476)
(0.0500264 0.237862 0.0124387)
(0.0399123 0.21095 0.0500522)
(-1.9445e-06 0.236539 0.0374043)
(0.0124273 0.237305 0.0498565)
(0.150136 0.22507 0.075007)
(0.125156 0.250149 0.0749988)
(0.100841 0.212727 0.0623763)
(0.100607 0.238178 0.0874961)
(0.100281 0.237891 0.0624801)
(-0.124978 -0.25006 0.124955)
(-0.149976 -0.225051 0.124947)
(-0.124656 -0.225053 0.149769)
(-0.126655 -0.200254 0.125325)
(-0.100232 -0.237854 0.112501)
(-0.0981942 -0.212913 0.136456)
(0.149976 -0.22505 0.124947)
(0.124656 -0.225053 0.149768)
(0.10023 -0.237851 0.112498)
(0.0981936 -0.212911 0.136456)
(-0.124939 -0.150134 0.124937)
(-0.124674 -0.175126 0.149776)
(-0.100049 -0.162848 0.112453)
(-0.101286 -0.187476 0.137998)
(-0.0626191 -0.163488 0.125097)
(-0.0713579 -0.166983 0.13672)
(-0.0504338 -0.163875 0.137929)
(-0.0623438 -0.150904 0.137361)
(-0.0612213 -0.166958 0.148712)
(-0.0512256 -0.187879 0.11321)
(-0.074024 -0.163478 0.112231)
(-0.0820991 -0.16827 0.120786)
(-0.0840525 -0.16597 0.0999529)
(-0.0872994 -0.150494 0.112416)
(-0.0808516 -0.186689 0.139345)
(-0.0869215 -0.175131 0.137161)
(-0.0836582 -0.201482 0.133787)
(-0.0873241 -0.187349 0.149979)
(-0.0629634 -0.165819 0.100021)
(-0.0539089 -0.16777 0.113322)
(-0.0626767 -0.151061 0.112578)
(0.0419415 -0.168003 0.129461)
(0.0256965 -0.167769 0.141208)
(0.0504298 -0.16387 0.137932)
(0.0375947 -0.163457 0.150114)
(0.0396234 -0.175487 0.113854)
(0.0404806 -0.187683 0.127931)
(0.0395899 -0.187984 0.100736)
(0.0385946 -0.20018 0.112729)
(0.0512108 -0.187878 0.113228)
(0.0253874 -0.187819 0.13864)
(0.0159326 -0.175893 0.143873)
(0.0132615 -0.200242 0.140367)
(-0.000112955 -0.189613 0.144383)
(0.0539071 -0.167769 0.113323)
(-0.124939 0.150134 0.124937)
(-0.149989 0.175052 0.12495)
(-0.124674 0.175126 0.149776)
(-0.126672 0.200255 0.12533)
(-0.100049 0.162848 0.112452)
(-0.101349 0.187471 0.138029)
(-0.0623438 0.150904 0.137361)
(-0.0872995 0.150494 0.112416)
(-0.0626767 0.151061 0.112578)
(0.149989 0.175052 0.12495)
(0.124674 0.175126 0.149776)
(0.100049 0.162846 0.112452)
(0.101348 0.18747 0.13803)
(-0.124978 0.25006 0.124955)
(-0.124656 0.225053 0.149769)
(-0.100231 0.237854 0.112502)
(-0.0981942 0.212913 0.136456)
(-0.0627514 0.239441 0.12511)
(-0.0624256 0.227689 0.137633)
(-0.0749199 0.237589 0.13742)
(-0.0502794 0.239808 0.13771)
(-0.0621559 0.227039 0.112344)
(-0.0477776 0.210885 0.11296)
(-0.0755021 0.239122 0.112661)
(-0.08731 0.237499 0.124886)
(-0.0880127 0.238404 0.100063)
(-0.0775297 0.212161 0.137292)
(-0.0863866 0.22505 0.136868)
(-0.0836582 0.201482 0.133787)
(-0.0626019 0.238006 0.100105)
(-0.0510324 0.237418 0.112842)
(0.0375889 0.237954 0.1247)
(0.0376836 0.227497 0.137629)
(0.0249412 0.237871 0.137368)
(0.0502805 0.239807 0.137708)
(0.0376769 0.239452 0.150265)
(0.0375088 0.222121 0.115373)
(0.0351471 0.211253 0.122842)
(0.0386407 0.212417 0.100904)
(0.0385946 0.20018 0.112729)
(0.047769 0.210883 0.112999)
(0.0126216 0.235651 0.100084)
(0.0256359 0.20753 0.135246)
(0.0173992 0.221784 0.136521)
(0.0132615 0.200242 0.140367)
(3.66045e-05 0.210528 0.141367)
(0.0379834 0.236733 0.100403)
(0.0510422 0.237419 0.112825)
(-0.0249731 -0.25008 0.225027)
(-0.0498506 -0.225057 0.224791)
(-0.0249767 -0.225044 0.250014)
(7.47482e-07 -0.225137 0.225221)
(-0.0252932 -0.200116 0.226798)
(-0.0371612 -0.212701 0.199511)
(0.049851 -0.225057 0.22479)
(0.0249771 -0.225043 0.250014)
(0.0371628 -0.212699 0.19951)
(-0.0249788 -0.150057 0.225009)
(-0.0249826 -0.175025 0.250012)
(-0.0378255 -0.187487 0.201635)
(-0.0249788 0.150057 0.225009)
(-0.0498923 0.175074 0.224843)
(-0.0249827 0.175025 0.250012)
(3.97905e-07 0.175029 0.225203)
(-0.0252935 0.200116 0.226798)
(-0.0378257 0.187487 0.201635)
(0.0498924 0.175074 0.224843)
(0.0249828 0.175025 0.250012)
(0.0378263 0.187487 0.201635)
(-0.0249734 0.25008 0.225027)
(-0.024977 0.225044 0.250014)
(-0.0371617 0.212701 0.199511)
(-0.0624855 -0.237725 0.0250139)
(-0.0750334 -0.237761 0.0374948)
(-0.062009 -0.225835 0.0376991)
(-0.0501585 -0.237361 0.0373628)
(-0.0626606 -0.237362 0.0499053)
(-0.0577753 -0.219584 0.0176085)
(-0.0501837 -0.212191 0.00940124)
(-0.086607 -0.225183 0.0379937)
(-0.077971 -0.212179 0.0373973)
(-0.084865 -0.212024 0.0503947)
(-0.0500272 -0.237865 0.0124389)
(-0.0874243 -0.237597 0.0500585)
(-0.0375726 -0.237831 0.0248973)
(-0.0254656 -0.23671 0.0367446)
(-0.0373246 -0.222368 0.0378714)
(-0.0387237 -0.236131 0.0490102)
(-0.02508 -0.238112 0.0122762)
(-0.0125499 -0.236661 0.0248372)
(-5.86332e-07 -0.237845 0.0123852)
(-0.0380778 -0.224072 0.0121273)
(-0.0121809 -0.223471 0.0376813)
(-0.0246078 -0.2115 0.0383398)
(-0.0121829 -0.214664 0.0513246)
(-0.0126756 -0.199684 0.033426)
(-0.0124465 -0.237304 0.049866)
(-1.9443e-06 -0.236539 0.0374043)
(-0.0398899 -0.21095 0.0500313)
(-0.0755203 -0.23909 0.0623308)
(-0.0628027 -0.226206 0.0623245)
(-0.0625539 -0.23786 0.0750174)
(-0.0501925 -0.236124 0.0624113)
(-0.0842996 -0.222095 0.0628069)
(-0.090918 -0.200786 0.0621009)
(-0.0880112 -0.238425 0.0749457)
(-0.07544 -0.239724 0.0875326)
(-0.0880128 -0.238404 0.100063)
(-0.0627338 -0.226095 0.0876373)
(-0.0466158 -0.211883 0.0879393)
(-0.0503654 -0.236685 0.0871948)
(-0.0626019 -0.238006 0.100105)
(-0.0256833 -0.236478 0.0632866)
(-0.037734 -0.223449 0.0628013)
(-0.0376868 -0.23629 0.07499)
(-0.00771482 -0.221372 0.061347)
(-0.0265258 -0.213893 0.0670492)
(-0.00923467 -0.205665 0.0659576)
(-0.0134043 -0.234048 0.0754919)
(-0.0251714 -0.236107 0.0872733)
(-3.38961e-06 -0.232922 0.0872482)
(-0.0126192 -0.235653 0.100104)
(-0.0369866 -0.209166 0.0746968)
(-0.0373914 -0.223255 0.0843904)
(-0.0387036 -0.200284 0.0882607)
(-0.038591 -0.212409 0.100995)
(-0.0383159 -0.200273 0.0614731)
(-0.0379535 -0.23673 0.100455)
(0.0375736 -0.237829 0.0248971)
(0.0254634 -0.236709 0.036741)
(0.0373245 -0.222368 0.0378715)
(0.0501569 -0.23736 0.0373609)
(0.0387208 -0.23613 0.0490048)
(0.0250788 -0.238111 0.012276)
(0.012547 -0.236661 0.0248375)
(0.0380878 -0.224072 0.0121326)
(0.0501871 -0.212191 0.0094045)
(0.0121813 -0.22347 0.0376814)
(0.0246085 -0.211518 0.0383305)
(0.0119874 -0.214626 0.0512476)
(0.0500264 -0.237862 0.0124387)
(0.0124273 -0.237305 0.0498565)
(0.0399123 -0.21095 0.0500522)
(0.0624856 -0.237724 0.025014)
(0.0750322 -0.237759 0.0374944)
(0.0620092 -0.225832 0.0377027)
(0.0626591 -0.237358 0.0499029)
(0.0577857 -0.219584 0.0176169)
(0.0606815 -0.201274 0.0140744)
(0.0866061 -0.22518 0.0379942)
(0.0779708 -0.212179 0.037397)
(0.0848646 -0.212024 0.0503952)
(0.0835909 -0.198078 0.0411033)
(0.087422 -0.237595 0.050057)
(0.0256364 -0.236485 0.0632249)
(0.0377415 -0.223448 0.0628073)
(0.0376838 -0.236286 0.0749746)
(0.05019 -0.236121 0.0624045)
(0.00756065 -0.221367 0.0613293)
(0.0264287 -0.213926 0.0668923)
(0.00923581 -0.205664 0.0659579)
(0.0133594 -0.234044 0.0754551)
(0.0251736 -0.236083 0.0872204)
(0.0126216 -0.235651 0.100084)
(0.036989 -0.209163 0.0747025)
(0.0373917 -0.223252 0.0843921)
(0.0466138 -0.211836 0.08768)
(0.038709 -0.200275 0.0882208)
(0.0386407 -0.212417 0.100904)
(0.0382844 -0.200283 0.0614359)
(0.0503631 -0.236667 0.0870942)
(0.0379834 -0.236733 0.100403)
(0.0755187 -0.239086 0.0623281)
(0.0628019 -0.226203 0.062328)
(0.0625533 -0.237855 0.0750099)
(0.0842934 -0.22209 0.0628036)
(0.0909231 -0.200779 0.0621065)
(0.0880089 -0.238421 0.0749387)
(0.0754401 -0.239719 0.0875261)
(0.0880123 -0.2384 0.100055)
(0.0627386 -0.226093 0.0876179)
(0.0626026 -0.238 0.100094)
(-0.0377852 -0.163595 0.0248015)
(-0.0248038 -0.163407 0.0132692)
(-0.0120878 -0.165989 0.0229159)
(-0.0124986 -0.150169 0.0124911)
(-0.0259018 -0.188089 0.0358459)
(-0.0165949 -0.178705 0.0316821)
(-0.0132971 -0.188004 0.0478595)
(-0.0374271 -0.150375 0.0126294)
(-0.040906 -0.187821 0.0465463)
(-0.0742226 -0.163458 0.062698)
(-0.0653781 -0.165963 0.0752369)
(-0.053565 -0.167598 0.0592896)
(-0.0626162 -0.150319 0.062455)
(-0.0889339 -0.175766 0.0623859)
(-0.0591994 -0.175289 0.0870159)
(-0.0517468 -0.187691 0.0875554)
(-0.0841225 -0.165931 0.0750256)
(-0.0747337 -0.163288 0.087545)
(-0.0876354 -0.149922 0.0875033)
(-0.0515143 -0.187953 0.0617655)
(-0.0873013 -0.150412 0.0625883)
(-0.0511776 -0.163057 0.0876821)
(-0.0627053 -0.150252 0.087522)
(-0.0392366 -0.175399 0.0612795)
(-0.0259755 -0.18803 0.061633)
(-0.0394944 -0.187795 0.07437)
(-0.0391085 -0.175471 0.0875954)
(-0.0395844 -0.187986 0.100738)
(0.0613809 -0.1667 0.0261181)
(0.0716387 -0.166839 0.0381392)
(0.0626936 -0.163555 0.0497237)
(0.0589512 -0.175908 0.0159935)
(0.0811651 -0.178426 0.0426538)
(0.0882732 -0.186818 0.0506547)
(0.0822165 -0.168161 0.053818)
(0.0392423 -0.175399 0.0612909)
(0.053563 -0.167596 0.0592907)
(0.0259733 -0.188031 0.061629)
(0.039496 -0.187794 0.0743789)
(0.0391085 -0.175469 0.0876001)
(0.0517456 -0.18769 0.0875673)
(0.0515254 -0.187954 0.0617839)
(0.0511754 -0.163056 0.0876837)
(0.0742234 -0.163454 0.0626985)
(0.065375 -0.165961 0.0752344)
(0.0626146 -0.150317 0.0624554)
(0.0889318 -0.175766 0.0623864)
(0.0591962 -0.175289 0.0870063)
(0.0841242 -0.165928 0.0750242)
(0.0747332 -0.163281 0.0875447)
(0.0876365 -0.149918 0.0875019)
(0.0840556 -0.165964 0.0999526)
(0.0873018 -0.150409 0.062588)
(0.0627039 -0.15025 0.0875218)
(0.0629642 -0.165812 0.100021)
(-0.0124986 0.150169 0.0124911)
(-0.0374271 0.150375 0.0126294)
(-0.0613751 0.166698 0.0261178)
(-0.0716393 0.166843 0.0381388)
(-0.0504997 0.164023 0.0370083)
(-0.0626929 0.163557 0.0497215)
(-0.0589512 0.175907 0.0159935)
(-0.0811672 0.178431 0.0426535)
(-0.0882717 0.186823 0.0506485)
(-0.0493722 0.16679 0.0158296)
(-0.0822194 0.168166 0.0538194)
(-0.0377852 0.163595 0.0248015)
(-0.0248038 0.163407 0.0132692)
(-0.0120878 0.165989 0.0229159)
(-2.1568e-07 0.163308 0.0125561)
(-0.0165949 0.178705 0.0316821)
(-0.0259018 0.188089 0.0358459)
(-0.0132971 0.188004 0.0478595)
(-1.36664e-05 0.187706 0.0354136)
(-0.0126756 0.199684 0.033426)
(-0.040906 0.187821 0.0465463)
(-0.0626162 0.150319 0.062455)
(-0.0876354 0.149922 0.0875033)
(-0.0873012 0.150412 0.0625883)
(-0.0627052 0.150252 0.0875221)
(-0.0742226 0.163458 0.062698)
(-0.0653781 0.165963 0.0752369)
(-0.053565 0.167598 0.0592896)
(-0.0889339 0.175766 0.0623859)
(-0.090918 0.200786 0.0621009)
(-0.0841225 0.165931 0.0750256)
(-0.0747337 0.163288 0.087545)
(-0.0840525 0.16597 0.0999529)
(-0.0591994 0.175289 0.0870159)
(-0.0517467 0.187691 0.0875558)
(-0.0515143 0.187953 0.0617655)
(-0.051177 0.163057 0.0876828)
(-0.0629634 0.165819 0.100021)
(-0.0392366 0.175399 0.0612795)
(-0.0259754 0.18803 0.061633)
(-0.00923467 0.205665 0.0659576)
(-0.0394944 0.187795 0.07437)
(-0.0391083 0.17547 0.0875955)
(-0.0387035 0.200284 0.0882607)
(-0.0395838 0.187985 0.100738)
(-0.0383159 0.200273 0.0614731)
(0.0377826 0.163588 0.0248016)
(0.0504958 0.164021 0.037005)
(0.0248046 0.163403 0.0132688)
(0.0120855 0.165988 0.0229144)
(0.0166143 0.178705 0.0316883)
(0.0259227 0.188089 0.0358543)
(0.0132994 0.188002 0.0478634)
(0.0493781 0.166785 0.0158361)
(0.0409158 0.18782 0.0465651)
(0.0613809 0.1667 0.0261181)
(0.0716387 0.166839 0.0381392)
(0.0626936 0.163555 0.0497237)
(0.0589512 0.175908 0.0159935)
(0.0606815 0.201274 0.0140744)
(0.0811651 0.178426 0.0426538)
(0.0882732 0.186818 0.0506547)
(0.0835909 0.198078 0.0411033)
(0.0822165 0.168161 0.053818)
(0.0626146 0.150317 0.0624554)
(0.0876365 0.149918 0.0875019)
(0.0873018 0.150409 0.062588)
(0.0627038 0.15025 0.0875219)
(0.0392423 0.175399 0.061291)
(0.053563 0.167596 0.0592907)
(0.0259733 0.188031 0.061629)
(0.00923581 0.205664 0.0659579)
(0.0394959 0.187794 0.0743789)
(0.0391084 0.175469 0.0876004)
(0.0517454 0.18769 0.0875677)
(0.038709 0.200275 0.0882209)
(0.0395896 0.187984 0.100736)
(0.0515254 0.187954 0.0617839)
(0.0382843 0.200283 0.0614359)
(0.051175 0.163055 0.0876844)
(0.0742234 0.163454 0.0626985)
(0.065375 0.165961 0.0752344)
(0.0889318 0.175766 0.0623864)
(0.0909231 0.200779 0.0621065)
(0.0841242 0.165928 0.0750242)
(0.0747332 0.163281 0.0875447)
(0.0840556 0.165964 0.0999526)
(0.0591962 0.175289 0.0870063)
(0.0629642 0.165812 0.100021)
(-0.0375726 0.237831 0.0248973)
(-0.0373246 0.222368 0.0378714)
(-0.0254656 0.23671 0.0367446)
(-0.0387237 0.236131 0.0490102)
(-0.0380778 0.224072 0.0121273)
(-0.02508 0.238112 0.0122762)
(-0.0125499 0.236662 0.0248372)
(-0.0246078 0.2115 0.0383398)
(-0.0121809 0.223471 0.0376813)
(-0.0121829 0.214664 0.0513246)
(-0.0398899 0.21095 0.0500313)
(-0.0124465 0.237304 0.049866)
(-0.0628027 0.226206 0.0623245)
(-0.0755203 0.23909 0.0623308)
(-0.0625539 0.23786 0.0750174)
(-0.0501925 0.236124 0.0624113)
(-0.0842996 0.222095 0.0628069)
(-0.0627338 0.226095 0.0876373)
(-0.0466158 0.211883 0.0879393)
(-0.0880112 0.238425 0.0749457)
(-0.07544 0.239724 0.0875326)
(-0.0503654 0.236685 0.0871948)
(-0.037734 0.223449 0.0628013)
(-0.0256833 0.236478 0.0632866)
(-0.0376868 0.23629 0.07499)
(-0.0265258 0.213893 0.0670492)
(-0.00771498 0.221372 0.0613465)
(-0.0369866 0.209166 0.0746968)
(-0.0373914 0.223255 0.0843904)
(-0.038591 0.212409 0.100995)
(-0.0134043 0.234048 0.0754919)
(-0.0251715 0.236107 0.0872733)
(-3.39135e-06 0.232922 0.0872482)
(-0.0126193 0.235653 0.100104)
(-0.0379535 0.23673 0.100455)
(0.0624856 0.237724 0.025014)
(0.0620092 0.225832 0.0377027)
(0.0750322 0.237759 0.0374944)
(0.0626591 0.237358 0.0499029)
(0.0577857 0.219584 0.0176169)
(0.0779708 0.212179 0.037397)
(0.0866061 0.22518 0.0379942)
(0.0848646 0.212024 0.0503952)
(0.087422 0.237595 0.050057)
(0.0377415 0.223448 0.0628073)
(0.0256364 0.236485 0.0632249)
(0.0376838 0.236286 0.0749746)
(0.05019 0.236121 0.0624045)
(0.0264287 0.213926 0.0668923)
(0.00756064 0.221367 0.0613293)
(0.036989 0.209163 0.0747025)
(0.0373917 0.223252 0.0843921)
(0.0466139 0.211836 0.0876801)
(0.0133594 0.234044 0.0754551)
(0.0251736 0.236083 0.0872204)
(0.0503631 0.236667 0.0870942)
(0.0628019 0.226203 0.062328)
(0.0755187 0.239086 0.0623281)
(0.0625533 0.237855 0.0750099)
(0.0842934 0.22209 0.0628036)
(0.0627386 0.226093 0.087618)
(0.0880089 0.238421 0.0749387)
(0.0754401 0.239719 0.0875261)
(0.0880124 0.2384 0.100055)
(0.0626027 0.238 0.100094)
(-0.0627514 -0.239441 0.12511)
(-0.0749199 -0.237589 0.13742)
(-0.0624256 -0.227689 0.137633)
(-0.0502794 -0.239808 0.13771)
(-0.0755021 -0.239122 0.112662)
(-0.08731 -0.237499 0.124886)
(-0.0621559 -0.227039 0.112344)
(-0.0477776 -0.210885 0.11296)
(-0.0863866 -0.22505 0.136868)
(-0.0775297 -0.212161 0.137292)
(-0.0510324 -0.237418 0.112842)
(-0.0375794 -0.237942 0.124714)
(-0.0249236 -0.237894 0.137373)
(-0.0376916 -0.227503 0.137629)
(-0.0376767 -0.239459 0.150266)
(-0.0373522 -0.222074 0.115581)
(-0.035141 -0.211255 0.122845)
(-0.038562 -0.200174 0.11277)
(-0.0171275 -0.221836 0.136627)
(-0.0256566 -0.20753 0.135236)
(3.66045e-05 -0.210528 0.141367)
(-0.0133062 -0.200244 0.140358)
(-0.0250517 -0.238111 0.162648)
(-0.0380173 -0.223723 0.162732)
(-0.0373544 -0.237443 0.174722)
(-0.0124924 -0.22629 0.161794)
(-0.0368413 -0.212001 0.171765)
(-0.0372216 -0.224899 0.187011)
(-0.0377353 -0.200806 0.188537)
(0.03759 -0.237954 0.1247)
(0.0249441 -0.237872 0.137368)
(0.0376836 -0.227497 0.137629)
(0.0502805 -0.239807 0.137708)
(0.0376769 -0.239452 0.150265)
(0.0375088 -0.222121 0.115373)
(0.0351471 -0.211253 0.122842)
(0.047769 -0.210883 0.112999)
(0.0173992 -0.221784 0.136521)
(0.0256359 -0.20753 0.135246)
(0.0510422 -0.237419 0.112825)
(0.0627531 -0.23944 0.125107)
(0.0749202 -0.237588 0.137418)
(0.0624241 -0.227688 0.13763)
(0.0755017 -0.239119 0.112658)
(0.0873083 -0.237497 0.124886)
(0.0621572 -0.227038 0.112344)
(0.0863853 -0.225049 0.136869)
(0.077529 -0.212161 0.137292)
(0.0836668 -0.201479 0.133774)
(0.0250521 -0.238108 0.162648)
(0.038008 -0.223718 0.162733)
(0.0373548 -0.237441 0.174721)
(0.012493 -0.226287 0.161793)
(0.0368399 -0.212 0.171765)
(0.037223 -0.224898 0.18701)
(0.0377387 -0.200804 0.188534)
(-0.0419438 -0.168005 0.129461)
(-0.0256979 -0.167771 0.141209)
(-0.0375937 -0.163459 0.150117)
(-0.0396184 -0.175489 0.113856)
(-0.0404207 -0.187683 0.127986)
(-0.0254092 -0.187817 0.13863)
(-0.0159575 -0.175891 0.143866)
(-0.0585176 -0.17599 0.158376)
(-0.0492131 -0.167045 0.158835)
(-0.0751831 -0.187132 0.162581)
(-0.0624536 -0.187335 0.174758)
(-0.050459 -0.18745 0.188721)
(-0.0517511 -0.186655 0.168241)
(-0.0247175 -0.163532 0.161489)
(-0.0332412 -0.168375 0.169449)
(-0.0383171 -0.186718 0.175312)
(-0.0373494 -0.175158 0.187319)
(0.0626175 -0.163487 0.125099)
(0.0713599 -0.166982 0.13672)
(0.0623432 -0.150903 0.137362)
(0.0612214 -0.166956 0.148712)
(0.0740258 -0.163475 0.11223)
(0.0820964 -0.168265 0.120782)
(0.0873003 -0.150491 0.112416)
(0.0808484 -0.186688 0.139346)
(0.0869217 -0.17513 0.137159)
(0.0873756 -0.187344 0.150012)
(0.0626767 -0.151059 0.112577)
(0.0247196 -0.163531 0.161488)
(0.0332432 -0.168372 0.169447)
(0.0492133 -0.167043 0.158836)
(0.0383136 -0.186715 0.175311)
(0.0373492 -0.175157 0.187318)
(0.0504712 -0.187451 0.188748)
(0.0517544 -0.186651 0.168231)
(0.0585204 -0.175992 0.158372)
(0.0752271 -0.187125 0.162617)
(0.0624721 -0.187334 0.174788)
(-0.0626191 0.163488 0.125097)
(-0.0713579 0.166983 0.13672)
(-0.0504338 0.163875 0.137929)
(-0.0612213 0.166958 0.148712)
(-0.0740245 0.163477 0.11223)
(-0.0820991 0.16827 0.120786)
(-0.0512256 0.187879 0.11321)
(-0.0869215 0.175131 0.137161)
(-0.0808516 0.186689 0.139345)
(-0.0873726 0.187345 0.150015)
(-0.0539089 0.16777 0.113322)
(-0.0419438 0.168005 0.129461)
(-0.0256979 0.167771 0.141209)
(-0.0375937 0.163459 0.150117)
(-0.0396183 0.175488 0.113856)
(-0.0404207 0.187683 0.127986)
(-0.0385621 0.200175 0.11277)
(-0.0159575 0.175891 0.143866)
(-0.0254092 0.187817 0.13863)
(-0.000112955 0.189613 0.144383)
(-0.0133062 0.200244 0.140358)
(-0.0585176 0.17599 0.158376)
(-0.0492131 0.167045 0.158835)
(-0.0752256 0.187127 0.162621)
(-0.0624753 0.187332 0.174788)
(-0.0504733 0.187448 0.18875)
(-0.0517511 0.186655 0.168241)
(-0.0247175 0.163532 0.161489)
(-0.0332412 0.168375 0.169449)
(-0.0383171 0.186718 0.175312)
(-0.0373494 0.175158 0.187319)
(-0.0377355 0.200806 0.188537)
(0.0623432 0.150903 0.137362)
(0.0873003 0.150491 0.112416)
(0.0626767 0.151058 0.112577)
(0.0419415 0.168003 0.129461)
(0.0256965 0.167769 0.141208)
(0.0504298 0.16387 0.137932)
(0.0375947 0.163457 0.150114)
(0.0396234 0.175487 0.113854)
(0.0404806 0.187683 0.127931)
(0.0512108 0.187878 0.113228)
(0.0159326 0.175893 0.143873)
(0.0253874 0.187819 0.13864)
(0.0539071 0.167769 0.113323)
(0.0626175 0.163487 0.125099)
(0.0713599 0.166982 0.13672)
(0.0612214 0.166956 0.148712)
(0.0740253 0.163474 0.112229)
(0.0820964 0.168265 0.120782)
(0.0869217 0.17513 0.137159)
(0.0808484 0.186688 0.139346)
(0.0873756 0.187344 0.150012)
(0.0836668 0.201479 0.133774)
(0.0247196 0.163531 0.161488)
(0.0332432 0.168372 0.169447)
(0.0492133 0.167043 0.158836)
(0.0383136 0.186715 0.175311)
(0.0373492 0.175157 0.187318)
(0.0504712 0.187451 0.188748)
(0.0377385 0.200804 0.188534)
(0.0517544 0.186651 0.168231)
(0.0585204 0.175992 0.158372)
(0.0752271 0.187125 0.162617)
(0.0624721 0.187334 0.174788)
(-0.0375805 0.237942 0.124714)
(-0.0376916 0.227503 0.137629)
(-0.0249265 0.237894 0.137373)
(-0.0376767 0.239459 0.150266)
(-0.0373522 0.222074 0.115581)
(-0.035141 0.211255 0.122845)
(-0.0256566 0.20753 0.135236)
(-0.0171275 0.221836 0.136627)
(-0.0380173 0.223723 0.162732)
(-0.0250517 0.238111 0.162648)
(-0.0373545 0.237443 0.174722)
(-0.0124924 0.22629 0.161794)
(-0.0368413 0.212001 0.171765)
(-0.0372218 0.224899 0.187011)
(0.0627531 0.23944 0.125107)
(0.0624241 0.227688 0.13763)
(0.0749202 0.237588 0.137418)
(0.0621572 0.227038 0.112344)
(0.0755018 0.239119 0.112658)
(0.0873083 0.237497 0.124886)
(0.077529 0.212161 0.137292)
(0.0863853 0.225049 0.136869)
(0.038008 0.223718 0.162733)
(0.025052 0.238108 0.162648)
(0.0373547 0.237441 0.174721)
(0.012493 0.226287 0.161793)
(0.0368399 0.212 0.171765)
(0.0372227 0.224898 0.18701)
(-0.0499976 -0.0500046 -0.0499968)
(0.0499976 -0.0500046 -0.0499968)
(-0.0499976 0.0500046 -0.0499968)
(0.0499976 0.0500046 -0.0499968)
(-0.0251715 -0.125221 0.0749419)
(0.0251714 -0.125221 0.0749422)
(-0.0251715 0.125221 0.0749419)
(0.0251714 0.125221 0.0749423)
(-0.0748098 -0.125286 0.174791)
(0.0748102 -0.125286 0.174791)
(-0.0748098 0.125286 0.174791)
(0.0748102 0.125286 0.174791)
(-0.0130592 -0.212494 -0.0181171)
(0.0130822 -0.212504 -0.0181249)
(-0.0130566 -0.187506 -0.0176993)
(-0.0249712 -0.125064 -0.0249815)
(0.0130757 -0.187513 -0.0176907)
(0.0249712 -0.125064 -0.0249816)
(-0.0249712 0.125064 -0.0249815)
(-0.0130566 0.187506 -0.0176991)
(0.0249712 0.125064 -0.0249816)
(0.0130757 0.187513 -0.0176908)
(-0.0130591 0.212494 -0.0181172)
(0.0130822 0.212504 -0.0181248)
(-0.0572736 -0.168968 0.0182338)
(0.0385164 -0.1661 0.0361646)
(0.0128072 -0.163074 0.0365491)
(0.038593 -0.163585 0.113233)
(0.0168824 -0.168309 0.144068)
(0.0125186 0.237435 0.112484)
(0.0131194 0.237302 0.137317)
(-0.0385195 -0.166111 0.0361721)
(-0.0128017 -0.163075 0.0365463)
(-0.0384163 -0.163368 0.0617846)
(0.0572704 -0.168968 0.0182314)
(0.0384168 -0.163366 0.0617886)
(-0.0572736 0.168968 0.0182338)
(-0.0385195 0.166111 0.0361721)
(-0.0128017 0.163075 0.0365463)
(-0.0384163 0.163368 0.0617846)
(0.038515 0.1661 0.0361646)
(0.0128071 0.163074 0.0365491)
(0.0572704 0.168968 0.0182314)
(0.0384168 0.163366 0.0617886)
(-0.0125097 -0.237436 0.112493)
(-0.0130145 -0.237321 0.137353)
(-0.0125309 -0.238454 0.162624)
(0.0125186 -0.237435 0.112484)
(0.0131194 -0.237302 0.137317)
(0.0125349 -0.238452 0.162623)
(-0.0385935 -0.163587 0.113233)
(-0.0168865 -0.168309 0.144068)
(-0.0570036 -0.169206 0.156267)
(-0.012501 -0.163245 0.161837)
(0.0125009 -0.163242 0.161837)
(0.0570091 -0.16921 0.156268)
(-0.0385933 0.163587 0.113233)
(-0.0168865 0.168309 0.144068)
(-0.0570036 0.169206 0.156267)
(-0.012501 0.163245 0.161837)
(0.0385929 0.163585 0.113233)
(0.0168824 0.168309 0.144068)
(0.0125009 0.163242 0.161837)
(0.0570091 0.16921 0.156268)
(-0.0125097 0.237436 0.112493)
(-0.0130145 0.237321 0.137353)
(-0.0125309 0.238454 0.162624)
(0.0125349 0.238452 0.162623)
(-0.0585753 -0.211564 0.158537)
(0.0585725 -0.211563 0.158538)
(-0.0585753 0.211564 0.158537)
(0.0585725 0.211563 0.158538)
(-0.0373065 -0.212601 -0.0122891)
(0.0373062 -0.212601 -0.0122888)
(-0.0378758 -0.187039 -0.0139126)
(-0.0125433 -0.162353 -0.0131554)
(-0.0371969 -0.163096 -0.0119346)
(0.0378715 -0.187037 -0.0139133)
(0.0125436 -0.162353 -0.0131559)
(0.0371964 -0.163095 -0.011935)
(-0.0125433 0.162353 -0.0131554)
(-0.0378758 0.187039 -0.0139126)
(-0.0371969 0.163096 -0.0119346)
(0.0125436 0.162353 -0.0131559)
(0.0378715 0.187037 -0.0139133)
(0.0371964 0.163095 -0.011935)
(-0.0373065 0.212601 -0.0122891)
(0.0373062 0.212601 -0.0122887)
(-0.0999991 -0.050001 -0.0999989)
(2.34728e-10 -0.0500009 -0.0999999)
(0.0999991 -0.050001 -0.0999989)
(-0.0499996 -1.77504e-12 -0.0999995)
(-0.0999991 0.050001 -0.0999989)
(-0.0999988 4.79423e-12 -0.0499986)
(0.0499996 -6.27677e-12 -0.0999995)
(2.2336e-10 0.0500009 -0.0999999)
(-5.14561e-10 -1.73583e-11 -0.0499994)
(0.0999991 0.050001 -0.0999989)
(0.0999988 3.18343e-12 -0.0499986)
(3.26298e-06 -0.200052 -0.019896)
(-1.95104e-08 -0.10002 -0.0250071)
(-2.00408e-08 0.10002 -0.0250071)
(3.25895e-06 0.200052 -0.0198959)
(-4.38733e-09 -0.100106 0.0749864)
(-7.50277e-08 0.100106 0.0749864)
(-0.0999515 -0.100071 0.174954)
(-0.0999353 -0.125072 0.199931)
(-0.0749649 -0.10006 0.199958)
(0.0999516 -0.100071 0.174954)
(0.0999354 -0.125072 0.19993)
(0.074965 -0.10006 0.199958)
(-0.0999515 0.100071 0.174954)
(-0.0749649 0.10006 0.199958)
(-0.0999353 0.125072 0.199931)
(0.0999516 0.100071 0.174954)
(0.074965 0.10006 0.199958)
(0.0999354 0.125072 0.19993)
(-0.0381965 -0.150763 0.0492988)
(0.038196 -0.150761 0.0492997)
(-0.0381965 0.150763 0.0492988)
(0.0381959 0.150761 0.0492997)
(-0.0499128 -0.199626 -0.0125619)
(0.0499046 -0.199623 -0.0125671)
(-1.88036e-07 -0.149874 -0.0128445)
(-0.0499687 -0.100058 -0.0249571)
(0.0499687 -0.100057 -0.024957)
(-0.0499687 0.100058 -0.0249571)
(0.0499687 0.100057 -0.024957)
(-1.87954e-07 0.149874 -0.0128445)
(-0.0499128 0.199626 -0.0125619)
(0.0499046 0.199623 -0.0125671)
(4.5957e-06 -0.249347 0.112477)
(4.59327e-06 0.249347 0.112477)
(-0.061908 -0.150754 0.00077439)
(-0.0496685 -0.150402 -0.0119632)
(0.0619084 -0.150753 0.000775152)
(0.0496688 -0.150401 -0.0119628)
(-0.061908 0.150754 0.00077439)
(-0.0496685 0.150402 -0.0119632)
(0.0619084 0.150753 0.000775152)
(0.0496688 0.150401 -0.0119628)
(-0.0127496 -0.150471 0.0494226)
(0.0127515 -0.15047 0.049424)
(8.19705e-07 -0.150294 0.0371384)
(2.04585e-06 -0.162949 0.0490313)
(-0.0384614 -0.150718 0.100356)
(0.0384604 -0.150716 0.100356)
(-0.0127496 0.150471 0.0494227)
(0.0127515 0.15047 0.049424)
(8.14915e-07 0.150294 0.0371384)
(2.05226e-06 0.162949 0.0490313)
(-0.0384608 0.150718 0.100356)
(0.0384601 0.150716 0.100356)
(-0.0125542 -0.250163 0.150043)
(0.0125703 -0.250161 0.150039)
(1.79141e-05 -0.249991 0.137534)
(1.14884e-05 -0.237889 0.150262)
(2.91987e-06 -0.25056 0.162624)
(-0.0125562 -0.1506 0.150233)
(0.0125555 -0.150599 0.150233)
(-1.99125e-06 -0.150725 0.138419)
(-1.21725e-09 -0.165895 0.152076)
(-1.706e-07 -0.150306 0.162557)
(-0.0125562 0.1506 0.150233)
(0.0125555 0.150599 0.150233)
(-2.01067e-06 0.150725 0.138419)
(-1.21725e-09 0.165895 0.152076)
(-1.71401e-07 0.150306 0.162557)
(-0.0125542 0.250163 0.150043)
(0.0125703 0.250161 0.150039)
(1.79042e-05 0.249991 0.137534)
(1.14702e-05 0.237889 0.150262)
(2.83861e-06 0.25056 0.162624)
(-0.0499644 -0.125043 -0.0499523)
(0.0499644 -0.125043 -0.0499523)
(-0.0499644 0.125043 -0.0499523)
(0.0499644 0.125043 -0.0499523)
(-0.02577 -0.163076 0.0746593)
(0.025771 -0.163075 0.0746625)
(-0.0257699 0.163076 0.0746594)
(0.025771 0.163075 0.0746626)
(-0.0741572 -0.163297 0.174056)
(0.0741587 -0.163298 0.174056)
(-0.0741572 0.163297 0.174056)
(0.0741587 0.163298 0.174056)
(2.62062e-08 -0.125008 -0.0500329)
(-0.0249927 -0.100016 -0.0499954)
(0.0249927 -0.100016 -0.0499954)
(-0.0249927 0.100016 -0.0499954)
(0.0249927 0.100016 -0.0499954)
(2.60961e-08 0.125008 -0.0500329)
(-3.1887e-07 -0.22577 -0.0136628)
(-0.0257997 -0.200324 -0.0165643)
(0.0258021 -0.200332 -0.0165683)
(4.22538e-06 -0.174811 -0.0152006)
(4.23505e-06 0.174811 -0.0152006)
(-0.0257997 0.200324 -0.0165642)
(0.0258021 0.200332 -0.0165683)
(-3.37525e-07 0.22577 -0.0136628)
(-0.0252117 -0.150698 0.0371658)
(-0.0257422 -0.163373 0.049039)
(-0.0254758 -0.150539 0.0620517)
(-0.0381706 -0.150507 0.0747987)
(0.0252109 -0.150696 0.0371675)
(0.0257438 -0.163372 0.0490435)
(0.0254764 -0.150538 0.0620536)
(0.0381703 -0.150505 0.0748008)
(-0.0252117 0.150698 0.0371658)
(-0.0257422 0.163373 0.049039)
(-0.0254758 0.150539 0.0620517)
(-0.0381705 0.150506 0.0747988)
(0.0252108 0.150695 0.0371675)
(0.0257438 0.163372 0.0490435)
(0.0254764 0.150538 0.0620536)
(0.0381702 0.150505 0.074801)
(-0.0741697 -0.151046 0.161666)
(-0.0619122 -0.150839 0.174261)
(0.0741713 -0.151046 0.161665)
(0.0619136 -0.15084 0.174261)
(-0.0741697 0.151046 0.161666)
(-0.0619122 0.150839 0.174261)
(0.0741713 0.151046 0.161665)
(0.0619136 0.15084 0.174261)
(-0.0496089 -0.225106 -0.0118609)
(-0.0490831 -0.175003 -0.0109194)
(-0.0741821 -0.163183 0.000942728)
(-0.0742323 -0.150951 0.0132573)
(0.0496031 -0.225104 -0.0118639)
(0.0490839 -0.175001 -0.0109183)
(-0.0249304 -0.150202 -0.0124734)
(0.0249305 -0.150201 -0.0124738)
(0.0741833 -0.163183 0.000944574)
(0.0742353 -0.150951 0.013261)
(-0.0741821 0.163183 0.000942728)
(-0.0742323 0.150951 0.0132573)
(-0.0249304 0.150202 -0.0124734)
(0.0249305 0.150201 -0.0124738)
(0.0741833 0.163183 0.000944574)
(0.0742353 0.150951 0.013261)
(-0.0490831 0.175003 -0.0109194)
(-0.049609 0.225106 -0.0118609)
(0.0490839 0.175001 -0.0109183)
(0.0496031 0.225104 -0.0118639)
(-0.0250565 -0.249601 0.112617)
(0.0250701 -0.249602 0.112599)
(0.0125817 -0.249868 0.125001)
(-0.0125621 -0.24987 0.125008)
(1.54624e-05 -0.237677 0.125024)
(-0.0259431 -0.163224 0.100482)
(-0.0255377 -0.150719 0.113065)
(0.0259432 -0.163221 0.100481)
(0.0255368 -0.150717 0.113064)
(-5.1811e-06 -0.16329 0.12656)
(0.0127916 -0.150796 0.126008)
(-0.0127945 -0.150797 0.126008)
(-0.0259426 0.163223 0.100482)
(-0.0255374 0.150718 0.113065)
(0.025537 0.150717 0.113064)
(0.0259432 0.16322 0.100482)
(0.0127916 0.150796 0.126008)
(-0.0127944 0.150797 0.126008)
(-5.22549e-06 0.16329 0.12656)
(-0.0250565 0.249601 0.112617)
(0.0250701 0.249602 0.112599)
(1.5456e-05 0.237677 0.125024)
(0.0125817 0.249868 0.125001)
(-0.0125621 0.24987 0.125008)
(-0.0125169 -0.250527 0.175212)
(-3.27382e-06 -0.238691 0.175534)
(0.0125177 -0.250526 0.175211)
(-0.0124804 -0.150228 0.174979)
(-2.12981e-06 -0.165782 0.17169)
(0.0124803 -0.150228 0.174979)
(-0.0124804 0.150228 0.174979)
(-2.12981e-06 0.165782 0.17169)
(0.0124803 0.150228 0.174979)
(-0.0125171 0.250527 0.175212)
(-3.61547e-06 0.238691 0.175534)
(0.0125176 0.250527 0.175211)
(-0.0250856 -0.225491 -0.0130481)
(0.0250855 -0.225491 -0.013048)
(-0.0251412 -0.174964 -0.0134059)
(0.025143 -0.174963 -0.0134053)
(-0.0251412 0.174964 -0.0134059)
(0.025143 0.174963 -0.0134053)
(-0.0250856 0.225491 -0.0130481)
(0.0250855 0.225491 -0.013048)
(-0.0738724 0.224213 0.161355)
(-0.0738724 -0.224213 0.161355)
(-0.0615729 -0.224562 0.173718)
(-0.0739611 -0.21258 0.173712)
(0.0738703 -0.224215 0.161354)
(0.0615699 -0.224563 0.173718)
(0.0739603 -0.21258 0.173711)
(-0.0739611 0.21258 0.173712)
(0.0739603 0.21258 0.173711)
(-0.061573 0.224562 0.173718)
(0.0738703 0.224215 0.161354)
(0.0615699 0.224563 0.173718)
(-0.0379205 -0.225869 -0.0268203)
(-0.012828 -0.226588 -0.0287519)
(-0.025417 -0.212955 -0.0275715)
(0.0128315 -0.226592 -0.0287605)
(0.0379206 -0.22587 -0.0268231)
(0.0254225 -0.212958 -0.0275733)
(-0.0255312 -0.187307 -0.0280268)
(-0.037277 -0.175031 -0.0247542)
(-0.0249486 -0.162592 -0.0251632)
(-0.0125574 -0.174949 -0.0260591)
(0.0255344 -0.187309 -0.0280266)
(0.0125613 -0.17495 -0.026059)
(0.0372771 -0.175031 -0.0247538)
(0.0249493 -0.162592 -0.0251633)
(-0.0249486 0.162592 -0.0251632)
(-0.037277 0.175031 -0.0247542)
(-0.0125574 0.174949 -0.0260591)
(-0.0255312 0.187307 -0.0280268)
(0.0125613 0.17495 -0.026059)
(0.0249493 0.162592 -0.0251633)
(0.0372771 0.175031 -0.0247538)
(0.0255344 0.187309 -0.0280266)
(-0.025417 0.212955 -0.0275715)
(-0.0379205 0.225869 -0.0268203)
(-0.012828 0.226588 -0.028752)
(0.0254225 0.212958 -0.0275733)
(0.0128315 0.226592 -0.0287604)
(0.0379206 0.22587 -0.0268231)
(4.88448e-06 -0.212946 -0.0301218)
(-0.0130166 -0.200107 -0.0304611)
(0.0130245 -0.200121 -0.0304639)
(4.9618e-06 -0.187321 -0.0297927)
(4.9872e-06 0.187321 -0.0297926)
(-0.0130166 0.200107 -0.0304611)
(0.0130245 0.200121 -0.0304639)
(4.83794e-06 0.212946 -0.0301218)
(-0.0495829 -0.212531 -0.0243271)
(-0.0379618 -0.200192 -0.0269402)
(-0.0503304 -0.18718 -0.0261454)
(0.0495785 -0.21253 -0.0243299)
(0.0379626 -0.200193 -0.0269398)
(0.0503297 -0.187178 -0.0261448)
(-0.0124902 -0.149995 -0.0252336)
(8.08337e-07 -0.162396 -0.0256792)
(0.0124905 -0.149995 -0.0252337)
(-0.0124902 0.149995 -0.0252336)
(8.09975e-07 0.162396 -0.0256792)
(0.0124905 0.149995 -0.0252337)
(-0.0503304 0.18718 -0.0261454)
(-0.0379618 0.200192 -0.0269402)
(-0.049583 0.212531 -0.0243272)
(0.0503297 0.187178 -0.0261448)
(0.0379626 0.200193 -0.0269397)
(0.0495785 0.21253 -0.0243299)
(-0.0496658 -0.16269 -0.0244665)
(-0.0373605 -0.150206 -0.0248046)
(0.0496659 -0.162689 -0.0244662)
(0.0373606 -0.150205 -0.0248047)
(-0.0373605 0.150206 -0.0248046)
(-0.0496658 0.16269 -0.0244665)
(0.0373606 0.150205 -0.0248047)
(0.0496659 0.162689 -0.0244662)
(-0.0499991 -0.0500013 -0.0999989)
(0.0499991 -0.0500013 -0.0999989)
(-0.0499991 0.0500013 -0.0999989)
(0.0499991 0.0500013 -0.0999989)
(-0.0999973 -0.0500035 -0.049997)
(-1.25384e-09 -0.050003 -0.0499993)
(-0.049999 -9.14421e-12 -0.0499985)
(-0.024987 -0.100037 -0.0249874)
(0.0999973 -0.0500035 -0.0499969)
(0.049999 -2.3128e-11 -0.0499985)
(0.0249869 -0.100037 -0.0249874)
(-0.0999973 0.0500035 -0.049997)
(-1.31026e-09 0.050003 -0.0499993)
(-0.024987 0.100037 -0.0249874)
(0.0999973 0.0500035 -0.0499969)
(0.0249869 0.100037 -0.0249874)
(0.0249849 0.125025 -0.0499999)
(-0.0749158 0.125118 0.199895)
(-4.85579e-08 -0.125223 0.0749431)
(-0.0250583 -0.100113 0.074986)
(-0.038077 -0.150645 0.0620751)
(0.0250583 -0.100113 0.0749861)
(0.0380767 -0.150643 0.0620769)
(-1.00549e-07 0.125223 0.0749431)
(-0.0250584 0.100113 0.0749861)
(-0.0380769 0.150645 0.0620752)
(0.0250582 0.100113 0.0749861)
(0.0380766 0.150643 0.0620769)
(-0.0998757 -0.125149 0.174883)
(-0.0749346 -0.100122 0.174929)
(-0.0749158 -0.125118 0.199895)
(-0.0616531 -0.151306 0.161508)
(0.0998758 -0.125149 0.174883)
(0.0749347 -0.100122 0.174929)
(0.074916 -0.125118 0.199895)
(0.0616555 -0.151307 0.161508)
(-0.0749346 0.100122 0.174929)
(-0.0998757 0.125149 0.174883)
(-0.0616531 0.151306 0.161508)
(0.0749347 0.100122 0.174929)
(0.0998758 0.125149 0.174883)
(0.074916 0.125118 0.199895)
(0.0616555 0.151307 0.161508)
(1.00434e-05 -0.212442 -0.01904)
(-0.0131683 -0.200074 -0.0189379)
(-0.0125983 -0.22567 -0.0134895)
(-0.0256608 -0.213143 -0.0157649)
(-0.0128919 -0.212937 -0.0294453)
(0.0131795 -0.200126 -0.018943)
(0.0125979 -0.225671 -0.0134902)
(0.0256725 -0.213146 -0.0157651)
(0.0129023 -0.212943 -0.029454)
(-0.0249849 -0.125025 -0.0499999)
(9.82095e-06 -0.187533 -0.0184942)
(-0.025665 -0.1873 -0.0158162)
(-0.0127337 -0.174859 -0.0146723)
(-0.0129163 -0.187324 -0.0292821)
(-0.0499238 -0.125118 -0.0248869)
(-4.05795e-08 -0.12501 -0.0250511)
(-0.0124946 -0.149971 -0.0127407)
(-0.0372956 -0.150415 -0.0121444)
(0.0249849 -0.125025 -0.0499999)
(0.025668 -0.187302 -0.0158159)
(0.0127378 -0.174859 -0.014672)
(0.0129246 -0.187329 -0.0292752)
(0.0499239 -0.125117 -0.0248869)
(0.0124944 -0.14997 -0.0127411)
(0.0372955 -0.150414 -0.0121446)
(-0.0249849 0.125025 -0.0499999)
(-0.0499238 0.125118 -0.0248869)
(-4.09097e-08 0.12501 -0.0250511)
(-0.0124946 0.149971 -0.0127407)
(-0.0372956 0.150415 -0.0121444)
(9.88462e-06 0.187533 -0.0184942)
(-0.0131683 0.200074 -0.0189379)
(-0.0127337 0.174859 -0.0146722)
(-0.025665 0.1873 -0.0158162)
(-0.0129163 0.187324 -0.029282)
(0.0499239 0.125117 -0.0248869)
(0.0124944 0.14997 -0.0127411)
(0.0372955 0.150414 -0.0121446)
(0.0131795 0.200126 -0.018943)
(0.0127378 0.174859 -0.014672)
(0.025668 0.187302 -0.0158159)
(0.0129245 0.187329 -0.0292753)
(9.95163e-06 0.212442 -0.01904)
(-0.0256608 0.213143 -0.0157649)
(-0.0125983 0.22567 -0.0134895)
(-0.0128919 0.212937 -0.0294453)
(0.0256725 0.213146 -0.0157651)
(0.0125979 0.225671 -0.0134901)
(0.0129023 0.212943 -0.0294539)
(-0.0737767 -0.163857 0.0137073)
(-0.0617569 -0.151173 0.013375)
(-0.0615476 -0.163485 0.00128541)
(0.0282687 -0.167615 0.0338258)
(0.037864 -0.150616 0.0370524)
(0.0424328 -0.167995 0.0450382)
(2.07764e-06 -0.162752 0.0368405)
(0.0126476 -0.150442 0.0370945)
(0.0129387 -0.16308 0.0488908)
(0.0378635 0.150616 0.0370524)
(0.0126475 0.150442 0.0370945)
(0.0258189 -0.163323 0.113349)
(0.0130052 -0.163473 0.126733)
(0.0392213 -0.163426 0.100599)
(0.0381982 -0.150864 0.112966)
(-5.57096e-06 -0.16333 0.139036)
(0.012509 -0.165814 0.150346)
(0.0127932 -0.150957 0.138638)
(0.0249944 0.237498 0.112631)
(0.0126092 0.237855 0.124965)
(4.64737e-06 0.236738 0.112414)
(0.0125453 0.249551 0.112513)
(3.80008e-05 0.237533 0.1376)
(0.0126018 0.237815 0.149999)
(0.0126823 0.249874 0.137478)
(-0.0282712 -0.167617 0.0338211)
(-0.0378657 -0.150622 0.0370546)
(-0.0424326 -0.167996 0.0450348)
(-0.0126462 -0.150443 0.0370934)
(-0.0129338 -0.16308 0.0488879)
(-0.0257456 -0.163172 0.06177)
(-0.0386704 -0.1631 0.0746257)
(-0.0392227 -0.163429 0.100599)
(0.0737812 -0.163857 0.0137131)
(0.0617573 -0.151172 0.0133756)
(0.0615472 -0.163484 0.00128564)
(0.0257473 -0.163171 0.0617736)
(0.0386708 -0.163099 0.0746312)
(-0.0378657 0.150622 0.0370546)
(-0.0126462 0.150443 0.0370934)
(-0.0737767 0.163857 0.0137073)
(-0.0617569 0.151173 0.013375)
(-0.0615476 0.163485 0.00128541)
(-0.0282712 0.167617 0.0338211)
(-0.0424326 0.167996 0.0450348)
(-0.0129338 0.16308 0.0488879)
(2.07706e-06 0.162752 0.0368405)
(-0.0257456 0.163172 0.06177)
(-0.0386703 0.1631 0.0746259)
(-0.0392219 0.163428 0.1006)
(0.0282687 0.167615 0.0338258)
(0.0424328 0.167995 0.0450382)
(0.0129387 0.16308 0.0488908)
(0.0737812 0.163857 0.0137131)
(0.0617573 0.151172 0.0133756)
(0.0615472 0.163484 0.00128564)
(0.0257473 0.163171 0.0617736)
(0.0386707 0.163099 0.0746313)
(0.0392207 0.163425 0.1006)
(-0.0249766 -0.237497 0.112656)
(-0.0125845 -0.237859 0.124974)
(4.65027e-06 -0.236738 0.112414)
(-0.0125353 -0.249552 0.112523)
(-0.0125818 -0.237819 0.150004)
(3.80124e-05 -0.237533 0.1376)
(-0.0126449 -0.249879 0.137489)
(-0.0125514 -0.238495 0.175451)
(2.06733e-06 -0.238568 0.162617)
(-0.0125237 -0.250482 0.162607)
(0.0249944 -0.237498 0.112631)
(0.0126092 -0.237855 0.124965)
(0.0125453 -0.249551 0.112513)
(0.0126019 -0.237815 0.149999)
(0.0126824 -0.249874 0.137478)
(0.0125501 -0.238493 0.175448)
(0.012529 -0.250481 0.162606)
(-0.0258186 -0.163326 0.11335)
(-0.0130107 -0.163475 0.126734)
(-0.0381989 -0.150866 0.112966)
(-0.012509 -0.165816 0.150346)
(-0.0127958 -0.150957 0.138638)
(-0.0736272 -0.164 0.161123)
(-0.0615473 -0.16364 0.173788)
(-0.0124362 -0.166134 0.171464)
(8.73037e-08 -0.163259 0.162035)
(-0.0125005 -0.150426 0.162529)
(0.0124367 -0.166135 0.171464)
(0.0125004 -0.150424 0.162529)
(0.0736299 -0.164001 0.161122)
(0.0615496 -0.163641 0.173788)
(-0.0258185 0.163326 0.11335)
(-0.0130107 0.163474 0.126734)
(-0.0381987 0.150865 0.112967)
(-0.012509 0.165816 0.150346)
(-5.57651e-06 0.16333 0.139036)
(-0.0127958 0.150957 0.138638)
(-0.0736272 0.164 0.161123)
(-0.0615471 0.16364 0.173788)
(-0.0124362 0.166134 0.171464)
(8.73037e-08 0.163259 0.162035)
(-0.0125005 0.150426 0.162529)
(0.0258189 0.163323 0.113349)
(0.0130052 0.163473 0.126733)
(0.0381981 0.150864 0.112966)
(0.012509 0.165814 0.150346)
(0.0127932 0.150957 0.138638)
(0.0124367 0.166135 0.171464)
(0.0125004 0.150424 0.162529)
(0.0736299 0.164001 0.161122)
(0.0615496 0.163641 0.173788)
(-0.0249766 0.237497 0.112656)
(-0.0125845 0.237859 0.124974)
(-0.0125353 0.249552 0.112523)
(-0.0125818 0.237819 0.150004)
(-0.0126449 0.249879 0.137489)
(-0.0125516 0.238495 0.175451)
(1.9971e-06 0.238568 0.162617)
(-0.0125237 0.250482 0.162607)
(0.0125499 0.238493 0.175448)
(0.0125289 0.250481 0.162606)
(-0.0574389 -0.219275 0.156949)
(-0.0737631 -0.212451 0.161239)
(-0.0611825 -0.212717 0.172997)
(0.0574313 -0.219279 0.156951)
(0.0737609 -0.212451 0.16124)
(0.0611818 -0.212716 0.172997)
(-0.0574389 0.219275 0.156949)
(-0.0737631 0.212451 0.161239)
(-0.0611825 0.212717 0.172997)
(0.0574313 0.219279 0.156951)
(0.0737609 0.212451 0.16124)
(0.0611818 0.212716 0.172997)
(-0.0491511 -0.212682 -0.0110217)
(-0.0373828 -0.225062 -0.0123868)
(-0.0379006 -0.213012 -0.0268655)
(-0.0379528 -0.200543 -0.0141487)
(0.0373813 -0.225061 -0.0123871)
(0.0379016 -0.213013 -0.0268684)
(0.0491377 -0.212679 -0.0110299)
(0.037956 -0.200542 -0.014147)
(-0.0498072 -0.186878 -0.0123665)
(-0.0494509 -0.162896 -0.0115699)
(-0.0372439 -0.175038 -0.0121498)
(-0.0378863 -0.187261 -0.0267086)
(-0.0249544 -0.162725 -0.0126149)
(-0.0125106 -0.162455 -0.0255317)
(1.86456e-07 -0.162199 -0.0133693)
(-0.037308 -0.162714 -0.0247429)
(0.0372429 -0.175037 -0.0121487)
(0.037886 -0.187261 -0.0267085)
(0.0498076 -0.186874 -0.0123635)
(0.0249549 -0.162725 -0.0126154)
(0.0125119 -0.162455 -0.0255318)
(0.0373081 -0.162713 -0.0247429)
(0.0494513 -0.162894 -0.0115692)
(-0.0498072 0.186878 -0.0123665)
(-0.0494509 0.162896 -0.0115699)
(-0.0249544 0.162725 -0.0126149)
(-0.0125106 0.162455 -0.0255317)
(1.88237e-07 0.162199 -0.0133693)
(-0.0372439 0.175038 -0.0121498)
(-0.0378863 0.187261 -0.0267086)
(-0.0379528 0.200543 -0.0141487)
(-0.037308 0.162714 -0.0247429)
(0.0249549 0.162725 -0.0126154)
(0.0125119 0.162455 -0.0255318)
(0.0372429 0.175037 -0.0121487)
(0.037886 0.187261 -0.0267086)
(0.0498076 0.186874 -0.0123635)
(0.037956 0.200542 -0.014147)
(0.0373081 0.162713 -0.0247429)
(0.0494513 0.162894 -0.0115692)
(-0.0491511 0.212682 -0.0110217)
(-0.0373828 0.225062 -0.0123868)
(-0.0379006 0.213012 -0.0268654)
(0.0373813 0.225061 -0.0123871)
(0.0379016 0.213013 -0.0268683)
(0.0491377 0.212679 -0.0110299)
(-0.15 -0.25 -0.15)
(-0.0503303 -0.250561 -0.151508)
(0.0503296 -0.250564 -0.151509)
(0.15 -0.25 -0.15)
(-0.149999 -0.15 -0.149999)
(-0.0499979 -0.150001 -0.149998)
(0.0499979 -0.150001 -0.149998)
(0.149999 -0.15 -0.149999)
(-0.0499997 -0.0500003 -0.15)
(0.0499997 -0.0500003 -0.15)
(-0.0499997 0.0500003 -0.15)
(0.0499997 0.0500003 -0.15)
(-0.149999 0.15 -0.149999)
(-0.0499979 0.150001 -0.149998)
(0.0499979 0.150001 -0.149998)
(0.149999 0.15 -0.149999)
(-0.15 0.25 -0.15)
(-0.0503303 0.250561 -0.151508)
(0.0503285 0.250564 -0.151509)
(0.15 0.25 -0.15)
(-0.15 -0.35 -0.0499996)
(-0.0499997 -0.350001 -0.0500001)
(0.0499997 -0.350001 -0.0500001)
(0.15 -0.35 -0.0499996)
(-0.25 -0.25 -0.0499996)
(0.25 -0.25 -0.0499996)
(-0.249999 -0.15 -0.0499994)
(-0.0749603 -0.175004 -0.074944)
(0.024985 -0.175001 -0.0750357)
(0.249999 -0.15 -0.0499994)
(-0.149999 -0.0500014 -0.0499986)
(0.149999 -0.0500014 -0.0499986)
(-0.149999 0.0500014 -0.0499986)
(0.149999 0.0500014 -0.0499986)
(-0.249999 0.15 -0.0499994)
(0.0249935 0.125009 -0.0750019)
(0.249999 0.15 -0.0499994)
(-0.25 0.25 -0.0499996)
(-0.0749723 0.224999 -0.0749622)
(0.0252836 0.225428 -0.0767763)
(0.25 0.25 -0.0499996)
(-0.15 0.35 -0.0499996)
(-0.0499997 0.350001 -0.0500001)
(0.0499997 0.350001 -0.0500001)
(0.15 0.35 -0.0499996)
(-0.15 -0.350001 0.0500002)
(0.15 -0.350001 0.0500002)
(-0.25 -0.250001 0.0500008)
(0.124974 -0.275007 0.0250233)
(0.25 -0.250001 0.0500008)
(-0.25 -0.150001 0.0500014)
(-0.0873915 -0.187236 0.0124645)
(0.25 -0.150001 0.0500014)
(-0.149998 -0.050003 0.0500013)
(-0.0749788 -0.0750533 0.0250199)
(0.0250008 -0.0750442 0.0249983)
(0.149998 -0.050003 0.0500013)
(-0.149998 0.050003 0.0500013)
(0.149998 0.050003 0.0500013)
(-0.25 0.150001 0.0500014)
(0.124901 0.125079 0.0250688)
(0.25 0.150001 0.0500014)
(-0.25 0.250001 0.0500008)
(-0.0864979 0.212478 0.013294)
(0.25 0.250001 0.0500008)
(-0.15 0.350001 0.0500002)
(0.15 0.350001 0.0500002)
(-0.149999 -0.35 0.149999)
(0.149999 -0.35 0.149999)
(-0.249999 -0.250001 0.149998)
(-0.175 -0.275007 0.124996)
(0.124998 -0.275027 0.124983)
(0.249999 -0.250001 0.149998)
(-0.249999 -0.150001 0.149999)
(-0.175 -0.17502 0.124981)
(0.114913 -0.187474 0.11291)
(0.249999 -0.150001 0.149999)
(-0.149998 -0.0500032 0.149998)
(-0.074995 -0.0750599 0.124994)
(0.0250126 -0.0750709 0.125023)
(0.149998 -0.0500032 0.149998)
(-0.149998 0.0500032 0.149998)
(0.149998 0.0500032 0.149998)
(-0.249999 0.150001 0.149999)
(-0.174998 0.125011 0.124995)
(0.124969 0.125068 0.124973)
(0.249999 0.150001 0.149999)
(-0.249999 0.250001 0.149998)
(-0.174996 0.225021 0.12498)
(0.112859 0.2127 0.112463)
(0.249999 0.250001 0.149998)
(-0.149999 0.35 0.149999)
(0.149999 0.35 0.149999)
(-0.0499993 -0.350001 0.249999)
(0.0499993 -0.350001 0.249999)
(-0.149991 -0.25 0.24999)
(-0.0749663 -0.274999 0.224957)
(0.0249888 -0.275038 0.225009)
(0.149991 -0.25 0.24999)
(-0.149993 -0.150004 0.249993)
(-0.0748518 -0.175073 0.224795)
(0.149993 -0.150004 0.249993)
(-0.149999 -0.0500006 0.249999)
(-0.0499991 -0.0500022 0.249999)
(0.0499991 -0.0500022 0.249999)
(-0.149999 0.0500006 0.249999)
(-0.0499991 0.0500022 0.249999)
(0.0499991 0.0500022 0.249999)
(0.149999 0.0500006 0.249999)
(-0.149993 0.150004 0.249993)
(-0.0749609 0.125049 0.224949)
(0.0249864 0.125046 0.22499)
(0.149993 0.150004 0.249993)
(-0.149991 0.25 0.24999)
(-0.0748441 0.225022 0.224781)
(0.149991 0.25 0.24999)
(-0.0499993 0.350001 0.249999)
(0.0499993 0.350001 0.249999)
(-0.0499989 -0.250001 0.349999)
(0.0499989 -0.250001 0.349999)
(-0.0499993 -0.150001 0.349999)
(0.0499993 -0.150001 0.349999)
(-0.0499993 0.150001 0.349999)
(0.0499993 0.150001 0.349999)
(-0.0499989 0.250001 0.349999)
(0.0499989 0.250001 0.349999)
(-0.0864979 -0.212478 0.013294)
(0.0864971 -0.212477 0.0132935)
(0.0874339 -0.187234 0.0125151)
(-0.0874274 0.187236 0.0125057)
(0.0874297 0.187234 0.01251)
(0.0864971 0.212477 0.0132935)
(-0.0749263 -0.274962 0.174917)
(-0.0869235 -0.212561 0.186828)
(0.0749262 -0.274962 0.174917)
(0.0869233 -0.212561 0.186828)
(-0.0881415 -0.187498 0.188194)
(0.088174 -0.187494 0.18823)
(-0.0881743 0.187494 0.188231)
(0.088174 0.187494 0.18823)
(-0.0869235 0.212561 0.186828)
(-0.0749263 0.274962 0.174917)
(0.0869233 0.212561 0.186828)
(0.0749262 0.274962 0.174917)
(-0.0749723 -0.224999 -0.0749622)
(-0.0252825 -0.225426 -0.0767746)
(-0.0749653 -0.274998 -0.0249601)
(-0.0250005 -0.275062 -0.0250361)
(-0.0870546 -0.212469 -0.0119911)
(0.0252836 -0.225428 -0.0767763)
(0.0749721 -0.224999 -0.0749623)
(0.0250002 -0.275062 -0.0250361)
(0.0749652 -0.274998 -0.02496)
(0.0870534 -0.212469 -0.0119916)
(-0.0249847 -0.175001 -0.0750357)
(-0.0249934 -0.125009 -0.0750019)
(-0.0878797 -0.187372 -0.0129634)
(-0.0748914 -0.12512 -0.0248643)
(0.0749603 -0.175004 -0.074944)
(0.0249935 -0.125009 -0.0750019)
(0.0879172 -0.187371 -0.0129297)
(0.0748915 -0.125119 -0.024864)
(-0.0249934 0.125009 -0.0750019)
(-0.0749603 0.175004 -0.074944)
(-0.0249847 0.175001 -0.0750357)
(-0.0748914 0.12512 -0.0248643)
(-0.087913 0.187372 -0.0129342)
(0.024985 0.175001 -0.0750357)
(0.0749603 0.175004 -0.074944)
(0.0748915 0.125119 -0.024864)
(0.0879164 0.187371 -0.0129304)
(-0.0252825 0.225426 -0.0767746)
(-0.0870547 0.212469 -0.0119911)
(-0.0749653 0.274998 -0.0249601)
(-0.0250005 0.275062 -0.0250361)
(0.0749721 0.224999 -0.0749623)
(0.0870534 0.212469 -0.0119916)
(0.0250002 0.275062 -0.0250361)
(0.0749652 0.274998 -0.02496)
(-0.124974 -0.275007 0.0250233)
(-0.175011 -0.275011 0.0750007)
(-0.125053 -0.275062 0.0750008)
(-0.175044 -0.225025 0.0750047)
(-0.113651 -0.212456 0.0875066)
(0.125053 -0.275061 0.0750002)
(0.175011 -0.275011 0.0750006)
(0.11365 -0.212453 0.087498)
(0.175044 -0.225024 0.0750042)
(-0.124901 -0.125079 0.0250685)
(-0.175047 -0.175012 0.0750084)
(-0.115763 -0.187479 0.0875237)
(-0.175007 -0.125007 0.0750031)
(-0.125018 -0.12503 0.0750095)
(-0.0865361 -0.163185 0.0133118)
(-0.086133 -0.163301 0.0382555)
(0.124901 -0.125079 0.0250688)
(0.115761 -0.187477 0.0875194)
(0.175047 -0.175011 0.0750082)
(0.125018 -0.125029 0.0750093)
(0.175007 -0.125007 0.075003)
(-0.0250008 -0.0750443 0.0249982)
(-0.0750059 -0.0750415 0.0750027)
(-0.025018 -0.0750481 0.0749975)
(0.0749789 -0.0750531 0.02502)
(0.0250179 -0.075048 0.0749975)
(0.0750059 -0.0750413 0.0750027)
(-0.0749788 0.0750533 0.0250199)
(-0.0250008 0.0750443 0.0249982)
(-0.0750059 0.0750415 0.0750027)
(-0.025018 0.0750481 0.0749975)
(0.0250008 0.0750442 0.0249983)
(0.0749789 0.0750531 0.02502)
(0.0250179 0.075048 0.0749975)
(0.0750059 0.0750413 0.0750027)
(-0.124901 0.125079 0.0250685)
(-0.175007 0.125007 0.0750031)
(-0.125018 0.12503 0.0750095)
(-0.175047 0.175012 0.0750084)
(-0.115763 0.187479 0.0875237)
(0.0376735 0.137968 0.0372985)
(0.0124989 0.137644 0.0124832)
(0.037432 0.137856 0.0126109)
(0.0125831 0.137801 0.0372861)
(0.125018 0.125029 0.0750093)
(0.175007 0.125007 0.075003)
(0.115761 0.187477 0.0875194)
(0.175047 0.175011 0.0750082)
(-0.124974 0.275007 0.0250233)
(-0.175044 0.225025 0.0750047)
(-0.113651 0.212456 0.0875066)
(-0.175011 0.275011 0.0750007)
(-0.125053 0.275062 0.0750008)
(-0.0870526 0.237331 0.0128831)
(-0.0621135 0.237241 0.0129452)
(-0.0871885 0.237598 0.0376994)
(0.124974 0.275007 0.0250233)
(0.11365 0.212453 0.087498)
(0.175044 0.225024 0.0750042)
(0.125053 0.275061 0.0750002)
(0.175011 0.275011 0.0750006)
(-0.124998 -0.275028 0.124983)
(-0.174996 -0.225021 0.12498)
(-0.112859 -0.212702 0.112465)
(-0.174964 -0.225006 0.174972)
(-0.124745 -0.225011 0.174792)
(0.175 -0.275007 0.124995)
(0.112859 -0.2127 0.112463)
(0.174996 -0.22502 0.12498)
(0.124745 -0.225011 0.174792)
(0.174964 -0.225006 0.174972)
(-0.114901 -0.187477 0.112909)
(-0.174998 -0.125011 0.124995)
(-0.124969 -0.125068 0.124973)
(-0.174968 -0.175013 0.174975)
(-0.124791 -0.17508 0.174831)
(-0.174991 -0.125008 0.174992)
(-0.12494 -0.125062 0.174948)
(-0.0867833 -0.163331 0.13708)
(0.0129335 -0.163247 0.113515)
(0.175 -0.17502 0.124981)
(0.124969 -0.125068 0.124973)
(0.174998 -0.125011 0.124995)
(0.124791 -0.17508 0.17483)
(0.174968 -0.175013 0.174975)
(0.12494 -0.125062 0.174948)
(0.174991 -0.125008 0.174992)
(-0.0250126 -0.075071 0.125023)
(-0.0749794 -0.0750462 0.174978)
(-0.0249951 -0.0750511 0.174995)
(0.074995 -0.0750597 0.124994)
(0.0249951 -0.0750511 0.174995)
(0.0749794 -0.0750462 0.174978)
(-0.074995 0.0750599 0.124994)
(-0.0250126 0.075071 0.125023)
(-0.0749794 0.0750462 0.174978)
(-0.0249951 0.0750511 0.174995)
(0.0250126 0.0750709 0.125023)
(0.074995 0.0750597 0.124994)
(0.0249951 0.0750511 0.174995)
(0.0749794 0.0750462 0.174978)
(-0.124969 0.125068 0.124973)
(-0.175 0.17502 0.124981)
(-0.114914 0.187476 0.112912)
(-0.174991 0.125008 0.174992)
(-0.12494 0.125062 0.174948)
(-0.174968 0.175013 0.174975)
(-0.124791 0.17508 0.174831)
(-0.0623919 0.13816 0.137399)
(-0.0874135 0.13783 0.112449)
(-0.0626444 0.138109 0.11256)
(-0.0872013 0.137984 0.13729)
(0.174998 0.125011 0.124995)
(0.114913 0.187474 0.11291)
(0.175 0.17502 0.124981)
(0.12494 0.125062 0.174948)
(0.174991 0.125008 0.174992)
(0.124791 0.17508 0.17483)
(0.174968 0.175013 0.174975)
(-0.112859 0.212702 0.112465)
(-0.175 0.275007 0.124996)
(-0.124998 0.275028 0.124983)
(-0.174964 0.225006 0.174972)
(-0.124745 0.225011 0.174792)
(-0.0870537 0.237492 0.137209)
(0.0378554 0.236925 0.112627)
(0.174996 0.22502 0.12498)
(0.124998 0.275027 0.124983)
(0.175 0.275007 0.124995)
(0.124745 0.225011 0.174792)
(0.174964 0.225006 0.174972)
(-0.0249887 -0.275038 0.225009)
(-0.0748441 -0.225022 0.224781)
(0.0749663 -0.274999 0.224957)
(0.0748442 -0.225022 0.224781)
(-0.0749609 -0.125049 0.224949)
(-0.0249864 -0.125046 0.22499)
(-0.0249932 -0.17501 0.275003)
(-0.0249978 -0.125006 0.274999)
(0.074852 -0.175073 0.224794)
(0.0249864 -0.125046 0.22499)
(0.074961 -0.125049 0.224949)
(0.0249933 -0.17501 0.275003)
(0.0249979 -0.125006 0.274999)
(-0.0249864 0.125046 0.22499)
(-0.0748519 0.175073 0.224795)
(-0.0249978 0.125006 0.274999)
(-0.0249933 0.17501 0.275003)
(0.074961 0.125049 0.224949)
(0.074852 0.175073 0.224794)
(0.0249979 0.125006 0.274999)
(0.0249933 0.17501 0.275003)
(-0.0749663 0.274999 0.224957)
(-0.0249888 0.275038 0.225009)
(0.0748441 0.225022 0.224781)
(0.0249887 0.275038 0.225009)
(0.0749663 0.274999 0.224957)
(-0.0870526 -0.237331 0.0128831)
(-0.0621134 -0.237241 0.0129452)
(-0.0871885 -0.237598 0.0376994)
(-0.0113963 -0.235915 0.0621521)
(0.0870539 -0.23733 0.012885)
(0.062117 -0.23724 0.0129484)
(0.0871877 -0.237597 0.0376994)
(0.0113257 -0.235914 0.0621297)
(-0.0376743 -0.13797 0.0372989)
(-0.0124992 -0.137645 0.0124833)
(-0.0374318 -0.137858 0.0126109)
(-0.0125827 -0.137802 0.0372857)
(-0.0128215 -0.188587 0.0618707)
(-0.0128457 -0.163219 0.08756)
(-0.0128852 -0.163089 0.0617582)
(-0.0387343 -0.163112 0.087631)
(-0.0625967 -0.137817 0.0624665)
(-0.08757 -0.137576 0.0875043)
(-0.0873978 -0.137765 0.0625607)
(-0.0626963 -0.13777 0.0875228)
(0.0865388 -0.163184 0.0133154)
(0.0861324 -0.163297 0.0382564)
(0.0376736 -0.137968 0.0372985)
(0.0124989 -0.137644 0.0124832)
(0.037432 -0.137856 0.0126109)
(0.0125831 -0.137801 0.0372861)
(0.0128223 -0.188586 0.0618711)
(0.0128465 -0.163218 0.0875601)
(0.0128881 -0.163088 0.0617602)
(0.0387336 -0.16311 0.0876333)
(0.062596 -0.137816 0.0624667)
(0.0875704 -0.137574 0.0875037)
(0.087398 -0.137763 0.0625606)
(0.0626956 -0.137769 0.0875227)
(-0.0376743 0.13797 0.0372989)
(-0.0124992 0.137645 0.0124833)
(-0.0374318 0.137858 0.0126109)
(-0.0125827 0.137802 0.0372857)
(-0.0865361 0.163185 0.0133118)
(-0.086133 0.163301 0.0382555)
(-0.0625967 0.137817 0.0624665)
(-0.08757 0.137576 0.0875043)
(-0.0873978 0.137765 0.0625607)
(-0.0626962 0.13777 0.0875229)
(-0.0128215 0.188587 0.0618707)
(-0.0128853 0.163089 0.0617583)
(-0.0387339 0.163112 0.0876314)
(0.0865388 0.163184 0.0133154)
(0.0861324 0.163297 0.0382564)
(0.062596 0.137816 0.0624667)
(0.0875704 0.137574 0.0875037)
(0.087398 0.137763 0.0625606)
(0.0626956 0.137769 0.0875228)
(0.0128223 0.188586 0.0618711)
(0.0128466 0.163218 0.0875602)
(0.0128881 0.163088 0.0617603)
(0.0387333 0.16311 0.0876338)
(-0.0113964 0.235915 0.0621519)
(0.0870539 0.23733 0.012885)
(0.062117 0.23724 0.0129484)
(0.0871877 0.237597 0.0376994)
(0.0113257 0.235914 0.0621297)
(-0.0870537 -0.237492 0.137209)
(-0.0377964 -0.236909 0.112708)
(-0.012523 -0.238118 0.187947)
(-0.0373344 -0.237543 0.187261)
(0.0378554 -0.236925 0.112627)
(0.087053 -0.237491 0.137209)
(0.0125227 -0.238118 0.187946)
(0.0373349 -0.237542 0.187261)
(-0.0129341 -0.163251 0.113516)
(-0.0623919 -0.13816 0.137399)
(-0.0874134 -0.13783 0.112449)
(-0.0626444 -0.138109 0.11256)
(-0.0872013 -0.137984 0.13729)
(-0.0877507 -0.187457 0.162719)
(-0.06328 -0.187462 0.188799)
(-0.0870991 -0.162789 0.187055)
(-0.0865786 -0.163291 0.161663)
(-0.0619606 -0.163047 0.186759)
(-0.0125132 -0.162594 0.187886)
(-0.0372235 -0.163204 0.186922)
(0.0867832 -0.163329 0.137078)
(0.0623918 -0.138159 0.137399)
(0.0874138 -0.137828 0.112449)
(0.0626443 -0.138107 0.11256)
(0.0872014 -0.137984 0.13729)
(0.0125134 -0.162594 0.187886)
(0.0372243 -0.163202 0.186922)
(0.0878014 -0.18745 0.162759)
(0.0633066 -0.187459 0.188842)
(0.0870996 -0.16279 0.187055)
(0.0865798 -0.163291 0.161662)
(0.0619615 -0.163047 0.186759)
(-0.0867832 0.163331 0.13708)
(-0.0129339 0.163251 0.113516)
(-0.0878002 0.187451 0.162761)
(-0.0870991 0.162789 0.187055)
(-0.063308 0.187458 0.188844)
(-0.0865786 0.163291 0.161663)
(-0.0619606 0.163047 0.186759)
(-0.0125133 0.162594 0.187886)
(-0.0372235 0.163204 0.186922)
(0.0623918 0.138159 0.137399)
(0.0874137 0.137828 0.112449)
(0.0626442 0.138107 0.11256)
(0.0872014 0.137984 0.13729)
(0.0129336 0.163247 0.113515)
(0.0867833 0.163329 0.137078)
(0.0125134 0.162594 0.187886)
(0.0372243 0.163202 0.186922)
(0.0878014 0.18745 0.162759)
(0.0870996 0.16279 0.187055)
(0.0633066 0.187459 0.188842)
(0.0865797 0.163291 0.161662)
(0.0619615 0.163047 0.186759)
(-0.0377964 0.236909 0.112708)
(-0.012524 0.238118 0.187947)
(-0.0373346 0.237543 0.187261)
(0.087053 0.237491 0.137209)
(0.0125217 0.238118 0.187946)
(0.0373347 0.237542 0.187261)
(-0.124914 -0.224991 -0.0249224)
(0.124914 -0.224991 -0.0249224)
(-0.124889 -0.175016 -0.024899)
(0.124889 -0.175016 -0.024899)
(-0.124889 0.175016 -0.024899)
(0.124889 0.175016 -0.024899)
(-0.124914 0.224991 -0.0249224)
(0.124914 0.224991 -0.0249224)
(0.0376181 -0.26234 0.0373862)
(0.0125187 -0.262587 0.0123933)
(0.0375265 -0.26261 0.0124379)
(0.0125401 -0.262238 0.0374008)
(0.113235 -0.187212 0.0373488)
(0.111903 -0.162707 0.0378562)
(-0.0623985 0.138058 0.037585)
(-0.087114 0.137923 0.0128362)
(-0.0621302 0.13815 0.0129228)
(-0.0871293 0.137958 0.0377367)
(0.111729 0.212546 0.0379659)
(0.112289 0.237549 0.0376499)
(-0.0627267 -0.263701 0.137651)
(-0.0879136 -0.263543 0.112603)
(-0.0625861 -0.263601 0.112501)
(-0.0874186 -0.262493 0.137429)
(0.0375655 -0.263748 0.137501)
(0.0125372 -0.262122 0.112514)
(0.0376481 -0.262136 0.112571)
(0.0125633 -0.262417 0.137509)
(0.112651 -0.162671 0.112464)
(0.11398 -0.187508 0.137961)
(0.112171 -0.162778 0.137277)
(0.0376483 0.138135 0.137702)
(0.0379053 0.138082 0.112769)
(0.0126235 0.138104 0.138025)
(0.112669 0.237726 0.112475)
(0.111627 0.212733 0.136965)
(0.112213 0.237547 0.137302)
(-0.0376199 -0.26234 0.0373883)
(-0.01252 -0.262587 0.0123935)
(-0.0375268 -0.262611 0.012438)
(-0.0125442 -0.262239 0.0374024)
(-0.0626252 -0.263073 0.0624427)
(-0.0880889 -0.264172 0.087511)
(-0.0879359 -0.26356 0.062386)
(-0.0626425 -0.263657 0.0875807)
(-0.0376541 -0.262042 0.0624566)
(-0.0125888 -0.261436 0.0874676)
(-0.0125204 -0.261733 0.0624546)
(-0.0376374 -0.262004 0.0875189)
(0.0624371 -0.262505 0.0125668)
(0.0376499 -0.262041 0.0624486)
(0.0125849 -0.261434 0.0874581)
(0.0125075 -0.261733 0.062448)
(0.0376383 -0.262001 0.087504)
(0.0626244 -0.263072 0.062439)
(0.0880885 -0.26417 0.0875077)
(0.0879352 -0.263558 0.0623842)
(0.0626427 -0.263654 0.0875717)
(-0.0623985 -0.138058 0.037585)
(-0.087114 -0.137923 0.0128362)
(-0.0621302 -0.13815 0.0129228)
(-0.0871293 -0.137958 0.0377367)
(0.0623981 -0.138056 0.0375857)
(0.0871153 -0.137923 0.012838)
(0.0621309 -0.138149 0.0129239)
(0.0871298 -0.137957 0.0377378)
(0.0623981 0.138056 0.0375857)
(0.0871153 0.137923 0.012838)
(0.0621309 0.138149 0.0129239)
(0.0871298 0.137957 0.0377378)
(-0.0376199 0.26234 0.0373883)
(-0.01252 0.262587 0.0123935)
(-0.0375269 0.262611 0.012438)
(-0.0125442 0.262239 0.0374024)
(-0.0626252 0.263073 0.0624426)
(-0.0880889 0.264172 0.087511)
(-0.0879359 0.26356 0.062386)
(-0.0626425 0.263657 0.0875807)
(-0.0376541 0.262042 0.0624566)
(-0.0125888 0.261436 0.0874676)
(-0.0125204 0.261733 0.0624546)
(-0.0376374 0.262004 0.0875189)
(0.0376181 0.26234 0.0373862)
(0.0125188 0.262587 0.0123933)
(0.0375266 0.26261 0.0124379)
(0.0125401 0.262238 0.0374008)
(0.0624371 0.262505 0.0125668)
(0.0376499 0.262041 0.0624486)
(0.0125849 0.261434 0.0874581)
(0.0125075 0.261733 0.062448)
(0.0376383 0.262001 0.087504)
(0.0626244 0.263072 0.062439)
(0.0880885 0.26417 0.0875077)
(0.0879352 0.263558 0.0623842)
(0.0626427 0.263654 0.0875717)
(-0.037562 -0.263764 0.137504)
(-0.0125305 -0.262123 0.11252)
(-0.0376399 -0.262135 0.112585)
(-0.012548 -0.262419 0.137514)
(-0.0374923 -0.262536 0.162497)
(-0.0125014 -0.262721 0.187611)
(-0.0125124 -0.262727 0.162564)
(-0.0619157 -0.236995 0.161799)
(-0.0862345 -0.212585 0.161446)
(-0.0615689 -0.212728 0.186028)
(-0.0868929 -0.237252 0.161958)
(-0.0621023 -0.237407 0.186928)
(0.0627197 -0.263701 0.137658)
(0.0879127 -0.263542 0.112601)
(0.0625869 -0.2636 0.112495)
(0.0874185 -0.262492 0.137428)
(0.0374932 -0.262535 0.162496)
(0.0125016 -0.262721 0.187611)
(0.0125164 -0.262726 0.162563)
(0.0619124 -0.236996 0.161799)
(0.0862331 -0.212584 0.161447)
(0.0615694 -0.212727 0.186027)
(0.0868922 -0.237251 0.161957)
(0.0621016 -0.237407 0.186928)
(-0.0376484 -0.138136 0.137703)
(-0.0379059 -0.138083 0.112769)
(-0.0126248 -0.138104 0.138025)
(-0.0374254 -0.137993 0.162384)
(-0.0124807 -0.137664 0.187517)
(-0.012501 -0.137858 0.162549)
(-0.0373857 -0.137837 0.187293)
(0.0376483 -0.138135 0.137702)
(0.0379053 -0.138082 0.112769)
(0.0126235 -0.138104 0.138025)
(0.0374257 -0.137993 0.162383)
(0.0124807 -0.137663 0.187517)
(0.0125008 -0.137857 0.162548)
(0.0373861 -0.137836 0.187293)
(-0.0376484 0.138136 0.137703)
(-0.0379057 0.138083 0.112769)
(-0.0126248 0.138104 0.138025)
(-0.0374254 0.137993 0.162383)
(-0.0124807 0.137664 0.187517)
(-0.012501 0.137858 0.162549)
(-0.0373857 0.137837 0.187293)
(0.0374257 0.137993 0.162383)
(0.0124807 0.137663 0.187517)
(0.0125008 0.137857 0.162548)
(0.0373861 0.137836 0.187293)
(-0.0627267 0.263701 0.137651)
(-0.0879136 0.263542 0.112603)
(-0.0625861 0.263601 0.112501)
(-0.0874186 0.262493 0.137429)
(-0.037562 0.263764 0.137504)
(-0.0125305 0.262123 0.11252)
(-0.0376399 0.262135 0.112585)
(-0.012548 0.262419 0.137514)
(-0.0619157 0.236995 0.161799)
(-0.0862345 0.212585 0.161446)
(-0.061569 0.212728 0.186028)
(-0.0868929 0.237252 0.161958)
(-0.0621023 0.237407 0.186928)
(-0.0374923 0.262536 0.162497)
(-0.0125016 0.262721 0.187611)
(-0.0125124 0.262727 0.162564)
(0.0375655 0.263748 0.137501)
(0.0125372 0.262122 0.112514)
(0.0376481 0.262135 0.112571)
(0.0125633 0.262417 0.137509)
(0.0627208 0.2637 0.137658)
(0.0879135 0.263541 0.112601)
(0.062588 0.2636 0.112496)
(0.0874185 0.262492 0.137428)
(0.0619124 0.236996 0.161799)
(0.0862331 0.212584 0.161447)
(0.0615693 0.212727 0.186027)
(0.0868922 0.237251 0.161957)
(0.0621015 0.237407 0.186928)
(0.0374932 0.262535 0.162496)
(0.0125014 0.262721 0.187611)
(0.0125163 0.262726 0.162563)
(-0.0617992 -0.212516 -0.0113918)
(-0.0622357 -0.237474 -0.012137)
(-0.0622825 -0.212488 -0.0371613)
(-0.0125456 -0.238108 -0.0130456)
(-0.037441 -0.237675 -0.0124935)
(-0.0128177 -0.213043 -0.041239)
(-0.037888 -0.212925 -0.03935)
(0.0125434 -0.238108 -0.013046)
(0.0374397 -0.237674 -0.0124938)
(0.012823 -0.213045 -0.0412476)
(0.037889 -0.212926 -0.0393526)
(0.0617923 -0.212514 -0.0113957)
(0.0622345 -0.237473 -0.0121372)
(0.0622809 -0.212488 -0.0371622)
(-0.0625964 -0.187128 -0.0126658)
(-0.0870834 -0.162724 -0.0120327)
(-0.0618841 -0.16291 -0.0115942)
(-0.062963 -0.187348 -0.0385348)
(-0.0373887 -0.162582 -0.0373875)
(-0.0128319 -0.187304 -0.0411253)
(-0.0380312 -0.1873 -0.0398491)
(-0.0124955 -0.162486 -0.03782)
(0.0373889 -0.162582 -0.0373875)
(0.0128357 -0.187306 -0.0411192)
(0.0380317 -0.1873 -0.0398488)
(0.0124966 -0.162486 -0.03782)
(0.0625966 -0.187126 -0.0126637)
(0.0870838 -0.162723 -0.012032)
(0.0618842 -0.162909 -0.0115936)
(0.0629621 -0.187347 -0.0385342)
(-0.0870834 0.162724 -0.0120327)
(-0.0625974 0.187128 -0.0126651)
(-0.0618841 0.16291 -0.0115942)
(-0.062963 0.187348 -0.0385349)
(-0.0373887 0.162582 -0.0373875)
(-0.0128319 0.187304 -0.0411253)
(-0.0124955 0.162486 -0.03782)
(-0.0380312 0.1873 -0.039849)
(0.0373889 0.162582 -0.0373875)
(0.0128357 0.187306 -0.0411192)
(0.0124966 0.162486 -0.03782)
(0.0380317 0.1873 -0.0398488)
(0.0870838 0.162723 -0.012032)
(0.0625966 0.187126 -0.0126637)
(0.0618842 0.162909 -0.0115936)
(0.0629621 0.187347 -0.0385342)
(-0.0617993 0.212516 -0.0113918)
(-0.0622357 0.237474 -0.012137)
(-0.0622825 0.212488 -0.0371614)
(-0.0125456 0.238108 -0.0130456)
(-0.037441 0.237675 -0.0124935)
(-0.0128177 0.213043 -0.041239)
(-0.0378879 0.212925 -0.0393496)
(0.0125434 0.238109 -0.013046)
(0.0374397 0.237674 -0.0124938)
(0.012823 0.213046 -0.0412476)
(0.0378888 0.212926 -0.0393522)
(0.0617923 0.212514 -0.0113957)
(0.0622345 0.237473 -0.0121372)
(0.0622809 0.212488 -0.0371623)
(-0.11173 -0.212548 0.0379668)
(-0.11229 -0.23755 0.0376503)
(-0.112906 -0.212673 0.0625243)
(-0.11296 -0.23788 0.0875011)
(-0.112708 -0.237745 0.0625099)
(0.111729 -0.212546 0.0379659)
(0.112289 -0.237549 0.0376499)
(0.112905 -0.212671 0.0625217)
(0.112959 -0.237878 0.0874966)
(0.112706 -0.237743 0.0625077)
(-0.113236 -0.187213 0.0373482)
(-0.111903 -0.162709 0.0378557)
(-0.114684 -0.187404 0.0621684)
(-0.113089 -0.162471 0.08751)
(-0.112578 -0.162647 0.0625784)
(0.114683 -0.187402 0.0621677)
(0.113088 -0.162469 0.087509)
(0.112578 -0.162646 0.0625781)
(-0.113235 0.187213 0.0373482)
(-0.111903 0.162709 0.0378557)
(-0.114684 0.187404 0.0621684)
(-0.113088 0.162471 0.08751)
(-0.112578 0.162647 0.0625784)
(0.113235 0.187212 0.0373488)
(0.111903 0.162707 0.0378562)
(0.114683 0.187402 0.0621677)
(0.113088 0.162469 0.087509)
(0.112578 0.162646 0.0625781)
(-0.11173 0.212548 0.0379668)
(-0.11229 0.23755 0.0376503)
(-0.112906 0.212673 0.0625243)
(-0.11296 0.23788 0.0875011)
(-0.112708 0.237745 0.0625099)
(0.112905 0.212671 0.0625217)
(0.112959 0.237878 0.0874965)
(0.112706 0.237743 0.0625077)
(-0.112669 -0.237727 0.112477)
(-0.111627 -0.212735 0.136965)
(-0.112214 -0.237548 0.137303)
(0.112669 -0.237726 0.112475)
(0.111627 -0.212733 0.136965)
(0.112213 -0.237547 0.137302)
(-0.112652 -0.162673 0.112464)
(-0.113936 -0.187513 0.137943)
(-0.112172 -0.162778 0.137278)
(-0.112652 0.162673 0.112464)
(-0.113981 0.187509 0.137962)
(-0.112172 0.162778 0.137278)
(0.112651 0.162671 0.112464)
(0.11398 0.187508 0.137961)
(0.112171 0.162778 0.137277)
(-0.112669 0.237727 0.112477)
(-0.111627 0.212735 0.136965)
(-0.112214 0.237548 0.137303)
(-0.0749851 -0.0750233 -0.0249824)
(-0.024995 -0.0750173 -0.0249941)
(0.024995 -0.0750173 -0.0249941)
(0.0749851 -0.0750233 -0.0249823)
(-0.0749851 0.0750233 -0.0249824)
(-0.024995 0.0750173 -0.0249941)
(0.024995 0.0750173 -0.0249941)
(0.0749851 0.0750233 -0.0249823)
(-0.0378332 -0.137921 0.0622761)
(-0.0379462 -0.137874 0.0875567)
(0.0378328 -0.137919 0.0622768)
(0.0379457 -0.137873 0.0875571)
(-0.0378331 0.13792 0.0622761)
(-0.037946 0.137874 0.0875569)
(0.0378327 0.137919 0.0622769)
(0.0379456 0.137873 0.0875573)
(-0.0621029 -0.138218 0.162046)
(-0.0871295 -0.137959 0.162158)
(-0.0622779 -0.137842 0.187205)
(0.0621039 -0.138218 0.162046)
(0.0871301 -0.137959 0.162158)
(0.0622783 -0.137842 0.187205)
(-0.0621029 0.138218 0.162046)
(-0.0871295 0.137959 0.162158)
(-0.0622778 0.137842 0.187205)
(0.0621039 0.138218 0.162046)
(0.0871301 0.137959 0.162158)
(0.0622783 0.137842 0.187205)
(-0.0124856 -0.137527 -0.0125843)
(-0.037378 -0.137761 -0.0123008)
(0.0124853 -0.137527 -0.0125845)
(0.037378 -0.13776 -0.0123009)
(-0.0124856 0.137527 -0.0125843)
(-0.037378 0.137761 -0.0123008)
(0.0124853 0.137527 -0.0125845)
(0.037378 0.13776 -0.0123009)
(-0.15 -0.3 -0.2)
(-0.200697 -0.250376 -0.201098)
(-0.2 -0.3 -0.15)
(-0.0503017 -0.300802 -0.20133)
(-0.100483 -0.250477 -0.201407)
(-0.0999997 -0.3 -0.15)
(0.0502964 -0.300808 -0.201331)
(1.28149e-06 -0.250812 -0.202754)
(3.39418e-10 -0.300001 -0.150001)
(0.15 -0.3 -0.2)
(0.100504 -0.250474 -0.201403)
(0.0999997 -0.3 -0.15)
(0.200697 -0.250376 -0.201098)
(0.2 -0.3 -0.15)
(-0.150596 -0.200026 -0.201121)
(-0.2 -0.15 -0.2)
(-0.200627 -0.20005 -0.150827)
(-0.0502801 -0.200101 -0.201429)
(-0.0999995 -0.15 -0.199999)
(-0.100595 -0.200112 -0.151317)
(0.0502995 -0.200097 -0.201428)
(1.55203e-09 -0.15 -0.200001)
(1.08882e-06 -0.20019 -0.153677)
(0.150611 -0.200022 -0.201114)
(0.0999995 -0.15 -0.199999)
(0.10061 -0.200109 -0.151311)
(0.2 -0.15 -0.2)
(0.200627 -0.20005 -0.150827)
(-0.15 -0.1 -0.2)
(-0.2 -0.1 -0.15)
(-0.0499998 -0.1 -0.2)
(-0.0999999 -0.0500001 -0.2)
(-0.0999992 -0.100001 -0.149999)
(0.0499998 -0.1 -0.2)
(7.80538e-11 -0.0500001 -0.2)
(1.82205e-09 -0.1 -0.15)
(0.15 -0.1 -0.2)
(0.0999999 -0.0500001 -0.2)
(0.0999992 -0.100001 -0.149999)
(0.2 -0.1 -0.15)
(-0.05 -8.47024e-14 -0.2)
(-0.0999999 0.0500001 -0.2)
(-0.0999999 -1.09293e-13 -0.15)
(0.05 -2.29311e-12 -0.2)
(7.65571e-11 0.0500001 -0.2)
(2.73778e-11 -1.56458e-12 -0.15)
(0.0999999 0.0500001 -0.2)
(0.0999999 -1.46718e-10 -0.15)
(-0.15 0.1 -0.2)
(-0.2 0.15 -0.2)
(-0.2 0.1 -0.15)
(-0.0499998 0.1 -0.2)
(-0.0999995 0.15 -0.199999)
(-0.0999992 0.100001 -0.149999)
(0.0499998 0.1 -0.2)
(1.54921e-09 0.15 -0.200001)
(1.81793e-09 0.1 -0.15)
(0.15 0.1 -0.2)
(0.0999995 0.15 -0.199999)
(0.0999992 0.100001 -0.149999)
(0.2 0.15 -0.2)
(0.2 0.1 -0.15)
(-0.150594 0.200026 -0.201118)
(-0.200695 0.250375 -0.201096)
(-0.200625 0.20005 -0.150825)
(-0.0502802 0.200101 -0.201429)
(-0.100482 0.250476 -0.201403)
(-0.100593 0.200112 -0.151314)
(0.0502806 0.200101 -0.201431)
(9.64046e-08 0.250812 -0.202754)
(5.98845e-08 0.200191 -0.153676)
(0.150594 0.200026 -0.201118)
(0.100482 0.250476 -0.201405)
(0.100594 0.200112 -0.151314)
(0.200695 0.250375 -0.201096)
(0.200625 0.20005 -0.150825)
(-0.15 0.3 -0.2)
(-0.2 0.3 -0.15)
(-0.0503017 0.300802 -0.20133)
(-0.0999997 0.3 -0.15)
(0.0502958 0.300808 -0.201331)
(3.26869e-10 0.300001 -0.150001)
(0.15 0.3 -0.2)
(0.0999997 0.3 -0.15)
(0.2 0.3 -0.15)
(-0.15 -0.4 -0.1)
(-0.2 -0.35 -0.0999999)
(-0.2 -0.4 -0.05)
(-0.05 -0.4 -0.1)
(-0.0999998 -0.35 -0.0999998)
(-0.0999999 -0.4 -0.0499999)
(0.05 -0.4 -0.1)
(-1.34834e-09 -0.350001 -0.1)
(-1.691e-09 -0.4 -0.0500002)
(0.15 -0.4 -0.1)
(0.0999998 -0.35 -0.0999998)
(0.0999999 -0.4 -0.0499999)
(0.2 -0.35 -0.0999999)
(0.2 -0.4 -0.05)
(-0.25 -0.3 -0.0999999)
(-0.3 -0.25 -0.0999999)
(-0.3 -0.3 -0.05)
(0.25 -0.3 -0.0999999)
(0.3 -0.25 -0.0999999)
(0.3 -0.3 -0.05)
(-0.25 -0.2 -0.0999998)
(-0.3 -0.15 -0.0999999)
(-0.301185 -0.200089 -0.050487)
(-0.099992 -0.224999 -0.0999898)
(-0.0757544 -0.20004 -0.101804)
(-0.0999894 -0.175002 -0.0999861)
(-0.10082 -0.200029 -0.0763147)
(5.94203e-07 -0.225645 -0.103092)
(-0.0254581 -0.200051 -0.103608)
(0.0254601 -0.200053 -0.103609)
(9.7934e-08 -0.174999 -0.100031)
(3.94687e-07 -0.200027 -0.0791605)
(0.099992 -0.224999 -0.0999898)
(0.0757785 -0.200069 -0.101792)
(0.0999894 -0.175002 -0.0999861)
(0.100821 -0.20003 -0.0763145)
(0.25 -0.2 -0.0999998)
(0.3 -0.15 -0.0999999)
(0.301185 -0.200089 -0.0504869)
(-0.25 -0.1 -0.0999999)
(-0.3 -0.1 -0.0499999)
(-0.2 -0.0500001 -0.0999998)
(1.32325e-08 -0.125002 -0.100006)
(-0.0249982 -0.100003 -0.0999997)
(0.0249982 -0.100003 -0.0999997)
(4.36026e-09 -0.100004 -0.0750035)
(0.25 -0.1 -0.0999999)
(0.2 -0.0500001 -0.0999998)
(0.3 -0.1 -0.0499999)
(-0.15 5.18132e-12 -0.0999997)
(-0.2 0.0500001 -0.0999998)
(-0.2 1.11061e-11 -0.0499998)
(0.15 3.4764e-12 -0.0999997)
(0.2 0.0500001 -0.0999998)
(0.2 1.07558e-11 -0.0499998)
(-0.25 0.1 -0.0999999)
(-0.3 0.15 -0.0999999)
(-0.3 0.1 -0.0499999)
(-0.0249982 0.100003 -0.0999997)
(0.0249982 0.100003 -0.0999997)
(1.32187e-08 0.125002 -0.100006)
(4.31421e-09 0.100004 -0.0750035)
(0.25 0.1 -0.0999999)
(0.3 0.15 -0.0999999)
(0.3 0.1 -0.0499999)
(-0.25 0.2 -0.0999998)
(-0.3 0.25 -0.0999999)
(-0.301179 0.200089 -0.0504842)
(-0.0999894 0.175002 -0.0999861)
(-0.0757544 0.20004 -0.101804)
(-0.099992 0.224999 -0.0999898)
(-0.10082 0.200029 -0.0763147)
(9.79249e-08 0.174999 -0.100031)
(-0.0254581 0.200051 -0.103608)
(0.0254601 0.200053 -0.103609)
(5.93842e-07 0.225645 -0.103092)
(3.94317e-07 0.200027 -0.0791604)
(0.0999894 0.175002 -0.0999861)
(0.0757784 0.200069 -0.101792)
(0.099992 0.224999 -0.0999898)
(0.100821 0.20003 -0.0763146)
(0.25 0.2 -0.0999998)
(0.3 0.25 -0.0999999)
(0.301178 0.200089 -0.0504841)
(-0.25 0.3 -0.0999999)
(-0.3 0.3 -0.05)
(-0.2 0.35 -0.0999999)
(-0.0999998 0.35 -0.0999998)
(-1.36388e-09 0.350001 -0.1)
(0.0999998 0.35 -0.0999998)
(0.25 0.3 -0.0999999)
(0.2 0.35 -0.0999999)
(0.3 0.3 -0.05)
(-0.15 0.4 -0.1)
(-0.2 0.4 -0.05)
(-0.05 0.4 -0.1)
(-0.0999999 0.4 -0.0499999)
(0.05 0.4 -0.1)
(-1.70915e-09 0.4 -0.0500002)
(0.15 0.4 -0.1)
(0.0999999 0.4 -0.0499999)
(0.2 0.4 -0.05)
(-0.15 -0.4 9.40417e-08)
(-0.2 -0.35 1.85511e-07)
(-0.2 -0.4 0.05)
(0.15 -0.4 9.17348e-08)
(0.2 -0.35 1.84734e-07)
(0.2 -0.4 0.05)
(-0.25 -0.3 2.63167e-07)
(-0.3 -0.25 2.59076e-07)
(-0.3 -0.3 0.0500001)
(-0.0999894 -0.299998 -0.0249893)
(-0.12499 -0.299999 8.78352e-06)
(-8.10763e-08 -0.300027 -0.0250197)
(0.0999894 -0.299998 -0.0249892)
(0.12499 -0.299999 8.80198e-06)
(0.25 -0.3 2.61769e-07)
(0.3 -0.25 2.57325e-07)
(0.3 -0.3 0.0500001)
(-0.251352 -0.200065 -0.000437711)
(-0.3 -0.15 3.58293e-07)
(-0.3 -0.2 0.0500005)
(-0.0994773 -0.212468 0.000443355)
(-0.0877002 -0.200111 -0.000278453)
(-0.100406 -0.187373 -0.000390148)
(-0.100201 -0.200045 0.0123137)
(-0.10053 -0.200067 -0.0130584)
(0.0994768 -0.212467 0.000443194)
(0.0877526 -0.200109 -0.000186016)
(0.100438 -0.187373 -0.000352123)
(0.100207 -0.200044 0.0123228)
(0.10057 -0.200067 -0.0130176)
(0.251352 -0.200065 -0.000437648)
(0.3 -0.15 3.57368e-07)
(0.3 -0.2 0.0500004)
(-0.249999 -0.1 5.17393e-07)
(-0.3 -0.1 0.0500001)
(-0.199999 -0.0500007 6.14095e-07)
(-0.0999681 -0.100036 -0.0249664)
(-0.124969 -0.10003 2.51606e-05)
(-0.0999813 -0.0750266 1.73887e-05)
(-1.16822e-08 -0.0750233 5.19497e-07)
(0.0999682 -0.100036 -0.0249663)
(0.124969 -0.10003 2.5264e-05)
(0.0999813 -0.0750266 1.74644e-05)
(0.249999 -0.1 5.17766e-07)
(0.199999 -0.0500007 6.16185e-07)
(0.3 -0.1 0.0500001)
(-0.149999 6.00841e-10 9.47032e-07)
(-0.199999 0.0500007 6.14042e-07)
(-0.2 2.37456e-11 0.0500002)
(0.149999 5.94384e-10 9.51217e-07)
(0.199999 0.0500007 6.16124e-07)
(0.2 1.39675e-11 0.0500002)
(-0.249999 0.1 5.17389e-07)
(-0.3 0.15 3.58289e-07)
(-0.3 0.1 0.0500001)
(-0.0999681 0.100036 -0.0249664)
(-0.0999813 0.0750266 1.73887e-05)
(-0.124969 0.10003 2.51607e-05)
(-1.27074e-08 0.0750232 5.19736e-07)
(0.0999682 0.100036 -0.0249663)
(0.0999813 0.0750266 1.74645e-05)
(0.124969 0.10003 2.5264e-05)
(0.249999 0.1 5.17763e-07)
(0.3 0.15 3.5737e-07)
(0.3 0.1 0.0500001)
(-0.251344 0.200065 -0.000434932)
(-0.3 0.25 2.5908e-07)
(-0.3 0.2 0.0500005)
(-0.100435 0.187374 -0.000357383)
(-0.0877181 0.200111 -0.000261285)
(-0.0994773 0.212468 0.000443355)
(-0.100202 0.200045 0.0123152)
(-0.100546 0.200067 -0.0130424)
(0.100437 0.187373 -0.000352947)
(0.0877337 0.200109 -0.00020608)
(0.0994768 0.212467 0.000443194)
(0.100204 0.200045 0.0123193)
(0.10055 0.200067 -0.013038)
(0.251343 0.200065 -0.000434874)
(0.3 0.25 2.57323e-07)
(0.3 0.2 0.0500004)
(-0.25 0.3 2.63172e-07)
(-0.3 0.3 0.0500001)
(-0.2 0.35 1.85515e-07)
(-0.0999894 0.299998 -0.0249893)
(-0.12499 0.299999 8.78355e-06)
(-8.1816e-08 0.300027 -0.0250197)
(0.0999894 0.299998 -0.0249892)
(0.12499 0.299999 8.80197e-06)
(0.25 0.3 2.61745e-07)
(0.2 0.35 1.84732e-07)
(0.3 0.3 0.0500001)
(-0.15 0.4 9.40441e-08)
(-0.2 0.4 0.05)
(0.15 0.4 9.17334e-08)
(0.2 0.4 0.05)
(-0.15 -0.4 0.1)
(-0.2 -0.350001 0.0999999)
(-0.2 -0.4 0.15)
(0.15 -0.4 0.1)
(0.2 -0.350001 0.0999999)
(0.2 -0.4 0.15)
(-0.250001 -0.300001 0.0999999)
(-0.3 -0.25 0.0999999)
(-0.3 -0.3 0.15)
(-0.200002 -0.300003 0.0750002)
(-0.175004 -0.300005 0.0999994)
(-0.200004 -0.275005 0.0999993)
(-0.2 -0.300002 0.124999)
(-0.125016 -0.30002 0.0999988)
(0.125016 -0.30002 0.0999986)
(0.25 -0.300001 0.0999999)
(0.200002 -0.300003 0.0750001)
(0.175004 -0.300005 0.0999993)
(0.200004 -0.275005 0.0999993)
(0.2 -0.300002 0.124999)
(0.3 -0.25 0.0999999)
(0.3 -0.3 0.15)
(-0.250003 -0.200002 0.0999995)
(-0.3 -0.15 0.1)
(-0.3 -0.200001 0.149999)
(-0.200019 -0.200008 0.0750035)
(-0.200015 -0.22501 0.0999978)
(-0.175053 -0.200022 0.0999944)
(-0.200018 -0.175007 0.0999984)
(-0.199999 -0.20001 0.124991)
(-0.115399 -0.200221 0.100261)
(0.115399 -0.200219 0.100255)
(0.250003 -0.200002 0.0999995)
(0.200019 -0.200008 0.0750033)
(0.200015 -0.22501 0.0999976)
(0.175053 -0.200022 0.099994)
(0.200018 -0.175007 0.0999983)
(0.199999 -0.20001 0.12499)
(0.3 -0.15 0.1)
(0.3 -0.200001 0.149999)
(-0.25 -0.100001 0.1)
(-0.3 -0.1 0.15)
(-0.2 -0.0500008 0.0999999)
(-0.200001 -0.100002 0.0750008)
(-0.200004 -0.125003 0.0999996)
(-0.175002 -0.100005 0.0999994)
(-0.2 -0.100003 0.124999)
(-0.125002 -0.100026 0.0999972)
(-0.0999997 -0.0750279 0.0999986)
(6.96793e-09 -0.0750544 0.100019)
(0.125002 -0.100025 0.0999971)
(0.0999997 -0.0750278 0.0999986)
(0.25 -0.100001 0.1)
(0.2 -0.0500008 0.0999999)
(0.200001 -0.100002 0.0750008)
(0.200004 -0.125003 0.0999995)
(0.175002 -0.100005 0.0999994)
(0.2 -0.100003 0.124999)
(0.3 -0.1 0.15)
(-0.15 6.80646e-11 0.0999999)
(-0.2 0.0500008 0.0999999)
(-0.2 9.04789e-12 0.15)
(0.15 6.36864e-11 0.0999999)
(0.2 0.0500008 0.0999999)
(0.2 9.07956e-12 0.15)
(-0.25 0.100001 0.1)
(-0.3 0.15 0.1)
(-0.3 0.1 0.15)
(-0.200001 0.100002 0.0750008)
(-0.175002 0.100005 0.0999994)
(-0.200004 0.125003 0.0999996)
(-0.2 0.100003 0.124999)
(-0.0999997 0.0750279 0.0999986)
(-0.125002 0.100026 0.0999972)
(-7.23206e-08 0.0750544 0.100019)
(0.0999997 0.0750278 0.0999986)
(0.125002 0.100025 0.0999971)
(0.25 0.100001 0.1)
(0.200001 0.100002 0.0750008)
(0.175002 0.100005 0.0999994)
(0.200004 0.125003 0.0999995)
(0.2 0.100003 0.124999)
(0.3 0.15 0.1)
(0.3 0.1 0.15)
(-0.250003 0.200002 0.0999995)
(-0.3 0.25 0.0999999)
(-0.3 0.200001 0.149999)
(-0.200019 0.200008 0.0750035)
(-0.200018 0.175007 0.0999984)
(-0.175053 0.200022 0.0999944)
(-0.200015 0.22501 0.0999978)
(-0.199999 0.20001 0.124991)
(-0.115399 0.200221 0.100261)
(0.115399 0.200219 0.100255)
(0.250003 0.200002 0.0999995)
(0.200019 0.200008 0.0750033)
(0.200018 0.175007 0.0999983)
(0.175053 0.200022 0.099994)
(0.200015 0.22501 0.0999976)
(0.199999 0.20001 0.12499)
(0.3 0.25 0.0999999)
(0.3 0.200001 0.149999)
(-0.250001 0.300001 0.0999999)
(-0.3 0.3 0.15)
(-0.2 0.350001 0.0999999)
(-0.200002 0.300003 0.0750002)
(-0.200004 0.275005 0.0999993)
(-0.175004 0.300005 0.0999994)
(-0.2 0.300002 0.124999)
(-0.125016 0.30002 0.0999988)
(0.125016 0.30002 0.0999986)
(0.25 0.300001 0.0999999)
(0.2 0.350001 0.0999999)
(0.200002 0.300003 0.0750001)
(0.200004 0.275005 0.0999993)
(0.175004 0.300005 0.0999993)
(0.2 0.300002 0.124999)
(0.3 0.3 0.15)
(-0.15 0.4 0.1)
(-0.2 0.4 0.15)
(0.15 0.4 0.1)
(0.2 0.4 0.15)
(-0.15 -0.4 0.2)
(-0.199999 -0.35 0.199999)
(-0.100303 -0.400919 0.25055)
(5.41694e-10 -0.4 0.25)
(0.15 -0.4 0.2)
(0.100303 -0.400919 0.25055)
(0.199999 -0.35 0.199999)
(-0.249999 -0.3 0.199999)
(-0.3 -0.25 0.2)
(-0.199999 -0.3 0.249999)
(-0.099976 -0.299991 0.174976)
(-0.0749801 -0.299995 0.199976)
(-0.0999492 -0.274987 0.199945)
(-0.0999862 -0.299997 0.224984)
(1.29561e-08 -0.300019 0.22501)
(0.099976 -0.299991 0.174976)
(0.07498 -0.299995 0.199976)
(0.0999492 -0.274987 0.199945)
(0.0999862 -0.299997 0.224984)
(0.249999 -0.3 0.199999)
(0.199999 -0.3 0.249999)
(0.3 -0.25 0.2)
(-0.251494 -0.200045 0.200634)
(-0.3 -0.15 0.2)
(-0.201009 -0.200044 0.250806)
(-0.201561 -0.200029 0.175628)
(-0.199989 -0.225002 0.199991)
(-0.176105 -0.20008 0.200694)
(-0.19999 -0.175004 0.199992)
(-0.125904 -0.200124 0.200811)
(-0.100739 -0.200075 0.225996)
(-0.100615 -0.200195 0.188057)
(-0.0880398 -0.200193 0.200681)
(-0.100834 -0.187436 0.20093)
(-0.0996873 -0.212537 0.199644)
(0.125936 -0.200127 0.20084)
(0.100757 -0.200076 0.22602)
(0.10065 -0.200197 0.188091)
(0.0880642 -0.200195 0.200711)
(0.100863 -0.187432 0.200962)
(0.0996873 -0.212536 0.199644)
(0.251494 -0.200044 0.200634)
(0.201014 -0.200044 0.250809)
(0.201584 -0.200027 0.175627)
(0.199989 -0.225002 0.199991)
(0.176127 -0.200082 0.200708)
(0.19999 -0.175003 0.199992)
(0.3 -0.15 0.2)
(-0.25 -0.1 0.2)
(-0.2 -0.0500005 0.2)
(-0.199999 -0.100001 0.249999)
(-0.199998 -0.100002 0.174998)
(-0.199997 -0.125002 0.199998)
(-0.174996 -0.100003 0.199997)
(-0.124985 -0.100017 0.199985)
(-0.0999902 -0.0750154 0.19999)
(-0.0999875 -0.100016 0.224986)
(-1.4156e-09 -0.0750243 0.199998)
(4.21103e-09 -0.100022 0.225)
(0.124985 -0.100017 0.199985)
(0.0999902 -0.0750154 0.19999)
(0.0999875 -0.100016 0.224986)
(0.25 -0.1 0.2)
(0.2 -0.0500005 0.2)
(0.199999 -0.100001 0.249999)
(0.199998 -0.100002 0.174998)
(0.199997 -0.125002 0.199998)
(0.174996 -0.100003 0.199997)
(-0.149999 -4.61015e-12 0.199999)
(-0.2 0.0500005 0.2)
(-0.2 -6.61911e-14 0.25)
(-0.0999995 -2.63348e-11 0.249999)
(1.01402e-10 -9.39581e-10 0.25)
(0.149999 -1.40664e-11 0.199999)
(0.0999995 -4.55985e-11 0.249999)
(0.2 0.0500005 0.2)
(0.2 1.78306e-13 0.25)
(-0.25 0.1 0.2)
(-0.3 0.15 0.2)
(-0.199999 0.100001 0.249999)
(-0.199998 0.100002 0.174998)
(-0.174996 0.100003 0.199997)
(-0.199997 0.125002 0.199998)
(-0.0999902 0.0750154 0.19999)
(-0.124985 0.100017 0.199985)
(-0.0999875 0.100016 0.224986)
(-2.0186e-09 0.0750243 0.199998)
(3.0523e-09 0.100022 0.225)
(0.0999902 0.0750154 0.19999)
(0.124985 0.100017 0.199985)
(0.0999875 0.100016 0.224986)
(0.25 0.1 0.2)
(0.199999 0.100001 0.249999)
(0.199998 0.100002 0.174998)
(0.174996 0.100003 0.199997)
(0.199997 0.125002 0.199998)
(0.3 0.15 0.2)
(-0.251483 0.200045 0.20063)
(-0.3 0.25 0.2)
(-0.200998 0.200043 0.250796)
(-0.20158 0.200029 0.175636)
(-0.19999 0.175004 0.199992)
(-0.176126 0.200081 0.200708)
(-0.199989 0.225002 0.199991)
(-0.125936 0.200127 0.20084)
(-0.100754 0.200074 0.226022)
(-0.10065 0.200198 0.188091)
(-0.100863 0.187432 0.200963)
(-0.0880638 0.200195 0.200711)
(-0.0996874 0.212537 0.199644)
(0.125936 0.200127 0.20084)
(0.100756 0.200076 0.22602)
(0.10065 0.200197 0.18809)
(0.100863 0.187432 0.200962)
(0.0880641 0.200195 0.200711)
(0.0996873 0.212536 0.199644)
(0.251484 0.200045 0.20063)
(0.200998 0.200044 0.250797)
(0.201581 0.200029 0.175636)
(0.19999 0.175003 0.199992)
(0.176127 0.200082 0.200708)
(0.199989 0.225002 0.199991)
(0.3 0.25 0.2)
(-0.249999 0.3 0.199999)
(-0.199999 0.35 0.199999)
(-0.199999 0.3 0.249999)
(-0.099976 0.299991 0.174976)
(-0.0999492 0.274987 0.199945)
(-0.0749801 0.299995 0.199976)
(-0.0999862 0.299997 0.224984)
(-3.35787e-08 0.300019 0.22501)
(0.099976 0.299991 0.174976)
(0.0999492 0.274987 0.199945)
(0.07498 0.299995 0.199976)
(0.0999862 0.299997 0.224984)
(0.249999 0.3 0.199999)
(0.199999 0.35 0.199999)
(0.199999 0.3 0.249999)
(-0.15 0.4 0.2)
(-0.100303 0.400919 0.25055)
(-9.60649e-11 0.4 0.25)
(0.15 0.4 0.2)
(0.100303 0.400919 0.25055)
(-0.0499999 -0.4 0.3)
(-0.0999995 -0.35 0.299999)
(0.0499999 -0.4 0.3)
(6.5736e-10 -0.350001 0.3)
(0.0999995 -0.35 0.299999)
(-0.149999 -0.3 0.299999)
(-0.199999 -0.25 0.299999)
(-0.0999994 -0.3 0.349999)
(1.23389e-09 -0.300001 0.35)
(0.149999 -0.3 0.299999)
(0.0999994 -0.3 0.349999)
(0.199999 -0.25 0.299999)
(-0.150913 -0.200111 0.301318)
(-0.199999 -0.15 0.299999)
(-0.100549 -0.200088 0.351394)
(-1.74968e-07 -0.200002 0.351423)
(2.04298e-07 -0.199998 0.276555)
(-0.0252451 -0.199991 0.301558)
(0.0252454 -0.199991 0.301558)
(2.63476e-08 -0.175004 0.300004)
(0.150913 -0.200112 0.301317)
(0.100548 -0.200088 0.351394)
(0.199999 -0.15 0.299999)
(-0.149999 -0.100001 0.299999)
(-0.2 -0.0500001 0.3)
(-0.0999996 -0.0500004 0.3)
(-0.0999997 -0.1 0.35)
(2.42888e-10 -0.0500005 0.3)
(6.36036e-10 -0.1 0.35)
(2.58215e-09 -0.100003 0.275)
(3.59497e-09 -0.125002 0.300001)
(-0.0249995 -0.100002 0.3)
(0.0249995 -0.100002 0.3)
(0.149999 -0.100001 0.299999)
(0.0999996 -0.0500004 0.3)
(0.0999997 -0.1 0.35)
(-0.15 -2.38344e-13 0.3)
(-0.2 0.0500001 0.3)
(-0.0499999 -3.48104e-11 0.3)
(-0.0999996 0.0500004 0.3)
(0.0499999 -4.27504e-11 0.3)
(1.69108e-10 0.0500005 0.3)
(0.15 -1.1246e-12 0.3)
(0.0999996 0.0500004 0.3)
(0.2 0.0500001 0.3)
(-0.149999 0.100001 0.299999)
(-0.199999 0.15 0.299999)
(-0.0999997 0.1 0.35)
(2.46413e-10 0.1 0.35)
(1.68472e-09 0.100003 0.275)
(-0.0249995 0.100002 0.3)
(0.0249995 0.100002 0.3)
(1.79238e-09 0.125002 0.300001)
(0.149999 0.100001 0.299999)
(0.0999997 0.1 0.35)
(0.199999 0.15 0.299999)
(-0.150892 0.200108 0.301278)
(-0.199999 0.25 0.299999)
(-0.100554 0.200086 0.351392)
(-2.11924e-07 0.200002 0.351423)
(7.70214e-08 0.199998 0.276556)
(9.48465e-09 0.175004 0.300004)
(-0.0252452 0.199991 0.301558)
(0.0252454 0.199991 0.301558)
(0.150887 0.200108 0.301281)
(0.100548 0.200088 0.351394)
(0.199999 0.25 0.299999)
(-0.149999 0.3 0.299999)
(-0.0999995 0.35 0.299999)
(-0.0999994 0.3 0.349999)
(-2.05935e-09 0.350001 0.3)
(-2.37687e-09 0.300001 0.35)
(0.149999 0.3 0.299999)
(0.0999995 0.35 0.299999)
(0.0999994 0.3 0.349999)
(-0.0499999 0.4 0.3)
(0.0499999 0.4 0.3)
(-0.0499999 -0.3 0.4)
(-0.0999997 -0.25 0.4)
(0.0499999 -0.3 0.4)
(1.08943e-09 -0.25 0.4)
(0.0999997 -0.25 0.4)
(-0.0502417 -0.200001 0.401273)
(-0.0999998 -0.15 0.4)
(0.0502416 -0.200001 0.401273)
(8.58003e-10 -0.15 0.4)
(0.0999998 -0.15 0.4)
(-0.0499999 -0.1 0.4)
(0.0499999 -0.1 0.4)
(-0.0499999 0.1 0.4)
(-0.0999998 0.15 0.4)
(0.0499999 0.1 0.4)
(1.49679e-10 0.15 0.4)
(0.0999998 0.15 0.4)
(-0.0502418 0.200001 0.401273)
(-0.0999997 0.25 0.4)
(0.0502416 0.200001 0.401273)
(-9.95978e-10 0.25 0.4)
(0.0999997 0.25 0.4)
(-0.0499999 0.3 0.4)
(0.0499999 0.3 0.4)
(-0.0501402 -0.262226 0.0499125)
(0.0501383 -0.262225 0.0499091)
(-0.0501997 -0.137969 0.0498403)
(0.0501989 -0.137968 0.0498399)
(-0.0501997 0.137969 0.0498403)
(0.0501989 0.137968 0.0498399)
(-0.0501402 0.262226 0.0499125)
(0.0501383 0.262225 0.0499091)
(-0.0501793 -0.263719 0.150205)
(0.0501732 -0.263716 0.150212)
(-0.0498983 -0.138163 0.149885)
(0.0498988 -0.138162 0.149885)
(-0.0498983 0.138163 0.149885)
(0.0498987 0.138162 0.149885)
(-0.0501793 0.263719 0.150205)
(0.0501732 0.263716 0.150212)
(-0.0499953 -0.30001 -0.0249986)
(-0.0996876 -0.237417 0.000271662)
(-0.0872611 -0.249915 0.000227969)
(-0.0997596 -0.249938 0.0126958)
(-0.125004 -0.300012 0.0500035)
(0.0499953 -0.30001 -0.0249986)
(-7.10462e-07 -0.262723 -0.000149273)
(-8.73164e-07 -0.250406 -0.0128193)
(0.0996881 -0.237416 0.000272459)
(0.0872617 -0.249915 0.00022892)
(0.0997601 -0.249937 0.0126966)
(0.125004 -0.300012 0.0500033)
(-0.0995353 -0.162718 0.000403057)
(-0.0870359 -0.150406 0.000457925)
(-0.0995245 -0.15034 0.0128698)
(-0.0997396 -0.137738 0.00023019)
(-0.0997359 -0.150173 -0.0122336)
(-0.113822 -0.200224 0.0497572)
(-3.37308e-07 -0.137486 -7.65185e-05)
(0.0995359 -0.162717 0.000404026)
(0.087037 -0.150405 0.000459454)
(0.0995256 -0.15034 0.0128715)
(0.0997403 -0.137738 0.000231158)
(0.0997364 -0.150173 -0.0122329)
(0.11382 -0.200222 0.0497559)
(-0.0499853 -0.0750425 1.88369e-05)
(-0.124978 -0.100036 0.0500166)
(-0.0999871 -0.0750324 0.0500099)
(0.0499853 -0.0750424 1.88895e-05)
(-2.15079e-09 -0.075042 0.0499875)
(0.124978 -0.100036 0.0500166)
(0.0999872 -0.0750322 0.0500099)
(-0.0499853 0.0750425 1.88371e-05)
(-0.0995353 0.162718 0.000403056)
(-0.0870359 0.150406 0.000457925)
(-0.0995245 0.15034 0.0128698)
(-0.0997396 0.137738 0.000230189)
(-0.0997359 0.150173 -0.0122336)
(-0.0999871 0.0750324 0.0500099)
(-0.124978 0.100036 0.0500166)
(0.0499853 0.0750424 1.88898e-05)
(-3.38727e-07 0.137486 -7.65185e-05)
(-1.02985e-08 0.075042 0.0499875)
(0.0995359 0.162717 0.000404027)
(0.087037 0.150405 0.000459455)
(0.0995256 0.15034 0.0128715)
(0.0997403 0.137738 0.000231159)
(0.0997364 0.150173 -0.0122329)
(0.0999872 0.0750322 0.0500099)
(0.124978 0.100036 0.0500166)
(-0.0996876 0.237417 0.000271662)
(-0.0872611 0.249915 0.00022797)
(-0.0997596 0.249938 0.0126958)
(-0.113822 0.200224 0.0497572)
(-7.22729e-07 0.262723 -0.000149272)
(-8.79361e-07 0.250406 -0.0128193)
(0.0996881 0.237416 0.000272459)
(0.0872617 0.249915 0.000228919)
(0.0997601 0.249937 0.0126966)
(0.11382 0.200222 0.0497559)
(-0.0499953 0.30001 -0.0249986)
(-0.125004 0.300012 0.0500035)
(0.0499953 0.30001 -0.0249986)
(0.125004 0.300012 0.0500033)
(-0.100142 -0.262688 0.100005)
(-0.112732 -0.250256 0.100003)
(-0.124987 -0.300001 0.149988)
(6.2384e-07 -0.261622 0.0999798)
(0.100142 -0.262687 0.100003)
(0.112731 -0.250254 0.0999999)
(0.124987 -0.3 0.149988)
(-0.10006 -0.137603 0.0999885)
(-0.11269 -0.150062 0.0999948)
(-0.100138 -0.20039 0.162631)
(-0.113352 -0.200375 0.150364)
(5.79891e-07 -0.16325 0.100436)
(6.15148e-07 -0.150531 0.0875684)
(-0.0128318 -0.150578 0.100394)
(0.0128273 -0.150575 0.100393)
(-4.62065e-07 -0.150633 0.113262)
(0.10006 -0.137601 0.0999881)
(0.11269 -0.15006 0.0999943)
(0.100177 -0.200393 0.162662)
(0.113394 -0.200376 0.150386)
(-0.0500224 -0.0750593 0.100008)
(-0.12497 -0.100044 0.149976)
(-0.0999817 -0.0750384 0.149984)
(0.0500224 -0.0750591 0.100008)
(-2.15652e-08 -0.0750642 0.150017)
(0.124971 -0.100044 0.149976)
(0.0999818 -0.0750383 0.149984)
(-0.0500224 0.0750593 0.100008)
(-0.10006 0.137603 0.0999884)
(-0.11269 0.150062 0.0999948)
(-0.0999817 0.0750384 0.149984)
(-0.12497 0.100044 0.149976)
(0.0500224 0.0750591 0.100008)
(-4.6721e-07 0.16325 0.100436)
(-4.99154e-07 0.150531 0.0875682)
(-0.0128275 0.150576 0.100393)
(0.0128315 0.150576 0.100394)
(-1.65917e-06 0.150633 0.113262)
(-3.22225e-08 0.0750642 0.150017)
(0.10006 0.137601 0.0999881)
(0.11269 0.15006 0.0999943)
(0.0999818 0.0750383 0.149984)
(0.12497 0.100044 0.149976)
(-0.100142 0.262688 0.100005)
(-0.112732 0.250256 0.100003)
(-0.100177 0.200393 0.162662)
(-0.113393 0.200377 0.150386)
(6.22278e-07 0.261622 0.0999798)
(0.100142 0.262687 0.100003)
(0.112731 0.250254 0.0999999)
(0.100177 0.200393 0.162662)
(0.113394 0.200376 0.150386)
(-0.124987 0.300001 0.149988)
(0.124987 0.3 0.149988)
(-0.0499901 -0.300005 0.22499)
(-0.124929 -0.249993 0.199931)
(-0.0999415 -0.249996 0.224929)
(0.0499901 -0.300005 0.22499)
(2.73919e-07 -0.237922 0.200437)
(-1.95838e-07 -0.250444 0.18777)
(-0.0124964 -0.250275 0.200195)
(0.0124966 -0.250274 0.200194)
(-4.56889e-09 -0.262685 0.200118)
(0.124929 -0.249993 0.199931)
(0.0999414 -0.249996 0.224929)
(-0.0628283 -0.200377 0.200762)
(-0.099791 -0.162631 0.199769)
(-0.0997546 -0.150205 0.187248)
(-0.0872859 -0.150188 0.199751)
(-0.124933 -0.150046 0.199935)
(-0.0999409 -0.150044 0.22493)
(0.0628323 -0.200377 0.200766)
(3.53212e-07 -0.162529 0.200454)
(-2.27267e-07 -0.150072 0.187696)
(-0.0124842 -0.150113 0.200122)
(0.0124844 -0.150113 0.200122)
(-1.883e-08 -0.137588 0.200067)
(0.0997913 -0.162631 0.199769)
(0.0997549 -0.150205 0.187248)
(0.0872862 -0.150188 0.199751)
(0.124933 -0.150046 0.199935)
(0.0999409 -0.150044 0.224929)
(-0.0499903 -0.075029 0.199987)
(-0.0499869 -0.100029 0.224981)
(0.0499904 -0.075029 0.199987)
(0.0499869 -0.100029 0.224981)
(-0.0499903 0.075029 0.199987)
(-0.0499869 0.100029 0.224981)
(-0.0997911 0.162631 0.199769)
(-0.0997546 0.150205 0.187248)
(-0.0872859 0.150188 0.199751)
(-0.124933 0.150046 0.199935)
(-0.0999409 0.150044 0.22493)
(0.0499904 0.075029 0.199987)
(0.0499869 0.100029 0.224981)
(2.65508e-07 0.162529 0.200454)
(-2.41135e-07 0.150072 0.187696)
(-0.0124842 0.150113 0.200122)
(0.0124844 0.150113 0.200122)
(-2.6894e-08 0.137588 0.200067)
(0.0997912 0.162631 0.199769)
(0.0997549 0.150205 0.187248)
(0.0872862 0.150188 0.199751)
(0.124933 0.150046 0.199935)
(0.0999409 0.150044 0.224929)
(-0.0628314 0.200378 0.200768)
(-0.124929 0.249993 0.199931)
(-0.0999415 0.249996 0.224929)
(0.0628323 0.200377 0.200766)
(-1.60302e-06 0.237922 0.200437)
(-9.03918e-07 0.250444 0.18777)
(-0.0124971 0.250275 0.200195)
(0.012496 0.250274 0.200194)
(-3.38076e-07 0.262685 0.200118)
(0.124929 0.249993 0.199931)
(0.0999414 0.249996 0.224929)
(-0.0499901 0.300005 0.22499)
(0.04999 0.300005 0.22499)
(-0.0623298 -0.24998 0.000205468)
(-0.0499663 -0.262567 2.98706e-05)
(-0.0499135 -0.250079 -0.0123968)
(0.0623299 -0.249979 0.000206032)
(0.049966 -0.262567 2.99031e-05)
(0.0499125 -0.250078 -0.0123971)
(-0.0497693 -0.137936 0.000345882)
(0.0497697 -0.137935 0.000346395)
(-0.0497693 0.137936 0.000345883)
(0.0497697 0.137935 0.000346396)
(-0.0623299 0.24998 0.000205471)
(-0.0499664 0.262567 2.98732e-05)
(-0.0499135 0.250079 -0.0123968)
(0.0623299 0.249979 0.000206032)
(0.049966 0.262567 2.99025e-05)
(0.0499125 0.250078 -0.0123971)
(-0.0998707 -0.25005 0.0376002)
(-0.100013 -0.262579 0.0500196)
(-0.112499 -0.250101 0.0500451)
(-1.15592e-05 -0.248456 0.0623352)
(-4.1945e-06 -0.261981 0.0499212)
(-0.05002 -0.263272 0.100177)
(0.0998702 -0.250049 0.0376)
(0.100012 -0.262578 0.0500188)
(0.112498 -0.2501 0.0500442)
(0.050019 -0.26327 0.100166)
(-0.0994196 -0.150432 0.0378427)
(-0.0997722 -0.137793 0.0501307)
(-0.112258 -0.150237 0.0501534)
(4.28546e-07 -0.137778 0.0497074)
(6.63684e-07 -0.150443 0.0620258)
(-0.0500073 -0.075055 0.0499981)
(-0.0505064 -0.138022 0.100164)
(0.0994199 -0.15043 0.0378436)
(0.0997723 -0.137792 0.0501308)
(0.112258 -0.150235 0.0501534)
(0.0500073 -0.0750548 0.0499981)
(0.0505057 -0.13802 0.100163)
(-0.0500073 0.075055 0.0499981)
(0.0500073 0.0750548 0.0499981)
(-0.0994196 0.150432 0.0378427)
(-0.0997723 0.137793 0.0501307)
(-0.112258 0.150237 0.0501534)
(4.22692e-07 0.137778 0.0497075)
(8.37778e-07 0.150443 0.0620259)
(-0.0505061 0.138021 0.100164)
(0.0994198 0.15043 0.0378436)
(0.0997722 0.137792 0.0501309)
(0.112258 0.150235 0.0501535)
(0.0505055 0.13802 0.100164)
(-0.0998707 0.25005 0.0376002)
(-0.100013 0.262579 0.0500196)
(-0.112499 0.250101 0.0500451)
(-1.15655e-05 0.248456 0.0623352)
(-4.19682e-06 0.261981 0.0499212)
(-0.05002 0.263272 0.100177)
(0.0998702 0.250049 0.0376)
(0.100012 0.262578 0.0500188)
(0.112498 0.2501 0.0500442)
(0.0500191 0.26327 0.100166)
(-0.0871802 -0.249878 0.149738)
(-0.099806 -0.250014 0.137356)
(-0.0994791 -0.237422 0.14962)
(-0.0998629 -0.262471 0.149891)
(-0.0996677 -0.249897 0.162218)
(-0.11228 -0.249994 0.149841)
(5.09785e-06 -0.26262 0.150047)
(-0.0498171 -0.25 0.187231)
(-0.0374018 -0.250082 0.199897)
(-0.049753 -0.237532 0.199623)
(-0.0623029 -0.249972 0.199718)
(0.0871799 -0.249878 0.149737)
(0.0998055 -0.250013 0.137356)
(0.0994787 -0.237422 0.14962)
(0.0998627 -0.262471 0.149891)
(0.0996674 -0.249897 0.162218)
(0.112279 -0.249994 0.149841)
(0.0498168 -0.249999 0.187231)
(0.037402 -0.250082 0.199897)
(0.0497531 -0.237531 0.199622)
(0.0623026 -0.249972 0.199718)
(-0.086789 -0.150823 0.149424)
(-0.0996188 -0.15046 0.137252)
(-0.099319 -0.163027 0.149489)
(-0.0996985 -0.137867 0.149763)
(-0.0995872 -0.15039 0.162146)
(-0.112205 -0.150266 0.149782)
(-3.64563e-07 -0.137901 0.150209)
(-0.0499926 -0.075073 0.149993)
(-0.0497388 -0.15048 0.187075)
(-0.0497538 -0.162796 0.199607)
(-0.0622622 -0.150292 0.199666)
(-0.0373813 -0.15028 0.199806)
(-0.04988 -0.13773 0.199813)
(0.0867897 -0.150822 0.149423)
(0.0996187 -0.150459 0.137251)
(0.0993193 -0.163026 0.149488)
(0.0996987 -0.137866 0.149762)
(0.0995876 -0.15039 0.162145)
(0.112205 -0.150266 0.149781)
(0.0499926 -0.0750729 0.149993)
(0.0497394 -0.15048 0.187074)
(0.0497541 -0.162796 0.199607)
(0.0373816 -0.150279 0.199806)
(0.0622626 -0.150292 0.199666)
(0.0498802 -0.13773 0.199813)
(-0.0499926 0.075073 0.149993)
(0.0499926 0.0750729 0.149993)
(-0.086789 0.150823 0.149424)
(-0.0996188 0.15046 0.137252)
(-0.0996985 0.137867 0.149763)
(-0.099319 0.163027 0.149489)
(-0.0995872 0.15039 0.162146)
(-0.112205 0.150266 0.149782)
(-3.707e-07 0.137901 0.150209)
(-0.0497388 0.15048 0.187075)
(-0.0622622 0.150292 0.199666)
(-0.0373813 0.15028 0.199806)
(-0.0497538 0.162796 0.199607)
(-0.04988 0.13773 0.199813)
(0.0867896 0.150822 0.149423)
(0.0996187 0.150459 0.137251)
(0.0996987 0.137866 0.149762)
(0.0993193 0.163026 0.149488)
(0.0995876 0.15039 0.162145)
(0.112205 0.150266 0.149781)
(0.0497394 0.15048 0.187074)
(0.0373816 0.150279 0.199806)
(0.0622626 0.150292 0.199666)
(0.049754 0.162796 0.199607)
(0.0498802 0.13773 0.199813)
(-0.0871802 0.249878 0.149738)
(-0.099806 0.250014 0.137356)
(-0.0994791 0.237422 0.14962)
(-0.0998629 0.262471 0.149891)
(-0.0996677 0.249897 0.162218)
(-0.11228 0.249994 0.149841)
(5.07902e-06 0.26262 0.150047)
(-0.0498171 0.25 0.187231)
(-0.0497531 0.237532 0.199623)
(-0.037402 0.250082 0.199897)
(-0.0623029 0.249972 0.199718)
(0.0871799 0.249878 0.149737)
(0.0998055 0.250013 0.137356)
(0.0994787 0.237422 0.14962)
(0.0998627 0.262471 0.149891)
(0.0996674 0.249897 0.162218)
(0.112279 0.249994 0.149841)
(0.0498168 0.249999 0.187231)
(0.049753 0.237531 0.199622)
(0.0374018 0.250082 0.199897)
(0.0623026 0.249972 0.199718)
(-0.0499892 -0.250006 -0.0749927)
(-0.049991 -0.275012 -0.0499949)
(0.0499892 -0.250006 -0.0749928)
(0.0499909 -0.275012 -0.0499949)
(-0.0499746 -0.150015 -0.0749705)
(-0.049867 -0.150112 -0.0373029)
(-0.0499009 -0.162542 -0.049862)
(-0.0374442 -0.150049 -0.0499495)
(0.0499746 -0.150015 -0.0749705)
(0.0498671 -0.150111 -0.0373028)
(0.049901 -0.162541 -0.049862)
(0.0374443 -0.150049 -0.0499495)
(-0.0499746 0.150015 -0.0749705)
(-0.049867 0.150112 -0.0373029)
(-0.0374442 0.150049 -0.0499495)
(-0.0499009 0.162542 -0.049862)
(0.0499746 0.150015 -0.0749705)
(0.0498671 0.150111 -0.0373028)
(0.0374443 0.150049 -0.0499495)
(0.049901 0.162541 -0.049862)
(-0.0499892 0.250006 -0.0749927)
(-0.049991 0.275012 -0.0499949)
(0.0499892 0.250006 -0.0749928)
(0.0499909 0.275012 -0.0499949)
(-0.150005 -0.275016 0.0500069)
(-0.175003 -0.250012 0.050008)
(0.150005 -0.275016 0.0500067)
(0.175003 -0.250012 0.0500079)
(-0.17499 -0.150012 0.0500163)
(-0.149979 -0.125026 0.0500195)
(0.17499 -0.150012 0.0500163)
(0.149979 -0.125025 0.0500195)
(-0.0499969 -0.0500225 0.025004)
(-0.0749974 -0.0500205 0.0500034)
(-0.0250035 -0.0500207 0.0499973)
(-0.0500065 -0.050022 0.0750005)
(0.0499969 -0.0500224 0.025004)
(0.0250035 -0.0500207 0.0499973)
(0.0749975 -0.0500204 0.0500034)
(0.0500065 -0.0500219 0.0750005)
(-0.0499969 0.0500225 0.025004)
(-0.0749974 0.0500205 0.0500034)
(-0.0250035 0.0500207 0.0499973)
(-0.0500065 0.050022 0.0750005)
(0.0499969 0.0500224 0.025004)
(0.0250035 0.0500207 0.0499973)
(0.0749975 0.0500204 0.0500034)
(0.0500065 0.0500219 0.0750005)
(-0.149979 0.125026 0.0500195)
(-0.17499 0.150012 0.0500163)
(0.0249864 0.125186 0.0125189)
(0.0125188 0.125167 0.0249499)
(0.0375096 0.125306 0.0249919)
(0.0250461 0.137803 0.0249283)
(0.025086 0.125273 0.0373779)
(0.149979 0.125025 0.0500195)
(0.17499 0.150012 0.0500163)
(-0.175003 0.250012 0.050008)
(-0.150005 0.275016 0.0500069)
(0.175003 0.250012 0.0500079)
(0.150005 0.275016 0.0500067)
(-0.14998 -0.275004 0.149982)
(-0.174981 -0.250006 0.149983)
(-0.149946 -0.250001 0.174956)
(0.14998 -0.275004 0.149982)
(0.174981 -0.250006 0.149983)
(0.149946 -0.250001 0.174956)
(-0.174981 -0.150017 0.149983)
(-0.149972 -0.125033 0.149977)
(-0.14995 -0.150033 0.174959)
(0.174981 -0.150017 0.149983)
(0.149972 -0.125033 0.149977)
(0.14995 -0.150033 0.174959)
(-0.0500031 -0.0500298 0.125002)
(-0.0749935 -0.050025 0.149994)
(-0.0250003 -0.0500294 0.150003)
(-0.0499951 -0.0500223 0.174994)
(0.0500031 -0.0500298 0.125002)
(0.0250003 -0.0500294 0.150003)
(0.0749935 -0.0500249 0.149994)
(0.0499951 -0.0500223 0.174994)
(-0.0500031 0.0500298 0.125002)
(-0.0749935 0.050025 0.149994)
(-0.0250003 0.0500294 0.150003)
(-0.0499951 0.0500223 0.174994)
(0.0500031 0.0500298 0.125002)
(0.0250003 0.0500294 0.150003)
(0.0749935 0.0500249 0.149994)
(0.0499951 0.0500223 0.174994)
(-0.149972 0.125033 0.149977)
(-0.174981 0.150017 0.149983)
(-0.14995 0.150033 0.174959)
(-0.0873833 0.125293 0.124925)
(-0.0750076 0.125307 0.112492)
(-0.0625262 0.125426 0.125007)
(-0.0749068 0.137959 0.124935)
(-0.0748508 0.125408 0.137377)
(0.149972 0.125033 0.149977)
(0.174981 0.150017 0.149983)
(0.14995 0.150033 0.174959)
(-0.174981 0.250006 0.149983)
(-0.14998 0.275004 0.149982)
(-0.149946 0.250001 0.174956)
(0.174981 0.250006 0.149983)
(0.14998 0.275004 0.149982)
(0.149946 0.250001 0.174956)
(-0.0499844 -0.27501 0.249984)
(-0.0749611 -0.250006 0.249948)
(0.0499844 -0.27501 0.249984)
(0.0749611 -0.250006 0.249948)
(-0.0749684 -0.150027 0.249957)
(-0.0499876 -0.12502 0.249984)
(-0.0499914 -0.150009 0.27499)
(0.0749684 -0.150027 0.249957)
(0.0499877 -0.12502 0.249984)
(0.0499915 -0.150009 0.27499)
(-0.0499876 0.12502 0.249984)
(-0.0749684 0.150027 0.249957)
(-0.0499915 0.150009 0.27499)
(0.0499877 0.12502 0.249984)
(0.0749684 0.150027 0.249957)
(0.0499915 0.150009 0.27499)
(-0.0749611 0.250006 0.249948)
(-0.0499844 0.27501 0.249984)
(0.0749611 0.250006 0.249948)
(0.0499844 0.27501 0.249984)
(-0.0249865 -0.125187 0.0125189)
(-0.0250462 -0.137804 0.0249282)
(-0.0375097 -0.125307 0.0249919)
(-0.0250861 -0.125274 0.0373777)
(-0.0125189 -0.125168 0.0249499)
(-0.087511 -0.125116 0.0750153)
(-0.0749902 -0.125213 0.0625186)
(-0.0750594 -0.137695 0.0750047)
(-0.0626159 -0.12521 0.0749906)
(-0.0750675 -0.125163 0.0875081)
(0.0249865 -0.125186 0.0125189)
(0.0250462 -0.137803 0.0249283)
(0.0125189 -0.125167 0.0249499)
(0.0375096 -0.125306 0.0249919)
(0.025086 -0.125273 0.0373779)
(0.0875111 -0.125114 0.0750151)
(0.0749901 -0.125212 0.0625186)
(0.0750592 -0.137692 0.0750045)
(0.0626155 -0.125208 0.0749906)
(0.0750675 -0.125161 0.0875079)
(-0.0249865 0.125187 0.0125189)
(-0.0375097 0.125307 0.0249919)
(-0.0125189 0.125168 0.0249499)
(-0.0250462 0.137804 0.0249282)
(-0.0250861 0.125274 0.0373777)
(-0.087511 0.125116 0.0750153)
(-0.0749902 0.125213 0.0625186)
(-0.0750675 0.125163 0.0875082)
(-0.0626158 0.12521 0.0749907)
(-0.0750594 0.137695 0.0750047)
(0.0875111 0.125114 0.0750151)
(0.0749901 0.125212 0.0625186)
(0.0626154 0.125208 0.0749907)
(0.0750592 0.137692 0.0750045)
(0.0750675 0.125161 0.087508)
(-0.0873833 -0.125293 0.124925)
(-0.0749068 -0.137959 0.124935)
(-0.0750076 -0.125307 0.112492)
(-0.0625262 -0.125426 0.125007)
(-0.0748508 -0.125408 0.137377)
(-0.0867664 -0.17528 0.174256)
(-0.0743958 -0.175258 0.186728)
(0.0873833 -0.125292 0.124924)
(0.0750077 -0.125306 0.112492)
(0.0749067 -0.137958 0.124934)
(0.0625261 -0.125425 0.125007)
(0.074851 -0.125408 0.137377)
(0.0867669 -0.175281 0.174255)
(0.0743962 -0.175259 0.186727)
(-0.0867664 0.17528 0.174256)
(-0.0743958 0.175258 0.186728)
(0.0625261 0.125425 0.125007)
(0.0873833 0.125292 0.124924)
(0.0750076 0.125306 0.112492)
(0.0749067 0.137958 0.124934)
(0.074851 0.125408 0.137377)
(0.0867669 0.175281 0.174255)
(0.0743962 0.175259 0.186727)
(-0.0749941 -0.25 -0.0999931)
(-0.0999877 -0.249998 -0.0749853)
(-0.0749945 -0.300001 -0.0499941)
(-0.0999852 -0.274997 -0.0499837)
(-0.025263 -0.250659 -0.10157)
(0.0252634 -0.250661 -0.101571)
(3.74639e-08 -0.250018 -0.0750363)
(-0.0249994 -0.300011 -0.050007)
(0.0249993 -0.300011 -0.050007)
(-4.7738e-08 -0.275034 -0.0500337)
(0.0749941 -0.25 -0.0999931)
(0.0999877 -0.249998 -0.0749853)
(0.0749945 -0.300001 -0.0499941)
(0.0999852 -0.274997 -0.0499837)
(-0.0504107 -0.22538 -0.10163)
(-0.0499858 -0.175001 -0.0999871)
(-0.050569 -0.200058 -0.076936)
(-0.0749887 -0.150005 -0.0999852)
(-0.0999787 -0.15001 -0.0749731)
(-0.12579 -0.200022 -0.0508694)
(0.0504311 -0.225406 -0.10162)
(0.0499859 -0.175001 -0.0999871)
(0.0505701 -0.200059 -0.0769352)
(-0.0249952 -0.150003 -0.100006)
(0.0249952 -0.150003 -0.100006)
(9.37079e-08 -0.150001 -0.0750448)
(2.29803e-06 -0.200156 -0.0427236)
(1.34424e-06 -0.213113 -0.0538057)
(-0.0128628 -0.200177 -0.0543304)
(0.0128655 -0.200179 -0.0543323)
(1.35144e-06 -0.187286 -0.0534972)
(0.0749887 -0.150005 -0.0999852)
(0.0999787 -0.15001 -0.074973)
(0.125789 -0.200022 -0.0508692)
(-0.0499943 -0.125005 -0.0999939)
(-0.0499925 -0.10001 -0.0749909)
(-0.099967 -0.125027 -0.0499614)
(-0.0749803 -0.100024 -0.049975)
(-0.0999921 -0.0750098 -0.0499909)
(0.0499943 -0.125005 -0.0999939)
(0.0499926 -0.10001 -0.0749909)
(-2.56585e-09 -0.0750066 -0.0499999)
(0.0999671 -0.125027 -0.0499613)
(0.0749803 -0.100024 -0.0499749)
(0.0999921 -0.0750098 -0.0499909)
(-0.0499943 0.125005 -0.0999939)
(-0.0499925 0.10001 -0.0749909)
(-0.0749887 0.150005 -0.0999852)
(-0.0999787 0.15001 -0.0749731)
(-0.0749803 0.100024 -0.049975)
(-0.099967 0.125027 -0.0499614)
(-0.0999921 0.0750098 -0.0499909)
(0.0499943 0.125005 -0.0999939)
(0.0499926 0.10001 -0.0749909)
(-0.0249952 0.150003 -0.100006)
(0.0249952 0.150003 -0.100006)
(9.37078e-08 0.150001 -0.0750448)
(-2.68479e-09 0.0750066 -0.0499999)
(0.0749887 0.150005 -0.0999852)
(0.0999787 0.15001 -0.074973)
(0.0749803 0.100024 -0.0499749)
(0.0999671 0.125027 -0.0499613)
(0.0999921 0.0750098 -0.0499909)
(-0.0499858 0.175001 -0.0999871)
(-0.0504107 0.22538 -0.10163)
(-0.050569 0.200058 -0.076936)
(-0.0749941 0.25 -0.0999931)
(-0.0999877 0.249998 -0.0749853)
(-0.12579 0.200022 -0.0508694)
(0.0499859 0.175001 -0.0999871)
(0.0504311 0.225406 -0.10162)
(0.0505701 0.200059 -0.0769352)
(-0.025263 0.250659 -0.10157)
(0.0252634 0.250661 -0.101571)
(3.71274e-08 0.250018 -0.0750363)
(2.2957e-06 0.200156 -0.0427235)
(1.35163e-06 0.187286 -0.0534971)
(-0.0128628 0.200177 -0.0543304)
(0.0128655 0.200179 -0.0543323)
(1.3401e-06 0.213113 -0.0538048)
(0.0749941 0.25 -0.0999931)
(0.0999877 0.249998 -0.0749853)
(0.125789 0.200022 -0.0508692)
(-0.0999852 0.274997 -0.0499837)
(-0.0749945 0.300001 -0.0499941)
(-4.81192e-08 0.275034 -0.0500337)
(-0.0249994 0.300011 -0.050007)
(0.0249993 0.300011 -0.050007)
(0.0999852 0.274997 -0.0499837)
(0.0749945 0.300001 -0.0499941)
(-0.149986 -0.274999 1.175e-05)
(-0.149997 -0.300002 0.0250039)
(-0.175001 -0.300003 0.0500012)
(-0.200001 -0.275003 0.0500014)
(0.149986 -0.274999 1.17591e-05)
(0.149997 -0.300002 0.0250039)
(0.175001 -0.300003 0.0500012)
(0.200001 -0.275003 0.0500014)
(-0.150921 -0.200021 -0.0256835)
(-0.200001 -0.225006 0.0500068)
(-0.176609 -0.200078 0.0496852)
(-0.199998 -0.175004 0.0500095)
(-0.0869815 -0.224865 0.000508715)
(-0.0994301 -0.224906 0.0129281)
(-0.0996984 -0.224954 -0.0121978)
(-0.075222 -0.200048 -0.0127744)
(-0.0867495 -0.175155 0.000737742)
(-0.0991316 -0.175108 0.0131271)
(-0.0996234 -0.175071 -0.0121228)
(-0.113146 -0.199998 0.0247179)
(0.150921 -0.200021 -0.0256833)
(0.0869818 -0.224864 0.000509586)
(0.0994305 -0.224905 0.0129289)
(0.0996981 -0.224954 -0.0121977)
(0.0752288 -0.200047 -0.0127679)
(0.0867496 -0.175155 0.000738219)
(0.0991316 -0.175107 0.0131277)
(0.0996234 -0.175071 -0.0121226)
(0.113145 -0.199997 0.0247174)
(0.200001 -0.225006 0.0500067)
(0.176608 -0.200078 0.0496798)
(0.199998 -0.175004 0.0500095)
(-0.149968 -0.12502 2.41314e-05)
(-0.149983 -0.100016 0.0250122)
(-0.199998 -0.125003 0.0500034)
(-0.174996 -0.100006 0.050004)
(-0.0749921 -0.0500164 8.43255e-06)
(-0.0999926 -0.0500143 0.0250062)
(-0.0999945 -0.0500081 -0.0249941)
(-0.024998 -0.0500139 2.76928e-06)
(0.024998 -0.0500138 2.77671e-06)
(-3.0817e-09 -0.0500164 0.0249985)
(-2.86474e-09 -0.0500064 -0.0249989)
(-0.0124894 -0.12507 -1.19904e-05)
(0.0124892 -0.125069 -1.20868e-05)
(-1.00954e-07 -0.125092 0.012474)
(-1.0782e-07 -0.125014 -0.0125541)
(0.149968 -0.12502 2.42052e-05)
(0.149983 -0.100015 0.0250123)
(0.0749922 -0.0500163 8.46677e-06)
(0.0999926 -0.0500142 0.0250063)
(0.0999945 -0.0500081 -0.0249941)
(0.199998 -0.125003 0.0500034)
(0.174996 -0.100006 0.050004)
(-0.0749921 0.0500164 8.43263e-06)
(-0.0999926 0.0500143 0.0250062)
(-0.0999945 0.0500081 -0.0249941)
(-0.024998 0.0500139 2.76943e-06)
(0.024998 0.0500138 2.77687e-06)
(-4.43765e-09 0.0500164 0.0249985)
(-3.0456e-09 0.0500064 -0.0249989)
(0.0749922 0.0500163 8.46688e-06)
(0.0999926 0.0500142 0.0250063)
(0.0999945 0.0500081 -0.0249941)
(-0.149968 0.12502 2.41314e-05)
(-0.149983 0.100016 0.0250122)
(-0.174996 0.100006 0.050004)
(-0.199998 0.125003 0.0500034)
(-0.0124894 0.12507 -1.19903e-05)
(0.0124892 0.125069 -1.20868e-05)
(-1.04509e-07 0.125092 0.012474)
(-1.08554e-07 0.125014 -0.0125541)
(0.149968 0.12502 2.42052e-05)
(0.149983 0.100015 0.0250123)
(0.174996 0.100006 0.050004)
(0.199998 0.125003 0.0500034)
(-0.150921 0.200021 -0.0256835)
(-0.199998 0.175004 0.0500095)
(-0.176608 0.200078 0.04968)
(-0.200001 0.225006 0.0500068)
(-0.0867495 0.175155 0.000737742)
(-0.0991316 0.175108 0.0131271)
(-0.0996234 0.175071 -0.0121228)
(-0.0752236 0.200048 -0.0127732)
(-0.0869815 0.224865 0.000508715)
(-0.0994301 0.224906 0.0129281)
(-0.0996984 0.224954 -0.0121978)
(-0.113146 0.199998 0.0247179)
(0.150921 0.200021 -0.0256833)
(0.0867496 0.175155 0.00073822)
(0.0991316 0.175107 0.0131277)
(0.0996234 0.175071 -0.0121226)
(0.0752253 0.200047 -0.0127706)
(0.0869818 0.224864 0.000509586)
(0.0994305 0.224905 0.0129289)
(0.0996981 0.224954 -0.0121977)
(0.113145 0.199997 0.0247174)
(0.199998 0.175004 0.0500095)
(0.176609 0.200078 0.0496849)
(0.200001 0.225006 0.0500067)
(-0.149986 0.274999 1.175e-05)
(-0.149997 0.300002 0.0250039)
(-0.200001 0.275003 0.0500014)
(-0.175001 0.300003 0.0500012)
(0.149986 0.274999 1.17591e-05)
(0.149997 0.300002 0.0250039)
(0.200001 0.275003 0.0500014)
(0.175001 0.300003 0.0500012)
(-0.150009 -0.300011 0.0750004)
(-0.150025 -0.275028 0.0999976)
(-0.15 -0.300006 0.124996)
(-0.20001 -0.250008 0.075001)
(-0.175023 -0.250021 0.0999972)
(-0.2 -0.250006 0.124996)
(-0.174997 -0.300002 0.149997)
(-0.199997 -0.275002 0.149997)
(0.150009 -0.300011 0.0750003)
(0.150025 -0.275028 0.0999973)
(0.15 -0.300006 0.124996)
(0.20001 -0.250008 0.0750009)
(0.175023 -0.25002 0.0999969)
(0.2 -0.250006 0.124995)
(0.174997 -0.300002 0.149997)
(0.199997 -0.275002 0.149997)
(-0.200009 -0.150004 0.0750026)
(-0.175025 -0.150011 0.0999981)
(-0.200001 -0.150007 0.124996)
(-0.199988 -0.225006 0.149989)
(-0.176617 -0.200049 0.150561)
(-0.199989 -0.175008 0.149989)
(-0.115421 -0.200201 0.074774)
(-0.11313 -0.225365 0.100029)
(-0.113424 -0.175028 0.100059)
(-0.114079 -0.200419 0.125332)
(0.115419 -0.2002 0.0747691)
(0.11313 -0.225363 0.100023)
(0.113423 -0.175026 0.100057)
(0.114102 -0.200419 0.125337)
(0.200009 -0.150004 0.0750026)
(0.175025 -0.150011 0.099998)
(0.200001 -0.150006 0.124996)
(0.199988 -0.225006 0.149989)
(0.176643 -0.200047 0.150548)
(0.199989 -0.175008 0.149989)
(-0.150001 -0.10001 0.0750029)
(-0.150017 -0.125017 0.0999974)
(-0.149994 -0.100016 0.124994)
(-0.199997 -0.125004 0.149997)
(-0.174995 -0.100007 0.149996)
(-0.0999993 -0.050012 0.0750014)
(-0.0750026 -0.0500208 0.1)
(-0.0999965 -0.0500158 0.124997)
(-0.100042 -0.12506 0.0875028)
(-0.0999637 -0.125156 0.112468)
(-0.0875169 -0.125149 0.0999928)
(-2.7105e-09 -0.0500198 0.0749998)
(-0.0250066 -0.0500249 0.100005)
(0.0250066 -0.0500248 0.100005)
(-8.92067e-09 -0.0500285 0.12501)
(0.150001 -0.10001 0.0750029)
(0.150017 -0.125017 0.0999973)
(0.149994 -0.100016 0.124994)
(0.0999993 -0.0500119 0.0750014)
(0.0750026 -0.0500207 0.1)
(0.0999965 -0.0500158 0.124997)
(0.100042 -0.125058 0.0875025)
(0.0999638 -0.125155 0.112468)
(0.0875171 -0.125147 0.0999925)
(0.199997 -0.125004 0.149997)
(0.174995 -0.100007 0.149996)
(-0.0999993 0.050012 0.0750014)
(-0.0750026 0.0500208 0.1)
(-0.0999965 0.0500158 0.124997)
(-1.34822e-08 0.0500198 0.0749998)
(-0.0250066 0.0500249 0.100005)
(0.0250066 0.0500248 0.100005)
(-2.08848e-08 0.0500285 0.12501)
(0.0999993 0.0500119 0.0750014)
(0.0750026 0.0500207 0.1)
(0.0999965 0.0500158 0.124997)
(-0.150001 0.10001 0.0750029)
(-0.150017 0.125017 0.0999974)
(-0.149994 0.100016 0.124994)
(-0.200009 0.150004 0.0750026)
(-0.175025 0.150011 0.0999981)
(-0.200001 0.150007 0.124996)
(-0.174995 0.100007 0.149996)
(-0.199997 0.125004 0.149997)
(-0.100042 0.12506 0.0875028)
(-0.0999637 0.125156 0.112468)
(-0.0875169 0.125149 0.0999928)
(0.150001 0.10001 0.0750029)
(0.150017 0.125017 0.0999973)
(0.149994 0.100016 0.124994)
(0.100042 0.125058 0.0875025)
(0.0999638 0.125155 0.112468)
(0.0875171 0.125147 0.0999925)
(0.200009 0.150004 0.0750026)
(0.175025 0.150011 0.099998)
(0.200001 0.150006 0.124996)
(0.174995 0.100007 0.149996)
(0.199997 0.125004 0.149997)
(-0.20001 0.250008 0.075001)
(-0.175023 0.250021 0.0999972)
(-0.2 0.250006 0.124996)
(-0.199989 0.175008 0.149989)
(-0.176636 0.20005 0.150568)
(-0.199988 0.225006 0.149989)
(-0.115421 0.200201 0.074774)
(-0.113424 0.175028 0.100059)
(-0.11313 0.225365 0.100029)
(-0.1141 0.20042 0.125338)
(0.115419 0.2002 0.0747691)
(0.113423 0.175026 0.100057)
(0.11313 0.225363 0.100023)
(0.114102 0.200419 0.125337)
(0.20001 0.250008 0.0750009)
(0.175023 0.25002 0.0999969)
(0.2 0.250006 0.124995)
(0.199989 0.175008 0.149989)
(0.176636 0.20005 0.150568)
(0.199988 0.225006 0.149989)
(-0.150009 0.300011 0.0750004)
(-0.150025 0.275028 0.0999976)
(-0.15 0.300006 0.124996)
(-0.199997 0.275002 0.149997)
(-0.174997 0.300002 0.149997)
(0.150009 0.300011 0.0750003)
(0.150025 0.275028 0.0999973)
(0.15 0.300006 0.124996)
(0.199997 0.275002 0.149997)
(0.174997 0.300002 0.149997)
(-0.19999 -0.250002 0.174992)
(-0.174982 -0.250001 0.199985)
(-0.0749911 -0.300001 0.249989)
(-0.0999837 -0.274999 0.24998)
(-0.0249971 -0.300009 0.250002)
(0.0249971 -0.300009 0.250002)
(2.90657e-08 -0.275026 0.250016)
(0.0749911 -0.300001 0.249989)
(0.0999837 -0.274999 0.24998)
(0.19999 -0.250002 0.174992)
(0.174982 -0.250001 0.199985)
(-0.151442 -0.200085 0.175749)
(-0.149944 -0.225005 0.199951)
(-0.149949 -0.175018 0.199955)
(-0.199993 -0.150004 0.174994)
(-0.174987 -0.150007 0.199989)
(-0.100858 -0.225496 0.251356)
(-0.0756757 -0.200101 0.251533)
(-0.0999628 -0.175016 0.249952)
(-0.100664 -0.187506 0.175547)
(-0.0877511 -0.200354 0.175162)
(-0.0992879 -0.212565 0.174361)
(-0.0760895 -0.187427 0.201711)
(-0.0752057 -0.200359 0.187735)
(-0.0744878 -0.212598 0.199264)
(-0.0996217 -0.17515 0.18711)
(-0.0871719 -0.175142 0.1996)
(0.151475 -0.200086 0.175766)
(0.149944 -0.225005 0.199951)
(0.149949 -0.175018 0.199955)
(0.100858 -0.225496 0.251356)
(0.0756757 -0.200101 0.251532)
(0.0999628 -0.175016 0.249952)
(0.100712 -0.1875 0.175588)
(0.0877899 -0.200357 0.175199)
(0.0992875 -0.212564 0.174361)
(0.0761205 -0.187423 0.201757)
(0.0752303 -0.200361 0.187765)
(0.074488 -0.212597 0.199263)
(0.0996219 -0.17515 0.18711)
(0.0871722 -0.175142 0.199599)
(0.199993 -0.150004 0.174994)
(0.174987 -0.150007 0.199989)
(-0.149989 -0.100013 0.174991)
(-0.149985 -0.125013 0.199986)
(-0.0999939 -0.050012 0.174994)
(-0.0749953 -0.0500106 0.199994)
(-0.0999865 -0.125013 0.249983)
(-0.0749923 -0.100011 0.24999)
(-2.80461e-09 -0.0500206 0.175)
(-0.0249983 -0.0500125 0.199997)
(0.0249983 -0.0500125 0.199997)
(1.46869e-08 -0.125014 0.250006)
(-0.0249973 -0.10001 0.249997)
(0.0249973 -0.10001 0.249997)
(0.149989 -0.100013 0.174991)
(0.149985 -0.125013 0.199986)
(0.0999939 -0.0500119 0.174994)
(0.0749953 -0.0500106 0.199994)
(0.0999865 -0.125013 0.249983)
(0.0749923 -0.100011 0.24999)
(-0.0999939 0.050012 0.174994)
(-0.0749953 0.0500106 0.199994)
(-3.9918e-09 0.0500206 0.175)
(-0.0249983 0.0500125 0.199997)
(0.0249983 0.0500125 0.199997)
(0.0999939 0.0500119 0.174994)
(0.0749953 0.0500106 0.199994)
(-0.149989 0.100013 0.174991)
(-0.149985 0.125013 0.199986)
(-0.199993 0.150004 0.174994)
(-0.174987 0.150007 0.199989)
(-0.0749923 0.100011 0.24999)
(-0.0999865 0.125013 0.249983)
(-0.0249973 0.10001 0.249997)
(0.0249973 0.10001 0.249997)
(9.24252e-09 0.125014 0.250006)
(0.149989 0.100013 0.174991)
(0.149985 0.125013 0.199986)
(0.0749923 0.100011 0.24999)
(0.0999865 0.125013 0.249983)
(0.199993 0.150004 0.174994)
(0.174987 0.150007 0.199989)
(-0.151474 0.200086 0.175767)
(-0.149949 0.175018 0.199955)
(-0.149944 0.225005 0.199951)
(-0.19999 0.250002 0.174992)
(-0.174982 0.250001 0.199985)
(-0.0999628 0.175016 0.249952)
(-0.0756747 0.200104 0.251533)
(-0.100856 0.225494 0.251358)
(-0.100712 0.1875 0.175589)
(-0.0877898 0.200358 0.175199)
(-0.0992879 0.212565 0.174361)
(-0.0996217 0.17515 0.18711)
(-0.087172 0.175142 0.1996)
(-0.0761213 0.187422 0.201759)
(-0.0752294 0.200362 0.187766)
(-0.0744879 0.212598 0.199264)
(0.151477 0.200087 0.175763)
(0.149949 0.175018 0.199955)
(0.149944 0.225005 0.199951)
(0.0999628 0.175016 0.249952)
(0.0756757 0.200101 0.251532)
(0.100858 0.225496 0.251356)
(0.100712 0.1875 0.175588)
(0.0877898 0.200357 0.175199)
(0.0992875 0.212564 0.174361)
(0.0996219 0.17515 0.18711)
(0.0871721 0.175142 0.199599)
(0.0761204 0.187423 0.201757)
(0.0752303 0.200361 0.187765)
(0.074488 0.212597 0.199263)
(0.19999 0.250002 0.174992)
(0.174982 0.250001 0.199985)
(-0.0999837 0.274999 0.24998)
(-0.0749911 0.300001 0.249989)
(-7.26806e-08 0.275026 0.250016)
(-0.0249971 0.300009 0.250002)
(0.0249971 0.300009 0.250002)
(0.0999837 0.274999 0.24998)
(0.0749911 0.300001 0.249989)
(-0.0503932 -0.200007 0.276554)
(-0.0499946 -0.175004 0.299994)
(0.0503935 -0.200007 0.276554)
(0.0499947 -0.175004 0.299994)
(2.78111e-08 -0.150007 0.275007)
(-0.0249984 -0.150003 0.3)
(0.0249984 -0.150003 0.3)
(-0.0499977 -0.100005 0.274997)
(-0.0499983 -0.125003 0.299998)
(0.0499977 -0.100005 0.274997)
(0.0499983 -0.125003 0.299998)
(-0.0499977 0.100005 0.274997)
(-0.0499983 0.125003 0.299998)
(0.0499977 0.100005 0.274997)
(0.0499983 0.125003 0.299998)
(1.53949e-08 0.150007 0.275007)
(-0.0249984 0.150003 0.3)
(0.0249984 0.150003 0.3)
(-0.0503934 0.200005 0.276554)
(-0.0499946 0.175004 0.299994)
(0.0503934 0.200007 0.276554)
(0.0499947 0.175004 0.299994)
(-0.0500337 -0.262528 0.0249628)
(-0.0750575 -0.262522 0.0499831)
(-0.0251398 -0.262107 0.0499115)
(-0.0501326 -0.262052 0.074979)
(0.0500333 -0.262528 0.0249623)
(0.0251335 -0.262107 0.0499056)
(0.0750567 -0.262521 0.0499817)
(0.0501317 -0.26205 0.074969)
(-0.0499187 -0.138048 0.0250953)
(-0.074878 -0.137881 0.0500753)
(-0.0252473 -0.13791 0.0496985)
(-0.0500288 -0.125378 0.0374736)
(-0.0625107 -0.125316 0.0499979)
(-0.037664 -0.125318 0.0498492)
(-0.0501493 -0.125286 0.0624276)
(-0.0503267 -0.137848 0.0749435)
(0.049919 -0.138046 0.025096)
(0.0252473 -0.137909 0.0496993)
(0.074878 -0.13788 0.0500758)
(0.0500285 -0.125377 0.0374737)
(0.0376637 -0.125317 0.0498493)
(0.0625105 -0.125314 0.0499982)
(0.0501489 -0.125285 0.0624278)
(0.050326 -0.137846 0.074944)
(-0.0499187 0.138048 0.0250953)
(-0.0500288 0.125378 0.0374736)
(-0.0625107 0.125316 0.0499979)
(-0.0376639 0.125318 0.0498492)
(-0.0501493 0.125286 0.0624276)
(-0.074878 0.137881 0.0500753)
(-0.0252473 0.13791 0.0496985)
(-0.0503266 0.137847 0.0749435)
(0.0499189 0.138046 0.025096)
(0.0500285 0.125377 0.0374737)
(0.0376636 0.125317 0.0498493)
(0.0625105 0.125314 0.0499982)
(0.0501488 0.125285 0.0624278)
(0.0252473 0.137909 0.0496993)
(0.074878 0.13788 0.0500758)
(0.0503259 0.137846 0.0749441)
(-0.0500337 0.262528 0.0249628)
(-0.0750575 0.262522 0.0499831)
(-0.0251398 0.262107 0.0499115)
(-0.0501326 0.262052 0.0749789)
(0.0500333 0.262528 0.0249623)
(0.0251335 0.262107 0.0499056)
(0.0750567 0.262521 0.0499817)
(0.0501317 0.26205 0.074969)
(-0.0500862 -0.263677 0.124968)
(-0.0753125 -0.263667 0.150225)
(-0.0746627 -0.24979 0.162154)
(-0.0250145 -0.263396 0.150046)
(-0.0499178 -0.262486 0.174891)
(-0.0622307 -0.249867 0.174652)
(0.0500885 -0.263677 0.124964)
(0.0250195 -0.26339 0.150043)
(0.0753049 -0.263667 0.150233)
(0.074662 -0.24979 0.162153)
(0.0499177 -0.262486 0.17489)
(0.0622299 -0.249867 0.174651)
(-0.0502104 -0.138126 0.125158)
(-0.0745593 -0.138205 0.149608)
(-0.0250483 -0.138133 0.150134)
(-0.0500245 -0.125475 0.137525)
(-0.0623365 -0.125478 0.149834)
(-0.0375029 -0.125439 0.150019)
(-0.0498733 -0.125419 0.16234)
(-0.0497875 -0.137995 0.174683)
(0.0502101 -0.138125 0.125157)
(0.025048 -0.138132 0.150134)
(0.0745599 -0.138204 0.149608)
(0.0500244 -0.125475 0.137524)
(0.0623368 -0.125477 0.149834)
(0.037503 -0.125438 0.150019)
(0.0498737 -0.125418 0.16234)
(0.0497881 -0.137995 0.174683)
(-0.0502104 0.138126 0.125158)
(-0.0500245 0.125475 0.137525)
(-0.0623365 0.125478 0.149834)
(-0.0375029 0.125439 0.150019)
(-0.0498733 0.125419 0.16234)
(-0.0745593 0.138205 0.149608)
(-0.0250483 0.138133 0.150134)
(-0.0497875 0.137995 0.174683)
(0.0502101 0.138125 0.125157)
(0.0500245 0.125475 0.137525)
(0.0623368 0.125477 0.149834)
(0.0375029 0.125438 0.150019)
(0.0498736 0.125418 0.16234)
(0.025048 0.138132 0.150134)
(0.0745599 0.138204 0.149608)
(0.0497881 0.137995 0.174683)
(-0.0500862 0.263677 0.124968)
(-0.0753125 0.263667 0.150225)
(-0.0746627 0.24979 0.162154)
(-0.0250146 0.263396 0.150046)
(-0.0622307 0.249867 0.174652)
(-0.0499178 0.262486 0.174891)
(0.0500892 0.263677 0.124964)
(0.0250195 0.26339 0.150043)
(0.0753055 0.263666 0.150233)
(0.074662 0.24979 0.162153)
(0.0622299 0.249867 0.174651)
(0.0499176 0.262486 0.17489)
(-0.0746231 -0.237344 0.000422191)
(-0.0747706 -0.2499 0.0127241)
(-0.0748217 -0.249958 -0.0122819)
(-0.0996056 -0.237453 0.0252786)
(-0.0872751 -0.249954 0.0251785)
(-0.11234 -0.250006 0.0251149)
(-0.0250174 -0.262675 -9.83602e-05)
(-0.0250146 -0.250275 -0.012673)
(0.0250165 -0.262674 -9.84772e-05)
(0.0250135 -0.250275 -0.0126732)
(-1.03563e-06 -0.26232 0.0249117)
(0.0746239 -0.237343 0.000423548)
(0.0747717 -0.249899 0.0127255)
(0.0748942 -0.262471 0.000114551)
(0.0748215 -0.249957 -0.0122816)
(0.0996058 -0.237453 0.0252794)
(0.0872756 -0.249953 0.0251794)
(0.11234 -0.250006 0.025115)
(-0.074636 -0.137957 0.000398224)
(-0.0745846 -0.150363 -0.0119807)
(-0.0990659 -0.162913 0.0256139)
(-0.0867121 -0.150758 0.0255834)
(-0.0996366 -0.137838 0.0252574)
(-0.112082 -0.150222 0.0252721)
(-0.112387 -0.2251 0.0501367)
(-0.112136 -0.175062 0.0502685)
(-0.024948 -0.137712 8.09617e-05)
(0.0249479 -0.137711 8.0685e-05)
(-1.63755e-08 -0.137657 0.0249446)
(1.28614e-06 -0.175707 0.0616583)
(0.0746369 -0.137956 0.000399473)
(0.0745852 -0.150363 -0.0119799)
(0.0990674 -0.162912 0.0256163)
(0.0867155 -0.150756 0.0255878)
(0.112083 -0.150221 0.025273)
(0.0996376 -0.137837 0.0252587)
(0.112386 -0.225098 0.0501355)
(0.112135 -0.175061 0.0502687)
(-0.0374194 -0.125238 0.000130193)
(-0.0498783 -0.125352 0.0126567)
(-0.0622871 -0.125355 0.000259521)
(-0.0498896 -0.125205 -0.0123293)
(-0.0999472 -0.125134 0.0625416)
(-0.0873556 -0.125261 0.0500864)
(-0.0997919 -0.125245 0.037634)
(0.0374194 -0.125237 0.000130201)
(0.0498787 -0.125351 0.0126571)
(0.0622875 -0.125354 0.000260125)
(0.0498898 -0.125204 -0.0123291)
(-0.0125783 -0.125232 0.0498236)
(1.08498e-07 -0.125182 0.0373779)
(0.0125786 -0.125231 0.0498239)
(0.0999473 -0.125133 0.0625415)
(0.0873556 -0.12526 0.0500867)
(0.0997922 -0.125245 0.0376345)
(-0.0374194 0.125238 0.000130193)
(-0.0498783 0.125352 0.0126567)
(-0.0622871 0.125355 0.000259521)
(-0.0498896 0.125205 -0.0123293)
(-0.074636 0.137957 0.000398224)
(-0.0745846 0.150363 -0.0119807)
(-0.0990659 0.162913 0.0256139)
(-0.0867121 0.150758 0.0255834)
(-0.0996366 0.137838 0.0252574)
(-0.112083 0.150222 0.0252721)
(-0.0999472 0.125134 0.0625416)
(-0.0873556 0.125261 0.0500864)
(-0.0997919 0.125245 0.037634)
(0.0374194 0.125237 0.000130201)
(0.0498787 0.125351 0.0126571)
(0.0622875 0.125354 0.000260125)
(0.0498898 0.125204 -0.0123291)
(-0.024948 0.137712 8.09619e-05)
(0.0249479 0.137711 8.06849e-05)
(-2.23142e-08 0.137657 0.0249446)
(9.89603e-08 0.125182 0.0373779)
(0.0125785 0.125231 0.0498239)
(-0.0125783 0.125232 0.0498236)
(0.0746369 0.137956 0.000399474)
(0.0745852 0.150363 -0.0119799)
(0.0990674 0.162912 0.0256164)
(0.0867155 0.150756 0.0255878)
(0.0996376 0.137837 0.0252587)
(0.112083 0.150221 0.025273)
(0.0999473 0.125133 0.0625415)
(0.0873556 0.12526 0.0500867)
(0.0997922 0.125245 0.0376345)
(-0.0746232 0.237344 0.000422193)
(-0.0747706 0.2499 0.0127241)
(-0.0748217 0.249958 -0.0122819)
(-0.0996056 0.237453 0.0252786)
(-0.0872751 0.249954 0.0251785)
(-0.11234 0.250006 0.0251149)
(-0.112136 0.175062 0.0502685)
(-0.112387 0.2251 0.0501367)
(-0.0250174 0.262675 -9.83586e-05)
(-0.0250146 0.250275 -0.012673)
(0.0250165 0.262674 -9.84783e-05)
(0.0250135 0.250275 -0.0126732)
(-1.04245e-06 0.26232 0.0249117)
(1.29711e-06 0.175707 0.0616583)
(0.0746239 0.237343 0.000423548)
(0.0747717 0.249899 0.0127255)
(0.0748942 0.262471 0.000114551)
(0.0748215 0.249957 -0.0122816)
(0.0996058 0.237453 0.0252794)
(0.0872756 0.249953 0.0251794)
(0.11234 0.250006 0.025115)
(0.112135 0.175061 0.0502687)
(0.112386 0.225098 0.0501355)
(-0.100146 -0.262692 0.0749942)
(-0.112743 -0.250263 0.0749952)
(-0.0752983 -0.263853 0.100056)
(-0.0999864 -0.262558 0.124965)
(-0.112458 -0.250084 0.124934)
(-4.97752e-06 -0.261289 0.0749467)
(-0.0250602 -0.261959 0.100078)
(0.0250652 -0.261958 0.100064)
(5.91201e-06 -0.262342 0.125008)
(0.100145 -0.262691 0.074992)
(0.112742 -0.250262 0.0749925)
(0.0752978 -0.263851 0.100051)
(0.0999861 -0.262557 0.124964)
(0.112458 -0.250083 0.124933)
(-0.100053 -0.137582 0.0750202)
(-0.112676 -0.150049 0.0750201)
(-0.0750685 -0.137794 0.100011)
(-0.0998316 -0.137805 0.124897)
(-0.11236 -0.15025 0.124897)
(-0.0992116 -0.224916 0.161873)
(-0.111892 -0.225057 0.1496)
(-0.099257 -0.175259 0.161898)
(-0.111949 -0.175195 0.149621)
(-0.0127844 -0.15048 0.0747674)
(5.49592e-07 -0.163187 0.0747142)
(0.0127864 -0.15048 0.0747692)
(-0.0255601 -0.150486 0.0875742)
(-0.0254047 -0.137923 0.100201)
(0.0255598 -0.150485 0.0875747)
(0.0254042 -0.137922 0.100201)
(-9.72625e-07 -0.138026 0.125584)
(0.100053 -0.13758 0.0750198)
(0.112676 -0.150047 0.0750196)
(0.0750686 -0.137791 0.10001)
(0.0998315 -0.137804 0.124896)
(0.11236 -0.150249 0.124896)
(0.099211 -0.224916 0.161873)
(0.111891 -0.225056 0.1496)
(0.0992573 -0.175258 0.161897)
(0.111949 -0.175195 0.14962)
(-0.0502376 -0.125264 0.0875309)
(-0.0626423 -0.125297 0.10004)
(-0.0502016 -0.12542 0.112604)
(-0.0377816 -0.125329 0.100114)
(-0.0998355 -0.125262 0.137383)
(-0.0872732 -0.125344 0.14981)
(-0.099814 -0.125233 0.162336)
(0.0502372 -0.125263 0.087531)
(0.0626421 -0.125295 0.10004)
(0.0502013 -0.125419 0.112604)
(0.0377813 -0.125328 0.100114)
(0.0998356 -0.125261 0.137383)
(0.0872734 -0.125344 0.149809)
(0.0998142 -0.125233 0.162336)
(-0.0626422 0.125297 0.10004)
(-0.0502015 0.12542 0.112604)
(-0.0502375 0.125264 0.087531)
(-0.0377816 0.125328 0.100114)
(-0.100053 0.137582 0.0750202)
(-0.112676 0.150049 0.0750201)
(-0.0750684 0.137793 0.100011)
(-0.0998316 0.137805 0.124897)
(-0.11236 0.15025 0.124897)
(-0.0998355 0.125262 0.137383)
(-0.0872732 0.125344 0.14981)
(-0.099814 0.125233 0.162336)
(0.0502012 0.125419 0.112604)
(0.0502371 0.125263 0.0875311)
(0.062642 0.125295 0.10004)
(0.0377812 0.125328 0.100114)
(-0.0127858 0.15048 0.0747683)
(6.78221e-07 0.163187 0.0747143)
(0.0127868 0.15048 0.0747694)
(-0.0255597 0.150486 0.0875741)
(-0.0254044 0.137923 0.100201)
(0.0255599 0.150485 0.087575)
(0.0254042 0.137922 0.100201)
(-1.04992e-06 0.138026 0.125584)
(0.100053 0.13758 0.0750198)
(0.112676 0.150047 0.0750196)
(0.0750685 0.137791 0.10001)
(0.0998315 0.137804 0.124896)
(0.11236 0.150249 0.124896)
(0.0998355 0.125261 0.137383)
(0.0872734 0.125344 0.149809)
(0.0998142 0.125233 0.162336)
(-0.100146 0.262693 0.0749942)
(-0.112743 0.250263 0.0749952)
(-0.0752984 0.263853 0.100056)
(-0.0999864 0.262558 0.124965)
(-0.112458 0.250084 0.124934)
(-0.099257 0.175259 0.161898)
(-0.111949 0.175195 0.149621)
(-0.0992116 0.224916 0.161873)
(-0.111892 0.225057 0.1496)
(-4.97994e-06 0.261289 0.0749467)
(-0.0250602 0.261959 0.100078)
(0.0250652 0.261958 0.100064)
(5.90924e-06 0.262342 0.125008)
(0.100145 0.262691 0.074992)
(0.112742 0.250262 0.0749925)
(0.0752984 0.263851 0.100051)
(0.112458 0.250083 0.124933)
(0.0999861 0.262557 0.124964)
(0.0992573 0.175258 0.161897)
(0.111949 0.175195 0.14962)
(0.111891 0.225056 0.1496)
(0.099211 0.224916 0.161873)
(5.41599e-07 -0.262801 0.175118)
(-0.0249528 -0.237738 0.200121)
(-0.0249767 -0.250237 0.187583)
(-0.024989 -0.262634 0.20006)
(0.0249535 -0.237737 0.200121)
(0.0249771 -0.250236 0.187583)
(0.0249891 -0.262634 0.20006)
(-0.0620403 -0.225036 0.199292)
(-0.0620441 -0.175221 0.199316)
(-0.0995744 -0.162784 0.174604)
(-0.0870515 -0.150455 0.174547)
(-0.0997606 -0.137759 0.174776)
(-0.0746721 -0.162753 0.199574)
(-0.074641 -0.150393 0.18707)
(-0.0748404 -0.137703 0.199797)
(0.0620403 -0.225036 0.199292)
(0.0620443 -0.175221 0.199316)
(-2.2712e-07 -0.137669 0.175035)
(-0.024942 -0.16271 0.200048)
(-0.024918 -0.150369 0.187375)
(-0.0249547 -0.137675 0.199948)
(0.0249424 -0.162709 0.200048)
(0.0249183 -0.150369 0.187375)
(0.0249548 -0.137675 0.199948)
(0.0995748 -0.162784 0.174604)
(0.0870521 -0.150455 0.174547)
(0.0997609 -0.137759 0.174776)
(0.0746724 -0.162753 0.199573)
(0.0746417 -0.150394 0.18707)
(0.0748407 -0.137703 0.199797)
(-0.0995744 0.162784 0.174604)
(-0.0870515 0.150455 0.174547)
(-0.0997606 0.137759 0.174776)
(-0.0746721 0.162753 0.199574)
(-0.074641 0.150394 0.18707)
(-0.0748404 0.137703 0.199797)
(-2.28811e-07 0.137669 0.175035)
(-0.024942 0.16271 0.200048)
(-0.024918 0.150369 0.187375)
(-0.0249547 0.137675 0.199948)
(0.0249424 0.162709 0.200048)
(0.0249183 0.150369 0.187375)
(0.0249548 0.137675 0.199948)
(0.0995748 0.162784 0.174604)
(0.0870521 0.150455 0.174547)
(0.0997609 0.137759 0.174776)
(0.0746724 0.162753 0.199573)
(0.0746417 0.150394 0.18707)
(0.0748407 0.137703 0.199797)
(-0.0620441 0.175221 0.199316)
(-0.0620404 0.225036 0.199292)
(0.0620443 0.175221 0.199316)
(0.0620402 0.225036 0.199292)
(4.07892e-07 0.262801 0.175118)
(-0.0249535 0.237738 0.200121)
(-0.024977 0.250237 0.187583)
(-0.0249892 0.262634 0.20006)
(0.0249529 0.237737 0.200121)
(0.0249768 0.250236 0.187583)
(0.0249889 0.262634 0.20006)
(-0.12498 -0.249997 -0.0499797)
(-0.149979 -0.249997 -0.0249824)
(-0.0505862 -0.200081 -0.0392533)
(-0.049891 -0.2125 -0.0498496)
(-0.0505305 -0.187329 -0.0516786)
(-0.0632369 -0.200094 -0.0517577)
(-0.0381928 -0.200166 -0.0530845)
(-0.0745853 -0.224915 -0.011964)
(0.12498 -0.249997 -0.0499797)
(0.0505851 -0.200081 -0.0392535)
(0.0498904 -0.2125 -0.04985)
(0.0505304 -0.187328 -0.0516784)
(0.0381938 -0.200167 -0.053086)
(0.0632361 -0.200093 -0.0517576)
(0.074584 -0.224914 -0.0119642)
(0.149979 -0.249997 -0.0249824)
(-0.124968 -0.150014 -0.0499669)
(-0.149967 -0.150012 -0.0249729)
(2.62047e-07 -0.149978 -0.0377347)
(-0.0124917 -0.150002 -0.0501262)
(0.0124921 -0.150002 -0.0501262)
(4.43383e-07 -0.162486 -0.0502323)
(-0.0499931 -0.0750122 -0.049991)
(-0.0743772 -0.175109 -0.0116652)
(-0.0249621 -0.125106 -0.0124621)
(0.124968 -0.150014 -0.0499669)
(0.0499932 -0.0750122 -0.049991)
(0.0743773 -0.175108 -0.0116648)
(0.0249621 -0.125106 -0.0124622)
(0.149967 -0.150012 -0.0249729)
(-0.0499957 -0.0500101 -0.0249944)
(0.0499957 -0.0500101 -0.0249944)
(-0.0499931 0.0750122 -0.049991)
(-0.0499957 0.0500101 -0.0249944)
(0.0499932 0.0750122 -0.049991)
(0.0499957 0.0500101 -0.0249944)
(-0.124968 0.150014 -0.0499669)
(-0.149967 0.150012 -0.0249729)
(2.62227e-07 0.149978 -0.0377347)
(-0.0124917 0.150002 -0.0501262)
(0.0124921 0.150002 -0.0501262)
(4.4369e-07 0.162486 -0.0502323)
(-0.0505862 0.200081 -0.0392533)
(-0.0505305 0.187329 -0.0516786)
(-0.0498911 0.2125 -0.0498497)
(-0.0632369 0.200094 -0.0517578)
(-0.0381928 0.200166 -0.0530845)
(-0.0249621 0.125106 -0.0124621)
(-0.0743772 0.175109 -0.0116652)
(0.124968 0.150014 -0.0499669)
(0.0505852 0.200081 -0.0392536)
(0.0505304 0.187328 -0.0516784)
(0.0498904 0.2125 -0.0498501)
(0.0381938 0.200167 -0.053086)
(0.0632361 0.200093 -0.0517576)
(0.0249621 0.125106 -0.0124622)
(0.0743773 0.175108 -0.0116648)
(0.149967 0.150012 -0.0249729)
(-0.12498 0.249997 -0.0499797)
(-0.149979 0.249997 -0.0249824)
(-0.0745853 0.224915 -0.011964)
(0.12498 0.249997 -0.0499797)
(0.074584 0.224914 -0.0119642)
(0.149979 0.249997 -0.0249824)
(-0.112031 -0.224988 0.025305)
(-0.113155 -0.225375 0.0749723)
(0.02506 -0.262436 0.024891)
(0.112031 -0.224988 0.025305)
(0.113154 -0.225373 0.0749673)
(-0.111726 -0.175041 0.0254788)
(-0.113404 -0.17501 0.0749762)
(-0.0745746 -0.138143 0.0253604)
(0.111726 -0.175039 0.0254793)
(0.113403 -0.175009 0.0749749)
(-0.111726 0.175041 0.0254788)
(-0.113404 0.17501 0.0749762)
(-0.0623465 0.125413 0.0251518)
(-0.0745746 0.138143 0.0253604)
(-0.0748384 0.12536 0.0376212)
(0.062347 0.125412 0.0251527)
(0.0251915 0.125265 0.0623589)
(0.111726 0.175039 0.0254793)
(0.113403 0.175009 0.0749749)
(-0.112031 0.224988 0.025305)
(-0.113155 0.225375 0.0749723)
(0.02506 0.262436 0.024891)
(0.112031 0.224988 0.025305)
(0.113154 0.225373 0.0749673)
(-0.112307 -0.225107 0.124825)
(-0.0750456 -0.262499 0.125003)
(0.0249926 -0.263041 0.124925)
(0.112307 -0.225106 0.124824)
(-0.112416 -0.175154 0.124865)
(0.0252515 -0.138104 0.125407)
(0.112415 -0.175153 0.124864)
(-0.112416 0.175154 0.124865)
(-0.0376705 0.12544 0.125174)
(-0.0747518 0.125399 0.162249)
(0.0376702 0.12544 0.125174)
(0.0252515 0.138104 0.125407)
(0.112415 0.175153 0.124864)
(-0.112307 0.225107 0.124825)
(-0.0750457 0.262499 0.125003)
(0.0249806 0.26304 0.124924)
(0.112307 0.225106 0.124824)
(-0.0250614 -0.262437 0.0248919)
(-0.0753054 -0.263826 0.0749644)
(-0.0251293 -0.261736 0.0750097)
(0.0749311 -0.26249 0.0250647)
(0.025123 -0.261735 0.0749978)
(0.0753049 -0.263823 0.0749607)
(-0.0623465 -0.125413 0.0251518)
(-0.0748384 -0.12536 0.0376212)
(-0.0251917 -0.125266 0.0623584)
(-0.0253373 -0.137833 0.0748847)
(-0.0377284 -0.125253 0.0749442)
(0.0745769 -0.138142 0.0253634)
(0.062347 -0.125412 0.0251527)
(0.0251915 -0.125265 0.0623589)
(0.0748387 -0.125359 0.037622)
(0.0253373 -0.137832 0.0748855)
(0.0377281 -0.125252 0.0749446)
(-0.0251916 0.125266 0.0623585)
(-0.0377284 0.125253 0.0749443)
(-0.0253373 0.137833 0.0748847)
(0.0745769 0.138142 0.0253634)
(0.0748387 0.125359 0.037622)
(0.0377281 0.125252 0.0749447)
(0.0253373 0.137832 0.0748856)
(-0.0250614 0.262437 0.0248919)
(-0.0753054 0.263826 0.0749644)
(-0.0251293 0.261736 0.0750097)
(0.0749311 0.26249 0.0250647)
(0.025123 0.261735 0.0749978)
(0.0753049 0.263823 0.0749607)
(-0.0249721 -0.263067 0.124925)
(-0.024997 -0.262663 0.175047)
(0.075046 -0.262498 0.125001)
(0.0249978 -0.262663 0.175047)
(-0.0252523 -0.138105 0.125407)
(-0.0376705 -0.12544 0.125174)
(-0.0747518 -0.125399 0.162249)
(-0.0746634 -0.137953 0.174629)
(-0.0249394 -0.137882 0.174877)
(0.0376702 -0.12544 0.125174)
(0.0747522 -0.125399 0.162249)
(0.0249395 -0.137881 0.174877)
(0.0746641 -0.137953 0.174629)
(-0.0252523 0.138105 0.125407)
(-0.0746634 0.137953 0.174629)
(-0.0249394 0.137882 0.174877)
(0.0747522 0.125399 0.162249)
(0.0249395 0.137881 0.174877)
(0.0746641 0.137953 0.174629)
(-0.0249856 0.263054 0.124928)
(-0.0249971 0.262663 0.175047)
(0.075046 0.262498 0.125001)
(0.0249978 0.262663 0.175047)
(-0.149984 -0.224999 -0.0499857)
(0.149984 -0.224999 -0.0499857)
(-0.14998 -0.175003 -0.0499819)
(0.14998 -0.175003 -0.0499819)
(-0.14998 0.175003 -0.0499819)
(0.14998 0.175003 -0.0499819)
(-0.149984 0.224999 -0.0499857)
(0.149984 0.224999 -0.0499857)
(0.0125184 -0.274928 0.024937)
(0.0375369 -0.274987 0.0249504)
(0.0250555 -0.274859 0.0374306)
(0.0250192 -0.275049 0.0124418)
(0.125812 -0.187352 0.0246353)
(0.124635 -0.162596 0.0252309)
(0.124523 -0.175028 0.0377966)
(-0.0747544 0.125368 0.0127416)
(-0.0872532 0.125318 0.0251911)
(0.124565 0.212492 0.0252737)
(0.124815 0.237509 0.0251261)
(0.124742 0.225035 0.0376778)
(-0.0751975 -0.2759 0.112551)
(-0.0626342 -0.276408 0.12505)
(-0.0753129 -0.276188 0.137685)
(-0.0878429 -0.275894 0.125116)
(0.0250494 -0.27476 0.112527)
(0.0125272 -0.274862 0.12501)
(0.0375311 -0.276228 0.124793)
(0.0249473 -0.276013 0.13743)
(0.125232 -0.175084 0.112468)
(0.126815 -0.187472 0.125366)
(0.124933 -0.162653 0.12491)
(0.12471 -0.175139 0.137294)
(0.0252229 0.125373 0.1127)
(0.0125884 0.125408 0.125339)
(0.02509 0.125448 0.137704)
(0.125173 0.22516 0.112458)
(0.124825 0.212644 0.12482)
(0.124946 0.237584 0.124919)
(0.124679 0.225084 0.137281)
(-0.0375376 -0.274988 0.0249509)
(-0.0125198 -0.274928 0.0249374)
(-0.0250576 -0.27486 0.0374322)
(-0.0250198 -0.27505 0.012442)
(-0.0752207 -0.275899 0.0624316)
(-0.0752354 -0.276416 0.0875197)
(-0.0626286 -0.276063 0.0750052)
(-0.0879086 -0.276322 0.0749541)
(-0.0250727 -0.274625 0.0624818)
(-0.037586 -0.274658 0.0749938)
(-0.0125461 -0.274395 0.0749869)
(-0.0250646 -0.274549 0.0875071)
(0.0624957 -0.275001 0.0250064)
(0.0749524 -0.274992 0.0125485)
(0.0250678 -0.274624 0.0624764)
(0.0250638 -0.274548 0.0874993)
(0.0125408 -0.274395 0.0749824)
(0.0375844 -0.274657 0.0749869)
(0.0752203 -0.275899 0.06243)
(0.062628 -0.276061 0.0750015)
(0.0752346 -0.276415 0.0875163)
(0.0879081 -0.276321 0.0749524)
(-0.0747544 -0.125368 0.0127416)
(-0.0872532 -0.125318 0.0251911)
(0.0747553 -0.125367 0.0127428)
(0.087254 -0.125317 0.0251923)
(0.087254 0.125317 0.0251923)
(0.0747553 0.125367 0.0127428)
(-0.0375376 0.274988 0.0249509)
(-0.0250576 0.27486 0.0374322)
(-0.0125198 0.274928 0.0249374)
(-0.0250199 0.27505 0.012442)
(-0.0752207 0.275899 0.0624316)
(-0.0626286 0.276063 0.0750052)
(-0.0752354 0.276416 0.0875196)
(-0.0879086 0.276322 0.0749541)
(-0.0250727 0.274625 0.0624818)
(-0.037586 0.274658 0.0749938)
(-0.0125461 0.274395 0.0749869)
(-0.0250646 0.274549 0.0875071)
(0.0125184 0.274928 0.0249369)
(0.0375369 0.274987 0.0249504)
(0.0250555 0.274859 0.0374306)
(0.0250193 0.275049 0.0124418)
(0.0624957 0.275001 0.0250064)
(0.0749524 0.274992 0.0125485)
(0.0125408 0.274395 0.0749824)
(0.0250678 0.274624 0.0624764)
(0.0375844 0.274657 0.0749869)
(0.0250638 0.274548 0.0874993)
(0.0752203 0.275899 0.06243)
(0.062628 0.276061 0.0750015)
(0.075235 0.276415 0.0875165)
(0.0879081 0.276321 0.0749524)
(-0.0375274 -0.27623 0.124795)
(-0.0125208 -0.274863 0.125013)
(-0.0250451 -0.27476 0.112533)
(-0.0249387 -0.276029 0.13743)
(-0.0250056 -0.275063 0.162522)
(-0.0374816 -0.275036 0.174985)
(-0.0125024 -0.275142 0.175052)
(-0.0249964 -0.275103 0.187539)
(-0.0744691 -0.23725 0.174384)
(-0.0868106 -0.224857 0.1743)
(-0.0744287 -0.224926 0.186747)
(0.0626053 -0.27641 0.125039)
(0.0878277 -0.2759 0.125109)
(0.0751802 -0.275901 0.112542)
(0.0752878 -0.276196 0.137678)
(0.0250073 -0.275062 0.162521)
(0.0249966 -0.275103 0.187539)
(0.0125034 -0.275141 0.175052)
(0.037482 -0.275036 0.174985)
(0.0744679 -0.23725 0.174383)
(0.0868098 -0.224856 0.1743)
(0.0744281 -0.224926 0.186746)
(-0.0252234 -0.125374 0.1127)
(-0.0250904 -0.125448 0.137704)
(-0.0125893 -0.125408 0.125339)
(-0.0249843 -0.125339 0.162492)
(-0.0374203 -0.125315 0.174865)
(-0.0124875 -0.125199 0.174997)
(-0.0249612 -0.125186 0.187439)
(0.025223 -0.125373 0.1127)
(0.0125884 -0.125408 0.125339)
(0.02509 -0.125448 0.137704)
(0.0124875 -0.125199 0.174997)
(0.0249843 -0.125339 0.162492)
(0.0374205 -0.125314 0.174865)
(0.0249612 -0.125186 0.187439)
(-0.0125893 0.125408 0.125339)
(-0.0252234 0.125374 0.1127)
(-0.0250904 0.125448 0.137704)
(-0.0249843 0.125339 0.162492)
(-0.0374203 0.125315 0.174865)
(-0.0124875 0.125199 0.174997)
(-0.0249612 0.125186 0.187439)
(0.0249843 0.125339 0.162492)
(0.0249612 0.125186 0.187439)
(0.0124875 0.125199 0.174997)
(0.0374205 0.125314 0.174865)
(-0.0751975 0.2759 0.112551)
(-0.0626343 0.276408 0.12505)
(-0.0753129 0.276188 0.137685)
(-0.0878429 0.275894 0.125116)
(-0.0250451 0.27476 0.112533)
(-0.0375294 0.27623 0.124795)
(-0.0249429 0.276029 0.137431)
(-0.0125208 0.274863 0.125013)
(-0.0744287 0.224926 0.186747)
(-0.0744691 0.23725 0.174384)
(-0.0868106 0.224857 0.1743)
(-0.0250056 0.275063 0.162522)
(-0.0374816 0.275036 0.174985)
(-0.0125025 0.275142 0.175052)
(-0.0249964 0.275103 0.187539)
(0.0250494 0.27476 0.112527)
(0.0125272 0.274862 0.12501)
(0.0375295 0.276228 0.124793)
(0.0249432 0.276013 0.13743)
(0.0751978 0.275899 0.112548)
(0.0626341 0.276408 0.12505)
(0.0753113 0.276188 0.137687)
(0.087843 0.275893 0.125115)
(0.0744679 0.23725 0.174383)
(0.0868098 0.224856 0.1743)
(0.0744281 0.224926 0.186746)
(0.0125034 0.275141 0.175052)
(0.0250073 0.275062 0.162521)
(0.037482 0.275036 0.174985)
(0.0249965 0.275103 0.187539)
(-0.0872479 -0.224965 -0.0246929)
(-0.0748361 -0.224986 -0.0372608)
(-0.0748041 -0.237469 -0.0247382)
(-0.0622184 -0.224992 -0.0245789)
(-0.0746596 -0.212476 -0.0245144)
(-0.0253441 -0.225717 -0.0395678)
(-0.0250044 -0.237717 -0.0252211)
(0.0253456 -0.225718 -0.0395699)
(0.0250041 -0.237717 -0.0252212)
(0.0872471 -0.224964 -0.0246931)
(0.074835 -0.224986 -0.0372613)
(0.0748033 -0.237469 -0.0247383)
(0.0622162 -0.224991 -0.02458)
(0.0746577 -0.212475 -0.0245153)
(-0.0871787 -0.175059 -0.0246015)
(-0.0747625 -0.17501 -0.037145)
(-0.0754745 -0.187345 -0.0257999)
(-0.0620339 -0.175038 -0.0242728)
(-0.0746462 -0.162676 -0.0245163)
(-0.0249592 -0.175003 -0.0377043)
(0.0249604 -0.175004 -0.0377042)
(0.0871787 -0.175058 -0.0246014)
(0.0754746 -0.187345 -0.0257986)
(0.0747623 -0.175009 -0.0371449)
(0.0620339 -0.175037 -0.0242725)
(0.0746463 -0.162675 -0.0245159)
(-0.0871787 0.175059 -0.0246015)
(-0.0747625 0.17501 -0.037145)
(-0.0746462 0.162676 -0.0245163)
(-0.0620339 0.175038 -0.0242728)
(-0.0754757 0.187345 -0.0257991)
(-0.0249592 0.175003 -0.0377043)
(0.0249604 0.175004 -0.0377042)
(0.0871787 0.175058 -0.0246014)
(0.0747623 0.175009 -0.0371449)
(0.0746463 0.162675 -0.0245159)
(0.0620339 0.175037 -0.0242725)
(0.0754746 0.187345 -0.0257986)
(-0.0872479 0.224965 -0.0246929)
(-0.0748361 0.224986 -0.0372608)
(-0.0746596 0.212476 -0.0245144)
(-0.0622184 0.224991 -0.0245789)
(-0.0748041 0.237469 -0.0247382)
(-0.0253441 0.225717 -0.0395678)
(-0.0250044 0.237717 -0.0252211)
(0.0253456 0.225718 -0.0395699)
(0.0250041 0.237717 -0.0252212)
(0.0872471 0.224964 -0.0246931)
(0.0746577 0.212475 -0.0245154)
(0.074835 0.224986 -0.0372613)
(0.0622162 0.224991 -0.02458)
(0.0748033 0.237469 -0.0247383)
(-0.124815 -0.23751 0.0251262)
(-0.124743 -0.225036 0.0376783)
(-0.124565 -0.212493 0.025274)
(-0.125204 -0.225156 0.0625304)
(-0.125275 -0.237708 0.074999)
(-0.125556 -0.212614 0.0750004)
(-0.125504 -0.225202 0.0875015)
(0.124815 -0.237509 0.0251261)
(0.124565 -0.212492 0.0252737)
(0.124742 -0.225035 0.0376778)
(0.125203 -0.225155 0.0625284)
(0.125274 -0.237707 0.0749965)
(0.125555 -0.212613 0.0749968)
(0.125503 -0.225201 0.0874974)
(-0.125813 -0.187353 0.0246351)
(-0.124635 -0.162596 0.0252304)
(-0.124523 -0.175029 0.0377964)
(-0.127539 -0.187422 0.0748158)
(-0.125153 -0.175046 0.0625758)
(-0.125299 -0.162531 0.0750203)
(-0.125642 -0.175023 0.0875115)
(0.125153 -0.175044 0.0625753)
(0.125641 -0.175021 0.0875101)
(0.127537 -0.187421 0.0748138)
(0.125299 -0.162529 0.0750197)
(-0.124635 0.162596 0.0252304)
(-0.124523 0.175029 0.0377964)
(-0.125813 0.187353 0.0246351)
(-0.125153 0.175046 0.0625758)
(-0.125299 0.162531 0.0750204)
(-0.127539 0.187422 0.0748158)
(-0.125642 0.175023 0.0875115)
(0.124635 0.162596 0.0252309)
(0.125812 0.187352 0.0246353)
(0.124523 0.175028 0.0377966)
(0.125153 0.175044 0.0625753)
(0.125299 0.162529 0.0750197)
(0.127537 0.187421 0.0748138)
(0.125641 0.175021 0.0875101)
(-0.124565 0.212493 0.025274)
(-0.124815 0.23751 0.0251262)
(-0.124743 0.225036 0.0376783)
(-0.125556 0.212614 0.0750004)
(-0.125204 0.225156 0.0625304)
(-0.125275 0.237709 0.074999)
(-0.125504 0.225202 0.0875015)
(0.125203 0.225155 0.0625284)
(0.125503 0.225201 0.0874974)
(0.125555 0.212613 0.0749968)
(0.125274 0.237707 0.0749965)
(-0.125173 -0.225162 0.11246)
(-0.124946 -0.237585 0.12492)
(-0.12468 -0.225085 0.137282)
(-0.124825 -0.212645 0.124821)
(0.124946 -0.237584 0.124919)
(0.124825 -0.212644 0.12482)
(0.125173 -0.22516 0.112458)
(0.124679 -0.225084 0.137281)
(-0.125233 -0.175085 0.112469)
(-0.126793 -0.187475 0.125361)
(-0.124933 -0.162654 0.12491)
(-0.12471 -0.17514 0.137294)
(-0.125233 0.175085 0.112469)
(-0.124933 0.162654 0.12491)
(-0.12471 0.17514 0.137294)
(-0.126816 0.187473 0.125367)
(0.124933 0.162653 0.12491)
(0.126815 0.187472 0.125366)
(0.125232 0.175084 0.112468)
(0.12471 0.175139 0.137294)
(-0.125173 0.225162 0.11246)
(-0.124825 0.212645 0.124821)
(-0.124946 0.237585 0.12492)
(-0.12468 0.225085 0.137282)
(-4.63361e-07 -0.275034 0.0124318)
(0.0125072 -0.275106 -7.54329e-05)
(-0.012508 -0.275106 -7.53607e-05)
(-0.0997643 -0.212481 -0.024738)
(-0.100587 -0.187383 -0.025689)
(-0.0880119 -0.200059 -0.025654)
(0.0997637 -0.212481 -0.0247382)
(0.100608 -0.187382 -0.0256701)
(0.0880164 -0.200059 -0.0256496)
(-0.0872941 -0.125242 0.00019794)
(-0.099795 -0.125216 0.0126674)
(0.0872947 -0.125242 0.00019878)
(0.0997956 -0.125216 0.0126683)
(-0.0872941 0.125242 0.00019794)
(-0.099795 0.125216 0.0126674)
(0.0997956 0.125216 0.0126683)
(0.0872947 0.125242 0.000198781)
(-0.100607 0.187382 -0.0256709)
(-0.0997643 0.212481 -0.024738)
(-0.0880135 0.200059 -0.0256528)
(0.100607 0.187382 -0.0256708)
(0.0997637 0.212481 -0.0247382)
(0.0880147 0.200059 -0.025651)
(-4.74547e-07 0.275034 0.0124318)
(-0.012508 0.275106 -7.53595e-05)
(0.0125072 0.275106 -7.5434e-05)
(-0.0879059 -0.276344 0.100055)
(-0.100046 -0.275072 0.112497)
(-0.100093 -0.275115 0.0875002)
(0.0125303 -0.274548 0.100003)
(1.99468e-06 -0.274715 0.112503)
(-1.26076e-06 -0.274327 0.0874773)
(-0.012529 -0.274548 0.100007)
(0.100046 -0.275071 0.112496)
(0.0879048 -0.276343 0.100053)
(0.100093 -0.275114 0.0874986)
(-0.127546 -0.200147 0.087516)
(-0.125542 -0.212624 0.100004)
(-0.127582 -0.187442 0.100231)
(-0.127091 -0.200239 0.112804)
(0.127579 -0.187441 0.100228)
(0.127097 -0.200237 0.112803)
(0.127544 -0.200145 0.0875117)
(0.125542 -0.212623 0.0999999)
(-0.127546 0.200147 0.0875161)
(-0.12758 0.187442 0.100231)
(-0.125542 0.212624 0.100004)
(-0.127097 0.200239 0.112805)
(0.125542 0.212623 0.0999999)
(0.127097 0.200237 0.112803)
(0.127544 0.200145 0.0875117)
(0.127579 0.187441 0.100228)
(-0.0879059 0.276344 0.100055)
(-0.100094 0.275115 0.0875002)
(-0.100046 0.275072 0.112497)
(-1.26194e-06 0.274327 0.0874773)
(-0.012529 0.274548 0.100007)
(0.0125303 0.274548 0.100003)
(1.99355e-06 0.274715 0.112503)
(0.0879055 0.276343 0.100053)
(0.100093 0.275114 0.0874986)
(0.100046 0.275071 0.112496)
(0.0124978 -0.275106 0.200054)
(1.13411e-07 -0.27514 0.187567)
(-0.0124978 -0.275107 0.200055)
(-0.0995969 -0.224985 0.187082)
(-0.0871519 -0.225001 0.199565)
(0.0995966 -0.224985 0.187082)
(0.0871517 -0.225001 0.199565)
(-5.24784e-08 -0.125112 0.187517)
(-0.0124866 -0.125099 0.200003)
(0.0124866 -0.125099 0.200003)
(0.0124866 0.125099 0.200003)
(-5.43025e-08 0.125112 0.187517)
(-0.0124866 0.125099 0.200003)
(-0.0871519 0.225001 0.199565)
(-0.0995969 0.224985 0.187082)
(0.0995965 0.224985 0.187082)
(0.0871517 0.225001 0.199565)
(-1.17498e-08 0.27514 0.187567)
(-0.0124979 0.275107 0.200055)
(0.0124977 0.275106 0.200054)
(-0.0500522 -0.274932 0.0374595)
(-0.0625548 -0.274922 0.0499742)
(-0.0375932 -0.274792 0.0499417)
(-0.0500835 -0.274774 0.062471)
(0.0500514 -0.274932 0.0374584)
(0.037591 -0.274792 0.0499387)
(0.0625542 -0.274921 0.0499727)
(0.0500822 -0.274773 0.0624671)
(-0.0500522 0.274932 0.0374595)
(-0.0625548 0.274922 0.0499742)
(-0.0375932 0.274792 0.0499417)
(-0.0500835 0.274774 0.062471)
(0.0500514 0.274932 0.0374584)
(0.037591 0.274792 0.0499387)
(0.0625542 0.274921 0.0499727)
(0.0500822 0.274773 0.0624671)
(-0.050168 -0.277023 0.137629)
(-0.0627346 -0.27616 0.150209)
(-0.0375916 -0.276434 0.150126)
(-0.0501877 -0.276174 0.162786)
(0.0501644 -0.277022 0.137631)
(0.0375918 -0.27643 0.150126)
(0.0627208 -0.276175 0.150233)
(0.0501857 -0.276172 0.162788)
(-0.050168 0.277023 0.137629)
(-0.0627346 0.27616 0.150209)
(-0.0375916 0.276434 0.150126)
(-0.0501877 0.276174 0.162786)
(0.0501659 0.277022 0.137632)
(0.0375918 0.27643 0.150126)
(0.0627216 0.276175 0.150233)
(0.0501857 0.276172 0.162788)
(-0.0499977 -0.275033 0.0124955)
(-0.0375019 -0.275068 -2.49757e-05)
(-0.0875199 -0.275036 0.0500037)
(-0.100053 -0.275079 0.0624994)
(0.0499976 -0.275033 0.0124955)
(0.0375016 -0.275067 -2.50119e-05)
(0.0624607 -0.275009 4.15562e-05)
(-0.0125094 -0.25022 -0.025214)
(-7.67204e-08 -0.237816 -0.025455)
(0.0125087 -0.25022 -0.0252141)
(-1.4525e-06 -0.274805 0.0374432)
(0.0125257 -0.274699 0.0499499)
(-0.0125306 -0.2747 0.049952)
(-3.43597e-06 -0.274483 0.0624617)
(0.0875196 -0.275035 0.0500031)
(0.100052 -0.275078 0.0624984)
(-0.0629037 -0.200002 -0.0258692)
(-0.0997837 -0.162593 -0.0247608)
(-0.0872689 -0.150156 -0.0247233)
(-0.124856 -0.212573 0.0501623)
(-0.126146 -0.200067 0.037181)
(-0.127021 -0.200181 0.0622402)
(-0.126563 -0.187358 0.0497214)
(0.0629011 -0.2 -0.0258709)
(-1.89518e-08 -0.137489 -0.0251368)
(0.0997839 -0.162593 -0.0247605)
(0.0872692 -0.150156 -0.0247229)
(0.126145 -0.200066 0.0371804)
(0.126562 -0.187356 0.0497212)
(0.124855 -0.212572 0.0501611)
(0.127021 -0.20018 0.0622386)
(-0.0997837 0.162593 -0.0247608)
(-0.0872689 0.150156 -0.0247233)
(-1.91612e-08 0.137489 -0.0251368)
(0.0997839 0.162593 -0.0247605)
(0.0872692 0.150156 -0.0247229)
(-0.0629037 0.200002 -0.0258692)
(-0.126563 0.187358 0.0497214)
(-0.126146 0.200067 0.037181)
(-0.127021 0.200181 0.0622402)
(-0.124856 0.212573 0.0501623)
(0.0629011 0.2 -0.0258709)
(-0.0125094 0.25022 -0.025214)
(-8.41261e-08 0.237816 -0.025455)
(0.0125087 0.25022 -0.0252141)
(0.126145 0.200066 0.0371804)
(0.124855 0.212572 0.0501611)
(0.126562 0.187356 0.0497212)
(0.127021 0.20018 0.0622385)
(-0.0499977 0.275033 0.0124955)
(-0.0375019 0.275068 -2.49742e-05)
(-0.0875199 0.275036 0.0500037)
(-0.100053 0.275079 0.0624994)
(0.0499976 0.275033 0.0124955)
(0.0375016 0.275067 -2.50127e-05)
(0.0624607 0.275009 4.1556e-05)
(-0.0125306 0.2747 0.049952)
(-1.45841e-06 0.274805 0.0374432)
(-3.43787e-06 0.274483 0.0624617)
(0.0125257 0.274699 0.0499499)
(0.0875196 0.275035 0.0500031)
(0.100052 0.275078 0.0624984)
(-0.0625855 -0.276085 0.100043)
(-0.0499651 -0.275974 0.112395)
(-0.0501049 -0.274748 0.0875084)
(-0.0375915 -0.274718 0.10004)
(-0.125218 -0.250194 0.0874997)
(-0.125262 -0.237704 0.0999988)
(-0.125085 -0.250125 0.112481)
(-0.0874316 -0.274973 0.149939)
(-0.0999566 -0.275005 0.13746)
(0.0375942 -0.274717 0.100032)
(0.0499625 -0.275973 0.112389)
(0.0501055 -0.274747 0.0875006)
(0.0625814 -0.276084 0.100038)
(4.15211e-06 -0.274967 0.137513)
(0.0125184 -0.275035 0.150022)
(-0.0125131 -0.275036 0.150023)
(1.4733e-06 -0.275137 0.162543)
(0.125085 -0.250124 0.112479)
(0.125217 -0.250193 0.0874975)
(0.125262 -0.237703 0.0999963)
(0.0999565 -0.275005 0.137459)
(0.0874316 -0.274973 0.149939)
(-0.1252 -0.150019 0.0875057)
(-0.125321 -0.162542 0.100002)
(-0.12505 -0.150099 0.112471)
(-0.124457 -0.212627 0.149652)
(-0.126338 -0.20029 0.137908)
(-0.127028 -0.187405 0.150919)
(0.125321 -0.162541 0.100001)
(0.12505 -0.150098 0.11247)
(0.1252 -0.150018 0.0875052)
(0.126366 -0.200291 0.137919)
(0.127084 -0.187399 0.150946)
(0.124457 -0.212626 0.149652)
(-0.0125264 -0.125354 0.150147)
(-4.23288e-07 -0.125377 0.137798)
(-1.22629e-07 -0.125245 0.16256)
(0.012526 -0.125354 0.150147)
(-0.1252 0.150019 0.0875057)
(-0.125321 0.162542 0.100002)
(-0.12505 0.150099 0.112471)
(-4.8586e-07 0.125377 0.137798)
(0.012526 0.125354 0.150147)
(-0.0125264 0.125354 0.150147)
(-1.26541e-07 0.125245 0.16256)
(0.12505 0.150098 0.11247)
(0.1252 0.150018 0.0875052)
(0.125321 0.162541 0.100001)
(-0.125218 0.250194 0.0874997)
(-0.125262 0.237704 0.0999988)
(-0.125085 0.250125 0.112481)
(-0.127084 0.187399 0.150946)
(-0.126365 0.200291 0.137919)
(-0.124457 0.212627 0.149652)
(0.125262 0.237703 0.0999963)
(0.125085 0.250124 0.112479)
(0.125217 0.250193 0.0874975)
(0.126366 0.200291 0.137919)
(0.124457 0.212626 0.149652)
(0.127084 0.187399 0.150946)
(-0.0501049 0.274748 0.0875083)
(-0.0625855 0.276085 0.100043)
(-0.0375915 0.274718 0.10004)
(-0.0499651 0.275974 0.112395)
(-0.0874316 0.274973 0.149939)
(-0.0999566 0.275005 0.13746)
(0.0501055 0.274747 0.0875006)
(0.0375942 0.274717 0.100032)
(0.0625822 0.276084 0.100038)
(0.0499633 0.275973 0.11239)
(-0.0125131 0.275036 0.150023)
(4.14675e-06 0.274967 0.137513)
(1.44229e-06 0.275137 0.162543)
(0.0125184 0.275035 0.150022)
(0.0874316 0.274973 0.149939)
(0.0999565 0.275005 0.137459)
(-0.0871659 -0.249859 0.174667)
(-0.099576 -0.237393 0.174615)
(-0.0747347 -0.249905 0.187159)
(-0.0747071 -0.237456 0.199593)
(0.0871654 -0.249859 0.174667)
(0.0995755 -0.237393 0.174615)
(0.0747341 -0.249905 0.187159)
(0.0747068 -0.237456 0.199593)
(-0.0498944 -0.125238 0.187341)
(-0.0374422 -0.125164 0.199905)
(-0.062399 -0.125166 0.199862)
(0.0498946 -0.125237 0.187341)
(0.0374423 -0.125164 0.199905)
(0.0623992 -0.125166 0.199861)
(-0.0498943 0.125238 0.187341)
(-0.0374422 0.125164 0.199905)
(-0.062399 0.125166 0.199862)
(0.0374423 0.125164 0.199905)
(0.0498946 0.125237 0.187341)
(0.0623992 0.125166 0.199861)
(-0.0871659 0.249859 0.174667)
(-0.099576 0.237393 0.174615)
(-0.0747072 0.237456 0.199593)
(-0.0747347 0.249905 0.187159)
(0.0871654 0.249859 0.174667)
(0.0995755 0.237393 0.174615)
(0.0747341 0.249905 0.187159)
(0.0747068 0.237456 0.199593)
(-0.0623809 -0.250007 -0.0248425)
(-0.0374723 -0.2501 -0.0250176)
(-0.0498711 -0.237558 -0.0248302)
(0.0374717 -0.2501 -0.0250178)
(0.0623802 -0.250006 -0.0248426)
(0.0498696 -0.237557 -0.0248309)
(-0.0621845 -0.150255 -0.024538)
(-0.0498616 -0.137692 -0.0247829)
(0.0621846 -0.150255 -0.0245376)
(0.0498617 -0.137692 -0.0247828)
(-0.0621845 0.150255 -0.024538)
(-0.0498616 0.137692 -0.0247829)
(0.0621846 0.150255 -0.0245376)
(0.0498617 0.137692 -0.0247828)
(-0.0498711 0.237558 -0.0248303)
(-0.0623809 0.250007 -0.0248425)
(-0.0374724 0.2501 -0.0250177)
(0.0498696 0.237557 -0.0248309)
(0.0374717 0.2501 -0.0250178)
(0.0623802 0.250006 -0.0248427)
(-0.124922 -0.250036 0.0375661)
(-0.124985 -0.237585 0.0500604)
(-0.125105 -0.250133 0.0625117)
(0.124922 -0.250035 0.0375658)
(0.124985 -0.237584 0.0500595)
(0.125105 -0.250132 0.0625104)
(-0.124728 -0.150139 0.03767)
(-0.124813 -0.16262 0.0501494)
(-0.125009 -0.150087 0.0625528)
(0.124728 -0.150139 0.0376703)
(0.124813 -0.162619 0.0501494)
(0.125009 -0.150086 0.0625527)
(-0.124728 0.150139 0.03767)
(-0.124813 0.16262 0.0501494)
(-0.125009 0.150087 0.0625528)
(0.124728 0.150139 0.0376703)
(0.124813 0.162619 0.0501494)
(0.125009 0.150086 0.0625527)
(-0.124922 0.250036 0.0375661)
(-0.124985 0.237585 0.0500604)
(-0.125105 0.250133 0.0625117)
(0.124922 0.250036 0.0375658)
(0.124985 0.237584 0.0500595)
(0.125105 0.250132 0.0625104)
(-0.124884 -0.250032 0.13741)
(-0.124757 -0.237525 0.149833)
(0.124884 -0.250032 0.13741)
(0.124756 -0.237524 0.149833)
(-0.124841 -0.150168 0.137385)
(-0.124755 -0.162655 0.149825)
(0.124841 -0.150168 0.137385)
(0.124755 -0.162654 0.149825)
(-0.124841 0.150168 0.137385)
(-0.124755 0.162655 0.149825)
(0.124841 0.150168 0.137385)
(0.124755 0.162654 0.149825)
(-0.124884 0.250032 0.13741)
(-0.124757 0.237525 0.149833)
(0.124884 0.250032 0.13741)
(0.124756 0.237524 0.149833)
(-0.0624005 -0.224999 -0.0498519)
(-0.0378983 -0.22555 -0.0517865)
(-0.0498682 -0.225024 -0.0373186)
(0.037899 -0.225551 -0.0517888)
(0.0623998 -0.224999 -0.0498524)
(0.049867 -0.225024 -0.0373193)
(-0.0623511 -0.174998 -0.0497698)
(-0.0374179 -0.175009 -0.0499391)
(-0.0497678 -0.17501 -0.0371454)
(-0.0249701 -0.162518 -0.0500738)
(-0.0249601 -0.150052 -0.0375509)
(0.0374182 -0.175009 -0.0499391)
(0.0623509 -0.174998 -0.0497697)
(0.0497678 -0.17501 -0.0371453)
(0.0249705 -0.162518 -0.0500738)
(0.0249603 -0.150052 -0.037551)
(-0.0249701 0.162518 -0.0500738)
(-0.0249601 0.150052 -0.0375509)
(-0.0623511 0.174998 -0.0497698)
(-0.0374179 0.175009 -0.0499391)
(-0.0497678 0.17501 -0.0371454)
(0.0249705 0.162518 -0.0500738)
(0.0249603 0.150052 -0.037551)
(0.0374182 0.175009 -0.0499391)
(0.0623509 0.174998 -0.0497697)
(0.0497678 0.17501 -0.0371453)
(-0.0624005 0.224999 -0.049852)
(-0.0378983 0.22555 -0.0517865)
(-0.0498683 0.225024 -0.0373187)
(0.037899 0.225551 -0.0517888)
(0.0623998 0.224999 -0.0498524)
(0.0498671 0.225024 -0.0373194)
(-0.0755857 -0.187373 -0.0511616)
(-0.0748842 -0.21249 -0.0498242)
(-0.0756315 -0.200055 -0.0386833)
(-0.012777 -0.226029 -0.0531375)
(1.20313e-06 -0.226297 -0.0413595)
(0.0127793 -0.226031 -0.0531455)
(-0.0253019 -0.212858 -0.0520152)
(-0.0256903 -0.200202 -0.0418282)
(-0.0254159 -0.187298 -0.0530238)
(0.0254165 -0.187299 -0.0530184)
(0.0253037 -0.212859 -0.0520173)
(0.0256932 -0.200205 -0.0418303)
(0.0124953 -0.174989 -0.050271)
(-0.0124938 -0.174989 -0.050271)
(1.48365e-06 -0.174967 -0.0381284)
(0.0748836 -0.21249 -0.0498245)
(0.0756305 -0.200054 -0.0386842)
(0.0755836 -0.187373 -0.0511584)
(-0.0748843 0.21249 -0.0498242)
(-0.0755857 0.187373 -0.0511616)
(-0.0756315 0.200055 -0.0386833)
(-0.0124938 0.174989 -0.050271)
(1.48615e-06 0.174967 -0.0381284)
(0.0124953 0.174989 -0.050271)
(-0.0254159 0.187298 -0.0530238)
(-0.0256903 0.200202 -0.0418282)
(-0.0253019 0.212858 -0.0520152)
(0.0253037 0.212859 -0.0520173)
(0.0254165 0.187299 -0.0530184)
(0.0256932 0.200205 -0.0418303)
(0.0127793 0.226031 -0.0531455)
(-0.012777 0.226029 -0.0531375)
(1.19111e-06 0.226297 -0.0413595)
(0.0755836 0.187373 -0.0511584)
(0.0756306 0.200054 -0.0386842)
(0.0748836 0.21249 -0.0498246)
(0.0252396 0.125254 0.0875353)
(-0.0252399 -0.125254 0.087535)
(0.0252397 -0.125254 0.0875352)
(-0.0252399 0.125254 0.0875351)
(-0.0623098 -0.125347 0.174767)
(0.0623103 -0.125347 0.174767)
(-0.0623098 0.125347 0.174767)
(0.0623103 0.125347 0.174767)
(-0.0249543 -0.137596 -0.0249874)
(0.0249543 -0.137595 -0.0249875)
(-0.0249543 0.137596 -0.0249874)
(0.0249543 0.137595 -0.0249875)
(-0.0749962 -0.0500059 -0.0499953)
(-0.0249985 -0.0500048 -0.049998)
(0.0249985 -0.0500048 -0.049998)
(0.0749962 -0.0500059 -0.0499953)
(-0.0749962 0.0500059 -0.0499953)
(-0.0249985 0.0500048 -0.049998)
(0.0249985 0.0500048 -0.049998)
(0.0749962 0.0500059 -0.0499953)
(-0.0873033 -0.125257 0.174805)
(-0.0748495 -0.12522 0.187319)
(0.0873036 -0.125257 0.174804)
(0.0748498 -0.12522 0.187319)
(-0.0748495 0.12522 0.187319)
(-0.0873033 0.125257 0.174805)
(0.0873036 0.125257 0.174804)
(0.0748498 0.12522 0.187319)
(-0.0374364 -0.125122 -0.024908)
(-0.0124878 -0.125028 -0.0250385)
(0.0124877 -0.125028 -0.0250385)
(0.0374364 -0.125122 -0.0249081)
(-0.0374364 0.125122 -0.024908)
(-0.0124878 0.125028 -0.0250385)
(0.0124877 0.125028 -0.0250385)
(0.0374364 0.125122 -0.0249081)
(-0.150618 -0.250392 -0.201179)
(-0.0502855 -0.250444 -0.201511)
(0.0502931 -0.250445 -0.201512)
(0.150624 -0.250392 -0.201176)
(-0.15 -0.15 -0.2)
(-0.0499995 -0.15 -0.2)
(0.0499995 -0.15 -0.2)
(0.15 -0.15 -0.2)
(-0.0499999 -0.0500001 -0.2)
(0.0499999 -0.0500001 -0.2)
(-0.0499999 0.0500001 -0.2)
(0.0499999 0.0500001 -0.2)
(-0.15 0.15 -0.2)
(-0.0499995 0.15 -0.2)
(0.0499995 0.15 -0.2)
(0.15 0.15 -0.2)
(-0.150616 0.250391 -0.201176)
(-0.0502855 0.250444 -0.201511)
(0.0502855 0.250445 -0.201513)
(0.150616 0.250392 -0.201177)
(-0.15 -0.3 -0.15)
(-0.15 -0.35 -0.0999998)
(-0.0499997 -0.3 -0.15)
(-0.0499998 -0.35 -0.1)
(0.0499997 -0.3 -0.15)
(0.0499998 -0.35 -0.1)
(0.15 -0.3 -0.15)
(0.15 -0.35 -0.0999998)
(-0.2 -0.25 -0.15)
(-0.25 -0.25 -0.0999998)
(-0.0999989 -0.25 -0.149999)
(-0.150737 -0.200094 -0.151172)
(-3.13746e-07 -0.25095 -0.152795)
(-0.0503539 -0.200147 -0.151594)
(-0.0757086 -0.225409 -0.101763)
(-0.0252501 -0.22535 -0.101699)
(0.0999989 -0.25 -0.149999)
(0.0503605 -0.200147 -0.151594)
(0.0252541 -0.225355 -0.101699)
(0.0749892 -0.225 -0.0999864)
(0.2 -0.25 -0.15)
(0.150742 -0.200094 -0.151169)
(0.25 -0.25 -0.0999998)
(-0.2 -0.15 -0.15)
(-0.25 -0.15 -0.0999998)
(-0.0999982 -0.150001 -0.149998)
(-0.15 -0.1 -0.15)
(7.32428e-09 -0.15 -0.150003)
(-0.0499992 -0.100001 -0.149999)
(-0.074985 -0.175002 -0.09998)
(-0.0249932 -0.175 -0.100014)
(-0.024997 -0.125003 -0.100001)
(0.0999982 -0.150001 -0.149998)
(0.0499992 -0.100001 -0.149999)
(0.0249933 -0.175 -0.100014)
(0.074985 -0.175002 -0.0999801)
(0.024997 -0.125003 -0.100001)
(0.2 -0.15 -0.15)
(0.15 -0.1 -0.15)
(0.25 -0.15 -0.0999998)
(-0.0999997 -0.0500002 -0.15)
(-0.15 -0.0500004 -0.0999995)
(2.40619e-10 -0.0500002 -0.15)
(-0.0499999 -3.83606e-13 -0.15)
(0.0999997 -0.0500002 -0.15)
(0.0499999 -1.29952e-11 -0.15)
(0.15 -0.0500004 -0.0999995)
(-0.0999997 0.0500002 -0.15)
(-0.15 0.1 -0.15)
(-0.15 0.0500004 -0.0999995)
(2.36261e-10 0.0500002 -0.15)
(-0.0499992 0.100001 -0.149999)
(0.0999997 0.0500002 -0.15)
(0.0499992 0.100001 -0.149999)
(0.15 0.1 -0.15)
(0.15 0.0500004 -0.0999995)
(-0.2 0.15 -0.15)
(-0.25 0.15 -0.0999998)
(-0.0999982 0.150001 -0.149998)
(-0.150735 0.200094 -0.151168)
(7.31727e-09 0.15 -0.150003)
(-0.0503539 0.200147 -0.151594)
(-0.024997 0.125003 -0.100001)
(-0.074985 0.175002 -0.0999801)
(-0.0249932 0.175 -0.100014)
(0.0999982 0.150001 -0.149998)
(0.0503547 0.200147 -0.151595)
(0.024997 0.125003 -0.100001)
(0.0249933 0.175 -0.100014)
(0.074985 0.175002 -0.0999801)
(0.2 0.15 -0.15)
(0.150735 0.200094 -0.151169)
(0.25 0.15 -0.0999998)
(-0.2 0.25 -0.15)
(-0.25 0.25 -0.0999998)
(-0.0999989 0.25 -0.149999)
(-0.15 0.3 -0.15)
(-3.14162e-07 0.25095 -0.152795)
(-0.0499997 0.3 -0.15)
(-0.0757086 0.225409 -0.101763)
(-0.0252501 0.22535 -0.101699)
(0.0999989 0.25 -0.149999)
(0.0499997 0.3 -0.15)
(0.0252541 0.225355 -0.101699)
(0.0749892 0.225 -0.0999864)
(0.2 0.25 -0.15)
(0.15 0.3 -0.15)
(0.25 0.25 -0.0999998)
(-0.15 0.35 -0.0999998)
(-0.0499998 0.35 -0.1)
(0.0499998 0.35 -0.1)
(0.15 0.35 -0.0999998)
(-0.15 -0.4 -0.0499999)
(-0.05 -0.4 -0.05)
(0.05 -0.4 -0.05)
(0.15 -0.4 -0.0499999)
(-0.2 -0.35 -0.0499999)
(-0.25 -0.3 -0.0499998)
(-0.0999994 -0.35 -0.0499994)
(-0.15 -0.35 4.6646e-07)
(-5.36124e-09 -0.350002 -0.0500011)
(-0.0749895 -0.300001 -0.0249889)
(-0.025 -0.300021 -0.0250126)
(0.0999994 -0.35 -0.0499994)
(0.0249999 -0.300021 -0.0250126)
(0.0749894 -0.3 -0.0249888)
(0.2 -0.35 -0.0499999)
(0.15 -0.35 4.66201e-07)
(0.25 -0.3 -0.0499998)
(-0.3 -0.25 -0.0499999)
(-0.251225 -0.20006 -0.0506057)
(-0.249999 -0.25 9.51676e-07)
(-0.0749851 -0.25 -0.0749815)
(-0.0749838 -0.275001 -0.0499811)
(0.025283 -0.250869 -0.0765392)
(0.0249982 -0.275026 -0.0500196)
(0.3 -0.25 -0.0499999)
(0.251225 -0.20006 -0.0506055)
(0.249999 -0.25 9.47502e-07)
(-0.3 -0.15 -0.0499998)
(-0.25 -0.1 -0.0499997)
(-0.249998 -0.150001 1.38372e-06)
(-0.0756794 -0.200033 -0.0764031)
(-0.049961 -0.175003 -0.074955)
(-0.0749699 -0.150016 -0.0749593)
(-0.0999717 -0.175004 -0.0749635)
(-0.0631485 -0.187335 -0.051562)
(0.0255183 -0.200034 -0.0787827)
(2.68874e-07 -0.174996 -0.0750922)
(0.0499611 -0.175003 -0.074955)
(0.0249892 -0.150008 -0.0750147)
(0.0374318 -0.162538 -0.0499454)
(0.0127796 -0.187301 -0.0532462)
(0.0380028 -0.187315 -0.0523505)
(0.0124933 -0.162495 -0.050194)
(0.0999717 -0.175004 -0.0749635)
(0.124956 -0.175007 -0.049954)
(0.3 -0.15 -0.0499998)
(0.25 -0.1 -0.0499997)
(0.249998 -0.150001 1.38257e-06)
(-0.2 -0.0500004 -0.0499996)
(-0.149999 5.89765e-11 -0.0499994)
(-0.149998 -0.0500027 1.93398e-06)
(-0.0999869 -0.0750173 -0.024986)
(-0.0749913 -0.0750123 -0.0499892)
(0.0249963 -0.100007 -0.0749987)
(0.0249966 -0.0750091 -0.0499965)
(0.2 -0.0500004 -0.0499996)
(0.149999 5.8274e-11 -0.0499994)
(0.149998 -0.0500027 1.94258e-06)
(0.0999869 -0.0750173 -0.024986)
(-0.2 0.0500004 -0.0499996)
(-0.25 0.1 -0.0499997)
(-0.149998 0.0500027 1.93358e-06)
(-0.0999869 0.0750173 -0.024986)
(0.2 0.0500004 -0.0499996)
(0.149998 0.0500027 1.94216e-06)
(0.0999869 0.0750173 -0.024986)
(0.25 0.1 -0.0499997)
(-0.3 0.15 -0.0499998)
(-0.251217 0.200059 -0.0506019)
(-0.249998 0.150001 1.38371e-06)
(-0.0499859 0.125014 -0.0749831)
(-0.0749699 0.150016 -0.0749593)
(-0.0749543 0.125043 -0.0499403)
(2.26184e-08 0.125004 -0.0750141)
(0.0499859 0.125014 -0.0749831)
(0.0249892 0.150008 -0.0750147)
(0.0249963 0.100007 -0.0749987)
(0.3 0.15 -0.0499998)
(0.251217 0.200059 -0.0506017)
(0.249998 0.150001 1.38258e-06)
(-0.3 0.25 -0.0499999)
(-0.25 0.3 -0.0499998)
(-0.249999 0.25 9.51682e-07)
(-0.0756794 0.200033 -0.0764031)
(-0.0504783 0.225461 -0.076637)
(-0.0749851 0.25 -0.0749815)
(-0.0999788 0.224998 -0.0749733)
(-0.0623754 0.212492 -0.0498087)
(0.0255183 0.200034 -0.0787827)
(3.19698e-07 0.225851 -0.0782338)
(0.0504842 0.225469 -0.0766356)
(0.025283 0.250869 -0.0765392)
(0.0127897 0.213058 -0.0533676)
(0.0378858 0.212876 -0.051816)
(0.0999787 0.224998 -0.0749733)
(0.124966 0.224996 -0.0499645)
(0.3 0.25 -0.0499999)
(0.25 0.3 -0.0499998)
(0.249999 0.25 9.475e-07)
(-0.2 0.35 -0.0499999)
(-0.0999994 0.35 -0.0499994)
(-0.15 0.4 -0.0499999)
(-0.15 0.35 4.66465e-07)
(-5.41336e-09 0.350002 -0.0500011)
(-0.05 0.4 -0.05)
(-0.0749895 0.300001 -0.0249889)
(-0.025 0.300021 -0.0250126)
(0.0999994 0.35 -0.0499994)
(0.05 0.4 -0.05)
(0.0249999 0.300021 -0.0250126)
(0.0749894 0.3 -0.0249888)
(0.2 0.35 -0.0499999)
(0.15 0.4 -0.0499999)
(0.15 0.35 4.66199e-07)
(-0.150345 -0.400731 0.0499358)
(0.150344 -0.400732 0.049937)
(-0.2 -0.35 0.0500001)
(-0.25 -0.3 0.0500002)
(-0.150001 -0.350001 0.0999999)
(-0.124993 -0.300003 0.0250074)
(-0.175005 -0.300006 0.0750003)
(-0.125017 -0.300021 0.0750004)
(0.2 -0.35 0.0500001)
(0.124993 -0.300003 0.0250073)
(0.150001 -0.350001 0.0999999)
(0.125017 -0.300021 0.0750001)
(0.175005 -0.300006 0.0750002)
(0.25 -0.3 0.0500002)
(-0.3 -0.25 0.0500002)
(-0.25 -0.200001 0.0500019)
(-0.250002 -0.250002 0.0999997)
(-0.200005 -0.275005 0.0750004)
(-0.200016 -0.22501 0.0750022)
(-0.149988 -0.275005 0.0250117)
(-0.175002 -0.275007 0.0500031)
(0.0125119 -0.275041 0.0124318)
(0.149988 -0.275005 0.0250117)
(0.125007 -0.275032 0.0500108)
(0.124969 -0.274996 2.62507e-05)
(0.11239 -0.250045 0.0375879)
(0.3 -0.25 0.0500002)
(0.25 -0.200001 0.0500019)
(0.250002 -0.250002 0.0999996)
(0.200005 -0.275005 0.0750003)
(0.200016 -0.22501 0.0750021)
(-0.3 -0.15 0.0500004)
(-0.25 -0.100001 0.0500005)
(-0.250002 -0.150001 0.0999998)
(-0.200017 -0.175006 0.0750037)
(-0.200003 -0.125003 0.0750015)
(-0.174988 -0.17501 0.0500253)
(-0.0874255 -0.200179 0.012437)
(-0.0876624 -0.187347 -0.000245343)
(-0.100168 -0.187317 0.012334)
(-0.0863868 -0.175192 0.013388)
(0.100175 -0.187316 0.0123454)
(0.113015 -0.187295 0.0247856)
(0.3 -0.15 0.0500003)
(0.25 -0.100001 0.0500005)
(0.250002 -0.150001 0.0999998)
(0.200017 -0.175006 0.0750036)
(0.200003 -0.125003 0.0750015)
(-0.2 -0.0500008 0.0500005)
(-0.099979 -0.0750347 0.0250169)
(-0.149999 8.3234e-11 0.0500006)
(-0.15 -0.0500027 0.0999997)
(-0.124962 -0.10004 0.0250273)
(-0.175002 -0.100005 0.0750016)
(-0.125 -0.100024 0.0750052)
(-0.0999986 -0.0750256 0.0750032)
(-0.0499918 -0.0750561 0.0250101)
(-0.0749927 -0.0500215 0.0250071)
(-0.0749925 -0.0750491 0.0500083)
(-0.0749779 -0.075041 2.37465e-05)
(-6.615e-09 -0.0750359 0.0249943)
(0.0499918 -0.075056 0.0250101)
(0.025 -0.0500194 0.025)
(0.0250111 -0.0750483 0.0499893)
(0.0249948 -0.0750315 6.80832e-06)
(0.2 -0.0500008 0.0500005)
(0.149999 6.37741e-11 0.0500006)
(0.15 -0.0500027 0.0999997)
(0.124962 -0.10004 0.0250274)
(0.125 -0.100024 0.0750051)
(0.175002 -0.100005 0.0750016)
(0.099979 -0.0750346 0.025017)
(0.0999986 -0.0750254 0.0750032)
(-0.2 0.0500008 0.0500005)
(-0.25 0.100001 0.0500005)
(-0.15 0.0500027 0.0999997)
(-0.099979 0.0750347 0.0250169)
(-0.0999986 0.0750256 0.0750032)
(-0.124962 0.10004 0.0250273)
(-0.175002 0.100005 0.0750016)
(-0.125 0.100024 0.0750052)
(-0.0749927 0.0500215 0.0250071)
(0.025 0.0500194 0.025)
(0.2 0.0500008 0.0500005)
(0.124962 0.10004 0.0250274)
(0.15 0.0500027 0.0999997)
(0.099979 0.0750346 0.025017)
(0.0999986 0.0750254 0.0750032)
(0.125 0.100024 0.0750051)
(0.175002 0.100005 0.0750016)
(0.25 0.100001 0.0500005)
(-0.3 0.15 0.0500004)
(-0.25 0.200001 0.0500019)
(-0.250002 0.150001 0.0999998)
(-0.200003 0.125003 0.0750015)
(-0.200017 0.175006 0.0750037)
(-0.149959 0.125028 0.0250291)
(-0.174994 0.125009 0.0500081)
(-0.0872582 0.125295 0.0127124)
(0.012499 0.125121 0.0124852)
(0.149959 0.125028 0.0250291)
(0.124951 0.125063 0.050036)
(0.124928 0.125055 5.77217e-05)
(0.0996804 0.137795 0.0127582)
(0.099657 0.137841 0.0377135)
(0.112089 0.150243 0.0377494)
(0.3 0.15 0.0500003)
(0.25 0.200001 0.0500019)
(0.250002 0.150001 0.0999998)
(0.200003 0.125003 0.0750015)
(0.200017 0.175006 0.0750036)
(-0.3 0.25 0.0500002)
(-0.25 0.3 0.0500002)
(-0.250002 0.250002 0.0999997)
(-0.200016 0.22501 0.0750022)
(-0.200005 0.275005 0.0750004)
(-0.174999 0.225014 0.0500173)
(-0.0874342 0.200179 0.0124468)
(-0.0868239 0.212466 0.000665758)
(-0.0992032 0.212469 0.0130728)
(-0.0867674 0.224756 0.0131103)
(0.0992026 0.212468 0.0130725)
(0.111786 0.21249 0.0254442)
(0.3 0.25 0.0500002)
(0.25 0.3 0.0500002)
(0.250002 0.250002 0.0999996)
(0.200016 0.22501 0.0750021)
(0.200005 0.275005 0.0750003)
(-0.2 0.35 0.0500001)
(-0.150345 0.400731 0.0499358)
(-0.150001 0.350001 0.0999999)
(-0.124993 0.300003 0.0250074)
(-0.175005 0.300006 0.0750003)
(-0.125017 0.300021 0.0750004)
(0.2 0.35 0.0500001)
(0.150344 0.400732 0.049937)
(0.150001 0.350001 0.0999999)
(0.124993 0.300003 0.0250073)
(0.125017 0.300021 0.0750001)
(0.175005 0.300006 0.0750002)
(-0.15 -0.4 0.15)
(0.15 -0.4 0.15)
(-0.2 -0.35 0.15)
(-0.25 -0.3 0.15)
(-0.175 -0.300003 0.124998)
(-0.149998 -0.35 0.199998)
(-0.125001 -0.30001 0.124994)
(0.2 -0.35 0.15)
(0.125001 -0.30001 0.124994)
(0.149998 -0.35 0.199998)
(0.175 -0.300003 0.124998)
(0.25 -0.3 0.15)
(-0.3 -0.25 0.15)
(-0.2 -0.275003 0.124998)
(-0.251588 -0.200099 0.150402)
(-0.249999 -0.25 0.199999)
(-0.2 -0.225009 0.124992)
(-0.199986 -0.225003 0.174989)
(-0.17501 -0.275011 0.0999987)
(-0.15 -0.275016 0.12499)
(-0.174999 -0.250013 0.12499)
(-0.174992 -0.275003 0.149992)
(-0.0878339 -0.275948 0.112581)
(0.0125266 -0.274731 0.11251)
(0.12505 -0.27506 0.0999968)
(0.15 -0.275015 0.12499)
(0.124959 -0.275002 0.149965)
(0.100076 -0.262628 0.112493)
(0.0999099 -0.262508 0.137425)
(0.112611 -0.250176 0.11248)
(0.112337 -0.250031 0.137378)
(0.3 -0.25 0.15)
(0.25159 -0.200089 0.150397)
(0.249999 -0.25 0.199999)
(0.2 -0.275003 0.124998)
(0.2 -0.225009 0.124992)
(0.199986 -0.225003 0.174989)
(-0.3 -0.15 0.15)
(-0.200002 -0.175008 0.124993)
(-0.25 -0.100001 0.15)
(-0.249999 -0.150001 0.199999)
(-0.2 -0.125004 0.124998)
(-0.199988 -0.175005 0.17499)
(-0.199996 -0.125003 0.174997)
(-0.175051 -0.175015 0.0999968)
(-0.176661 -0.20009 0.125329)
(-0.174999 -0.150017 0.124989)
(-0.174966 -0.175019 0.149971)
(0.115512 -0.18749 0.100284)
(0.114743 -0.20034 0.112868)
(0.112905 -0.175091 0.112502)
(0.114263 -0.187496 0.125376)
(0.127226 -0.187456 0.11284)
(0.3 -0.15 0.15)
(0.25 -0.100001 0.15)
(0.249999 -0.150001 0.199999)
(0.200002 -0.175008 0.124992)
(0.2 -0.125004 0.124998)
(0.199988 -0.175005 0.17499)
(0.199996 -0.125003 0.174997)
(-0.199999 -0.0500009 0.15)
(-0.0999899 -0.075037 0.124992)
(-0.149999 2.69759e-11 0.149999)
(-0.149999 -0.0500016 0.199999)
(-0.174998 -0.100007 0.124997)
(-0.124984 -0.100039 0.124987)
(-0.174995 -0.100005 0.174996)
(-0.124975 -0.100032 0.174978)
(-0.0999835 -0.0750283 0.174984)
(-0.0750076 -0.0750474 0.100001)
(-0.0500098 -0.0750725 0.125007)
(-0.0749984 -0.0500254 0.124998)
(-0.0749802 -0.0750625 0.149981)
(0.0250199 -0.0750574 0.100015)
(-2.45671e-08 -0.0750665 0.12503)
(0.0500098 -0.0750724 0.125007)
(0.0250041 -0.0500305 0.125008)
(0.0250014 -0.0750705 0.15001)
(0.199999 -0.0500009 0.15)
(0.149999 9.8612e-12 0.149999)
(0.149999 -0.0500016 0.199999)
(0.124984 -0.100039 0.124987)
(0.174998 -0.100006 0.124997)
(0.124975 -0.100032 0.174978)
(0.174995 -0.100005 0.174996)
(0.09999 -0.0750368 0.124992)
(0.0999835 -0.0750283 0.174984)
(-0.199999 0.0500009 0.15)
(-0.25 0.100001 0.15)
(-0.174998 0.100007 0.124997)
(-0.149999 0.0500016 0.199999)
(-0.0999899 0.0750369 0.124992)
(-0.0999835 0.0750283 0.174984)
(-0.124984 0.100039 0.124987)
(-0.174995 0.100005 0.174996)
(-0.124975 0.100032 0.174978)
(-0.0749984 0.0500254 0.124998)
(0.0250041 0.0500305 0.125008)
(0.199999 0.0500009 0.15)
(0.124984 0.100039 0.124987)
(0.149999 0.0500016 0.199999)
(0.0999899 0.0750368 0.124992)
(0.0999835 0.0750283 0.174984)
(0.174998 0.100006 0.124997)
(0.124975 0.100032 0.174978)
(0.174995 0.100005 0.174996)
(0.25 0.100001 0.15)
(-0.3 0.15 0.15)
(-0.2 0.125004 0.124998)
(-0.251588 0.200099 0.150402)
(-0.249999 0.150001 0.199999)
(-0.200002 0.175008 0.124993)
(-0.199996 0.125003 0.174997)
(-0.199988 0.175005 0.17499)
(-0.175008 0.125007 0.0999989)
(-0.149991 0.125029 0.124986)
(-0.174999 0.150017 0.124989)
(-0.174991 0.125011 0.149992)
(-0.0874566 0.125235 0.112467)
(0.125023 0.125032 0.0999949)
(0.149991 0.125029 0.124986)
(0.124926 0.125088 0.149942)
(0.0999509 0.137714 0.112453)
(0.099745 0.137861 0.137325)
(0.11253 0.150165 0.112458)
(0.112248 0.150277 0.137328)
(0.3 0.15 0.15)
(0.251588 0.200099 0.150402)
(0.249999 0.150001 0.199999)
(0.2 0.125004 0.124998)
(0.200002 0.175008 0.124992)
(0.199996 0.125003 0.174997)
(0.199988 0.175005 0.17499)
(-0.3 0.25 0.15)
(-0.2 0.225009 0.124992)
(-0.25 0.3 0.15)
(-0.249999 0.25 0.199999)
(-0.2 0.275003 0.124998)
(-0.199986 0.225003 0.174989)
(-0.175043 0.225026 0.0999952)
(-0.17667 0.20009 0.12533)
(-0.174999 0.250013 0.12499)
(-0.174963 0.225013 0.149969)
(0.113455 0.212649 0.100047)
(0.114743 0.20034 0.112868)
(0.112764 0.225251 0.112471)
(0.112182 0.212693 0.124739)
(0.125212 0.212648 0.11244)
(0.3 0.25 0.15)
(0.25 0.3 0.15)
(0.249999 0.25 0.199999)
(0.2 0.225009 0.124992)
(0.2 0.275003 0.124998)
(0.199986 0.225003 0.174989)
(-0.2 0.35 0.15)
(-0.15 0.4 0.15)
(-0.149998 0.35 0.199998)
(-0.175 0.300003 0.124998)
(-0.125001 0.30001 0.124994)
(0.2 0.35 0.15)
(0.15 0.4 0.15)
(0.149998 0.35 0.199998)
(0.125001 0.30001 0.124994)
(0.175 0.300003 0.124998)
(-0.0499999 -0.4 0.25)
(0.0499999 -0.4 0.25)
(-0.0999987 -0.35 0.249998)
(-0.149997 -0.3 0.249996)
(6.68441e-10 -0.350001 0.25)
(-0.0749858 -0.299999 0.224983)
(-0.0499996 -0.35 0.3)
(-0.0249958 -0.300014 0.225003)
(0.0999987 -0.35 0.249998)
(0.0249958 -0.300014 0.225003)
(0.0499996 -0.35 0.3)
(0.0749858 -0.299999 0.224982)
(0.149997 -0.3 0.249996)
(-0.199997 -0.25 0.249997)
(-0.0999706 -0.274996 0.224965)
(-0.150873 -0.200051 0.25098)
(-0.149997 -0.25 0.299997)
(-0.174975 -0.225003 0.199979)
(-0.124875 -0.225006 0.199881)
(-0.0999002 -0.225008 0.224876)
(-0.0749405 -0.274986 0.199925)
(-0.0499717 -0.275014 0.224968)
(-0.0749199 -0.250001 0.224892)
(-0.0749811 -0.275002 0.249976)
(3.35601e-08 -0.275052 0.225033)
(0.0499717 -0.275013 0.224968)
(0.0249927 -0.275021 0.250005)
(0.0124981 -0.262674 0.200103)
(0.199997 -0.25 0.249997)
(0.150895 -0.200053 0.251005)
(0.149997 -0.25 0.299997)
(0.124875 -0.225006 0.199881)
(0.174975 -0.225003 0.199979)
(0.0999706 -0.274996 0.224965)
(0.0999002 -0.225008 0.224876)
(-0.199998 -0.150001 0.249998)
(-0.099903 -0.175042 0.224881)
(-0.149998 -0.100002 0.249998)
(-0.149998 -0.150001 0.299998)
(-0.174978 -0.175008 0.199982)
(-0.124886 -0.175043 0.19989)
(-0.174993 -0.125005 0.199994)
(-0.124966 -0.125032 0.199967)
(-0.0999706 -0.12503 0.224966)
(-0.0882007 -0.187471 0.200886)
(-0.0757128 -0.200172 0.226387)
(-0.0749138 -0.150079 0.224886)
(-0.0749475 -0.175027 0.249927)
(-0.0633565 -0.187465 0.201708)
(-0.0872275 -0.162687 0.199677)
(-0.0621536 -0.162811 0.199503)
(0.199998 -0.150001 0.249998)
(0.149998 -0.100002 0.249998)
(0.149998 -0.150001 0.299998)
(0.124886 -0.175043 0.19989)
(0.174978 -0.175008 0.199982)
(0.124966 -0.125032 0.199967)
(0.174993 -0.125005 0.199994)
(0.0999031 -0.175042 0.224881)
(0.0999707 -0.12503 0.224966)
(-0.2 -0.0500002 0.25)
(-0.0999991 -0.0500014 0.249999)
(-0.15 -2.18198e-12 0.25)
(-0.15 -0.0500002 0.3)
(2.99215e-10 -0.0500021 0.249999)
(-0.0499996 -2.00401e-10 0.249999)
(-0.0499997 -0.0500006 0.3)
(-0.0749876 -0.0750245 0.199985)
(-0.0249955 -0.0750275 0.199993)
(-0.0749838 -0.100025 0.224979)
(-0.0249937 -0.100026 0.224992)
(-0.0249988 -0.100004 0.274999)
(0.0999991 -0.0500014 0.249999)
(0.0499996 -2.38142e-10 0.249999)
(0.0499997 -0.0500006 0.3)
(0.0249955 -0.0750275 0.199993)
(0.0749877 -0.0750244 0.199985)
(0.0249937 -0.100026 0.224992)
(0.0749839 -0.100025 0.224979)
(0.0249988 -0.100004 0.274999)
(0.15 -5.56543e-12 0.25)
(-0.2 0.0500002 0.25)
(-0.0999991 0.0500014 0.249999)
(-0.149998 0.100002 0.249998)
(-0.15 0.0500002 0.3)
(2.48354e-10 0.0500021 0.249999)
(-0.0749838 0.100025 0.224979)
(-0.0499997 0.0500006 0.3)
(-0.0749876 0.0750245 0.199985)
(-0.0249955 0.0750275 0.199993)
(-0.0249937 0.100026 0.224992)
(-0.0249988 0.100004 0.274999)
(0.0999991 0.0500014 0.249999)
(0.0249937 0.100026 0.224992)
(0.0499997 0.0500006 0.3)
(0.0249955 0.0750275 0.199993)
(0.0749877 0.0750244 0.199985)
(0.0749839 0.100025 0.224979)
(0.0249988 0.100004 0.274999)
(0.2 0.0500002 0.25)
(0.149998 0.100002 0.249998)
(0.15 0.0500002 0.3)
(-0.199998 0.150001 0.249998)
(-0.0999706 0.12503 0.224966)
(-0.150894 0.200052 0.251005)
(-0.149998 0.150001 0.299998)
(-0.174993 0.125005 0.199994)
(-0.124966 0.125032 0.199967)
(-0.174978 0.175008 0.199982)
(-0.124886 0.175043 0.19989)
(-0.099903 0.175042 0.224881)
(-0.0499697 0.125056 0.224957)
(-0.0749138 0.150079 0.224886)
(-0.0749825 0.12502 0.249977)
(-0.0623447 0.137729 0.199785)
(1.49031e-08 0.125034 0.225014)
(0.0499697 0.125056 0.224957)
(0.0249942 0.125017 0.249997)
(0.0124831 0.137617 0.200032)
(0.0374149 0.137725 0.199859)
(0.199998 0.150001 0.249998)
(0.150895 0.200053 0.251005)
(0.149998 0.150001 0.299998)
(0.124966 0.125032 0.199967)
(0.174993 0.125005 0.199994)
(0.124886 0.175043 0.19989)
(0.174978 0.175008 0.199982)
(0.0999707 0.12503 0.224966)
(0.099903 0.175042 0.224881)
(-0.199997 0.25 0.249997)
(-0.0999002 0.225008 0.224876)
(-0.149997 0.3 0.249996)
(-0.149997 0.25 0.299997)
(-0.174975 0.225003 0.199979)
(-0.124875 0.225006 0.199881)
(-0.0999706 0.274996 0.224965)
(-0.087096 0.212556 0.199488)
(-0.0757127 0.200173 0.226388)
(-0.0749199 0.250001 0.224892)
(-0.0749341 0.225015 0.249909)
(-0.0618653 0.212675 0.198992)
(-0.0621959 0.23748 0.199548)
(0.199997 0.25 0.249997)
(0.149997 0.3 0.249996)
(0.149997 0.25 0.299997)
(0.124875 0.225006 0.199881)
(0.174975 0.225003 0.199979)
(0.0999002 0.225008 0.224876)
(0.0999706 0.274996 0.224965)
(-0.0999987 0.35 0.249998)
(-2.49982e-09 0.350001 0.25)
(-0.0499999 0.4 0.25)
(-0.0499996 0.35 0.3)
(-0.0749858 0.299999 0.224983)
(-0.0249958 0.300014 0.225003)
(0.0999987 0.35 0.249998)
(0.0499999 0.4 0.25)
(0.0499996 0.35 0.3)
(0.0249958 0.300014 0.225003)
(0.0749858 0.299999 0.224982)
(-0.0499995 -0.300001 0.35)
(0.0499995 -0.300001 0.35)
(-0.0999987 -0.25 0.349998)
(3.88133e-09 -0.250002 0.350001)
(-0.0503132 -0.20002 0.351431)
(-0.0499997 -0.25 0.4)
(0.0999987 -0.25 0.349998)
(0.0503119 -0.200021 0.351432)
(0.0499997 -0.25 0.4)
(-0.0999992 -0.150001 0.349999)
(2.99523e-09 -0.150001 0.35)
(-0.0499998 -0.1 0.35)
(-0.0499998 -0.15 0.4)
(-0.0249972 -0.175004 0.300001)
(-0.0249991 -0.125002 0.3)
(0.0999992 -0.150001 0.349999)
(0.0499998 -0.1 0.35)
(0.0499998 -0.15 0.4)
(0.0249973 -0.175004 0.300001)
(0.0249991 -0.125002 0.3)
(-0.0499998 0.1 0.35)
(0.0499998 0.1 0.35)
(-0.0999992 0.150001 0.349999)
(8.87863e-10 0.150001 0.35)
(-0.0503137 0.20002 0.351431)
(-0.0499998 0.15 0.4)
(-0.0249991 0.125002 0.3)
(-0.0249973 0.175004 0.300001)
(0.0999992 0.150001 0.349999)
(0.0503119 0.200021 0.351432)
(0.0499998 0.15 0.4)
(0.0249991 0.125002 0.3)
(0.0249973 0.175004 0.300001)
(-0.0999987 0.25 0.349998)
(-4.16086e-09 0.250002 0.350001)
(-0.0499995 0.300001 0.35)
(-0.0499997 0.25 0.4)
(0.0999987 0.25 0.349998)
(0.0499995 0.300001 0.35)
(0.0499997 0.25 0.4)
(-0.0125127 -0.275041 0.012432)
(-0.0868239 -0.212466 0.000665758)
(-0.0992032 -0.212469 0.0130728)
(-0.0867674 -0.224756 0.0131103)
(-0.0879246 -0.276517 0.0875102)
(-0.0125437 -0.274387 0.0874889)
(0.0874644 -0.200178 0.012483)
(0.0868227 -0.212465 0.000665281)
(0.0992026 -0.212468 0.0130725)
(0.0867691 -0.224756 0.0131126)
(0.0125416 -0.274387 0.0874838)
(0.0879243 -0.276516 0.0875081)
(-0.0872582 -0.125295 0.0127124)
(-0.0124992 -0.125122 0.0124853)
(-0.0875394 -0.125101 0.0875042)
(0.0877257 -0.187348 -0.000155118)
(0.0863867 -0.175191 0.0133885)
(0.012499 -0.125121 0.0124852)
(0.087259 -0.125295 0.0127135)
(0.0875396 -0.125099 0.0875039)
(-0.0124992 0.125122 0.0124853)
(-0.0877109 0.187348 -0.000172182)
(-0.100176 0.187317 0.012344)
(-0.0863868 0.175192 0.013388)
(-0.0875394 0.125101 0.0875042)
(0.087259 0.125295 0.0127135)
(0.0874469 0.200178 0.0124623)
(0.087723 0.187348 -0.00015804)
(0.100175 0.187316 0.012345)
(0.0863867 0.175191 0.0133885)
(0.0875396 0.125099 0.0875039)
(-0.0125127 0.275041 0.0124319)
(-0.0879246 0.276517 0.0875102)
(-0.0125437 0.274387 0.0874889)
(0.0868227 0.212465 0.000665281)
(0.0867691 0.224756 0.0131126)
(0.0125119 0.275041 0.0124318)
(0.0125416 0.274387 0.0874838)
(0.0879243 0.276516 0.0875081)
(-0.0125224 -0.274731 0.112514)
(-0.0999236 -0.274974 0.174927)
(-0.0753519 -0.301064 0.17541)
(-0.0627274 -0.263701 0.150195)
(-0.0873575 -0.262447 0.14988)
(-0.0502001 -0.263727 0.162816)
(-0.0626933 -0.251108 0.162751)
(-0.0871275 -0.249835 0.162161)
(-0.0622503 -0.249929 0.187153)
(-0.0125002 -0.275132 0.18756)
(-0.0879509 -0.200252 0.187965)
(-0.0995308 -0.212546 0.187015)
(-0.0870959 -0.212556 0.199488)
(-0.0866316 -0.212565 0.174118)
(-0.0870041 -0.22496 0.186928)
(-0.0742663 -0.212608 0.186498)
(0.0878285 -0.275949 0.112578)
(0.0125005 -0.275132 0.18756)
(0.0999235 -0.274974 0.174927)
(0.0749404 -0.274986 0.199925)
(0.075349 -0.301064 0.175409)
(0.0627113 -0.263715 0.150224)
(0.0873574 -0.262446 0.149879)
(0.0501982 -0.263724 0.162817)
(0.0626855 -0.251106 0.162758)
(0.087127 -0.249835 0.16216)
(0.0622498 -0.249929 0.187153)
(0.0879814 -0.200255 0.187998)
(0.0995307 -0.212546 0.187015)
(0.0870959 -0.212556 0.199488)
(0.0866309 -0.212564 0.174118)
(0.0870037 -0.22496 0.186928)
(0.0742662 -0.212607 0.186498)
(-0.0874566 -0.125235 0.112468)
(-0.100793 -0.18747 0.18824)
(-0.0879673 -0.187513 0.175407)
(-0.0754117 -0.187531 0.188021)
(-0.0870151 -0.175201 0.186951)
(-0.0124848 -0.125139 0.187495)
(0.0874567 -0.125234 0.112467)
(0.100831 -0.187465 0.188277)
(0.0882262 -0.187467 0.200917)
(0.0880104 -0.187507 0.175448)
(0.0754374 -0.187528 0.188054)
(0.0870154 -0.175201 0.18695)
(0.0124847 -0.125138 0.187495)
(-0.0124848 0.125139 0.187495)
(-0.0879811 0.200255 0.187998)
(-0.100831 0.187466 0.188277)
(-0.0882265 0.187467 0.200918)
(-0.0880099 0.187508 0.175448)
(-0.0870151 0.175201 0.186951)
(-0.0754377 0.187528 0.188056)
(0.0874567 0.125234 0.112467)
(0.0124847 0.125138 0.187495)
(0.0879814 0.200255 0.187998)
(0.100831 0.187466 0.188277)
(0.0882261 0.187467 0.200917)
(0.0880104 0.187507 0.175448)
(0.0870154 0.175201 0.18695)
(0.0754374 0.187528 0.188054)
(-0.0878339 0.275948 0.112581)
(-0.0125224 0.274731 0.112514)
(-0.0995309 0.212546 0.187015)
(-0.0866316 0.212565 0.174118)
(-0.0742663 0.212608 0.186498)
(-0.0870042 0.22496 0.186928)
(-0.0999236 0.274974 0.174927)
(-0.0749405 0.274986 0.199925)
(-0.0753519 0.301064 0.17541)
(-0.0627274 0.263701 0.150195)
(-0.0873575 0.262447 0.14988)
(-0.0626933 0.251108 0.162751)
(-0.0871275 0.249835 0.162161)
(-0.0622503 0.249929 0.187153)
(-0.0502001 0.263727 0.162816)
(-0.0125003 0.275132 0.18756)
(0.0125266 0.274731 0.11251)
(0.087834 0.275947 0.11258)
(0.0995306 0.212546 0.187015)
(0.0870959 0.212556 0.199488)
(0.0866309 0.212564 0.174118)
(0.0742662 0.212607 0.186498)
(0.0870037 0.22496 0.186928)
(0.0125004 0.275132 0.18756)
(0.0999235 0.274974 0.174927)
(0.0749404 0.274986 0.199925)
(0.0753515 0.301063 0.17541)
(0.0627113 0.263715 0.150224)
(0.0873574 0.262446 0.149879)
(0.0626855 0.251106 0.162758)
(0.087127 0.249835 0.16216)
(0.0622497 0.249929 0.187153)
(0.0501981 0.263724 0.162817)
(-0.0252829 -0.250868 -0.0765375)
(-0.0249983 -0.275026 -0.0500196)
(-0.0504783 -0.225461 -0.076637)
(-0.0999788 -0.224998 -0.0749733)
(-0.0623754 -0.212492 -0.0498086)
(3.20736e-07 -0.225851 -0.0782338)
(-0.0255175 -0.200033 -0.078781)
(-0.0127865 -0.213056 -0.0533593)
(-0.037885 -0.212875 -0.0518137)
(-0.0499856 -0.275025 -0.0249904)
(-0.0999678 -0.274993 -0.0249669)
(-0.0623439 -0.249997 -0.0122985)
(-1.84865e-07 -0.275083 -0.0250615)
(-0.0125146 -0.262712 -0.000137496)
(-0.0375005 -0.262621 -3.62938e-05)
(-0.01252 -0.25037 -0.0127806)
(-0.0374731 -0.250154 -0.012524)
(-0.0879109 -0.20007 -0.0129888)
(-0.0996427 -0.212474 -0.0121414)
(-0.0871305 -0.224933 -0.0120852)
(-0.0744447 -0.212472 -0.0117467)
(-0.0872009 -0.212476 -0.0246287)
(0.0749851 -0.25 -0.0749815)
(0.0749837 -0.275 -0.0499811)
(0.0504842 -0.225469 -0.0766356)
(0.0127897 -0.213058 -0.0533676)
(0.0378859 -0.212876 -0.0518161)
(0.0756845 -0.200039 -0.0764008)
(0.0999787 -0.224998 -0.0749733)
(0.0623745 -0.212492 -0.0498091)
(0.0499854 -0.275025 -0.0249904)
(0.0125133 -0.262712 -0.000137634)
(0.0375 -0.26262 -3.63243e-05)
(0.0125184 -0.25037 -0.0127808)
(0.0374722 -0.250154 -0.0125242)
(0.0999678 -0.274993 -0.0249669)
(0.0624201 -0.262504 9.01461e-05)
(0.0623434 -0.249997 -0.0122985)
(0.0879428 -0.20007 -0.0129595)
(0.0996421 -0.212473 -0.0121416)
(0.0871299 -0.224933 -0.0120851)
(0.0744418 -0.212471 -0.0117481)
(0.0871999 -0.212476 -0.0246291)
(-0.0249891 -0.150008 -0.0750147)
(-0.0374317 -0.162538 -0.0499454)
(-0.0127777 -0.1873 -0.0532519)
(-0.0380022 -0.187315 -0.0523508)
(-0.0124925 -0.162495 -0.050194)
(-0.0499859 -0.125014 -0.0749831)
(-0.0749543 -0.125043 -0.0499403)
(2.26538e-08 -0.125004 -0.0750141)
(-0.0249963 -0.100007 -0.0749987)
(-0.100515 -0.187386 -0.0130509)
(-0.0751956 -0.187314 -0.0127438)
(-0.0870142 -0.175097 -0.0119471)
(-0.0879854 -0.187381 -0.0256296)
(-0.0999258 -0.125068 -0.0249209)
(-0.0871805 -0.137839 0.000309106)
(-0.0621481 -0.138026 0.000440918)
(-0.0871615 -0.150257 -0.0121235)
(-0.0620526 -0.15044 -0.0118678)
(-0.0749579 -0.100057 -0.0249492)
(-0.0498167 -0.137794 -0.0122077)
(-0.0124867 -0.125042 -0.0125298)
(0.07497 -0.150016 -0.0749592)
(0.0631481 -0.187335 -0.0515618)
(0.0499859 -0.125014 -0.0749831)
(0.0749543 -0.125043 -0.0499402)
(0.100546 -0.187387 -0.0129947)
(0.075206 -0.187313 -0.0127351)
(0.0870142 -0.175096 -0.0119468)
(0.0879942 -0.18738 -0.025622)
(0.0124866 -0.125041 -0.0125299)
(0.099926 -0.125068 -0.0249207)
(0.0871815 -0.137838 0.000310333)
(0.0621487 -0.138025 0.00044171)
(0.087162 -0.150256 -0.0121227)
(0.0620529 -0.150439 -0.0118673)
(0.074958 -0.100057 -0.024949)
(0.0498169 -0.137793 -0.0122075)
(-0.0249891 0.150008 -0.0750147)
(-0.0249963 0.100007 -0.0749987)
(-0.049961 0.175003 -0.074955)
(-0.0999717 0.175004 -0.0749635)
(-0.0631485 0.187335 -0.051562)
(2.68951e-07 0.174996 -0.0750922)
(-0.0255175 0.200033 -0.078781)
(-0.0374317 0.162538 -0.0499454)
(-0.0127777 0.1873 -0.0532519)
(-0.0124925 0.162495 -0.050194)
(-0.0380022 0.187315 -0.0523508)
(-0.0999258 0.125068 -0.0249209)
(-0.0871805 0.137839 0.000309105)
(-0.0621481 0.138026 0.000440918)
(-0.0871615 0.150257 -0.0121235)
(-0.0620526 0.15044 -0.0118678)
(-0.0749579 0.100057 -0.0249492)
(-0.0498167 0.137794 -0.0122077)
(-0.0124867 0.125042 -0.0125298)
(-0.08792 0.20007 -0.0129808)
(-0.100543 0.187387 -0.0129989)
(-0.0870142 0.175097 -0.0119471)
(-0.0752058 0.187314 -0.0127361)
(-0.0879945 0.187381 -0.0256225)
(0.07497 0.150016 -0.0749592)
(0.0749543 0.125043 -0.0499402)
(0.0499611 0.175003 -0.074955)
(0.0374318 0.162538 -0.0499454)
(0.0127796 0.187301 -0.0532462)
(0.0124933 0.162495 -0.050194)
(0.0380028 0.187315 -0.0523505)
(0.0756845 0.200039 -0.0764008)
(0.0999717 0.175004 -0.0749635)
(0.0631481 0.187335 -0.0515618)
(0.0124866 0.125041 -0.0125299)
(0.099926 0.125068 -0.0249207)
(0.0871815 0.137838 0.000310333)
(0.0621487 0.138025 0.00044171)
(0.087162 0.150256 -0.0121227)
(0.0620529 0.150439 -0.0118673)
(0.074958 0.100057 -0.024949)
(0.0498169 0.137793 -0.0122075)
(0.0879327 0.20007 -0.0129686)
(0.100544 0.187387 -0.0129978)
(0.0870142 0.175096 -0.0119468)
(0.0752057 0.187313 -0.0127353)
(0.0879942 0.18738 -0.025622)
(-0.0252829 0.250868 -0.0765375)
(-0.0127865 0.213056 -0.0533593)
(-0.037885 0.212875 -0.0518136)
(-0.0749838 0.275001 -0.0499811)
(-0.0249983 0.275026 -0.0500196)
(-0.0996427 0.212474 -0.0121414)
(-0.0744448 0.212472 -0.0117467)
(-0.0871305 0.224933 -0.0120852)
(-0.0872009 0.212476 -0.0246287)
(-0.0499856 0.275025 -0.0249904)
(-0.0999678 0.274993 -0.0249669)
(-0.062344 0.249997 -0.0122985)
(-1.85723e-07 0.275083 -0.0250615)
(-0.0125146 0.262712 -0.000137496)
(-0.0375005 0.262621 -3.62917e-05)
(-0.01252 0.25037 -0.0127806)
(-0.0374731 0.250154 -0.012524)
(0.0749851 0.25 -0.0749815)
(0.0623746 0.212492 -0.0498091)
(0.0249982 0.275026 -0.0500196)
(0.0749837 0.275 -0.0499811)
(0.0996421 0.212473 -0.0121416)
(0.0744418 0.212471 -0.0117481)
(0.0871299 0.224933 -0.0120851)
(0.0871999 0.212476 -0.0246291)
(0.0499854 0.275025 -0.0249904)
(0.0125133 0.262712 -0.000137634)
(0.0375 0.26262 -3.63252e-05)
(0.0125184 0.25037 -0.0127808)
(0.0374722 0.250154 -0.0125242)
(0.0999678 0.274993 -0.0249669)
(0.0624201 0.262504 9.01458e-05)
(0.0623434 0.249997 -0.0122985)
(-0.125008 -0.275032 0.0500111)
(-0.124969 -0.274996 2.61944e-05)
(-0.112391 -0.250046 0.0375882)
(-0.174999 -0.225014 0.0500173)
(-0.111787 -0.212491 0.0254447)
(-0.150026 -0.275029 0.0750013)
(-0.175025 -0.25002 0.075002)
(-0.12505 -0.27506 0.0999975)
(-0.100169 -0.262714 0.0875004)
(-0.10009 -0.262641 0.0624988)
(-0.112785 -0.250292 0.0875001)
(-0.112638 -0.250191 0.0625086)
(-0.175052 -0.200018 0.0750081)
(-0.175043 -0.225026 0.0999952)
(-0.115562 -0.200131 0.0875191)
(-0.113455 -0.212651 0.100053)
(-0.113486 -0.212645 0.0749524)
(-0.113268 -0.225362 0.0875033)
(-0.125683 -0.212578 0.0875037)
(0.175002 -0.275007 0.0500031)
(0.111786 -0.21249 0.0254442)
(0.174999 -0.225014 0.050017)
(0.150026 -0.275028 0.0750009)
(0.100168 -0.262713 0.0874978)
(0.100089 -0.26264 0.0624974)
(0.112785 -0.25029 0.087497)
(0.112637 -0.25019 0.0625068)
(0.175025 -0.25002 0.0750018)
(0.17501 -0.275011 0.0999986)
(0.11556 -0.200129 0.0875116)
(0.113455 -0.212649 0.100047)
(0.113485 -0.212643 0.0749469)
(0.113267 -0.22536 0.0874966)
(0.125682 -0.212577 0.0874989)
(0.175052 -0.200018 0.0750077)
(0.175043 -0.225026 0.0999948)
(-0.113016 -0.187296 0.0247854)
(-0.149959 -0.125028 0.0250291)
(-0.174994 -0.125009 0.0500081)
(-0.124951 -0.125064 0.050036)
(-0.124928 -0.125056 5.75063e-05)
(-0.0996795 -0.137796 0.0127569)
(-0.0996567 -0.137842 0.0377127)
(-0.112089 -0.150245 0.0377489)
(-0.175022 -0.15001 0.0750059)
(-0.115517 -0.187492 0.100288)
(-0.115478 -0.187471 0.0747625)
(-0.113661 -0.174992 0.0875155)
(-0.127719 -0.18743 0.0875209)
(-0.150013 -0.125016 0.0750064)
(-0.175008 -0.125007 0.0999989)
(-0.125023 -0.125033 0.099995)
(-0.100103 -0.137545 0.0875037)
(-0.0999256 -0.137689 0.0625614)
(-0.112756 -0.15001 0.087506)
(-0.112483 -0.150149 0.0625688)
(-0.086165 -0.163505 0.0259625)
(-0.0868563 -0.150603 0.0130539)
(-0.0868572 -0.162904 0.000633251)
(-0.0993121 -0.162825 0.0130192)
(-0.0867993 -0.150684 0.0379175)
(-0.0989873 -0.162929 0.0380757)
(0.174988 -0.17501 0.0500251)
(0.149959 -0.125028 0.0250291)
(0.124951 -0.125063 0.0500361)
(0.124928 -0.125055 5.77218e-05)
(0.112089 -0.150243 0.0377494)
(0.0996804 -0.137795 0.0127582)
(0.0996571 -0.137841 0.0377135)
(0.174994 -0.125009 0.0500081)
(0.115476 -0.18747 0.0747597)
(0.11366 -0.17499 0.0875138)
(0.127718 -0.187429 0.087518)
(0.175022 -0.150009 0.0750058)
(0.17505 -0.175015 0.0999965)
(0.150013 -0.125015 0.0750064)
(0.125023 -0.125032 0.0999949)
(0.100104 -0.137543 0.0875032)
(0.0999257 -0.137688 0.0625613)
(0.112757 -0.150009 0.0875054)
(0.112483 -0.150148 0.0625686)
(0.175008 -0.125007 0.0999989)
(-0.025 -0.0500195 0.025)
(-0.0250111 -0.0750484 0.0499892)
(-0.0249948 -0.0750316 6.79583e-06)
(-0.0500194 -0.0750506 0.0749998)
(-0.0750021 -0.0500191 0.0750013)
(-0.0250061 -0.0500217 0.0749998)
(-4.53932e-09 -0.0750446 0.0749975)
(-0.0250199 -0.0750575 0.100015)
(0.0749927 -0.0500215 0.0250072)
(0.0749925 -0.0750489 0.0500083)
(0.0749779 -0.0750409 2.38374e-05)
(0.0500193 -0.0750504 0.0749998)
(0.0250061 -0.0500217 0.0749998)
(0.0750021 -0.050019 0.0750013)
(0.0750075 -0.0750472 0.100001)
(-0.025 0.0500195 0.025)
(-0.0499918 0.0750561 0.0250101)
(-0.0749925 0.0750491 0.0500083)
(-0.0749779 0.075041 2.37466e-05)
(-0.0250111 0.0750484 0.0499892)
(-9.47219e-09 0.0750359 0.0249943)
(-0.0249948 0.0750316 6.79608e-06)
(-0.0750021 0.0500191 0.0750013)
(-0.0250061 0.0500217 0.0749998)
(-0.0500194 0.0750506 0.0749998)
(-0.0750076 0.0750474 0.100001)
(-3.2198e-08 0.0750446 0.0749975)
(-0.0250199 0.0750575 0.100015)
(0.0749927 0.0500214 0.0250072)
(0.0499918 0.075056 0.0250101)
(0.0250111 0.0750483 0.0499893)
(0.0249948 0.0750315 6.80857e-06)
(0.0749925 0.0750489 0.0500083)
(0.0749779 0.0750409 2.38376e-05)
(0.0250061 0.0500217 0.0749998)
(0.0750021 0.050019 0.0750013)
(0.0500193 0.0750504 0.0749999)
(0.0250198 0.0750573 0.100015)
(0.0750075 0.0750472 0.100001)
(-0.124951 0.125064 0.050036)
(-0.124928 0.125056 5.75063e-05)
(-0.0996795 0.137796 0.0127569)
(-0.0996567 0.137842 0.0377127)
(-0.112089 0.150245 0.0377489)
(-0.174988 0.17501 0.0500253)
(-0.113017 0.187296 0.0247853)
(-0.150013 0.125016 0.0750064)
(-0.175022 0.15001 0.0750059)
(-0.125022 0.125033 0.099995)
(-0.100103 0.137545 0.0875037)
(-0.0999256 0.137689 0.0625614)
(-0.112756 0.15001 0.087506)
(-0.112483 0.15015 0.0625688)
(-0.175052 0.200018 0.0750081)
(-0.175051 0.175015 0.0999968)
(-0.115562 0.200131 0.0875191)
(-0.115514 0.187492 0.100287)
(-0.115478 0.187471 0.0747625)
(-0.113661 0.174992 0.0875155)
(-0.127719 0.18743 0.0875209)
(0.037528 0.137925 0.0249672)
(0.037591 0.125333 0.0373992)
(0.0251416 0.137911 0.0372922)
(0.0500713 0.138068 0.0374298)
(0.0378151 0.137975 0.0496947)
(0.0374495 0.125272 0.0125772)
(0.0249839 0.137739 0.0125265)
(0.0125238 0.13772 0.0249505)
(-1.70376e-07 0.1376 0.0124639)
(0.0124874 0.137552 -3.38011e-05)
(0.0125513 0.125215 0.037371)
(0.0498104 0.138016 0.0127526)
(0.0373652 0.137875 0.000241561)
(2.92151e-07 0.137739 0.0372963)
(0.0126354 0.137827 0.0496908)
(0.174994 0.125009 0.0500081)
(0.113015 0.187295 0.0247857)
(0.174988 0.17501 0.0500251)
(0.150013 0.125015 0.0750064)
(0.100104 0.137543 0.0875032)
(0.0999257 0.137688 0.0625613)
(0.112757 0.150009 0.0875054)
(0.112483 0.150148 0.0625685)
(0.175022 0.150009 0.0750058)
(0.175008 0.125007 0.0999989)
(0.11556 0.200129 0.0875116)
(0.115512 0.18749 0.100284)
(0.115476 0.18747 0.0747597)
(0.11366 0.17499 0.0875138)
(0.127718 0.187429 0.087518)
(0.175052 0.200018 0.0750077)
(0.17505 0.175015 0.0999965)
(-0.111787 0.212491 0.0254447)
(-0.149988 0.275005 0.0250117)
(-0.175002 0.275007 0.0500031)
(-0.125008 0.275032 0.0500111)
(-0.124969 0.274996 2.61944e-05)
(-0.112391 0.250046 0.0375882)
(-0.175025 0.25002 0.075002)
(-0.113455 0.212651 0.100053)
(-0.113486 0.212645 0.0749524)
(-0.113268 0.225362 0.0875033)
(-0.125683 0.212578 0.0875037)
(-0.150026 0.275029 0.0750013)
(-0.17501 0.275011 0.0999987)
(-0.12505 0.27506 0.0999975)
(-0.100169 0.262715 0.0875004)
(-0.10009 0.262641 0.0624988)
(-0.112785 0.250292 0.0875001)
(-0.112638 0.250191 0.0625086)
(-0.0745346 0.237219 0.0129557)
(-0.0870168 0.237357 0.0253631)
(-0.0872333 0.249907 0.0127329)
(-0.0871335 0.237373 0.000352103)
(-0.0996196 0.237408 0.0128)
(-0.062345 0.249968 0.01267)
(-0.0621524 0.237389 0.000446494)
(-0.0873816 0.25006 0.0375925)
(-0.0996939 0.237563 0.0377047)
(0.174999 0.225014 0.050017)
(0.149988 0.275005 0.0250117)
(0.125007 0.275032 0.0500108)
(0.124969 0.274996 2.62507e-05)
(0.11239 0.250045 0.0375879)
(0.175002 0.275007 0.0500031)
(0.113485 0.212643 0.0749469)
(0.113267 0.22536 0.0874966)
(0.125682 0.212577 0.0874989)
(0.175025 0.25002 0.0750018)
(0.175043 0.225026 0.0999948)
(0.150026 0.275028 0.0750009)
(0.12505 0.27506 0.0999968)
(0.100168 0.262713 0.0874978)
(0.100089 0.26264 0.0624974)
(0.112785 0.25029 0.087497)
(0.112637 0.25019 0.0625068)
(0.17501 0.275011 0.0999986)
(-0.124959 -0.275002 0.149965)
(-0.100076 -0.262629 0.112495)
(-0.0999101 -0.262508 0.137425)
(-0.112612 -0.250177 0.112481)
(-0.112338 -0.250031 0.137378)
(-0.174963 -0.225013 0.149969)
(-0.114735 -0.200342 0.112869)
(-0.112764 -0.225253 0.112474)
(-0.112182 -0.212695 0.12474)
(-0.125212 -0.212649 0.112442)
(-0.174977 -0.250002 0.174981)
(-0.124877 -0.249987 0.174896)
(-0.149899 -0.225012 0.17492)
(-0.176535 -0.200049 0.175695)
(-0.125873 -0.20016 0.17558)
(-0.0989397 -0.212617 0.161689)
(-0.0994813 -0.237375 0.162072)
(-0.111616 -0.212683 0.14944)
(-0.112134 -0.237506 0.149749)
(0.174999 -0.250013 0.124989)
(0.174992 -0.275003 0.149992)
(0.112764 -0.225251 0.112471)
(0.112182 -0.212693 0.124739)
(0.125212 -0.212648 0.11244)
(0.174963 -0.225013 0.149969)
(0.176668 -0.20009 0.12534)
(0.124877 -0.249987 0.174896)
(0.174977 -0.250002 0.174981)
(0.149899 -0.225012 0.17492)
(0.125906 -0.200162 0.175602)
(0.098939 -0.212617 0.161689)
(0.0994808 -0.237375 0.162072)
(0.111616 -0.212682 0.149439)
(0.112133 -0.237505 0.149748)
(0.176564 -0.200049 0.175701)
(-0.112906 -0.175092 0.112502)
(-0.114237 -0.1875 0.125368)
(-0.127216 -0.187459 0.112839)
(-0.149991 -0.125029 0.124986)
(-0.174991 -0.125011 0.149992)
(-0.124926 -0.125088 0.149942)
(-0.0999508 -0.137716 0.112453)
(-0.0997449 -0.137862 0.137326)
(-0.11253 -0.150167 0.112458)
(-0.112248 -0.150277 0.137328)
(-0.149911 -0.175034 0.17493)
(-0.174982 -0.150012 0.174985)
(-0.124884 -0.150085 0.174903)
(-0.100438 -0.18754 0.162853)
(-0.0996926 -0.162698 0.187184)
(-0.099415 -0.162914 0.162007)
(-0.114282 -0.187462 0.150861)
(-0.112104 -0.162767 0.149714)
(-0.149975 -0.125023 0.174979)
(-0.0997135 -0.137824 0.16225)
(-0.0869945 -0.1507 0.137171)
(-0.0863356 -0.163618 0.149072)
(-0.099461 -0.163003 0.137164)
(0.0129038 -0.163216 0.10046)
(-1.40459e-06 -0.163209 0.113486)
(0.0128127 -0.150674 0.113252)
(0.174999 -0.150017 0.124989)
(0.174966 -0.175019 0.149971)
(0.149991 -0.125029 0.124986)
(0.124926 -0.125088 0.149942)
(0.0999509 -0.137714 0.112453)
(0.099745 -0.137861 0.137325)
(0.11253 -0.150165 0.112458)
(0.112248 -0.150277 0.137328)
(0.174991 -0.125011 0.149992)
(0.149911 -0.175034 0.17493)
(0.124884 -0.150085 0.174903)
(0.100487 -0.187535 0.162891)
(0.0996929 -0.162698 0.187183)
(0.0994155 -0.162914 0.162007)
(0.114349 -0.187456 0.150896)
(0.112104 -0.162766 0.149713)
(0.174982 -0.150011 0.174985)
(0.149975 -0.125023 0.174979)
(0.0997138 -0.137823 0.16225)
(-0.0250041 -0.0500305 0.125008)
(-0.0250014 -0.0750706 0.15001)
(-0.0499862 -0.0750541 0.174983)
(-0.0749927 -0.0500193 0.174992)
(-0.0249981 -0.0500226 0.174998)
(-8.41163e-09 -0.0750454 0.175002)
(0.0749984 -0.0500254 0.124998)
(0.0749802 -0.0750624 0.149981)
(0.0499862 -0.075054 0.174983)
(0.0249981 -0.0500225 0.174998)
(0.0749927 -0.0500192 0.174992)
(-0.0250041 0.0500305 0.125008)
(-0.0500098 0.0750725 0.125007)
(-0.0749802 0.0750625 0.149981)
(-0.0250014 0.0750706 0.15001)
(-6.16927e-08 0.0750665 0.12503)
(-0.0749927 0.0500193 0.174992)
(-0.0249981 0.0500226 0.174998)
(-0.0499862 0.0750541 0.174983)
(-1.0968e-08 0.0750454 0.175002)
(0.0749984 0.0500254 0.124998)
(0.0500098 0.0750723 0.125007)
(0.0250013 0.0750705 0.15001)
(0.0749802 0.0750624 0.149981)
(0.0249981 0.0500225 0.174998)
(0.0749927 0.0500192 0.174992)
(0.0499862 0.075054 0.174983)
(-0.124926 0.125088 0.149942)
(-0.0999508 0.137716 0.112453)
(-0.0997449 0.137862 0.137326)
(-0.11253 0.150167 0.112458)
(-0.112248 0.150277 0.137328)
(-0.174966 0.175019 0.149971)
(-0.114741 0.200342 0.11287)
(-0.112906 0.175092 0.112502)
(-0.114264 0.187498 0.125377)
(-0.127227 0.187458 0.112842)
(-0.149975 0.125023 0.174979)
(-0.174982 0.150012 0.174985)
(-0.124884 0.150085 0.174903)
(-0.0997135 0.137823 0.16225)
(-0.149911 0.175034 0.17493)
(-0.17656 0.200049 0.175707)
(-0.125905 0.200162 0.175602)
(-0.100486 0.187535 0.162891)
(-0.0996926 0.162698 0.187184)
(-0.099415 0.162914 0.162007)
(-0.114349 0.187457 0.150897)
(-0.112104 0.162767 0.149714)
(-0.0625485 0.138101 0.125022)
(-0.0624284 0.12547 0.137431)
(-0.0747535 0.138083 0.137304)
(-0.0500571 0.138181 0.137556)
(-0.0622213 0.138217 0.149718)
(-0.0626004 0.125398 0.11254)
(-0.0749959 0.137932 0.112488)
(-0.087278 0.13794 0.124876)
(-0.0875272 0.137669 0.0999903)
(-0.0873166 0.12534 0.137365)
(-0.0627133 0.137913 0.100061)
(-0.0503424 0.138146 0.112673)
(-0.0869945 0.1507 0.137171)
(-0.0871087 0.138026 0.149677)
(0.174999 0.150017 0.124989)
(0.174991 0.125011 0.149992)
(0.112905 0.175091 0.112502)
(0.114263 0.187496 0.125376)
(0.127226 0.187456 0.11284)
(0.174966 0.175019 0.149971)
(0.17667 0.20009 0.12533)
(0.149975 0.125023 0.174979)
(0.124884 0.150085 0.174903)
(0.0997138 0.137823 0.16225)
(0.174982 0.150011 0.174985)
(0.149911 0.175034 0.17493)
(0.125906 0.200162 0.175602)
(0.100487 0.187535 0.16289)
(0.0996929 0.162698 0.187183)
(0.0994154 0.162914 0.162007)
(0.114349 0.187456 0.150896)
(0.112104 0.162766 0.149713)
(0.176561 0.20005 0.175706)
(-0.112764 0.225253 0.112474)
(-0.112182 0.212695 0.12474)
(-0.125212 0.212649 0.112442)
(-0.15 0.275016 0.12499)
(-0.174992 0.275003 0.149992)
(-0.124959 0.275002 0.149965)
(-0.100076 0.262629 0.112495)
(-0.0999101 0.262508 0.137425)
(-0.112612 0.250177 0.112482)
(-0.112338 0.250031 0.137378)
(-0.149899 0.225012 0.17492)
(-0.174977 0.250002 0.174981)
(-0.124877 0.249987 0.174896)
(-0.0989397 0.212617 0.161689)
(-0.0994813 0.237375 0.162072)
(-0.111616 0.212683 0.14944)
(-0.112134 0.237506 0.149749)
(-0.0873064 0.249991 0.137352)
(-0.0868508 0.237256 0.149494)
(-0.0995856 0.237525 0.137225)
(0.0377587 0.249444 0.112628)
(0.174999 0.250013 0.124989)
(0.174963 0.225013 0.149969)
(0.15 0.275015 0.12499)
(0.124959 0.275002 0.149965)
(0.112611 0.250176 0.11248)
(0.112337 0.250031 0.137378)
(0.100076 0.262628 0.112493)
(0.0999099 0.262508 0.137425)
(0.174992 0.275003 0.149992)
(0.149899 0.225012 0.17492)
(0.124877 0.249987 0.174896)
(0.111616 0.212682 0.149439)
(0.112133 0.237505 0.149748)
(0.098939 0.212617 0.161689)
(0.0994808 0.237375 0.162072)
(0.174977 0.250002 0.174981)
(-0.0249926 -0.275021 0.250005)
(-0.012498 -0.262674 0.200103)
(-0.0749341 -0.225015 0.249909)
(-0.0618652 -0.212675 0.198992)
(-0.0621958 -0.23748 0.199548)
(-0.0252608 -0.200005 0.2766)
(0.0749198 -0.250001 0.224892)
(0.0749811 -0.275002 0.249976)
(0.0749342 -0.225015 0.249909)
(0.0757129 -0.200172 0.226387)
(0.0618658 -0.212674 0.198991)
(0.0621956 -0.237479 0.199548)
(0.0252612 -0.200005 0.276601)
(-0.0499697 -0.125056 0.224957)
(-0.0749825 -0.12502 0.249977)
(-0.0623447 -0.137729 0.199785)
(-0.0249942 -0.125017 0.249997)
(2.01621e-08 -0.125034 0.225014)
(-0.0124831 -0.137617 0.200032)
(-0.0374147 -0.137725 0.199859)
(-0.0499856 -0.175011 0.274983)
(-0.024996 -0.150008 0.275001)
(7.28011e-08 -0.175009 0.275015)
(-0.0499956 -0.125007 0.274995)
(7.48525e-09 -0.125005 0.275002)
(0.074914 -0.150079 0.224886)
(0.0749476 -0.175027 0.249927)
(0.0633774 -0.187462 0.201744)
(0.0872279 -0.162687 0.199677)
(0.062154 -0.162811 0.199502)
(0.0499697 -0.125056 0.224957)
(0.0249942 -0.125017 0.249997)
(0.0124831 -0.137617 0.200032)
(0.0374149 -0.137725 0.199859)
(0.0749826 -0.12502 0.249977)
(0.0623451 -0.137729 0.199784)
(0.0499857 -0.175011 0.274983)
(0.024996 -0.150008 0.275001)
(0.0499956 -0.125007 0.274995)
(-0.0249942 0.125017 0.249997)
(-0.0124831 0.137617 0.200032)
(-0.0374147 0.137725 0.199859)
(-0.0749475 0.175027 0.249927)
(-0.0872276 0.162687 0.199677)
(-0.063378 0.187461 0.201747)
(-0.0621536 0.162811 0.199503)
(-0.0499956 0.125007 0.274995)
(-0.024996 0.150008 0.275001)
(4.21456e-09 0.125005 0.275002)
(-0.0499856 0.175011 0.274983)
(3.30841e-08 0.175009 0.275015)
(-0.0252609 0.200005 0.2766)
(0.0749139 0.150079 0.224886)
(0.0749826 0.12502 0.249977)
(0.0623451 0.137729 0.199784)
(0.0749476 0.175027 0.249927)
(0.0757128 0.200172 0.226387)
(0.0872278 0.162687 0.199677)
(0.0633774 0.187462 0.201744)
(0.062154 0.162811 0.199502)
(0.0499956 0.125007 0.274995)
(0.024996 0.150008 0.275001)
(0.0499857 0.175011 0.274983)
(0.0252611 0.200005 0.276601)
(-0.0499718 0.275014 0.224968)
(-0.0749811 0.275002 0.249976)
(-0.0249927 0.275021 0.250005)
(-1.2419e-07 0.275052 0.225033)
(-0.0124983 0.262674 0.200103)
(0.0749198 0.250001 0.224892)
(0.0749341 0.225015 0.249909)
(0.0618657 0.212674 0.198991)
(0.0621956 0.237479 0.199548)
(0.0499717 0.275013 0.224968)
(0.0249926 0.275021 0.250005)
(0.0124978 0.262674 0.200103)
(0.0749811 0.275002 0.249976)
(-0.0745345 -0.237219 0.0129557)
(-0.0870168 -0.237357 0.0253631)
(-0.0872333 -0.249907 0.0127329)
(-0.0871335 -0.237373 0.000352102)
(-0.0996196 -0.237408 0.0128)
(-0.0623449 -0.249968 0.01267)
(-0.0621523 -0.237389 0.00044649)
(-0.0873816 -0.25006 0.0375925)
(-0.0996939 -0.237563 0.0377047)
(-1.68175e-05 -0.235074 0.0621238)
(-0.0123663 -0.248752 0.0624065)
(0.0745372 -0.237218 0.0129589)
(0.087018 -0.237356 0.0253653)
(0.0872341 -0.249906 0.0127341)
(0.0871342 -0.237373 0.000353297)
(0.0996202 -0.237408 0.0128011)
(0.0623459 -0.249967 0.0126711)
(0.0621525 -0.237388 0.000447446)
(0.0873811 -0.250058 0.0375924)
(0.0996932 -0.237561 0.0377045)
(0.012337 -0.248752 0.0623933)
(-0.0375283 -0.137927 0.0249673)
(-0.0251419 -0.137913 0.0372917)
(-0.0375913 -0.125334 0.0373992)
(-0.0500721 -0.13807 0.03743)
(-0.0378156 -0.137976 0.0496944)
(-0.0249839 -0.137741 0.0125266)
(-0.0125239 -0.13772 0.0249505)
(-1.67275e-07 -0.1376 0.0124639)
(-0.0124879 -0.137552 -3.35752e-05)
(-0.0374494 -0.125273 0.0125772)
(-0.0125512 -0.125216 0.0373708)
(-0.0498097 -0.138018 0.0127517)
(-0.0373652 -0.137877 0.000241689)
(3.0093e-07 -0.137739 0.0372963)
(-0.0126347 -0.137828 0.0496902)
(-0.0129949 -0.175713 0.0614891)
(-5.61571e-07 -0.188249 0.0619756)
(-0.0128501 -0.16314 0.0746877)
(-0.0257872 -0.163111 0.0875808)
(5.11696e-07 -0.163284 0.0875562)
(-0.0129035 -0.163219 0.100461)
(-0.0128003 -0.150525 0.0875737)
(1.25336e-06 -0.163054 0.0618207)
(-0.0127779 -0.150482 0.0620072)
(-0.038276 -0.150524 0.0875971)
(-0.0749784 -0.137774 0.0625236)
(-0.0625676 -0.125252 0.0624803)
(-0.0626792 -0.137766 0.0749791)
(-0.0625307 -0.137933 0.0499815)
(-0.0502336 -0.137924 0.0623793)
(-0.0874415 -0.125187 0.0625414)
(-0.0875242 -0.13762 0.0750178)
(-0.075086 -0.137692 0.0875087)
(-0.0875272 -0.137669 0.0999903)
(-0.0626428 -0.125223 0.0875174)
(-0.0872301 -0.137916 0.0501439)
(-0.0627134 -0.137913 0.100061)
(-0.0504062 -0.137868 0.0875554)
(0.0861711 -0.163504 0.0259703)
(0.0993132 -0.162824 0.0130209)
(0.0868585 -0.150602 0.0130567)
(0.0868583 -0.162904 0.000634828)
(0.098987 -0.162926 0.0380765)
(0.0867998 -0.150682 0.0379189)
(0.0375281 -0.137925 0.0249672)
(0.0251417 -0.137911 0.0372922)
(0.037591 -0.125333 0.0373992)
(0.0500713 -0.138068 0.0374298)
(0.0378152 -0.137975 0.0496947)
(0.0249839 -0.137739 0.0125265)
(0.0125238 -0.13772 0.0249505)
(0.0124874 -0.137552 -3.3801e-05)
(0.0374495 -0.125272 0.0125772)
(0.0125513 -0.125215 0.037371)
(0.0498104 -0.138016 0.0127526)
(0.0373652 -0.137875 0.000241561)
(0.0126354 -0.137827 0.0496908)
(0.0129991 -0.175712 0.0614916)
(0.0128517 -0.163139 0.0746891)
(0.0257875 -0.163109 0.087582)
(0.0128 -0.150523 0.0875725)
(0.0127796 -0.150482 0.0620086)
(0.0382753 -0.150522 0.087598)
(0.0749783 -0.137772 0.0625237)
(0.0625672 -0.125251 0.0624804)
(0.0626784 -0.137764 0.0749791)
(0.0625303 -0.137931 0.0499818)
(0.0502329 -0.137922 0.0623796)
(0.0874416 -0.125186 0.0625414)
(0.0875245 -0.137618 0.0750175)
(0.0750859 -0.13769 0.0875084)
(0.0875278 -0.137666 0.09999)
(0.0626424 -0.125222 0.0875173)
(0.08723 -0.137915 0.0501442)
(0.0627132 -0.137911 0.100061)
(0.0504055 -0.137867 0.0875556)
(-0.0375283 0.137927 0.0249673)
(-0.0375913 0.125334 0.0373993)
(-0.0251419 0.137913 0.0372917)
(-0.0500721 0.13807 0.03743)
(-0.0378156 0.137976 0.0496944)
(-0.0374494 0.125273 0.0125772)
(-0.0249839 0.137741 0.0125266)
(-0.0125239 0.13772 0.0249505)
(-0.0124879 0.137552 -3.3575e-05)
(-0.0125512 0.125216 0.0373708)
(-0.0498097 0.138018 0.0127517)
(-0.0373652 0.137877 0.000241689)
(-0.0126347 0.137828 0.0496902)
(-0.086165 0.163505 0.0259625)
(-0.0868563 0.150603 0.0130539)
(-0.0868572 0.162904 0.000633251)
(-0.0993121 0.162825 0.0130192)
(-0.0867993 0.150684 0.0379175)
(-0.0989873 0.162929 0.0380757)
(-0.0625676 0.125252 0.0624803)
(-0.0749784 0.137774 0.0625236)
(-0.0626792 0.137766 0.0749792)
(-0.0625307 0.137933 0.0499815)
(-0.0502336 0.137924 0.0623793)
(-0.0874415 0.125187 0.0625414)
(-0.0626427 0.125223 0.0875175)
(-0.0875242 0.13762 0.0750179)
(-0.0750859 0.137692 0.0875087)
(-0.0872301 0.137916 0.0501439)
(-0.0504061 0.137868 0.0875556)
(-0.0129949 0.175713 0.0614891)
(-5.58235e-07 0.188249 0.0619756)
(-0.0128503 0.16314 0.0746878)
(-0.0257869 0.163111 0.0875809)
(2.84e-07 0.163284 0.0875562)
(-0.0129029 0.163218 0.10046)
(1.29653e-06 0.163054 0.0618208)
(-0.0127782 0.150482 0.0620074)
(-0.0382757 0.150523 0.0875974)
(0.0861711 0.163504 0.0259703)
(0.0868585 0.150602 0.0130567)
(0.0868583 0.162904 0.000634829)
(0.0993132 0.162824 0.0130209)
(0.0867998 0.150682 0.0379189)
(0.098987 0.162926 0.0380766)
(0.0625672 0.125251 0.0624804)
(0.0749782 0.137772 0.0625237)
(0.0626784 0.137764 0.0749791)
(0.0625303 0.137931 0.0499818)
(0.0502328 0.137922 0.0623796)
(0.0874416 0.125186 0.0625414)
(0.0626424 0.125222 0.0875174)
(0.0875244 0.137618 0.0750175)
(0.0750858 0.13769 0.0875084)
(0.0875277 0.137666 0.09999)
(0.08723 0.137915 0.0501442)
(0.0627131 0.137911 0.100061)
(0.0504054 0.137867 0.0875558)
(0.0129991 0.175712 0.0614916)
(0.0128518 0.163139 0.0746892)
(0.0257875 0.163109 0.0875823)
(0.0129042 0.163216 0.10046)
(0.0128007 0.150523 0.0875728)
(0.0127797 0.150482 0.0620087)
(0.0382752 0.150522 0.0875984)
(-1.68269e-05 0.235074 0.0621238)
(-0.0123663 0.248752 0.0624065)
(0.0745372 0.237218 0.0129589)
(0.087018 0.237356 0.0253653)
(0.0996202 0.237408 0.0128011)
(0.0872341 0.249906 0.0127341)
(0.0871342 0.237373 0.000353297)
(0.0623459 0.249967 0.0126711)
(0.0621525 0.237388 0.000447445)
(0.0996932 0.237561 0.0377045)
(0.0873811 0.250058 0.0375924)
(0.012337 0.248752 0.0623933)
(-0.0873064 -0.249991 0.137352)
(-0.0868508 -0.237256 0.149494)
(-0.0995856 -0.237525 0.137225)
(-0.0377383 -0.249441 0.112658)
(-0.0249768 -0.237834 0.187661)
(-7.82591e-07 -0.238204 0.188039)
(-0.0125048 -0.25039 0.187724)
(-0.0125006 -0.237886 0.200364)
(-0.037397 -0.25008 0.187378)
(-0.0496914 -0.237499 0.18701)
(-0.0373481 -0.237588 0.19982)
(0.0377587 -0.249444 0.112628)
(0.087306 -0.24999 0.137352)
(0.0868506 -0.237255 0.149492)
(0.099585 -0.237524 0.137225)
(0.0249774 -0.237832 0.187661)
(0.0125048 -0.25039 0.187723)
(0.0125013 -0.237886 0.200363)
(0.0373972 -0.250079 0.187377)
(0.0496912 -0.237498 0.187009)
(0.0373486 -0.237587 0.199819)
(-0.0128146 -0.150676 0.113253)
(-0.0625485 -0.138101 0.125022)
(-0.0747535 -0.138083 0.137304)
(-0.0624284 -0.12547 0.137431)
(-0.0500571 -0.138181 0.137556)
(-0.0622213 -0.138217 0.149718)
(-0.0749958 -0.137932 0.112488)
(-0.087278 -0.13794 0.124876)
(-0.0626004 -0.125398 0.11254)
(-0.0873166 -0.12534 0.137365)
(-0.0503426 -0.138146 0.112673)
(-0.0871087 -0.138026 0.149677)
(-0.0864968 -0.175333 0.161612)
(-0.0874423 -0.200556 0.162464)
(-0.0618492 -0.17528 0.186553)
(-0.0626539 -0.200575 0.187769)
(-0.0868732 -0.162989 0.174366)
(-0.0744929 -0.162924 0.186881)
(-0.0871853 -0.150293 0.187155)
(-0.0868789 -0.150668 0.16193)
(-0.0496312 -0.163035 0.186876)
(-0.0621349 -0.150482 0.187009)
(-0.0249206 -0.162931 0.187429)
(-3.00727e-07 -0.16244 0.18808)
(-0.012482 -0.150166 0.187603)
(-0.012497 -0.162586 0.200333)
(-0.0373117 -0.150515 0.187131)
(-0.0373409 -0.162811 0.199753)
(0.0869946 -0.150699 0.13717)
(0.0863367 -0.163617 0.14907)
(0.0994606 -0.163002 0.137162)
(0.0625482 -0.1381 0.125022)
(0.0747537 -0.138082 0.137303)
(0.0624284 -0.12547 0.137431)
(0.0500569 -0.138179 0.137556)
(0.0622218 -0.138216 0.149718)
(0.074996 -0.13793 0.112488)
(0.0872779 -0.137939 0.124875)
(0.0626003 -0.125397 0.11254)
(0.0873167 -0.125339 0.137364)
(0.0503421 -0.138145 0.112673)
(0.0871091 -0.138025 0.149676)
(0.024921 -0.16293 0.187429)
(0.0124976 -0.162585 0.200333)
(0.012482 -0.150166 0.187603)
(0.0496317 -0.163035 0.186876)
(0.0373413 -0.16281 0.199753)
(0.0373123 -0.150514 0.187131)
(0.0864975 -0.175333 0.161611)
(0.0874827 -0.200558 0.1625)
(0.0618494 -0.175281 0.186552)
(0.062673 -0.200576 0.187793)
(0.0868741 -0.16299 0.174366)
(0.0744936 -0.162925 0.18688)
(0.0871858 -0.150294 0.187155)
(0.0868798 -0.150668 0.161929)
(0.0621356 -0.150482 0.187009)
(-0.0863357 0.163618 0.149073)
(-0.099461 0.163003 0.137164)
(-1.66597e-06 0.163209 0.113486)
(-0.012814 0.150675 0.113253)
(-0.0864968 0.175333 0.161612)
(-0.087483 0.200559 0.162499)
(-0.0868732 0.162989 0.174366)
(-0.0744929 0.162924 0.186881)
(-0.0871853 0.150293 0.187155)
(-0.0618492 0.17528 0.186553)
(-0.0626709 0.200577 0.187796)
(-0.0868789 0.150668 0.16193)
(-0.0496313 0.163035 0.186876)
(-0.0621348 0.150482 0.187009)
(-0.0249207 0.162931 0.187429)
(-3.37704e-07 0.162441 0.18808)
(-0.012482 0.150167 0.187603)
(-0.0124971 0.162586 0.200333)
(-0.0373118 0.150515 0.187131)
(-0.0373409 0.162811 0.199753)
(0.0625482 0.1381 0.125022)
(0.0624284 0.12547 0.137431)
(0.0747537 0.138082 0.137303)
(0.0500569 0.138179 0.137556)
(0.0622218 0.138216 0.149718)
(0.0626003 0.125397 0.11254)
(0.0749959 0.13793 0.112488)
(0.0872779 0.137939 0.124875)
(0.0873167 0.125339 0.137364)
(0.050342 0.138145 0.112673)
(0.0869946 0.150699 0.13717)
(0.0871091 0.138025 0.149676)
(0.0128132 0.150674 0.113252)
(0.0863366 0.163617 0.14907)
(0.0994607 0.163002 0.137162)
(0.024921 0.16293 0.187429)
(0.012482 0.150166 0.187603)
(0.0124975 0.162585 0.200333)
(0.0496317 0.163035 0.186876)
(0.0373123 0.150514 0.187131)
(0.0373412 0.16281 0.199753)
(0.0864975 0.175333 0.161611)
(0.0874827 0.200558 0.162499)
(0.086874 0.16299 0.174366)
(0.0744936 0.162925 0.18688)
(0.0871858 0.150294 0.187155)
(0.0618494 0.175281 0.186552)
(0.062673 0.200576 0.187793)
(0.0868797 0.150668 0.161929)
(0.0621356 0.150482 0.187009)
(-0.0377383 0.249441 0.112658)
(-0.0249772 0.237834 0.187661)
(-2.65035e-06 0.238204 0.188039)
(-0.0125053 0.25039 0.187724)
(-0.0125019 0.237886 0.200364)
(-0.0496915 0.237499 0.18701)
(-0.0373971 0.25008 0.187378)
(-0.0373484 0.237588 0.19982)
(0.099585 0.237524 0.137225)
(0.087306 0.24999 0.137352)
(0.0868506 0.237255 0.149492)
(0.024977 0.237832 0.187661)
(0.0125 0.237886 0.200363)
(0.0125043 0.25039 0.187723)
(0.0373483 0.237588 0.199819)
(0.0496911 0.237498 0.187009)
(0.037397 0.250079 0.187377)
(-0.124966 -0.224997 -0.0499645)
(-0.124954 -0.249992 -0.0249575)
(-0.149963 -0.224997 -0.0249694)
(-0.125813 -0.200028 -0.0257314)
(0.124966 -0.224996 -0.0499645)
(0.124954 -0.249992 -0.0249574)
(0.149963 -0.224997 -0.0249694)
(0.125813 -0.200028 -0.0257305)
(-0.124956 -0.175007 -0.049954)
(-0.149952 -0.175006 -0.0249613)
(-0.124926 -0.150034 -0.0249322)
(-0.0996772 -0.162647 -0.0121753)
(0.149952 -0.175006 -0.0249613)
(0.124926 -0.150034 -0.0249321)
(0.0996776 -0.162647 -0.0121747)
(-0.124956 0.175007 -0.049954)
(-0.124926 0.150034 -0.0249322)
(-0.149952 0.175006 -0.0249613)
(-0.125813 0.200028 -0.0257311)
(-0.0996772 0.162647 -0.0121753)
(0.124956 0.175007 -0.049954)
(0.124926 0.150034 -0.0249321)
(0.149952 0.175006 -0.0249613)
(0.125813 0.200028 -0.0257309)
(0.0996776 0.162647 -0.0121747)
(-0.124966 0.224997 -0.0499645)
(-0.149963 0.224997 -0.0249694)
(-0.124954 0.249992 -0.0249575)
(0.149963 0.224997 -0.0249694)
(0.124954 0.249992 -0.0249574)
(-0.0500876 -0.262401 0.0374298)
(-0.0625897 -0.26238 0.0499543)
(-0.049993 -0.262572 0.0124973)
(-0.0875247 -0.262569 0.0500085)
(0.0375602 -0.262505 0.0249183)
(0.037567 -0.274894 0.0374362)
(0.0251038 -0.262275 0.0373694)
(0.0500865 -0.2624 0.0374283)
(0.0376828 -0.26215 0.0498734)
(0.0375158 -0.27505 0.0124626)
(0.0250328 -0.262609 0.0124023)
(0.0125293 -0.262365 0.024902)
(-6.70326e-07 -0.262571 0.0123934)
(0.0125256 -0.274824 0.0374375)
(0.0499929 -0.262571 0.0124972)
(-2.12645e-06 -0.262179 0.0374145)
(0.0125325 -0.262053 0.0499189)
(0.111919 -0.162685 0.0253709)
(0.111642 -0.175028 0.0380076)
(0.12611 -0.187318 0.0371936)
(0.113268 -0.199985 0.0373332)
(0.113788 -0.187308 0.0497663)
(0.124634 -0.162612 0.0377287)
(0.112161 -0.162754 0.050221)
(-0.0622497 0.138121 0.0252465)
(-0.0624282 0.12539 0.037562)
(-0.0747356 0.138033 0.0376929)
(-0.0622878 0.125412 0.012738)
(-0.0745758 0.138081 0.0129176)
(-0.0870716 0.137987 0.025325)
(-0.0872828 0.125313 0.0376458)
(0.112224 0.237499 0.0251876)
(0.112071 0.225049 0.0377762)
(0.124577 0.212522 0.0377732)
(0.113268 0.199985 0.0373332)
(0.112246 0.212609 0.0502255)
(0.124859 0.237539 0.037607)
(0.112466 0.237612 0.0500757)
(-0.0626878 -0.263946 0.125077)
(-0.0627002 -0.276156 0.137637)
(-0.0753424 -0.263742 0.137699)
(-0.0501858 -0.264548 0.137636)
(-0.0625437 -0.276122 0.112481)
(-0.0752687 -0.263471 0.112578)
(-0.0875008 -0.262544 0.124975)
(-0.0880445 -0.263984 0.100068)
(-0.0874625 -0.274994 0.137462)
(-0.0626253 -0.263519 0.100063)
(-0.0500487 -0.263351 0.112427)
(0.0375672 -0.263623 0.124785)
(0.0375451 -0.276309 0.137488)
(0.024955 -0.263446 0.137429)
(0.050185 -0.264547 0.137637)
(0.0376226 -0.263979 0.150175)
(0.0375881 -0.274764 0.112539)
(0.0250678 -0.262159 0.112551)
(0.0125462 -0.262325 0.12501)
(0.0125475 -0.261749 0.100006)
(3.12578e-06 -0.262062 0.112498)
(0.0125291 -0.274942 0.137512)
(0.0376616 -0.262062 0.100069)
(0.0500524 -0.263351 0.112418)
(8.12855e-06 -0.26247 0.137519)
(0.0125351 -0.262574 0.150032)
(0.112338 -0.162783 0.124864)
(0.125135 -0.162604 0.112467)
(0.112958 -0.162536 0.100014)
(0.112044 -0.17519 0.137193)
(0.126738 -0.187458 0.138057)
(0.113502 -0.200449 0.137764)
(0.124794 -0.162668 0.13735)
(0.0377972 0.138129 0.125302)
(0.0375846 0.125464 0.13762)
(0.0251479 0.138173 0.137828)
(0.037515 0.138113 0.150037)
(0.0377461 0.125405 0.112665)
(0.0253539 0.138021 0.112824)
(0.0126541 0.138074 0.125575)
(0.0125648 0.125416 0.137793)
(0.0380029 0.137978 0.100194)
(-8.90352e-07 0.138026 0.13801)
(0.0125419 0.137982 0.150207)
(0.112406 0.237597 0.124893)
(0.125122 0.237651 0.112471)
(0.112877 0.23784 0.100007)
(0.111967 0.2251 0.137158)
(0.124518 0.212649 0.137185)
(0.113502 0.200449 0.137764)
(0.124807 0.237549 0.13736)
(-0.0375609 -0.262506 0.0249191)
(-0.0375683 -0.274895 0.0374377)
(-0.0251068 -0.262276 0.0373719)
(-0.0376862 -0.26215 0.049878)
(-0.0375161 -0.27505 0.0124628)
(-0.0250336 -0.262609 0.0124026)
(-0.0125312 -0.262365 0.0249026)
(-0.0125284 -0.274824 0.0374385)
(-0.0125409 -0.262053 0.0499226)
(-0.0625911 -0.275625 0.0624585)
(-0.0752832 -0.263471 0.0624093)
(-0.0626539 -0.263491 0.0750007)
(-0.0501325 -0.262107 0.0624504)
(-0.0878547 -0.275956 0.0624027)
(-0.0626175 -0.27622 0.0875744)
(-0.0880474 -0.263964 0.074944)
(-0.0753018 -0.264015 0.0875217)
(-0.0501761 -0.262087 0.0875051)
(-0.0375917 -0.274704 0.0624713)
(-0.02513 -0.261909 0.0624975)
(-0.0376348 -0.261952 0.0749924)
(-0.0125307 -0.274522 0.0624706)
(-0.0375895 -0.274666 0.0875128)
(-0.0125967 -0.261435 0.0749921)
(-0.0251027 -0.261773 0.0875091)
(-2.15595e-06 -0.261269 0.0874456)
(-0.0125454 -0.26175 0.100014)
(-6.21531e-06 -0.261623 0.0624274)
(-0.037656 -0.262063 0.100084)
(0.0624853 -0.262514 0.025017)
(0.0625887 -0.262379 0.0499522)
(0.0624709 -0.275008 0.0125298)
(0.0748991 -0.26247 0.012602)
(0.0875241 -0.262568 0.0500075)
(0.0375891 -0.274703 0.0624663)
(0.0251207 -0.261908 0.0624872)
(0.0376322 -0.26195 0.0749813)
(0.0501305 -0.262105 0.0624444)
(0.012524 -0.274522 0.062467)
(0.0375898 -0.274664 0.0875041)
(0.0125865 -0.261434 0.0749836)
(0.0251018 -0.26177 0.0874947)
(0.050177 -0.262084 0.0874901)
(0.0625906 -0.275625 0.0624559)
(0.0752825 -0.26347 0.062407)
(0.0626534 -0.263489 0.0749947)
(0.0878543 -0.275955 0.0624015)
(0.0626165 -0.276219 0.0875695)
(0.0880467 -0.263962 0.0749414)
(0.0753017 -0.264013 0.0875168)
(0.0880443 -0.263982 0.100065)
(0.062626 -0.263517 0.100055)
(-0.0622497 -0.138121 0.0252465)
(-0.0747356 -0.138033 0.0376929)
(-0.0624282 -0.12539 0.037562)
(-0.0745758 -0.138081 0.0129176)
(-0.0870716 -0.137987 0.025325)
(-0.0622878 -0.125412 0.012738)
(-0.0872828 -0.125313 0.0376458)
(0.0622508 -0.13812 0.0252478)
(0.0747361 -0.138031 0.0376942)
(0.0624281 -0.125389 0.0375625)
(0.0745774 -0.13808 0.0129196)
(0.0870732 -0.137986 0.0253271)
(0.0622884 -0.125411 0.0127388)
(0.0872832 -0.125312 0.0376466)
(0.0622508 0.13812 0.0252478)
(0.0624281 0.125389 0.0375625)
(0.0747361 0.138031 0.0376942)
(0.0622884 0.125411 0.0127388)
(0.0745774 0.13808 0.0129196)
(0.0870732 0.137986 0.0253271)
(0.0872832 0.125312 0.0376466)
(-0.0500876 0.262401 0.0374298)
(-0.0625897 0.26238 0.0499543)
(-0.049993 0.262572 0.0124973)
(-0.0875247 0.262569 0.0500085)
(-0.0375609 0.262506 0.0249191)
(-0.0251068 0.262276 0.0373719)
(-0.0375683 0.274895 0.0374377)
(-0.0376862 0.26215 0.049878)
(-0.0250337 0.262609 0.0124026)
(-0.0125312 0.262365 0.0249026)
(-6.85861e-07 0.262571 0.0123934)
(-0.0375162 0.27505 0.0124628)
(-0.0125284 0.274824 0.0374385)
(-0.0125409 0.262053 0.0499226)
(-2.12892e-06 0.262179 0.0374145)
(-0.0752832 0.263471 0.0624093)
(-0.0625911 0.275625 0.0624585)
(-0.0626539 0.263491 0.0750007)
(-0.0501325 0.262107 0.0624504)
(-0.0878547 0.275956 0.0624027)
(-0.0880475 0.263964 0.074944)
(-0.0753019 0.264015 0.0875217)
(-0.0880445 0.263984 0.100068)
(-0.0626176 0.27622 0.0875744)
(-0.0501761 0.262087 0.0875051)
(-0.0626253 0.263519 0.100063)
(-0.02513 0.261909 0.0624975)
(-0.0375917 0.274704 0.0624713)
(-0.0376348 0.261952 0.0749924)
(-0.0125307 0.274522 0.0624706)
(-0.0125967 0.261435 0.0749921)
(-0.0251027 0.261773 0.087509)
(-2.15767e-06 0.261269 0.0874456)
(-0.0125454 0.26175 0.100014)
(-0.0375895 0.274666 0.0875128)
(-6.21858e-06 0.261623 0.0624274)
(-0.037656 0.262063 0.100084)
(0.0375602 0.262505 0.0249183)
(0.0251038 0.262275 0.0373694)
(0.037567 0.274894 0.0374362)
(0.0500865 0.2624 0.0374283)
(0.0376828 0.26215 0.0498734)
(0.0250328 0.262609 0.0124023)
(0.0125293 0.262365 0.024902)
(0.0375158 0.27505 0.0124626)
(0.0125256 0.274824 0.0374375)
(0.0499929 0.262571 0.0124972)
(0.0125325 0.262053 0.0499189)
(0.0624853 0.262514 0.025017)
(0.0625887 0.262379 0.0499522)
(0.0748991 0.26247 0.012602)
(0.0624709 0.275008 0.0125298)
(0.0875241 0.262568 0.0500075)
(0.0251207 0.261908 0.0624872)
(0.0375891 0.274703 0.0624663)
(0.0376322 0.26195 0.0749813)
(0.0501305 0.262105 0.0624444)
(0.012524 0.274522 0.062467)
(0.0125865 0.261434 0.0749836)
(0.0251018 0.26177 0.0874947)
(0.0125475 0.261749 0.100006)
(0.0375898 0.274664 0.0875041)
(0.050177 0.262084 0.0874901)
(0.0376616 0.262062 0.100069)
(0.0752825 0.26347 0.062407)
(0.0625906 0.275625 0.0624559)
(0.0626534 0.263489 0.0749947)
(0.0878543 0.275955 0.0624015)
(0.0880467 0.263962 0.0749414)
(0.0753017 0.264013 0.0875168)
(0.0880443 0.263982 0.100065)
(0.0626165 0.276219 0.0875695)
(0.062626 0.263517 0.100055)
(-0.0375617 -0.263614 0.124792)
(-0.0375432 -0.276321 0.13749)
(-0.0249446 -0.263463 0.137431)
(-0.0376216 -0.263983 0.150176)
(-0.037584 -0.274765 0.112546)
(-0.0250601 -0.262159 0.112562)
(-0.012535 -0.262326 0.125015)
(-0.0125213 -0.274943 0.137514)
(-0.0125259 -0.262575 0.150034)
(-0.0376451 -0.276484 0.162792)
(-0.0250113 -0.262625 0.16254)
(-0.0374652 -0.262558 0.174965)
(-0.0125065 -0.275117 0.162538)
(-0.0125059 -0.262763 0.1751)
(-0.0249934 -0.262664 0.187565)
(5.57502e-08 -0.262746 0.18763)
(2.20378e-06 -0.262767 0.162575)
(-0.0743452 -0.237062 0.161833)
(-0.0619839 -0.237237 0.174311)
(-0.0865365 -0.224708 0.161661)
(-0.0869993 -0.23732 0.1745)
(-0.0746005 -0.237385 0.186978)
(-0.0618505 -0.224948 0.186523)
(0.0626809 -0.263947 0.125072)
(0.0626868 -0.276157 0.137642)
(0.0753349 -0.263744 0.137698)
(0.0625367 -0.276121 0.112474)
(0.0752646 -0.263471 0.112573)
(0.0875007 -0.262543 0.124974)
(0.0874624 -0.274994 0.137461)
(0.0376453 -0.276481 0.162791)
(0.0250137 -0.262624 0.162539)
(0.0374655 -0.262557 0.174965)
(0.0125092 -0.275117 0.162538)
(0.0125071 -0.262763 0.175099)
(0.0249936 -0.262664 0.187565)
(0.0743439 -0.237063 0.161832)
(0.0619821 -0.237237 0.174311)
(0.0865356 -0.224708 0.161661)
(0.0869985 -0.23732 0.174499)
(0.0745998 -0.237385 0.186978)
(0.0618498 -0.224947 0.186522)
(-0.0377977 -0.13813 0.125303)
(-0.0251485 -0.138174 0.137828)
(-0.0375848 -0.125465 0.13762)
(-0.0375148 -0.138114 0.150038)
(-0.0253545 -0.138023 0.112824)
(-0.0126557 -0.138075 0.125576)
(-0.0377465 -0.125406 0.112665)
(-0.0125656 -0.125416 0.137793)
(-0.0380036 -0.13798 0.100194)
(-0.0125425 -0.137983 0.150207)
(-8.67376e-07 -0.138026 0.13801)
(-0.0249782 -0.137974 0.162473)
(-0.0374453 -0.125381 0.162424)
(-0.0373649 -0.137977 0.174741)
(-0.0497984 -0.138101 0.162238)
(-0.0125002 -0.125282 0.162545)
(-0.0124826 -0.13774 0.174991)
(-0.0249424 -0.137763 0.187409)
(-1.0699e-07 -0.137616 0.187561)
(-0.0374263 -0.125233 0.187374)
(-1.71646e-07 -0.137794 0.162572)
(-0.049835 -0.137842 0.187242)
(0.0377972 -0.138129 0.125302)
(0.0251479 -0.138173 0.137828)
(0.0375846 -0.125464 0.13762)
(0.037515 -0.138113 0.150037)
(0.0253539 -0.138021 0.112823)
(0.0126541 -0.138074 0.125575)
(0.0377461 -0.125405 0.112665)
(0.0125648 -0.125416 0.137793)
(0.038003 -0.137978 0.100194)
(0.0125419 -0.137982 0.150207)
(0.0249783 -0.137973 0.162473)
(0.0374455 -0.12538 0.162423)
(0.0373654 -0.137977 0.174741)
(0.049799 -0.138101 0.162238)
(0.0125001 -0.125281 0.162545)
(0.0124825 -0.137739 0.174991)
(0.0249425 -0.137762 0.187409)
(0.0374265 -0.125232 0.187374)
(0.0498353 -0.137842 0.187242)
(-0.0377977 0.13813 0.125303)
(-0.0375848 0.125465 0.13762)
(-0.0251485 0.138174 0.137828)
(-0.0375148 0.138114 0.150038)
(-0.0377464 0.125406 0.112665)
(-0.0253544 0.138022 0.112824)
(-0.0126557 0.138075 0.125576)
(-0.0125656 0.125416 0.137793)
(-0.0380033 0.137979 0.100194)
(-0.0125425 0.137983 0.150207)
(-0.0374453 0.125381 0.162424)
(-0.0249782 0.137974 0.162473)
(-0.0373649 0.137977 0.174741)
(-0.0497984 0.138101 0.162238)
(-0.0125002 0.125282 0.162545)
(-0.0374263 0.125233 0.187374)
(-0.0124826 0.13774 0.174991)
(-0.0249424 0.137763 0.187409)
(-1.11648e-07 0.137616 0.187561)
(-1.73525e-07 0.137794 0.162572)
(-0.049835 0.137842 0.187242)
(0.0374455 0.12538 0.162423)
(0.0249783 0.137973 0.162473)
(0.0373654 0.137977 0.174741)
(0.0497989 0.138101 0.162238)
(0.0125001 0.125281 0.162545)
(0.0374265 0.125232 0.187374)
(0.0124825 0.137739 0.174991)
(0.0249425 0.137762 0.187409)
(0.0498353 0.137842 0.187242)
(-0.0626878 0.263946 0.125077)
(-0.0753424 0.263742 0.137699)
(-0.0627002 0.276156 0.137637)
(-0.0501858 0.264548 0.137636)
(-0.0752687 0.263471 0.112578)
(-0.0875008 0.262544 0.124975)
(-0.0625438 0.276122 0.112481)
(-0.0874625 0.274994 0.137462)
(-0.0500488 0.263351 0.112427)
(-0.0375626 0.263614 0.124792)
(-0.0249469 0.263463 0.137431)
(-0.0375432 0.276321 0.13749)
(-0.0376216 0.263983 0.150176)
(-0.0250601 0.262159 0.112562)
(-0.012535 0.262326 0.125015)
(3.12414e-06 0.262062 0.112498)
(-0.037584 0.274765 0.112546)
(-0.0125213 0.274943 0.137514)
(-0.0125259 0.262575 0.150034)
(8.12174e-06 0.26247 0.137519)
(-0.0743452 0.237062 0.161833)
(-0.0619839 0.237237 0.174311)
(-0.0865365 0.224708 0.161661)
(-0.0618505 0.224948 0.186523)
(-0.0869993 0.23732 0.1745)
(-0.0746005 0.237385 0.186978)
(-0.0250114 0.262625 0.16254)
(-0.0376451 0.276484 0.162792)
(-0.0374652 0.262558 0.174965)
(-0.0125065 0.275117 0.162538)
(-0.012506 0.262763 0.1751)
(-0.0249935 0.262664 0.187565)
(-2.23034e-07 0.262746 0.18763)
(2.15171e-06 0.262767 0.162575)
(0.0375664 0.263623 0.124785)
(0.0249528 0.263445 0.137429)
(0.0375451 0.276309 0.137488)
(0.050185 0.264547 0.137637)
(0.0376226 0.263979 0.150175)
(0.0250678 0.262159 0.112551)
(0.0125462 0.262325 0.12501)
(0.0375881 0.274764 0.112539)
(0.0125291 0.274942 0.137512)
(0.0500524 0.263351 0.112418)
(0.012535 0.262574 0.150032)
(0.0626884 0.263946 0.125075)
(0.075341 0.263742 0.1377)
(0.0626945 0.276156 0.137644)
(0.0752692 0.26347 0.112574)
(0.0875007 0.262543 0.124974)
(0.0625446 0.276122 0.112477)
(0.0874624 0.274994 0.137461)
(0.0743439 0.237063 0.161832)
(0.0619821 0.237237 0.174311)
(0.0865356 0.224708 0.161661)
(0.0618498 0.224947 0.186522)
(0.0869985 0.23732 0.174499)
(0.0745998 0.237385 0.186978)
(0.0250137 0.262624 0.162539)
(0.0376453 0.276481 0.162791)
(0.0374655 0.262557 0.174965)
(0.0125092 0.275117 0.162538)
(0.012507 0.262763 0.175099)
(0.0249935 0.262664 0.187565)
(-0.0747217 -0.237429 -0.0121493)
(-0.0620422 -0.224949 -0.0118248)
(-0.0620919 -0.212488 -0.024359)
(-0.0627072 -0.199929 -0.0128355)
(-0.0623119 -0.237499 -0.024736)
(-0.04982 -0.237597 -0.0122439)
(-0.0623313 -0.224998 -0.0372466)
(-0.0748007 -0.212484 -0.0372016)
(-0.0497969 -0.212504 -0.037197)
(-0.0630445 -0.200048 -0.0386954)
(-0.0250354 -0.237927 -0.0128177)
(-0.0125193 -0.237788 -0.0253908)
(-1.20454e-06 -0.238181 -0.0131293)
(-0.0374445 -0.237614 -0.0250027)
(-0.0379067 -0.225674 -0.0393189)
(-0.0127951 -0.226152 -0.0409057)
(-0.0253334 -0.212897 -0.0397072)
(2.40406e-06 -0.213087 -0.041768)
(-0.012919 -0.200153 -0.042255)
(-0.0379711 -0.200125 -0.039563)
(0.025034 -0.237926 -0.0128179)
(0.0125192 -0.237789 -0.0253909)
(0.0374437 -0.237614 -0.025003)
(0.0498177 -0.237596 -0.0122448)
(0.0379072 -0.225674 -0.0393214)
(0.012798 -0.226154 -0.040914)
(0.0253362 -0.212899 -0.0397093)
(0.0129235 -0.200157 -0.0422572)
(0.0497954 -0.212504 -0.037198)
(0.0379716 -0.200126 -0.0395626)
(0.0747212 -0.237428 -0.0121491)
(0.0620392 -0.224947 -0.0118261)
(0.0620885 -0.212487 -0.0243609)
(0.0627029 -0.199927 -0.0128381)
(0.0623106 -0.237498 -0.0247365)
(0.06233 -0.224997 -0.0372473)
(0.0747995 -0.212483 -0.0372023)
(0.0630433 -0.200047 -0.0386964)
(-0.0617213 -0.175067 -0.0112871)
(-0.0628121 -0.187285 -0.0257038)
(-0.0744657 -0.162832 -0.0118144)
(-0.0872157 -0.162633 -0.0246536)
(-0.0620945 -0.162708 -0.0243897)
(-0.0622386 -0.175002 -0.0370918)
(-0.0498231 -0.162585 -0.0372345)
(-0.0755424 -0.187369 -0.0385313)
(-0.050493 -0.187298 -0.0390408)
(-0.0373638 -0.175017 -0.0373776)
(-0.0249584 -0.162538 -0.0376149)
(-0.0374102 -0.150098 -0.0374007)
(-0.0254179 -0.187325 -0.0402736)
(-0.0125047 -0.174978 -0.0380081)
(2.45061e-06 -0.187294 -0.0414615)
(6.52935e-07 -0.162464 -0.0379003)
(-0.0124897 -0.15 -0.0376858)
(0.0373641 -0.175017 -0.0373775)
(0.024959 -0.162538 -0.037615)
(0.0498232 -0.162585 -0.0372343)
(0.0374103 -0.150098 -0.0374007)
(0.0254201 -0.187326 -0.0402733)
(0.0125072 -0.174979 -0.0380081)
(0.0504926 -0.187298 -0.0390406)
(0.0124902 -0.15 -0.0376859)
(0.0617216 -0.175065 -0.0112863)
(0.0628109 -0.187283 -0.0257031)
(0.0744662 -0.162832 -0.0118136)
(0.0872158 -0.162632 -0.0246532)
(0.0620946 -0.162707 -0.0243893)
(0.0622384 -0.175002 -0.0370917)
(0.0755414 -0.187369 -0.0385306)
(-0.0744657 0.162832 -0.0118144)
(-0.0872157 0.162633 -0.0246536)
(-0.0617213 0.175067 -0.0112871)
(-0.0628121 0.187285 -0.0257038)
(-0.0627072 0.199929 -0.0128355)
(-0.0620945 0.162708 -0.0243897)
(-0.0622386 0.175002 -0.0370918)
(-0.0498231 0.162585 -0.0372345)
(-0.0755424 0.187369 -0.0385314)
(-0.050493 0.187298 -0.0390408)
(-0.0630445 0.200048 -0.0386955)
(-0.0249584 0.162538 -0.0376149)
(-0.0373638 0.175017 -0.0373776)
(-0.0374102 0.150098 -0.0374007)
(-0.0125047 0.174978 -0.0380081)
(-0.0254179 0.187325 -0.0402735)
(2.45602e-06 0.187294 -0.0414614)
(-0.012919 0.200153 -0.042255)
(6.53736e-07 0.162464 -0.0379003)
(-0.0124897 0.15 -0.0376858)
(-0.0379711 0.200125 -0.039563)
(0.024959 0.162538 -0.037615)
(0.0373641 0.175017 -0.0373775)
(0.0498232 0.162585 -0.0372343)
(0.0374103 0.150098 -0.0374007)
(0.0125072 0.174979 -0.0380081)
(0.0254201 0.187326 -0.0402733)
(0.0129235 0.200157 -0.0422572)
(0.0124902 0.15 -0.0376859)
(0.0504926 0.187298 -0.0390406)
(0.0379716 0.200126 -0.0395626)
(0.0744662 0.162832 -0.0118136)
(0.0872158 0.162632 -0.0246532)
(0.0617216 0.175065 -0.0112863)
(0.0628109 0.187283 -0.0257031)
(0.0627025 0.199927 -0.0128383)
(0.0620946 0.162707 -0.0243893)
(0.0622384 0.175002 -0.0370917)
(0.0755414 0.187369 -0.0385306)
(0.0630433 0.200047 -0.0386965)
(-0.0620423 0.224949 -0.0118248)
(-0.062092 0.212488 -0.024359)
(-0.0747217 0.237429 -0.0121493)
(-0.0623119 0.237499 -0.024736)
(-0.0498201 0.237597 -0.0122439)
(-0.0623314 0.224998 -0.0372466)
(-0.0748008 0.212484 -0.0372017)
(-0.0497971 0.212504 -0.0371974)
(-0.0250354 0.237927 -0.0128177)
(-0.0125193 0.237788 -0.0253908)
(-1.21184e-06 0.238181 -0.0131293)
(-0.0374445 0.237614 -0.0250027)
(-0.0379067 0.225674 -0.0393189)
(-0.0253334 0.212897 -0.0397071)
(-0.0127951 0.226152 -0.0409057)
(2.38927e-06 0.213087 -0.041768)
(0.025034 0.237926 -0.0128179)
(0.0125192 0.237789 -0.0253909)
(0.0374437 0.237614 -0.025003)
(0.0498177 0.237596 -0.0122448)
(0.0379072 0.225674 -0.0393214)
(0.0253362 0.212899 -0.0397092)
(0.012798 0.226154 -0.040914)
(0.0497956 0.212504 -0.0371984)
(0.0620392 0.224947 -0.0118261)
(0.0620885 0.212487 -0.0243609)
(0.0747212 0.237428 -0.0121491)
(0.0623107 0.237498 -0.0247365)
(0.06233 0.224997 -0.0372473)
(0.0747996 0.212483 -0.0372023)
(-0.112224 -0.237499 0.0251875)
(-0.112071 -0.22505 0.0377767)
(-0.124578 -0.212523 0.0377738)
(-0.112247 -0.212611 0.0502268)
(-0.11327 -0.199987 0.0373349)
(-0.124859 -0.23754 0.0376074)
(-0.112467 -0.237613 0.0500768)
(-0.112816 -0.225263 0.0625116)
(-0.125233 -0.212617 0.0625539)
(-0.114656 -0.200268 0.0621783)
(-0.112894 -0.237853 0.0749877)
(-0.125332 -0.237729 0.0875002)
(-0.112877 -0.237842 0.100011)
(-0.12515 -0.237658 0.0625182)
(0.112224 -0.237499 0.0251876)
(0.112071 -0.225049 0.0377762)
(0.124577 -0.212522 0.0377732)
(0.112246 -0.212609 0.0502255)
(0.124859 -0.237539 0.037607)
(0.112466 -0.237612 0.0500757)
(0.112814 -0.225261 0.0625089)
(0.125232 -0.212616 0.0625518)
(0.114655 -0.200266 0.0621765)
(0.112893 -0.237851 0.074984)
(0.125331 -0.237728 0.0874972)
(0.112877 -0.23784 0.100007)
(0.125149 -0.237657 0.0625165)
(-0.111918 -0.162686 0.0253699)
(-0.111642 -0.175029 0.0380071)
(-0.126111 -0.187319 0.0371935)
(-0.113789 -0.18731 0.049766)
(-0.124634 -0.162613 0.0377284)
(-0.112161 -0.162756 0.050221)
(-0.112795 -0.175047 0.0625598)
(-0.127037 -0.187405 0.0622335)
(-0.11294 -0.162521 0.0750095)
(-0.125406 -0.162511 0.0875091)
(-0.112958 -0.162538 0.100014)
(-0.125071 -0.162582 0.0625688)
(0.112794 -0.175046 0.0625594)
(0.127036 -0.187404 0.0622326)
(0.11294 -0.16252 0.0750087)
(0.125406 -0.16251 0.0875083)
(0.125071 -0.162581 0.0625685)
(-0.111918 0.162686 0.0253699)
(-0.111642 0.175029 0.0380071)
(-0.126111 0.187319 0.0371935)
(-0.113789 0.18731 0.049766)
(-0.11327 0.199987 0.0373349)
(-0.124634 0.162613 0.0377284)
(-0.112161 0.162756 0.0502209)
(-0.112795 0.175047 0.0625598)
(-0.127037 0.187405 0.0622335)
(-0.114656 0.200268 0.0621783)
(-0.11294 0.162521 0.0750095)
(-0.125406 0.162511 0.0875091)
(-0.112958 0.162538 0.100014)
(-0.125071 0.162582 0.0625688)
(0.111919 0.162685 0.0253709)
(0.111642 0.175028 0.0380076)
(0.12611 0.187318 0.0371936)
(0.113788 0.187308 0.0497663)
(0.124634 0.162612 0.0377287)
(0.112161 0.162754 0.050221)
(0.112794 0.175046 0.0625594)
(0.127036 0.187404 0.0622326)
(0.114655 0.200266 0.0621765)
(0.11294 0.16252 0.0750087)
(0.125406 0.16251 0.0875083)
(0.112958 0.162536 0.100014)
(0.125071 0.162581 0.0625685)
(-0.112224 0.237499 0.0251875)
(-0.112071 0.22505 0.0377767)
(-0.124578 0.212523 0.0377738)
(-0.112247 0.212611 0.0502268)
(-0.124859 0.23754 0.0376074)
(-0.112467 0.237613 0.0500768)
(-0.112816 0.225263 0.0625116)
(-0.125233 0.212617 0.0625539)
(-0.112894 0.237853 0.0749877)
(-0.125332 0.237729 0.0875002)
(-0.112877 0.237842 0.100011)
(-0.12515 0.237658 0.0625182)
(0.112814 0.225261 0.0625089)
(0.125232 0.212616 0.0625518)
(0.112893 0.237851 0.074984)
(0.125331 0.237728 0.0874972)
(0.125149 0.237657 0.0625165)
(-0.112407 -0.237598 0.124893)
(-0.125123 -0.237653 0.112472)
(-0.111968 -0.225101 0.137159)
(-0.124518 -0.21265 0.137186)
(-0.113468 -0.200448 0.137751)
(-0.124807 -0.23755 0.137361)
(0.112406 -0.237597 0.124893)
(0.125122 -0.237651 0.112471)
(0.111967 -0.2251 0.137158)
(0.124518 -0.212649 0.137185)
(0.124807 -0.237549 0.13736)
(-0.112338 -0.162784 0.124865)
(-0.125135 -0.162605 0.112468)
(-0.112044 -0.175191 0.137193)
(-0.126702 -0.187462 0.138043)
(-0.124794 -0.162669 0.13735)
(-0.112338 0.162784 0.124865)
(-0.125135 0.162605 0.112468)
(-0.112044 0.175191 0.137193)
(-0.126739 0.187459 0.138058)
(-0.1135 0.20045 0.137765)
(-0.124794 0.162669 0.13735)
(0.112338 0.162783 0.124864)
(0.125135 0.162604 0.112467)
(0.112044 0.17519 0.137193)
(0.126738 0.187458 0.138057)
(0.124794 0.162668 0.13735)
(-0.112407 0.237598 0.124893)
(-0.125123 0.237653 0.112472)
(-0.111968 0.225101 0.137159)
(-0.124518 0.21265 0.137186)
(-0.124807 0.23755 0.137361)
(-0.0249966 -0.0750092 -0.0499965)
(-0.0499888 -0.0750237 -0.0249852)
(-0.0749941 -0.0500103 -0.0249931)
(-0.024998 -0.0500083 -0.0249972)
(-7.45898e-09 -0.0750123 -0.0249995)
(0.0749913 -0.0750123 -0.0499892)
(0.0499888 -0.0750237 -0.0249851)
(0.024998 -0.0500083 -0.0249972)
(0.0749942 -0.0500103 -0.0249931)
(-0.0749913 0.0750123 -0.0499892)
(-0.0249966 0.0750092 -0.0499965)
(-0.0749941 0.0500103 -0.0249931)
(-0.024998 0.0500083 -0.0249972)
(-0.0499888 0.0750237 -0.0249852)
(-7.79421e-09 0.0750123 -0.0249995)
(0.0249966 0.0750091 -0.0499965)
(0.0749913 0.0750123 -0.0499892)
(0.024998 0.0500083 -0.0249972)
(0.0749941 0.0500103 -0.0249931)
(0.0499888 0.0750237 -0.0249851)
(-0.0253072 -0.137878 0.0622545)
(-0.0377031 -0.12529 0.062374)
(-0.0378818 -0.137857 0.0748974)
(-0.0253822 -0.13785 0.0875504)
(-0.0377716 -0.125271 0.0875352)
(0.0253072 -0.137877 0.0622554)
(0.0377028 -0.125289 0.0623743)
(0.0378814 -0.137856 0.0748983)
(0.0253818 -0.137849 0.0875507)
(0.0377713 -0.12527 0.0875354)
(-0.0377031 0.12529 0.062374)
(-0.0253071 0.137878 0.0622545)
(-0.0378817 0.137857 0.0748975)
(-0.0377715 0.125271 0.0875354)
(-0.025382 0.13785 0.0875504)
(0.0377028 0.125289 0.0623744)
(0.0253072 0.137877 0.0622555)
(0.0378813 0.137855 0.0748984)
(0.0377712 0.12527 0.0875356)
(0.0253818 0.137849 0.0875509)
(-0.0745615 -0.138128 0.162058)
(-0.0622819 -0.125454 0.162255)
(-0.0621763 -0.138029 0.174599)
(-0.0872686 -0.125317 0.162285)
(-0.0871967 -0.137859 0.174698)
(-0.074766 -0.137807 0.187218)
(-0.0623574 -0.125243 0.187313)
(0.0745623 -0.138128 0.162058)
(0.0622824 -0.125453 0.162255)
(0.0621771 -0.138029 0.174598)
(0.0872689 -0.125317 0.162285)
(0.0871972 -0.137859 0.174697)
(0.0747665 -0.137807 0.187218)
(0.0623577 -0.125243 0.187313)
(-0.0622819 0.125454 0.162255)
(-0.0745615 0.138128 0.162058)
(-0.0621763 0.138029 0.174599)
(-0.0872686 0.125317 0.162285)
(-0.0623574 0.125243 0.187313)
(-0.0871967 0.137859 0.174698)
(-0.074766 0.137807 0.187218)
(0.0622824 0.125453 0.162255)
(0.0745623 0.138128 0.162058)
(0.0621771 0.138029 0.174598)
(0.0872689 0.125317 0.162285)
(0.0623577 0.125243 0.187313)
(0.0871972 0.137859 0.174697)
(0.0747665 0.137807 0.187218)
(-0.0249461 -0.137647 -0.0124558)
(-0.0124857 -0.137521 -0.0250957)
(-1.58233e-07 -0.137477 -0.0126337)
(-0.0374225 -0.125176 -0.0123791)
(-0.037404 -0.137669 -0.0248613)
(0.0249461 -0.137646 -0.012456)
(0.0124857 -0.137521 -0.0250958)
(0.0374225 -0.125176 -0.0123792)
(0.037404 -0.137668 -0.0248614)
(-0.0374225 0.125176 -0.0123791)
(-0.0249461 0.137647 -0.0124558)
(-0.0124857 0.137521 -0.0250957)
(-1.58765e-07 0.137477 -0.0126337)
(-0.037404 0.137669 -0.0248613)
(0.0374225 0.125176 -0.0123792)
(0.0249461 0.137646 -0.012456)
(0.0124857 0.137521 -0.0250958)
(0.037404 0.137668 -0.0248614)
(-0.0499999 -0.35 -0.15)
(0.0499999 -0.35 -0.15)
(-0.15 -0.0500001 -0.15)
(0.15 -0.0500001 -0.15)
(-0.15 0.0500001 -0.15)
(0.15 0.0500001 -0.15)
(-0.0749936 -0.275001 -0.0749927)
(0.0249987 -0.275009 -0.0750086)
(0.124984 -0.175002 -0.0749821)
(-0.074983 0.125014 -0.0749775)
(-0.25 -0.35 0.05)
(0.25 -0.35 0.05)
(-0.174996 -0.275002 0.0250048)
(-0.174957 -0.175006 0.0250328)
(0.113158 -0.187352 0.0121047)
(-0.25 -0.0500002 0.0500001)
(0.124987 -0.0750171 0.0250099)
(0.25 -0.0500002 0.0500001)
(-0.25 0.0500002 0.0500001)
(0.25 0.0500002 0.0500001)
(-0.174985 0.125009 0.025011)
(-0.174971 0.225004 0.0250243)
(0.111967 0.212474 0.0128621)
(-0.25 0.35 0.05)
(-0.0749996 0.324998 0.0250013)
(0.0250033 0.324989 0.0249933)
(0.25 0.35 0.05)
(-0.25 -0.35 0.15)
(0.25 -0.35 0.15)
(-0.25 -0.0500002 0.15)
(0.124994 -0.0750174 0.124995)
(0.25 -0.0500002 0.15)
(-0.25 0.0500002 0.15)
(0.25 0.0500002 0.15)
(-0.25 0.35 0.15)
(-0.0751508 0.325818 0.12506)
(0.0249509 0.325763 0.124952)
(0.125001 0.325003 0.124998)
(0.25 0.35 0.15)
(-0.149999 -0.35 0.249999)
(0.149999 -0.35 0.249999)
(-0.249999 -0.25 0.249999)
(0.249999 -0.25 0.249999)
(-0.249999 -0.15 0.249999)
(0.0126961 -0.187432 0.214832)
(0.124948 -0.17502 0.224944)
(0.249999 -0.15 0.249999)
(-0.25 -0.05 0.25)
(-0.074994 -0.0750108 0.224992)
(0.0249976 -0.0750122 0.224996)
(0.149999 -0.0500006 0.249999)
(-0.25 0.05 0.25)
(0.25 0.05 0.25)
(-0.249999 0.15 0.249999)
(0.124984 0.125014 0.224983)
(0.249999 0.15 0.249999)
(-0.249999 0.25 0.249999)
(0.124944 0.225004 0.224939)
(0.249999 0.25 0.249999)
(-0.149999 0.35 0.249999)
(0.0249986 0.325005 0.225001)
(0.149999 0.35 0.249999)
(-0.0499999 -0.35 0.35)
(0.0499999 -0.35 0.35)
(-0.149999 -0.25 0.349999)
(0.149999 -0.25 0.349999)
(-0.15 -0.15 0.349999)
(0.15 -0.15 0.349999)
(-0.0499999 -0.0500001 0.35)
(0.0499999 -0.0500001 0.35)
(-0.0499999 0.0500001 0.35)
(0.0499999 0.0500001 0.35)
(-0.15 0.15 0.349999)
(0.15 0.15 0.349999)
(-0.149999 0.25 0.349999)
(0.149999 0.25 0.349999)
(-0.0499999 0.35 0.35)
(0.0499999 0.35 0.35)
(-0.0249987 -0.275009 -0.0750085)
(0.0749936 -0.275001 -0.0749927)
(-0.074983 -0.125014 -0.0749775)
(0.074983 -0.125014 -0.0749775)
(0.074983 0.125014 -0.0749775)
(-0.0749936 0.275001 -0.0749927)
(-0.0249987 0.275009 -0.0750085)
(0.0249987 0.275009 -0.0750086)
(0.0749936 0.275001 -0.0749927)
(-0.174971 -0.225004 0.0250243)
(-0.111967 -0.212475 0.0128623)
(0.174996 -0.275002 0.0250048)
(0.111967 -0.212474 0.0128621)
(0.174971 -0.225004 0.0250242)
(-0.113158 -0.187353 0.0121036)
(-0.174985 -0.125009 0.025011)
(0.174957 -0.175006 0.0250328)
(0.174985 -0.125009 0.025011)
(-0.174957 0.175006 0.0250328)
(-0.113158 0.187353 0.0121044)
(0.174985 0.125009 0.025011)
(0.113158 0.187352 0.0121047)
(0.174957 0.175006 0.0250328)
(-0.111967 0.212475 0.0128623)
(-0.174996 0.275002 0.0250048)
(0.174971 0.225004 0.0250242)
(0.174996 0.275002 0.0250048)
(-0.124952 -0.274992 0.174958)
(0.124952 -0.274992 0.174958)
(-0.124952 0.274992 0.174958)
(0.124952 0.274992 0.174958)
(-0.0126929 -0.187433 0.214831)
(-0.0126934 0.187433 0.214831)
(0.0126956 0.187432 0.214832)
(-0.0128455 0.163219 0.0875598)
(-0.12498 -0.274996 -0.0249817)
(0.12498 -0.274996 -0.0249817)
(-0.124984 -0.175002 -0.0749821)
(-0.12496 -0.12503 -0.0249623)
(0.12496 -0.12503 -0.0249622)
(-0.124984 0.175002 -0.0749821)
(-0.12496 0.12503 -0.0249623)
(0.124984 0.175002 -0.0749822)
(0.12496 0.12503 -0.0249622)
(-0.12498 0.274996 -0.0249817)
(0.12498 0.274996 -0.0249817)
(-0.0749996 -0.324998 0.0250013)
(-0.0250035 -0.324989 0.0249934)
(-0.0751415 -0.326127 0.0749893)
(-0.0250075 -0.324948 0.0749986)
(0.0250033 -0.324989 0.0249933)
(0.0749996 -0.324998 0.0250012)
(0.0250072 -0.324948 0.074998)
(0.0751269 -0.326128 0.0749883)
(-0.0625422 -0.262478 0.0374753)
(-0.0624369 -0.262506 0.0125664)
(-0.0874573 -0.262533 0.0375413)
(0.11205 -0.162652 0.0128162)
(-0.0250035 0.324989 0.0249934)
(-0.0751415 0.326127 0.0749893)
(-0.0250075 0.324948 0.0749986)
(0.0749996 0.324998 0.0250012)
(0.0250072 0.324948 0.074998)
(0.0751298 0.326128 0.0749893)
(-0.0751505 -0.325819 0.12506)
(-0.0249601 -0.325769 0.124951)
(-0.0752773 -0.326086 0.175306)
(-0.0249992 -0.325006 0.175002)
(0.0250584 -0.325762 0.124951)
(0.0751727 -0.326374 0.125087)
(0.0249994 -0.325006 0.175002)
(0.0752742 -0.326087 0.175305)
(-0.0250703 0.325763 0.124952)
(-0.0752773 0.326086 0.175306)
(-0.0249992 0.325006 0.175002)
(0.0751421 0.325821 0.12506)
(0.0249994 0.325006 0.175002)
(0.075277 0.326086 0.175306)
(0.0378419 -0.187455 0.214236)
(0.0124915 -0.162559 0.212701)
(0.037409 -0.162648 0.212387)
(0.0625416 -0.262477 0.0374745)
(0.087457 -0.262533 0.0375411)
(-0.0625422 0.262478 0.0374753)
(-0.0624369 0.262506 0.0125664)
(-0.0874573 0.262533 0.0375413)
(0.0625416 0.262477 0.0374745)
(0.087457 0.262533 0.0375411)
(-0.0374621 -0.237563 -0.0375084)
(-0.0125058 -0.237629 -0.0377365)
(0.0374618 -0.237563 -0.0375086)
(0.0125062 -0.237629 -0.0377366)
(-0.0374622 0.237563 -0.0375084)
(-0.0125058 0.237629 -0.0377366)
(0.0374618 0.237563 -0.0375086)
(0.0125062 0.237629 -0.0377366)
(-0.112049 -0.162652 0.0128154)
(-0.112049 0.162652 0.0128154)
(0.11205 0.162652 0.0128162)
(-0.0378409 -0.187455 0.214237)
(-0.0124909 -0.162559 0.212701)
(-0.0374087 -0.162649 0.212388)
(-0.012491 0.162559 0.212701)
(-0.0378411 0.187455 0.214237)
(-0.0374087 0.162649 0.212388)
(0.0124914 0.162559 0.212701)
(0.0378417 0.187455 0.214236)
(0.037409 0.162648 0.212387)
(-0.025 -0.325006 -0.025004)
(0.025 -0.325006 -0.025004)
(0.074997 -0.325 -0.0249971)
(-0.025 0.325006 -0.025004)
(0.025 0.325006 -0.025004)
(0.074997 0.325 -0.0249971)
(-0.125005 -0.325006 0.0750001)
(0.125005 -0.325006 0.075)
(-0.124987 -0.0750172 0.0250099)
(-0.124998 -0.0750124 0.0750022)
(0.124998 -0.0750123 0.0750022)
(-0.124987 0.0750172 0.0250099)
(-0.124998 0.0750124 0.0750022)
(0.124987 0.0750171 0.0250099)
(0.124998 0.0750123 0.0750022)
(-0.125005 0.325006 0.0750001)
(0.125005 0.325006 0.075)
(-0.125001 -0.325003 0.124998)
(0.125001 -0.325003 0.124998)
(-0.124994 -0.0750175 0.124995)
(-0.124991 -0.0750138 0.174992)
(0.124991 -0.0750138 0.174992)
(-0.124994 0.0750175 0.124995)
(-0.124991 0.0750138 0.174992)
(0.124994 0.0750174 0.124995)
(0.124991 0.0750138 0.174992)
(0.112493 0.137625 0.112468)
(-0.125001 0.325003 0.124998)
(-0.0249986 -0.325005 0.225001)
(0.0249987 -0.325005 0.225001)
(-0.124944 -0.225004 0.224939)
(0.124944 -0.225004 0.224939)
(-0.124948 -0.17502 0.224944)
(-0.124984 -0.125014 0.224983)
(0.124984 -0.125014 0.224983)
(-0.0249975 -0.0750122 0.224996)
(0.074994 -0.0750108 0.224992)
(-0.074994 0.0750108 0.224992)
(-0.0249975 0.0750122 0.224996)
(0.0249976 0.0750122 0.224996)
(0.074994 0.0750108 0.224992)
(-0.124984 0.125014 0.224983)
(-0.124948 0.17502 0.224944)
(0.124948 0.17502 0.224944)
(-0.124944 0.225004 0.224939)
(-0.0249987 0.325005 0.225001)
(-0.06274 -0.263674 0.162798)
(0.0627319 -0.263671 0.162806)
(-0.0627406 0.263676 0.162799)
(0.0627319 0.263671 0.162806)
(-0.012509 -0.262699 -0.0126381)
(-0.0374897 -0.262601 -0.0125248)
(0.012508 -0.262699 -0.0126382)
(0.0374892 -0.262601 -0.0125248)
(-0.012509 0.262699 -0.0126381)
(-0.0374898 0.262601 -0.0125248)
(0.012508 0.262699 -0.0126382)
(0.0374892 0.262601 -0.0125248)
(-0.112602 -0.137532 0.0875035)
(-0.112467 -0.137614 0.0625464)
(0.112602 -0.137531 0.0875032)
(0.112467 -0.137613 0.0625463)
(-0.112602 0.137532 0.0875035)
(-0.112467 0.137614 0.0625464)
(0.112602 0.137531 0.0875032)
(0.112467 0.137613 0.0625462)
(-0.112493 -0.137626 0.112469)
(-0.112149 -0.162722 0.162221)
(0.112493 -0.137625 0.112468)
(0.11215 -0.162722 0.162221)
(-0.112493 0.137626 0.112469)
(-0.112149 0.162722 0.162221)
(0.11215 0.162722 0.162221)
(-0.05 -0.4 -0.2)
(-0.1 -0.35 -0.2)
(-0.1 -0.4 -0.15)
(0.05 -0.4 -0.2)
(-1.89301e-11 -0.35 -0.2)
(-1.08287e-10 -0.4 -0.15)
(0.1 -0.35 -0.2)
(0.1 -0.4 -0.15)
(-0.2 -0.05 -0.2)
(0.2 -0.05 -0.2)
(-0.15 -3.27334e-15 -0.2)
(-0.2 0.05 -0.2)
(-0.2 7.55324e-14 -0.15)
(0.15 -2.18262e-12 -0.2)
(0.2 0.05 -0.2)
(0.2 -1.01583e-12 -0.15)
(-0.0749987 -0.3 -0.0999987)
(-0.0999973 -0.275 -0.0999969)
(-0.0999971 -0.3 -0.0749967)
(-0.0249997 -0.300002 -0.100002)
(0.0249996 -0.300002 -0.100002)
(6.72333e-10 -0.275004 -0.100006)
(-1.02453e-08 -0.300006 -0.0750058)
(0.0749987 -0.3 -0.0999987)
(0.0999973 -0.275 -0.0999969)
(0.0999971 -0.3 -0.0749967)
(-0.125835 -0.200028 -0.101276)
(0.125836 -0.200029 -0.101276)
(-0.099994 -0.125004 -0.0999923)
(-0.0749959 -0.100004 -0.0999947)
(-0.0999919 -0.100008 -0.07499)
(0.099994 -0.125004 -0.0999923)
(0.0749959 -0.100004 -0.0999947)
(0.0999919 -0.100008 -0.07499)
(-0.0749959 0.100004 -0.0999947)
(-0.099994 0.125004 -0.0999923)
(-0.0999919 0.100008 -0.07499)
(0.0749959 0.100004 -0.0999947)
(0.099994 0.125004 -0.0999923)
(0.0999919 0.100008 -0.07499)
(-0.125835 0.200028 -0.101276)
(0.125835 0.200029 -0.101276)
(-0.0999973 0.275 -0.0999969)
(-0.0749987 0.3 -0.0999987)
(-0.0999971 0.3 -0.0749967)
(6.04659e-10 0.275004 -0.100006)
(-0.0249997 0.300002 -0.100002)
(0.0249996 0.300002 -0.100002)
(-1.03432e-08 0.300006 -0.0750058)
(0.0999973 0.275 -0.0999969)
(0.0749987 0.3 -0.0999987)
(0.0999971 0.3 -0.0749967)
(-0.25 -0.4 1.54776e-08)
(-0.3 -0.35 2.18985e-08)
(-0.3 -0.4 0.05)
(0.25 -0.4 1.51275e-08)
(0.3 -0.35 2.16712e-08)
(0.3 -0.4 0.05)
(-0.174997 -0.3 2.26632e-06)
(-0.199998 -0.275 2.15346e-06)
(-0.199999 -0.300001 0.025001)
(-0.0999961 -0.324999 3.8092e-06)
(-6.20726e-08 -0.325005 -7.78424e-06)
(0.0999961 -0.324999 3.81707e-06)
(0.174997 -0.3 2.26471e-06)
(0.199998 -0.275 2.1491e-06)
(0.199999 -0.300001 0.025001)
(-0.199991 -0.225 7.07343e-06)
(-0.176387 -0.200024 -0.000604451)
(-0.199988 -0.175001 8.96115e-06)
(-0.201459 -0.200044 0.0245769)
(-0.113122 -0.200055 -0.000480782)
(0.113125 -0.200055 -0.000476451)
(0.199991 -0.225 7.05924e-06)
(0.176385 -0.200024 -0.000608914)
(0.199988 -0.175001 8.95709e-06)
(0.201457 -0.200045 0.0245707)
(-0.3 -0.05 5.15078e-08)
(-0.199994 -0.125003 4.18995e-06)
(-0.174993 -0.100005 5.49894e-06)
(-0.199997 -0.100002 0.0250025)
(0.199994 -0.125003 4.19756e-06)
(0.174993 -0.100005 5.51603e-06)
(0.199997 -0.100002 0.0250025)
(0.3 -0.05 5.15142e-08)
(-0.25 6.69874e-12 8.2368e-08)
(-0.3 0.05 5.15063e-08)
(-0.3 9.75459e-13 0.05)
(0.25 5.87894e-12 8.25887e-08)
(0.3 0.05 5.1513e-08)
(0.3 4.39011e-13 0.05)
(-0.174993 0.100005 5.49897e-06)
(-0.199994 0.125003 4.18994e-06)
(-0.199997 0.100002 0.0250025)
(0.174993 0.100005 5.516e-06)
(0.199994 0.125003 4.19757e-06)
(0.199997 0.100002 0.0250025)
(-0.199988 0.175001 8.96105e-06)
(-0.176385 0.200024 -0.000609036)
(-0.199991 0.225 7.0734e-06)
(-0.201457 0.200045 0.0245707)
(-0.113123 0.200055 -0.000479881)
(0.113124 0.200055 -0.000477416)
(0.199988 0.175001 8.95719e-06)
(0.176387 0.200024 -0.00060433)
(0.199991 0.225 7.05928e-06)
(0.201458 0.200044 0.0245769)
(-0.3 0.35 2.18995e-08)
(-0.199998 0.275 2.15347e-06)
(-0.174997 0.3 2.26633e-06)
(-0.199999 0.300001 0.025001)
(-0.0999961 0.324999 3.80924e-06)
(-6.28735e-08 0.325005 -7.78426e-06)
(0.0999961 0.324999 3.81705e-06)
(0.199998 0.275 2.14911e-06)
(0.174997 0.3 2.26471e-06)
(0.199999 0.300001 0.025001)
(0.3 0.35 2.16686e-08)
(-0.25 0.4 1.54784e-08)
(-0.3 0.4 0.05)
(0.25 0.4 1.51261e-08)
(0.3 0.4 0.05)
(-0.25 -0.4 0.1)
(-0.3 -0.35 0.1)
(-0.3 -0.4 0.15)
(0.25 -0.4 0.1)
(0.3 -0.35 0.1)
(0.3 -0.4 0.15)
(-0.100345 -0.326149 0.100042)
(6.48254e-08 -0.324946 0.1)
(0.100364 -0.326143 0.100059)
(-0.3 -0.0500001 0.1)
(0.3 -0.0500001 0.1)
(-0.25 4.68476e-12 0.1)
(-0.3 0.0500001 0.1)
(-0.3 3.53727e-13 0.15)
(0.25 4.44741e-12 0.1)
(0.3 0.0500001 0.1)
(0.3 8.24722e-13 0.15)
(-0.3 0.35 0.1)
(-0.100345 0.326149 0.100042)
(6.44779e-08 0.324946 0.1)
(0.100339 0.326151 0.100041)
(0.3 0.35 0.1)
(-0.25 0.4 0.1)
(-0.3 0.4 0.15)
(0.25 0.4 0.1)
(0.3 0.4 0.15)
(-0.25 -0.4 0.2)
(-0.3 -0.35 0.2)
(-0.2 -0.4 0.25)
(0.25 -0.4 0.2)
(0.2 -0.4 0.25)
(0.3 -0.35 0.2)
(-0.3 -0.3 0.25)
(-0.124984 -0.299996 0.199984)
(-0.100388 -0.326019 0.200436)
(2.60237e-08 -0.32501 0.200004)
(0.124984 -0.299996 0.199984)
(0.100388 -0.326018 0.200435)
(0.3 -0.3 0.25)
(-0.301325 -0.200051 0.250677)
(2.91226e-06 -0.200062 0.214738)
(0.301325 -0.200051 0.250678)
(-0.3 -0.05 0.2)
(-0.3 -0.1 0.25)
(0.3 -0.05 0.2)
(0.3 -0.1 0.25)
(-0.25 2.20298e-13 0.2)
(-0.3 0.05 0.2)
(-0.3 -2.42231e-14 0.25)
(0.25 9.60522e-13 0.2)
(0.3 0.05 0.2)
(0.3 1.53256e-13 0.25)
(-0.3 0.1 0.25)
(0.3 0.1 0.25)
(-0.301308 0.200051 0.250669)
(1.49282e-06 0.200062 0.214738)
(0.301309 0.200051 0.250669)
(-0.3 0.35 0.2)
(-0.3 0.3 0.25)
(-0.124984 0.299996 0.199984)
(-0.100388 0.326019 0.200436)
(1.51707e-08 0.32501 0.200004)
(0.124984 0.299996 0.199984)
(0.100387 0.326018 0.200435)
(0.3 0.35 0.2)
(0.3 0.3 0.25)
(-0.25 0.4 0.2)
(-0.2 0.4 0.25)
(0.25 0.4 0.2)
(0.2 0.4 0.25)
(-0.15 -0.4 0.3)
(-0.2 -0.35 0.3)
(-0.0999999 -0.4 0.35)
(5.73083e-11 -0.4 0.35)
(0.15 -0.4 0.3)
(0.0999999 -0.4 0.35)
(0.2 -0.35 0.3)
(-0.25 -0.3 0.3)
(-0.3 -0.25 0.3)
(-0.2 -0.3 0.35)
(0.25 -0.3 0.3)
(0.2 -0.3 0.35)
(0.3 -0.25 0.3)
(-0.250878 -0.200077 0.300721)
(-0.3 -0.15 0.3)
(-0.20078 -0.20003 0.351134)
(0.250878 -0.200077 0.300721)
(0.20078 -0.20003 0.351134)
(0.3 -0.15 0.3)
(-0.25 -0.1 0.3)
(-0.3 -0.05 0.3)
(-0.2 -0.1 0.35)
(0.25 -0.1 0.3)
(0.2 -0.0500001 0.3)
(0.2 -0.1 0.35)
(-0.25 -1.46329e-14 0.3)
(-0.3 0.05 0.3)
(-0.1 -4.06349e-13 0.35)
(3.41957e-11 -1.61771e-11 0.35)
(0.1 -1.37008e-12 0.35)
(0.25 1.52886e-13 0.3)
(0.3 0.05 0.3)
(-0.25 0.1 0.3)
(-0.3 0.15 0.3)
(-0.2 0.1 0.35)
(0.25 0.1 0.3)
(0.2 0.1 0.35)
(0.3 0.15 0.3)
(-0.250856 0.200075 0.300703)
(-0.3 0.25 0.3)
(-0.200769 0.200029 0.351118)
(0.250856 0.200075 0.300703)
(0.200769 0.200029 0.351118)
(0.3 0.25 0.3)
(-0.25 0.3 0.3)
(-0.2 0.35 0.3)
(-0.2 0.3 0.35)
(0.25 0.3 0.3)
(0.2 0.35 0.3)
(0.2 0.3 0.35)
(-0.15 0.4 0.3)
(-0.0999999 0.4 0.35)
(-2.33019e-10 0.4 0.35)
(0.15 0.4 0.3)
(0.0999999 0.4 0.35)
(-0.05 -0.4 0.4)
(-0.0999999 -0.35 0.4)
(0.05 -0.4 0.4)
(9.37409e-11 -0.35 0.4)
(0.0999999 -0.35 0.4)
(-0.15 -0.3 0.4)
(-0.200638 -0.250401 0.401166)
(0.15 -0.3 0.4)
(0.200638 -0.250401 0.401166)
(-0.150538 -0.200075 0.401169)
(-0.2 -0.15 0.4)
(0.150538 -0.200075 0.401169)
(0.2 -0.15 0.4)
(-0.15 -0.1 0.4)
(-0.1 -0.05 0.4)
(5.60439e-11 -0.05 0.4)
(0.15 -0.1 0.4)
(0.1 -0.05 0.4)
(-0.05 -2.02846e-12 0.4)
(-0.1 0.05 0.4)
(0.05 -2.33229e-12 0.4)
(2.0463e-11 0.05 0.4)
(0.1 0.05 0.4)
(-0.15 0.1 0.4)
(-0.2 0.15 0.4)
(0.15 0.1 0.4)
(0.2 0.15 0.4)
(-0.150538 0.200075 0.401169)
(-0.200641 0.250391 0.401168)
(0.150538 0.200075 0.401169)
(0.200641 0.250391 0.401168)
(-0.15 0.3 0.4)
(-0.0999999 0.35 0.4)
(-2.73532e-10 0.35 0.4)
(0.15 0.3 0.4)
(0.0999999 0.35 0.4)
(-0.05 0.4 0.4)
(0.05 0.4 0.4)
(-0.0499995 -0.325002 -8.94609e-07)
(-0.100234 -0.325816 0.0499197)
(0.0499994 -0.325002 -9.1847e-07)
(-2.33491e-07 -0.324959 0.0499939)
(0.100234 -0.325816 0.0499208)
(-0.112231 -0.150145 0.000211504)
(0.112231 -0.150144 0.000212175)
(-0.112231 0.150145 0.000211503)
(0.112231 0.150144 0.000212176)
(-0.0499995 0.325002 -8.94473e-07)
(-0.100234 0.325816 0.0499197)
(0.0499994 0.325002 -9.18569e-07)
(-2.34111e-07 0.324959 0.0499939)
(0.100233 0.325816 0.0499207)
(-0.050094 -0.326098 0.0999689)
(-0.0999956 -0.324998 0.149995)
(0.0499616 -0.326105 0.099966)
(2.537e-07 -0.324998 0.150003)
(0.0999956 -0.324998 0.149995)
(-0.0500948 0.326097 0.0999688)
(-0.0999956 0.324998 0.149995)
(0.0499669 0.326105 0.0999682)
(2.51428e-07 0.324998 0.150003)
(0.0999956 0.324998 0.149995)
(-0.0499957 -0.325002 0.199996)
(0.0499957 -0.325002 0.199996)
(-0.0503456 -0.200199 0.213846)
(0.0503466 -0.200199 0.213844)
(1.27368e-07 -0.150049 0.212644)
(9.54976e-08 0.150049 0.212644)
(-0.0503457 0.200199 0.213846)
(0.0503465 0.200199 0.213844)
(-0.0499957 0.325002 0.199996)
(0.0499957 0.325002 0.199996)
(-0.0500079 -0.32498 0.0499963)
(0.0500077 -0.32498 0.049996)
(-0.0500079 0.32498 0.0499963)
(0.0500077 0.32498 0.049996)
(-0.0501408 -0.326095 0.15016)
(0.0501312 -0.326095 0.150158)
(-0.0498975 -0.150159 0.212342)
(0.0498977 -0.150159 0.212341)
(-0.0498975 0.150159 0.212342)
(0.0498977 0.150159 0.212341)
(-0.050143 0.326094 0.15016)
(0.0501349 0.326095 0.15016)
(-0.0499577 -0.250039 -0.0374601)
(-0.0374843 -0.250036 -0.0500113)
(-0.0499573 -0.237523 -0.0499566)
(0.0499572 -0.250039 -0.0374603)
(0.0374841 -0.250036 -0.0500113)
(0.0499568 -0.237523 -0.0499568)
(-0.0499578 0.250039 -0.0374601)
(-0.0499573 0.237523 -0.0499566)
(-0.0374843 0.250036 -0.0500113)
(0.0499572 0.250039 -0.0374603)
(0.0499569 0.237523 -0.0499568)
(0.0374841 0.250036 -0.0500114)
(-0.0499981 -0.275002 -0.0999995)
(-0.0499983 -0.300003 -0.0749996)
(-0.124995 -0.299999 -0.049995)
(0.0499981 -0.275002 -0.0999995)
(0.0499983 -0.300003 -0.0749996)
(-1.4892e-08 -0.325005 -0.0500038)
(0.124995 -0.299999 -0.049995)
(0.0999978 -0.325 -0.0499977)
(-0.124995 -0.150002 -0.0999935)
(0.124995 -0.150002 -0.0999935)
(-0.124988 -0.100011 -0.0499875)
(0.124988 -0.100011 -0.0499875)
(-0.124995 0.150002 -0.0999935)
(-0.124988 0.100011 -0.0499875)
(0.124995 0.150002 -0.0999935)
(0.124988 0.100011 -0.0499875)
(-0.0499981 0.275002 -0.0999995)
(-0.0499983 0.300003 -0.0749996)
(-0.124995 0.299999 -0.049995)
(0.0499981 0.275002 -0.0999995)
(0.0499983 0.300003 -0.0749996)
(-1.50274e-08 0.325005 -0.0500038)
(0.124995 0.299999 -0.049995)
(0.0999978 0.325 -0.0499977)
(-0.149995 -0.299999 -0.0249956)
(-0.174987 -0.25 1.02103e-05)
(-0.199996 -0.250002 0.0250048)
(0.149995 -0.299999 -0.0249956)
(0.174987 -0.25 1.02018e-05)
(0.199996 -0.250002 0.0250048)
(-0.174978 -0.150007 1.62095e-05)
(-0.19999 -0.150004 0.0250081)
(-0.112176 -0.224964 0.000248446)
(-0.112093 -0.175053 0.000307661)
(0.112175 -0.224963 0.000248592)
(0.112093 -0.175052 0.000307934)
(0.174978 -0.150007 1.62317e-05)
(0.19999 -0.150004 0.0250081)
(-0.149988 -0.10001 -0.0249897)
(-0.149993 -0.0750074 5.62989e-06)
(-0.124995 -0.0500069 4.37001e-06)
(0.149988 -0.10001 -0.0249896)
(0.149993 -0.0750074 5.65355e-06)
(0.124995 -0.0500069 4.39038e-06)
(-0.124995 0.0500069 4.36996e-06)
(0.124995 0.0500069 4.39032e-06)
(-0.149988 0.10001 -0.0249897)
(-0.149993 0.0750074 5.62986e-06)
(-0.174978 0.150007 1.62094e-05)
(-0.19999 0.150004 0.0250081)
(0.149988 0.10001 -0.0249896)
(0.149993 0.0750074 5.65345e-06)
(0.174978 0.150007 1.62319e-05)
(0.19999 0.150004 0.0250081)
(-0.174987 0.25 1.02103e-05)
(-0.199996 0.250002 0.0250048)
(-0.112093 0.175053 0.000307659)
(-0.112176 0.224964 0.000248445)
(0.112093 0.175052 0.000307936)
(0.112175 0.224963 0.000248593)
(0.174987 0.25 1.02018e-05)
(0.199996 0.250002 0.0250048)
(-0.149995 0.299999 -0.0249956)
(0.149995 0.299999 -0.0249956)
(-0.150003 -0.325004 0.0999996)
(0.150003 -0.325004 0.0999996)
(-0.15 -0.0750065 0.0999993)
(-0.124999 -0.0500065 0.0999995)
(-0.112526 -0.125056 0.0999923)
(0.15 -0.0750064 0.0999993)
(0.124999 -0.0500064 0.0999995)
(0.112526 -0.125055 0.0999921)
(-0.124999 0.0500065 0.0999995)
(0.124999 0.0500064 0.0999995)
(-0.15 0.0750065 0.0999993)
(-0.112526 0.125056 0.0999923)
(0.15 0.0750064 0.0999993)
(0.112526 0.125055 0.0999921)
(-0.150003 0.325004 0.0999996)
(0.150003 0.325004 0.0999996)
(-0.149988 -0.299999 0.174989)
(-0.149979 -0.274997 0.199981)
(2.08837e-09 -0.325004 0.250002)
(0.149988 -0.299999 0.174989)
(0.149979 -0.274997 0.199981)
(-0.150947 -0.200091 0.2259)
(-0.125816 -0.200032 0.251031)
(-0.0252864 -0.200142 0.214397)
(0.0252887 -0.200141 0.214397)
(9.95692e-07 -0.175034 0.21293)
(0.150971 -0.200093 0.225923)
(0.125833 -0.200032 0.251052)
(-0.149996 -0.0750045 0.199997)
(-0.149995 -0.100005 0.224995)
(-0.124997 -0.0500042 0.199997)
(-0.0999977 -0.0500038 0.224997)
(-0.124996 -0.100004 0.249995)
(-0.0999973 -0.0750039 0.249997)
(2.74827e-10 -0.0500053 0.224999)
(1.11655e-09 -0.075005 0.249999)
(0.149996 -0.0750045 0.199997)
(0.149995 -0.100005 0.224995)
(0.124997 -0.0500042 0.199997)
(0.0999977 -0.0500038 0.224997)
(0.124996 -0.100004 0.249995)
(0.0999973 -0.0750039 0.249997)
(-0.124997 0.0500042 0.199997)
(-0.0999977 0.0500038 0.224997)
(1.9271e-10 0.0500053 0.224999)
(0.124997 0.0500042 0.199997)
(0.0999977 0.0500038 0.224997)
(-0.149996 0.0750045 0.199997)
(-0.149995 0.100005 0.224995)
(-0.0999973 0.0750039 0.249997)
(-0.124996 0.100004 0.249995)
(8.64852e-10 0.075005 0.249999)
(0.149996 0.0750045 0.199997)
(0.149995 0.100005 0.224995)
(0.0999973 0.0750039 0.249997)
(0.124996 0.100004 0.249995)
(-0.150971 0.200093 0.225922)
(-0.125829 0.20003 0.251055)
(7.53953e-07 0.175034 0.21293)
(-0.0252869 0.200142 0.214397)
(0.0252882 0.200141 0.214397)
(0.150971 0.200093 0.225923)
(0.125833 0.200032 0.251052)
(-0.149988 0.299999 0.174989)
(-0.149979 0.274997 0.199981)
(-8.88861e-09 0.325004 0.250002)
(0.149988 0.299999 0.174989)
(0.149979 0.274997 0.199981)
(-0.0748939 -0.262472 0.000114027)
(-0.0999066 -0.262502 0.0250736)
(0.0999066 -0.262502 0.0250738)
(-0.11242 -0.125117 0.0500527)
(0.11242 -0.125117 0.0500528)
(-0.112419 0.125117 0.0500527)
(0.11242 0.125117 0.0500527)
(-0.0748939 0.262472 0.000114028)
(-0.0999066 0.262502 0.0250736)
(0.0999066 0.262502 0.0250738)
(-0.0498092 -0.175128 0.212206)
(-0.112273 -0.150179 0.174803)
(0.0498095 -0.175128 0.212206)
(-0.0249629 -0.150113 0.212505)
(0.0249631 -0.150113 0.212505)
(0.112273 -0.150179 0.174802)
(-0.112273 0.150179 0.174803)
(-0.0249629 0.150113 0.212505)
(0.0249631 0.150113 0.212505)
(0.112273 0.150179 0.174802)
(-0.0498092 0.175128 0.212206)
(0.0498094 0.175128 0.212206)
(-0.0499989 -0.325002 -0.0499999)
(0.0499989 -0.325002 -0.0499999)
(-6.2414e-08 -0.250131 -0.0376729)
(-0.0125009 -0.250067 -0.0500999)
(0.0125009 -0.250067 -0.0500999)
(2.15051e-07 -0.237566 -0.0501654)
(-6.40504e-08 0.250131 -0.0376729)
(-0.0125009 0.250067 -0.0500999)
(0.0125009 0.250067 -0.0500999)
(2.13348e-07 0.237566 -0.0501654)
(-0.0499989 0.325002 -0.0499999)
(0.0499989 0.325002 -0.0499999)
(-0.150001 -0.325003 0.0500007)
(0.150001 -0.325003 0.0500007)
(-0.0749309 -0.26249 0.0250643)
(-0.149995 -0.0750077 0.0500036)
(-0.11252 -0.125049 0.0750133)
(0.149995 -0.0750076 0.0500036)
(0.11252 -0.125048 0.0750132)
(-0.124997 -0.0500072 0.0500025)
(0.124997 -0.0500071 0.0500025)
(-0.124997 0.0500072 0.0500025)
(-0.149995 0.0750077 0.0500036)
(0.124997 0.0500071 0.0500025)
(0.149995 0.0750076 0.0500036)
(-0.11252 0.125049 0.0750133)
(0.11252 0.125048 0.0750132)
(-0.150001 0.325003 0.0500007)
(-0.0749309 0.26249 0.0250643)
(0.150001 0.325003 0.0500007)
(-0.149998 -0.325001 0.149998)
(0.149998 -0.325001 0.149998)
(-0.149977 -0.25 0.224978)
(0.149977 -0.25 0.224978)
(-0.149995 -0.0750086 0.149996)
(-0.149983 -0.150009 0.224984)
(-0.112446 -0.125125 0.12496)
(-0.112151 -0.175148 0.174705)
(0.149995 -0.0750086 0.149996)
(0.149983 -0.150009 0.224983)
(0.112446 -0.125124 0.12496)
(0.112151 -0.175148 0.174705)
(-0.124996 -0.0500079 0.149997)
(-0.0499981 -0.0500057 0.224997)
(0.124996 -0.0500079 0.149997)
(0.0499981 -0.0500057 0.224997)
(-0.124996 0.0500079 0.149997)
(-0.149995 0.0750086 0.149996)
(-0.0499981 0.0500057 0.224997)
(0.124996 0.0500079 0.149997)
(0.0499981 0.0500057 0.224997)
(0.149995 0.0750086 0.149996)
(-0.112446 0.125125 0.12496)
(-0.149983 0.150009 0.224984)
(-0.112151 0.175148 0.174705)
(0.149983 0.150009 0.224983)
(0.112446 0.125124 0.12496)
(0.112151 0.175148 0.174705)
(-0.149998 0.325001 0.149998)
(-0.149977 0.25 0.224978)
(0.149998 0.325001 0.149998)
(0.149977 0.25 0.224978)
(-0.049998 -0.325002 0.249998)
(0.049998 -0.325002 0.249998)
(-0.12498 -0.25 0.249977)
(0.12498 -0.25 0.249977)
(-0.124985 -0.150009 0.249983)
(-0.0499976 -0.0750057 0.249997)
(-0.0249554 -0.175079 0.212609)
(0.124985 -0.150009 0.249983)
(0.0499976 -0.0750057 0.249997)
(0.0249562 -0.175079 0.212609)
(-0.0499976 0.0750057 0.249997)
(0.0499976 0.0750057 0.249997)
(-0.124985 0.150009 0.249983)
(-0.0249555 0.175079 0.212609)
(0.124985 0.150009 0.249983)
(0.0249561 0.175079 0.212609)
(-0.12498 0.25 0.249977)
(-0.049998 0.325002 0.249998)
(0.12498 0.25 0.249977)
(0.049998 0.325002 0.249998)
(-0.149994 -0.274999 -0.0499942)
(0.149994 -0.274999 -0.0499942)
(-0.149993 -0.150002 -0.0749926)
(-0.149988 -0.125007 -0.0499889)
(0.149993 -0.150002 -0.0749926)
(0.149988 -0.125007 -0.0499889)
(-0.149993 0.150002 -0.0749926)
(-0.149988 0.125007 -0.0499889)
(0.149993 0.150002 -0.0749926)
(0.149988 0.125007 -0.0499889)
(-0.149994 0.274999 -0.0499942)
(0.149994 0.274999 -0.0499942)
(-0.0500011 -0.349997 0.0249989)
(-0.0751416 -0.350792 0.049945)
(-0.0250021 -0.349988 0.0499982)
(-0.0500037 -0.349989 0.0749997)
(0.0500011 -0.349997 0.0249989)
(0.025002 -0.349988 0.049998)
(0.0751415 -0.350792 0.049945)
(0.0500037 -0.349989 0.0749995)
(-0.0624957 -0.275001 0.0250065)
(-0.0750028 -0.275004 0.0375063)
(-0.0749522 -0.274992 0.0125483)
(-0.0874587 -0.275003 0.0250364)
(0.124632 -0.175029 0.0127427)
(0.124715 0.224983 0.0126931)
(-0.0500011 0.349997 0.0249989)
(-0.0751416 0.350792 0.049945)
(-0.0250021 0.349988 0.0499982)
(-0.0500037 0.349989 0.0749997)
(0.0500011 0.349997 0.0249989)
(0.025002 0.349988 0.049998)
(0.0751416 0.350792 0.049945)
(0.0500037 0.349989 0.0749995)
(-0.0500886 -0.351315 0.125036)
(-0.0752428 -0.351078 0.150185)
(-0.0250077 -0.350845 0.150039)
(-0.0501527 -0.351069 0.175248)
(0.0500729 -0.351306 0.125028)
(0.0250403 -0.35084 0.150038)
(0.0752259 -0.351082 0.150181)
(0.050152 -0.351068 0.175247)
(-0.0501153 0.351305 0.125036)
(-0.0752428 0.351078 0.150185)
(-0.0250415 0.350844 0.150039)
(-0.0501527 0.351069 0.175248)
(0.0500714 0.351306 0.125036)
(0.0250072 0.350841 0.150039)
(0.0752428 0.351078 0.150185)
(0.0501526 0.351068 0.175247)
(0.0253049 -0.187413 0.226932)
(0.0124907 -0.175038 0.225174)
(0.0374234 -0.175072 0.224922)
(0.0249722 -0.162561 0.225032)
(0.0874587 -0.275003 0.0250365)
(0.0750026 -0.275003 0.0375059)
(-0.0624958 0.275001 0.0250065)
(-0.0750028 0.275004 0.0375063)
(-0.0749522 0.274992 0.0125483)
(-0.0874587 0.275003 0.0250364)
(0.0750026 0.275003 0.0375059)
(0.0874587 0.275003 0.0250365)
(-0.124715 -0.224984 0.0126931)
(0.124715 -0.224983 0.0126931)
(-0.124632 -0.175029 0.0127425)
(-0.124632 0.175029 0.0127425)
(0.124632 0.175029 0.0127427)
(-0.124715 0.224984 0.0126931)
(-0.0374231 -0.175072 0.224922)
(-0.0124897 -0.175038 0.225174)
(-0.0253037 -0.187413 0.226933)
(-0.0249719 -0.162561 0.225032)
(-0.0249719 0.162561 0.225032)
(-0.0374231 0.175072 0.224922)
(-0.0124898 0.175038 0.225174)
(-0.0253039 0.187413 0.226933)
(0.0249722 0.162561 0.225032)
(0.0253047 0.187413 0.226932)
(0.0124905 0.175038 0.225174)
(0.0374234 0.175072 0.224922)
(-0.149997 -0.175001 -0.0999961)
(-0.150773 -0.20002 -0.0758893)
(0.149997 -0.175001 -0.0999961)
(0.150773 -0.20002 -0.0758892)
(-0.149997 0.175001 -0.0999961)
(-0.150773 0.20002 -0.0758893)
(0.149997 0.175001 -0.0999961)
(0.150773 0.20002 -0.0758892)
(-0.0749992 -0.35 7.755e-07)
(-0.0999996 -0.35 0.0250008)
(-0.0250004 -0.350001 -2.02612e-06)
(0.0250003 -0.350001 -2.03919e-06)
(-4.72797e-08 -0.349994 0.0249973)
(-1.21298e-08 -0.350002 -0.025002)
(0.0749992 -0.35 7.71201e-07)
(0.0999996 -0.35 0.0250007)
(0.0999989 -0.35 -0.0249989)
(-3.08682e-07 -0.275117 -0.0125812)
(-0.124731 -0.212484 0.000190421)
(-0.125721 -0.187381 -0.000536904)
(-0.125966 -0.200052 0.011939)
(0.124731 -0.212483 0.000190341)
(0.125721 -0.187381 -0.000536141)
(0.125965 -0.200052 0.0119392)
(-0.125721 0.187381 -0.000536514)
(-0.124731 0.212484 0.00019042)
(-0.125966 0.200052 0.011939)
(0.125721 0.187381 -0.000536137)
(0.124731 0.212483 0.000190343)
(0.125965 0.200052 0.0119392)
(-0.0749992 0.35 7.75527e-07)
(-0.0999996 0.35 0.0250008)
(-0.0250004 0.350001 -2.02608e-06)
(0.0250003 0.350001 -2.03924e-06)
(-4.76699e-08 0.349994 0.0249973)
(-1.22581e-08 0.350002 -0.025002)
(-3.10767e-07 0.275117 -0.0125812)
(0.0749992 0.35 7.7118e-07)
(0.0999996 0.35 0.0250007)
(0.0999989 0.35 -0.0249989)
(-0.10027 -0.351104 0.0749748)
(-0.0751501 -0.351134 0.10002)
(-0.100222 -0.350804 0.125076)
(-0.125002 -0.350002 0.0999998)
(-5.80844e-08 -0.349978 0.0749991)
(-0.0250023 -0.349984 0.100001)
(0.0250024 -0.349984 0.1)
(8.66117e-08 -0.34999 0.125001)
(0.100274 -0.351103 0.0749776)
(0.0751186 -0.351138 0.100016)
(0.100001 -0.35 0.124999)
(0.125002 -0.350002 0.0999998)
(-0.10027 0.351104 0.0749748)
(-0.07515 0.351134 0.10002)
(-0.100222 0.350804 0.125076)
(-0.125002 0.350002 0.0999998)
(-5.82338e-08 0.349978 0.0749991)
(-0.0250023 0.349984 0.100001)
(0.0250024 0.349984 0.1)
(8.63322e-08 0.34999 0.125001)
(0.10027 0.351104 0.0749748)
(0.0751364 0.351136 0.10002)
(0.100222 0.350804 0.125076)
(0.125002 0.350002 0.0999998)
(-0.100344 -0.351055 0.175315)
(-0.0751993 -0.351077 0.200295)
(3.94654e-08 -0.350003 0.175001)
(-0.0249995 -0.350002 0.2)
(0.0249995 -0.350002 0.2)
(2.70249e-09 -0.350002 0.225001)
(0.100348 -0.351051 0.175318)
(0.0751989 -0.351077 0.200295)
(0.0126668 -0.200061 0.226986)
(1.20789e-06 -0.187412 0.22713)
(-0.0126642 -0.200062 0.226985)
(0.0126662 0.200061 0.226986)
(7.82955e-07 0.187412 0.22713)
(-0.0126648 0.200062 0.226985)
(-0.100344 0.351055 0.175315)
(-0.0751993 0.351077 0.200295)
(3.76484e-08 0.350003 0.175001)
(-0.0249995 0.350002 0.2)
(0.0249995 0.350002 0.2)
(-1.1898e-09 0.350002 0.225001)
(0.100344 0.351054 0.175315)
(0.0751991 0.351077 0.200295)
(-0.0624607 -0.275009 4.13668e-05)
(-0.0499852 -0.275043 -0.012493)
(-0.0999775 -0.275023 0.0375248)
(0.049985 -0.275043 -0.012493)
(-3.1295e-07 -0.26266 -0.0251321)
(0.0999774 -0.275023 0.0375246)
(-0.124771 -0.162566 0.000165657)
(-0.124766 -0.150101 0.0126608)
(0.124771 -0.162565 0.000165994)
(0.124766 -0.150101 0.0126613)
(-0.124771 0.162566 0.000165656)
(-0.124766 0.150101 0.0126608)
(0.124771 0.162565 0.000165996)
(0.124766 0.150101 0.0126613)
(-3.14653e-07 0.26266 -0.0251321)
(-0.0624607 0.275009 4.1368e-05)
(-0.0499852 0.275043 -0.012493)
(-0.0999775 0.275023 0.0375248)
(0.049985 0.275043 -0.012493)
(0.0999774 0.275023 0.0375246)
(-0.125064 -0.137543 0.0999937)
(0.125064 -0.137542 0.0999934)
(-0.125064 0.137543 0.0999937)
(0.125064 0.137542 0.0999934)
(-0.0505801 -0.187377 0.226882)
(-0.0378351 -0.200103 0.226596)
(0.0378362 -0.200103 0.226596)
(0.0505802 -0.187377 0.22688)
(2.67769e-07 -0.16253 0.225151)
(0.0124914 -0.150043 0.225073)
(-0.0124912 -0.150044 0.225074)
(0.0124914 0.150044 0.225073)
(-0.0124912 0.150044 0.225074)
(2.00089e-07 0.16253 0.225151)
(-0.0505802 0.187377 0.226882)
(-0.0378353 0.200103 0.226596)
(0.037836 0.200103 0.226596)
(0.0505802 0.187377 0.22688)
(-0.0499706 -0.26255 -0.0249764)
(0.0499702 -0.26255 -0.0249765)
(-0.0499706 0.26255 -0.0249764)
(0.0499702 0.26255 -0.0249765)
(-0.124922 -0.137599 0.0500589)
(0.124921 -0.137599 0.0500589)
(-0.124922 0.137599 0.0500589)
(0.124922 0.137599 0.0500589)
(-0.124825 -0.150133 0.162363)
(-0.0499191 -0.16259 0.224882)
(-0.037454 -0.150084 0.224947)
(0.124825 -0.150132 0.162363)
(0.0499193 -0.162589 0.224882)
(0.0374541 -0.150084 0.224946)
(-0.124825 0.150133 0.162363)
(-0.037454 0.150084 0.224947)
(-0.0499191 0.16259 0.224882)
(0.124825 0.150132 0.162363)
(0.0374541 0.150084 0.224946)
(0.0499193 0.162589 0.224882)
(-0.0253052 -0.238484 -0.0516883)
(-0.0249967 -0.250095 -0.0375896)
(0.0253059 -0.238485 -0.0516902)
(0.0249965 -0.250095 -0.0375897)
(-0.0253052 0.238484 -0.0516883)
(-0.0249967 0.250095 -0.0375896)
(0.0253059 0.238485 -0.0516902)
(0.0249965 0.250095 -0.0375897)
(-0.0499996 -0.350001 -0.0250002)
(0.0499996 -0.350001 -0.0250002)
(-0.0499996 0.350001 -0.0250002)
(0.0499996 0.350001 -0.0250002)
(-0.125349 -0.350757 0.049912)
(0.125348 -0.350758 0.0499149)
(0.0250032 -0.275089 -0.0125497)
(-0.125348 0.350756 0.0499122)
(0.125347 0.350757 0.049915)
(-0.124999 -0.35 0.149999)
(-0.049999 -0.350001 0.224999)
(0.124999 -0.35 0.149999)
(0.049999 -0.350001 0.224999)
(-0.0749196 -0.274946 0.162413)
(0.12496 -0.137606 0.12496)
(0.12472 -0.175118 0.16229)
(0.12496 0.137606 0.12496)
(-0.124999 0.35 0.149999)
(-0.049999 0.350001 0.224999)
(0.124999 0.35 0.149999)
(0.049999 0.350001 0.224999)
(-0.0250037 -0.275089 -0.0125497)
(-0.0250037 0.275089 -0.0125497)
(0.0250032 0.275089 -0.0125497)
(-0.0624287 -0.274962 0.174914)
(-0.0748373 -0.262409 0.174814)
(0.0749194 -0.274945 0.162412)
(0.0624285 -0.274962 0.174913)
(0.0748369 -0.262409 0.174813)
(-0.0749196 0.274946 0.162413)
(-0.0748373 0.262409 0.174814)
(-0.0624287 0.274962 0.174914)
(0.0749194 0.274945 0.162412)
(0.0748369 0.262409 0.174813)
(0.0624285 0.274962 0.174913)
(-0.0250013 -0.262615 -0.0250736)
(0.0250008 -0.262615 -0.0250737)
(-0.0250013 0.262615 -0.0250736)
(0.0250008 0.262615 -0.0250737)
(-0.125055 -0.137538 0.0750145)
(0.125055 -0.137537 0.0750143)
(-0.125055 0.137538 0.0750145)
(0.125055 0.137537 0.0750143)
(-0.12496 -0.137607 0.124961)
(-0.12472 -0.175118 0.16229)
(-0.12496 0.137607 0.124961)
(-0.12472 0.175118 0.16229)
(0.12472 0.175118 0.16229)
(-0.0249999 -0.350002 -0.050001)
(0.0249999 -0.350002 -0.050001)
(0.0749993 -0.35 -0.0499994)
(-0.0249999 0.350002 -0.050001)
(0.0249999 0.350002 -0.050001)
(0.0749993 0.35 -0.0499994)
(-0.150001 -0.350002 0.075)
(0.150001 -0.350002 0.075)
(-0.149997 -0.0500041 0.0250024)
(-0.149999 -0.0500034 0.0750006)
(0.149997 -0.0500041 0.0250024)
(0.149999 -0.0500033 0.0750006)
(-0.149997 0.0500041 0.0250024)
(-0.149999 0.0500034 0.0750006)
(0.149997 0.0500041 0.0250024)
(0.149999 0.0500033 0.0750006)
(-0.150001 0.350002 0.075)
(0.150001 0.350002 0.075)
(-0.15 -0.350001 0.125)
(0.15 -0.350001 0.125)
(-0.149998 -0.0500042 0.124999)
(-0.149998 -0.0500033 0.174998)
(0.149998 -0.0500042 0.124999)
(0.149998 -0.0500033 0.174998)
(-0.149998 0.0500042 0.124999)
(-0.149998 0.0500033 0.174998)
(0.149998 0.0500042 0.124999)
(0.149998 0.0500033 0.174998)
(0.124997 0.125061 0.112483)
(-0.15 0.350001 0.125)
(0.15 0.350001 0.125)
(-0.0249996 -0.350001 0.25)
(0.0249996 -0.350001 0.25)
(-0.149984 -0.225002 0.249983)
(0.149984 -0.225002 0.249983)
(-0.149986 -0.175005 0.249985)
(-0.149995 -0.125004 0.249995)
(0.149986 -0.175005 0.249985)
(0.149995 -0.125004 0.249995)
(-0.0749987 -0.0500025 0.249998)
(-0.0249994 -0.0500029 0.249999)
(0.0249994 -0.0500029 0.249999)
(0.0749987 -0.0500025 0.249998)
(-0.0749987 0.0500025 0.249998)
(-0.0249994 0.0500029 0.249999)
(0.0249994 0.0500029 0.249999)
(0.0749987 0.0500025 0.249998)
(-0.149995 0.125004 0.249995)
(-0.149986 0.175005 0.249985)
(0.149995 0.125004 0.249995)
(0.149986 0.175005 0.249985)
(-0.149984 0.225002 0.249983)
(0.149984 0.225002 0.249983)
(-0.0249996 0.350001 0.25)
(0.0249996 0.350001 0.25)
(-0.0374937 -0.275051 -0.0250142)
(-0.0125027 -0.275093 -0.0250658)
(0.0125023 -0.275093 -0.0250658)
(0.0374934 -0.275051 -0.0250142)
(-0.0374937 0.275051 -0.0250142)
(-0.0125027 0.275093 -0.0250658)
(0.0125023 0.275093 -0.0250658)
(0.0374934 0.275051 -0.0250142)
(-0.124983 -0.125056 0.0625244)
(-0.125039 -0.125025 0.0875021)
(0.124983 -0.125055 0.0625244)
(0.125039 -0.125025 0.0875019)
(-0.124983 0.125056 0.0625244)
(-0.125039 0.125025 0.0875021)
(0.124983 0.125055 0.0625244)
(0.125039 0.125025 0.0875019)
(-0.124997 -0.125061 0.112483)
(-0.124813 -0.162606 0.174847)
(0.124997 -0.125061 0.112483)
(0.124813 -0.162606 0.174847)
(-0.124997 0.125061 0.112483)
(-0.124813 0.162606 0.174847)
(0.124813 0.162606 0.174847)
(-0.05 -0.35 -0.2)
(0.05 -0.35 -0.2)
(-0.15 -0.05 -0.2)
(0.15 -0.05 -0.2)
(-0.15 0.05 -0.2)
(0.15 0.05 -0.2)
(-0.05 -0.4 -0.15)
(0.05 -0.4 -0.15)
(-0.0999999 -0.35 -0.15)
(-1.89245e-10 -0.35 -0.15)
(0.0999999 -0.35 -0.15)
(-0.2 -0.05 -0.15)
(-0.15 3.4914e-13 -0.15)
(0.2 -0.05 -0.15)
(0.15 -1.24206e-11 -0.15)
(-0.2 0.05 -0.15)
(0.2 0.05 -0.15)
(-0.25 -0.35 6.27707e-08)
(0.25 -0.35 6.23176e-08)
(-0.0499958 -0.275004 -0.0749982)
(-0.0999938 -0.274999 -0.0749928)
(-0.0749972 -0.275 -0.099997)
(-0.0749973 -0.3 -0.0749971)
(-7.22494e-09 -0.275012 -0.0750144)
(0.0499957 -0.275004 -0.0749982)
(0.0249992 -0.275004 -0.100004)
(0.0249994 -0.300005 -0.0750037)
(0.0999938 -0.274999 -0.0749928)
(0.12499 -0.274998 -0.0499895)
(-0.149992 -0.175001 -0.0749915)
(0.125716 -0.200021 -0.0759451)
(0.149992 -0.175001 -0.0749915)
(0.124987 -0.150005 -0.0749852)
(0.124994 -0.175001 -0.0999925)
(-0.25 -0.0500002 1.70937e-07)
(-0.0749909 -0.10001 -0.0749882)
(0.25 -0.0500002 1.71271e-07)
(-0.25 0.0500002 1.7093e-07)
(0.25 0.0500002 1.71262e-07)
(-0.099986 0.125011 -0.0749826)
(-0.0749909 0.10001 -0.0749882)
(-0.074993 0.125005 -0.0999909)
(0.0999861 0.125011 -0.0749826)
(0.124987 0.150005 -0.0749852)
(0.124979 0.125015 -0.0499783)
(0.125716 0.200021 -0.0759451)
(-0.25 0.35 6.27728e-08)
(-0.0749973 0.3 -0.0749971)
(0.0249994 0.300005 -0.0750037)
(0.0249997 0.325004 -0.0500026)
(0.25 0.35 6.23118e-08)
(-0.25 -0.4 0.05)
(0.25 -0.4 0.05)
(-0.3 -0.35 0.05)
(-0.25 -0.35 0.1)
(-0.0750002 -0.349999 0.0250002)
(0.0250011 -0.349995 0.0249976)
(0.3 -0.35 0.05)
(0.25 -0.35 0.1)
(-0.174987 -0.250004 0.0250119)
(-0.174994 -0.275 4.95045e-06)
(-0.174998 -0.300001 0.025002)
(-0.199998 -0.275001 0.0250022)
(0.199998 -0.275001 0.0250021)
(-0.176457 -0.200031 0.0245334)
(-0.174972 -0.150011 0.0250213)
(-0.174967 -0.175004 2.37281e-05)
(-0.199986 -0.175003 0.0250121)
(0.11327 -0.200043 0.0120371)
(0.1131 -0.18738 -0.000461101)
(0.111933 -0.175053 0.0128858)
(0.125849 -0.187373 0.0120045)
(0.199986 -0.175003 0.0250121)
(-0.3 -0.0500001 0.05)
(-0.25 4.77484e-12 0.0500001)
(-0.25 -0.0500002 0.1)
(-0.174993 -0.100006 0.0250056)
(-0.149993 -0.0750083 0.0250054)
(0.124988 -0.0750147 1.0374e-05)
(0.149993 -0.0750083 0.0250054)
(0.124995 -0.0500078 0.025004)
(0.124992 -0.0750158 0.0500063)
(0.3 -0.0500001 0.05)
(0.25 2.24589e-12 0.0500001)
(0.25 -0.0500002 0.1)
(-0.3 0.0500001 0.05)
(-0.25 0.0500002 0.1)
(0.124995 0.0500078 0.025004)
(0.3 0.0500001 0.05)
(0.25 0.0500002 0.1)
(-0.174972 0.150011 0.0250213)
(-0.174987 0.125007 9.86654e-06)
(-0.174993 0.100006 0.0250056)
(-0.199994 0.125003 0.0250046)
(0.199994 0.125003 0.0250046)
(-0.176451 0.200032 0.0245168)
(-0.174987 0.250004 0.0250119)
(-0.174975 0.225 1.85096e-05)
(-0.19999 0.225002 0.0250092)
(0.11327 0.200043 0.0120369)
(0.112108 0.212475 0.000294933)
(0.112083 0.224963 0.012792)
(0.12464 0.212482 0.0127375)
(0.19999 0.225002 0.0250092)
(-0.3 0.35 0.05)
(-0.25 0.4 0.05)
(-0.25 0.35 0.1)
(-0.174998 0.300001 0.025002)
(-0.0500029 0.324994 0.0249971)
(-0.0750002 0.349999 0.0250002)
(-0.0751518 0.325806 0.049942)
(-0.0749969 0.325 3.07232e-06)
(-0.0999981 0.325001 0.0250026)
(-1.27335e-07 0.324986 0.0249923)
(0.0500028 0.324994 0.024997)
(0.0250011 0.349995 0.0249976)
(0.0250061 0.324967 0.0499944)
(0.0250009 0.325004 -5.81826e-06)
(0.099998 0.325 0.0250026)
(0.125386 0.325765 0.0499047)
(0.3 0.35 0.05)
(0.25 0.4 0.05)
(0.25 0.35 0.1)
(-0.25 -0.4 0.15)
(0.25 -0.4 0.15)
(-0.3 -0.35 0.15)
(-0.25 -0.35 0.2)
(-0.0751368 -0.350808 0.125058)
(0.0250661 -0.350775 0.124955)
(0.125 -0.350001 0.124999)
(0.3 -0.35 0.15)
(0.25 -0.35 0.2)
(-0.3 -0.0500001 0.15)
(-0.25 1.86251e-12 0.15)
(-0.25 -0.0500001 0.2)
(-0.149997 -0.0750084 0.124997)
(0.124999 -0.0750131 0.0999988)
(0.149997 -0.0750083 0.124997)
(0.124997 -0.0500082 0.124998)
(0.12499 -0.0750183 0.149991)
(0.3 -0.0500001 0.15)
(0.25 2.77753e-12 0.15)
(0.25 -0.0500001 0.2)
(-0.3 0.0500001 0.15)
(-0.25 0.0500001 0.2)
(0.124997 0.0500082 0.124998)
(0.3 0.0500001 0.15)
(0.25 0.0500001 0.2)
(0.112485 0.125095 0.112477)
(-0.3 0.35 0.15)
(-0.25 0.4 0.15)
(-0.25 0.35 0.2)
(-0.15 0.325002 0.124999)
(-0.07517 0.32615 0.100023)
(-0.0501107 0.326316 0.125036)
(-0.0751374 0.350805 0.125058)
(-0.0752651 0.326101 0.1502)
(-0.100272 0.325811 0.125087)
(0.0250068 0.324955 0.100001)
(2.72594e-07 0.324975 0.125002)
(0.0500346 0.326316 0.125036)
(0.0249606 0.350776 0.124957)
(0.0250054 0.325843 0.150034)
(0.100271 0.325811 0.125087)
(0.125005 0.325006 0.0999995)
(0.15 0.325002 0.124999)
(0.125383 0.350748 0.125092)
(0.124997 0.325 0.149996)
(0.3 0.35 0.15)
(0.25 0.4 0.15)
(0.25 0.35 0.2)
(-0.15 -0.4 0.25)
(0.15 -0.4 0.25)
(-0.2 -0.35 0.25)
(-0.25 -0.3 0.25)
(-0.15 -0.35 0.3)
(0.0249995 -0.350002 0.225)
(0.2 -0.35 0.25)
(0.15 -0.35 0.3)
(0.25 -0.3 0.25)
(-0.3 -0.25 0.25)
(-0.251021 -0.200056 0.250661)
(-0.25 -0.25 0.3)
(0.124965 -0.274993 0.199966)
(0.124961 -0.249998 0.224958)
(0.3 -0.25 0.25)
(0.251021 -0.200056 0.250661)
(0.25 -0.25 0.3)
(-0.3 -0.15 0.25)
(-0.25 -0.1 0.25)
(-0.25 -0.15 0.3)
(-0.149973 -0.17501 0.224973)
(0.0126761 -0.200085 0.214718)
(2.2453e-06 -0.18743 0.214934)
(0.0253158 -0.187438 0.214562)
(0.0124969 -0.175048 0.212837)
(0.0126797 -0.187408 0.227084)
(0.125888 -0.200068 0.225985)
(0.149973 -0.17501 0.224973)
(0.124968 -0.15002 0.224966)
(0.124976 -0.175009 0.249972)
(0.3 -0.15 0.25)
(0.25 -0.1 0.25)
(0.25 -0.15 0.3)
(-0.3 -0.05 0.25)
(-0.25 -2.08355e-14 0.25)
(-0.25 -0.05 0.3)
(-0.0999948 -0.0750078 0.224994)
(-0.0499951 -0.0750128 0.224993)
(-0.0749975 -0.0500051 0.224997)
(-0.0749969 -0.0750052 0.249996)
(9.0789e-10 -0.0750109 0.224999)
(0.0499951 -0.0750128 0.224993)
(0.024999 -0.0500059 0.224998)
(0.0249988 -0.0750055 0.249998)
(0.2 -0.0500002 0.25)
(0.15 -0.0500002 0.3)
(0.124994 -0.0750087 0.199994)
(0.124992 -0.100009 0.224991)
(0.0999948 -0.0750078 0.224994)
(0.25 3.31466e-13 0.25)
(-0.3 0.05 0.25)
(-0.25 0.1 0.25)
(-0.25 0.05 0.3)
(-0.0749975 0.0500051 0.224997)
(0.024999 0.0500059 0.224998)
(0.3 0.05 0.25)
(0.25 0.1 0.25)
(0.25 0.05 0.3)
(-0.3 0.15 0.25)
(-0.251006 0.200055 0.250652)
(-0.25 0.15 0.3)
(-0.149991 0.125007 0.224991)
(0.124992 0.100009 0.224991)
(0.149991 0.125007 0.224991)
(0.124968 0.15002 0.224966)
(0.124992 0.125007 0.249991)
(0.3 0.15 0.25)
(0.251007 0.200055 0.250652)
(0.25 0.15 0.3)
(-0.3 0.25 0.25)
(-0.25 0.3 0.25)
(-0.25 0.25 0.3)
(-0.14997 0.225003 0.22497)
(0.0126751 0.200086 0.214718)
(0.125888 0.200068 0.225985)
(0.14997 0.225003 0.22497)
(0.124961 0.249998 0.224958)
(0.124973 0.225003 0.249968)
(0.3 0.25 0.25)
(0.25 0.3 0.25)
(0.25 0.25 0.3)
(-0.2 0.35 0.25)
(-0.15 0.4 0.25)
(-0.15 0.35 0.3)
(-0.0752404 0.326075 0.200355)
(-0.049997 0.325002 0.224997)
(0.0249985 0.325007 0.200001)
(-7.13867e-09 0.325006 0.225003)
(0.0499969 0.325002 0.224997)
(0.0249995 0.350002 0.225)
(0.024999 0.325003 0.250001)
(0.2 0.35 0.25)
(0.15 0.4 0.25)
(0.15 0.35 0.3)
(-0.05 -0.4 0.35)
(0.05 -0.4 0.35)
(-0.0999998 -0.35 0.35)
(-0.15 -0.3 0.35)
(2.61935e-10 -0.35 0.35)
(-0.05 -0.35 0.4)
(0.0999998 -0.35 0.35)
(0.05 -0.35 0.4)
(0.15 -0.3 0.35)
(-0.200797 -0.250483 0.351189)
(-0.150706 -0.200102 0.351263)
(-0.15 -0.25 0.4)
(0.200797 -0.250483 0.351189)
(0.150706 -0.200102 0.351263)
(0.15 -0.25 0.4)
(-0.2 -0.15 0.35)
(-0.15 -0.1 0.35)
(-0.15 -0.15 0.4)
(0.2 -0.15 0.35)
(0.15 -0.1 0.35)
(0.15 -0.15 0.4)
(-0.0999999 -0.0500001 0.35)
(1.27966e-10 -0.0500001 0.35)
(-0.05 -4.72466e-12 0.35)
(-0.05 -0.05 0.4)
(0.0999999 -0.0500001 0.35)
(0.05 -6.22349e-12 0.35)
(0.05 -0.05 0.4)
(-0.0999999 0.0500001 0.35)
(-0.15 0.1 0.35)
(6.32602e-11 0.0500001 0.35)
(-0.05 0.05 0.4)
(0.0999999 0.0500001 0.35)
(0.05 0.05 0.4)
(0.15 0.1 0.35)
(-0.2 0.15 0.35)
(-0.150697 0.2001 0.351244)
(-0.15 0.15 0.4)
(0.2 0.15 0.35)
(0.150696 0.2001 0.351244)
(0.15 0.15 0.4)
(-0.200788 0.250476 0.351176)
(-0.15 0.3 0.35)
(-0.15 0.25 0.4)
(0.200788 0.250476 0.351176)
(0.15 0.3 0.35)
(0.15 0.25 0.4)
(-0.0999998 0.35 0.35)
(-7.8184e-10 0.35 0.35)
(-0.05 0.4 0.35)
(-0.05 0.35 0.4)
(0.0999998 0.35 0.35)
(0.05 0.4 0.35)
(0.05 0.35 0.4)
(-0.0249992 -0.275004 -0.100004)
(-0.0249994 -0.300005 -0.0750037)
(-0.0125047 -0.275113 -0.0125753)
(0.0749972 -0.275 -0.099997)
(0.0749972 -0.3 -0.0749971)
(0.0125041 -0.275113 -0.0125753)
(-0.099986 -0.125011 -0.0749826)
(-0.074993 -0.125005 -0.0999909)
(0.0999861 -0.125011 -0.0749826)
(0.0749909 -0.10001 -0.0749882)
(0.074993 -0.125005 -0.0999909)
(0.0749909 0.10001 -0.0749882)
(0.074993 0.125005 -0.0999909)
(-0.0499958 0.275004 -0.0749982)
(-0.0999938 0.274999 -0.0749928)
(-0.0749972 0.275 -0.099997)
(-7.38399e-09 0.275012 -0.0750144)
(-0.0249992 0.275004 -0.100004)
(-0.0249994 0.300005 -0.0750037)
(-0.0125047 0.275113 -0.0125753)
(0.0499957 0.275004 -0.0749982)
(0.0249992 0.275004 -0.100004)
(0.0999938 0.274999 -0.0749928)
(0.0749972 0.275 -0.099997)
(0.0749972 0.3 -0.0749971)
(0.0125041 0.275113 -0.0125753)
(-0.174975 -0.225 1.85097e-05)
(-0.19999 -0.225002 0.0250092)
(-0.113271 -0.200043 0.0120364)
(-0.112108 -0.212475 0.000295029)
(-0.112083 -0.224964 0.0127918)
(-0.12464 -0.212483 0.0127377)
(0.174987 -0.250004 0.0250118)
(0.174994 -0.275 4.94714e-06)
(0.174998 -0.300001 0.025002)
(0.112108 -0.212475 0.000294932)
(0.112083 -0.224963 0.012792)
(0.12464 -0.212482 0.0127375)
(0.176451 -0.200032 0.0245168)
(0.174975 -0.225 1.84867e-05)
(0.19999 -0.225002 0.0250092)
(-0.113096 -0.187381 -0.000467206)
(-0.111933 -0.175053 0.0128855)
(-0.125849 -0.187373 0.0120043)
(-0.174987 -0.125007 9.86655e-06)
(-0.199994 -0.125003 0.0250046)
(-0.112543 -0.125037 0.0875023)
(0.174972 -0.150011 0.0250213)
(0.174967 -0.175003 2.37294e-05)
(0.174987 -0.125007 9.89053e-06)
(0.199994 -0.125003 0.0250046)
(0.174993 -0.100006 0.0250056)
(0.112543 -0.125036 0.0875021)
(-0.174967 0.175004 2.37278e-05)
(-0.199986 0.175003 0.0250121)
(-0.113271 0.200043 0.0120364)
(-0.1131 0.187381 -0.000461902)
(-0.111933 0.175053 0.0128855)
(-0.125849 0.187373 0.0120043)
(-0.112543 0.125037 0.0875023)
(0.174972 0.150011 0.0250213)
(0.174987 0.125007 9.89053e-06)
(0.174993 0.100006 0.0250056)
(0.1131 0.18738 -0.000461097)
(0.111933 0.175053 0.0128859)
(0.125849 0.187373 0.0120046)
(0.176457 0.200031 0.0245334)
(0.174967 0.175003 2.37297e-05)
(0.199986 0.175003 0.0250121)
(0.112543 0.125036 0.0875021)
(-0.112108 0.212475 0.000295028)
(-0.112083 0.224964 0.0127918)
(-0.12464 0.212483 0.0127377)
(-0.174994 0.275 4.95046e-06)
(-0.199998 0.275001 0.0250022)
(0.174987 0.250004 0.0250118)
(0.174975 0.225 1.84868e-05)
(0.174994 0.275 4.94715e-06)
(0.199998 0.275001 0.0250021)
(0.174998 0.300001 0.025002)
(-0.149974 -0.274998 0.174978)
(-0.124981 -0.299996 0.174983)
(-0.124965 -0.274993 0.199966)
(0.149974 -0.274998 0.174978)
(0.124981 -0.299996 0.174983)
(-0.112485 -0.125096 0.112477)
(0.112485 -0.125095 0.112477)
(-0.112485 0.125096 0.112477)
(-0.149974 0.274998 0.174978)
(-0.124981 0.299996 0.174983)
(-0.124965 0.274993 0.199966)
(0.149974 0.274998 0.174978)
(0.124981 0.299996 0.174983)
(0.124965 0.274993 0.199966)
(-0.0126718 -0.200086 0.214717)
(-0.0253141 -0.187439 0.214562)
(-0.0124955 -0.175048 0.212837)
(-0.0126777 -0.187408 0.227083)
(1.59695e-06 0.18743 0.214934)
(-0.0126728 0.200086 0.214717)
(-0.0124957 0.175048 0.212837)
(-0.0253144 0.187439 0.214562)
(-0.012678 0.187408 0.227084)
(0.0124967 0.175048 0.212837)
(0.0253156 0.187438 0.214562)
(0.0126794 0.187408 0.227084)
(-0.0127997 0.150524 0.0875722)
(-0.12499 -0.274998 -0.0499895)
(-0.125716 -0.200021 -0.0759453)
(-0.14999 -0.274998 -0.0249908)
(-0.124992 -0.299998 -0.0249924)
(0.14999 -0.274998 -0.0249908)
(0.124992 -0.299998 -0.0249924)
(-0.124987 -0.150005 -0.0749853)
(-0.124994 -0.175001 -0.0999925)
(-0.124979 -0.125015 -0.0499784)
(-0.149979 -0.125013 -0.0249823)
(-0.124979 -0.100019 -0.0249805)
(0.124979 -0.125015 -0.0499783)
(0.149979 -0.125013 -0.0249822)
(0.124979 -0.100019 -0.0249804)
(-0.124987 0.150005 -0.0749853)
(-0.124979 0.125015 -0.0499784)
(-0.149992 0.175001 -0.0749915)
(-0.125716 0.200021 -0.0759453)
(-0.124994 0.175001 -0.0999925)
(-0.149979 0.125013 -0.0249823)
(-0.124979 0.100019 -0.0249805)
(0.149992 0.175001 -0.0749915)
(0.124994 0.175001 -0.0999925)
(0.149979 0.125013 -0.0249822)
(0.124979 0.100019 -0.0249804)
(-0.12499 0.274998 -0.0499895)
(-0.14999 0.274998 -0.0249908)
(-0.124992 0.299998 -0.0249924)
(0.12499 0.274998 -0.0499895)
(0.14999 0.274998 -0.0249908)
(0.124992 0.299998 -0.0249924)
(-0.0250012 -0.349995 0.0249976)
(-0.0500029 -0.324994 0.0249971)
(-0.0751518 -0.325806 0.049942)
(-0.0749969 -0.325 3.07225e-06)
(-0.0999981 -0.325001 0.0250026)
(-0.0250064 -0.324967 0.0499947)
(-1.25907e-07 -0.324986 0.0249923)
(-0.025001 -0.325004 -5.78906e-06)
(-0.0751335 -0.351106 0.0749884)
(-0.0250026 -0.349981 0.0749994)
(-0.0500107 -0.324969 0.074999)
(-0.07517 -0.32615 0.100023)
(-0.100298 -0.326133 0.0749742)
(-1.95593e-07 -0.324936 0.0749973)
(-0.0250066 -0.324955 0.100002)
(0.0750002 -0.349999 0.0250002)
(0.0500028 -0.324994 0.024997)
(0.0250061 -0.324967 0.0499944)
(0.0250009 -0.325004 -5.81811e-06)
(0.0751511 -0.325806 0.049942)
(0.0749969 -0.325 3.07201e-06)
(0.099998 -0.325 0.0250026)
(0.0250025 -0.349981 0.0749992)
(0.0751279 -0.351107 0.0749876)
(0.0500106 -0.324969 0.0749984)
(0.0250068 -0.324955 0.100001)
(0.075104 -0.326157 0.100017)
(0.1003 -0.326132 0.0749766)
(-0.0624853 -0.262515 0.025017)
(-0.0625276 -0.274973 0.0374847)
(-0.0749976 -0.262523 0.0375138)
(-0.0624708 -0.275008 0.0125296)
(-0.0748987 -0.26247 0.0126013)
(-0.0874067 -0.262495 0.025077)
(-0.087484 -0.275019 0.0375202)
(-0.06242 -0.262505 8.98001e-05)
(-0.0999468 -0.262536 0.0375486)
(0.124697 -0.162581 0.0127044)
(0.112153 -0.150184 0.01275)
(0.112163 -0.162619 0.000260721)
(-0.0250012 0.349995 0.0249976)
(-0.0250064 0.324967 0.0499947)
(-0.025001 0.325004 -5.78893e-06)
(-0.0500107 0.324969 0.074999)
(-0.0751335 0.351106 0.0749884)
(-0.100298 0.326133 0.0749742)
(-0.0250026 0.349981 0.0749994)
(-1.95941e-07 0.324936 0.0749973)
(-0.0250066 0.324955 0.100002)
(0.0750002 0.349999 0.0250002)
(0.0751512 0.325806 0.049942)
(0.0749969 0.325 3.07196e-06)
(0.0500106 0.324969 0.0749984)
(0.0250025 0.349981 0.0749992)
(0.0751312 0.351107 0.0749886)
(0.0751245 0.326155 0.100022)
(0.100297 0.326133 0.0749743)
(-0.0249636 -0.350781 0.124955)
(-0.0500888 -0.326328 0.125036)
(-0.0752651 -0.326101 0.1502)
(-0.100272 -0.325811 0.125087)
(-0.0250063 -0.325848 0.150034)
(2.73293e-07 -0.324975 0.125002)
(-0.0752273 -0.351082 0.175258)
(-0.0249997 -0.350001 0.175)
(-0.0501702 -0.32608 0.17528)
(-0.0999925 -0.324997 0.174992)
(-0.0752404 -0.326075 0.200355)
(1.04641e-07 -0.32501 0.175004)
(-0.0249984 -0.325007 0.200001)
(0.0751816 -0.351346 0.125091)
(0.0500295 -0.326316 0.125026)
(0.0250337 -0.325843 0.150034)
(0.0752447 -0.326107 0.150194)
(0.100002 -0.325001 0.124998)
(0.0249998 -0.350001 0.175)
(0.0752239 -0.351082 0.175257)
(0.0501695 -0.326079 0.17528)
(0.0249985 -0.325007 0.200001)
(0.0999924 -0.324997 0.174992)
(0.07524 -0.326075 0.200355)
(-0.0250721 0.350775 0.124956)
(-0.0250351 0.325847 0.150035)
(-0.0501702 0.32608 0.17528)
(-0.0752273 0.351082 0.175258)
(-0.0999925 0.324997 0.174992)
(-0.0249997 0.350001 0.175)
(9.87011e-08 0.32501 0.175004)
(-0.0249985 0.325007 0.200001)
(0.075135 0.350807 0.125058)
(0.0752643 0.326102 0.150199)
(0.0501699 0.326079 0.17528)
(0.0249998 0.350001 0.175)
(0.0752271 0.351081 0.175258)
(0.0999924 0.324997 0.174992)
(0.0752401 0.326075 0.200355)
(0.0373827 -0.175111 0.212372)
(0.0378742 -0.187416 0.226744)
(0.0377901 -0.20018 0.214031)
(0.0505178 -0.187424 0.214266)
(0.0249599 -0.162607 0.212548)
(0.0124914 -0.162541 0.225121)
(3.61993e-07 -0.162537 0.212764)
(0.012488 -0.15007 0.212605)
(0.0374426 -0.162583 0.224939)
(0.0498647 -0.162658 0.212291)
(0.0374267 -0.150151 0.212401)
(0.0377899 0.20018 0.214031)
(0.0625272 -0.274972 0.0374841)
(0.0749973 -0.262522 0.0375135)
(0.0874068 -0.262494 0.0250773)
(0.0874838 -0.275019 0.03752)
(0.0999466 -0.262535 0.0375484)
(-0.0624853 0.262515 0.025017)
(-0.0749976 0.262523 0.0375138)
(-0.0625276 0.274973 0.0374847)
(-0.0748987 0.26247 0.0126013)
(-0.0874067 0.262495 0.025077)
(-0.0624708 0.275008 0.0125296)
(-0.087484 0.275019 0.0375202)
(-0.06242 0.262505 8.98021e-05)
(-0.0999468 0.262536 0.0375486)
(0.0749973 0.262522 0.0375135)
(0.0625272 0.274972 0.0374841)
(0.0874068 0.262494 0.0250773)
(0.0874838 0.275019 0.03752)
(0.0999466 0.262535 0.0375484)
(-0.0499278 -0.237539 -0.0374164)
(-0.0249943 -0.237602 -0.0376333)
(-0.0378893 -0.238407 -0.0516196)
(-0.0374779 -0.250062 -0.0375155)
(2.09871e-07 -0.237638 -0.0377748)
(-0.012501 -0.237564 -0.0501471)
(-0.0125034 -0.250123 -0.0376523)
(0.0249944 -0.237602 -0.0376334)
(0.049927 -0.237539 -0.0374168)
(0.0378897 -0.238408 -0.0516217)
(0.0374775 -0.250062 -0.0375157)
(0.0125013 -0.237564 -0.0501472)
(0.0125033 -0.250123 -0.0376524)
(-0.0499278 0.237539 -0.0374164)
(-0.0249943 0.237602 -0.0376333)
(-0.0378893 0.238407 -0.0516196)
(-0.0374779 0.250062 -0.0375155)
(2.05947e-07 0.237638 -0.0377748)
(-0.012501 0.237564 -0.0501471)
(-0.0125034 0.250123 -0.0376523)
(0.0249944 0.237602 -0.0376334)
(0.049927 0.237539 -0.0374168)
(0.0378897 0.238408 -0.0516217)
(0.0374775 0.250062 -0.0375157)
(0.0125013 0.237564 -0.0501472)
(0.0125033 0.250123 -0.0376524)
(-0.124696 -0.162582 0.012704)
(-0.112153 -0.150185 0.0127492)
(-0.112163 -0.162619 0.000260137)
(-0.124696 0.162582 0.012704)
(-0.112153 0.150185 0.0127492)
(-0.112163 0.162619 0.000260135)
(0.124697 0.162581 0.0127044)
(0.112153 0.150184 0.01275)
(0.112163 0.162619 0.000260722)
(-0.0377885 -0.200181 0.214032)
(-0.0373823 -0.175111 0.212372)
(-0.0378734 -0.187416 0.226744)
(-0.0505176 -0.187423 0.214268)
(-0.0249595 -0.162607 0.212548)
(-0.0124909 -0.162541 0.225121)
(-0.0124877 -0.15007 0.212605)
(-0.0374424 -0.162583 0.22494)
(-0.0498645 -0.162658 0.212291)
(-0.0374265 -0.150151 0.212401)
(-0.0249596 0.162607 0.212548)
(-0.0124909 0.162541 0.225121)
(2.77197e-07 0.162537 0.212764)
(-0.0124878 0.15007 0.212605)
(-0.0373823 0.175111 0.212372)
(-0.0378735 0.187417 0.226744)
(-0.0377888 0.200181 0.214032)
(-0.0505177 0.187423 0.214268)
(-0.0374424 0.162583 0.22494)
(-0.0374265 0.150151 0.212401)
(-0.0498645 0.162658 0.212291)
(0.0249599 0.162607 0.212548)
(0.0124913 0.162541 0.225121)
(0.012488 0.15007 0.212605)
(0.0373826 0.175111 0.212372)
(0.0378741 0.187416 0.226744)
(0.0505177 0.187424 0.214266)
(0.0374425 0.162583 0.224939)
(0.0374267 0.150151 0.212401)
(0.0498647 0.162658 0.212291)
(-0.0249998 -0.325004 -0.0500026)
(-0.025 -0.350002 -0.0250014)
(-0.0499987 -0.325003 -0.025)
(-3.05909e-08 -0.325008 -0.0250059)
(0.0249997 -0.325004 -0.0500026)
(0.0749981 -0.325 -0.0499981)
(0.025 -0.350002 -0.0250015)
(0.0749991 -0.35 -0.0249992)
(0.0499987 -0.325003 -0.025)
(0.0999966 -0.324999 -0.0249966)
(-0.124988 -0.0750147 1.03282e-05)
(-0.124988 0.0750147 1.03283e-05)
(0.124988 0.0750147 1.0374e-05)
(-0.0249998 0.325004 -0.0500026)
(-0.0499987 0.325003 -0.025)
(-0.025 0.350002 -0.0250014)
(-3.09091e-08 0.325008 -0.0250059)
(0.0749981 0.325 -0.0499981)
(0.0499987 0.325003 -0.025)
(0.025 0.350002 -0.0250015)
(0.0749991 0.35 -0.0249992)
(0.0999966 0.324999 -0.0249966)
(-0.125389 -0.325762 0.0498972)
(-0.125002 -0.350002 0.075)
(-0.150003 -0.325004 0.0750001)
(-0.125005 -0.325006 0.0999996)
(0.125386 -0.325765 0.0499047)
(0.125002 -0.350002 0.075)
(0.150003 -0.325004 0.0750001)
(0.125005 -0.325006 0.0999995)
(-0.124995 -0.0500079 0.025004)
(-0.124992 -0.0750159 0.0500063)
(-0.149999 -0.0750062 0.0750014)
(-0.124999 -0.0500064 0.0750009)
(-0.124999 -0.0750132 0.0999988)
(0.149999 -0.0750062 0.0750013)
(0.124999 -0.0500063 0.0750009)
(-0.124995 0.0500079 0.025004)
(-0.149993 0.0750083 0.0250054)
(-0.124992 0.0750159 0.0500063)
(-0.124999 0.0500064 0.0750009)
(-0.149999 0.0750062 0.0750014)
(-0.124999 0.0750132 0.0999988)
(0.149993 0.0750083 0.0250054)
(0.124992 0.0750158 0.0500063)
(0.124999 0.0500063 0.0750009)
(0.149999 0.0750062 0.0750013)
(0.124999 0.0750131 0.0999988)
(0.112368 0.137667 0.0500852)
(-0.125389 0.325762 0.0498972)
(-0.150003 0.325004 0.0750001)
(-0.125002 0.350002 0.075)
(-0.125005 0.325006 0.0999996)
(0.150003 0.325004 0.0750001)
(0.125002 0.350002 0.075)
(-0.125383 -0.350748 0.125092)
(-0.15 -0.325002 0.124999)
(-0.124997 -0.325 0.149996)
(0.15 -0.325002 0.124999)
(0.124997 -0.325 0.149996)
(-0.124997 -0.0500082 0.124998)
(-0.12499 -0.0750183 0.149991)
(-0.149995 -0.0750066 0.174996)
(-0.124996 -0.0500063 0.174997)
(-0.124994 -0.0750087 0.199994)
(0.149995 -0.0750066 0.174996)
(0.124996 -0.0500063 0.174997)
(-0.124997 0.0500082 0.124998)
(-0.149997 0.0750084 0.124997)
(-0.12499 0.0750183 0.149991)
(-0.124996 0.0500063 0.174997)
(-0.149995 0.0750066 0.174996)
(-0.124994 0.0750087 0.199994)
(0.149997 0.0750083 0.124997)
(0.12499 0.0750183 0.149991)
(0.124996 0.0500063 0.174997)
(0.149995 0.0750066 0.174996)
(0.124994 0.0750087 0.199994)
(0.112417 0.137676 0.124939)
(0.125011 0.137579 0.112478)
(0.112571 0.137563 0.099991)
(-0.125383 0.350748 0.125092)
(-0.124997 0.325 0.149996)
(-0.0249995 -0.350002 0.225)
(-0.0499969 -0.325002 0.224997)
(-0.024999 -0.325003 0.250001)
(5.68978e-09 -0.325006 0.225003)
(0.0499969 -0.325002 0.224997)
(0.024999 -0.325003 0.250001)
(-0.124961 -0.249998 0.224958)
(-0.14997 -0.225003 0.22497)
(-0.124973 -0.225003 0.249968)
(-0.125865 -0.200067 0.225959)
(0.14997 -0.225003 0.22497)
(0.124973 -0.225003 0.249968)
(-0.124968 -0.15002 0.224966)
(-0.124976 -0.175009 0.249972)
(-0.149991 -0.125007 0.224991)
(-0.124992 -0.125007 0.249991)
(-0.124992 -0.100009 0.224991)
(0.149991 -0.125007 0.224991)
(0.124992 -0.125007 0.249991)
(-0.024999 -0.0500059 0.224998)
(-0.0249988 -0.0750055 0.249998)
(0.0749975 -0.0500051 0.224997)
(0.0749969 -0.0750052 0.249996)
(-0.0999948 0.0750078 0.224994)
(-0.124992 0.100009 0.224991)
(-0.024999 0.0500059 0.224998)
(-0.0499951 0.0750128 0.224993)
(-0.0749969 0.0750052 0.249996)
(-0.0249988 0.0750055 0.249998)
(6.35903e-10 0.0750109 0.224999)
(0.0749975 0.0500051 0.224997)
(0.0499951 0.0750128 0.224993)
(0.0249988 0.0750055 0.249998)
(0.0749969 0.0750052 0.249996)
(0.0999948 0.0750078 0.224994)
(-0.124968 0.15002 0.224966)
(-0.124992 0.125007 0.249991)
(-0.149973 0.17501 0.224973)
(-0.124976 0.175009 0.249972)
(-0.125887 0.200068 0.225985)
(0.149973 0.17501 0.224973)
(0.124976 0.175009 0.249972)
(-0.124961 0.249998 0.224959)
(-0.124973 0.225003 0.249968)
(-0.0249995 0.350002 0.225)
(-0.024999 0.325003 0.250001)
(-0.0627695 -0.276145 0.162827)
(-0.0748407 -0.262397 0.162331)
(-0.0623646 -0.262429 0.174832)
(0.0627621 -0.276143 0.162835)
(0.0748404 -0.262396 0.16233)
(0.0623642 -0.262429 0.174831)
(-0.0748407 0.262397 0.162331)
(-0.0627695 0.276145 0.162827)
(-0.0623646 0.262429 0.174832)
(0.0748404 0.262396 0.16233)
(0.0627621 0.276143 0.162835)
(0.0623642 0.262429 0.174831)
(-0.0499668 -0.262564 -0.0124716)
(-0.0374958 -0.275065 -0.012519)
(-0.0250068 -0.262655 -0.0125897)
(-0.0125049 -0.26265 -0.0251177)
(-5.1554e-07 -0.262714 -0.0126549)
(-0.0374874 -0.262577 -0.0250193)
(0.0374955 -0.275064 -0.012519)
(0.0250061 -0.262655 -0.0125897)
(0.0125043 -0.26265 -0.0251178)
(0.0374869 -0.262577 -0.0250194)
(0.0499663 -0.262564 -0.0124717)
(-0.0499668 0.262564 -0.0124716)
(-0.0250068 0.262655 -0.0125897)
(-0.0125049 0.26265 -0.0251177)
(-5.193e-07 0.262714 -0.0126549)
(-0.0374958 0.275065 -0.012519)
(-0.0374874 0.262577 -0.0250193)
(0.0250061 0.262655 -0.0125897)
(0.0125043 0.26265 -0.0251178)
(0.0374955 0.275064 -0.012519)
(0.0374869 0.262577 -0.0250194)
(0.0499663 0.262564 -0.0124717)
(-0.112368 -0.137668 0.0500851)
(-0.112469 -0.125086 0.062532)
(-0.112562 -0.137554 0.0750175)
(-0.125088 -0.137526 0.0875033)
(-0.112571 -0.137564 0.0999913)
(-0.124988 -0.137572 0.0625352)
(0.112368 -0.137667 0.0500851)
(0.112469 -0.125086 0.0625319)
(0.112562 -0.137553 0.0750172)
(0.125088 -0.137525 0.0875031)
(0.112571 -0.137563 0.099991)
(0.124988 -0.137572 0.0625351)
(-0.112368 0.137668 0.0500851)
(-0.112469 0.125086 0.062532)
(-0.112562 0.137554 0.0750175)
(-0.125088 0.137526 0.0875033)
(-0.112571 0.137564 0.0999913)
(-0.124988 0.137572 0.0625352)
(0.112469 0.125086 0.0625319)
(0.112562 0.137553 0.0750172)
(0.125088 0.137525 0.0875031)
(0.124988 0.137572 0.0625351)
(-0.112417 -0.137677 0.124939)
(-0.125011 -0.13758 0.112478)
(-0.112059 -0.175178 0.16216)
(-0.112215 -0.162675 0.174756)
(-0.124774 -0.162634 0.162327)
(-0.112226 -0.150226 0.162278)
(0.112417 -0.137676 0.124939)
(0.125011 -0.137579 0.112478)
(0.112059 -0.175178 0.162159)
(0.112215 -0.162675 0.174755)
(0.124774 -0.162634 0.162327)
(0.112226 -0.150226 0.162278)
(-0.112417 0.137677 0.124939)
(-0.125011 0.13758 0.112478)
(-0.112226 0.150226 0.162278)
(-0.112059 0.175178 0.16216)
(-0.112215 0.162675 0.174756)
(-0.124774 0.162634 0.162327)
(0.112226 0.150226 0.162278)
(0.112059 0.175178 0.162159)
(0.112215 0.162675 0.174755)
(0.124774 0.162634 0.162327)
(-0.15 -0.35 -0.15)
(0.15 -0.35 -0.15)
(-0.25 -0.15 -0.15)
(0.25 -0.15 -0.15)
(-0.25 0.15 -0.15)
(0.25 0.15 -0.15)
(-0.15 0.35 -0.15)
(-0.0499999 0.35 -0.15)
(0.0499999 0.35 -0.15)
(0.15 0.35 -0.15)
(-0.05 -0.45 -0.05)
(0.05 -0.45 -0.05)
(0.15 -0.45 -0.05)
(-0.25 -0.35 -0.05)
(0.25 -0.35 -0.05)
(-0.25 -0.0500001 -0.0499999)
(0.25 -0.0500001 -0.0499999)
(-0.25 0.0500001 -0.0499999)
(0.25 0.0500001 -0.0499999)
(0.124988 0.224999 -0.0749863)
(-0.25 0.35 -0.05)
(0.25 0.35 -0.05)
(-0.05 0.45 -0.05)
(0.05 0.45 -0.05)
(0.15 0.45 -0.05)
(-0.150308 -0.45073 0.049938)
(-0.0500001 -0.45 0.05)
(0.0500001 -0.45 0.05)
(0.150306 -0.450731 0.0499377)
(0.124998 0.325001 0.0250021)
(-0.150308 0.45073 0.049938)
(-0.0500001 0.45 0.05)
(0.0500001 0.45 0.05)
(0.150306 0.450731 0.0499377)
(-0.15 -0.45 0.15)
(-0.0501363 -0.451049 0.150181)
(0.0501335 -0.451048 0.150181)
(0.15 -0.45 0.15)
(-0.15 0.45 0.15)
(-0.0501336 0.451049 0.150181)
(0.0501362 0.451049 0.150181)
(0.15 0.45 0.15)
(-0.05 -0.45 0.25)
(0.05 -0.45 0.25)
(0.25 -0.05 0.25)
(-0.05 0.45 0.25)
(0.05 0.45 0.25)
(-0.15 -0.05 0.35)
(0.15 -0.05 0.35)
(-0.15 0.05 0.35)
(0.15 0.05 0.35)
(-0.024991 -0.225017 0.275004)
(0.0249912 -0.225017 0.275004)
(-0.0749822 -0.17501 0.274976)
(0.0749823 -0.17501 0.274976)
(-0.0749823 0.17501 0.274976)
(0.0749823 0.17501 0.274976)
(-0.0249911 0.225017 0.275004)
(0.0249911 0.225017 0.275004)
(-0.124988 -0.224999 -0.0749863)
(-0.174986 -0.224999 -0.0249891)
(0.124988 -0.224999 -0.0749863)
(0.174986 -0.224999 -0.0249891)
(-0.174982 -0.175002 -0.0249864)
(0.174982 -0.175002 -0.0249864)
(-0.174982 0.175002 -0.0249864)
(0.174982 0.175002 -0.0249864)
(-0.124988 0.224999 -0.0749863)
(-0.174986 0.224999 -0.0249891)
(0.174986 0.224999 -0.0249891)
(-0.074997 -0.325 -0.0249971)
(-0.074997 0.325 -0.0249971)
(-0.124998 -0.325001 0.0250021)
(0.124998 -0.325001 0.0250021)
(-0.124998 0.325001 0.0250021)
(-0.15 -0.4 -0.2)
(-0.2 -0.35 -0.2)
(-0.2 -0.4 -0.15)
(0.15 -0.4 -0.2)
(0.2 -0.35 -0.2)
(0.2 -0.4 -0.15)
(-0.250592 -0.199957 -0.200758)
(-0.3 -0.15 -0.2)
(-0.300735 -0.199939 -0.150652)
(0.250592 -0.199956 -0.200758)
(0.3 -0.15 -0.2)
(0.300734 -0.199939 -0.150652)
(-0.25 -0.1 -0.2)
(-0.3 -0.1 -0.15)
(0.25 -0.1 -0.2)
(0.3 -0.1 -0.15)
(-0.25 0.1 -0.2)
(-0.3 0.15 -0.2)
(-0.3 0.1 -0.15)
(0.25 0.1 -0.2)
(0.3 0.15 -0.2)
(0.3 0.1 -0.15)
(-0.250591 0.199957 -0.200756)
(-0.300731 0.19994 -0.150649)
(0.25059 0.199957 -0.200756)
(0.300731 0.19994 -0.150649)
(-0.2 0.35 -0.2)
(-0.1 0.35 -0.2)
(-2.04368e-11 0.35 -0.2)
(0.1 0.35 -0.2)
(0.2 0.35 -0.2)
(-0.15 0.4 -0.2)
(-0.2 0.4 -0.15)
(-0.05 0.4 -0.2)
(-0.1 0.4 -0.15)
(0.05 0.4 -0.2)
(-1.10018e-10 0.4 -0.15)
(0.15 0.4 -0.2)
(0.1 0.4 -0.15)
(0.2 0.4 -0.15)
(-0.05 -0.5 -0.1)
(-0.1 -0.45 -0.1)
(-0.1 -0.5 -0.05)
(0.05 -0.5 -0.1)
(-1.07814e-10 -0.45 -0.1)
(-8.75317e-11 -0.5 -0.05)
(0.15 -0.5 -0.1)
(0.1 -0.45 -0.1)
(0.1 -0.5 -0.05)
(0.2 -0.45 -0.1)
(0.2 -0.5 -0.05)
(-0.25 -0.4 -0.1)
(-0.3 -0.35 -0.1)
(-0.3 -0.4 -0.05)
(0.25 -0.4 -0.1)
(0.3 -0.35 -0.1)
(0.3 -0.4 -0.05)
(-0.3 -0.05 -0.1)
(0.3 -0.05 -0.1)
(-0.25 1.51974e-13 -0.1)
(-0.3 0.05 -0.1)
(-0.3 1.28818e-13 -0.05)
(0.25 -1.22962e-13 -0.1)
(0.3 0.05 -0.1)
(0.3 -1.61593e-13 -0.05)
(-0.3 0.35 -0.1)
(0.3 0.35 -0.1)
(-0.25 0.4 -0.1)
(-0.3 0.4 -0.05)
(-0.1 0.45 -0.1)
(-1.09536e-10 0.45 -0.1)
(0.1 0.45 -0.1)
(0.25 0.4 -0.1)
(0.2 0.45 -0.1)
(0.3 0.4 -0.05)
(-0.05 0.5 -0.1)
(-0.1 0.5 -0.05)
(0.05 0.5 -0.1)
(-8.87343e-11 0.5 -0.05)
(0.15 0.5 -0.1)
(0.1 0.5 -0.05)
(0.2 0.5 -0.05)
(-0.15 -0.5 3.25276e-09)
(-0.2 -0.45 9.41683e-09)
(-0.2 -0.5 0.05)
(-0.05 -0.5 -9.0002e-09)
(-0.1 -0.45 1.83171e-08)
(-0.100161 -0.50076 0.0499416)
(0.05 -0.5 -9.35367e-09)
(-1.20846e-09 -0.45 -8.92242e-08)
(-3.96755e-10 -0.5 0.05)
(0.15 -0.5 2.42963e-09)
(0.1 -0.45 1.72234e-08)
(0.10016 -0.50076 0.0499416)
(0.2 -0.45 7.70804e-09)
(0.2 -0.5 0.05)
(-0.201317 -0.200013 -0.0256949)
(0.201317 -0.200013 -0.0256947)
(-0.201317 0.200013 -0.0256949)
(0.201317 0.200013 -0.0256947)
(-0.2 0.45 9.41741e-09)
(-0.1 0.45 1.83181e-08)
(-1.21979e-09 0.45 -8.92252e-08)
(0.1 0.45 1.72222e-08)
(0.2 0.45 7.70782e-09)
(-0.15 0.5 3.25301e-09)
(-0.2 0.5 0.05)
(-0.05 0.5 -9.00007e-09)
(-0.100161 0.50076 0.0499416)
(0.05 0.5 -9.35416e-09)
(-3.99837e-10 0.5 0.05)
(0.15 0.5 2.42949e-09)
(0.100161 0.50076 0.0499416)
(0.2 0.5 0.05)
(-0.15 -0.5 0.1)
(-0.2 -0.45 0.1)
(-0.2 -0.5 0.15)
(-0.0501087 -0.501076 0.10005)
(-0.100245 -0.45109 0.10005)
(-0.100239 -0.50104 0.150189)
(0.0500971 -0.501077 0.10005)
(7.29314e-10 -0.449999 0.1)
(4.6993e-10 -0.5 0.15)
(0.15 -0.5 0.1)
(0.100244 -0.45109 0.10005)
(0.100238 -0.50104 0.150189)
(0.2 -0.45 0.1)
(0.2 -0.5 0.15)
(-0.2 0.45 0.1)
(-0.100243 0.45109 0.10005)
(7.13375e-10 0.449999 0.1)
(0.100245 0.45109 0.10005)
(0.2 0.45 0.1)
(-0.15 0.5 0.1)
(-0.2 0.5 0.15)
(-0.0500971 0.501076 0.10005)
(-0.100238 0.50104 0.150189)
(0.0501086 0.501076 0.10005)
(4.61413e-10 0.5 0.15)
(0.15 0.5 0.1)
(0.100239 0.50104 0.150189)
(0.2 0.5 0.15)
(-0.150361 -0.50101 0.200231)
(-0.2 -0.45 0.2)
(-0.0501371 -0.501018 0.200305)
(-0.100229 -0.451038 0.200274)
(-0.100219 -0.500954 0.250473)
(0.0501367 -0.501018 0.200305)
(8.50292e-10 -0.45 0.2)
(4.89467e-11 -0.5 0.25)
(0.150361 -0.50101 0.20023)
(0.100229 -0.451038 0.200274)
(0.100219 -0.500954 0.250473)
(0.2 -0.45 0.2)
(-0.2 0.45 0.2)
(-0.100229 0.451038 0.200274)
(7.54427e-10 0.45 0.2)
(0.100229 0.451038 0.200274)
(0.2 0.45 0.2)
(-0.150361 0.50101 0.200231)
(-0.0501368 0.501018 0.200305)
(-0.100219 0.500954 0.250473)
(0.050137 0.501018 0.200305)
(2.57023e-11 0.5 0.25)
(0.150361 0.50101 0.200231)
(0.100219 0.500954 0.250473)
(-0.05 -0.5 0.3)
(-0.1 -0.45 0.3)
(0.05 -0.5 0.3)
(4.16716e-11 -0.45 0.3)
(0.1 -0.45 0.3)
(-0.100778 -0.199993 0.276501)
(-0.0754903 -0.199926 0.301488)
(-0.099994 -0.175003 0.299992)
(3.21162e-08 -0.225008 0.300006)
(0.100778 -0.199993 0.276501)
(0.0754905 -0.199926 0.301488)
(0.099994 -0.175003 0.299992)
(0.3 -0.05 0.3)
(-0.2 2.73817e-14 0.35)
(0.2 8.32965e-14 0.35)
(-0.100777 0.199918 0.276499)
(-0.099994 0.175003 0.299992)
(-0.0754931 0.199921 0.301487)
(-1.53115e-08 0.225008 0.300006)
(0.100778 0.199993 0.276501)
(0.099994 0.175003 0.299992)
(0.0754905 0.199926 0.301488)
(-0.1 0.45 0.3)
(-7.43596e-11 0.45 0.3)
(0.1 0.45 0.3)
(-0.05 0.5 0.3)
(0.05 0.5 0.3)
(-0.2 -0.05 0.4)
(0.2 -0.05 0.4)
(-0.15 6.9266e-14 0.4)
(-0.2 0.05 0.4)
(0.15 3.6908e-14 0.4)
(0.2 0.05 0.4)
(-0.0499866 -0.250011 0.274988)
(0.0499867 -0.250011 0.274988)
(-0.0499867 0.250011 0.274988)
(0.0499866 0.250011 0.274988)
(-0.124997 -0.25 -0.099996)
(-0.0999978 -0.325 -0.0499977)
(0.124997 -0.25 -0.099996)
(-0.124997 0.25 -0.099996)
(0.124997 0.25 -0.099996)
(-0.0999978 0.325 -0.0499977)
(-0.149998 -0.325 1.70221e-06)
(-0.199996 -0.25 -0.0249969)
(0.149998 -0.325 1.70318e-06)
(0.199996 -0.25 -0.0249969)
(-0.199994 -0.150001 -0.0249955)
(0.199994 -0.150001 -0.0249955)
(-0.199994 0.150001 -0.0249955)
(0.199994 0.150001 -0.0249955)
(-0.199996 0.25 -0.0249969)
(0.199996 0.25 -0.0249969)
(-0.149998 0.325 1.70222e-06)
(0.149998 0.325 1.70318e-06)
(4.66654e-08 -0.250018 0.275013)
(-0.024997 -0.250007 0.300001)
(0.0249971 -0.250007 0.300001)
(-0.049993 -0.225006 0.299994)
(-0.0999892 -0.150007 0.274986)
(-0.0749951 -0.150004 0.299993)
(0.0499931 -0.225006 0.299994)
(0.0999892 -0.150007 0.274986)
(0.0749951 -0.150004 0.299993)
(-0.0999892 0.150007 0.274986)
(-0.0749951 0.150004 0.299993)
(0.0999892 0.150007 0.274986)
(0.0749951 0.150004 0.299993)
(-0.049993 0.225006 0.299994)
(0.049993 0.225006 0.299994)
(-5.07879e-08 0.250018 0.275013)
(-0.024997 0.250007 0.300001)
(0.024997 0.250007 0.300001)
(-0.149995 -0.249999 -0.0749952)
(-0.174995 -0.249999 -0.0499956)
(0.149995 -0.249999 -0.0749952)
(0.174995 -0.249999 -0.0499956)
(-0.174992 -0.150002 -0.0499936)
(0.174992 -0.150002 -0.0499936)
(-0.174992 0.150002 -0.0499936)
(0.174992 0.150002 -0.0499936)
(-0.149995 0.249999 -0.0749952)
(-0.174995 0.249999 -0.0499956)
(0.149995 0.249999 -0.0749952)
(0.174995 0.249999 -0.0499956)
(-0.149997 -0.225 -0.099997)
(-0.199997 -0.225 -0.0499975)
(-0.175903 -0.20002 -0.0507172)
(-0.199996 -0.175 -0.0499969)
(0.149997 -0.225 -0.099997)
(0.199997 -0.225 -0.0499975)
(0.175903 -0.20002 -0.050717)
(0.199996 -0.175 -0.0499969)
(-0.149997 0.225 -0.099997)
(-0.199996 0.175 -0.0499969)
(-0.175903 0.20002 -0.0507172)
(-0.199997 0.225 -0.0499975)
(0.149997 0.225 -0.099997)
(0.199996 0.175 -0.0499969)
(0.175903 0.20002 -0.050717)
(0.199997 0.225 -0.0499975)
(-0.0999989 -0.35 -0.0249989)
(-0.124999 -0.35 9.37774e-07)
(0.124999 -0.35 9.38326e-07)
(-0.0999989 0.35 -0.0249989)
(-0.124999 0.35 9.37784e-07)
(0.124999 0.35 9.38321e-07)
(-0.0749993 -0.35 -0.0499994)
(-0.0749993 0.35 -0.0499994)
(-0.15 -0.35 0.0250005)
(0.15 -0.35 0.0250005)
(-0.15 0.35 0.0250005)
(0.15 0.35 0.0250005)
(-0.15 -0.35 -0.2)
(0.15 -0.35 -0.2)
(-0.25 -0.15 -0.2)
(0.25 -0.15 -0.2)
(-0.25 0.15 -0.2)
(0.25 0.15 -0.2)
(-0.15 0.35 -0.2)
(-0.05 0.35 -0.2)
(0.05 0.35 -0.2)
(0.15 0.35 -0.2)
(-0.15 -0.4 -0.15)
(-0.05 -0.45 -0.1)
(0.05 -0.45 -0.1)
(0.15 -0.4 -0.15)
(0.15 -0.45 -0.1)
(-0.2 -0.35 -0.15)
(-0.25 -0.35 -0.1)
(0.2 -0.35 -0.15)
(0.25 -0.35 -0.1)
(-0.250698 -0.199935 -0.15074)
(0.250698 -0.199935 -0.15074)
(-0.3 -0.15 -0.15)
(-0.25 -0.1 -0.15)
(0.3 -0.15 -0.15)
(0.25 -0.1 -0.15)
(-0.25 -0.05 -0.0999999)
(0.25 -0.05 -0.0999999)
(-0.25 0.1 -0.15)
(-0.25 0.05 -0.0999999)
(0.25 0.1 -0.15)
(0.25 0.05 -0.0999999)
(-0.3 0.15 -0.15)
(-0.250696 0.199935 -0.150739)
(0.3 0.15 -0.15)
(0.250696 0.199935 -0.150739)
(-0.2 0.35 -0.15)
(-0.25 0.35 -0.1)
(-0.0999999 0.35 -0.15)
(-0.15 0.4 -0.15)
(-1.93864e-10 0.35 -0.15)
(-0.05 0.4 -0.15)
(0.0999999 0.35 -0.15)
(0.05 0.4 -0.15)
(0.2 0.35 -0.15)
(0.15 0.4 -0.15)
(0.25 0.35 -0.1)
(-0.05 0.45 -0.1)
(0.05 0.45 -0.1)
(0.15 0.45 -0.1)
(-0.05 -0.5 -0.05)
(0.05 -0.5 -0.05)
(0.15 -0.5 -0.05)
(-0.25 -0.4 -0.05)
(-0.1 -0.45 -0.05)
(-0.15 -0.45 1.73702e-08)
(-3.91087e-10 -0.45 -0.05)
(-0.05 -0.45 -3.55523e-08)
(0.1 -0.45 -0.05)
(0.05 -0.45 -3.68207e-08)
(0.2 -0.45 -0.05)
(0.15 -0.45 1.50396e-08)
(0.25 -0.4 -0.05)
(-0.3 -0.35 -0.05)
(0.3 -0.35 -0.05)
(0.124992 -0.249999 -0.0749909)
(-0.174991 -0.175001 -0.0499926)
(-0.3 -0.05 -0.05)
(-0.25 1.42261e-12 -0.0499999)
(0.3 -0.05 -0.05)
(0.25 1.36012e-12 -0.0499999)
(-0.3 0.05 -0.05)
(0.3 0.05 -0.05)
(-0.149993 0.224999 -0.0749933)
(-0.174993 0.225 -0.049994)
(0.149993 0.224999 -0.0749933)
(0.124992 0.249999 -0.0749909)
(0.124995 0.225 -0.0999943)
(-0.3 0.35 -0.05)
(-0.25 0.4 -0.05)
(-0.0749981 0.325 -0.0499981)
(0.3 0.35 -0.05)
(0.25 0.4 -0.05)
(-0.1 0.45 -0.05)
(-0.15 0.45 1.7371e-08)
(-3.95706e-10 0.45 -0.05)
(-0.05 0.5 -0.05)
(-0.05 0.45 -3.55514e-08)
(0.1 0.45 -0.05)
(0.05 0.5 -0.05)
(0.05 0.45 -3.68228e-08)
(0.2 0.45 -0.05)
(0.15 0.5 -0.05)
(0.15 0.45 1.50391e-08)
(-0.15 -0.5 0.05)
(-0.05 -0.5 0.05)
(0.05 -0.5 0.05)
(0.15 -0.5 0.05)
(-0.2 -0.45 0.05)
(-0.100151 -0.450769 0.049946)
(-0.15 -0.45 0.1)
(-2.08304e-09 -0.449999 0.0499999)
(-0.0501075 -0.45108 0.100049)
(0.100151 -0.450769 0.049946)
(0.050096 -0.451081 0.100049)
(0.2 -0.45 0.05)
(0.15 -0.45 0.1)
(0.125 -0.35 0.0250007)
(-0.149999 0.325001 0.0250014)
(0.124997 0.325 2.80683e-06)
(0.149999 0.325001 0.0250014)
(0.125 0.35 0.0250007)
(-0.2 0.45 0.05)
(-0.100151 0.450769 0.049946)
(-0.15 0.5 0.05)
(-0.15 0.45 0.1)
(-2.09542e-09 0.449999 0.0499999)
(-0.05 0.5 0.05)
(-0.0500963 0.451081 0.100048)
(0.100151 0.450769 0.049946)
(0.05 0.5 0.05)
(0.0501071 0.45108 0.100048)
(0.2 0.45 0.05)
(0.15 0.5 0.05)
(0.15 0.45 0.1)
(-0.15 -0.5 0.15)
(-0.0501329 -0.501046 0.150174)
(0.0501295 -0.501046 0.150174)
(0.15 -0.5 0.15)
(-0.2 -0.45 0.15)
(-0.100259 -0.451046 0.150196)
(-0.15 -0.45 0.2)
(2.41959e-09 -0.45 0.15)
(-0.05 -0.45 0.2)
(0.100259 -0.451045 0.150196)
(0.05 -0.45 0.2)
(0.2 -0.45 0.15)
(0.15 -0.45 0.2)
(-0.2 0.45 0.15)
(-0.100259 0.451046 0.150196)
(-0.15 0.5 0.15)
(-0.15 0.45 0.2)
(2.38102e-09 0.45 0.15)
(-0.0501296 0.501046 0.150174)
(-0.05 0.45 0.2)
(0.100259 0.451045 0.150196)
(0.0501328 0.501045 0.150174)
(0.05 0.45 0.2)
(0.2 0.45 0.15)
(0.15 0.5 0.15)
(0.15 0.45 0.2)
(-0.05 -0.5 0.25)
(0.05 -0.5 0.25)
(-0.100227 -0.450961 0.250479)
(1.72318e-10 -0.45 0.25)
(-0.05 -0.45 0.3)
(0.100227 -0.450961 0.250479)
(0.05 -0.45 0.3)
(0.3 -0.05 0.25)
(0.25 -0.05 0.3)
(-0.100227 0.450961 0.250479)
(5.51859e-11 0.45 0.25)
(-0.05 0.5 0.25)
(-0.05 0.45 0.3)
(0.100227 0.450961 0.250479)
(0.05 0.5 0.25)
(0.05 0.45 0.3)
(-0.0749932 -0.175004 0.299991)
(-0.2 -0.05 0.35)
(-0.15 9.85658e-14 0.35)
(-0.15 -0.05 0.4)
(0.2 -0.05 0.35)
(0.15 -8.56054e-14 0.35)
(0.15 -0.05 0.4)
(-0.2 0.05 0.35)
(-0.15 0.05 0.4)
(0.2 0.05 0.35)
(0.15 0.05 0.4)
(0.0249963 0.225007 0.300001)
(-0.0249933 -0.250015 0.275003)
(-0.0499814 -0.225013 0.27498)
(-0.0756134 -0.19996 0.276567)
(8.97195e-08 -0.225019 0.275018)
(-0.0249963 -0.225007 0.300001)
(0.0249934 -0.250015 0.275003)
(0.0499815 -0.225013 0.27498)
(0.0249964 -0.225007 0.300001)
(0.0756135 -0.19996 0.276567)
(-0.0749878 -0.150009 0.274984)
(-0.100736 -0.174718 0.276492)
(0.0749878 -0.150009 0.274983)
(0.100743 -0.174715 0.276505)
(0.0749932 -0.175004 0.299991)
(-0.0749878 0.150009 0.274984)
(-0.0756146 0.19994 0.276566)
(-0.0999851 0.175007 0.27498)
(-0.0749932 0.175004 0.299991)
(0.0749878 0.150009 0.274983)
(0.0756134 0.19996 0.276567)
(0.100738 0.174717 0.276496)
(0.0749932 0.175004 0.299991)
(-0.0499814 0.225013 0.27498)
(-0.0249934 0.250015 0.275003)
(-4.02587e-08 0.225019 0.275018)
(-0.0249963 0.225007 0.300001)
(0.0499814 0.225013 0.27498)
(0.0249933 0.250015 0.275003)
(-0.124992 -0.249999 -0.0749909)
(-0.149993 -0.224999 -0.0749933)
(-0.174993 -0.225 -0.049994)
(-0.124995 -0.225 -0.0999943)
(-0.174991 -0.249999 -0.0249928)
(-0.175963 -0.200018 -0.0256355)
(-0.199994 -0.225 -0.0249956)
(0.149993 -0.224999 -0.0749933)
(0.124995 -0.225 -0.0999943)
(0.174993 -0.224999 -0.049994)
(0.174991 -0.249999 -0.0249928)
(0.175963 -0.200018 -0.0256356)
(0.199994 -0.225 -0.0249956)
(-0.174986 -0.150004 -0.0249892)
(-0.199993 -0.175001 -0.0249946)
(0.174991 -0.175001 -0.0499926)
(0.174986 -0.150004 -0.0249892)
(0.199993 -0.175001 -0.0249946)
(-0.174991 0.175001 -0.0499926)
(-0.174986 0.150004 -0.0249892)
(-0.175963 0.200018 -0.0256357)
(-0.199993 0.175001 -0.0249946)
(0.174991 0.175001 -0.0499926)
(0.174986 0.150004 -0.0249892)
(0.175963 0.200018 -0.0256353)
(0.199993 0.175001 -0.0249946)
(-0.124992 0.249999 -0.0749909)
(-0.124995 0.225 -0.0999943)
(-0.174991 0.249999 -0.0249928)
(-0.199994 0.225 -0.0249956)
(0.174993 0.224999 -0.049994)
(0.174991 0.249999 -0.0249928)
(0.199994 0.225 -0.0249956)
(-0.0999966 -0.324999 -0.0249966)
(-0.124997 -0.325 2.8024e-06)
(-0.0749981 -0.325 -0.0499981)
(-0.0749991 -0.35 -0.0249992)
(0.124997 -0.325 2.80684e-06)
(-0.0999966 0.324999 -0.0249966)
(-0.124997 0.325 2.80242e-06)
(-0.0749991 0.35 -0.0249992)
(-0.125 -0.35 0.0250007)
(-0.149999 -0.325001 0.0250014)
(0.149999 -0.325001 0.0250014)
(-0.125 0.35 0.0250007)
(-0.0600523 -0.186824 0.0148292)
(-0.059403 -0.186882 0.0156056)
(-0.0458246 -0.186825 0.00483394)
(-0.045231 -0.186884 0.00588022)
(-0.0824145 -0.186828 0.04177)
(-0.0814251 -0.186883 0.042324)
(-0.0726134 -0.186826 0.0275011)
(-0.0718414 -0.186883 0.0281371)
(-0.087052 -0.186879 0.0511088)
(-0.0858323 -0.186935 0.0515691)
(0.0824195 -0.186823 0.0417819)
(0.0814302 -0.186879 0.0423357)
(0.0726015 -0.186823 0.0274866)
(0.0718299 -0.18688 0.0281224)
(0.0870537 -0.186873 0.051115)
(0.0858342 -0.186929 0.0515753)
(-0.0824145 0.186828 0.04177)
(-0.0814251 0.186883 0.042324)
(-0.0726134 0.186826 0.0275011)
(-0.0718414 0.186883 0.0281371)
(-0.087052 0.186879 0.0511088)
(-0.0858323 0.186935 0.0515691)
(0.0824195 0.186823 0.0417819)
(0.0814302 0.186879 0.0423357)
(0.0726015 0.186823 0.0274866)
(0.0718299 0.18688 0.0281224)
(0.0870537 0.186873 0.051115)
(0.0858342 0.186929 0.0515753)
(-0.0895548 -0.200843 0.112682)
(-0.0881932 -0.200828 0.112363)
(-0.0913886 -0.199904 0.100302)
(-0.0900005 -0.1999 0.100147)
(-0.0916027 -0.188188 0.100323)
(-0.0901581 -0.1882 0.10015)
(-0.089651 -0.187411 0.112627)
(-0.0882156 -0.187447 0.112291)
(-0.0895548 0.200843 0.112682)
(-0.0881932 0.200828 0.112363)
(-0.0913886 0.199904 0.100302)
(-0.0900005 0.1999 0.100147)
(-0.0922615 -0.199904 0.0875259)
(-0.0909546 -0.199893 0.0875193)
(0.0913914 -0.199895 0.100291)
(0.0900036 -0.199892 0.100136)
(0.0922604 -0.199903 0.0875041)
(0.0909544 -0.199892 0.0874977)
(-0.092521 -0.18823 0.0875194)
(-0.0910927 -0.188234 0.0875117)
(0.0915987 -0.188185 0.100318)
(0.0901547 -0.188197 0.100145)
(0.0925183 -0.188223 0.0875117)
(0.0910907 -0.188227 0.0875041)
(-0.0922615 0.199904 0.0875259)
(-0.0909546 0.199893 0.0875193)
(-0.0916027 0.188188 0.100323)
(-0.0901581 0.1882 0.10015)
(-0.092521 0.18823 0.0875194)
(-0.0910927 0.188234 0.0875117)
(0.0915987 0.188185 0.100318)
(0.0901547 0.188197 0.100145)
(0.0913914 0.199895 0.100291)
(0.0900036 0.199892 0.100136)
(0.0922604 0.199903 0.0875041)
(0.0909544 0.199892 0.0874977)
(0.0925183 0.188223 0.0875117)
(0.0910907 0.188227 0.0875041)
(0.0895702 -0.200839 0.112688)
(0.0882086 -0.200823 0.112369)
(0.0896457 -0.187403 0.112626)
(0.0882108 -0.187439 0.11229)
(-0.089651 0.187411 0.112627)
(-0.0882156 0.187447 0.112291)
(0.0895702 0.200839 0.112688)
(0.0882086 0.200823 0.112369)
(0.0896457 0.187403 0.112626)
(0.0882108 0.187439 0.11229)
(-0.0459305 -0.198062 0.00468965)
(-0.0452778 -0.198023 0.00584175)
(-0.0600324 -0.201232 0.0148621)
(-0.0593765 -0.20119 0.0156468)
(-0.0870269 -0.201233 0.0511294)
(-0.085807 -0.201192 0.0515869)
(-0.0825488 -0.198041 0.0417143)
(-0.0814909 -0.198005 0.0423061)
(-0.0459305 0.198062 0.00468965)
(-0.0452778 0.198023 0.00584175)
(-0.0600324 0.201232 0.0148621)
(-0.0593765 0.20119 0.0156468)
(-0.0870269 0.201233 0.0511294)
(-0.085807 0.201192 0.0515869)
(-0.0825488 0.198041 0.0417143)
(-0.0814909 0.198005 0.0423061)
(-0.0896024 -0.200768 0.0623918)
(-0.0882868 -0.200751 0.0626826)
(0.0870215 -0.201227 0.0511234)
(0.0858021 -0.201187 0.0515809)
(0.0825336 -0.198042 0.041695)
(0.0814763 -0.198005 0.0422867)
(0.0896075 -0.200761 0.0623973)
(0.0882919 -0.200744 0.0626881)
(-0.0899098 -0.187357 0.0623074)
(-0.0885688 -0.187388 0.0626064)
(0.0899086 -0.187354 0.0623093)
(0.0885677 -0.187385 0.0626083)
(-0.0600523 0.186824 0.0148292)
(-0.059403 0.186882 0.0156056)
(-0.0458246 0.186825 0.00483394)
(-0.045231 0.186884 0.00588022)
(-0.0896024 0.200768 0.0623918)
(-0.0882868 0.200751 0.0626826)
(-0.0899098 0.187357 0.0623074)
(-0.0885688 0.187388 0.0626064)
(0.0870215 0.201227 0.0511234)
(0.0858021 0.201187 0.0515809)
(0.0825336 0.198042 0.041695)
(0.0814763 0.198005 0.0422867)
(0.0896075 0.200761 0.0623973)
(0.0882919 0.200744 0.0626881)
(0.0899086 0.187354 0.0623093)
(0.0885677 0.187385 0.0626083)
(0.0600258 0.201231 0.014859)
(0.0593702 0.201189 0.0156436)
(0.0459108 0.198057 0.00467781)
(0.0452581 0.198018 0.00583043)
(-0.0864702 -0.186855 0.12528)
(-0.0848838 -0.186933 0.124646)
(-0.0867829 -0.201236 0.123876)
(-0.0854169 -0.201191 0.12334)
(-0.0867829 0.201236 0.123876)
(-0.0854169 0.201191 0.12334)
(-0.0915231 -0.199885 0.0747142)
(-0.0901423 -0.19988 0.0748553)
(0.0915186 -0.199898 0.0747015)
(0.0901386 -0.199893 0.0748426)
(-0.0917063 -0.188222 0.0746779)
(-0.0902796 -0.188232 0.0748337)
(0.0917011 -0.188217 0.0746737)
(0.090275 -0.188227 0.0748295)
(-0.0917063 0.188222 0.0746779)
(-0.0902796 0.188232 0.0748337)
(-0.0915231 0.199885 0.0747142)
(-0.0901423 0.19988 0.0748553)
(0.0917011 0.188217 0.0746737)
(0.090275 0.188227 0.0748295)
(0.0915186 0.199898 0.0747015)
(0.0901386 0.199893 0.0748426)
(2.13355e-05 -0.199805 0.179261)
(2.1254e-05 -0.199793 0.177957)
(-0.0127149 -0.199906 0.178457)
(-0.0125803 -0.199898 0.177081)
(-0.0251876 -0.200946 0.17709)
(-0.0248815 -0.200923 0.175745)
(0.0867859 -0.201233 0.123869)
(0.0854196 -0.201188 0.123333)
(0.0127229 -0.199903 0.178462)
(0.012588 -0.199895 0.177085)
(0.0251852 -0.20094 0.177088)
(0.0248789 -0.200918 0.175742)
(-0.012757 -0.18802 0.178745)
(-0.0126046 -0.188034 0.177318)
(-0.0251088 -0.187259 0.177117)
(-0.0247857 -0.187301 0.1757)
(2.20004e-05 -0.188203 0.179529)
(2.18739e-05 -0.188206 0.17811)
(0.0864682 -0.186853 0.125282)
(0.084882 -0.186931 0.124648)
(0.0251084 -0.187257 0.177117)
(0.0247852 -0.187299 0.1757)
(0.0127604 -0.188019 0.178746)
(0.0126078 -0.188033 0.177318)
(-0.0864702 0.186855 0.12528)
(-0.0848838 0.186933 0.124646)
(-0.0251088 0.187259 0.177117)
(-0.0247857 0.187301 0.1757)
(-0.0127571 0.18802 0.178745)
(-0.0126046 0.188034 0.177318)
(2.12976e-05 0.199805 0.179261)
(2.1254e-05 0.199793 0.177957)
(2.3415e-05 0.188206 0.17953)
(2.329e-05 0.188209 0.178111)
(-0.0127149 0.199906 0.178457)
(-0.0125803 0.199898 0.177081)
(-0.0251876 0.200946 0.17709)
(-0.0248815 0.200923 0.175745)
(0.0864682 0.186853 0.125282)
(0.084882 0.186931 0.124648)
(0.0867859 0.201233 0.123869)
(0.0854196 0.201188 0.123333)
(0.0127604 0.188019 0.178746)
(0.0126078 0.188033 0.177318)
(0.0251085 0.187257 0.177117)
(0.0247852 0.187299 0.1757)
(0.0127229 0.199903 0.178463)
(0.012588 0.199895 0.177085)
(0.0251852 0.20094 0.177088)
(0.0248789 0.200918 0.175742)
(-0.0725691 0.201237 0.0275134)
(-0.0717938 0.201195 0.0281519)
(-0.0794078 -0.186804 0.138398)
(-0.077964 -0.186919 0.137451)
(-0.0830573 -0.190711 0.133365)
(-0.0811835 -0.190745 0.132321)
(-0.0823803 -0.201423 0.13306)
(-0.0811023 -0.201365 0.132334)
(-0.0724998 -0.18681 0.147164)
(-0.0714787 -0.186883 0.146304)
(-0.0723542 -0.201324 0.147058)
(-0.0714697 -0.201274 0.146317)
(-0.0622173 0.227224 0.124911)
(-0.0622155 0.225952 0.124921)
(-0.0621997 0.226685 0.137459)
(-0.0619738 0.225682 0.137284)
(-0.0499536 0.226679 0.149702)
(-0.0497712 0.225665 0.149464)
(-0.0500512 0.227376 0.13755)
(-0.0500405 0.225524 0.137557)
(-0.0502248 0.225176 0.125222)
(-0.0504037 0.223705 0.12546)
(-0.0823803 0.201423 0.13306)
(-0.0811023 0.201365 0.132334)
(-0.0723542 0.201324 0.147058)
(-0.0714697 0.201274 0.146317)
(0.0256789 0.22424 0.125145)
(0.0257358 0.223455 0.125195)
(0.0375344 0.224781 0.125108)
(0.0375487 0.223468 0.125363)
(0.0377516 0.225599 0.137755)
(0.0378196 0.223702 0.137882)
(0.0254262 0.224541 0.137452)
(0.0255669 0.223465 0.137541)
(0.0499529 0.226676 0.149701)
(0.0497706 0.225662 0.149463)
(0.0375068 0.227317 0.149828)
(0.0374577 0.225998 0.149759)
(0.0500532 0.227375 0.137549)
(0.0500422 0.225522 0.137556)
(0.0502201 0.225176 0.125225)
(0.0503977 0.223702 0.125462)
(0.0251423 0.225784 0.149913)
(0.0251755 0.224952 0.149974)
(-0.0742294 -0.227304 0.0750276)
(-0.0741066 -0.226274 0.0750382)
(-0.0623083 -0.224785 0.0750384)
(-0.0624134 -0.223717 0.0750019)
(-0.062836 -0.225568 0.0623226)
(-0.0628694 -0.224931 0.0623207)
(-0.0744292 -0.226795 0.0625967)
(-0.074268 -0.226064 0.0626506)
(0.0725814 -0.201238 0.0275272)
(0.0718061 -0.201197 0.0281656)
(0.0742297 -0.227299 0.0750267)
(0.0741069 -0.226268 0.0750372)
(0.0744277 -0.226789 0.0625948)
(0.0742665 -0.226059 0.0626487)
(0.0628353 -0.225565 0.062326)
(0.0628687 -0.224927 0.062324)
(0.062308 -0.224782 0.075039)
(0.0624137 -0.223713 0.0750018)
(0.060057 -0.186823 0.0148322)
(0.059408 -0.186881 0.0156085)
(0.060057 0.186823 0.0148322)
(0.059408 0.186881 0.0156085)
(0.0725814 0.201238 0.0275272)
(0.0718061 0.201197 0.0281656)
(-0.0742294 0.227304 0.0750276)
(-0.0741066 0.226274 0.0750382)
(-0.0744292 0.226795 0.0625967)
(-0.074268 0.226064 0.0626506)
(-0.062836 0.225568 0.0623226)
(-0.0628694 0.224931 0.0623207)
(-0.0623083 0.224785 0.0750384)
(-0.0624134 0.223717 0.0750019)
(0.0742297 0.227299 0.0750267)
(0.0741069 0.226268 0.0750372)
(0.062308 0.224782 0.075039)
(0.0624137 0.223713 0.0750018)
(0.0628353 0.225565 0.062326)
(0.0628687 0.224927 0.062324)
(0.0744277 0.226789 0.0625948)
(0.0742665 0.226059 0.0626487)
(-0.0621997 -0.226685 0.137459)
(-0.0619738 -0.225682 0.137284)
(-0.0622173 -0.227224 0.124911)
(-0.0622155 -0.225952 0.124921)
(-0.0499536 -0.226679 0.149702)
(-0.0497712 -0.225665 0.149464)
(-0.0500512 -0.227376 0.13755)
(-0.0500405 -0.225524 0.137557)
(-0.0502248 -0.225176 0.125222)
(-0.0504037 -0.223705 0.12546)
(-0.025681 -0.224243 0.125143)
(-0.0257358 -0.223457 0.125195)
(-0.0375353 -0.224775 0.125106)
(-0.0375489 -0.22347 0.125363)
(-0.0377592 -0.225604 0.137756)
(-0.0378269 -0.223705 0.137883)
(-0.0254286 -0.224556 0.137451)
(-0.0255672 -0.223467 0.137541)
(-0.0375072 -0.227322 0.149827)
(-0.0374579 -0.226001 0.149758)
(-0.0251432 -0.225791 0.149913)
(-0.025176 -0.224955 0.149974)
(-0.0454567 -0.201424 0.16971)
(-0.0447387 -0.201365 0.168435)
(-0.0362894 -0.201323 0.174072)
(-0.0357575 -0.201274 0.17272)
(0.0256789 -0.22424 0.125145)
(0.0257358 -0.223455 0.125195)
(0.0254262 -0.224541 0.137452)
(0.0255669 -0.223465 0.137541)
(0.0377516 -0.225599 0.137755)
(0.0378196 -0.223702 0.137882)
(0.0375344 -0.224781 0.125108)
(0.0375487 -0.223468 0.125363)
(0.0499529 -0.226676 0.149701)
(0.0497706 -0.225662 0.149463)
(0.0500532 -0.227375 0.137549)
(0.0500422 -0.225522 0.137556)
(0.0375068 -0.227317 0.149828)
(0.0374577 -0.225998 0.149759)
(0.0502201 -0.225176 0.125225)
(0.0503977 -0.223702 0.125462)
(0.0251423 -0.225784 0.149913)
(0.0251755 -0.224952 0.149974)
(0.0622189 -0.227221 0.12491)
(0.0622169 -0.225948 0.12492)
(0.0621982 -0.226684 0.137456)
(0.0619723 -0.225679 0.137281)
(0.0823884 -0.20142 0.133047)
(0.0811101 -0.201362 0.13232)
(0.0723399 -0.201321 0.147075)
(0.0714554 -0.201271 0.146334)
(0.0454704 -0.201421 0.1697)
(0.0447523 -0.201362 0.168424)
(0.0362964 -0.20132 0.174067)
(0.0357644 -0.201271 0.172715)
(-0.0376865 -0.186801 0.173738)
(-0.037056 -0.186884 0.172163)
(-0.0457659 -0.190665 0.170378)
(-0.0447336 -0.190702 0.168505)
(0.0794043 -0.186803 0.138399)
(0.0779602 -0.186918 0.137452)
(0.0830536 -0.190713 0.13337)
(0.0811797 -0.190747 0.132326)
(0.0725124 -0.186807 0.147148)
(0.0714909 -0.18688 0.146288)
(0.0376832 -0.186797 0.173738)
(0.0370529 -0.18688 0.172164)
(0.0457592 -0.190677 0.170378)
(0.0447275 -0.190713 0.168507)
(-0.0794078 0.186804 0.138398)
(-0.077964 0.186919 0.137451)
(-0.0830573 0.190711 0.133365)
(-0.0811835 0.190745 0.132321)
(-0.0724998 0.18681 0.147164)
(-0.0714787 0.186883 0.146304)
(-0.0376865 0.186801 0.173738)
(-0.037056 0.186884 0.172163)
(-0.0454567 0.201424 0.16971)
(-0.0447387 0.201365 0.168435)
(-0.0362894 0.201323 0.174072)
(-0.0357575 0.201274 0.17272)
(-0.0457659 0.190665 0.170378)
(-0.0447336 0.190702 0.168505)
(0.0794043 0.186803 0.138399)
(0.0779602 0.186918 0.137452)
(0.0830536 0.190713 0.13337)
(0.0811797 0.190747 0.132326)
(0.0823884 0.20142 0.133047)
(0.0811101 0.201362 0.13232)
(0.0725124 0.186807 0.147148)
(0.0714909 0.18688 0.146288)
(0.0723399 0.201321 0.147075)
(0.0714554 0.201271 0.146334)
(0.0376832 0.186797 0.173738)
(0.0370529 0.18688 0.172164)
(0.0454704 0.201421 0.1697)
(0.0447523 0.201362 0.168424)
(0.0457592 0.190677 0.170378)
(0.0447275 0.190713 0.168507)
(0.0362964 0.20132 0.174067)
(0.0357644 0.201271 0.172715)
(-0.025681 0.224243 0.125143)
(-0.0257358 0.223457 0.125195)
(-0.0254286 0.224556 0.137451)
(-0.0255672 0.223467 0.137541)
(-0.0377592 0.225604 0.137756)
(-0.0378269 0.223705 0.137883)
(-0.0375353 0.224775 0.125106)
(-0.0375489 0.22347 0.125363)
(-0.0375072 0.227322 0.149827)
(-0.0374579 0.226001 0.149758)
(-0.0251432 0.225791 0.149913)
(-0.025176 0.224955 0.149974)
(0.0621982 0.226684 0.137456)
(0.0619723 0.225679 0.137281)
(0.0622189 0.227221 0.12491)
(0.0622169 0.225948 0.12492)
(-4.31674e-06 -0.199833 -0.00712494)
(-4.22415e-06 -0.199746 -0.00394687)
(0.0130696 -0.199954 -0.006032)
(0.0127322 -0.199888 -0.00306148)
(0.013028 -0.188227 -0.0053712)
(0.0127614 -0.188229 -0.00320119)
(1.66365e-05 -0.188275 -0.00637719)
(1.66485e-05 -0.188272 -0.00408337)
(-4.31674e-06 0.199833 -0.00712494)
(-4.22415e-06 0.199746 -0.00394687)
(0.0130696 0.199954 -0.006032)
(0.0127322 0.199888 -0.00306148)
(0.0131113 0.209418 -0.00561544)
(0.0129026 0.208944 -0.00336033)
(1.83222e-05 0.209331 -0.00666434)
(1.82298e-05 0.208794 -0.00415526)
(-0.0130606 -0.199812 -0.00602237)
(-0.0127235 -0.199747 -0.00305299)
(-0.0130646 -0.20942 -0.0056173)
(-0.0128569 -0.208945 -0.00336911)
(1.83222e-05 -0.209331 -0.00666434)
(1.82298e-05 -0.208794 -0.00415526)
(0.0131113 -0.209418 -0.00561544)
(0.0129026 -0.208944 -0.00336033)
(-0.0129874 -0.18823 -0.00537982)
(-0.0127206 -0.188231 -0.00320559)
(-0.0130606 0.199812 -0.00602237)
(-0.0127235 0.199747 -0.00305299)
(-0.0129874 0.18823 -0.00537982)
(-0.0127206 0.188231 -0.00320559)
(1.66365e-05 0.188275 -0.00637719)
(1.66485e-05 0.188272 -0.00408337)
(0.013028 0.188227 -0.0053712)
(0.0127614 0.188229 -0.00320119)
(-0.0130646 0.20942 -0.0056173)
(-0.0128569 0.208945 -0.00336911)
(0.0459108 -0.198057 0.00467781)
(0.0452581 -0.198018 0.00583043)
(0.0600258 -0.201231 0.014859)
(0.0593702 -0.201189 0.0156436)
(0.0458333 -0.186819 0.00484319)
(0.04524 -0.186878 0.0058889)
(0.03655 -0.18687 5.79816e-06)
(0.0360194 -0.186929 0.00141408)
(0.0365999 -0.201238 -0.000103587)
(0.036023 -0.201187 0.00144834)
(0.0365999 0.201238 -0.000103587)
(0.036023 0.201187 0.00144834)
(-0.0365849 -0.201242 -0.000110357)
(-0.0360081 -0.201191 0.0014418)
(-0.0365662 -0.186875 1.01582e-05)
(-0.0360355 -0.186934 0.00141863)
(-0.0365662 0.186875 1.01582e-05)
(-0.0360355 0.186934 0.00141863)
(-0.0365849 0.201242 -0.000110357)
(-0.0360081 0.201191 0.0014418)
(0.0458333 0.186819 0.00484319)
(0.04524 0.186878 0.0058889)
(0.03655 0.18687 5.79816e-06)
(0.0360194 0.186929 0.00141408)
(-0.0596254 -0.186811 0.159942)
(-0.0587735 -0.186884 0.158916)
(-0.0595313 -0.201324 0.159785)
(-0.0587974 -0.201274 0.158897)
(-0.0508161 -0.186769 0.166794)
(-0.0498811 -0.186884 0.165347)
(0.0595396 -0.201321 0.15978)
(0.0588055 -0.201271 0.158891)
(0.0596177 -0.186807 0.159945)
(0.0587662 -0.18688 0.158919)
(0.0508203 -0.186765 0.166786)
(0.0498863 -0.18688 0.165341)
(-0.0595313 0.201324 0.159785)
(-0.0587974 0.201274 0.158897)
(-0.0596254 0.186811 0.159942)
(-0.0587735 0.186884 0.158916)
(-0.0508161 0.186769 0.166794)
(-0.0498811 0.186884 0.165347)
(0.0252726 -0.200216 -0.00298679)
(0.0247568 -0.200178 -0.000610042)
(0.0253323 -0.187521 -0.0029783)
(0.0249162 -0.187549 -0.00115336)
(0.0252726 0.200216 -0.00298679)
(0.0247568 0.200178 -0.000610042)
(0.0255675 0.212083 -0.0032925)
(0.0252823 0.211751 -0.00192029)
(-0.0744768 0.226741 0.112422)
(-0.0743201 0.225991 0.11237)
(-0.0742772 0.22735 0.0999858)
(-0.0741726 0.226283 0.0999668)
(-0.0252805 -0.200217 -0.00298013)
(-0.0247652 -0.200179 -0.000604592)
(-0.0255446 -0.212083 -0.00329759)
(-0.0252599 -0.211752 -0.00192716)
(-0.074201 -0.227374 0.0875059)
(-0.0741066 -0.22618 0.0874939)
(-0.0742772 -0.22735 0.0999858)
(-0.0741726 -0.226283 0.0999668)
(0.0255675 -0.212083 -0.0032925)
(0.0252823 -0.211751 -0.00192029)
(0.0742018 -0.227367 0.0875073)
(0.0741076 -0.226173 0.0874953)
(0.0742772 -0.227343 0.099986)
(0.0741727 -0.226276 0.0999671)
(-0.0253326 -0.187521 -0.00297877)
(-0.0249167 -0.187549 -0.00115357)
(-0.0252805 0.200217 -0.00298013)
(-0.0247652 0.200179 -0.000604592)
(-0.0253326 0.187521 -0.00297877)
(-0.0249167 0.187549 -0.00115357)
(0.0253323 0.187521 -0.0029783)
(0.0249162 0.187549 -0.00115336)
(-0.0255446 0.212083 -0.00329759)
(-0.0252599 0.211752 -0.00192716)
(-0.074201 0.227374 0.0875059)
(-0.0741066 0.22618 0.0874939)
(0.0742018 0.227367 0.0875073)
(0.0741076 0.226173 0.0874953)
(0.0742772 0.227343 0.099986)
(0.0741727 0.226276 0.0999671)
(-0.0744765 -0.226741 0.112423)
(-0.0743198 -0.225991 0.112372)
(0.0744747 -0.226738 0.112422)
(0.0743179 -0.225988 0.11237)
(0.0744748 0.226737 0.112421)
(0.074318 0.225987 0.112369)
(-0.0725691 -0.201237 0.0275134)
(-0.0717938 -0.201195 0.0281519)
(-0.0623827 0.225991 0.112463)
(-0.0626094 0.224943 0.112582)
(-0.0623561 0.22474 0.100014)
(-0.0627024 0.223718 0.0999941)
(-0.0629678 -0.224874 0.0875488)
(-0.0632018 -0.223654 0.0874603)
(-0.0623561 -0.22474 0.100014)
(-0.0627024 -0.223718 0.0999941)
(0.0629743 -0.224871 0.0875294)
(0.06321 -0.223649 0.0874409)
(0.0623549 -0.224734 0.100013)
(0.0627024 -0.223712 0.0999941)
(-0.0629678 0.224874 0.0875488)
(-0.0632018 0.223654 0.0874603)
(0.0629743 0.224871 0.0875294)
(0.06321 0.223649 0.0874409)
(0.0623549 0.224734 0.100013)
(0.0627024 0.223712 0.0999941)
(-0.0623827 -0.225991 0.112463)
(-0.0626094 -0.224943 0.112582)
(0.0623835 -0.225989 0.112463)
(0.0626098 -0.224941 0.112582)
(0.0596177 0.186807 0.159945)
(0.0587662 0.18688 0.158919)
(0.0595396 0.201321 0.15978)
(0.0588055 0.201271 0.158891)
(0.0508203 0.186765 0.166786)
(0.0498863 0.18688 0.165341)
(0.0623835 0.225989 0.112463)
(0.0626098 0.224941 0.112582)
)


// ************************************************************************* //
