# Force coefficients
# dragDir     : (1.000000e+00 0.000000e+00 0.000000e+00)
# sideDir     : (0.000000e+00 1.000000e+00 0.000000e+00)
# liftDir     : (0.000000e+00 0.000000e+00 1.000000e+00)
# rollAxis    : (1.000000e+00 0.000000e+00 0.000000e+00)
# pitchAxis   : (0.000000e+00 1.000000e+00 0.000000e+00)
# yawAxis     : (0.000000e+00 0.000000e+00 1.000000e+00)
# magUInf     : 5.000000e+01
# lRef        : 1.000000e+00
# Aref        : 1.000000e+00
# CofR        : (0.000000e+00 0.000000e+00 0.000000e+00)
#
# Time        	Cd            	Cs            	Cl            	CmRoll        	CmPitch       	CmYaw         	Cd(f)         	Cd(r)         	Cs(f)         	Cs(r)         	Cl(f)         	Cl(r)         
0.01          	7.414162e+01	2.342676e-02	-8.118092e+01	-4.060060e+01	7.471983e+01	-3.545790e+01	-3.529794e+00	7.767142e+01	-3.544618e+01	3.546961e+01	3.412937e+01	-1.153103e+02
0.02          	8.641830e+01	4.447878e-02	-8.114322e+01	-4.058985e+01	8.059384e+01	-4.169498e+01	2.619301e+00	8.379900e+01	-4.167274e+01	4.171722e+01	4.002223e+01	-1.211654e+02
0.03          	6.145501e+01	1.513131e-01	-8.091763e+01	-4.052015e+01	6.884461e+01	-2.989417e+01	-9.792643e+00	7.124765e+01	-2.981852e+01	2.996983e+01	2.838579e+01	-1.093034e+02
0.04          	1.868878e+01	2.344362e-01	-8.052146e+01	-4.035740e+01	4.851568e+01	-9.373256e+00	-3.101301e+01	4.970179e+01	-9.256038e+00	9.490474e+00	8.254950e+00	-8.877641e+01
0.05          	-2.521916e+01	2.535655e-01	-8.005429e+01	-4.013444e+01	2.790750e+01	1.169012e+01	-5.274402e+01	2.752486e+01	1.181690e+01	-1.156333e+01	-1.211964e+01	-6.793464e+01
0.06          	-5.432564e+01	2.050951e-01	-7.966122e+01	-3.992073e+01	1.434861e+01	2.574654e+01	-6.708355e+01	1.275791e+01	2.584909e+01	-2.564399e+01	-2.548200e+01	-5.417922e+01
0.07          	-6.335760e+01	1.266207e-01	-7.946825e+01	-3.979429e+01	1.027045e+01	3.025206e+01	-7.147309e+01	8.115495e+00	3.031537e+01	-3.018875e+01	-2.946367e+01	-5.000457e+01
0.08          	-5.388569e+01	4.881146e-02	-7.953527e+01	-3.979778e+01	1.486588e+01	2.589476e+01	-6.674063e+01	1.285494e+01	2.591917e+01	-2.587036e+01	-2.490175e+01	-5.463352e+01
0.09          	-3.218284e+01	-1.354340e-02	-7.983449e+01	-3.992279e+01	2.518324e+01	1.562867e+01	-5.601421e+01	2.383137e+01	1.562190e+01	-1.563544e+01	-1.473401e+01	-6.510049e+01
0.1           	-6.490253e+00	-4.444507e-02	-8.026573e+01	-4.012601e+01	3.735016e+01	3.374099e+00	-4.337114e+01	3.688088e+01	3.351876e+00	-3.396321e+00	-2.782701e+00	-7.748303e+01
0.11          	1.552304e+01	-4.262263e-02	-8.069382e+01	-4.034000e+01	4.775461e+01	-7.199248e+00	-3.257848e+01	4.810152e+01	-7.220559e+00	7.177936e+00	7.407695e+00	-8.810152e+01
0.12          	2.870183e+01	-1.828624e-02	-8.099634e+01	-4.049918e+01	5.396989e+01	-1.360089e+01	-2.614826e+01	5.485009e+01	-1.361003e+01	1.359175e+01	1.347172e+01	-9.446806e+01
0.13          	3.140193e+01	1.391048e-02	-8.109933e+01	-4.056092e+01	5.522505e+01	-1.500980e+01	-2.485996e+01	5.626189e+01	-1.500285e+01	1.501676e+01	1.467539e+01	-9.577471e+01
0.14          	2.520394e+01	4.107255e-02	-8.099509e+01	-4.051693e+01	5.227054e+01	-1.214539e+01	-2.791496e+01	5.311890e+01	-1.212486e+01	1.216593e+01	1.177299e+01	-9.276808e+01
0.15          	1.375655e+01	5.514743e-02	-8.073552e+01	-4.039045e+01	4.682886e+01	-6.728085e+00	-3.351217e+01	4.726872e+01	-6.700511e+00	6.755659e+00	6.461099e+00	-8.719662e+01
0.16          	1.310087e+00	5.417697e-02	-8.041272e+01	-4.022740e+01	4.091470e+01	-7.836083e-01	-3.957235e+01	4.088244e+01	-7.565198e-01	8.106968e-01	7.083429e-01	-8.112106e+01
0.17          	-8.543344e+00	4.216115e-02	-8.012646e+01	-4.007946e+01	3.623313e+01	3.961947e+00	-4.435113e+01	3.580779e+01	3.983027e+00	-3.940866e+00	-3.830096e+00	-7.629636e+01
0.18          	-1.367417e+01	2.370670e-02	-7.995407e+01	-3.998695e+01	3.379479e+01	6.469855e+00	-4.682403e+01	3.314987e+01	6.481708e+00	-6.458002e+00	-6.182246e+00	-7.377183e+01
0.19          	-1.370492e+01	5.010688e-03	-7.993041e+01	-3.996921e+01	3.378307e+01	6.538786e+00	-4.682168e+01	3.311675e+01	6.541291e+00	-6.536281e+00	-6.182136e+00	-7.374827e+01
0.2           	-9.727210e+00	-7.892407e-03	-8.004243e+01	-4.002173e+01	3.568185e+01	4.675556e+00	-4.488534e+01	3.515813e+01	4.671609e+00	-4.679502e+00	-4.339368e+00	-7.570306e+01
0.21          	-3.696494e+00	-1.342063e-02	-8.023993e+01	-4.011955e+01	3.856155e+01	1.806195e+00	-4.196780e+01	3.827131e+01	1.799485e+00	-1.812906e+00	-1.558411e+00	-7.868152e+01
0.22          	2.285439e+00	-1.019538e-02	-8.045492e+01	-4.022896e+01	4.142038e+01	-1.062467e+00	-3.908624e+01	4.137168e+01	-1.067564e+00	1.057369e+00	1.192926e+00	-8.164784e+01
0.23          	6.581840e+00	-8.738891e-04	-8.062380e+01	-4.031702e+01	4.347584e+01	-3.140653e+00	-3.702610e+01	4.360794e+01	-3.141090e+00	3.140216e+00	3.163937e+00	-8.378774e+01
0.24          	8.368659e+00	1.056668e-02	-8.070481e+01	-4.036137e+01	4.433183e+01	-4.024365e+00	-3.617704e+01	4.454570e+01	-4.019081e+00	4.029648e+00	3.979423e+00	-8.468423e+01
0.25          	7.694892e+00	2.075214e-02	-8.068817e+01	-4.035609e+01	4.400999e+01	-3.727036e+00	-3.650865e+01	4.420354e+01	-3.716660e+00	3.737412e+00	3.665907e+00	-8.435407e+01
0.26          	5.279639e+00	2.693881e-02	-8.059226e+01	-4.030962e+01	4.285202e+01	-2.586603e+00	-3.766980e+01	4.294944e+01	-2.573133e+00	2.600072e+00	2.555895e+00	-8.314815e+01
0.27          	2.169778e+00	2.835829e-02	-8.045587e+01	-4.024140e+01	4.135919e+01	-1.101427e+00	-3.915651e+01	4.132629e+01	-1.087248e+00	1.115606e+00	1.131248e+00	-8.158712e+01
0.28          	-6.193297e-01	2.543378e-02	-8.032306e+01	-4.017369e+01	4.001895e+01	2.406591e-01	-4.048336e+01	3.986403e+01	2.533759e-01	-2.279422e-01	-1.425752e-01	-8.018048e+01
0.29          	-2.377550e+00	1.989963e-02	-8.022999e+01	-4.012527e+01	3.917313e+01	1.095387e+00	-4.131405e+01	3.893650e+01	1.105337e+00	-1.085437e+00	-9.418675e-01	-7.928813e+01
0.3           	-2.833520e+00	1.399787e-02	-8.019599e+01	-4.010654e+01	3.895352e+01	1.327824e+00	-4.152330e+01	3.868978e+01	1.334823e+00	-1.320825e+00	-1.144478e+00	-7.905151e+01
0.31          	-2.136372e+00	9.521373e-03	-8.022018e+01	-4.011754e+01	3.928941e+01	1.004918e+00	-4.118572e+01	3.904935e+01	1.009679e+00	-1.000157e+00	-8.206785e-01	-7.939950e+01
0.32          	-7.244425e-01	7.500707e-03	-8.028570e+01	-4.015007e+01	3.997063e+01	3.340173e-01	-4.051229e+01	3.978784e+01	3.377676e-01	-3.302669e-01	-1.722251e-01	-8.011348e+01
0.33          	8.584018e-01	8.041794e-03	-8.036645e+01	-4.019096e+01	4.073519e+01	-4.248790e-01	-3.976176e+01	4.062017e+01	-4.208581e-01	4.288999e-01	5.519630e-01	-8.091841e+01
0.34          	2.136776e+00	1.047360e-02	-8.043650e+01	-4.022700e+01	4.135358e+01	-1.042750e+00	-3.915861e+01	4.129538e+01	-1.037513e+00	1.047987e+00	1.135327e+00	-8.157182e+01
0.35          	2.821426e+00	1.375801e-02	-8.047699e+01	-4.024832e+01	4.168533e+01	-1.378538e+00	-3.883760e+01	4.165903e+01	-1.371659e+00	1.385417e+00	1.446833e+00	-8.192383e+01
0.36          	2.851017e+00	1.691070e-02	-8.048072e+01	-4.025110e+01	4.170016e+01	-1.400139e+00	-3.882559e+01	4.167661e+01	-1.391684e+00	1.408595e+00	1.459803e+00	-8.194052e+01
0.37          	2.361299e+00	1.917190e-02	-8.045210e+01	-4.023736e+01	4.146319e+01	-1.170493e+00	-3.905671e+01	4.141801e+01	-1.160907e+00	1.180079e+00	1.237144e+00	-8.168924e+01
0.38          	1.603711e+00	2.020730e-02	-8.040373e+01	-4.021338e+01	4.109582e+01	-8.091135e-01	-3.941152e+01	4.101523e+01	-7.990099e-01	8.192172e-01	8.939553e-01	-8.129769e+01
0.39          	8.511987e-01	1.999373e-02	-8.035173e+01	-4.018724e+01	4.073030e+01	-4.470762e-01	-3.976164e+01	4.061284e+01	-4.370793e-01	4.570730e-01	5.544309e-01	-8.090616e+01
0.4           	3.171402e-01	1.895539e-02	-8.031046e+01	-4.016631e+01	4.047037e+01	-1.876620e-01	-4.000774e+01	4.032488e+01	-1.781843e-01	1.971397e-01	3.151396e-01	-8.062560e+01
0.41          	1.078789e-01	1.757455e-02	-8.028873e+01	-4.015514e+01	4.036800e+01	-8.334268e-02	-4.010120e+01	4.020908e+01	-7.455541e-02	9.212995e-02	2.236315e-01	-8.051236e+01
0.42          	2.155950e-01	1.626725e-02	-8.028843e+01	-4.015477e+01	4.041988e+01	-1.318136e-01	-4.004697e+01	4.026257e+01	-1.236800e-01	1.399473e-01	2.756698e-01	-8.056410e+01
0.43          	5.448055e-01	1.535766e-02	-8.030491e+01	-4.016289e+01	4.057978e+01	-2.881544e-01	-3.989049e+01	4.043529e+01	-2.804756e-01	2.958333e-01	4.273282e-01	-8.073224e+01
0.44          	9.587071e-01	1.494825e-02	-8.032981e+01	-4.017533e+01	4.078127e+01	-4.870401e-01	-3.969598e+01	4.065468e+01	-4.795660e-01	4.945142e-01	6.163613e-01	-8.094617e+01
0.45          	1.325500e+00	1.484006e-02	-8.035379e+01	-4.018727e+01	4.096004e+01	-6.650683e-01	-3.952452e+01	4.085002e+01	-6.576482e-01	6.724883e-01	7.831511e-01	-8.113694e+01
0.46          	1.554829e+00	1.489913e-02	-8.036949e+01	-4.019505e+01	4.107195e+01	-7.781421e-01	-3.941763e+01	4.097246e+01	-7.706925e-01	7.855916e-01	8.871991e-01	-8.125669e+01
0.47          	1.614609e+00	1.495664e-02	-8.037312e+01	-4.019673e+01	4.110100e+01	-8.099389e-01	-3.938942e+01	4.100403e+01	-8.024605e-01	8.174172e-01	9.144411e-01	-8.128756e+01
0.48          	1.527365e+00	1.480358e-02	-8.036506e+01	-4.019246e+01	4.105802e+01	-7.705540e-01	-3.942878e+01	4.095614e+01	-7.631522e-01	7.779558e-01	8.754942e-01	-8.124055e+01
0.49          	1.352332e+00	1.435723e-02	-8.034884e+01	-4.018403e+01	4.097185e+01	-6.879894e-01	-3.950786e+01	4.086019e+01	-6.808108e-01	6.951680e-01	7.974332e-01	-8.114627e+01
0.5           	1.160486e+00	1.364616e-02	-8.032971e+01	-4.017410e+01	4.087725e+01	-5.962342e-01	-3.959385e+01	4.075434e+01	-5.894112e-01	6.030573e-01	7.123976e-01	-8.104211e+01
0.51          	1.012527e+00	1.276723e-02	-8.031282e+01	-4.016528e+01	4.080403e+01	-5.246705e-01	-3.965901e+01	4.067154e+01	-5.182869e-01	5.310541e-01	6.476226e-01	-8.096044e+01
0.52          	9.434693e-01	1.186465e-02	-8.030172e+01	-4.015938e+01	4.076945e+01	-4.905513e-01	-3.968764e+01	4.063111e+01	-4.846190e-01	4.964836e-01	6.185901e-01	-8.092031e+01
0.53          	9.583860e-01	1.106109e-02	-8.029772e+01	-4.015708e+01	4.077613e+01	-4.967795e-01	-3.967789e+01	4.063627e+01	-4.912490e-01	5.023101e-01	6.272704e-01	-8.092499e+01
0.54          	1.037146e+00	1.038060e-02	-8.029986e+01	-4.015790e+01	4.081428e+01	-5.340863e-01	-3.963933e+01	4.067647e+01	-5.288960e-01	5.392766e-01	6.643522e-01	-8.096421e+01
0.55          	1.145926e+00	9.830472e-03	-8.030575e+01	-4.016060e+01	4.086741e+01	-5.864202e-01	-3.958763e+01	4.073356e+01	-5.815049e-01	5.913354e-01	7.145297e-01	-8.102028e+01
0.56          	1.249288e+00	9.386797e-03	-8.031239e+01	-4.016367e+01	4.091813e+01	-6.367279e-01	-3.953903e+01	4.078831e+01	-6.320345e-01	6.414213e-01	7.619352e-01	-8.107433e+01
0.57          	1.320773e+00	9.025347e-03	-8.031710e+01	-4.016577e+01	4.095340e+01	-6.720700e-01	-3.950539e+01	4.082616e+01	-6.675573e-01	6.765827e-01	7.948457e-01	-8.111195e+01
0.58          	1.348458e+00	8.662684e-03	-8.031824e+01	-4.016609e+01	4.096719e+01	-6.864835e-01	-3.949186e+01	4.084032e+01	-6.821521e-01	6.908148e-01	8.080736e-01	-8.112631e+01
0.59          	1.335364e+00	8.304151e-03	-8.031554e+01	-4.016450e+01	4.096093e+01	-6.811102e-01	-3.949681e+01	4.083218e+01	-6.769581e-01	6.852623e-01	8.031618e-01	-8.111870e+01
0.6           	1.295411e+00	7.879357e-03	-8.030986e+01	-4.016138e+01	4.094140e+01	-6.625011e-01	-3.951367e+01	4.080908e+01	-6.585614e-01	6.664407e-01	7.864684e-01	-8.109633e+01
0.61          	1.246924e+00	7.441351e-03	-8.030268e+01	-4.015751e+01	4.091753e+01	-6.393614e-01	-3.953405e+01	4.078098e+01	-6.356407e-01	6.430821e-01	7.661917e-01	-8.106887e+01
0.62          	1.206679e+00	7.079547e-03	-8.029570e+01	-4.015380e+01	4.089762e+01	-6.197311e-01	-3.955046e+01	4.075714e+01	-6.161913e-01	6.232708e-01	7.497647e-01	-8.104547e+01
0.63          	1.185438e+00	6.808553e-03	-8.029028e+01	-4.015091e+01	4.088703e+01	-6.089306e-01	-3.955819e+01	4.074363e+01	-6.055263e-01	6.123349e-01	7.418888e-01	-8.103217e+01
0.64          	1.186052e+00	6.684532e-03	-8.028704e+01	-4.014917e+01	4.088720e+01	-6.084691e-01	-3.955615e+01	4.074220e+01	-6.051268e-01	6.118113e-01	7.436777e-01	-8.103072e+01
0.65          	1.204449e+00	6.605524e-03	-8.028592e+01	-4.014850e+01	4.089618e+01	-6.166311e-01	-3.954628e+01	4.075073e+01	-6.133283e-01	6.199339e-01	7.532181e-01	-8.103913e+01
0.66          	1.232341e+00	6.591156e-03	-8.028627e+01	-4.014861e+01	4.090992e+01	-6.295023e-01	-3.953244e+01	4.076478e+01	-6.262067e-01	6.327978e-01	7.667827e-01	-8.105306e+01
0.67          	1.260265e+00	6.613786e-03	-8.028722e+01	-4.014902e+01	4.092376e+01	-6.425796e-01	-3.951889e+01	4.077915e+01	-6.392727e-01	6.458865e-01	7.801501e-01	-8.106737e+01
0.68          	1.280721e+00	6.707570e-03	-8.028785e+01	-4.014931e+01	4.093396e+01	-6.521817e-01	-3.950895e+01	4.078967e+01	-6.488279e-01	6.555355e-01	7.900327e-01	-8.107789e+01
0.69          	1.289804e+00	6.870512e-03	-8.028759e+01	-4.014917e+01	4.093860e+01	-6.563300e-01	-3.950427e+01	4.079408e+01	-6.528947e-01	6.597653e-01	7.948073e-01	-8.108240e+01
0.7           	1.287630e+00	6.999289e-03	-8.028617e+01	-4.014846e+01	4.093769e+01	-6.550813e-01	-3.950465e+01	4.079228e+01	-6.515817e-01	6.585810e-01	7.946034e-01	-8.108077e+01
0.71          	1.277523e+00	7.139035e-03	-8.028375e+01	-4.014725e+01	4.093283e+01	-6.499226e-01	-3.950849e+01	4.078602e+01	-6.463531e-01	6.534921e-01	7.909542e-01	-8.107470e+01
0.72          	1.264223e+00	7.276222e-03	-8.028071e+01	-4.014574e+01	4.092635e+01	-6.431126e-01	-3.951362e+01	4.077785e+01	-6.394745e-01	6.467507e-01	7.859887e-01	-8.106670e+01
0.73          	1.252282e+00	7.402725e-03	-8.027756e+01	-4.014414e+01	4.092048e+01	-6.368341e-01	-3.951800e+01	4.077028e+01	-6.331327e-01	6.405354e-01	7.816982e-01	-8.105926e+01
0.74          	1.244805e+00	7.509348e-03	-8.027473e+01	-4.014271e+01	4.091676e+01	-6.326217e-01	-3.952031e+01	4.076512e+01	-6.288670e-01	6.363763e-01	7.793970e-01	-8.105413e+01
0.75          	1.243006e+00	7.660271e-03	-8.027253e+01	-4.014162e+01	4.091585e+01	-6.310582e-01	-3.952012e+01	4.076312e+01	-6.272281e-01	6.348884e-01	7.795812e-01	-8.105211e+01
0.76          	1.246124e+00	7.854245e-03	-8.027102e+01	-4.014090e+01	4.091738e+01	-6.318489e-01	-3.951784e+01	4.076396e+01	-6.279218e-01	6.357760e-01	7.818718e-01	-8.105289e+01
0.77          	1.252020e+00	8.124243e-03	-8.027002e+01	-4.014046e+01	4.092027e+01	-6.339467e-01	-3.951445e+01	4.076647e+01	-6.298845e-01	6.380088e-01	7.852629e-01	-8.105528e+01
0.78          	1.258284e+00	8.378200e-03	-8.026936e+01	-4.014018e+01	4.092339e+01	-6.362926e-01	-3.951104e+01	4.076932e+01	-6.321035e-01	6.404817e-01	7.887072e-01	-8.105806e+01
0.79          	1.262773e+00	8.644886e-03	-8.026875e+01	-4.013995e+01	4.092565e+01	-6.378334e-01	-3.950856e+01	4.077133e+01	-6.335109e-01	6.421558e-01	7.912747e-01	-8.106002e+01
0.8           	1.264296e+00	8.908390e-03	-8.026793e+01	-4.013962e+01	4.092641e+01	-6.379909e-01	-3.950747e+01	4.077177e+01	-6.335367e-01	6.424451e-01	7.924472e-01	-8.106038e+01
0.81          	1.262759e+00	9.170092e-03	-8.026682e+01	-4.013915e+01	4.092564e+01	-6.366952e-01	-3.950777e+01	4.077053e+01	-6.321102e-01	6.412803e-01	7.922353e-01	-8.105905e+01
0.82          	1.258867e+00	9.431321e-03	-8.026539e+01	-4.013852e+01	4.092366e+01	-6.342485e-01	-3.950909e+01	4.076795e+01	-6.295329e-01	6.389642e-01	7.909714e-01	-8.105636e+01
0.83          	1.253897e+00	9.672408e-03	-8.026371e+01	-4.013776e+01	4.092110e+01	-6.312689e-01	-3.951081e+01	4.076471e+01	-6.264327e-01	6.361051e-01	7.892484e-01	-8.105296e+01
0.84          	1.249126e+00	9.912146e-03	-8.026195e+01	-4.013697e+01	4.091860e+01	-6.283582e-01	-3.951241e+01	4.076154e+01	-6.234021e-01	6.333143e-01	7.876222e-01	-8.104957e+01
0.85          	1.245478e+00	1.012696e-02	-8.026026e+01	-4.013619e+01	4.091663e+01	-6.259771e-01	-3.951345e+01	4.075893e+01	-6.209137e-01	6.310406e-01	7.865012e-01	-8.104676e+01
0.86          	1.243352e+00	1.032958e-02	-8.025871e+01	-4.013549e+01	4.091537e+01	-6.243292e-01	-3.951381e+01	4.075716e+01	-6.191644e-01	6.294940e-01	7.860115e-01	-8.104472e+01
0.87          	1.242658e+00	1.053345e-02	-8.025743e+01	-4.013491e+01	4.091484e+01	-6.233788e-01	-3.951359e+01	4.075624e+01	-6.181121e-01	6.286455e-01	7.861313e-01	-8.104356e+01
0.88          	1.242508e+00	1.071429e-02	-8.025637e+01	-4.013445e+01	4.091469e+01	-6.227860e-01	-3.951319e+01	4.075570e+01	-6.174288e-01	6.281431e-01	7.865075e-01	-8.104287e+01
0.89          	1.242806e+00	1.091907e-02	-8.025542e+01	-4.013404e+01	4.091468e+01	-6.223893e-01	-3.951264e+01	4.075544e+01	-6.169298e-01	6.278489e-01	7.869671e-01	-8.104239e+01
0.9           	1.242859e+00	1.114845e-02	-8.025453e+01	-4.013367e+01	4.091449e+01	-6.218787e-01	-3.951224e+01	4.075510e+01	-6.163045e-01	6.274529e-01	7.872271e-01	-8.104175e+01
0.91          	1.242278e+00	1.138712e-02	-8.025365e+01	-4.013331e+01	4.091399e+01	-6.210679e-01	-3.951217e+01	4.075445e+01	-6.153743e-01	6.267614e-01	7.871577e-01	-8.104081e+01
0.92          	1.240900e+00	1.159955e-02	-8.025268e+01	-4.013290e+01	4.091302e+01	-6.199175e-01	-3.951245e+01	4.075335e+01	-6.141177e-01	6.257173e-01	7.866817e-01	-8.103936e+01
0.93          	1.238859e+00	1.178730e-02	-8.025163e+01	-4.013244e+01	4.091171e+01	-6.184754e-01	-3.951301e+01	4.075187e+01	-6.125818e-01	6.243691e-01	7.858988e-01	-8.103752e+01
0.94          	1.236436e+00	1.192822e-02	-8.025052e+01	-4.013194e+01	4.091021e+01	-6.169058e-01	-3.951373e+01	4.075016e+01	-6.109417e-01	6.228699e-01	7.849489e-01	-8.103547e+01
0.95          	1.233965e+00	1.203557e-02	-8.024939e+01	-4.013143e+01	4.090868e+01	-6.153562e-01	-3.951444e+01	4.074841e+01	-6.093385e-01	6.213740e-01	7.839867e-01	-8.103338e+01
0.96          	1.231744e+00	1.211706e-02	-8.024829e+01	-4.013091e+01	4.090729e+01	-6.139704e-01	-3.951504e+01	4.074678e+01	-6.079119e-01	6.200290e-01	7.831444e-01	-8.103143e+01
0.97          	1.229924e+00	1.219802e-02	-8.024726e+01	-4.013043e+01	4.090611e+01	-6.127964e-01	-3.951547e+01	4.074539e+01	-6.066974e-01	6.188955e-01	7.824832e-01	-8.102974e+01
0.98          	1.228551e+00	1.226532e-02	-8.024628e+01	-4.012995e+01	4.090515e+01	-6.118768e-01	-3.951568e+01	4.074423e+01	-6.057441e-01	6.180094e-01	7.820098e-01	-8.102829e+01
0.99          	1.227473e+00	1.232117e-02	-8.024537e+01	-4.012952e+01	4.090432e+01	-6.111232e-01	-3.951578e+01	4.074325e+01	-6.049626e-01	6.172838e-01	7.816361e-01	-8.102701e+01
1             	1.226538e+00	1.235348e-02	-8.024455e+01	-4.012911e+01	4.090357e+01	-6.104735e-01	-3.951584e+01	4.074238e+01	-6.042967e-01	6.166502e-01	7.812950e-01	-8.102584e+01
1.01          	1.225594e+00	1.236325e-02	-8.024378e+01	-4.012872e+01	4.090281e+01	-6.098501e-01	-3.951593e+01	4.074152e+01	-6.036685e-01	6.160317e-01	7.809241e-01	-8.102470e+01
1.02          	1.224491e+00	1.236922e-02	-8.024301e+01	-4.012835e+01	4.090194e+01	-6.091614e-01	-3.951610e+01	4.074059e+01	-6.029768e-01	6.153460e-01	7.804370e-01	-8.102345e+01
1.03          	1.223216e+00	1.236557e-02	-8.024225e+01	-4.012797e+01	4.090099e+01	-6.084024e-01	-3.951636e+01	4.073958e+01	-6.022196e-01	6.145852e-01	7.798620e-01	-8.102211e+01
1.04          	1.221793e+00	1.235694e-02	-8.024147e+01	-4.012758e+01	4.089994e+01	-6.075913e-01	-3.951668e+01	4.073848e+01	-6.014128e-01	6.137698e-01	7.792070e-01	-8.102068e+01
1.05          	1.220304e+00	1.235001e-02	-8.024068e+01	-4.012718e+01	4.089887e+01	-6.067550e-01	-3.951703e+01	4.073733e+01	-6.005799e-01	6.129300e-01	7.785295e-01	-8.101921e+01
1.06          	1.218816e+00	1.233032e-02	-8.023987e+01	-4.012676e+01	4.089777e+01	-6.059453e-01	-3.951735e+01	4.073617e+01	-5.997801e-01	6.121104e-01	7.778395e-01	-8.101771e+01
1.07          	1.217432e+00	1.229625e-02	-8.023908e+01	-4.012635e+01	4.089675e+01	-6.052042e-01	-3.951764e+01	4.073507e+01	-5.990560e-01	6.113523e-01	7.772093e-01	-8.101629e+01
1.08          	1.216171e+00	1.223923e-02	-8.023830e+01	-4.012594e+01	4.089578e+01	-6.045524e-01	-3.951785e+01	4.073403e+01	-5.984327e-01	6.106720e-01	7.766251e-01	-8.101493e+01
1.09          	1.215048e+00	1.219017e-02	-8.023760e+01	-4.012556e+01	4.089492e+01	-6.039565e-01	-3.951803e+01	4.073308e+01	-5.978614e-01	6.100516e-01	7.761193e-01	-8.101372e+01
1.1           	1.213986e+00	1.211521e-02	-8.023691e+01	-4.012519e+01	4.089406e+01	-6.034251e-01	-3.951819e+01	4.073218e+01	-5.973675e-01	6.094827e-01	7.756099e-01	-8.101252e+01
1.11          	1.212982e+00	1.201822e-02	-8.023625e+01	-4.012482e+01	4.089325e+01	-6.029457e-01	-3.951833e+01	4.073131e+01	-5.969366e-01	6.089549e-01	7.751224e-01	-8.101137e+01
1.12          	1.211958e+00	1.192589e-02	-8.023563e+01	-4.012447e+01	4.089242e+01	-6.024535e-01	-3.951849e+01	4.073045e+01	-5.964906e-01	6.084165e-01	7.746122e-01	-8.101024e+01
1.13          	1.210897e+00	1.182238e-02	-8.023502e+01	-4.012412e+01	4.089159e+01	-6.019532e-01	-3.951867e+01	4.072957e+01	-5.960421e-01	6.078644e-01	7.740769e-01	-8.100909e+01
1.14          	1.209781e+00	1.170667e-02	-8.023443e+01	-4.012378e+01	4.089072e+01	-6.014352e-01	-3.951889e+01	4.072867e+01	-5.955818e-01	6.072885e-01	7.735059e-01	-8.100793e+01
1.15          	1.208643e+00	1.157877e-02	-8.023385e+01	-4.012343e+01	4.088986e+01	-6.009136e-01	-3.951911e+01	4.072775e+01	-5.951242e-01	6.067030e-01	7.729319e-01	-8.100678e+01
1.16          	1.207460e+00	1.146207e-02	-8.023326e+01	-4.012309e+01	4.088895e+01	-6.003579e-01	-3.951936e+01	4.072682e+01	-5.946268e-01	6.060889e-01	7.723179e-01	-8.100558e+01
1.17          	1.206296e+00	1.136595e-02	-8.023269e+01	-4.012277e+01	4.088807e+01	-5.998029e-01	-3.951962e+01	4.072592e+01	-5.941199e-01	6.054859e-01	7.717183e-01	-8.100441e+01
1.18          	1.205137e+00	1.125009e-02	-8.023213e+01	-4.012244e+01	4.088719e+01	-5.992612e-01	-3.951987e+01	4.072500e+01	-5.936362e-01	6.048862e-01	7.711216e-01	-8.100325e+01
1.19          	1.203998e+00	1.112923e-02	-8.023159e+01	-4.012212e+01	4.088633e+01	-5.987287e-01	-3.952012e+01	4.072411e+01	-5.931641e-01	6.042933e-01	7.705403e-01	-8.100213e+01
1.2           	1.202884e+00	1.099757e-02	-8.023107e+01	-4.012180e+01	4.088551e+01	-5.982164e-01	-3.952036e+01	4.072325e+01	-5.927176e-01	6.037152e-01	7.699719e-01	-8.100104e+01
1.21          	1.201787e+00	1.084991e-02	-8.023057e+01	-4.012149e+01	4.088470e+01	-5.977170e-01	-3.952060e+01	4.072238e+01	-5.922921e-01	6.031420e-01	7.694110e-01	-8.099998e+01
1.22          	1.200695e+00	1.069908e-02	-8.023008e+01	-4.012119e+01	4.088389e+01	-5.972198e-01	-3.952084e+01	4.072153e+01	-5.918703e-01	6.025694e-01	7.688441e-01	-8.099893e+01
1.23          	1.199608e+00	1.055173e-02	-8.022961e+01	-4.012089e+01	4.088308e+01	-5.967180e-01	-3.952109e+01	4.072070e+01	-5.914422e-01	6.019939e-01	7.682771e-01	-8.099789e+01
1.24          	1.198512e+00	1.040842e-02	-8.022915e+01	-4.012060e+01	4.088228e+01	-5.962081e-01	-3.952134e+01	4.071986e+01	-5.910039e-01	6.014123e-01	7.677007e-01	-8.099685e+01
1.25          	1.197405e+00	1.027453e-02	-8.022870e+01	-4.012032e+01	4.088147e+01	-5.956838e-01	-3.952162e+01	4.071902e+01	-5.905466e-01	6.008211e-01	7.671168e-01	-8.099581e+01
1.26          	1.196277e+00	1.014428e-02	-8.022825e+01	-4.012004e+01	4.088065e+01	-5.951463e-01	-3.952190e+01	4.071818e+01	-5.900742e-01	6.002184e-01	7.665227e-01	-8.099477e+01
1.27          	1.195135e+00	1.001634e-02	-8.022781e+01	-4.011977e+01	4.087983e+01	-5.945981e-01	-3.952220e+01	4.071734e+01	-5.895900e-01	5.996063e-01	7.659218e-01	-8.099374e+01
1.28          	1.193989e+00	9.889918e-03	-8.022739e+01	-4.011950e+01	4.087902e+01	-5.940471e-01	-3.952251e+01	4.071650e+01	-5.891021e-01	5.989921e-01	7.653238e-01	-8.099272e+01
1.29          	1.192840e+00	9.764674e-03	-8.022698e+01	-4.011924e+01	4.087821e+01	-5.934902e-01	-3.952282e+01	4.071566e+01	-5.886079e-01	5.983726e-01	7.647222e-01	-8.099170e+01
1.3           	1.191696e+00	9.639726e-03	-8.022657e+01	-4.011899e+01	4.087741e+01	-5.929344e-01	-3.952314e+01	4.071484e+01	-5.881145e-01	5.977542e-01	7.641263e-01	-8.099070e+01
1.31          	1.190555e+00	9.515815e-03	-8.022618e+01	-4.011874e+01	4.087662e+01	-5.923759e-01	-3.952346e+01	4.071402e+01	-5.876179e-01	5.971338e-01	7.635324e-01	-8.098971e+01
1.32          	1.189417e+00	9.390751e-03	-8.022580e+01	-4.011850e+01	4.087584e+01	-5.918167e-01	-3.952379e+01	4.071321e+01	-5.871214e-01	5.965121e-01	7.629433e-01	-8.098875e+01
1.33          	1.188275e+00	9.262613e-03	-8.022544e+01	-4.011826e+01	4.087507e+01	-5.912555e-01	-3.952412e+01	4.071240e+01	-5.866242e-01	5.958868e-01	7.623560e-01	-8.098779e+01
1.34          	1.187132e+00	9.133903e-03	-8.022508e+01	-4.011803e+01	4.087431e+01	-5.906912e-01	-3.952447e+01	4.071160e+01	-5.861243e-01	5.952582e-01	7.617722e-01	-8.098685e+01
1.35          	1.185983e+00	9.003178e-03	-8.022473e+01	-4.011781e+01	4.087355e+01	-5.901237e-01	-3.952481e+01	4.071080e+01	-5.856221e-01	5.946253e-01	7.611837e-01	-8.098592e+01
1.36          	1.184830e+00	8.878000e-03	-8.022439e+01	-4.011759e+01	4.087279e+01	-5.895500e-01	-3.952517e+01	4.071000e+01	-5.851110e-01	5.939890e-01	7.605939e-01	-8.098499e+01
1.37          	1.183677e+00	8.760624e-03	-8.022406e+01	-4.011738e+01	4.087204e+01	-5.889705e-01	-3.952554e+01	4.070922e+01	-5.845902e-01	5.933508e-01	7.600066e-01	-8.098407e+01
1.38          	1.182519e+00	8.646951e-03	-8.022374e+01	-4.011717e+01	4.087128e+01	-5.883862e-01	-3.952591e+01	4.070843e+01	-5.840627e-01	5.927096e-01	7.594133e-01	-8.098315e+01
1.39          	1.181356e+00	8.541075e-03	-8.022343e+01	-4.011697e+01	4.087053e+01	-5.877957e-01	-3.952629e+01	4.070765e+01	-5.835252e-01	5.920663e-01	7.588198e-01	-8.098225e+01
1.4           	1.180185e+00	8.440324e-03	-8.022312e+01	-4.011678e+01	4.086978e+01	-5.871972e-01	-3.952668e+01	4.070687e+01	-5.829771e-01	5.914174e-01	7.582228e-01	-8.098135e+01
1.41          	1.179004e+00	8.341286e-03	-8.022283e+01	-4.011659e+01	4.086904e+01	-5.865924e-01	-3.952709e+01	4.070609e+01	-5.824218e-01	5.907631e-01	7.576236e-01	-8.098045e+01
1.42          	1.177820e+00	8.241377e-03	-8.022254e+01	-4.011640e+01	4.086829e+01	-5.859862e-01	-3.952749e+01	4.070531e+01	-5.818655e-01	5.901068e-01	7.570223e-01	-8.097956e+01
1.43          	1.176632e+00	8.140403e-03	-8.022226e+01	-4.011622e+01	4.086755e+01	-5.853793e-01	-3.952791e+01	4.070454e+01	-5.813091e-01	5.894495e-01	7.564214e-01	-8.097868e+01
1.44          	1.175439e+00	8.031914e-03	-8.022198e+01	-4.011605e+01	4.086681e+01	-5.847758e-01	-3.952833e+01	4.070377e+01	-5.807599e-01	5.887918e-01	7.558184e-01	-8.097780e+01
1.45          	1.174238e+00	7.925206e-03	-8.022171e+01	-4.011588e+01	4.086607e+01	-5.841676e-01	-3.952876e+01	4.070299e+01	-5.802050e-01	5.881302e-01	7.552141e-01	-8.097693e+01
1.46          	1.173026e+00	7.825243e-03	-8.022145e+01	-4.011571e+01	4.086533e+01	-5.835495e-01	-3.952920e+01	4.070222e+01	-5.796369e-01	5.874622e-01	7.546063e-01	-8.097606e+01
1.47          	1.171801e+00	7.729645e-03	-8.022120e+01	-4.011555e+01	4.086459e+01	-5.829216e-01	-3.952965e+01	4.070145e+01	-5.790568e-01	5.867864e-01	7.539950e-01	-8.097519e+01
1.48          	1.170564e+00	7.638330e-03	-8.022095e+01	-4.011539e+01	4.086385e+01	-5.822847e-01	-3.953011e+01	4.070067e+01	-5.784656e-01	5.861039e-01	7.533783e-01	-8.097433e+01
1.49          	1.169317e+00	7.555981e-03	-8.022071e+01	-4.011524e+01	4.086311e+01	-5.816370e-01	-3.953058e+01	4.069990e+01	-5.778590e-01	5.854150e-01	7.527593e-01	-8.097347e+01
1.5           	1.168064e+00	7.485014e-03	-8.022047e+01	-4.011509e+01	4.086237e+01	-5.809774e-01	-3.953106e+01	4.069913e+01	-5.772349e-01	5.847199e-01	7.521367e-01	-8.097261e+01
1.51          	1.166812e+00	7.427096e-03	-8.022024e+01	-4.011496e+01	4.086163e+01	-5.803105e-01	-3.953155e+01	4.069836e+01	-5.765969e-01	5.840240e-01	7.515152e-01	-8.097175e+01
1.52          	1.165567e+00	7.382288e-03	-8.022001e+01	-4.011482e+01	4.086090e+01	-5.796414e-01	-3.953204e+01	4.069761e+01	-5.759502e-01	5.833325e-01	7.508959e-01	-8.097091e+01
1.53          	1.164336e+00	7.346063e-03	-8.021979e+01	-4.011470e+01	4.086018e+01	-5.789770e-01	-3.953253e+01	4.069687e+01	-5.753039e-01	5.826500e-01	7.502811e-01	-8.097007e+01
1.54          	1.163123e+00	7.309060e-03	-8.021958e+01	-4.011458e+01	4.085947e+01	-5.783278e-01	-3.953302e+01	4.069614e+01	-5.746732e-01	5.819823e-01	7.496767e-01	-8.096925e+01
1.55          	1.161915e+00	7.269067e-03	-8.021937e+01	-4.011446e+01	4.085875e+01	-5.776865e-01	-3.953350e+01	4.069542e+01	-5.740519e-01	5.813210e-01	7.490699e-01	-8.096843e+01
1.56          	1.160709e+00	7.229077e-03	-8.021916e+01	-4.011435e+01	4.085804e+01	-5.770480e-01	-3.953399e+01	4.069470e+01	-5.734334e-01	5.806625e-01	7.484606e-01	-8.096762e+01
1.57          	1.159503e+00	7.193055e-03	-8.021895e+01	-4.011423e+01	4.085733e+01	-5.764075e-01	-3.953448e+01	4.069399e+01	-5.728110e-01	5.800040e-01	7.478509e-01	-8.096680e+01
1.58          	1.158298e+00	7.164652e-03	-8.021875e+01	-4.011413e+01	4.085662e+01	-5.757605e-01	-3.953498e+01	4.069328e+01	-5.721782e-01	5.793428e-01	7.472401e-01	-8.096599e+01
1.59          	1.157093e+00	7.146485e-03	-8.021856e+01	-4.011403e+01	4.085591e+01	-5.751047e-01	-3.953548e+01	4.069257e+01	-5.715315e-01	5.786780e-01	7.466284e-01	-8.096519e+01
1.6           	1.155885e+00	7.140154e-03	-8.021837e+01	-4.011393e+01	4.085520e+01	-5.744388e-01	-3.953599e+01	4.069187e+01	-5.708687e-01	5.780089e-01	7.460113e-01	-8.096438e+01
1.61          	1.154681e+00	7.140899e-03	-8.021818e+01	-4.011384e+01	4.085448e+01	-5.737709e-01	-3.953650e+01	4.069118e+01	-5.702005e-01	5.773414e-01	7.453940e-01	-8.096357e+01
1.62          	1.153479e+00	7.145004e-03	-8.021799e+01	-4.011375e+01	4.085377e+01	-5.731046e-01	-3.953701e+01	4.069049e+01	-5.695321e-01	5.766771e-01	7.447760e-01	-8.096277e+01
1.63          	1.152284e+00	7.153414e-03	-8.021781e+01	-4.011366e+01	4.085307e+01	-5.724423e-01	-3.953752e+01	4.068981e+01	-5.688656e-01	5.760190e-01	7.441619e-01	-8.096197e+01
1.64          	1.151096e+00	7.164713e-03	-8.021763e+01	-4.011358e+01	4.085237e+01	-5.717848e-01	-3.953804e+01	4.068913e+01	-5.682025e-01	5.753672e-01	7.435521e-01	-8.096118e+01
1.65          	1.149913e+00	7.179714e-03	-8.021745e+01	-4.011350e+01	4.085167e+01	-5.711279e-01	-3.953855e+01	4.068846e+01	-5.675380e-01	5.747177e-01	7.429412e-01	-8.096039e+01
1.66          	1.148739e+00	7.197844e-03	-8.021727e+01	-4.011343e+01	4.085097e+01	-5.704744e-01	-3.953906e+01	4.068779e+01	-5.668755e-01	5.740733e-01	7.423331e-01	-8.095960e+01
1.67          	1.147570e+00	7.217448e-03	-8.021709e+01	-4.011335e+01	4.085027e+01	-5.698226e-01	-3.953956e+01	4.068713e+01	-5.662138e-01	5.734313e-01	7.417241e-01	-8.095882e+01
1.68          	1.146405e+00	7.232818e-03	-8.021692e+01	-4.011327e+01	4.084957e+01	-5.691737e-01	-3.954007e+01	4.068647e+01	-5.655573e-01	5.727901e-01	7.411119e-01	-8.095803e+01
1.69          	1.145241e+00	7.244722e-03	-8.021674e+01	-4.011319e+01	4.084887e+01	-5.685269e-01	-3.954057e+01	4.068581e+01	-5.649046e-01	5.721493e-01	7.404979e-01	-8.095724e+01
1.7           	1.144077e+00	7.257681e-03	-8.021656e+01	-4.011311e+01	4.084816e+01	-5.678778e-01	-3.954107e+01	4.068515e+01	-5.642490e-01	5.715066e-01	7.398798e-01	-8.095644e+01
1.71          	1.142915e+00	7.275880e-03	-8.021638e+01	-4.011303e+01	4.084745e+01	-5.672243e-01	-3.954157e+01	4.068449e+01	-5.635864e-01	5.708623e-01	7.392592e-01	-8.095564e+01
1.72          	1.141756e+00	7.301971e-03	-8.021620e+01	-4.011296e+01	4.084674e+01	-5.665656e-01	-3.954208e+01	4.068383e+01	-5.629146e-01	5.702166e-01	7.386363e-01	-8.095484e+01
1.73          	1.140596e+00	7.324906e-03	-8.021602e+01	-4.011288e+01	4.084602e+01	-5.659099e-01	-3.954258e+01	4.068318e+01	-5.622475e-01	5.695724e-01	7.380107e-01	-8.095403e+01
1.74          	1.139434e+00	7.344981e-03	-8.021583e+01	-4.011280e+01	4.084530e+01	-5.652584e-01	-3.954308e+01	4.068252e+01	-5.615859e-01	5.689309e-01	7.373823e-01	-8.095322e+01
1.75          	1.138267e+00	7.364565e-03	-8.021565e+01	-4.011272e+01	4.084457e+01	-5.646053e-01	-3.954359e+01	4.068186e+01	-5.609231e-01	5.682876e-01	7.367507e-01	-8.095240e+01
1.76          	1.137098e+00	7.385691e-03	-8.021546e+01	-4.011265e+01	4.084385e+01	-5.639472e-01	-3.954410e+01	4.068120e+01	-5.602544e-01	5.676401e-01	7.361172e-01	-8.095158e+01
1.77          	1.135932e+00	7.412856e-03	-8.021527e+01	-4.011257e+01	4.084312e+01	-5.632832e-01	-3.954460e+01	4.068054e+01	-5.595768e-01	5.669896e-01	7.354839e-01	-8.095076e+01
1.78          	1.134777e+00	7.446709e-03	-8.021508e+01	-4.011250e+01	4.084239e+01	-5.626174e-01	-3.954511e+01	4.067988e+01	-5.588941e-01	5.663408e-01	7.348521e-01	-8.094994e+01
1.79          	1.133633e+00	7.494051e-03	-8.021489e+01	-4.011242e+01	4.084167e+01	-5.619475e-01	-3.954561e+01	4.067924e+01	-5.582005e-01	5.656945e-01	7.342227e-01	-8.094912e+01
1.8           	1.132505e+00	7.552350e-03	-8.021470e+01	-4.011235e+01	4.084095e+01	-5.612757e-01	-3.954610e+01	4.067860e+01	-5.574996e-01	5.650519e-01	7.335961e-01	-8.094830e+01
1.81          	1.131393e+00	7.620664e-03	-8.021451e+01	-4.011228e+01	4.084023e+01	-5.606048e-01	-3.954659e+01	4.067798e+01	-5.567945e-01	5.644152e-01	7.329727e-01	-8.094748e+01
1.82          	1.130298e+00	7.698685e-03	-8.021431e+01	-4.011222e+01	4.083951e+01	-5.599367e-01	-3.954707e+01	4.067737e+01	-5.560874e-01	5.637860e-01	7.323528e-01	-8.094667e+01
1.83          	1.129221e+00	7.775126e-03	-8.021412e+01	-4.011215e+01	4.083879e+01	-5.592799e-01	-3.954754e+01	4.067676e+01	-5.553923e-01	5.631674e-01	7.317363e-01	-8.094585e+01
1.84          	1.128161e+00	7.849730e-03	-8.021392e+01	-4.011208e+01	4.083808e+01	-5.586339e-01	-3.954800e+01	4.067616e+01	-5.547090e-01	5.625588e-01	7.311233e-01	-8.094504e+01
1.85          	1.127117e+00	7.925636e-03	-8.021371e+01	-4.011201e+01	4.083737e+01	-5.579953e-01	-3.954845e+01	4.067557e+01	-5.540324e-01	5.619581e-01	7.305134e-01	-8.094423e+01
1.86          	1.126084e+00	7.999817e-03	-8.021351e+01	-4.011194e+01	4.083666e+01	-5.573632e-01	-3.954890e+01	4.067498e+01	-5.533633e-01	5.613631e-01	7.299056e-01	-8.094341e+01
1.87          	1.125057e+00	8.067724e-03	-8.021330e+01	-4.011187e+01	4.083595e+01	-5.567389e-01	-3.954934e+01	4.067440e+01	-5.527050e-01	5.607728e-01	7.292982e-01	-8.094260e+01
1.88          	1.124037e+00	8.133076e-03	-8.021309e+01	-4.011179e+01	4.083523e+01	-5.561198e-01	-3.954978e+01	4.067381e+01	-5.520532e-01	5.601863e-01	7.286914e-01	-8.094178e+01
1.89          	1.123026e+00	8.204539e-03	-8.021287e+01	-4.011172e+01	4.083452e+01	-5.555008e-01	-3.955021e+01	4.067323e+01	-5.513986e-01	5.596031e-01	7.280862e-01	-8.094096e+01
1.9           	1.122028e+00	8.287467e-03	-8.021265e+01	-4.011165e+01	4.083381e+01	-5.548799e-01	-3.955063e+01	4.067266e+01	-5.507361e-01	5.590236e-01	7.274837e-01	-8.094014e+01
1.91          	1.121044e+00	8.381415e-03	-8.021243e+01	-4.011157e+01	4.083310e+01	-5.542576e-01	-3.955105e+01	4.067209e+01	-5.500669e-01	5.584483e-01	7.268847e-01	-8.093932e+01
1.92          	1.120075e+00	8.477444e-03	-8.021221e+01	-4.011150e+01	4.083239e+01	-5.536402e-01	-3.955146e+01	4.067154e+01	-5.494015e-01	5.578789e-01	7.262891e-01	-8.093850e+01
1.93          	1.119119e+00	8.569479e-03	-8.021198e+01	-4.011142e+01	4.083169e+01	-5.530307e-01	-3.955186e+01	4.067098e+01	-5.487459e-01	5.573154e-01	7.256963e-01	-8.093768e+01
1.94          	1.118176e+00	8.657432e-03	-8.021175e+01	-4.011134e+01	4.083098e+01	-5.524290e-01	-3.955226e+01	4.067043e+01	-5.481002e-01	5.567577e-01	7.251060e-01	-8.093686e+01
1.95          	1.117246e+00	8.744428e-03	-8.021152e+01	-4.011126e+01	4.083028e+01	-5.518332e-01	-3.955264e+01	4.066989e+01	-5.474610e-01	5.562054e-01	7.245181e-01	-8.093603e+01
1.96          	1.116330e+00	8.829359e-03	-8.021128e+01	-4.011118e+01	4.082957e+01	-5.512451e-01	-3.955302e+01	4.066935e+01	-5.468304e-01	5.556598e-01	7.239333e-01	-8.093521e+01
1.97          	1.115434e+00	8.910702e-03	-8.021104e+01	-4.011110e+01	4.082887e+01	-5.506681e-01	-3.955338e+01	4.066881e+01	-5.462128e-01	5.551235e-01	7.233529e-01	-8.093439e+01
1.98          	1.114557e+00	8.989030e-03	-8.021080e+01	-4.011101e+01	4.082817e+01	-5.501019e-01	-3.955373e+01	4.066829e+01	-5.456074e-01	5.545964e-01	7.227766e-01	-8.093357e+01
1.99          	1.113699e+00	9.063522e-03	-8.021055e+01	-4.011092e+01	4.082748e+01	-5.495473e-01	-3.955407e+01	4.066777e+01	-5.450155e-01	5.540791e-01	7.222045e-01	-8.093275e+01
2             	1.112859e+00	9.136385e-03	-8.021030e+01	-4.011083e+01	4.082678e+01	-5.490026e-01	-3.955440e+01	4.066726e+01	-5.444344e-01	5.535708e-01	7.216367e-01	-8.093193e+01
2.01          	1.112036e+00	9.208856e-03	-8.021004e+01	-4.011073e+01	4.082609e+01	-5.484655e-01	-3.955472e+01	4.066675e+01	-5.438611e-01	5.530699e-01	7.210726e-01	-8.093111e+01
2.02          	1.111229e+00	9.283493e-03	-8.020978e+01	-4.011064e+01	4.082540e+01	-5.479334e-01	-3.955502e+01	4.066625e+01	-5.432916e-01	5.525751e-01	7.205128e-01	-8.093030e+01
2.03          	1.110437e+00	9.361664e-03	-8.020952e+01	-4.011055e+01	4.082472e+01	-5.474036e-01	-3.955533e+01	4.066576e+01	-5.427228e-01	5.520845e-01	7.199565e-01	-8.092948e+01
2.04          	1.109658e+00	9.443877e-03	-8.020926e+01	-4.011045e+01	4.082404e+01	-5.468747e-01	-3.955562e+01	4.066528e+01	-5.421528e-01	5.515966e-01	7.194030e-01	-8.092867e+01
2.05          	1.108891e+00	9.528451e-03	-8.020900e+01	-4.011036e+01	4.082335e+01	-5.463482e-01	-3.955591e+01	4.066480e+01	-5.415840e-01	5.511124e-01	7.188522e-01	-8.092785e+01
2.06          	1.108138e+00	9.613143e-03	-8.020874e+01	-4.011026e+01	4.082267e+01	-5.458275e-01	-3.955620e+01	4.066433e+01	-5.410209e-01	5.506340e-01	7.183048e-01	-8.092704e+01
2.07          	1.107405e+00	9.696046e-03	-8.020847e+01	-4.011017e+01	4.082200e+01	-5.453177e-01	-3.955647e+01	4.066387e+01	-5.404697e-01	5.501657e-01	7.177625e-01	-8.092623e+01
2.08          	1.106698e+00	9.774767e-03	-8.020820e+01	-4.011007e+01	4.082133e+01	-5.448251e-01	-3.955672e+01	4.066342e+01	-5.399377e-01	5.497125e-01	7.172274e-01	-8.092543e+01
2.09          	1.106028e+00	9.845985e-03	-8.020792e+01	-4.010997e+01	4.082066e+01	-5.443562e-01	-3.955695e+01	4.066298e+01	-5.394332e-01	5.492792e-01	7.167030e-01	-8.092462e+01
2.1           	1.105396e+00	9.912584e-03	-8.020764e+01	-4.010986e+01	4.082001e+01	-5.439101e-01	-3.955716e+01	4.066256e+01	-5.389538e-01	5.488664e-01	7.161888e-01	-8.092383e+01
2.11          	1.104798e+00	9.979723e-03	-8.020736e+01	-4.010975e+01	4.081936e+01	-5.434831e-01	-3.955735e+01	4.066215e+01	-5.384933e-01	5.484730e-01	7.156839e-01	-8.092304e+01
2.12          	1.104225e+00	1.005084e-02	-8.020707e+01	-4.010964e+01	4.081872e+01	-5.430687e-01	-3.955753e+01	4.066175e+01	-5.380433e-01	5.480941e-01	7.151855e-01	-8.092225e+01
2.13          	1.103673e+00	1.012600e-02	-8.020678e+01	-4.010953e+01	4.081808e+01	-5.426635e-01	-3.955770e+01	4.066137e+01	-5.376005e-01	5.477265e-01	7.146917e-01	-8.092147e+01
2.14          	1.103136e+00	1.019997e-02	-8.020649e+01	-4.010943e+01	4.081744e+01	-5.422692e-01	-3.955786e+01	4.066099e+01	-5.371692e-01	5.473691e-01	7.142012e-01	-8.092069e+01
2.15          	1.102617e+00	1.026885e-02	-8.020619e+01	-4.010931e+01	4.081681e+01	-5.418875e-01	-3.955801e+01	4.066062e+01	-5.367530e-01	5.470219e-01	7.137149e-01	-8.091991e+01
2.16          	1.102117e+00	1.033091e-02	-8.020590e+01	-4.010920e+01	4.081618e+01	-5.415189e-01	-3.955814e+01	4.066026e+01	-5.363535e-01	5.466844e-01	7.132335e-01	-8.091913e+01
2.17          	1.101636e+00	1.038633e-02	-8.020560e+01	-4.010909e+01	4.081556e+01	-5.411621e-01	-3.955827e+01	4.065990e+01	-5.359689e-01	5.463552e-01	7.127576e-01	-8.091836e+01
2.18          	1.101180e+00	1.043077e-02	-8.020530e+01	-4.010896e+01	4.081494e+01	-5.408201e-01	-3.955837e+01	4.065955e+01	-5.356047e-01	5.460355e-01	7.122891e-01	-8.091759e+01
2.19          	1.100751e+00	1.046324e-02	-8.020500e+01	-4.010884e+01	4.081433e+01	-5.404934e-01	-3.955846e+01	4.065921e+01	-5.352618e-01	5.457251e-01	7.118282e-01	-8.091683e+01
2.2           	1.100347e+00	1.048728e-02	-8.020470e+01	-4.010871e+01	4.081372e+01	-5.401795e-01	-3.955853e+01	4.065888e+01	-5.349359e-01	5.454232e-01	7.113743e-01	-8.091607e+01
2.21          	1.099971e+00	1.050594e-02	-8.020440e+01	-4.010857e+01	4.081313e+01	-5.398792e-01	-3.955859e+01	4.065856e+01	-5.346262e-01	5.451322e-01	7.109284e-01	-8.091532e+01
2.22          	1.099629e+00	1.052217e-02	-8.020409e+01	-4.010844e+01	4.081254e+01	-5.395954e-01	-3.955862e+01	4.065825e+01	-5.343343e-01	5.448565e-01	7.104925e-01	-8.091458e+01
2.23          	1.099329e+00	1.054026e-02	-8.020378e+01	-4.010830e+01	4.081196e+01	-5.393327e-01	-3.955864e+01	4.065797e+01	-5.340625e-01	5.446028e-01	7.100686e-01	-8.091385e+01
2.24          	1.099071e+00	1.056051e-02	-8.020347e+01	-4.010817e+01	4.081139e+01	-5.390933e-01	-3.955863e+01	4.065770e+01	-5.338131e-01	5.443736e-01	7.096567e-01	-8.091313e+01
2.25          	1.098851e+00	1.057994e-02	-8.020316e+01	-4.010803e+01	4.081083e+01	-5.388774e-01	-3.955861e+01	4.065746e+01	-5.335875e-01	5.441674e-01	7.092559e-01	-8.091241e+01
2.26          	1.098658e+00	1.059677e-02	-8.020284e+01	-4.010790e+01	4.081029e+01	-5.386804e-01	-3.955857e+01	4.065723e+01	-5.333820e-01	5.439788e-01	7.088628e-01	-8.091171e+01
2.27          	1.098481e+00	1.060974e-02	-8.020253e+01	-4.010776e+01	4.080974e+01	-5.384953e-01	-3.955852e+01	4.065700e+01	-5.331905e-01	5.438002e-01	7.084734e-01	-8.091101e+01
2.28          	1.098318e+00	1.061742e-02	-8.020223e+01	-4.010763e+01	4.080920e+01	-5.383213e-01	-3.955847e+01	4.065679e+01	-5.330126e-01	5.436300e-01	7.080876e-01	-8.091031e+01
2.29          	1.098176e+00	1.061975e-02	-8.020192e+01	-4.010749e+01	4.080867e+01	-5.381591e-01	-3.955840e+01	4.065658e+01	-5.328492e-01	5.434690e-01	7.077079e-01	-8.090962e+01
2.3           	1.098055e+00	1.061753e-02	-8.020161e+01	-4.010735e+01	4.080814e+01	-5.380070e-01	-3.955832e+01	4.065637e+01	-5.326982e-01	5.433157e-01	7.073346e-01	-8.090894e+01
2.31          	1.097954e+00	1.061130e-02	-8.020130e+01	-4.010720e+01	4.080762e+01	-5.378620e-01	-3.955823e+01	4.065618e+01	-5.325564e-01	5.431677e-01	7.069672e-01	-8.090827e+01
2.32          	1.097879e+00	1.060437e-02	-8.020099e+01	-4.010706e+01	4.080710e+01	-5.377268e-01	-3.955812e+01	4.065600e+01	-5.324246e-01	5.430290e-01	7.066080e-01	-8.090760e+01
2.33          	1.097838e+00	1.059822e-02	-8.020068e+01	-4.010692e+01	4.080660e+01	-5.376055e-01	-3.955800e+01	4.065584e+01	-5.323064e-01	5.429046e-01	7.062593e-01	-8.090694e+01
2.34          	1.097831e+00	1.059277e-02	-8.020037e+01	-4.010677e+01	4.080611e+01	-5.375010e-01	-3.955786e+01	4.065569e+01	-5.322046e-01	5.427974e-01	7.059213e-01	-8.090629e+01
2.35          	1.097854e+00	1.058271e-02	-8.020006e+01	-4.010663e+01	4.080562e+01	-5.374168e-01	-3.955770e+01	4.065556e+01	-5.321254e-01	5.427081e-01	7.055924e-01	-8.090565e+01
2.36          	1.097904e+00	1.056473e-02	-8.019975e+01	-4.010648e+01	4.080515e+01	-5.373553e-01	-3.955753e+01	4.065544e+01	-5.320729e-01	5.426376e-01	7.052719e-01	-8.090502e+01
2.37          	1.097981e+00	1.053991e-02	-8.019945e+01	-4.010634e+01	4.080468e+01	-5.373167e-01	-3.955735e+01	4.065533e+01	-5.320467e-01	5.425866e-01	7.049597e-01	-8.090440e+01
2.38          	1.098087e+00	1.050862e-02	-8.019914e+01	-4.010619e+01	4.080423e+01	-5.373004e-01	-3.955715e+01	4.065524e+01	-5.320461e-01	5.425547e-01	7.046567e-01	-8.090380e+01
2.39          	1.098218e+00	1.047177e-02	-8.019883e+01	-4.010605e+01	4.080378e+01	-5.373032e-01	-3.955694e+01	4.065516e+01	-5.320673e-01	5.425391e-01	7.043621e-01	-8.090320e+01
2.4           	1.098373e+00	1.043069e-02	-8.019853e+01	-4.010590e+01	4.080334e+01	-5.373204e-01	-3.955671e+01	4.065509e+01	-5.321050e-01	5.425357e-01	7.040748e-01	-8.090261e+01
2.41          	1.098548e+00	1.039125e-02	-8.019823e+01	-4.010575e+01	4.080291e+01	-5.373443e-01	-3.955648e+01	4.065503e+01	-5.321487e-01	5.425399e-01	7.037942e-01	-8.090202e+01
2.42          	1.098741e+00	1.035801e-02	-8.019793e+01	-4.010561e+01	4.080248e+01	-5.373705e-01	-3.955624e+01	4.065498e+01	-5.321915e-01	5.425495e-01	7.035199e-01	-8.090145e+01
2.43          	1.098952e+00	1.032977e-02	-8.019763e+01	-4.010546e+01	4.080207e+01	-5.373994e-01	-3.955599e+01	4.065494e+01	-5.322345e-01	5.425643e-01	7.032515e-01	-8.090088e+01
2.44          	1.099178e+00	1.030269e-02	-8.019733e+01	-4.010532e+01	4.080166e+01	-5.374334e-01	-3.955573e+01	4.065491e+01	-5.322821e-01	5.425847e-01	7.029881e-01	-8.090032e+01
2.45          	1.099420e+00	1.027308e-02	-8.019704e+01	-4.010517e+01	4.080125e+01	-5.374776e-01	-3.955546e+01	4.065488e+01	-5.323411e-01	5.426142e-01	7.027302e-01	-8.089977e+01
2.46          	1.099680e+00	1.023587e-02	-8.019675e+01	-4.010503e+01	4.080085e+01	-5.375373e-01	-3.955519e+01	4.065487e+01	-5.324194e-01	5.426553e-01	7.024783e-01	-8.089923e+01
2.47          	1.099957e+00	1.018796e-02	-8.019646e+01	-4.010488e+01	4.080046e+01	-5.376152e-01	-3.955490e+01	4.065486e+01	-5.325212e-01	5.427092e-01	7.022323e-01	-8.089869e+01
2.48          	1.100251e+00	1.012991e-02	-8.019617e+01	-4.010474e+01	4.080008e+01	-5.377113e-01	-3.955461e+01	4.065486e+01	-5.326464e-01	5.427763e-01	7.019925e-01	-8.089816e+01
2.49          	1.100565e+00	1.006547e-02	-8.019588e+01	-4.010459e+01	4.079970e+01	-5.378240e-01	-3.955431e+01	4.065487e+01	-5.327913e-01	5.428568e-01	7.017594e-01	-8.089764e+01
2.5           	1.100895e+00	9.998957e-03	-8.019560e+01	-4.010444e+01	4.079933e+01	-5.379480e-01	-3.955400e+01	4.065489e+01	-5.329486e-01	5.429475e-01	7.015327e-01	-8.089713e+01
2.51          	1.101239e+00	9.932599e-03	-8.019531e+01	-4.010430e+01	4.079897e+01	-5.380780e-01	-3.955368e+01	4.065492e+01	-5.331117e-01	5.430443e-01	7.013108e-01	-8.089663e+01
2.52          	1.101594e+00	9.867969e-03	-8.019503e+01	-4.010415e+01	4.079861e+01	-5.382111e-01	-3.955335e+01	4.065495e+01	-5.332771e-01	5.431451e-01	7.010938e-01	-8.089613e+01
2.53          	1.101960e+00	9.804849e-03	-8.019475e+01	-4.010400e+01	4.079826e+01	-5.383469e-01	-3.955302e+01	4.065498e+01	-5.334445e-01	5.432494e-01	7.008812e-01	-8.089563e+01
2.54          	1.102336e+00	9.740310e-03	-8.019448e+01	-4.010386e+01	4.079791e+01	-5.384872e-01	-3.955269e+01	4.065502e+01	-5.336170e-01	5.433573e-01	7.006731e-01	-8.089515e+01
2.55          	1.102721e+00	9.671506e-03	-8.019420e+01	-4.010371e+01	4.079757e+01	-5.386341e-01	-3.955235e+01	4.065507e+01	-5.337983e-01	5.434698e-01	7.004692e-01	-8.089467e+01
2.56          	1.103119e+00	9.596133e-03	-8.019393e+01	-4.010356e+01	4.079723e+01	-5.387915e-01	-3.955200e+01	4.065512e+01	-5.339934e-01	5.435896e-01	7.002704e-01	-8.089420e+01
2.57          	1.103531e+00	9.512694e-03	-8.019366e+01	-4.010341e+01	4.079690e+01	-5.389621e-01	-3.955164e+01	4.065518e+01	-5.342057e-01	5.437184e-01	7.000773e-01	-8.089373e+01
2.58          	1.103955e+00	9.422780e-03	-8.019339e+01	-4.010326e+01	4.079658e+01	-5.391444e-01	-3.955128e+01	4.065524e+01	-5.344330e-01	5.438558e-01	6.998894e-01	-8.089328e+01
2.59          	1.104390e+00	9.327580e-03	-8.019312e+01	-4.010311e+01	4.079627e+01	-5.393364e-01	-3.955092e+01	4.065531e+01	-5.346726e-01	5.440002e-01	6.997061e-01	-8.089283e+01
2.6           	1.104831e+00	9.227626e-03	-8.019286e+01	-4.010296e+01	4.079595e+01	-5.395358e-01	-3.955055e+01	4.065538e+01	-5.349220e-01	5.441496e-01	6.995261e-01	-8.089238e+01
2.61          	1.105276e+00	9.123534e-03	-8.019259e+01	-4.010281e+01	4.079565e+01	-5.397404e-01	-3.955017e+01	4.065545e+01	-5.351786e-01	5.443021e-01	6.993486e-01	-8.089194e+01
2.62          	1.105723e+00	9.016858e-03	-8.019234e+01	-4.010266e+01	4.079534e+01	-5.399479e-01	-3.954980e+01	4.065553e+01	-5.354395e-01	5.444564e-01	6.991729e-01	-8.089151e+01
2.63          	1.106171e+00	8.908258e-03	-8.019208e+01	-4.010251e+01	4.079504e+01	-5.401576e-01	-3.954943e+01	4.065560e+01	-5.357035e-01	5.446118e-01	6.989990e-01	-8.089108e+01
2.64          	1.106620e+00	8.797894e-03	-8.019182e+01	-4.010237e+01	4.079474e+01	-5.403688e-01	-3.954906e+01	4.065568e+01	-5.359699e-01	5.447678e-01	6.988269e-01	-8.089065e+01
2.65          	1.107071e+00	8.684673e-03	-8.019157e+01	-4.010222e+01	4.079444e+01	-5.405819e-01	-3.954868e+01	4.065575e+01	-5.362395e-01	5.449242e-01	6.986566e-01	-8.089023e+01
2.66          	1.107522e+00	8.568360e-03	-8.019133e+01	-4.010207e+01	4.079415e+01	-5.407965e-01	-3.954831e+01	4.065583e+01	-5.365124e-01	5.450807e-01	6.984879e-01	-8.088981e+01
2.67          	1.107974e+00	8.450040e-03	-8.019108e+01	-4.010192e+01	4.079386e+01	-5.410130e-01	-3.954793e+01	4.065591e+01	-5.367880e-01	5.452380e-01	6.983209e-01	-8.088940e+01
2.68          	1.108429e+00	8.328989e-03	-8.019084e+01	-4.010177e+01	4.079357e+01	-5.412321e-01	-3.954756e+01	4.065599e+01	-5.370676e-01	5.453966e-01	6.981562e-01	-8.088899e+01
2.69          	1.108888e+00	8.204502e-03	-8.019060e+01	-4.010162e+01	4.079329e+01	-5.414551e-01	-3.954718e+01	4.065607e+01	-5.373529e-01	5.455574e-01	6.979940e-01	-8.088859e+01
2.7           	1.109350e+00	8.076371e-03	-8.019036e+01	-4.010148e+01	4.079301e+01	-5.416818e-01	-3.954680e+01	4.065615e+01	-5.376436e-01	5.457200e-01	6.978339e-01	-8.088819e+01
2.71          	1.109812e+00	7.945695e-03	-8.019013e+01	-4.010133e+01	4.079274e+01	-5.419111e-01	-3.954642e+01	4.065623e+01	-5.379383e-01	5.458840e-01	6.976751e-01	-8.088780e+01
2.72          	1.110271e+00	7.812576e-03	-8.018989e+01	-4.010118e+01	4.079246e+01	-5.421419e-01	-3.954604e+01	4.065632e+01	-5.382356e-01	5.460482e-01	6.975172e-01	-8.088741e+01
2.73          	1.110728e+00	7.676913e-03	-8.018967e+01	-4.010103e+01	4.079219e+01	-5.423744e-01	-3.954567e+01	4.065640e+01	-5.385360e-01	5.462129e-01	6.973599e-01	-8.088703e+01
2.74          	1.111182e+00	7.537999e-03	-8.018944e+01	-4.010089e+01	4.079192e+01	-5.426093e-01	-3.954530e+01	4.065648e+01	-5.388403e-01	5.463783e-01	6.972034e-01	-8.088664e+01
2.75          	1.111635e+00	7.395737e-03	-8.018922e+01	-4.010074e+01	4.079166e+01	-5.428465e-01	-3.954492e+01	4.065656e+01	-5.391486e-01	5.465443e-01	6.970481e-01	-8.088627e+01
2.76          	1.112089e+00	7.249464e-03	-8.018900e+01	-4.010060e+01	4.079139e+01	-5.430863e-01	-3.954455e+01	4.065664e+01	-5.394615e-01	5.467110e-01	6.968945e-01	-8.088589e+01
2.77          	1.112545e+00	7.098717e-03	-8.018878e+01	-4.010045e+01	4.079113e+01	-5.433291e-01	-3.954418e+01	4.065672e+01	-5.397797e-01	5.468784e-01	6.967430e-01	-8.088553e+01
2.78          	1.113004e+00	6.942865e-03	-8.018857e+01	-4.010031e+01	4.079088e+01	-5.435755e-01	-3.954380e+01	4.065681e+01	-5.401041e-01	5.470469e-01	6.965941e-01	-8.088516e+01
2.79          	1.113468e+00	6.782006e-03	-8.018836e+01	-4.010016e+01	4.079063e+01	-5.438258e-01	-3.954343e+01	4.065689e+01	-5.404347e-01	5.472168e-01	6.964480e-01	-8.088481e+01
2.8           	1.113937e+00	6.617362e-03	-8.018815e+01	-4.010001e+01	4.079038e+01	-5.440799e-01	-3.954305e+01	4.065698e+01	-5.407712e-01	5.473885e-01	6.963048e-01	-8.088445e+01
2.81          	1.114411e+00	6.450065e-03	-8.018794e+01	-4.009987e+01	4.079014e+01	-5.443381e-01	-3.954266e+01	4.065707e+01	-5.411131e-01	5.475631e-01	6.961650e-01	-8.088411e+01
2.82          	1.114892e+00	6.280668e-03	-8.018774e+01	-4.009972e+01	4.078990e+01	-5.446004e-01	-3.954228e+01	4.065717e+01	-5.414601e-01	5.477408e-01	6.960282e-01	-8.088377e+01
2.83          	1.115377e+00	6.108692e-03	-8.018754e+01	-4.009958e+01	4.078966e+01	-5.448672e-01	-3.954189e+01	4.065726e+01	-5.418129e-01	5.479216e-01	6.958944e-01	-8.088343e+01
2.84          	1.115866e+00	5.933899e-03	-8.018734e+01	-4.009943e+01	4.078943e+01	-5.451382e-01	-3.954150e+01	4.065736e+01	-5.421712e-01	5.481051e-01	6.957634e-01	-8.088310e+01
2.85          	1.116359e+00	5.755691e-03	-8.018714e+01	-4.009928e+01	4.078921e+01	-5.454134e-01	-3.954110e+01	4.065746e+01	-5.425355e-01	5.482912e-01	6.956351e-01	-8.088278e+01
2.86          	1.116855e+00	5.573932e-03	-8.018695e+01	-4.009914e+01	4.078898e+01	-5.456930e-01	-3.954071e+01	4.065757e+01	-5.429061e-01	5.484800e-01	6.955095e-01	-8.088246e+01
2.87          	1.117353e+00	5.389741e-03	-8.018676e+01	-4.009899e+01	4.078876e+01	-5.459766e-01	-3.954032e+01	4.065767e+01	-5.432817e-01	5.486715e-01	6.953863e-01	-8.088214e+01
2.88          	1.117855e+00	5.205984e-03	-8.018657e+01	-4.009885e+01	4.078855e+01	-5.462632e-01	-3.953992e+01	4.065778e+01	-5.436602e-01	5.488662e-01	6.952656e-01	-8.088183e+01
2.89          	1.118359e+00	5.024100e-03	-8.018638e+01	-4.009871e+01	4.078834e+01	-5.465520e-01	-3.953953e+01	4.065789e+01	-5.440399e-01	5.490640e-01	6.951473e-01	-8.088153e+01
2.9           	1.118865e+00	4.843417e-03	-8.018620e+01	-4.009856e+01	4.078813e+01	-5.468432e-01	-3.953913e+01	4.065800e+01	-5.444215e-01	5.492649e-01	6.950314e-01	-8.088123e+01
2.91          	1.119375e+00	4.661915e-03	-8.018601e+01	-4.009842e+01	4.078792e+01	-5.471379e-01	-3.953874e+01	4.065811e+01	-5.448069e-01	5.494688e-01	6.949179e-01	-8.088093e+01
2.92          	1.119888e+00	4.477120e-03	-8.018583e+01	-4.009828e+01	4.078772e+01	-5.474371e-01	-3.953834e+01	4.065823e+01	-5.451985e-01	5.496757e-01	6.948070e-01	-8.088064e+01
2.93          	1.120404e+00	4.287287e-03	-8.018566e+01	-4.009814e+01	4.078753e+01	-5.477417e-01	-3.953794e+01	4.065835e+01	-5.455980e-01	5.498853e-01	6.946991e-01	-8.088036e+01
2.94          	1.120925e+00	4.091096e-03	-8.018549e+01	-4.009800e+01	4.078734e+01	-5.480517e-01	-3.953754e+01	4.065846e+01	-5.460062e-01	5.500973e-01	6.945940e-01	-8.088008e+01
2.95          	1.121451e+00	3.888247e-03	-8.018532e+01	-4.009786e+01	4.078715e+01	-5.483671e-01	-3.953713e+01	4.065858e+01	-5.464229e-01	5.503112e-01	6.944919e-01	-8.087981e+01
2.96          	1.121979e+00	3.678859e-03	-8.018515e+01	-4.009771e+01	4.078697e+01	-5.486872e-01	-3.953672e+01	4.065870e+01	-5.468477e-01	5.505266e-01	6.943925e-01	-8.087954e+01
2.97          	1.122509e+00	3.462863e-03	-8.018498e+01	-4.009757e+01	4.078679e+01	-5.490108e-01	-3.953631e+01	4.065882e+01	-5.472794e-01	5.507422e-01	6.942952e-01	-8.087928e+01
2.98          	1.123039e+00	3.241493e-03	-8.018482e+01	-4.009742e+01	4.078661e+01	-5.493362e-01	-3.953590e+01	4.065894e+01	-5.477154e-01	5.509569e-01	6.941994e-01	-8.087902e+01
2.99          	1.123568e+00	3.016081e-03	-8.018466e+01	-4.009728e+01	4.078643e+01	-5.496620e-01	-3.953549e+01	4.065906e+01	-5.481540e-01	5.511701e-01	6.941047e-01	-8.087877e+01
3             	1.124092e+00	2.791741e-03	-8.018450e+01	-4.009713e+01	4.078626e+01	-5.499851e-01	-3.953509e+01	4.065918e+01	-5.485892e-01	5.513810e-01	6.940103e-01	-8.087851e+01
3.01          	1.124612e+00	2.571512e-03	-8.018435e+01	-4.009699e+01	4.078609e+01	-5.503040e-01	-3.953469e+01	4.065930e+01	-5.490182e-01	5.515897e-01	6.939158e-01	-8.087826e+01
3.02          	1.125127e+00	2.355729e-03	-8.018419e+01	-4.009685e+01	4.078592e+01	-5.506193e-01	-3.953429e+01	4.065942e+01	-5.494415e-01	5.517972e-01	6.938216e-01	-8.087802e+01
3.03          	1.125640e+00	2.142152e-03	-8.018404e+01	-4.009671e+01	4.078575e+01	-5.509336e-01	-3.953389e+01	4.065953e+01	-5.498625e-01	5.520047e-01	6.937285e-01	-8.087777e+01
3.04          	1.126154e+00	1.927565e-03	-8.018390e+01	-4.009657e+01	4.078559e+01	-5.512497e-01	-3.953350e+01	4.065965e+01	-5.502859e-01	5.522134e-01	6.936373e-01	-8.087753e+01
3.05          	1.126670e+00	1.710448e-03	-8.018375e+01	-4.009644e+01	4.078542e+01	-5.515690e-01	-3.953310e+01	4.065977e+01	-5.507137e-01	5.524242e-01	6.935485e-01	-8.087730e+01
3.06          	1.127186e+00	1.490334e-03	-8.018361e+01	-4.009630e+01	4.078526e+01	-5.518917e-01	-3.953271e+01	4.065989e+01	-5.511466e-01	5.526369e-01	6.934620e-01	-8.087707e+01
3.07          	1.127702e+00	1.270177e-03	-8.018346e+01	-4.009616e+01	4.078511e+01	-5.522158e-01	-3.953231e+01	4.066001e+01	-5.515807e-01	5.528509e-01	6.933772e-01	-8.087684e+01
3.08          	1.128216e+00	1.052476e-03	-8.018332e+01	-4.009603e+01	4.078496e+01	-5.525390e-01	-3.953192e+01	4.066013e+01	-5.520127e-01	5.530652e-01	6.932934e-01	-8.087662e+01
3.09          	1.128724e+00	8.436142e-04	-8.018318e+01	-4.009589e+01	4.078480e+01	-5.528569e-01	-3.953153e+01	4.066026e+01	-5.524351e-01	5.532787e-01	6.932095e-01	-8.087639e+01
3.1           	1.129224e+00	6.459605e-04	-8.018305e+01	-4.009576e+01	4.078465e+01	-5.531683e-01	-3.953115e+01	4.066038e+01	-5.528453e-01	5.534913e-01	6.931249e-01	-8.087617e+01
3.11          	1.129719e+00	4.546822e-04	-8.018291e+01	-4.009564e+01	4.078450e+01	-5.534773e-01	-3.953078e+01	4.066050e+01	-5.532500e-01	5.537047e-01	6.930405e-01	-8.087595e+01
3.12          	1.130212e+00	2.642020e-04	-8.018278e+01	-4.009551e+01	4.078435e+01	-5.537888e-01	-3.953040e+01	4.066062e+01	-5.536567e-01	5.539209e-01	6.929570e-01	-8.087574e+01
3.13          	1.130708e+00	6.459909e-05	-8.018265e+01	-4.009538e+01	4.078420e+01	-5.541100e-01	-3.953003e+01	4.066073e+01	-5.540777e-01	5.541423e-01	6.928763e-01	-8.087552e+01
3.14          	1.131210e+00	-1.527322e-04	-8.018252e+01	-4.009524e+01	4.078406e+01	-5.544461e-01	-3.952964e+01	4.066085e+01	-5.545225e-01	5.543697e-01	6.927990e-01	-8.087531e+01
3.15          	1.131718e+00	-3.892122e-04	-8.018239e+01	-4.009510e+01	4.078392e+01	-5.547970e-01	-3.952924e+01	4.066096e+01	-5.549916e-01	5.546024e-01	6.927256e-01	-8.087511e+01
3.16          	1.132232e+00	-6.390090e-04	-8.018226e+01	-4.009496e+01	4.078378e+01	-5.551581e-01	-3.952884e+01	4.066108e+01	-5.554776e-01	5.548386e-01	6.926553e-01	-8.087491e+01
3.17          	1.132747e+00	-8.983678e-04	-8.018213e+01	-4.009481e+01	4.078365e+01	-5.555261e-01	-3.952844e+01	4.066119e+01	-5.559753e-01	5.550769e-01	6.925876e-01	-8.087471e+01
3.18          	1.133260e+00	-1.165151e-03	-8.018200e+01	-4.009466e+01	4.078352e+01	-5.558975e-01	-3.952803e+01	4.066129e+01	-5.564801e-01	5.553150e-01	6.925210e-01	-8.087452e+01
3.19          	1.133767e+00	-1.436698e-03	-8.018187e+01	-4.009451e+01	4.078339e+01	-5.562697e-01	-3.952763e+01	4.066140e+01	-5.569881e-01	5.555514e-01	6.924546e-01	-8.087433e+01
3.2           	1.134268e+00	-1.709206e-03	-8.018175e+01	-4.009436e+01	4.078326e+01	-5.566401e-01	-3.952723e+01	4.066150e+01	-5.574948e-01	5.557855e-01	6.923879e-01	-8.087414e+01
3.21          	1.134760e+00	-1.977392e-03	-8.018163e+01	-4.009422e+01	4.078313e+01	-5.570061e-01	-3.952684e+01	4.066160e+01	-5.579948e-01	5.560174e-01	6.923205e-01	-8.087395e+01
3.22          	1.135248e+00	-2.243649e-03	-8.018150e+01	-4.009407e+01	4.078301e+01	-5.573715e-01	-3.952644e+01	4.066169e+01	-5.584934e-01	5.562497e-01	6.922538e-01	-8.087376e+01
3.23          	1.135733e+00	-2.507652e-03	-8.018138e+01	-4.009392e+01	4.078288e+01	-5.577370e-01	-3.952606e+01	4.066179e+01	-5.589908e-01	5.564832e-01	6.921882e-01	-8.087357e+01
3.24          	1.136215e+00	-2.776455e-03	-8.018127e+01	-4.009378e+01	4.078276e+01	-5.581055e-01	-3.952567e+01	4.066188e+01	-5.594937e-01	5.567172e-01	6.921240e-01	-8.087339e+01
3.25          	1.136695e+00	-3.061386e-03	-8.018115e+01	-4.009362e+01	4.078264e+01	-5.584837e-01	-3.952528e+01	4.066197e+01	-5.600144e-01	5.569530e-01	6.920613e-01	-8.087321e+01
3.26          	1.137175e+00	-3.363326e-03	-8.018103e+01	-4.009347e+01	4.078252e+01	-5.588712e-01	-3.952488e+01	4.066206e+01	-5.605528e-01	5.571895e-01	6.920002e-01	-8.087303e+01
3.27          	1.137655e+00	-3.678314e-03	-8.018092e+01	-4.009331e+01	4.078240e+01	-5.592661e-01	-3.952448e+01	4.066214e+01	-5.611052e-01	5.574269e-01	6.919414e-01	-8.087286e+01
3.28          	1.138140e+00	-4.002179e-03	-8.018080e+01	-4.009314e+01	4.078229e+01	-5.596673e-01	-3.952407e+01	4.066221e+01	-5.616684e-01	5.576662e-01	6.918859e-01	-8.087269e+01
3.29          	1.138628e+00	-4.328716e-03	-8.018069e+01	-4.009298e+01	4.078218e+01	-5.600718e-01	-3.952367e+01	4.066230e+01	-5.622361e-01	5.579074e-01	6.918338e-01	-8.087252e+01
3.3           	1.139121e+00	-4.655103e-03	-8.018057e+01	-4.009282e+01	4.078207e+01	-5.604786e-01	-3.952326e+01	4.066238e+01	-5.628062e-01	5.581511e-01	6.917854e-01	-8.087236e+01
3.31          	1.139619e+00	-4.982364e-03	-8.018046e+01	-4.009265e+01	4.078197e+01	-5.608885e-01	-3.952284e+01	4.066246e+01	-5.633797e-01	5.583973e-01	6.917405e-01	-8.087220e+01
3.32          	1.140117e+00	-5.311326e-03	-8.018035e+01	-4.009249e+01	4.078187e+01	-5.613007e-01	-3.952243e+01	4.066255e+01	-5.639564e-01	5.586451e-01	6.916982e-01	-8.087205e+01
3.33          	1.140615e+00	-5.643658e-03	-8.018024e+01	-4.009232e+01	4.078178e+01	-5.617155e-01	-3.952202e+01	4.066263e+01	-5.645373e-01	5.588937e-01	6.916579e-01	-8.087190e+01
3.34          	1.141109e+00	-5.984832e-03	-8.018013e+01	-4.009216e+01	4.078168e+01	-5.621346e-01	-3.952160e+01	4.066271e+01	-5.651270e-01	5.591422e-01	6.916187e-01	-8.087175e+01
3.35          	1.141600e+00	-6.336639e-03	-8.018002e+01	-4.009199e+01	4.078159e+01	-5.625586e-01	-3.952119e+01	4.066279e+01	-5.657269e-01	5.593902e-01	6.915808e-01	-8.087160e+01
3.36          	1.142091e+00	-6.695269e-03	-8.017991e+01	-4.009181e+01	4.078150e+01	-5.629860e-01	-3.952077e+01	4.066286e+01	-5.663337e-01	5.596384e-01	6.915450e-01	-8.087145e+01
3.37          	1.142586e+00	-7.056101e-03	-8.017980e+01	-4.009164e+01	4.078141e+01	-5.634161e-01	-3.952035e+01	4.066293e+01	-5.669442e-01	5.598881e-01	6.915126e-01	-8.087131e+01
3.38          	1.143087e+00	-7.416132e-03	-8.017969e+01	-4.009146e+01	4.078133e+01	-5.638483e-01	-3.951992e+01	4.066301e+01	-5.675564e-01	5.601402e-01	6.914844e-01	-8.087117e+01
3.39          	1.143596e+00	-7.773596e-03	-8.017958e+01	-4.009129e+01	4.078125e+01	-5.642821e-01	-3.951949e+01	4.066309e+01	-5.681689e-01	5.603953e-01	6.914606e-01	-8.087104e+01
3.4           	1.144111e+00	-8.128254e-03	-8.017947e+01	-4.009111e+01	4.078118e+01	-5.647170e-01	-3.951906e+01	4.066317e+01	-5.687811e-01	5.606529e-01	6.914411e-01	-8.087091e+01
3.41          	1.144630e+00	-8.484189e-03	-8.017936e+01	-4.009094e+01	4.078110e+01	-5.651540e-01	-3.951862e+01	4.066325e+01	-5.693961e-01	5.609119e-01	6.914248e-01	-8.087078e+01
3.42          	1.145149e+00	-8.843919e-03	-8.017925e+01	-4.009076e+01	4.078104e+01	-5.655934e-01	-3.951819e+01	4.066333e+01	-5.700154e-01	5.611715e-01	6.914109e-01	-8.087066e+01
3.43          	1.145668e+00	-9.207443e-03	-8.017914e+01	-4.009058e+01	4.078097e+01	-5.660347e-01	-3.951775e+01	4.066342e+01	-5.706384e-01	5.614310e-01	6.913992e-01	-8.087054e+01
3.44          	1.146187e+00	-9.573401e-03	-8.017903e+01	-4.009040e+01	4.078090e+01	-5.664773e-01	-3.951731e+01	4.066350e+01	-5.712640e-01	5.616906e-01	6.913896e-01	-8.087042e+01
3.45          	1.146707e+00	-9.940717e-03	-8.017892e+01	-4.009022e+01	4.078084e+01	-5.669212e-01	-3.951687e+01	4.066357e+01	-5.718916e-01	5.619508e-01	6.913827e-01	-8.087030e+01
3.46          	1.147227e+00	-1.031535e-02	-8.017881e+01	-4.009004e+01	4.078078e+01	-5.673694e-01	-3.951642e+01	4.066365e+01	-5.725271e-01	5.622117e-01	6.913776e-01	-8.087018e+01
3.47          	1.147744e+00	-1.069903e-02	-8.017869e+01	-4.008985e+01	4.078072e+01	-5.678227e-01	-3.951598e+01	4.066372e+01	-5.731722e-01	5.624731e-01	6.913744e-01	-8.087007e+01
3.48          	1.148261e+00	-1.109214e-02	-8.017858e+01	-4.008966e+01	4.078066e+01	-5.682807e-01	-3.951553e+01	4.066379e+01	-5.738268e-01	5.627346e-01	6.913728e-01	-8.086995e+01
3.49          	1.148777e+00	-1.149140e-02	-8.017847e+01	-4.008947e+01	4.078061e+01	-5.687418e-01	-3.951508e+01	4.066386e+01	-5.744875e-01	5.629961e-01	6.913736e-01	-8.086984e+01
3.5           	1.149295e+00	-1.189274e-02	-8.017836e+01	-4.008927e+01	4.078055e+01	-5.692041e-01	-3.951463e+01	4.066392e+01	-5.751505e-01	5.632577e-01	6.913772e-01	-8.086973e+01
3.51          	1.149817e+00	-1.229401e-02	-8.017824e+01	-4.008908e+01	4.078050e+01	-5.696663e-01	-3.951417e+01	4.066399e+01	-5.758133e-01	5.635193e-01	6.913839e-01	-8.086963e+01
3.52          	1.150341e+00	-1.269224e-02	-8.017813e+01	-4.008888e+01	4.078046e+01	-5.701263e-01	-3.951371e+01	4.066405e+01	-5.764724e-01	5.637802e-01	6.913933e-01	-8.086952e+01
3.53          	1.150866e+00	-1.308507e-02	-8.017801e+01	-4.008869e+01	4.078041e+01	-5.705827e-01	-3.951326e+01	4.066412e+01	-5.771252e-01	5.640402e-01	6.914053e-01	-8.086942e+01
3.54          	1.151392e+00	-1.347280e-02	-8.017790e+01	-4.008849e+01	4.078037e+01	-5.710360e-01	-3.951280e+01	4.066419e+01	-5.777724e-01	5.642996e-01	6.914196e-01	-8.086932e+01
3.55          	1.151919e+00	-1.385758e-02	-8.017778e+01	-4.008830e+01	4.078033e+01	-5.714876e-01	-3.951234e+01	4.066426e+01	-5.784164e-01	5.645588e-01	6.914362e-01	-8.086922e+01
3.56          	1.152447e+00	-1.424118e-02	-8.017767e+01	-4.008811e+01	4.078029e+01	-5.719391e-01	-3.951188e+01	4.066433e+01	-5.790597e-01	5.648185e-01	6.914549e-01	-8.086912e+01
3.57          	1.152975e+00	-1.462447e-02	-8.017755e+01	-4.008791e+01	4.078025e+01	-5.723917e-01	-3.951143e+01	4.066440e+01	-5.797039e-01	5.650795e-01	6.914759e-01	-8.086903e+01
3.58          	1.153505e+00	-1.500867e-02	-8.017743e+01	-4.008772e+01	4.078022e+01	-5.728464e-01	-3.951097e+01	4.066447e+01	-5.803507e-01	5.653421e-01	6.914994e-01	-8.086893e+01
3.59          	1.154038e+00	-1.539475e-02	-8.017731e+01	-4.008752e+01	4.078018e+01	-5.733042e-01	-3.951050e+01	4.066454e+01	-5.810016e-01	5.656069e-01	6.915258e-01	-8.086884e+01
3.6           	1.154574e+00	-1.578233e-02	-8.017719e+01	-4.008732e+01	4.078015e+01	-5.737654e-01	-3.951004e+01	4.066461e+01	-5.816565e-01	5.658742e-01	6.915557e-01	-8.086875e+01
3.61          	1.155114e+00	-1.617090e-02	-8.017707e+01	-4.008712e+01	4.078013e+01	-5.742286e-01	-3.950957e+01	4.066468e+01	-5.823141e-01	5.661432e-01	6.915889e-01	-8.086866e+01
3.62          	1.155657e+00	-1.656117e-02	-8.017695e+01	-4.008692e+01	4.078010e+01	-5.746935e-01	-3.950910e+01	4.066475e+01	-5.829740e-01	5.664129e-01	6.916250e-01	-8.086858e+01
3.63          	1.156201e+00	-1.695231e-02	-8.017683e+01	-4.008672e+01	4.078008e+01	-5.751585e-01	-3.950862e+01	4.066482e+01	-5.836347e-01	5.666824e-01	6.916638e-01	-8.086849e+01
3.64          	1.156745e+00	-1.734427e-02	-8.017670e+01	-4.008652e+01	4.078006e+01	-5.756228e-01	-3.950814e+01	4.066489e+01	-5.842950e-01	5.669507e-01	6.917048e-01	-8.086841e+01
3.65          	1.157288e+00	-1.773712e-02	-8.017658e+01	-4.008631e+01	4.078004e+01	-5.760857e-01	-3.950767e+01	4.066496e+01	-5.849543e-01	5.672171e-01	6.917474e-01	-8.086832e+01
3.66          	1.157831e+00	-1.812924e-02	-8.017645e+01	-4.008611e+01	4.078002e+01	-5.765472e-01	-3.950719e+01	4.066502e+01	-5.856118e-01	5.674826e-01	6.917919e-01	-8.086824e+01
3.67          	1.158375e+00	-1.851847e-02	-8.017632e+01	-4.008590e+01	4.078000e+01	-5.770069e-01	-3.950671e+01	4.066509e+01	-5.862661e-01	5.677477e-01	6.918388e-01	-8.086816e+01
3.68          	1.158921e+00	-1.890419e-02	-8.017619e+01	-4.008569e+01	4.077999e+01	-5.774649e-01	-3.950623e+01	4.066515e+01	-5.869170e-01	5.680128e-01	6.918882e-01	-8.086808e+01
3.69          	1.159471e+00	-1.928723e-02	-8.017606e+01	-4.008549e+01	4.077997e+01	-5.779235e-01	-3.950575e+01	4.066522e+01	-5.875671e-01	5.682799e-01	6.919409e-01	-8.086800e+01
3.7           	1.160028e+00	-1.966887e-02	-8.017593e+01	-4.008528e+01	4.077996e+01	-5.783835e-01	-3.950527e+01	4.066529e+01	-5.882180e-01	5.685491e-01	6.919973e-01	-8.086793e+01
3.71          	1.160588e+00	-2.005041e-02	-8.017580e+01	-4.008507e+01	4.077995e+01	-5.788449e-01	-3.950478e+01	4.066536e+01	-5.888701e-01	5.688197e-01	6.920570e-01	-8.086785e+01
3.72          	1.161152e+00	-2.043225e-02	-8.017566e+01	-4.008486e+01	4.077995e+01	-5.793072e-01	-3.950428e+01	4.066543e+01	-5.895234e-01	5.690911e-01	6.921195e-01	-8.086778e+01
3.73          	1.161717e+00	-2.081316e-02	-8.017552e+01	-4.008465e+01	4.077994e+01	-5.797689e-01	-3.950379e+01	4.066550e+01	-5.901755e-01	5.693623e-01	6.921844e-01	-8.086770e+01
3.74          	1.162282e+00	-2.119134e-02	-8.017538e+01	-4.008443e+01	4.077994e+01	-5.802279e-01	-3.950329e+01	4.066557e+01	-5.908236e-01	5.696322e-01	6.922507e-01	-8.086763e+01
3.75          	1.162846e+00	-2.156615e-02	-8.017524e+01	-4.008422e+01	4.077994e+01	-5.806836e-01	-3.950280e+01	4.066564e+01	-5.914666e-01	5.699005e-01	6.923183e-01	-8.086756e+01
3.76          	1.163406e+00	-2.193841e-02	-8.017510e+01	-4.008401e+01	4.077994e+01	-5.811356e-01	-3.950230e+01	4.066571e+01	-5.921048e-01	5.701664e-01	6.923866e-01	-8.086749e+01
3.77          	1.163962e+00	-2.230989e-02	-8.017496e+01	-4.008379e+01	4.077993e+01	-5.815849e-01	-3.950181e+01	4.066577e+01	-5.927398e-01	5.704299e-01	6.924552e-01	-8.086741e+01
3.78          	1.164516e+00	-2.268078e-02	-8.017482e+01	-4.008358e+01	4.077993e+01	-5.820320e-01	-3.950132e+01	4.066583e+01	-5.933724e-01	5.706916e-01	6.925247e-01	-8.086734e+01
3.79          	1.165068e+00	-2.305200e-02	-8.017467e+01	-4.008336e+01	4.077993e+01	-5.824782e-01	-3.950083e+01	4.066590e+01	-5.940041e-01	5.709522e-01	6.925952e-01	-8.086727e+01
3.8           	1.165620e+00	-2.342498e-02	-8.017453e+01	-4.008314e+01	4.077993e+01	-5.829244e-01	-3.950033e+01	4.066595e+01	-5.946368e-01	5.712119e-01	6.926672e-01	-8.086720e+01
3.81          	1.166173e+00	-2.379970e-02	-8.017439e+01	-4.008293e+01	4.077993e+01	-5.833717e-01	-3.949984e+01	4.066601e+01	-5.952715e-01	5.714718e-01	6.927414e-01	-8.086713e+01
3.82          	1.166729e+00	-2.417587e-02	-8.017424e+01	-4.008271e+01	4.077994e+01	-5.838201e-01	-3.949934e+01	4.066607e+01	-5.959080e-01	5.717321e-01	6.928179e-01	-8.086706e+01
3.83          	1.167287e+00	-2.455223e-02	-8.017410e+01	-4.008249e+01	4.077994e+01	-5.842686e-01	-3.949884e+01	4.066613e+01	-5.965447e-01	5.719925e-01	6.928966e-01	-8.086699e+01
3.84          	1.167844e+00	-2.492820e-02	-8.017395e+01	-4.008226e+01	4.077995e+01	-5.847162e-01	-3.949834e+01	4.066619e+01	-5.971803e-01	5.722521e-01	6.929767e-01	-8.086693e+01
3.85          	1.168400e+00	-2.530315e-02	-8.017380e+01	-4.008204e+01	4.077996e+01	-5.851616e-01	-3.949784e+01	4.066624e+01	-5.978132e-01	5.725100e-01	6.930578e-01	-8.086686e+01
3.86          	1.168953e+00	-2.567676e-02	-8.017365e+01	-4.008182e+01	4.077997e+01	-5.856044e-01	-3.949734e+01	4.066630e+01	-5.984427e-01	5.727660e-01	6.931395e-01	-8.086679e+01
3.87          	1.169504e+00	-2.604824e-02	-8.017350e+01	-4.008160e+01	4.077997e+01	-5.860444e-01	-3.949684e+01	4.066635e+01	-5.990685e-01	5.730203e-01	6.932220e-01	-8.086672e+01
3.88          	1.170053e+00	-2.641621e-02	-8.017335e+01	-4.008137e+01	4.077998e+01	-5.864814e-01	-3.949634e+01	4.066640e+01	-5.996895e-01	5.732733e-01	6.933055e-01	-8.086666e+01
3.89          	1.170602e+00	-2.678067e-02	-8.017320e+01	-4.008115e+01	4.077999e+01	-5.869155e-01	-3.949585e+01	4.066645e+01	-6.003058e-01	5.735252e-01	6.933900e-01	-8.086659e+01
3.9           	1.171150e+00	-2.714133e-02	-8.017305e+01	-4.008092e+01	4.078000e+01	-5.873472e-01	-3.949535e+01	4.066650e+01	-6.009178e-01	5.737765e-01	6.934761e-01	-8.086652e+01
3.91          	1.171701e+00	-2.749777e-02	-8.017289e+01	-4.008070e+01	4.078001e+01	-5.877769e-01	-3.949485e+01	4.066655e+01	-6.015258e-01	5.740280e-01	6.935642e-01	-8.086646e+01
3.92          	1.172253e+00	-2.784961e-02	-8.017274e+01	-4.008048e+01	4.078002e+01	-5.882049e-01	-3.949435e+01	4.066661e+01	-6.021297e-01	5.742801e-01	6.936543e-01	-8.086639e+01
3.93          	1.172808e+00	-2.819652e-02	-8.017258e+01	-4.008026e+01	4.078004e+01	-5.886309e-01	-3.949385e+01	4.066666e+01	-6.027291e-01	5.745326e-01	6.937467e-01	-8.086633e+01
3.94          	1.173364e+00	-2.853992e-02	-8.017242e+01	-4.008004e+01	4.078005e+01	-5.890548e-01	-3.949335e+01	4.066672e+01	-6.033248e-01	5.747849e-01	6.938408e-01	-8.086626e+01
3.95          	1.173919e+00	-2.888171e-02	-8.017227e+01	-4.007981e+01	4.078007e+01	-5.894769e-01	-3.949285e+01	4.066677e+01	-6.039178e-01	5.750361e-01	6.939363e-01	-8.086620e+01
3.96          	1.174473e+00	-2.922336e-02	-8.017211e+01	-4.007959e+01	4.078009e+01	-5.898972e-01	-3.949235e+01	4.066683e+01	-6.045089e-01	5.752855e-01	6.940327e-01	-8.086614e+01
3.97          	1.175024e+00	-2.956548e-02	-8.017195e+01	-4.007937e+01	4.078010e+01	-5.903161e-01	-3.949186e+01	4.066688e+01	-6.050989e-01	5.755334e-01	6.941297e-01	-8.086608e+01
3.98          	1.175574e+00	-2.990737e-02	-8.017179e+01	-4.007914e+01	4.078012e+01	-5.907323e-01	-3.949136e+01	4.066693e+01	-6.056860e-01	5.757786e-01	6.942274e-01	-8.086602e+01
3.99          	1.176121e+00	-3.024790e-02	-8.017163e+01	-4.007892e+01	4.078014e+01	-5.911463e-01	-3.949086e+01	4.066698e+01	-6.062703e-01	5.760224e-01	6.943259e-01	-8.086595e+01
4             	1.176669e+00	-3.058522e-02	-8.017147e+01	-4.007869e+01	4.078016e+01	-5.915580e-01	-3.949036e+01	4.066703e+01	-6.068506e-01	5.762654e-01	6.944257e-01	-8.086589e+01
4.01          	1.177217e+00	-3.091904e-02	-8.017131e+01	-4.007847e+01	4.078018e+01	-5.919679e-01	-3.948986e+01	4.066708e+01	-6.074274e-01	5.765084e-01	6.945270e-01	-8.086583e+01
4.02          	1.177767e+00	-3.125102e-02	-8.017114e+01	-4.007825e+01	4.078020e+01	-5.923771e-01	-3.948936e+01	4.066713e+01	-6.080026e-01	5.767516e-01	6.946297e-01	-8.086577e+01
4.03          	1.178317e+00	-3.158220e-02	-8.017098e+01	-4.007802e+01	4.078022e+01	-5.927859e-01	-3.948886e+01	4.066718e+01	-6.085770e-01	5.769948e-01	6.947336e-01	-8.086571e+01
4.04          	1.178867e+00	-3.191274e-02	-8.017082e+01	-4.007780e+01	4.078025e+01	-5.931941e-01	-3.948836e+01	4.066723e+01	-6.091505e-01	5.772378e-01	6.948389e-01	-8.086565e+01
4.05          	1.179417e+00	-3.224318e-02	-8.017065e+01	-4.007757e+01	4.078027e+01	-5.936016e-01	-3.948786e+01	4.066728e+01	-6.097232e-01	5.774801e-01	6.949452e-01	-8.086559e+01
4.06          	1.179964e+00	-3.257274e-02	-8.017048e+01	-4.007734e+01	4.078029e+01	-5.940068e-01	-3.948736e+01	4.066733e+01	-6.102932e-01	5.777205e-01	6.950518e-01	-8.086553e+01
4.07          	1.180507e+00	-3.290019e-02	-8.017031e+01	-4.007712e+01	4.078031e+01	-5.944082e-01	-3.948686e+01	4.066737e+01	-6.108582e-01	5.779581e-01	6.951582e-01	-8.086547e+01
4.08          	1.181046e+00	-3.322602e-02	-8.017014e+01	-4.007689e+01	4.078034e+01	-5.948062e-01	-3.948637e+01	4.066741e+01	-6.114192e-01	5.781932e-01	6.952646e-01	-8.086541e+01
4.09          	1.181583e+00	-3.355046e-02	-8.016997e+01	-4.007666e+01	4.078036e+01	-5.952020e-01	-3.948587e+01	4.066745e+01	-6.119772e-01	5.784267e-01	6.953712e-01	-8.086534e+01
4.1           	1.182117e+00	-3.387353e-02	-8.016980e+01	-4.007643e+01	4.078038e+01	-5.955960e-01	-3.948538e+01	4.066749e+01	-6.125328e-01	5.786593e-01	6.954783e-01	-8.086528e+01
4.11          	1.182650e+00	-3.419509e-02	-8.016963e+01	-4.007621e+01	4.078040e+01	-5.959888e-01	-3.948488e+01	4.066753e+01	-6.130864e-01	5.788913e-01	6.955861e-01	-8.086521e+01
4.12          	1.183183e+00	-3.451452e-02	-8.016945e+01	-4.007598e+01	4.078042e+01	-5.963803e-01	-3.948439e+01	4.066757e+01	-6.136376e-01	5.791231e-01	6.956949e-01	-8.086515e+01
4.13          	1.183718e+00	-3.483075e-02	-8.016928e+01	-4.007575e+01	4.078045e+01	-5.967716e-01	-3.948389e+01	4.066761e+01	-6.141870e-01	5.793563e-01	6.958056e-01	-8.086509e+01
4.14          	1.184256e+00	-3.514280e-02	-8.016911e+01	-4.007553e+01	4.078047e+01	-5.971614e-01	-3.948340e+01	4.066765e+01	-6.147328e-01	5.795900e-01	6.959182e-01	-8.086502e+01
4.15          	1.184795e+00	-3.545130e-02	-8.016893e+01	-4.007530e+01	4.078050e+01	-5.975497e-01	-3.948290e+01	4.066770e+01	-6.152753e-01	5.798240e-01	6.960323e-01	-8.086496e+01
4.16          	1.185334e+00	-3.575776e-02	-8.016875e+01	-4.007507e+01	4.078052e+01	-5.979360e-01	-3.948241e+01	4.066774e+01	-6.158149e-01	5.800571e-01	6.961475e-01	-8.086490e+01
4.17          	1.185872e+00	-3.606454e-02	-8.016858e+01	-4.007485e+01	4.078055e+01	-5.983215e-01	-3.948191e+01	4.066778e+01	-6.163538e-01	5.802893e-01	6.962634e-01	-8.086484e+01
4.18          	1.186409e+00	-3.637412e-02	-8.016840e+01	-4.007462e+01	4.078058e+01	-5.987077e-01	-3.948141e+01	4.066782e+01	-6.168948e-01	5.805207e-01	6.963800e-01	-8.086478e+01
4.19          	1.186945e+00	-3.668735e-02	-8.016822e+01	-4.007439e+01	4.078061e+01	-5.990952e-01	-3.948091e+01	4.066786e+01	-6.174389e-01	5.807515e-01	6.964971e-01	-8.086471e+01
4.2           	1.187479e+00	-3.700476e-02	-8.016804e+01	-4.007415e+01	4.078063e+01	-5.994844e-01	-3.948042e+01	4.066789e+01	-6.179868e-01	5.809821e-01	6.966148e-01	-8.086465e+01
4.21          	1.188013e+00	-3.732578e-02	-8.016785e+01	-4.007392e+01	4.078066e+01	-5.998753e-01	-3.947991e+01	4.066793e+01	-6.185381e-01	5.812124e-01	6.967332e-01	-8.086459e+01
4.22          	1.188545e+00	-3.764871e-02	-8.016767e+01	-4.007368e+01	4.078069e+01	-6.002669e-01	-3.947941e+01	4.066796e+01	-6.190912e-01	5.814425e-01	6.968522e-01	-8.086452e+01
4.23          	1.189077e+00	-3.797215e-02	-8.016749e+01	-4.007345e+01	4.078072e+01	-6.006585e-01	-3.947891e+01	4.066799e+01	-6.196446e-01	5.816725e-01	6.969720e-01	-8.086446e+01
4.24          	1.189609e+00	-3.829524e-02	-8.016730e+01	-4.007321e+01	4.078075e+01	-6.010499e-01	-3.947841e+01	4.066802e+01	-6.201975e-01	5.819023e-01	6.970926e-01	-8.086440e+01
4.25          	1.190141e+00	-3.861702e-02	-8.016712e+01	-4.007297e+01	4.078077e+01	-6.014408e-01	-3.947790e+01	4.066804e+01	-6.207493e-01	5.821323e-01	6.972143e-01	-8.086433e+01
4.26          	1.190674e+00	-3.893707e-02	-8.016693e+01	-4.007274e+01	4.078080e+01	-6.018309e-01	-3.947740e+01	4.066807e+01	-6.212995e-01	5.823624e-01	6.973370e-01	-8.086427e+01
4.27          	1.191206e+00	-3.925458e-02	-8.016675e+01	-4.007250e+01	4.078083e+01	-6.022194e-01	-3.947690e+01	4.066810e+01	-6.218467e-01	5.825921e-01	6.974604e-01	-8.086421e+01
4.28          	1.191737e+00	-3.956891e-02	-8.016656e+01	-4.007226e+01	4.078086e+01	-6.026058e-01	-3.947639e+01	4.066813e+01	-6.223902e-01	5.828213e-01	6.975845e-01	-8.086414e+01
4.29          	1.192268e+00	-3.987987e-02	-8.016637e+01	-4.007203e+01	4.078089e+01	-6.029902e-01	-3.947589e+01	4.066816e+01	-6.229301e-01	5.830502e-01	6.977093e-01	-8.086408e+01
4.3           	1.192799e+00	-4.018720e-02	-8.016618e+01	-4.007179e+01	4.078093e+01	-6.033727e-01	-3.947539e+01	4.066819e+01	-6.234663e-01	5.832791e-01	6.978351e-01	-8.086402e+01
4.31          	1.193330e+00	-4.049114e-02	-8.016599e+01	-4.007156e+01	4.078096e+01	-6.037537e-01	-3.947489e+01	4.066822e+01	-6.239993e-01	5.835081e-01	6.979617e-01	-8.086395e+01
4.32          	1.193861e+00	-4.079161e-02	-8.016580e+01	-4.007132e+01	4.078099e+01	-6.041335e-01	-3.947439e+01	4.066825e+01	-6.245293e-01	5.837376e-01	6.980895e-01	-8.086388e+01
4.33          	1.194394e+00	-4.108860e-02	-8.016560e+01	-4.007109e+01	4.078102e+01	-6.045122e-01	-3.947389e+01	4.066828e+01	-6.250565e-01	5.839679e-01	6.982184e-01	-8.086382e+01
4.34          	1.194927e+00	-4.138294e-02	-8.016541e+01	-4.007085e+01	4.078105e+01	-6.048903e-01	-3.947339e+01	4.066832e+01	-6.255817e-01	5.841988e-01	6.983483e-01	-8.086375e+01
4.35          	1.195460e+00	-4.167654e-02	-8.016521e+01	-4.007062e+01	4.078108e+01	-6.052683e-01	-3.947289e+01	4.066835e+01	-6.261066e-01	5.844301e-01	6.984789e-01	-8.086369e+01
4.36          	1.195992e+00	-4.197096e-02	-8.016501e+01	-4.007038e+01	4.078112e+01	-6.056469e-01	-3.947239e+01	4.066838e+01	-6.266324e-01	5.846614e-01	6.986099e-01	-8.086362e+01
4.37          	1.196523e+00	-4.226762e-02	-8.016481e+01	-4.007015e+01	4.078115e+01	-6.060261e-01	-3.947189e+01	4.066841e+01	-6.271599e-01	5.848923e-01	6.987411e-01	-8.086356e+01
4.38          	1.197050e+00	-4.256704e-02	-8.016462e+01	-4.006991e+01	4.078118e+01	-6.064053e-01	-3.947138e+01	4.066843e+01	-6.276888e-01	5.851218e-01	6.988718e-01	-8.086349e+01
4.39          	1.197574e+00	-4.286833e-02	-8.016441e+01	-4.006967e+01	4.078121e+01	-6.067836e-01	-3.947088e+01	4.066846e+01	-6.282178e-01	5.853494e-01	6.990019e-01	-8.086342e+01
4.4           	1.198094e+00	-4.316886e-02	-8.016421e+01	-4.006943e+01	4.078124e+01	-6.071598e-01	-3.947038e+01	4.066848e+01	-6.287443e-01	5.855754e-01	6.991315e-01	-8.086334e+01
4.41          	1.198611e+00	-4.346654e-02	-8.016401e+01	-4.006919e+01	4.078127e+01	-6.075332e-01	-3.946989e+01	4.066850e+01	-6.292665e-01	5.857999e-01	6.992609e-01	-8.086327e+01
4.42          	1.199127e+00	-4.376093e-02	-8.016380e+01	-4.006895e+01	4.078129e+01	-6.079038e-01	-3.946939e+01	4.066852e+01	-6.297843e-01	5.860234e-01	6.993902e-01	-8.086320e+01
4.43          	1.199640e+00	-4.405199e-02	-8.016360e+01	-4.006872e+01	4.078132e+01	-6.082719e-01	-3.946890e+01	4.066854e+01	-6.302979e-01	5.862459e-01	6.995196e-01	-8.086312e+01
4.44          	1.200152e+00	-4.434044e-02	-8.016339e+01	-4.006848e+01	4.078135e+01	-6.086381e-01	-3.946840e+01	4.066855e+01	-6.308083e-01	5.864678e-01	6.996492e-01	-8.086304e+01
4.45          	1.200662e+00	-4.462823e-02	-8.016319e+01	-4.006824e+01	4.078137e+01	-6.090035e-01	-3.946791e+01	4.066857e+01	-6.313177e-01	5.866894e-01	6.997791e-01	-8.086296e+01
4.46          	1.201171e+00	-4.491604e-02	-8.016298e+01	-4.006800e+01	4.078140e+01	-6.093687e-01	-3.946741e+01	4.066859e+01	-6.318268e-01	5.869107e-01	6.999094e-01	-8.086289e+01
4.47          	1.201679e+00	-4.520365e-02	-8.016277e+01	-4.006776e+01	4.078142e+01	-6.097332e-01	-3.946692e+01	4.066860e+01	-6.323351e-01	5.871314e-01	7.000397e-01	-8.086281e+01
4.48          	1.202185e+00	-4.548971e-02	-8.016256e+01	-4.006752e+01	4.078145e+01	-6.100966e-01	-3.946643e+01	4.066861e+01	-6.328414e-01	5.873517e-01	7.001703e-01	-8.086273e+01
4.49          	1.202692e+00	-4.577225e-02	-8.016234e+01	-4.006728e+01	4.078147e+01	-6.104582e-01	-3.946594e+01	4.066863e+01	-6.333444e-01	5.875721e-01	7.003015e-01	-8.086265e+01
4.5           	1.203199e+00	-4.604939e-02	-8.016213e+01	-4.006705e+01	4.078150e+01	-6.108177e-01	-3.946545e+01	4.066864e+01	-6.338424e-01	5.877930e-01	7.004335e-01	-8.086256e+01
4.51          	1.203707e+00	-4.632084e-02	-8.016192e+01	-4.006681e+01	4.078152e+01	-6.111752e-01	-3.946495e+01	4.066866e+01	-6.343356e-01	5.880148e-01	7.005665e-01	-8.086248e+01
4.52          	1.204217e+00	-4.658691e-02	-8.016170e+01	-4.006657e+01	4.078155e+01	-6.115306e-01	-3.946446e+01	4.066868e+01	-6.348241e-01	5.882372e-01	7.007004e-01	-8.086240e+01
4.53          	1.204726e+00	-4.684841e-02	-8.016148e+01	-4.006634e+01	4.078158e+01	-6.118841e-01	-3.946397e+01	4.066870e+01	-6.353083e-01	5.884599e-01	7.008347e-01	-8.086232e+01
4.54          	1.205235e+00	-4.710628e-02	-8.016126e+01	-4.006610e+01	4.078160e+01	-6.122354e-01	-3.946348e+01	4.066872e+01	-6.357885e-01	5.886822e-01	7.009691e-01	-8.086223e+01
4.55          	1.205740e+00	-4.736200e-02	-8.016104e+01	-4.006586e+01	4.078162e+01	-6.125845e-01	-3.946299e+01	4.066874e+01	-6.362655e-01	5.889035e-01	7.011031e-01	-8.086214e+01
4.56          	1.206243e+00	-4.761654e-02	-8.016082e+01	-4.006563e+01	4.078164e+01	-6.129316e-01	-3.946251e+01	4.066875e+01	-6.367399e-01	5.891234e-01	7.012363e-01	-8.086205e+01
4.57          	1.206740e+00	-4.787059e-02	-8.016059e+01	-4.006539e+01	4.078166e+01	-6.132768e-01	-3.946202e+01	4.066876e+01	-6.372121e-01	5.893415e-01	7.013687e-01	-8.086196e+01
4.58          	1.207234e+00	-4.812459e-02	-8.016036e+01	-4.006516e+01	4.078168e+01	-6.136203e-01	-3.946154e+01	4.066877e+01	-6.376826e-01	5.895580e-01	7.015003e-01	-8.086187e+01
4.59          	1.207725e+00	-4.837860e-02	-8.016014e+01	-4.006492e+01	4.078170e+01	-6.139623e-01	-3.946106e+01	4.066878e+01	-6.381516e-01	5.897730e-01	7.016311e-01	-8.086177e+01
4.6           	1.208212e+00	-4.863242e-02	-8.015991e+01	-4.006468e+01	4.078172e+01	-6.143031e-01	-3.946057e+01	4.066879e+01	-6.386193e-01	5.899868e-01	7.017613e-01	-8.086167e+01
4.61          	1.208697e+00	-4.888564e-02	-8.015968e+01	-4.006444e+01	4.078173e+01	-6.146428e-01	-3.946009e+01	4.066879e+01	-6.390857e-01	5.902000e-01	7.018913e-01	-8.086157e+01
4.62          	1.209181e+00	-4.913729e-02	-8.015945e+01	-4.006420e+01	4.078175e+01	-6.149816e-01	-3.945961e+01	4.066879e+01	-6.395502e-01	5.904129e-01	7.020214e-01	-8.086147e+01
4.63          	1.209666e+00	-4.938641e-02	-8.015922e+01	-4.006397e+01	4.078176e+01	-6.153193e-01	-3.945913e+01	4.066880e+01	-6.400125e-01	5.906260e-01	7.021519e-01	-8.086137e+01
4.64          	1.210151e+00	-4.963251e-02	-8.015899e+01	-4.006373e+01	4.078178e+01	-6.156558e-01	-3.945865e+01	4.066880e+01	-6.404721e-01	5.908396e-01	7.022829e-01	-8.086127e+01
4.65          	1.210636e+00	-4.987557e-02	-8.015876e+01	-4.006349e+01	4.078179e+01	-6.159913e-01	-3.945817e+01	4.066881e+01	-6.409291e-01	5.910535e-01	7.024147e-01	-8.086117e+01
4.66          	1.211123e+00	-5.011534e-02	-8.015852e+01	-4.006326e+01	4.078181e+01	-6.163256e-01	-3.945769e+01	4.066882e+01	-6.413833e-01	5.912680e-01	7.025471e-01	-8.086107e+01
4.67          	1.211610e+00	-5.035161e-02	-8.015829e+01	-4.006302e+01	4.078182e+01	-6.166583e-01	-3.945721e+01	4.066882e+01	-6.418341e-01	5.914825e-01	7.026800e-01	-8.086097e+01
4.68          	1.212096e+00	-5.058422e-02	-8.015805e+01	-4.006278e+01	4.078184e+01	-6.169886e-01	-3.945674e+01	4.066883e+01	-6.422807e-01	5.916965e-01	7.028129e-01	-8.086087e+01
4.69          	1.212580e+00	-5.081344e-02	-8.015782e+01	-4.006255e+01	4.078185e+01	-6.173165e-01	-3.945626e+01	4.066884e+01	-6.427232e-01	5.919098e-01	7.029455e-01	-8.086076e+01
4.7           	1.213061e+00	-5.103982e-02	-8.015758e+01	-4.006232e+01	4.078187e+01	-6.176420e-01	-3.945579e+01	4.066885e+01	-6.431619e-01	5.921221e-01	7.030776e-01	-8.086066e+01
4.71          	1.213540e+00	-5.126434e-02	-8.015734e+01	-4.006208e+01	4.078188e+01	-6.179654e-01	-3.945531e+01	4.066885e+01	-6.435976e-01	5.923333e-01	7.032089e-01	-8.086055e+01
4.72          	1.214015e+00	-5.148775e-02	-8.015710e+01	-4.006185e+01	4.078189e+01	-6.182873e-01	-3.945484e+01	4.066886e+01	-6.440311e-01	5.925434e-01	7.033395e-01	-8.086044e+01
4.73          	1.214488e+00	-5.171068e-02	-8.015687e+01	-4.006162e+01	4.078190e+01	-6.186079e-01	-3.945437e+01	4.066886e+01	-6.444633e-01	5.927526e-01	7.034694e-01	-8.086033e+01
4.74          	1.214958e+00	-5.193305e-02	-8.015663e+01	-4.006138e+01	4.078191e+01	-6.189278e-01	-3.945390e+01	4.066886e+01	-6.448943e-01	5.929612e-01	7.035990e-01	-8.086023e+01
4.75          	1.215427e+00	-5.215475e-02	-8.015639e+01	-4.006115e+01	4.078192e+01	-6.192467e-01	-3.945344e+01	4.066886e+01	-6.453241e-01	5.931694e-01	7.037282e-01	-8.086011e+01
4.76          	1.215895e+00	-5.237549e-02	-8.015615e+01	-4.006092e+01	4.078193e+01	-6.195649e-01	-3.945297e+01	4.066886e+01	-6.457526e-01	5.933771e-01	7.038571e-01	-8.086000e+01
4.77          	1.216361e+00	-5.259503e-02	-8.015591e+01	-4.006068e+01	4.078194e+01	-6.198822e-01	-3.945250e+01	4.066886e+01	-6.461797e-01	5.935847e-01	7.039858e-01	-8.085989e+01
4.78          	1.216826e+00	-5.281260e-02	-8.015566e+01	-4.006045e+01	4.078195e+01	-6.201984e-01	-3.945204e+01	4.066886e+01	-6.466047e-01	5.937921e-01	7.041144e-01	-8.085978e+01
4.79          	1.217290e+00	-5.302791e-02	-8.015542e+01	-4.006022e+01	4.078195e+01	-6.205133e-01	-3.945157e+01	4.066886e+01	-6.470273e-01	5.939993e-01	7.042429e-01	-8.085967e+01
4.8           	1.217754e+00	-5.324080e-02	-8.015518e+01	-4.005998e+01	4.078196e+01	-6.208270e-01	-3.945111e+01	4.066886e+01	-6.474474e-01	5.942066e-01	7.043715e-01	-8.085955e+01
4.81          	1.218218e+00	-5.345097e-02	-8.015494e+01	-4.005975e+01	4.078197e+01	-6.211394e-01	-3.945064e+01	4.066886e+01	-6.478649e-01	5.944139e-01	7.045001e-01	-8.085944e+01
4.82          	1.218681e+00	-5.365813e-02	-8.015470e+01	-4.005952e+01	4.078198e+01	-6.214506e-01	-3.945018e+01	4.066886e+01	-6.482796e-01	5.946215e-01	7.046288e-01	-8.085933e+01
4.83          	1.219143e+00	-5.386280e-02	-8.015446e+01	-4.005929e+01	4.078199e+01	-6.217606e-01	-3.944972e+01	4.066886e+01	-6.486920e-01	5.948292e-01	7.047574e-01	-8.085921e+01
4.84          	1.219603e+00	-5.406578e-02	-8.015421e+01	-4.005906e+01	4.078199e+01	-6.220695e-01	-3.944926e+01	4.066886e+01	-6.491024e-01	5.950366e-01	7.048858e-01	-8.085910e+01
4.85          	1.220062e+00	-5.426737e-02	-8.015397e+01	-4.005883e+01	4.078200e+01	-6.223775e-01	-3.944880e+01	4.066886e+01	-6.495112e-01	5.952438e-01	7.050137e-01	-8.085899e+01
4.86          	1.220520e+00	-5.446664e-02	-8.015373e+01	-4.005860e+01	4.078201e+01	-6.226844e-01	-3.944834e+01	4.066886e+01	-6.499177e-01	5.954510e-01	7.051415e-01	-8.085887e+01
4.87          	1.220978e+00	-5.466259e-02	-8.015348e+01	-4.005838e+01	4.078201e+01	-6.229898e-01	-3.944789e+01	4.066887e+01	-6.503211e-01	5.956585e-01	7.052695e-01	-8.085875e+01
4.88          	1.221436e+00	-5.485501e-02	-8.015324e+01	-4.005815e+01	4.078202e+01	-6.232940e-01	-3.944743e+01	4.066887e+01	-6.507215e-01	5.958665e-01	7.053979e-01	-8.085864e+01
4.89          	1.221896e+00	-5.504448e-02	-8.015300e+01	-4.005792e+01	4.078202e+01	-6.235972e-01	-3.944698e+01	4.066887e+01	-6.511194e-01	5.960749e-01	7.055266e-01	-8.085852e+01
4.9           	1.222355e+00	-5.523142e-02	-8.015275e+01	-4.005770e+01	4.078203e+01	-6.238989e-01	-3.944652e+01	4.066888e+01	-6.515147e-01	5.962832e-01	7.056553e-01	-8.085841e+01
4.91          	1.222812e+00	-5.541593e-02	-8.015250e+01	-4.005747e+01	4.078204e+01	-6.241987e-01	-3.944607e+01	4.066888e+01	-6.519067e-01	5.964908e-01	7.057834e-01	-8.085829e+01
4.92          	1.223266e+00	-5.559807e-02	-8.015226e+01	-4.005725e+01	4.078204e+01	-6.244959e-01	-3.944562e+01	4.066888e+01	-6.522949e-01	5.966969e-01	7.059105e-01	-8.085817e+01
4.93          	1.223716e+00	-5.577823e-02	-8.015202e+01	-4.005703e+01	4.078204e+01	-6.247902e-01	-3.944517e+01	4.066888e+01	-6.526793e-01	5.969011e-01	7.060362e-01	-8.085805e+01
4.94          	1.224162e+00	-5.595670e-02	-8.015177e+01	-4.005680e+01	4.078205e+01	-6.250819e-01	-3.944472e+01	4.066888e+01	-6.530603e-01	5.971036e-01	7.061606e-01	-8.085793e+01
4.95          	1.224604e+00	-5.613384e-02	-8.015153e+01	-4.005658e+01	4.078205e+01	-6.253715e-01	-3.944428e+01	4.066888e+01	-6.534385e-01	5.973046e-01	7.062838e-01	-8.085781e+01
4.96          	1.225044e+00	-5.630935e-02	-8.015129e+01	-4.005636e+01	4.078205e+01	-6.256593e-01	-3.944384e+01	4.066888e+01	-6.538140e-01	5.975046e-01	7.064061e-01	-8.085769e+01
4.97          	1.225482e+00	-5.648308e-02	-8.015105e+01	-4.005614e+01	4.078205e+01	-6.259455e-01	-3.944340e+01	4.066888e+01	-6.541870e-01	5.977039e-01	7.065279e-01	-8.085758e+01
4.98          	1.225918e+00	-5.665449e-02	-8.015081e+01	-4.005592e+01	4.078205e+01	-6.262304e-01	-3.944297e+01	4.066888e+01	-6.545576e-01	5.979032e-01	7.066495e-01	-8.085746e+01
4.99          	1.226353e+00	-5.682369e-02	-8.015057e+01	-4.005571e+01	4.078205e+01	-6.265135e-01	-3.944253e+01	4.066888e+01	-6.549253e-01	5.981016e-01	7.067707e-01	-8.085734e+01
5             	1.226787e+00	-5.699025e-02	-8.015033e+01	-4.005549e+01	4.078205e+01	-6.267947e-01	-3.944210e+01	4.066888e+01	-6.552898e-01	5.982996e-01	7.068918e-01	-8.085722e+01
5.01          	1.227220e+00	-5.715428e-02	-8.015009e+01	-4.005527e+01	4.078206e+01	-6.270742e-01	-3.944166e+01	4.066888e+01	-6.556513e-01	5.984970e-01	7.070126e-01	-8.085710e+01
5.02          	1.227652e+00	-5.731608e-02	-8.014985e+01	-4.005506e+01	4.078206e+01	-6.273522e-01	-3.944123e+01	4.066889e+01	-6.560103e-01	5.986942e-01	7.071332e-01	-8.085698e+01
5.03          	1.228084e+00	-5.747599e-02	-8.014961e+01	-4.005485e+01	4.078206e+01	-6.276293e-01	-3.944080e+01	4.066889e+01	-6.563673e-01	5.988913e-01	7.072536e-01	-8.085686e+01
5.04          	1.228514e+00	-5.763415e-02	-8.014937e+01	-4.005463e+01	4.078206e+01	-6.279049e-01	-3.944038e+01	4.066889e+01	-6.567220e-01	5.990879e-01	7.073736e-01	-8.085674e+01
5.05          	1.228942e+00	-5.779018e-02	-8.014913e+01	-4.005442e+01	4.078206e+01	-6.281791e-01	-3.943995e+01	4.066889e+01	-6.570742e-01	5.992840e-01	7.074930e-01	-8.085663e+01
5.06          	1.229369e+00	-5.794403e-02	-8.014890e+01	-4.005421e+01	4.078206e+01	-6.284519e-01	-3.943953e+01	4.066889e+01	-6.574239e-01	5.994799e-01	7.076117e-01	-8.085651e+01
5.07          	1.229792e+00	-5.809630e-02	-8.014866e+01	-4.005400e+01	4.078206e+01	-6.287230e-01	-3.943910e+01	4.066890e+01	-6.577711e-01	5.996748e-01	7.077294e-01	-8.085639e+01
5.08          	1.230214e+00	-5.824707e-02	-8.014843e+01	-4.005379e+01	4.078206e+01	-6.289927e-01	-3.943868e+01	4.066890e+01	-6.581162e-01	5.998691e-01	7.078464e-01	-8.085627e+01
5.09          	1.230633e+00	-5.839635e-02	-8.014819e+01	-4.005358e+01	4.078206e+01	-6.292611e-01	-3.943827e+01	4.066890e+01	-6.584593e-01	6.000629e-01	7.079625e-01	-8.085615e+01
5.1           	1.231049e+00	-5.854413e-02	-8.014796e+01	-4.005337e+01	4.078206e+01	-6.295274e-01	-3.943785e+01	4.066890e+01	-6.587995e-01	6.002554e-01	7.080777e-01	-8.085603e+01
5.11          	1.231463e+00	-5.869006e-02	-8.014772e+01	-4.005317e+01	4.078205e+01	-6.297917e-01	-3.943744e+01	4.066890e+01	-6.591367e-01	6.004466e-01	7.081919e-01	-8.085591e+01
5.12          	1.231874e+00	-5.883387e-02	-8.014749e+01	-4.005296e+01	4.078205e+01	-6.300539e-01	-3.943702e+01	4.066890e+01	-6.594708e-01	6.006370e-01	7.083054e-01	-8.085579e+01
5.13          	1.232283e+00	-5.897572e-02	-8.014726e+01	-4.005276e+01	4.078205e+01	-6.303139e-01	-3.943662e+01	4.066890e+01	-6.598018e-01	6.008261e-01	7.084181e-01	-8.085567e+01
5.14          	1.232690e+00	-5.911598e-02	-8.014702e+01	-4.005255e+01	4.078204e+01	-6.305721e-01	-3.943621e+01	4.066890e+01	-6.601301e-01	6.010142e-01	7.085302e-01	-8.085555e+01
5.15          	1.233095e+00	-5.925501e-02	-8.014680e+01	-4.005235e+01	4.078204e+01	-6.308289e-01	-3.943580e+01	4.066890e+01	-6.604564e-01	6.012014e-01	7.086416e-01	-8.085544e+01
5.16          	1.233499e+00	-5.939246e-02	-8.014657e+01	-4.005215e+01	4.078204e+01	-6.310849e-01	-3.943540e+01	4.066890e+01	-6.607811e-01	6.013887e-01	7.087528e-01	-8.085532e+01
5.17          	1.233902e+00	-5.952860e-02	-8.014634e+01	-4.005195e+01	4.078203e+01	-6.313404e-01	-3.943500e+01	4.066890e+01	-6.611047e-01	6.015761e-01	7.088636e-01	-8.085520e+01
5.18          	1.234305e+00	-5.966358e-02	-8.014611e+01	-4.005175e+01	4.078203e+01	-6.315955e-01	-3.943460e+01	4.066890e+01	-6.614273e-01	6.017637e-01	7.089740e-01	-8.085509e+01
5.19          	1.234706e+00	-5.979748e-02	-8.014589e+01	-4.005155e+01	4.078203e+01	-6.318500e-01	-3.943420e+01	4.066891e+01	-6.617488e-01	6.019513e-01	7.090839e-01	-8.085497e+01
5.2           	1.235105e+00	-5.993021e-02	-8.014566e+01	-4.005136e+01	4.078203e+01	-6.321036e-01	-3.943380e+01	4.066891e+01	-6.620687e-01	6.021385e-01	7.091931e-01	-8.085486e+01
5.21          	1.235502e+00	-6.006198e-02	-8.014544e+01	-4.005116e+01	4.078202e+01	-6.323560e-01	-3.943341e+01	4.066891e+01	-6.623870e-01	6.023251e-01	7.093013e-01	-8.085474e+01
5.22          	1.235896e+00	-6.019318e-02	-8.014522e+01	-4.005096e+01	4.078202e+01	-6.326072e-01	-3.943302e+01	4.066891e+01	-6.627038e-01	6.025106e-01	7.094086e-01	-8.085463e+01
5.23          	1.236288e+00	-6.032419e-02	-8.014500e+01	-4.005077e+01	4.078201e+01	-6.328573e-01	-3.943263e+01	4.066891e+01	-6.630194e-01	6.026952e-01	7.095148e-01	-8.085451e+01
5.24          	1.236677e+00	-6.045511e-02	-8.014478e+01	-4.005058e+01	4.078201e+01	-6.331066e-01	-3.943224e+01	4.066892e+01	-6.633341e-01	6.028790e-01	7.096201e-01	-8.085440e+01
5.25          	1.237064e+00	-6.058572e-02	-8.014456e+01	-4.005038e+01	4.078201e+01	-6.333551e-01	-3.943185e+01	4.066892e+01	-6.636480e-01	6.030622e-01	7.097245e-01	-8.085429e+01
5.26          	1.237449e+00	-6.071570e-02	-8.014434e+01	-4.005019e+01	4.078200e+01	-6.336027e-01	-3.943147e+01	4.066892e+01	-6.639605e-01	6.032448e-01	7.098281e-01	-8.085417e+01
5.27          	1.237831e+00	-6.084477e-02	-8.014413e+01	-4.005000e+01	4.078200e+01	-6.338491e-01	-3.943109e+01	4.066892e+01	-6.642715e-01	6.034267e-01	7.099308e-01	-8.085406e+01
5.28          	1.238211e+00	-6.097273e-02	-8.014391e+01	-4.004981e+01	4.078199e+01	-6.340942e-01	-3.943071e+01	4.066892e+01	-6.645805e-01	6.036078e-01	7.100325e-01	-8.085395e+01
5.29          	1.238589e+00	-6.109933e-02	-8.014370e+01	-4.004962e+01	4.078198e+01	-6.343377e-01	-3.943033e+01	4.066892e+01	-6.648873e-01	6.037880e-01	7.101332e-01	-8.085383e+01
5.3           	1.238965e+00	-6.122468e-02	-8.014349e+01	-4.004943e+01	4.078198e+01	-6.345797e-01	-3.942995e+01	4.066892e+01	-6.651921e-01	6.039674e-01	7.102331e-01	-8.085372e+01
5.31          	1.239338e+00	-6.134866e-02	-8.014328e+01	-4.004925e+01	4.078197e+01	-6.348204e-01	-3.942958e+01	4.066892e+01	-6.654947e-01	6.041460e-01	7.103323e-01	-8.085361e+01
5.32          	1.239710e+00	-6.147099e-02	-8.014307e+01	-4.004906e+01	4.078197e+01	-6.350596e-01	-3.942921e+01	4.066892e+01	-6.657951e-01	6.043241e-01	7.104308e-01	-8.085350e+01
5.33          	1.240081e+00	-6.159114e-02	-8.014286e+01	-4.004888e+01	4.078196e+01	-6.352975e-01	-3.942884e+01	4.066892e+01	-6.660930e-01	6.045019e-01	7.105290e-01	-8.085339e+01
5.34          	1.240451e+00	-6.170873e-02	-8.014266e+01	-4.004870e+01	4.078195e+01	-6.355337e-01	-3.942847e+01	4.066892e+01	-6.663881e-01	6.046794e-01	7.106267e-01	-8.085328e+01
5.35          	1.240820e+00	-6.182627e-02	-8.014244e+01	-4.004851e+01	4.078194e+01	-6.357696e-01	-3.942810e+01	4.066892e+01	-6.666827e-01	6.048565e-01	7.107240e-01	-8.085316e+01
5.36          	1.241187e+00	-6.194015e-02	-8.014223e+01	-4.004833e+01	4.078193e+01	-6.360035e-01	-3.942773e+01	4.066892e+01	-6.669736e-01	6.050335e-01	7.108209e-01	-8.085305e+01
5.37          	1.241554e+00	-6.205041e-02	-8.014202e+01	-4.004815e+01	4.078193e+01	-6.362355e-01	-3.942737e+01	4.066892e+01	-6.672607e-01	6.052103e-01	7.109171e-01	-8.085294e+01
5.38          	1.241919e+00	-6.215747e-02	-8.014182e+01	-4.004797e+01	4.078192e+01	-6.364659e-01	-3.942702e+01	4.066893e+01	-6.675446e-01	6.053872e-01	7.110128e-01	-8.085284e+01
5.39          	1.242281e+00	-6.226254e-02	-8.014163e+01	-4.004780e+01	4.078192e+01	-6.366944e-01	-3.942666e+01	4.066894e+01	-6.678256e-01	6.055631e-01	7.111076e-01	-8.085274e+01
5.4           	1.242641e+00	-6.236634e-02	-8.014144e+01	-4.004763e+01	4.078192e+01	-6.369212e-01	-3.942631e+01	4.066896e+01	-6.681044e-01	6.057380e-01	7.112012e-01	-8.085264e+01
5.41          	1.242998e+00	-6.246927e-02	-8.014125e+01	-4.004747e+01	4.078192e+01	-6.371466e-01	-3.942597e+01	4.066896e+01	-6.683813e-01	6.059120e-01	7.112935e-01	-8.085254e+01
5.42          	1.243351e+00	-6.257191e-02	-8.014105e+01	-4.004730e+01	4.078191e+01	-6.373704e-01	-3.942562e+01	4.066897e+01	-6.686564e-01	6.060845e-01	7.113844e-01	-8.085244e+01
5.43          	1.243701e+00	-6.267430e-02	-8.014086e+01	-4.004713e+01	4.078190e+01	-6.375926e-01	-3.942528e+01	4.066898e+01	-6.689297e-01	6.062554e-01	7.114738e-01	-8.085233e+01
5.44          	1.244047e+00	-6.277573e-02	-8.014067e+01	-4.004696e+01	4.078190e+01	-6.378131e-01	-3.942493e+01	4.066898e+01	-6.692009e-01	6.064252e-01	7.115620e-01	-8.085223e+01
5.45          	1.244391e+00	-6.287563e-02	-8.014047e+01	-4.004679e+01	4.078189e+01	-6.380319e-01	-3.942459e+01	4.066898e+01	-6.694697e-01	6.065940e-01	7.116493e-01	-8.085212e+01
5.46          	1.244733e+00	-6.297335e-02	-8.014028e+01	-4.004662e+01	4.078188e+01	-6.382489e-01	-3.942425e+01	4.066899e+01	-6.697356e-01	6.067623e-01	7.117360e-01	-8.085201e+01
5.47          	1.245075e+00	-6.306725e-02	-8.014009e+01	-4.004645e+01	4.078187e+01	-6.384645e-01	-3.942392e+01	4.066899e+01	-6.699982e-01	6.069309e-01	7.118227e-01	-8.085191e+01
5.48          	1.245417e+00	-6.315700e-02	-8.013990e+01	-4.004629e+01	4.078186e+01	-6.386784e-01	-3.942358e+01	4.066900e+01	-6.702569e-01	6.070999e-01	7.119092e-01	-8.085181e+01
5.49          	1.245759e+00	-6.324265e-02	-8.013971e+01	-4.004613e+01	4.078185e+01	-6.388906e-01	-3.942325e+01	4.066901e+01	-6.705119e-01	6.072693e-01	7.119957e-01	-8.085171e+01
5.5           	1.246100e+00	-6.332445e-02	-8.013953e+01	-4.004598e+01	4.078184e+01	-6.391010e-01	-3.942293e+01	4.066903e+01	-6.707632e-01	6.074388e-01	7.120819e-01	-8.085161e+01
5.51          	1.246440e+00	-6.340282e-02	-8.013934e+01	-4.004582e+01	4.078184e+01	-6.393096e-01	-3.942260e+01	4.066904e+01	-6.710110e-01	6.076082e-01	7.121678e-01	-8.085151e+01
5.52          	1.246780e+00	-6.347827e-02	-8.013916e+01	-4.004567e+01	4.078183e+01	-6.395164e-01	-3.942228e+01	4.066906e+01	-6.712556e-01	6.077773e-01	7.122531e-01	-8.085141e+01
5.53          	1.247118e+00	-6.355070e-02	-8.013898e+01	-4.004552e+01	4.078183e+01	-6.397214e-01	-3.942196e+01	4.066907e+01	-6.714967e-01	6.079460e-01	7.123379e-01	-8.085132e+01
5.54          	1.247454e+00	-6.362034e-02	-8.013880e+01	-4.004536e+01	4.078182e+01	-6.399244e-01	-3.942164e+01	4.066909e+01	-6.717346e-01	6.081142e-01	7.124219e-01	-8.085122e+01
5.55          	1.247788e+00	-6.368824e-02	-8.013861e+01	-4.004521e+01	4.078181e+01	-6.401257e-01	-3.942132e+01	4.066911e+01	-6.719698e-01	6.082816e-01	7.125049e-01	-8.085112e+01
5.56          	1.248119e+00	-6.375366e-02	-8.013843e+01	-4.004506e+01	4.078180e+01	-6.403254e-01	-3.942100e+01	4.066912e+01	-6.722022e-01	6.084485e-01	7.125870e-01	-8.085102e+01
5.57          	1.248448e+00	-6.381704e-02	-8.013825e+01	-4.004492e+01	4.078179e+01	-6.405232e-01	-3.942069e+01	4.066914e+01	-6.724317e-01	6.086147e-01	7.126681e-01	-8.085092e+01
5.58          	1.248775e+00	-6.387861e-02	-8.013808e+01	-4.004477e+01	4.078179e+01	-6.407189e-01	-3.942038e+01	4.066916e+01	-6.726582e-01	6.087796e-01	7.127483e-01	-8.085083e+01
5.59          	1.249100e+00	-6.393853e-02	-8.013791e+01	-4.004463e+01	4.078178e+01	-6.409129e-01	-3.942008e+01	4.066918e+01	-6.728822e-01	6.089437e-01	7.128277e-01	-8.085073e+01
5.6           	1.249423e+00	-6.399649e-02	-8.013774e+01	-4.004449e+01	4.078177e+01	-6.411055e-01	-3.941978e+01	4.066920e+01	-6.731037e-01	6.091072e-01	7.129063e-01	-8.085064e+01
5.61          	1.249744e+00	-6.405236e-02	-8.013757e+01	-4.004435e+01	4.078177e+01	-6.412962e-01	-3.941948e+01	4.066922e+01	-6.733224e-01	6.092700e-01	7.129841e-01	-8.085055e+01
5.62          	1.250063e+00	-6.410560e-02	-8.013740e+01	-4.004421e+01	4.078176e+01	-6.414848e-01	-3.941918e+01	4.066924e+01	-6.735376e-01	6.094320e-01	7.130612e-01	-8.085046e+01
5.63          	1.250381e+00	-6.415585e-02	-8.013723e+01	-4.004408e+01	4.078175e+01	-6.416711e-01	-3.941888e+01	4.066927e+01	-6.737490e-01	6.095931e-01	7.131374e-01	-8.085037e+01
5.64          	1.250697e+00	-6.420253e-02	-8.013706e+01	-4.004394e+01	4.078174e+01	-6.418546e-01	-3.941859e+01	4.066929e+01	-6.739558e-01	6.097533e-01	7.132129e-01	-8.085028e+01
5.65          	1.251010e+00	-6.424567e-02	-8.013690e+01	-4.004381e+01	4.078174e+01	-6.420354e-01	-3.941830e+01	4.066931e+01	-6.741583e-01	6.099126e-01	7.132875e-01	-8.085019e+01
5.66          	1.251322e+00	-6.428584e-02	-8.013673e+01	-4.004368e+01	4.078173e+01	-6.422142e-01	-3.941802e+01	4.066934e+01	-6.743571e-01	6.100713e-01	7.133614e-01	-8.085010e+01
5.67          	1.251632e+00	-6.432438e-02	-8.013657e+01	-4.004355e+01	4.078172e+01	-6.423918e-01	-3.941773e+01	4.066936e+01	-6.745540e-01	6.102296e-01	7.134347e-01	-8.085001e+01
5.68          	1.251941e+00	-6.436233e-02	-8.013641e+01	-4.004342e+01	4.078171e+01	-6.425685e-01	-3.941745e+01	4.066939e+01	-6.747497e-01	6.103874e-01	7.135074e-01	-8.084992e+01
5.69          	1.252249e+00	-6.439976e-02	-8.013626e+01	-4.004330e+01	4.078171e+01	-6.427448e-01	-3.941717e+01	4.066942e+01	-6.749447e-01	6.105449e-01	7.135795e-01	-8.084984e+01
5.7           	1.252555e+00	-6.443633e-02	-8.013610e+01	-4.004317e+01	4.078170e+01	-6.429204e-01	-3.941690e+01	4.066945e+01	-6.751386e-01	6.107022e-01	7.136510e-01	-8.084976e+01
5.71          	1.252861e+00	-6.447162e-02	-8.013595e+01	-4.004305e+01	4.078170e+01	-6.430949e-01	-3.941662e+01	4.066948e+01	-6.753307e-01	6.108590e-01	7.137220e-01	-8.084968e+01
5.72          	1.253164e+00	-6.450525e-02	-8.013580e+01	-4.004293e+01	4.078169e+01	-6.432676e-01	-3.941635e+01	4.066952e+01	-6.755202e-01	6.110150e-01	7.137921e-01	-8.084960e+01
5.73          	1.253465e+00	-6.453691e-02	-8.013566e+01	-4.004282e+01	4.078169e+01	-6.434382e-01	-3.941608e+01	4.066955e+01	-6.757067e-01	6.111698e-01	7.138612e-01	-8.084952e+01
5.74          	1.253764e+00	-6.456669e-02	-8.013551e+01	-4.004270e+01	4.078169e+01	-6.436068e-01	-3.941582e+01	4.066958e+01	-6.758901e-01	6.113234e-01	7.139293e-01	-8.084944e+01
5.75          	1.254060e+00	-6.459516e-02	-8.013537e+01	-4.004258e+01	4.078168e+01	-6.437734e-01	-3.941555e+01	4.066961e+01	-6.760710e-01	6.114758e-01	7.139963e-01	-8.084936e+01
5.76          	1.254354e+00	-6.462185e-02	-8.013522e+01	-4.004247e+01	4.078167e+01	-6.439385e-01	-3.941529e+01	4.066965e+01	-6.762494e-01	6.116276e-01	7.140623e-01	-8.084929e+01
5.77          	1.254645e+00	-6.464711e-02	-8.013508e+01	-4.004236e+01	4.078167e+01	-6.441018e-01	-3.941504e+01	4.066968e+01	-6.764253e-01	6.117782e-01	7.141273e-01	-8.084921e+01
5.78          	1.254935e+00	-6.467132e-02	-8.013494e+01	-4.004225e+01	4.078166e+01	-6.442638e-01	-3.941478e+01	4.066972e+01	-6.765994e-01	6.119281e-01	7.141916e-01	-8.084914e+01
5.79          	1.255224e+00	-6.469470e-02	-8.013481e+01	-4.004214e+01	4.078166e+01	-6.444248e-01	-3.941453e+01	4.066975e+01	-6.767722e-01	6.120775e-01	7.142555e-01	-8.084906e+01
5.8           	1.255513e+00	-6.471679e-02	-8.013467e+01	-4.004203e+01	4.078166e+01	-6.445849e-01	-3.941428e+01	4.066979e+01	-6.769433e-01	6.122265e-01	7.143190e-01	-8.084899e+01
5.81          	1.255800e+00	-6.473733e-02	-8.013454e+01	-4.004193e+01	4.078165e+01	-6.447437e-01	-3.941403e+01	4.066983e+01	-6.771124e-01	6.123750e-01	7.143822e-01	-8.084892e+01
5.82          	1.256088e+00	-6.475579e-02	-8.013441e+01	-4.004182e+01	4.078165e+01	-6.449010e-01	-3.941378e+01	4.066987e+01	-6.772789e-01	6.125231e-01	7.144451e-01	-8.084885e+01
5.83          	1.256374e+00	-6.477165e-02	-8.013428e+01	-4.004172e+01	4.078165e+01	-6.450565e-01	-3.941354e+01	4.066991e+01	-6.774423e-01	6.126707e-01	7.145077e-01	-8.084879e+01
5.84          	1.256661e+00	-6.478489e-02	-8.013415e+01	-4.004162e+01	4.078165e+01	-6.452105e-01	-3.941329e+01	4.066995e+01	-6.776029e-01	6.128180e-01	7.145700e-01	-8.084872e+01
5.85          	1.256946e+00	-6.479538e-02	-8.013403e+01	-4.004153e+01	4.078165e+01	-6.453629e-01	-3.941305e+01	4.067000e+01	-6.777606e-01	6.129653e-01	7.146320e-01	-8.084866e+01
5.86          	1.257231e+00	-6.480288e-02	-8.013391e+01	-4.004143e+01	4.078165e+01	-6.455137e-01	-3.941282e+01	4.067005e+01	-6.779151e-01	6.131122e-01	7.146936e-01	-8.084860e+01
5.87          	1.257515e+00	-6.480727e-02	-8.013379e+01	-4.004134e+01	4.078165e+01	-6.456625e-01	-3.941258e+01	4.067010e+01	-6.780661e-01	6.132588e-01	7.147548e-01	-8.084854e+01
5.88          	1.257797e+00	-6.480849e-02	-8.013367e+01	-4.004125e+01	4.078165e+01	-6.458095e-01	-3.941235e+01	4.067015e+01	-6.782137e-01	6.134052e-01	7.148155e-01	-8.084848e+01
5.89          	1.258080e+00	-6.480642e-02	-8.013355e+01	-4.004116e+01	4.078165e+01	-6.459547e-01	-3.941212e+01	4.067020e+01	-6.783579e-01	6.135515e-01	7.148758e-01	-8.084843e+01
5.9           	1.258361e+00	-6.480169e-02	-8.013344e+01	-4.004108e+01	4.078166e+01	-6.460981e-01	-3.941190e+01	4.067026e+01	-6.784989e-01	6.136972e-01	7.149357e-01	-8.084838e+01
5.91          	1.258642e+00	-6.479440e-02	-8.013333e+01	-4.004100e+01	4.078166e+01	-6.462404e-01	-3.941167e+01	4.067032e+01	-6.786376e-01	6.138432e-01	7.149952e-01	-8.084832e+01
5.92          	1.258922e+00	-6.478474e-02	-8.013322e+01	-4.004091e+01	4.078166e+01	-6.463818e-01	-3.941145e+01	4.067038e+01	-6.787742e-01	6.139895e-01	7.150545e-01	-8.084828e+01
5.93          	1.259202e+00	-6.477285e-02	-8.013311e+01	-4.004084e+01	4.078167e+01	-6.465223e-01	-3.941123e+01	4.067044e+01	-6.789087e-01	6.141359e-01	7.151133e-01	-8.084823e+01
5.94          	1.259481e+00	-6.475890e-02	-8.013301e+01	-4.004076e+01	4.078168e+01	-6.466615e-01	-3.941102e+01	4.067050e+01	-6.790409e-01	6.142820e-01	7.151716e-01	-8.084818e+01
5.95          	1.259758e+00	-6.474294e-02	-8.013291e+01	-4.004068e+01	4.078168e+01	-6.467989e-01	-3.941080e+01	4.067056e+01	-6.791704e-01	6.144274e-01	7.152293e-01	-8.084814e+01
5.96          	1.260034e+00	-6.472475e-02	-8.013281e+01	-4.004061e+01	4.078169e+01	-6.469343e-01	-3.941059e+01	4.067063e+01	-6.792966e-01	6.145719e-01	7.152862e-01	-8.084810e+01
5.97          	1.260308e+00	-6.470400e-02	-8.013271e+01	-4.004054e+01	4.078170e+01	-6.470674e-01	-3.941039e+01	4.067070e+01	-6.794194e-01	6.147154e-01	7.153424e-01	-8.084806e+01
5.98          	1.260581e+00	-6.468020e-02	-8.013262e+01	-4.004047e+01	4.078171e+01	-6.471990e-01	-3.941018e+01	4.067076e+01	-6.795391e-01	6.148589e-01	7.153981e-01	-8.084802e+01
5.99          	1.260853e+00	-6.465387e-02	-8.013253e+01	-4.004041e+01	4.078172e+01	-6.473287e-01	-3.940998e+01	4.067084e+01	-6.796556e-01	6.150018e-01	7.154531e-01	-8.084798e+01
6             	1.261123e+00	-6.462495e-02	-8.013244e+01	-4.004035e+01	4.078173e+01	-6.474570e-01	-3.940978e+01	4.067091e+01	-6.797695e-01	6.151445e-01	7.155077e-01	-8.084795e+01
6.01          	1.261393e+00	-6.459358e-02	-8.013235e+01	-4.004029e+01	4.078174e+01	-6.475842e-01	-3.940959e+01	4.067098e+01	-6.798810e-01	6.152874e-01	7.155621e-01	-8.084791e+01
6.02          	1.261663e+00	-6.455994e-02	-8.013227e+01	-4.004023e+01	4.078175e+01	-6.477105e-01	-3.940940e+01	4.067106e+01	-6.799905e-01	6.154305e-01	7.156164e-01	-8.084788e+01
6.03          	1.261933e+00	-6.452401e-02	-8.013219e+01	-4.004017e+01	4.078176e+01	-6.478357e-01	-3.940921e+01	4.067114e+01	-6.800977e-01	6.155737e-01	7.156706e-01	-8.084786e+01
6.04          	1.262202e+00	-6.448589e-02	-8.013211e+01	-4.004012e+01	4.078178e+01	-6.479595e-01	-3.940902e+01	4.067122e+01	-6.802024e-01	6.157165e-01	7.157246e-01	-8.084783e+01
6.05          	1.262471e+00	-6.444527e-02	-8.013203e+01	-4.004007e+01	4.078179e+01	-6.480822e-01	-3.940883e+01	4.067130e+01	-6.803048e-01	6.158595e-01	7.157785e-01	-8.084781e+01
6.06          	1.262740e+00	-6.440225e-02	-8.013196e+01	-4.004002e+01	4.078181e+01	-6.482039e-01	-3.940865e+01	4.067139e+01	-6.804050e-01	6.160027e-01	7.158323e-01	-8.084779e+01
6.07          	1.263008e+00	-6.435698e-02	-8.013189e+01	-4.003997e+01	4.078183e+01	-6.483247e-01	-3.940847e+01	4.067148e+01	-6.805032e-01	6.161462e-01	7.158858e-01	-8.084777e+01
6.08          	1.263276e+00	-6.430968e-02	-8.013182e+01	-4.003993e+01	4.078185e+01	-6.484447e-01	-3.940829e+01	4.067157e+01	-6.805995e-01	6.162898e-01	7.159389e-01	-8.084776e+01
6.09          	1.263542e+00	-6.426057e-02	-8.013175e+01	-4.003989e+01	4.078187e+01	-6.485636e-01	-3.940812e+01	4.067166e+01	-6.806938e-01	6.164333e-01	7.159914e-01	-8.084775e+01
6.1           	1.263806e+00	-6.420966e-02	-8.013169e+01	-4.003985e+01	4.078189e+01	-6.486813e-01	-3.940794e+01	4.067175e+01	-6.807861e-01	6.165765e-01	7.160432e-01	-8.084773e+01
6.11          	1.264070e+00	-6.415699e-02	-8.013163e+01	-4.003981e+01	4.078191e+01	-6.487978e-01	-3.940777e+01	4.067184e+01	-6.808763e-01	6.167193e-01	7.160943e-01	-8.084772e+01
6.12          	1.264332e+00	-6.410258e-02	-8.013157e+01	-4.003977e+01	4.078193e+01	-6.489132e-01	-3.940761e+01	4.067194e+01	-6.809644e-01	6.168619e-01	7.161449e-01	-8.084771e+01
6.13          	1.264592e+00	-6.404633e-02	-8.013151e+01	-4.003974e+01	4.078195e+01	-6.490272e-01	-3.940744e+01	4.067203e+01	-6.810504e-01	6.170041e-01	7.161950e-01	-8.084771e+01
6.14          	1.264852e+00	-6.398833e-02	-8.013145e+01	-4.003970e+01	4.078197e+01	-6.491402e-01	-3.940728e+01	4.067213e+01	-6.811344e-01	6.171460e-01	7.162447e-01	-8.084770e+01
6.15          	1.265112e+00	-6.392862e-02	-8.013140e+01	-4.003967e+01	4.078199e+01	-6.492523e-01	-3.940712e+01	4.067223e+01	-6.812166e-01	6.172880e-01	7.162942e-01	-8.084769e+01
6.16          	1.265371e+00	-6.386714e-02	-8.013135e+01	-4.003964e+01	4.078202e+01	-6.493636e-01	-3.940696e+01	4.067233e+01	-6.812972e-01	6.174301e-01	7.163435e-01	-8.084769e+01
6.17          	1.265630e+00	-6.380369e-02	-8.013129e+01	-4.003962e+01	4.078204e+01	-6.494743e-01	-3.940680e+01	4.067243e+01	-6.813762e-01	6.175725e-01	7.163928e-01	-8.084769e+01
6.18          	1.265889e+00	-6.373821e-02	-8.013124e+01	-4.003959e+01	4.078206e+01	-6.495845e-01	-3.940664e+01	4.067253e+01	-6.814536e-01	6.177154e-01	7.164420e-01	-8.084769e+01
6.19          	1.266149e+00	-6.369071e-02	-8.013112e+01	-4.003952e+01	4.078205e+01	-6.497042e-01	-3.940644e+01	4.067259e+01	-6.815496e-01	6.178589e-01	7.164916e-01	-8.084761e+01
6.2           	1.266409e+00	-6.363124e-02	-8.013103e+01	-4.003947e+01	4.078206e+01	-6.498190e-01	-3.940627e+01	4.067268e+01	-6.816346e-01	6.180033e-01	7.165410e-01	-8.084757e+01
6.21          	1.266667e+00	-6.356019e-02	-8.013099e+01	-4.003945e+01	4.078209e+01	-6.499273e-01	-3.940612e+01	4.067279e+01	-6.817074e-01	6.181472e-01	7.165898e-01	-8.084758e+01
6.22          	1.266925e+00	-6.347955e-02	-8.013098e+01	-4.003946e+01	4.078213e+01	-6.500309e-01	-3.940599e+01	4.067292e+01	-6.817706e-01	6.182911e-01	7.166383e-01	-8.084762e+01
6.23          	1.267182e+00	-6.339315e-02	-8.013099e+01	-4.003947e+01	4.078218e+01	-6.501318e-01	-3.940588e+01	4.067306e+01	-6.818284e-01	6.184353e-01	7.166866e-01	-8.084768e+01
6.24          	1.267439e+00	-6.330493e-02	-8.013099e+01	-4.003948e+01	4.078223e+01	-6.502321e-01	-3.940576e+01	4.067320e+01	-6.818846e-01	6.185797e-01	7.167348e-01	-8.084773e+01
6.25          	1.267696e+00	-6.321792e-02	-8.013098e+01	-4.003948e+01	4.078227e+01	-6.503333e-01	-3.940563e+01	4.067333e+01	-6.819422e-01	6.187243e-01	7.167828e-01	-8.084776e+01
6.26          	1.267951e+00	-6.313426e-02	-8.013095e+01	-4.003947e+01	4.078230e+01	-6.504356e-01	-3.940550e+01	4.067345e+01	-6.820027e-01	6.188684e-01	7.168303e-01	-8.084778e+01
6.27          	1.268207e+00	-6.305334e-02	-8.013089e+01	-4.003945e+01	4.078232e+01	-6.505397e-01	-3.940535e+01	4.067356e+01	-6.820664e-01	6.190130e-01	7.168778e-01	-8.084777e+01
6.28          	1.268462e+00	-6.297407e-02	-8.013083e+01	-4.003942e+01	4.078234e+01	-6.506450e-01	-3.940519e+01	4.067366e+01	-6.821321e-01	6.191580e-01	7.169251e-01	-8.084775e+01
6.29          	1.268717e+00	-6.289408e-02	-8.013076e+01	-4.003940e+01	4.078235e+01	-6.507510e-01	-3.940504e+01	4.067375e+01	-6.821980e-01	6.193040e-01	7.169723e-01	-8.084773e+01
6.3           	1.268971e+00	-6.281699e-02	-8.013067e+01	-4.003936e+01	4.078235e+01	-6.508578e-01	-3.940487e+01	4.067384e+01	-6.822663e-01	6.194493e-01	7.170191e-01	-8.084768e+01
6.31          	1.269223e+00	-6.273570e-02	-8.013060e+01	-4.003933e+01	4.078236e+01	-6.509618e-01	-3.940472e+01	4.067394e+01	-6.823296e-01	6.195939e-01	7.170651e-01	-8.084766e+01
6.32          	1.269474e+00	-6.264893e-02	-8.013056e+01	-4.003932e+01	4.078239e+01	-6.510617e-01	-3.940458e+01	4.067406e+01	-6.823862e-01	6.197373e-01	7.171104e-01	-8.084767e+01
6.33          	1.269723e+00	-6.255608e-02	-8.013054e+01	-4.003933e+01	4.078243e+01	-6.511586e-01	-3.940446e+01	4.067419e+01	-6.824366e-01	6.198805e-01	7.171554e-01	-8.084770e+01
6.34          	1.269974e+00	-6.245759e-02	-8.013054e+01	-4.003934e+01	4.078247e+01	-6.512537e-01	-3.940435e+01	4.067433e+01	-6.824825e-01	6.200249e-01	7.172006e-01	-8.084774e+01
6.35          	1.270224e+00	-6.235579e-02	-8.013053e+01	-4.003935e+01	4.078251e+01	-6.513476e-01	-3.940424e+01	4.067446e+01	-6.825255e-01	6.201697e-01	7.172460e-01	-8.084778e+01
6.36          	1.270475e+00	-6.225220e-02	-8.013052e+01	-4.003936e+01	4.078255e+01	-6.514414e-01	-3.940413e+01	4.067460e+01	-6.825675e-01	6.203153e-01	7.172915e-01	-8.084781e+01
6.37          	1.270726e+00	-6.214845e-02	-8.013049e+01	-4.003937e+01	4.078258e+01	-6.515353e-01	-3.940400e+01	4.067473e+01	-6.826095e-01	6.204611e-01	7.173370e-01	-8.084783e+01
6.38          	1.270977e+00	-6.204520e-02	-8.013045e+01	-4.003937e+01	4.078261e+01	-6.516294e-01	-3.940388e+01	4.067485e+01	-6.826520e-01	6.206068e-01	7.173824e-01	-8.084783e+01
6.39          	1.271227e+00	-6.194253e-02	-8.013040e+01	-4.003936e+01	4.078263e+01	-6.517237e-01	-3.940374e+01	4.067497e+01	-6.826950e-01	6.207525e-01	7.174276e-01	-8.084783e+01
6.4           	1.271476e+00	-6.183983e-02	-8.013035e+01	-4.003935e+01	4.078265e+01	-6.518178e-01	-3.940361e+01	4.067509e+01	-6.827377e-01	6.208978e-01	7.174724e-01	-8.084782e+01
6.41          	1.271724e+00	-6.173609e-02	-8.013030e+01	-4.003935e+01	4.078267e+01	-6.519110e-01	-3.940348e+01	4.067521e+01	-6.827790e-01	6.210429e-01	7.175168e-01	-8.084782e+01
6.42          	1.271971e+00	-6.163039e-02	-8.013027e+01	-4.003935e+01	4.078269e+01	-6.520030e-01	-3.940336e+01	4.067533e+01	-6.828181e-01	6.211878e-01	7.175608e-01	-8.084783e+01
6.43          	1.272217e+00	-6.152211e-02	-8.013024e+01	-4.003935e+01	4.078272e+01	-6.520935e-01	-3.940325e+01	4.067546e+01	-6.828546e-01	6.213325e-01	7.176045e-01	-8.084784e+01
6.44          	1.272462e+00	-6.141124e-02	-8.013022e+01	-4.003937e+01	4.078276e+01	-6.521825e-01	-3.940313e+01	4.067560e+01	-6.828881e-01	6.214769e-01	7.176477e-01	-8.084787e+01
6.45          	1.272706e+00	-6.129815e-02	-8.013020e+01	-4.003938e+01	4.078279e+01	-6.522701e-01	-3.940303e+01	4.067573e+01	-6.829191e-01	6.216210e-01	7.176905e-01	-8.084789e+01
6.46          	1.272949e+00	-6.118335e-02	-8.013019e+01	-4.003940e+01	4.078283e+01	-6.523564e-01	-3.940292e+01	4.067587e+01	-6.829480e-01	6.217647e-01	7.177329e-01	-8.084792e+01
6.47          	1.273190e+00	-6.106861e-02	-8.013016e+01	-4.003941e+01	4.078286e+01	-6.524421e-01	-3.940281e+01	4.067600e+01	-6.829764e-01	6.219078e-01	7.177748e-01	-8.084794e+01
6.48          	1.273431e+00	-6.095273e-02	-8.013014e+01	-4.003942e+01	4.078288e+01	-6.525270e-01	-3.940270e+01	4.067613e+01	-6.830034e-01	6.220507e-01	7.178163e-01	-8.084795e+01
6.49          	1.273670e+00	-6.083574e-02	-8.013011e+01	-4.003943e+01	4.078291e+01	-6.526108e-01	-3.940260e+01	4.067627e+01	-6.830287e-01	6.221930e-01	7.178573e-01	-8.084797e+01
6.5           	1.273907e+00	-6.071763e-02	-8.013010e+01	-4.003945e+01	4.078295e+01	-6.526936e-01	-3.940249e+01	4.067640e+01	-6.830524e-01	6.223347e-01	7.178979e-01	-8.084799e+01
6.51          	1.274144e+00	-6.059847e-02	-8.013008e+01	-4.003946e+01	4.078298e+01	-6.527752e-01	-3.940239e+01	4.067654e+01	-6.830745e-01	6.224760e-01	7.179380e-01	-8.084802e+01
6.52          	1.274379e+00	-6.047834e-02	-8.013007e+01	-4.003948e+01	4.078301e+01	-6.528559e-01	-3.940229e+01	4.067667e+01	-6.830951e-01	6.226168e-01	7.179777e-01	-8.084805e+01
6.53          	1.274614e+00	-6.035729e-02	-8.013006e+01	-4.003950e+01	4.078305e+01	-6.529358e-01	-3.940220e+01	4.067681e+01	-6.831144e-01	6.227571e-01	7.180172e-01	-8.084807e+01
6.54          	1.274848e+00	-6.023527e-02	-8.013005e+01	-4.003953e+01	4.078308e+01	-6.530148e-01	-3.940210e+01	4.067695e+01	-6.831325e-01	6.228972e-01	7.180566e-01	-8.084810e+01
6.55          	1.275082e+00	-6.011225e-02	-8.013003e+01	-4.003955e+01	4.078311e+01	-6.530931e-01	-3.940201e+01	4.067709e+01	-6.831493e-01	6.230370e-01	7.180957e-01	-8.084813e+01
6.56          	1.275315e+00	-5.998820e-02	-8.013002e+01	-4.003957e+01	4.078315e+01	-6.531706e-01	-3.940191e+01	4.067723e+01	-6.831647e-01	6.231765e-01	7.181347e-01	-8.084816e+01
6.57          	1.275548e+00	-5.986595e-02	-8.012999e+01	-4.003958e+01	4.078317e+01	-6.532486e-01	-3.940180e+01	4.067735e+01	-6.831816e-01	6.233156e-01	7.181735e-01	-8.084816e+01
6.58          	1.275779e+00	-5.974174e-02	-8.012996e+01	-4.003960e+01	4.078319e+01	-6.533254e-01	-3.940171e+01	4.067749e+01	-6.831963e-01	6.234545e-01	7.182119e-01	-8.084818e+01
6.59          	1.276010e+00	-5.961523e-02	-8.012996e+01	-4.003962e+01	4.078323e+01	-6.534004e-01	-3.940162e+01	4.067763e+01	-6.832080e-01	6.235928e-01	7.182498e-01	-8.084821e+01
6.6           	1.276238e+00	-5.948677e-02	-8.012996e+01	-4.003965e+01	4.078327e+01	-6.534735e-01	-3.940153e+01	4.067777e+01	-6.832169e-01	6.237301e-01	7.182870e-01	-8.084825e+01
6.61          	1.276465e+00	-5.935698e-02	-8.012998e+01	-4.003969e+01	4.078331e+01	-6.535450e-01	-3.940146e+01	4.067792e+01	-6.832235e-01	6.238665e-01	7.183234e-01	-8.084830e+01
6.62          	1.276690e+00	-5.922647e-02	-8.012999e+01	-4.003973e+01	4.078335e+01	-6.536151e-01	-3.940138e+01	4.067807e+01	-6.832283e-01	6.240019e-01	7.183591e-01	-8.084835e+01
6.63          	1.276913e+00	-5.909572e-02	-8.013000e+01	-4.003976e+01	4.078339e+01	-6.536842e-01	-3.940131e+01	4.067822e+01	-6.832321e-01	6.241364e-01	7.183942e-01	-8.084839e+01
6.64          	1.277134e+00	-5.896493e-02	-8.013000e+01	-4.003979e+01	4.078343e+01	-6.537524e-01	-3.940123e+01	4.067836e+01	-6.832349e-01	6.242700e-01	7.184287e-01	-8.084843e+01
6.65          	1.277355e+00	-5.883398e-02	-8.013000e+01	-4.003982e+01	4.078346e+01	-6.538197e-01	-3.940115e+01	4.067850e+01	-6.832367e-01	6.244027e-01	7.184626e-01	-8.084846e+01
6.66          	1.277573e+00	-5.870255e-02	-8.012999e+01	-4.003985e+01	4.078349e+01	-6.538861e-01	-3.940106e+01	4.067864e+01	-6.832374e-01	6.245348e-01	7.184960e-01	-8.084848e+01
6.67          	1.277792e+00	-5.857498e-02	-8.012993e+01	-4.003985e+01	4.078350e+01	-6.539544e-01	-3.940096e+01	4.067875e+01	-6.832418e-01	6.246669e-01	7.185293e-01	-8.084846e+01
6.68          	1.278009e+00	-5.844440e-02	-8.012991e+01	-4.003987e+01	4.078351e+01	-6.540202e-01	-3.940087e+01	4.067888e+01	-6.832424e-01	6.247980e-01	7.185620e-01	-8.084847e+01
6.69          	1.278225e+00	-5.830949e-02	-8.012990e+01	-4.003990e+01	4.078355e+01	-6.540833e-01	-3.940079e+01	4.067902e+01	-6.832381e-01	6.249286e-01	7.185942e-01	-8.084850e+01
6.7           	1.278440e+00	-5.817048e-02	-8.012992e+01	-4.003995e+01	4.078359e+01	-6.541441e-01	-3.940073e+01	4.067917e+01	-6.832293e-01	6.250588e-01	7.186260e-01	-8.084855e+01
6.71          	1.278654e+00	-5.802826e-02	-8.012996e+01	-4.004000e+01	4.078363e+01	-6.542029e-01	-3.940067e+01	4.067933e+01	-6.832170e-01	6.251887e-01	7.186575e-01	-8.084861e+01
6.72          	1.278867e+00	-5.788400e-02	-8.012999e+01	-4.004005e+01	4.078368e+01	-6.542604e-01	-3.940062e+01	4.067949e+01	-6.832024e-01	6.253184e-01	7.186887e-01	-8.084868e+01
6.73          	1.279080e+00	-5.773867e-02	-8.013001e+01	-4.004011e+01	4.078373e+01	-6.543171e-01	-3.940057e+01	4.067965e+01	-6.831864e-01	6.254477e-01	7.187197e-01	-8.084873e+01
6.74          	1.279292e+00	-5.759294e-02	-8.013003e+01	-4.004015e+01	4.078376e+01	-6.543731e-01	-3.940050e+01	4.067980e+01	-6.831695e-01	6.255766e-01	7.187503e-01	-8.084878e+01
6.75          	1.279502e+00	-5.744694e-02	-8.013003e+01	-4.004019e+01	4.078379e+01	-6.544281e-01	-3.940044e+01	4.067994e+01	-6.831516e-01	6.257046e-01	7.187804e-01	-8.084881e+01
6.76          	1.279711e+00	-5.730241e-02	-8.013000e+01	-4.004021e+01	4.078381e+01	-6.544829e-01	-3.940036e+01	4.068007e+01	-6.831341e-01	6.258317e-01	7.188098e-01	-8.084881e+01
6.77          	1.279917e+00	-5.715607e-02	-8.012997e+01	-4.004024e+01	4.078383e+01	-6.545358e-01	-3.940028e+01	4.068020e+01	-6.831138e-01	6.259577e-01	7.188382e-01	-8.084881e+01
6.78          	1.280121e+00	-5.700713e-02	-8.012996e+01	-4.004027e+01	4.078385e+01	-6.545861e-01	-3.940021e+01	4.068033e+01	-6.830896e-01	6.260825e-01	7.188655e-01	-8.084883e+01
6.79          	1.280322e+00	-5.685531e-02	-8.012997e+01	-4.004032e+01	4.078388e+01	-6.546336e-01	-3.940016e+01	4.068048e+01	-6.830613e-01	6.262060e-01	7.188917e-01	-8.084886e+01
6.8           	1.280520e+00	-5.670081e-02	-8.012998e+01	-4.004037e+01	4.078391e+01	-6.546786e-01	-3.940011e+01	4.068063e+01	-6.830290e-01	6.263282e-01	7.189168e-01	-8.084890e+01
6.81          	1.280716e+00	-5.654411e-02	-8.013001e+01	-4.004042e+01	4.078395e+01	-6.547213e-01	-3.940006e+01	4.068078e+01	-6.829933e-01	6.264492e-01	7.189411e-01	-8.084895e+01
6.82          	1.280910e+00	-5.638571e-02	-8.013003e+01	-4.004048e+01	4.078398e+01	-6.547620e-01	-3.940002e+01	4.068093e+01	-6.829549e-01	6.265691e-01	7.189645e-01	-8.084900e+01
6.83          	1.281102e+00	-5.622600e-02	-8.013005e+01	-4.004053e+01	4.078401e+01	-6.548011e-01	-3.939998e+01	4.068108e+01	-6.829141e-01	6.266881e-01	7.189872e-01	-8.084904e+01
6.84          	1.281292e+00	-5.606573e-02	-8.013006e+01	-4.004058e+01	4.078404e+01	-6.548389e-01	-3.939993e+01	4.068123e+01	-6.828717e-01	6.268060e-01	7.190092e-01	-8.084907e+01
6.85          	1.281481e+00	-5.590440e-02	-8.013006e+01	-4.004063e+01	4.078406e+01	-6.548751e-01	-3.939989e+01	4.068137e+01	-6.828273e-01	6.269229e-01	7.190305e-01	-8.084909e+01
6.86          	1.281667e+00	-5.574164e-02	-8.013006e+01	-4.004067e+01	4.078408e+01	-6.549095e-01	-3.939984e+01	4.068151e+01	-6.827804e-01	6.270387e-01	7.190509e-01	-8.084911e+01
6.87          	1.281851e+00	-5.557719e-02	-8.013007e+01	-4.004072e+01	4.078410e+01	-6.549421e-01	-3.939980e+01	4.068165e+01	-6.827307e-01	6.271535e-01	7.190706e-01	-8.084914e+01
6.88          	1.282033e+00	-5.541093e-02	-8.013007e+01	-4.004078e+01	4.078413e+01	-6.549728e-01	-3.939976e+01	4.068179e+01	-6.826783e-01	6.272674e-01	7.190894e-01	-8.084916e+01
6.89          	1.282214e+00	-5.524288e-02	-8.013009e+01	-4.004083e+01	4.078415e+01	-6.550017e-01	-3.939972e+01	4.068194e+01	-6.826232e-01	6.273803e-01	7.191074e-01	-8.084919e+01
6.9           	1.282392e+00	-5.507316e-02	-8.013010e+01	-4.004089e+01	4.078418e+01	-6.550288e-01	-3.939969e+01	4.068209e+01	-6.825654e-01	6.274922e-01	7.191246e-01	-8.084923e+01
6.91          	1.282569e+00	-5.490191e-02	-8.013012e+01	-4.004095e+01	4.078420e+01	-6.550542e-01	-3.939967e+01	4.068223e+01	-6.825051e-01	6.276032e-01	7.191410e-01	-8.084926e+01
6.92          	1.282743e+00	-5.472933e-02	-8.013014e+01	-4.004101e+01	4.078423e+01	-6.550779e-01	-3.939964e+01	4.068238e+01	-6.824425e-01	6.277132e-01	7.191566e-01	-8.084930e+01
6.93          	1.282914e+00	-5.457771e-02	-8.013006e+01	-4.004101e+01	4.078420e+01	-6.551094e-01	-3.939955e+01	4.068247e+01	-6.823982e-01	6.278205e-01	7.191707e-01	-8.084923e+01
6.94          	1.283084e+00	-5.441712e-02	-8.012999e+01	-4.004103e+01	4.078418e+01	-6.551361e-01	-3.939949e+01	4.068257e+01	-6.823447e-01	6.279276e-01	7.191845e-01	-8.084918e+01
6.95          	1.283250e+00	-5.423989e-02	-8.013001e+01	-4.004109e+01	4.078420e+01	-6.551531e-01	-3.939946e+01	4.068271e+01	-6.822731e-01	6.280332e-01	7.191967e-01	-8.084920e+01
6.96          	1.283413e+00	-5.405122e-02	-8.013008e+01	-4.004118e+01	4.078425e+01	-6.551628e-01	-3.939948e+01	4.068289e+01	-6.821884e-01	6.281372e-01	7.192075e-01	-8.084928e+01
6.97          	1.283574e+00	-5.385738e-02	-8.013018e+01	-4.004129e+01	4.078431e+01	-6.551693e-01	-3.939951e+01	4.068308e+01	-6.820980e-01	6.282407e-01	7.192176e-01	-8.084939e+01
6.98          	1.283733e+00	-5.366423e-02	-8.013028e+01	-4.004140e+01	4.078436e+01	-6.551756e-01	-3.939954e+01	4.068327e+01	-6.820078e-01	6.283435e-01	7.192271e-01	-8.084950e+01
6.99          	1.283892e+00	-5.347507e-02	-8.013036e+01	-4.004150e+01	4.078441e+01	-6.551836e-01	-3.939956e+01	4.068345e+01	-6.819212e-01	6.284461e-01	7.192361e-01	-8.084959e+01
7             	1.284046e+00	-5.329338e-02	-8.013041e+01	-4.004159e+01	4.078445e+01	-6.551925e-01	-3.939957e+01	4.068361e+01	-6.818392e-01	6.285458e-01	7.192432e-01	-8.084965e+01
7.01          	1.284197e+00	-5.311667e-02	-8.013044e+01	-4.004166e+01	4.078447e+01	-6.552028e-01	-3.939956e+01	4.068375e+01	-6.817612e-01	6.286445e-01	7.192494e-01	-8.084969e+01
7.02          	1.284346e+00	-5.294296e-02	-8.013044e+01	-4.004171e+01	4.078447e+01	-6.552132e-01	-3.939954e+01	4.068388e+01	-6.816847e-01	6.287417e-01	7.192544e-01	-8.084969e+01
7.03          	1.284492e+00	-5.276951e-02	-8.013044e+01	-4.004176e+01	4.078448e+01	-6.552221e-01	-3.939952e+01	4.068401e+01	-6.816068e-01	6.288373e-01	7.192581e-01	-8.084969e+01
7.04          	1.284635e+00	-5.259390e-02	-8.013044e+01	-4.004182e+01	4.078448e+01	-6.552286e-01	-3.939950e+01	4.068414e+01	-6.815255e-01	6.289316e-01	7.192606e-01	-8.084970e+01
7.05          	1.284776e+00	-5.241452e-02	-8.013045e+01	-4.004188e+01	4.078449e+01	-6.552321e-01	-3.939949e+01	4.068427e+01	-6.814394e-01	6.290249e-01	7.192622e-01	-8.084972e+01
7.06          	1.284916e+00	-5.223083e-02	-8.013049e+01	-4.004196e+01	4.078451e+01	-6.552330e-01	-3.939950e+01	4.068442e+01	-6.813484e-01	6.291176e-01	7.192633e-01	-8.084975e+01
7.07          	1.285055e+00	-5.204284e-02	-8.013054e+01	-4.004204e+01	4.078453e+01	-6.552317e-01	-3.939952e+01	4.068457e+01	-6.812532e-01	6.292103e-01	7.192642e-01	-8.084980e+01
7.08          	1.285193e+00	-5.185325e-02	-8.013060e+01	-4.004214e+01	4.078456e+01	-6.552285e-01	-3.939954e+01	4.068473e+01	-6.811551e-01	6.293019e-01	7.192643e-01	-8.084986e+01
7.09          	1.285331e+00	-5.166223e-02	-8.013067e+01	-4.004223e+01	4.078460e+01	-6.552246e-01	-3.939957e+01	4.068490e+01	-6.810557e-01	6.293935e-01	7.192642e-01	-8.084993e+01
7.1           	1.285467e+00	-5.147210e-02	-8.013073e+01	-4.004233e+01	4.078463e+01	-6.552201e-01	-3.939959e+01	4.068506e+01	-6.809562e-01	6.294840e-01	7.192634e-01	-8.084999e+01
7.11          	1.285601e+00	-5.128351e-02	-8.013079e+01	-4.004242e+01	4.078466e+01	-6.552155e-01	-3.939962e+01	4.068522e+01	-6.808573e-01	6.295738e-01	7.192617e-01	-8.085005e+01
7.12          	1.285732e+00	-5.109746e-02	-8.013084e+01	-4.004250e+01	4.078468e+01	-6.552105e-01	-3.939964e+01	4.068537e+01	-6.807593e-01	6.296618e-01	7.192587e-01	-8.085010e+01
7.13          	1.285860e+00	-5.091371e-02	-8.013089e+01	-4.004259e+01	4.078470e+01	-6.552049e-01	-3.939966e+01	4.068552e+01	-6.806618e-01	6.297481e-01	7.192544e-01	-8.085014e+01
7.14          	1.285985e+00	-5.073150e-02	-8.013093e+01	-4.004267e+01	4.078471e+01	-6.551984e-01	-3.939967e+01	4.068566e+01	-6.805642e-01	6.298327e-01	7.192488e-01	-8.085018e+01
7.15          	1.286108e+00	-5.055009e-02	-8.013098e+01	-4.004275e+01	4.078473e+01	-6.551905e-01	-3.939970e+01	4.068580e+01	-6.804655e-01	6.299154e-01	7.192419e-01	-8.085022e+01
7.16          	1.286228e+00	-5.036803e-02	-8.013103e+01	-4.004283e+01	4.078475e+01	-6.551810e-01	-3.939972e+01	4.068595e+01	-6.803650e-01	6.299970e-01	7.192342e-01	-8.085026e+01
7.17          	1.286347e+00	-5.018418e-02	-8.013108e+01	-4.004292e+01	4.078477e+01	-6.551701e-01	-3.939975e+01	4.068610e+01	-6.802622e-01	6.300780e-01	7.192257e-01	-8.085031e+01
7.18          	1.286464e+00	-4.999868e-02	-8.013114e+01	-4.004302e+01	4.078479e+01	-6.551575e-01	-3.939978e+01	4.068625e+01	-6.801568e-01	6.301582e-01	7.192165e-01	-8.085036e+01
7.19          	1.286581e+00	-4.981084e-02	-8.013121e+01	-4.004311e+01	4.078481e+01	-6.551437e-01	-3.939982e+01	4.068640e+01	-6.800492e-01	6.302383e-01	7.192068e-01	-8.085042e+01
7.2           	1.286696e+00	-4.962227e-02	-8.013128e+01	-4.004321e+01	4.078484e+01	-6.551287e-01	-3.939986e+01	4.068656e+01	-6.799398e-01	6.303176e-01	7.191965e-01	-8.085047e+01
7.21          	1.286810e+00	-4.943349e-02	-8.013135e+01	-4.004331e+01	4.078486e+01	-6.551126e-01	-3.939990e+01	4.068671e+01	-6.798293e-01	6.303959e-01	7.191856e-01	-8.085053e+01
7.22          	1.286922e+00	-4.924481e-02	-8.013141e+01	-4.004340e+01	4.078488e+01	-6.550956e-01	-3.939994e+01	4.068686e+01	-6.797180e-01	6.304732e-01	7.191740e-01	-8.085059e+01
7.23          	1.287033e+00	-4.905629e-02	-8.013148e+01	-4.004350e+01	4.078490e+01	-6.550778e-01	-3.939998e+01	4.068702e+01	-6.796059e-01	6.305496e-01	7.191617e-01	-8.085064e+01
7.24          	1.287143e+00	-4.886784e-02	-8.013155e+01	-4.004360e+01	4.078492e+01	-6.550592e-01	-3.940003e+01	4.068717e+01	-6.794931e-01	6.306253e-01	7.191487e-01	-8.085070e+01
7.25          	1.287251e+00	-4.867938e-02	-8.013161e+01	-4.004369e+01	4.078494e+01	-6.550398e-01	-3.940007e+01	4.068732e+01	-6.793795e-01	6.307002e-01	7.191351e-01	-8.085075e+01
7.26          	1.287358e+00	-4.849073e-02	-8.013168e+01	-4.004379e+01	4.078496e+01	-6.550197e-01	-3.940011e+01	4.068747e+01	-6.792651e-01	6.307744e-01	7.191208e-01	-8.085080e+01
7.27          	1.287463e+00	-4.830167e-02	-8.013175e+01	-4.004389e+01	4.078498e+01	-6.549987e-01	-3.940016e+01	4.068762e+01	-6.791495e-01	6.308478e-01	7.191059e-01	-8.085085e+01
7.28          	1.287567e+00	-4.811201e-02	-8.013182e+01	-4.004399e+01	4.078500e+01	-6.549765e-01	-3.940020e+01	4.068777e+01	-6.790325e-01	6.309205e-01	7.190901e-01	-8.085091e+01
7.29          	1.287669e+00	-4.792164e-02	-8.013189e+01	-4.004409e+01	4.078502e+01	-6.549531e-01	-3.940026e+01	4.068792e+01	-6.789139e-01	6.309923e-01	7.190736e-01	-8.085096e+01
7.3           	1.287769e+00	-4.773057e-02	-8.013196e+01	-4.004419e+01	4.078504e+01	-6.549283e-01	-3.940031e+01	4.068808e+01	-6.787936e-01	6.310630e-01	7.190561e-01	-8.085102e+01
7.31          	1.287867e+00	-4.753908e-02	-8.013204e+01	-4.004430e+01	4.078506e+01	-6.549022e-01	-3.940036e+01	4.068823e+01	-6.786718e-01	6.311327e-01	7.190377e-01	-8.085108e+01
7.32          	1.287963e+00	-4.734734e-02	-8.013211e+01	-4.004440e+01	4.078508e+01	-6.548750e-01	-3.940042e+01	4.068838e+01	-6.785487e-01	6.312014e-01	7.190185e-01	-8.085113e+01
7.33          	1.288058e+00	-4.715545e-02	-8.013219e+01	-4.004450e+01	4.078509e+01	-6.548468e-01	-3.940048e+01	4.068853e+01	-6.784246e-01	6.312691e-01	7.189984e-01	-8.085119e+01
7.34          	1.288150e+00	-4.696356e-02	-8.013227e+01	-4.004461e+01	4.078511e+01	-6.548178e-01	-3.940053e+01	4.068868e+01	-6.782996e-01	6.313361e-01	7.189777e-01	-8.085124e+01
7.35          	1.288242e+00	-4.677161e-02	-8.013234e+01	-4.004471e+01	4.078513e+01	-6.547881e-01	-3.940059e+01	4.068883e+01	-6.781739e-01	6.314023e-01	7.189563e-01	-8.085130e+01
7.36          	1.288332e+00	-4.657934e-02	-8.013242e+01	-4.004482e+01	4.078514e+01	-6.547575e-01	-3.940065e+01	4.068898e+01	-6.780471e-01	6.314678e-01	7.189344e-01	-8.085135e+01
7.37          	1.288421e+00	-4.638653e-02	-8.013250e+01	-4.004492e+01	4.078516e+01	-6.547259e-01	-3.940071e+01	4.068913e+01	-6.779191e-01	6.315326e-01	7.189118e-01	-8.085141e+01
7.38          	1.288508e+00	-4.619293e-02	-8.013257e+01	-4.004503e+01	4.078518e+01	-6.546931e-01	-3.940078e+01	4.068928e+01	-6.777896e-01	6.315967e-01	7.188885e-01	-8.085146e+01
7.39          	1.288594e+00	-4.599838e-02	-8.013265e+01	-4.004514e+01	4.078519e+01	-6.546592e-01	-3.940084e+01	4.068944e+01	-6.776584e-01	6.316600e-01	7.188646e-01	-8.085152e+01
7.4           	1.288679e+00	-4.580294e-02	-8.013274e+01	-4.004525e+01	4.078521e+01	-6.546241e-01	-3.940091e+01	4.068959e+01	-6.775256e-01	6.317227e-01	7.188402e-01	-8.085158e+01
7.41          	1.288763e+00	-4.560696e-02	-8.013282e+01	-4.004536e+01	4.078522e+01	-6.545881e-01	-3.940098e+01	4.068974e+01	-6.773916e-01	6.317847e-01	7.188153e-01	-8.085163e+01
7.42          	1.288846e+00	-4.541073e-02	-8.013290e+01	-4.004547e+01	4.078524e+01	-6.545514e-01	-3.940105e+01	4.068989e+01	-6.772567e-01	6.318460e-01	7.187899e-01	-8.085169e+01
7.43          	1.288927e+00	-4.521454e-02	-8.013299e+01	-4.004558e+01	4.078526e+01	-6.545140e-01	-3.940112e+01	4.069004e+01	-6.771212e-01	6.319067e-01	7.187640e-01	-8.085175e+01
7.44          	1.289008e+00	-4.501858e-02	-8.013307e+01	-4.004569e+01	4.078527e+01	-6.544759e-01	-3.940119e+01	4.069020e+01	-6.769852e-01	6.319666e-01	7.187376e-01	-8.085181e+01
7.45          	1.289087e+00	-4.482303e-02	-8.013316e+01	-4.004580e+01	4.078529e+01	-6.544373e-01	-3.940126e+01	4.069035e+01	-6.768488e-01	6.320258e-01	7.187106e-01	-8.085187e+01
7.46          	1.289165e+00	-4.462792e-02	-8.013324e+01	-4.004592e+01	4.078530e+01	-6.543981e-01	-3.940133e+01	4.069050e+01	-6.767120e-01	6.320841e-01	7.186830e-01	-8.085192e+01
7.47          	1.289242e+00	-4.443316e-02	-8.013333e+01	-4.004603e+01	4.078532e+01	-6.543582e-01	-3.940141e+01	4.069065e+01	-6.765747e-01	6.321416e-01	7.186547e-01	-8.085198e+01
7.48          	1.289317e+00	-4.423846e-02	-8.013341e+01	-4.004614e+01	4.078533e+01	-6.543173e-01	-3.940148e+01	4.069080e+01	-6.764366e-01	6.321981e-01	7.186257e-01	-8.085204e+01
7.49          	1.289390e+00	-4.404356e-02	-8.013350e+01	-4.004625e+01	4.078535e+01	-6.542755e-01	-3.940156e+01	4.069095e+01	-6.762972e-01	6.322537e-01	7.185958e-01	-8.085210e+01
7.5           	1.289461e+00	-4.384839e-02	-8.013359e+01	-4.004637e+01	4.078536e+01	-6.542325e-01	-3.940164e+01	4.069110e+01	-6.761567e-01	6.323083e-01	7.185652e-01	-8.085215e+01
7.51          	1.289531e+00	-4.365301e-02	-8.013368e+01	-4.004648e+01	4.078537e+01	-6.541887e-01	-3.940172e+01	4.069125e+01	-6.760152e-01	6.323622e-01	7.185340e-01	-8.085221e+01
7.52          	1.289599e+00	-4.345746e-02	-8.013376e+01	-4.004660e+01	4.078538e+01	-6.541441e-01	-3.940180e+01	4.069140e+01	-6.758728e-01	6.324153e-01	7.185022e-01	-8.085227e+01
7.53          	1.289667e+00	-4.326185e-02	-8.013385e+01	-4.004671e+01	4.078540e+01	-6.540988e-01	-3.940188e+01	4.069154e+01	-6.757297e-01	6.324678e-01	7.184699e-01	-8.085232e+01
7.54          	1.289734e+00	-4.306631e-02	-8.013394e+01	-4.004683e+01	4.078541e+01	-6.540530e-01	-3.940196e+01	4.069169e+01	-6.755862e-01	6.325198e-01	7.184372e-01	-8.085238e+01
7.55          	1.289800e+00	-4.287100e-02	-8.013403e+01	-4.004694e+01	4.078542e+01	-6.540070e-01	-3.940204e+01	4.069184e+01	-6.754425e-01	6.325715e-01	7.184042e-01	-8.085244e+01
7.56          	1.289866e+00	-4.267591e-02	-8.013412e+01	-4.004706e+01	4.078543e+01	-6.539607e-01	-3.940212e+01	4.069199e+01	-6.752987e-01	6.326228e-01	7.183709e-01	-8.085249e+01
7.57          	1.289931e+00	-4.248107e-02	-8.013422e+01	-4.004717e+01	4.078544e+01	-6.539143e-01	-3.940221e+01	4.069214e+01	-6.751548e-01	6.326738e-01	7.183374e-01	-8.085255e+01
7.58          	1.289995e+00	-4.228650e-02	-8.013431e+01	-4.004729e+01	4.078546e+01	-6.538677e-01	-3.940229e+01	4.069229e+01	-6.750109e-01	6.327244e-01	7.183036e-01	-8.085261e+01
7.59          	1.290059e+00	-4.209224e-02	-8.013440e+01	-4.004741e+01	4.078547e+01	-6.538208e-01	-3.940238e+01	4.069244e+01	-6.748669e-01	6.327747e-01	7.182695e-01	-8.085267e+01
7.6           	1.290123e+00	-4.189828e-02	-8.013449e+01	-4.004752e+01	4.078548e+01	-6.537737e-01	-3.940246e+01	4.069258e+01	-6.747228e-01	6.328246e-01	7.182350e-01	-8.085273e+01
7.61          	1.290185e+00	-4.170459e-02	-8.013458e+01	-4.004764e+01	4.078549e+01	-6.537262e-01	-3.940255e+01	4.069273e+01	-6.745785e-01	6.328739e-01	7.182001e-01	-8.085278e+01
7.62          	1.290246e+00	-4.151127e-02	-8.013468e+01	-4.004776e+01	4.078550e+01	-6.536783e-01	-3.940263e+01	4.069288e+01	-6.744339e-01	6.329227e-01	7.181646e-01	-8.085284e+01
7.63          	1.290306e+00	-4.131844e-02	-8.013477e+01	-4.004787e+01	4.078551e+01	-6.536301e-01	-3.940272e+01	4.069303e+01	-6.742893e-01	6.329708e-01	7.181286e-01	-8.085290e+01
7.64          	1.290365e+00	-4.112620e-02	-8.013486e+01	-4.004799e+01	4.078552e+01	-6.535815e-01	-3.940281e+01	4.069317e+01	-6.741446e-01	6.330184e-01	7.180921e-01	-8.085296e+01
7.65          	1.290424e+00	-4.093462e-02	-8.013496e+01	-4.004811e+01	4.078553e+01	-6.535328e-01	-3.940290e+01	4.069332e+01	-6.740001e-01	6.330655e-01	7.180551e-01	-8.085301e+01
7.66          	1.290481e+00	-4.074376e-02	-8.013505e+01	-4.004823e+01	4.078555e+01	-6.534837e-01	-3.940299e+01	4.069347e+01	-6.738556e-01	6.331119e-01	7.180176e-01	-8.085307e+01
7.67          	1.290537e+00	-4.055362e-02	-8.013515e+01	-4.004834e+01	4.078556e+01	-6.534345e-01	-3.940308e+01	4.069361e+01	-6.737113e-01	6.331577e-01	7.179797e-01	-8.085313e+01
7.68          	1.290592e+00	-4.036420e-02	-8.013525e+01	-4.004846e+01	4.078557e+01	-6.533852e-01	-3.940317e+01	4.069376e+01	-6.735673e-01	6.332031e-01	7.179414e-01	-8.085319e+01
7.69          	1.290647e+00	-4.017544e-02	-8.013535e+01	-4.004858e+01	4.078558e+01	-6.533358e-01	-3.940326e+01	4.069390e+01	-6.734236e-01	6.332481e-01	7.179028e-01	-8.085325e+01
7.7           	1.290701e+00	-3.998727e-02	-8.013544e+01	-4.004870e+01	4.078559e+01	-6.532865e-01	-3.940335e+01	4.069405e+01	-6.732802e-01	6.332929e-01	7.178641e-01	-8.085331e+01
7.71          	1.290756e+00	-3.979961e-02	-8.013554e+01	-4.004882e+01	4.078560e+01	-6.532373e-01	-3.940344e+01	4.069420e+01	-6.731372e-01	6.333375e-01	7.178252e-01	-8.085337e+01
7.72          	1.290810e+00	-3.961233e-02	-8.013564e+01	-4.004894e+01	4.078561e+01	-6.531883e-01	-3.940353e+01	4.069434e+01	-6.729944e-01	6.333821e-01	7.177862e-01	-8.085343e+01
7.73          	1.290865e+00	-3.942533e-02	-8.013574e+01	-4.004906e+01	4.078562e+01	-6.531393e-01	-3.940362e+01	4.069449e+01	-6.728519e-01	6.334266e-01	7.177472e-01	-8.085349e+01
7.74          	1.290919e+00	-3.923860e-02	-8.013584e+01	-4.004918e+01	4.078563e+01	-6.530903e-01	-3.940372e+01	4.069464e+01	-6.727096e-01	6.334710e-01	7.177080e-01	-8.085355e+01
7.75          	1.290973e+00	-3.905220e-02	-8.013595e+01	-4.004930e+01	4.078564e+01	-6.530415e-01	-3.940381e+01	4.069478e+01	-6.725676e-01	6.335154e-01	7.176688e-01	-8.085361e+01
7.76          	1.291027e+00	-3.886621e-02	-8.013605e+01	-4.004942e+01	4.078565e+01	-6.529927e-01	-3.940390e+01	4.069493e+01	-6.724258e-01	6.335596e-01	7.176293e-01	-8.085368e+01
7.77          	1.291080e+00	-3.868077e-02	-8.013615e+01	-4.004954e+01	4.078567e+01	-6.529441e-01	-3.940400e+01	4.069508e+01	-6.722844e-01	6.336037e-01	7.175897e-01	-8.085374e+01
7.78          	1.291133e+00	-3.849597e-02	-8.013626e+01	-4.004966e+01	4.078568e+01	-6.528955e-01	-3.940409e+01	4.069523e+01	-6.721435e-01	6.336476e-01	7.175499e-01	-8.085381e+01
7.79          	1.291186e+00	-3.831192e-02	-8.013636e+01	-4.004978e+01	4.078569e+01	-6.528472e-01	-3.940419e+01	4.069538e+01	-6.720031e-01	6.336912e-01	7.175099e-01	-8.085387e+01
7.8           	1.291238e+00	-3.812868e-02	-8.013647e+01	-4.004991e+01	4.078571e+01	-6.527989e-01	-3.940429e+01	4.069552e+01	-6.718632e-01	6.337345e-01	7.174696e-01	-8.085394e+01
7.81          	1.291290e+00	-3.794630e-02	-8.013658e+01	-4.005003e+01	4.078572e+01	-6.527507e-01	-3.940438e+01	4.069567e+01	-6.717238e-01	6.337775e-01	7.174289e-01	-8.085401e+01
7.82          	1.291341e+00	-3.776471e-02	-8.013669e+01	-4.005015e+01	4.078573e+01	-6.527025e-01	-3.940448e+01	4.069582e+01	-6.715848e-01	6.338201e-01	7.173880e-01	-8.085408e+01
7.83          	1.291391e+00	-3.758385e-02	-8.013680e+01	-4.005027e+01	4.078575e+01	-6.526543e-01	-3.940458e+01	4.069597e+01	-6.714462e-01	6.338624e-01	7.173466e-01	-8.085415e+01
7.84          	1.291440e+00	-3.740366e-02	-8.013691e+01	-4.005040e+01	4.078576e+01	-6.526061e-01	-3.940468e+01	4.069612e+01	-6.713079e-01	6.339043e-01	7.173049e-01	-8.085422e+01
7.85          	1.291489e+00	-3.722400e-02	-8.013702e+01	-4.005052e+01	4.078578e+01	-6.525579e-01	-3.940478e+01	4.069627e+01	-6.711699e-01	6.339459e-01	7.172628e-01	-8.085429e+01
7.86          	1.291537e+00	-3.704482e-02	-8.013714e+01	-4.005065e+01	4.078579e+01	-6.525097e-01	-3.940488e+01	4.069642e+01	-6.710321e-01	6.339873e-01	7.172205e-01	-8.085436e+01
7.87          	1.291585e+00	-3.686609e-02	-8.013726e+01	-4.005077e+01	4.078581e+01	-6.524615e-01	-3.940498e+01	4.069657e+01	-6.708945e-01	6.340285e-01	7.171780e-01	-8.085443e+01
7.88          	1.291632e+00	-3.668781e-02	-8.013737e+01	-4.005090e+01	4.078582e+01	-6.524134e-01	-3.940508e+01	4.069672e+01	-6.707573e-01	6.340695e-01	7.171353e-01	-8.085451e+01
7.89          	1.291679e+00	-3.651007e-02	-8.013749e+01	-4.005103e+01	4.078584e+01	-6.523655e-01	-3.940519e+01	4.069687e+01	-6.706206e-01	6.341105e-01	7.170925e-01	-8.085458e+01
7.9           	1.291726e+00	-3.633298e-02	-8.013761e+01	-4.005115e+01	4.078586e+01	-6.523180e-01	-3.940529e+01	4.069702e+01	-6.704844e-01	6.341515e-01	7.170497e-01	-8.085466e+01
7.91          	1.291774e+00	-3.615661e-02	-8.013774e+01	-4.005128e+01	4.078587e+01	-6.522707e-01	-3.940540e+01	4.069717e+01	-6.703490e-01	6.341924e-01	7.170068e-01	-8.085474e+01
7.92          	1.291821e+00	-3.598105e-02	-8.013786e+01	-4.005141e+01	4.078589e+01	-6.522240e-01	-3.940550e+01	4.069732e+01	-6.702145e-01	6.342334e-01	7.169640e-01	-8.085482e+01
7.93          	1.291868e+00	-3.580635e-02	-8.013798e+01	-4.005154e+01	4.078591e+01	-6.521776e-01	-3.940561e+01	4.069747e+01	-6.700808e-01	6.342745e-01	7.169211e-01	-8.085491e+01
7.94          	1.291915e+00	-3.563263e-02	-8.013811e+01	-4.005167e+01	4.078593e+01	-6.521318e-01	-3.940571e+01	4.069763e+01	-6.699482e-01	6.343155e-01	7.168781e-01	-8.085499e+01
7.95          	1.291962e+00	-3.545997e-02	-8.013824e+01	-4.005180e+01	4.078595e+01	-6.520866e-01	-3.940582e+01	4.069778e+01	-6.698166e-01	6.343566e-01	7.168351e-01	-8.085507e+01
7.96          	1.292009e+00	-3.528845e-02	-8.013837e+01	-4.005193e+01	4.078598e+01	-6.520418e-01	-3.940593e+01	4.069794e+01	-6.696860e-01	6.343976e-01	7.167920e-01	-8.085516e+01
7.97          	1.292056e+00	-3.511805e-02	-8.013850e+01	-4.005206e+01	4.078600e+01	-6.519975e-01	-3.940604e+01	4.069809e+01	-6.695565e-01	6.344385e-01	7.167487e-01	-8.085525e+01
7.98          	1.292102e+00	-3.494874e-02	-8.013863e+01	-4.005219e+01	4.078602e+01	-6.519535e-01	-3.940614e+01	4.069825e+01	-6.694278e-01	6.344791e-01	7.167052e-01	-8.085534e+01
7.99          	1.292147e+00	-3.478060e-02	-8.013877e+01	-4.005233e+01	4.078605e+01	-6.519097e-01	-3.940625e+01	4.069840e+01	-6.693000e-01	6.345194e-01	7.166614e-01	-8.085543e+01
8             	1.292191e+00	-3.461364e-02	-8.013890e+01	-4.005246e+01	4.078607e+01	-6.518661e-01	-3.940636e+01	4.069855e+01	-6.691730e-01	6.345593e-01	7.166172e-01	-8.085552e+01
8.01          	1.292235e+00	-3.444784e-02	-8.013904e+01	-4.005259e+01	4.078609e+01	-6.518229e-01	-3.940647e+01	4.069871e+01	-6.690468e-01	6.345990e-01	7.165728e-01	-8.085561e+01
8.02          	1.292278e+00	-3.428314e-02	-8.013918e+01	-4.005272e+01	4.078612e+01	-6.517799e-01	-3.940659e+01	4.069886e+01	-6.689215e-01	6.346383e-01	7.165281e-01	-8.085571e+01
8.03          	1.292321e+00	-3.411950e-02	-8.013932e+01	-4.005286e+01	4.078614e+01	-6.517373e-01	-3.940670e+01	4.069902e+01	-6.687971e-01	6.346776e-01	7.164833e-01	-8.085580e+01
8.04          	1.292363e+00	-3.395687e-02	-8.013946e+01	-4.005299e+01	4.078617e+01	-6.516952e-01	-3.940681e+01	4.069917e+01	-6.686736e-01	6.347168e-01	7.164383e-01	-8.085590e+01
8.05          	1.292406e+00	-3.379520e-02	-8.013960e+01	-4.005313e+01	4.078619e+01	-6.516536e-01	-3.940692e+01	4.069933e+01	-6.685512e-01	6.347560e-01	7.163933e-01	-8.085600e+01
8.06          	1.292448e+00	-3.363438e-02	-8.013975e+01	-4.005326e+01	4.078622e+01	-6.516124e-01	-3.940704e+01	4.069948e+01	-6.684296e-01	6.347952e-01	7.163484e-01	-8.085609e+01
8.07          	1.292491e+00	-3.347428e-02	-8.013989e+01	-4.005339e+01	4.078625e+01	-6.515717e-01	-3.940715e+01	4.069964e+01	-6.683089e-01	6.348346e-01	7.163034e-01	-8.085619e+01
8.08          	1.292533e+00	-3.331489e-02	-8.014004e+01	-4.005353e+01	4.078628e+01	-6.515315e-01	-3.940726e+01	4.069980e+01	-6.681889e-01	6.348740e-01	7.162586e-01	-8.085629e+01
8.09          	1.292576e+00	-3.315630e-02	-8.014018e+01	-4.005366e+01	4.078630e+01	-6.514917e-01	-3.940738e+01	4.069995e+01	-6.680699e-01	6.349136e-01	7.162138e-01	-8.085640e+01
8.1           	1.292619e+00	-3.299875e-02	-8.014033e+01	-4.005380e+01	4.078633e+01	-6.514525e-01	-3.940749e+01	4.070011e+01	-6.679519e-01	6.349531e-01	7.161690e-01	-8.085650e+01
8.11          	1.292661e+00	-3.284241e-02	-8.014048e+01	-4.005394e+01	4.078636e+01	-6.514139e-01	-3.940760e+01	4.070027e+01	-6.678352e-01	6.349927e-01	7.161242e-01	-8.085660e+01
8.12          	1.292704e+00	-3.268746e-02	-8.014063e+01	-4.005407e+01	4.078639e+01	-6.513761e-01	-3.940772e+01	4.070042e+01	-6.677198e-01	6.350323e-01	7.160795e-01	-8.085671e+01
8.13          	1.292746e+00	-3.253393e-02	-8.014077e+01	-4.005421e+01	4.078642e+01	-6.513388e-01	-3.940783e+01	4.070058e+01	-6.676057e-01	6.350718e-01	7.160346e-01	-8.085681e+01
8.14          	1.292788e+00	-3.238180e-02	-8.014092e+01	-4.005434e+01	4.078645e+01	-6.513021e-01	-3.940795e+01	4.070073e+01	-6.674930e-01	6.351112e-01	7.159897e-01	-8.085691e+01
8.15          	1.292830e+00	-3.223103e-02	-8.014107e+01	-4.005447e+01	4.078648e+01	-6.512658e-01	-3.940806e+01	4.070089e+01	-6.673814e-01	6.351503e-01	7.159446e-01	-8.085702e+01
8.16          	1.292871e+00	-3.208152e-02	-8.014122e+01	-4.005461e+01	4.078651e+01	-6.512300e-01	-3.940817e+01	4.070104e+01	-6.672707e-01	6.351892e-01	7.158992e-01	-8.085712e+01
8.17          	1.292911e+00	-3.193323e-02	-8.014137e+01	-4.005474e+01	4.078654e+01	-6.511944e-01	-3.940828e+01	4.070120e+01	-6.671611e-01	6.352278e-01	7.158537e-01	-8.085723e+01
8.18          	1.292951e+00	-3.178610e-02	-8.014152e+01	-4.005487e+01	4.078657e+01	-6.511592e-01	-3.940840e+01	4.070135e+01	-6.670522e-01	6.352661e-01	7.158080e-01	-8.085733e+01
8.19          	1.292990e+00	-3.164004e-02	-8.014167e+01	-4.005501e+01	4.078660e+01	-6.511242e-01	-3.940851e+01	4.070150e+01	-6.669442e-01	6.353042e-01	7.157621e-01	-8.085743e+01
8.2           	1.293029e+00	-3.149497e-02	-8.014182e+01	-4.005514e+01	4.078663e+01	-6.510895e-01	-3.940862e+01	4.070165e+01	-6.668370e-01	6.353420e-01	7.157162e-01	-8.085754e+01
8.21          	1.293068e+00	-3.135083e-02	-8.014197e+01	-4.005527e+01	4.078665e+01	-6.510550e-01	-3.940873e+01	4.070180e+01	-6.667304e-01	6.353796e-01	7.156701e-01	-8.085764e+01
8.22          	1.293106e+00	-3.120758e-02	-8.014212e+01	-4.005540e+01	4.078668e+01	-6.510208e-01	-3.940885e+01	4.070195e+01	-6.666246e-01	6.354170e-01	7.156241e-01	-8.085774e+01
8.23          	1.293144e+00	-3.106519e-02	-8.014226e+01	-4.005553e+01	4.078671e+01	-6.509869e-01	-3.940896e+01	4.070210e+01	-6.665195e-01	6.354543e-01	7.155780e-01	-8.085784e+01
8.24          	1.293182e+00	-3.092360e-02	-8.014241e+01	-4.005566e+01	4.078674e+01	-6.509534e-01	-3.940907e+01	4.070225e+01	-6.664152e-01	6.354916e-01	7.155320e-01	-8.085794e+01
8.25          	1.293221e+00	-3.078281e-02	-8.014256e+01	-4.005579e+01	4.078677e+01	-6.509203e-01	-3.940918e+01	4.070240e+01	-6.663117e-01	6.355289e-01	7.154861e-01	-8.085804e+01
8.26          	1.293259e+00	-3.064287e-02	-8.014270e+01	-4.005592e+01	4.078679e+01	-6.508877e-01	-3.940929e+01	4.070255e+01	-6.662091e-01	6.355662e-01	7.154403e-01	-8.085815e+01
8.27          	1.293297e+00	-3.050384e-02	-8.014285e+01	-4.005605e+01	4.078682e+01	-6.508554e-01	-3.940940e+01	4.070270e+01	-6.661074e-01	6.356035e-01	7.153945e-01	-8.085825e+01
8.28          	1.293335e+00	-3.036579e-02	-8.014300e+01	-4.005617e+01	4.078685e+01	-6.508236e-01	-3.940951e+01	4.070284e+01	-6.660065e-01	6.356408e-01	7.153487e-01	-8.085835e+01
8.29          	1.293373e+00	-3.022879e-02	-8.014314e+01	-4.005630e+01	4.078687e+01	-6.507922e-01	-3.940962e+01	4.070299e+01	-6.659066e-01	6.356778e-01	7.153029e-01	-8.085845e+01
8.3           	1.293410e+00	-3.009290e-02	-8.014329e+01	-4.005643e+01	4.078690e+01	-6.507611e-01	-3.940972e+01	4.070313e+01	-6.658076e-01	6.357147e-01	7.152570e-01	-8.085855e+01
8.31          	1.293447e+00	-2.995819e-02	-8.014343e+01	-4.005656e+01	4.078693e+01	-6.507303e-01	-3.940983e+01	4.070328e+01	-6.657094e-01	6.357512e-01	7.152109e-01	-8.085864e+01
8.32          	1.293483e+00	-2.982469e-02	-8.014358e+01	-4.005668e+01	4.078695e+01	-6.506997e-01	-3.940994e+01	4.070342e+01	-6.656121e-01	6.357874e-01	7.151646e-01	-8.085874e+01
8.33          	1.293519e+00	-2.969242e-02	-8.014372e+01	-4.005681e+01	4.078698e+01	-6.506693e-01	-3.941005e+01	4.070357e+01	-6.655155e-01	6.358231e-01	7.151181e-01	-8.085884e+01
8.34          	1.293553e+00	-2.956137e-02	-8.014386e+01	-4.005693e+01	4.078700e+01	-6.506391e-01	-3.941015e+01	4.070371e+01	-6.654197e-01	6.358584e-01	7.150714e-01	-8.085894e+01
8.35          	1.293587e+00	-2.943144e-02	-8.014401e+01	-4.005705e+01	4.078703e+01	-6.506089e-01	-3.941026e+01	4.070385e+01	-6.653246e-01	6.358932e-01	7.150244e-01	-8.085903e+01
8.36          	1.293620e+00	-2.930250e-02	-8.014415e+01	-4.005718e+01	4.078705e+01	-6.505788e-01	-3.941037e+01	4.070399e+01	-6.652301e-01	6.359276e-01	7.149772e-01	-8.085913e+01
8.37          	1.293653e+00	-2.917439e-02	-8.014429e+01	-4.005730e+01	4.078708e+01	-6.505488e-01	-3.941047e+01	4.070413e+01	-6.651360e-01	6.359616e-01	7.149298e-01	-8.085922e+01
8.38          	1.293684e+00	-2.904702e-02	-8.014443e+01	-4.005742e+01	4.078710e+01	-6.505188e-01	-3.941058e+01	4.070426e+01	-6.650423e-01	6.359953e-01	7.148823e-01	-8.085932e+01
8.39          	1.293716e+00	-2.892034e-02	-8.014458e+01	-4.005754e+01	4.078712e+01	-6.504889e-01	-3.941069e+01	4.070440e+01	-6.649491e-01	6.360288e-01	7.148347e-01	-8.085941e+01
8.4           	1.293747e+00	-2.879431e-02	-8.014472e+01	-4.005767e+01	4.078715e+01	-6.504591e-01	-3.941079e+01	4.070454e+01	-6.648563e-01	6.360620e-01	7.147871e-01	-8.085951e+01
8.41          	1.293777e+00	-2.866897e-02	-8.014486e+01	-4.005779e+01	4.078717e+01	-6.504294e-01	-3.941090e+01	4.070468e+01	-6.647639e-01	6.360949e-01	7.147394e-01	-8.085960e+01
8.42          	1.293808e+00	-2.854437e-02	-8.014500e+01	-4.005791e+01	4.078719e+01	-6.503999e-01	-3.941101e+01	4.070481e+01	-6.646721e-01	6.361277e-01	7.146917e-01	-8.085970e+01
8.43          	1.293838e+00	-2.842058e-02	-8.014515e+01	-4.005803e+01	4.078722e+01	-6.503705e-01	-3.941111e+01	4.070495e+01	-6.645808e-01	6.361602e-01	7.146440e-01	-8.085979e+01
8.44          	1.293867e+00	-2.829764e-02	-8.014529e+01	-4.005815e+01	4.078724e+01	-6.503414e-01	-3.941122e+01	4.070509e+01	-6.644902e-01	6.361926e-01	7.145962e-01	-8.085989e+01
8.45          	1.293897e+00	-2.817565e-02	-8.014543e+01	-4.005827e+01	4.078726e+01	-6.503124e-01	-3.941132e+01	4.070522e+01	-6.644002e-01	6.362246e-01	7.145485e-01	-8.085998e+01
8.46          	1.293926e+00	-2.805470e-02	-8.014558e+01	-4.005839e+01	4.078729e+01	-6.502836e-01	-3.941143e+01	4.070536e+01	-6.643109e-01	6.362562e-01	7.145006e-01	-8.086008e+01
8.47          	1.293954e+00	-2.793485e-02	-8.014572e+01	-4.005851e+01	4.078731e+01	-6.502549e-01	-3.941154e+01	4.070549e+01	-6.642223e-01	6.362874e-01	7.144526e-01	-8.086017e+01
8.48          	1.293981e+00	-2.781617e-02	-8.014587e+01	-4.005864e+01	4.078734e+01	-6.502261e-01	-3.941165e+01	4.070563e+01	-6.641342e-01	6.363181e-01	7.144044e-01	-8.086027e+01
8.49          	1.294008e+00	-2.769858e-02	-8.014601e+01	-4.005876e+01	4.078736e+01	-6.501974e-01	-3.941175e+01	4.070576e+01	-6.640467e-01	6.363481e-01	7.143560e-01	-8.086037e+01
8.5           	1.294034e+00	-2.758196e-02	-8.014616e+01	-4.005888e+01	4.078739e+01	-6.501686e-01	-3.941186e+01	4.070589e+01	-6.639595e-01	6.363776e-01	7.143072e-01	-8.086047e+01
8.51          	1.294059e+00	-2.746618e-02	-8.014631e+01	-4.005900e+01	4.078741e+01	-6.501396e-01	-3.941197e+01	4.070603e+01	-6.638727e-01	6.364065e-01	7.142583e-01	-8.086056e+01
8.52          	1.294083e+00	-2.735108e-02	-8.014646e+01	-4.005912e+01	4.078744e+01	-6.501104e-01	-3.941208e+01	4.070616e+01	-6.637859e-01	6.364348e-01	7.142090e-01	-8.086066e+01
8.53          	1.294106e+00	-2.723657e-02	-8.014661e+01	-4.005924e+01	4.078746e+01	-6.500809e-01	-3.941219e+01	4.070630e+01	-6.636992e-01	6.364626e-01	7.141595e-01	-8.086076e+01
8.54          	1.294129e+00	-2.712262e-02	-8.014676e+01	-4.005937e+01	4.078749e+01	-6.500512e-01	-3.941230e+01	4.070643e+01	-6.636125e-01	6.364899e-01	7.141097e-01	-8.086087e+01
8.55          	1.294150e+00	-2.700921e-02	-8.014691e+01	-4.005949e+01	4.078751e+01	-6.500212e-01	-3.941241e+01	4.070656e+01	-6.635258e-01	6.365166e-01	7.140597e-01	-8.086097e+01
8.56          	1.294171e+00	-2.689638e-02	-8.014706e+01	-4.005961e+01	4.078754e+01	-6.499910e-01	-3.941253e+01	4.070670e+01	-6.634392e-01	6.365428e-01	7.140095e-01	-8.086107e+01
8.57          	1.294191e+00	-2.678413e-02	-8.014722e+01	-4.005974e+01	4.078757e+01	-6.499606e-01	-3.941264e+01	4.070683e+01	-6.633527e-01	6.365686e-01	7.139592e-01	-8.086118e+01
8.58          	1.294211e+00	-2.667245e-02	-8.014738e+01	-4.005986e+01	4.078760e+01	-6.499301e-01	-3.941275e+01	4.070697e+01	-6.632663e-01	6.365939e-01	7.139088e-01	-8.086129e+01
8.59          	1.294230e+00	-2.656133e-02	-8.014754e+01	-4.005999e+01	4.078763e+01	-6.498995e-01	-3.941287e+01	4.070710e+01	-6.631801e-01	6.366188e-01	7.138584e-01	-8.086139e+01
8.6           	1.294250e+00	-2.645076e-02	-8.014770e+01	-4.006011e+01	4.078766e+01	-6.498687e-01	-3.941299e+01	4.070724e+01	-6.630941e-01	6.366433e-01	7.138079e-01	-8.086150e+01
8.61          	1.294268e+00	-2.634076e-02	-8.014786e+01	-4.006024e+01	4.078769e+01	-6.498379e-01	-3.941310e+01	4.070737e+01	-6.630083e-01	6.366675e-01	7.137573e-01	-8.086162e+01
8.62          	1.294286e+00	-2.623135e-02	-8.014802e+01	-4.006036e+01	4.078772e+01	-6.498070e-01	-3.941322e+01	4.070751e+01	-6.629227e-01	6.366913e-01	7.137067e-01	-8.086173e+01
8.63          	1.294304e+00	-2.612261e-02	-8.014819e+01	-4.006049e+01	4.078775e+01	-6.497761e-01	-3.941334e+01	4.070764e+01	-6.628374e-01	6.367148e-01	7.136559e-01	-8.086184e+01
8.64          	1.294321e+00	-2.601468e-02	-8.014835e+01	-4.006062e+01	4.078778e+01	-6.497451e-01	-3.941346e+01	4.070778e+01	-6.627524e-01	6.367377e-01	7.136049e-01	-8.086196e+01
8.65          	1.294337e+00	-2.590772e-02	-8.014852e+01	-4.006075e+01	4.078781e+01	-6.497140e-01	-3.941358e+01	4.070792e+01	-6.626679e-01	6.367601e-01	7.135537e-01	-8.086207e+01
8.66          	1.294353e+00	-2.580186e-02	-8.014869e+01	-4.006088e+01	4.078785e+01	-6.496828e-01	-3.941370e+01	4.070805e+01	-6.625838e-01	6.367819e-01	7.135022e-01	-8.086219e+01
8.67          	1.294367e+00	-2.569715e-02	-8.014886e+01	-4.006100e+01	4.078788e+01	-6.496516e-01	-3.941382e+01	4.070819e+01	-6.625001e-01	6.368030e-01	7.134504e-01	-8.086231e+01
8.68          	1.294380e+00	-2.559360e-02	-8.014903e+01	-4.006113e+01	4.078791e+01	-6.496202e-01	-3.941394e+01	4.070832e+01	-6.624170e-01	6.368234e-01	7.133982e-01	-8.086242e+01
8.69          	1.294392e+00	-2.549116e-02	-8.014920e+01	-4.006126e+01	4.078794e+01	-6.495886e-01	-3.941406e+01	4.070846e+01	-6.623342e-01	6.368430e-01	7.133457e-01	-8.086254e+01
8.7           	1.294403e+00	-2.538982e-02	-8.014937e+01	-4.006139e+01	4.078798e+01	-6.495569e-01	-3.941419e+01	4.070859e+01	-6.622518e-01	6.368620e-01	7.132929e-01	-8.086266e+01
8.71          	1.294414e+00	-2.528958e-02	-8.014954e+01	-4.006152e+01	4.078801e+01	-6.495251e-01	-3.941431e+01	4.070872e+01	-6.621699e-01	6.368803e-01	7.132398e-01	-8.086278e+01
8.72          	1.294423e+00	-2.519039e-02	-8.014971e+01	-4.006164e+01	4.078804e+01	-6.494933e-01	-3.941443e+01	4.070886e+01	-6.620885e-01	6.368981e-01	7.131864e-01	-8.086290e+01
8.73          	1.294431e+00	-2.509212e-02	-8.014989e+01	-4.006177e+01	4.078808e+01	-6.494614e-01	-3.941456e+01	4.070899e+01	-6.620075e-01	6.369153e-01	7.131328e-01	-8.086302e+01
8.74          	1.294439e+00	-2.499472e-02	-8.015006e+01	-4.006190e+01	4.078811e+01	-6.494295e-01	-3.941468e+01	4.070912e+01	-6.619269e-01	6.369322e-01	7.130790e-01	-8.086314e+01
8.75          	1.294446e+00	-2.489819e-02	-8.015023e+01	-4.006203e+01	4.078814e+01	-6.493977e-01	-3.941480e+01	4.070925e+01	-6.618468e-01	6.369486e-01	7.130251e-01	-8.086326e+01
8.76          	1.294453e+00	-2.480257e-02	-8.015040e+01	-4.006215e+01	4.078817e+01	-6.493659e-01	-3.941493e+01	4.070938e+01	-6.617672e-01	6.369646e-01	7.129711e-01	-8.086338e+01
8.77          	1.294459e+00	-2.470803e-02	-8.015058e+01	-4.006228e+01	4.078821e+01	-6.493342e-01	-3.941505e+01	4.070951e+01	-6.616882e-01	6.369802e-01	7.129169e-01	-8.086349e+01
8.78          	1.294465e+00	-2.461469e-02	-8.015075e+01	-4.006241e+01	4.078824e+01	-6.493027e-01	-3.941517e+01	4.070964e+01	-6.616101e-01	6.369954e-01	7.128627e-01	-8.086361e+01
8.79          	1.294470e+00	-2.452269e-02	-8.015092e+01	-4.006253e+01	4.078827e+01	-6.492715e-01	-3.941530e+01	4.070977e+01	-6.615328e-01	6.370102e-01	7.128083e-01	-8.086373e+01
8.8           	1.294474e+00	-2.443208e-02	-8.015109e+01	-4.006266e+01	4.078830e+01	-6.492405e-01	-3.941542e+01	4.070989e+01	-6.614565e-01	6.370245e-01	7.127537e-01	-8.086385e+01
8.81          	1.294478e+00	-2.434287e-02	-8.015126e+01	-4.006278e+01	4.078833e+01	-6.492097e-01	-3.941554e+01	4.071002e+01	-6.613811e-01	6.370383e-01	7.126990e-01	-8.086396e+01
8.82          	1.294481e+00	-2.425508e-02	-8.015143e+01	-4.006290e+01	4.078836e+01	-6.491791e-01	-3.941566e+01	4.071014e+01	-6.613066e-01	6.370516e-01	7.126440e-01	-8.086408e+01
8.83          	1.294483e+00	-2.416867e-02	-8.015160e+01	-4.006302e+01	4.078839e+01	-6.491486e-01	-3.941578e+01	4.071026e+01	-6.612329e-01	6.370643e-01	7.125887e-01	-8.086419e+01
8.84          	1.294484e+00	-2.408364e-02	-8.015177e+01	-4.006314e+01	4.078842e+01	-6.491181e-01	-3.941590e+01	4.071039e+01	-6.611600e-01	6.370763e-01	7.125331e-01	-8.086430e+01
8.85          	1.294484e+00	-2.399999e-02	-8.015194e+01	-4.006326e+01	4.078845e+01	-6.490877e-01	-3.941602e+01	4.071051e+01	-6.610877e-01	6.370877e-01	7.124771e-01	-8.086441e+01
8.86          	1.294483e+00	-2.391775e-02	-8.015210e+01	-4.006338e+01	4.078847e+01	-6.490572e-01	-3.941614e+01	4.071062e+01	-6.610161e-01	6.370984e-01	7.124208e-01	-8.086452e+01
8.87          	1.294480e+00	-2.383692e-02	-8.015227e+01	-4.006350e+01	4.078850e+01	-6.490268e-01	-3.941626e+01	4.071074e+01	-6.609453e-01	6.371083e-01	7.123640e-01	-8.086463e+01
8.88          	1.294477e+00	-2.375745e-02	-8.015243e+01	-4.006362e+01	4.078852e+01	-6.489964e-01	-3.941638e+01	4.071086e+01	-6.608751e-01	6.371176e-01	7.123070e-01	-8.086474e+01
8.89          	1.294472e+00	-2.367933e-02	-8.015260e+01	-4.006373e+01	4.078855e+01	-6.489660e-01	-3.941650e+01	4.071097e+01	-6.608056e-01	6.371263e-01	7.122495e-01	-8.086485e+01
8.9           	1.294467e+00	-2.360251e-02	-8.015276e+01	-4.006385e+01	4.078857e+01	-6.489357e-01	-3.941662e+01	4.071108e+01	-6.607369e-01	6.371344e-01	7.121918e-01	-8.086495e+01
8.91          	1.294461e+00	-2.352689e-02	-8.015292e+01	-4.006396e+01	4.078860e+01	-6.489054e-01	-3.941673e+01	4.071119e+01	-6.606689e-01	6.371420e-01	7.121339e-01	-8.086506e+01
8.92          	1.294454e+00	-2.345238e-02	-8.015309e+01	-4.006408e+01	4.078862e+01	-6.488753e-01	-3.941685e+01	4.071130e+01	-6.606015e-01	6.371491e-01	7.120758e-01	-8.086516e+01
8.93          	1.294446e+00	-2.337896e-02	-8.015325e+01	-4.006419e+01	4.078864e+01	-6.488453e-01	-3.941697e+01	4.071141e+01	-6.605348e-01	6.371559e-01	7.120175e-01	-8.086527e+01
8.94          	1.294438e+00	-2.330665e-02	-8.015341e+01	-4.006430e+01	4.078866e+01	-6.488156e-01	-3.941708e+01	4.071152e+01	-6.604689e-01	6.371623e-01	7.119591e-01	-8.086537e+01
8.95          	1.294429e+00	-2.323546e-02	-8.015357e+01	-4.006441e+01	4.078869e+01	-6.487861e-01	-3.941720e+01	4.071163e+01	-6.604038e-01	6.371683e-01	7.119006e-01	-8.086547e+01
8.96          	1.294420e+00	-2.316543e-02	-8.015373e+01	-4.006453e+01	4.078871e+01	-6.487568e-01	-3.941732e+01	4.071174e+01	-6.603395e-01	6.371740e-01	7.118419e-01	-8.086557e+01
8.97          	1.294411e+00	-2.309661e-02	-8.015389e+01	-4.006464e+01	4.078873e+01	-6.487277e-01	-3.941743e+01	4.071184e+01	-6.602760e-01	6.371794e-01	7.117831e-01	-8.086567e+01
8.98          	1.294400e+00	-2.302903e-02	-8.015405e+01	-4.006475e+01	4.078875e+01	-6.486989e-01	-3.941755e+01	4.071195e+01	-6.602134e-01	6.371843e-01	7.117241e-01	-8.086577e+01
8.99          	1.294389e+00	-2.296269e-02	-8.015421e+01	-4.006486e+01	4.078877e+01	-6.486702e-01	-3.941766e+01	4.071205e+01	-6.601515e-01	6.371889e-01	7.116649e-01	-8.086587e+01
9             	1.294378e+00	-2.289758e-02	-8.015437e+01	-4.006497e+01	4.078879e+01	-6.486417e-01	-3.941778e+01	4.071215e+01	-6.600905e-01	6.371929e-01	7.116055e-01	-8.086597e+01
9.01          	1.294365e+00	-2.283367e-02	-8.015453e+01	-4.006507e+01	4.078881e+01	-6.486132e-01	-3.941789e+01	4.071226e+01	-6.600300e-01	6.371964e-01	7.115458e-01	-8.086607e+01
9.02          	1.294352e+00	-2.277088e-02	-8.015469e+01	-4.006518e+01	4.078883e+01	-6.485847e-01	-3.941801e+01	4.071236e+01	-6.599701e-01	6.371992e-01	7.114857e-01	-8.086617e+01
9.03          	1.294337e+00	-2.270912e-02	-8.015484e+01	-4.006529e+01	4.078885e+01	-6.485561e-01	-3.941812e+01	4.071246e+01	-6.599107e-01	6.372016e-01	7.114254e-01	-8.086627e+01
9.04          	1.294322e+00	-2.264831e-02	-8.015500e+01	-4.006540e+01	4.078887e+01	-6.485275e-01	-3.941824e+01	4.071256e+01	-6.598516e-01	6.372033e-01	7.113647e-01	-8.086637e+01
9.05          	1.294306e+00	-2.258841e-02	-8.015516e+01	-4.006551e+01	4.078889e+01	-6.484988e-01	-3.941835e+01	4.071266e+01	-6.597930e-01	6.372046e-01	7.113037e-01	-8.086647e+01
9.06          	1.294289e+00	-2.252939e-02	-8.015533e+01	-4.006561e+01	4.078891e+01	-6.484702e-01	-3.941847e+01	4.071276e+01	-6.597349e-01	6.372055e-01	7.112425e-01	-8.086657e+01
9.07          	1.294271e+00	-2.247123e-02	-8.015549e+01	-4.006572e+01	4.078892e+01	-6.484417e-01	-3.941859e+01	4.071286e+01	-6.596773e-01	6.372060e-01	7.111810e-01	-8.086667e+01
9.08          	1.294253e+00	-2.241397e-02	-8.015565e+01	-4.006583e+01	4.078894e+01	-6.484133e-01	-3.941870e+01	4.071296e+01	-6.596203e-01	6.372063e-01	7.111195e-01	-8.086677e+01
9.09          	1.294234e+00	-2.235761e-02	-8.015581e+01	-4.006594e+01	4.078896e+01	-6.483852e-01	-3.941882e+01	4.071305e+01	-6.595640e-01	6.372064e-01	7.110579e-01	-8.086687e+01
9.1           	1.294216e+00	-2.230214e-02	-8.015597e+01	-4.006604e+01	4.078898e+01	-6.483573e-01	-3.941894e+01	4.071315e+01	-6.595084e-01	6.372062e-01	7.109962e-01	-8.086697e+01
9.11          	1.294197e+00	-2.224751e-02	-8.015614e+01	-4.006615e+01	4.078900e+01	-6.483297e-01	-3.941905e+01	4.071325e+01	-6.594534e-01	6.372059e-01	7.109345e-01	-8.086707e+01
9.12          	1.294178e+00	-2.219372e-02	-8.015630e+01	-4.006626e+01	4.078902e+01	-6.483024e-01	-3.941917e+01	4.071335e+01	-6.593992e-01	6.372055e-01	7.108727e-01	-8.086717e+01
9.13          	1.294158e+00	-2.214082e-02	-8.015647e+01	-4.006637e+01	4.078904e+01	-6.482753e-01	-3.941929e+01	4.071345e+01	-6.593457e-01	6.372049e-01	7.108110e-01	-8.086728e+01
9.14          	1.294139e+00	-2.208882e-02	-8.015663e+01	-4.006648e+01	4.078907e+01	-6.482486e-01	-3.941941e+01	4.071354e+01	-6.592930e-01	6.372042e-01	7.107492e-01	-8.086738e+01
9.15          	1.294119e+00	-2.203777e-02	-8.015680e+01	-4.006658e+01	4.078909e+01	-6.482222e-01	-3.941952e+01	4.071364e+01	-6.592411e-01	6.372033e-01	7.106873e-01	-8.086749e+01
9.16          	1.294099e+00	-2.198772e-02	-8.015697e+01	-4.006669e+01	4.078911e+01	-6.481961e-01	-3.941964e+01	4.071374e+01	-6.591900e-01	6.372023e-01	7.106254e-01	-8.086759e+01
9.17          	1.294078e+00	-2.193873e-02	-8.015713e+01	-4.006680e+01	4.078913e+01	-6.481704e-01	-3.941976e+01	4.071384e+01	-6.591397e-01	6.372010e-01	7.105634e-01	-8.086770e+01
9.18          	1.294057e+00	-2.189081e-02	-8.015730e+01	-4.006691e+01	4.078915e+01	-6.481449e-01	-3.941988e+01	4.071393e+01	-6.590903e-01	6.371995e-01	7.105012e-01	-8.086780e+01
9.19          	1.294036e+00	-2.184396e-02	-8.015747e+01	-4.006701e+01	4.078917e+01	-6.481196e-01	-3.942000e+01	4.071403e+01	-6.590416e-01	6.371976e-01	7.104388e-01	-8.086791e+01
9.2           	1.294013e+00	-2.179819e-02	-8.015764e+01	-4.006712e+01	4.078920e+01	-6.480945e-01	-3.942011e+01	4.071413e+01	-6.589936e-01	6.371954e-01	7.103763e-01	-8.086802e+01
9.21          	1.293991e+00	-2.175345e-02	-8.015781e+01	-4.006723e+01	4.078922e+01	-6.480695e-01	-3.942023e+01	4.071422e+01	-6.589463e-01	6.371928e-01	7.103136e-01	-8.086812e+01
9.22          	1.293967e+00	-2.170972e-02	-8.015798e+01	-4.006733e+01	4.078924e+01	-6.480448e-01	-3.942035e+01	4.071432e+01	-6.588996e-01	6.371899e-01	7.102508e-01	-8.086823e+01
9.23          	1.293943e+00	-2.166698e-02	-8.015815e+01	-4.006744e+01	4.078926e+01	-6.480202e-01	-3.942047e+01	4.071441e+01	-6.588537e-01	6.371867e-01	7.101878e-01	-8.086834e+01
9.24          	1.293919e+00	-2.162521e-02	-8.015832e+01	-4.006755e+01	4.078929e+01	-6.479959e-01	-3.942059e+01	4.071451e+01	-6.588085e-01	6.371833e-01	7.101248e-01	-8.086845e+01
9.25          	1.293895e+00	-2.158437e-02	-8.015850e+01	-4.006765e+01	4.078931e+01	-6.479719e-01	-3.942071e+01	4.071460e+01	-6.587640e-01	6.371797e-01	7.100617e-01	-8.086856e+01
9.26          	1.293870e+00	-2.154441e-02	-8.015867e+01	-4.006776e+01	4.078933e+01	-6.479482e-01	-3.942083e+01	4.071470e+01	-6.587204e-01	6.371760e-01	7.099987e-01	-8.086867e+01
9.27          	1.293846e+00	-2.150529e-02	-8.015884e+01	-4.006787e+01	4.078936e+01	-6.479250e-01	-3.942094e+01	4.071479e+01	-6.586776e-01	6.371724e-01	7.099358e-01	-8.086877e+01
9.28          	1.293822e+00	-2.146698e-02	-8.015901e+01	-4.006797e+01	4.078938e+01	-6.479022e-01	-3.942106e+01	4.071488e+01	-6.586357e-01	6.371687e-01	7.098730e-01	-8.086888e+01
9.29          	1.293798e+00	-2.142948e-02	-8.015918e+01	-4.006808e+01	4.078940e+01	-6.478799e-01	-3.942118e+01	4.071498e+01	-6.585946e-01	6.371651e-01	7.098104e-01	-8.086899e+01
9.3           	1.293774e+00	-2.139282e-02	-8.015935e+01	-4.006818e+01	4.078942e+01	-6.478580e-01	-3.942130e+01	4.071507e+01	-6.585544e-01	6.371616e-01	7.097479e-01	-8.086910e+01
9.31          	1.293750e+00	-2.135704e-02	-8.015953e+01	-4.006829e+01	4.078945e+01	-6.478365e-01	-3.942141e+01	4.071516e+01	-6.585150e-01	6.371580e-01	7.096855e-01	-8.086921e+01
9.32          	1.293727e+00	-2.132220e-02	-8.015970e+01	-4.006839e+01	4.078947e+01	-6.478155e-01	-3.942153e+01	4.071525e+01	-6.584766e-01	6.371544e-01	7.096231e-01	-8.086932e+01
9.33          	1.293703e+00	-2.128837e-02	-8.015987e+01	-4.006849e+01	4.078949e+01	-6.477950e-01	-3.942164e+01	4.071535e+01	-6.584391e-01	6.371508e-01	7.095608e-01	-8.086943e+01
9.34          	1.293679e+00	-2.125561e-02	-8.016004e+01	-4.006860e+01	4.078952e+01	-6.477748e-01	-3.942176e+01	4.071544e+01	-6.584026e-01	6.371470e-01	7.094986e-01	-8.086954e+01
9.35          	1.293655e+00	-2.122400e-02	-8.016021e+01	-4.006870e+01	4.078954e+01	-6.477552e-01	-3.942187e+01	4.071553e+01	-6.583672e-01	6.371432e-01	7.094363e-01	-8.086965e+01
9.36          	1.293631e+00	-2.119355e-02	-8.016038e+01	-4.006880e+01	4.078956e+01	-6.477359e-01	-3.942199e+01	4.071562e+01	-6.583327e-01	6.371391e-01	7.093740e-01	-8.086975e+01
9.37          	1.293606e+00	-2.116427e-02	-8.016055e+01	-4.006890e+01	4.078959e+01	-6.477171e-01	-3.942210e+01	4.071571e+01	-6.582992e-01	6.371349e-01	7.093116e-01	-8.086986e+01
9.38          	1.293582e+00	-2.113612e-02	-8.016072e+01	-4.006900e+01	4.078961e+01	-6.476986e-01	-3.942221e+01	4.071579e+01	-6.582667e-01	6.371306e-01	7.092493e-01	-8.086997e+01
9.39          	1.293557e+00	-2.110906e-02	-8.016089e+01	-4.006910e+01	4.078963e+01	-6.476806e-01	-3.942232e+01	4.071588e+01	-6.582352e-01	6.371261e-01	7.091869e-01	-8.087007e+01
9.4           	1.293532e+00	-2.108302e-02	-8.016105e+01	-4.006920e+01	4.078965e+01	-6.476630e-01	-3.942243e+01	4.071597e+01	-6.582045e-01	6.371215e-01	7.091246e-01	-8.087018e+01
9.41          	1.293507e+00	-2.105795e-02	-8.016122e+01	-4.006930e+01	4.078967e+01	-6.476458e-01	-3.942255e+01	4.071605e+01	-6.581748e-01	6.371169e-01	7.090623e-01	-8.087028e+01
9.42          	1.293482e+00	-2.103380e-02	-8.016139e+01	-4.006940e+01	4.078969e+01	-6.476290e-01	-3.942266e+01	4.071614e+01	-6.581459e-01	6.371121e-01	7.090001e-01	-8.087039e+01
9.43          	1.293457e+00	-2.101056e-02	-8.016156e+01	-4.006949e+01	4.078972e+01	-6.476127e-01	-3.942276e+01	4.071622e+01	-6.581180e-01	6.371074e-01	7.089381e-01	-8.087049e+01
9.44          	1.293432e+00	-2.098827e-02	-8.016172e+01	-4.006959e+01	4.078974e+01	-6.475968e-01	-3.942287e+01	4.071631e+01	-6.580910e-01	6.371027e-01	7.088761e-01	-8.087060e+01
9.45          	1.293408e+00	-2.096690e-02	-8.016189e+01	-4.006969e+01	4.078976e+01	-6.475815e-01	-3.942298e+01	4.071639e+01	-6.580649e-01	6.370980e-01	7.088144e-01	-8.087070e+01
9.46          	1.293384e+00	-2.094647e-02	-8.016205e+01	-4.006978e+01	4.078978e+01	-6.475667e-01	-3.942309e+01	4.071647e+01	-6.580399e-01	6.370934e-01	7.087528e-01	-8.087081e+01
9.47          	1.293360e+00	-2.092697e-02	-8.016222e+01	-4.006988e+01	4.078980e+01	-6.475524e-01	-3.942320e+01	4.071656e+01	-6.580159e-01	6.370889e-01	7.086914e-01	-8.087091e+01
9.48          	1.293337e+00	-2.090839e-02	-8.016238e+01	-4.006997e+01	4.078982e+01	-6.475387e-01	-3.942330e+01	4.071664e+01	-6.579929e-01	6.370845e-01	7.086302e-01	-8.087101e+01
9.49          	1.293313e+00	-2.089074e-02	-8.016255e+01	-4.007006e+01	4.078984e+01	-6.475255e-01	-3.942341e+01	4.071672e+01	-6.579709e-01	6.370801e-01	7.085692e-01	-8.087112e+01
9.5           	1.293290e+00	-2.087402e-02	-8.016271e+01	-4.007016e+01	4.078986e+01	-6.475128e-01	-3.942351e+01	4.071680e+01	-6.579498e-01	6.370758e-01	7.085083e-01	-8.087122e+01
9.51          	1.293268e+00	-2.085823e-02	-8.016287e+01	-4.007025e+01	4.078988e+01	-6.475006e-01	-3.942361e+01	4.071688e+01	-6.579298e-01	6.370715e-01	7.084476e-01	-8.087132e+01
9.52          	1.293245e+00	-2.084340e-02	-8.016304e+01	-4.007034e+01	4.078990e+01	-6.474889e-01	-3.942372e+01	4.071696e+01	-6.579106e-01	6.370672e-01	7.083869e-01	-8.087142e+01
9.53          	1.293222e+00	-2.082956e-02	-8.016320e+01	-4.007043e+01	4.078993e+01	-6.474775e-01	-3.942382e+01	4.071704e+01	-6.578922e-01	6.370627e-01	7.083262e-01	-8.087152e+01
9.54          	1.293199e+00	-2.081673e-02	-8.016336e+01	-4.007052e+01	4.078995e+01	-6.474664e-01	-3.942392e+01	4.071712e+01	-6.578748e-01	6.370580e-01	7.082655e-01	-8.087163e+01
9.55          	1.293175e+00	-2.080493e-02	-8.016352e+01	-4.007061e+01	4.078997e+01	-6.474557e-01	-3.942402e+01	4.071720e+01	-6.578581e-01	6.370532e-01	7.082049e-01	-8.087173e+01
9.56          	1.293152e+00	-2.079415e-02	-8.016368e+01	-4.007070e+01	4.078999e+01	-6.474452e-01	-3.942412e+01	4.071728e+01	-6.578423e-01	6.370482e-01	7.081443e-01	-8.087183e+01
9.57          	1.293128e+00	-2.078435e-02	-8.016385e+01	-4.007079e+01	4.079001e+01	-6.474352e-01	-3.942423e+01	4.071735e+01	-6.578273e-01	6.370430e-01	7.080837e-01	-8.087193e+01
9.58          	1.293105e+00	-2.077548e-02	-8.016401e+01	-4.007088e+01	4.079003e+01	-6.474254e-01	-3.942433e+01	4.071743e+01	-6.578132e-01	6.370377e-01	7.080232e-01	-8.087203e+01
9.59          	1.293081e+00	-2.076744e-02	-8.016417e+01	-4.007097e+01	4.079005e+01	-6.474160e-01	-3.942443e+01	4.071751e+01	-6.577998e-01	6.370323e-01	7.079628e-01	-8.087213e+01
9.6           	1.293058e+00	-2.076017e-02	-8.016433e+01	-4.007105e+01	4.079007e+01	-6.474070e-01	-3.942453e+01	4.071758e+01	-6.577871e-01	6.370269e-01	7.079026e-01	-8.087223e+01
9.61          	1.293035e+00	-2.075358e-02	-8.016449e+01	-4.007114e+01	4.079009e+01	-6.473983e-01	-3.942462e+01	4.071766e+01	-6.577750e-01	6.370215e-01	7.078426e-01	-8.087233e+01
9.62          	1.293012e+00	-2.074762e-02	-8.016465e+01	-4.007123e+01	4.079011e+01	-6.473898e-01	-3.942472e+01	4.071774e+01	-6.577636e-01	6.370160e-01	7.077827e-01	-8.087244e+01
9.63          	1.292989e+00	-2.074227e-02	-8.016482e+01	-4.007132e+01	4.079013e+01	-6.473817e-01	-3.942482e+01	4.071781e+01	-6.577528e-01	6.370105e-01	7.077230e-01	-8.087254e+01
9.64          	1.292966e+00	-2.073754e-02	-8.016498e+01	-4.007140e+01	4.079015e+01	-6.473738e-01	-3.942492e+01	4.071789e+01	-6.577426e-01	6.370050e-01	7.076635e-01	-8.087264e+01
9.65          	1.292943e+00	-2.073348e-02	-8.016514e+01	-4.007149e+01	4.079017e+01	-6.473662e-01	-3.942502e+01	4.071796e+01	-6.577329e-01	6.369994e-01	7.076042e-01	-8.087274e+01
9.66          	1.292920e+00	-2.073018e-02	-8.016530e+01	-4.007158e+01	4.079020e+01	-6.473589e-01	-3.942512e+01	4.071804e+01	-6.577239e-01	6.369938e-01	7.075451e-01	-8.087285e+01
9.67          	1.292898e+00	-2.072775e-02	-8.016547e+01	-4.007166e+01	4.079022e+01	-6.473519e-01	-3.942521e+01	4.071811e+01	-6.577158e-01	6.369881e-01	7.074862e-01	-8.087295e+01
9.68          	1.292875e+00	-2.072624e-02	-8.016563e+01	-4.007175e+01	4.079024e+01	-6.473455e-01	-3.942531e+01	4.071819e+01	-6.577086e-01	6.369823e-01	7.074274e-01	-8.087306e+01
9.69          	1.292854e+00	-2.072568e-02	-8.016579e+01	-4.007184e+01	4.079026e+01	-6.473394e-01	-3.942541e+01	4.071826e+01	-6.577023e-01	6.369766e-01	7.073687e-01	-8.087316e+01
9.7           	1.292832e+00	-2.072606e-02	-8.016596e+01	-4.007192e+01	4.079029e+01	-6.473338e-01	-3.942551e+01	4.071834e+01	-6.576968e-01	6.369708e-01	7.073101e-01	-8.087327e+01
9.71          	1.292810e+00	-2.072736e-02	-8.016612e+01	-4.007201e+01	4.079031e+01	-6.473284e-01	-3.942560e+01	4.071841e+01	-6.576921e-01	6.369647e-01	7.072515e-01	-8.087337e+01
9.72          	1.292787e+00	-2.072948e-02	-8.016628e+01	-4.007209e+01	4.079033e+01	-6.473230e-01	-3.942570e+01	4.071849e+01	-6.576878e-01	6.369583e-01	7.071928e-01	-8.087348e+01
9.73          	1.292764e+00	-2.073228e-02	-8.016645e+01	-4.007218e+01	4.079036e+01	-6.473176e-01	-3.942580e+01	4.071856e+01	-6.576838e-01	6.369515e-01	7.071342e-01	-8.087358e+01
9.74          	1.292741e+00	-2.073567e-02	-8.016661e+01	-4.007226e+01	4.079038e+01	-6.473122e-01	-3.942589e+01	4.071863e+01	-6.576800e-01	6.369444e-01	7.070754e-01	-8.087369e+01
9.75          	1.292717e+00	-2.073958e-02	-8.016678e+01	-4.007235e+01	4.079041e+01	-6.473068e-01	-3.942599e+01	4.071871e+01	-6.576766e-01	6.369370e-01	7.070168e-01	-8.087380e+01
9.76          	1.292694e+00	-2.074412e-02	-8.016695e+01	-4.007243e+01	4.079043e+01	-6.473017e-01	-3.942609e+01	4.071878e+01	-6.576737e-01	6.369296e-01	7.069582e-01	-8.087391e+01
9.77          	1.292671e+00	-2.074940e-02	-8.016711e+01	-4.007252e+01	4.079046e+01	-6.472973e-01	-3.942618e+01	4.071886e+01	-6.576720e-01	6.369226e-01	7.068998e-01	-8.087401e+01
9.78          	1.292648e+00	-2.075551e-02	-8.016728e+01	-4.007261e+01	4.079048e+01	-6.472936e-01	-3.942628e+01	4.071893e+01	-6.576714e-01	6.369159e-01	7.068418e-01	-8.087412e+01
9.79          	1.292626e+00	-2.076246e-02	-8.016745e+01	-4.007269e+01	4.079051e+01	-6.472908e-01	-3.942638e+01	4.071900e+01	-6.576720e-01	6.369096e-01	7.067841e-01	-8.087423e+01
9.8           	1.292605e+00	-2.077013e-02	-8.016762e+01	-4.007278e+01	4.079054e+01	-6.472887e-01	-3.942647e+01	4.071908e+01	-6.576737e-01	6.369036e-01	7.067267e-01	-8.087435e+01
9.81          	1.292585e+00	-2.077847e-02	-8.016779e+01	-4.007286e+01	4.079056e+01	-6.472871e-01	-3.942657e+01	4.071915e+01	-6.576763e-01	6.368978e-01	7.066696e-01	-8.087446e+01
9.82          	1.292564e+00	-2.078739e-02	-8.016796e+01	-4.007295e+01	4.079059e+01	-6.472858e-01	-3.942666e+01	4.071923e+01	-6.576795e-01	6.368921e-01	7.066127e-01	-8.087457e+01
9.83          	1.292544e+00	-2.079692e-02	-8.016813e+01	-4.007303e+01	4.079062e+01	-6.472849e-01	-3.942676e+01	4.071930e+01	-6.576833e-01	6.368864e-01	7.065559e-01	-8.087468e+01
9.84          	1.292524e+00	-2.080712e-02	-8.016830e+01	-4.007312e+01	4.079065e+01	-6.472840e-01	-3.942685e+01	4.071938e+01	-6.576876e-01	6.368805e-01	7.064992e-01	-8.087480e+01
9.85          	1.292504e+00	-2.081806e-02	-8.016847e+01	-4.007320e+01	4.079068e+01	-6.472833e-01	-3.942695e+01	4.071945e+01	-6.576923e-01	6.368742e-01	7.064426e-01	-8.087491e+01
9.86          	1.292483e+00	-2.082979e-02	-8.016864e+01	-4.007329e+01	4.079071e+01	-6.472825e-01	-3.942705e+01	4.071953e+01	-6.576974e-01	6.368676e-01	7.063859e-01	-8.087503e+01
9.87          	1.292462e+00	-2.084223e-02	-8.016881e+01	-4.007337e+01	4.079074e+01	-6.472818e-01	-3.942714e+01	4.071960e+01	-6.577029e-01	6.368607e-01	7.063292e-01	-8.087514e+01
9.88          	1.292440e+00	-2.085527e-02	-8.016898e+01	-4.007346e+01	4.079076e+01	-6.472811e-01	-3.942724e+01	4.071968e+01	-6.577088e-01	6.368535e-01	7.062725e-01	-8.087526e+01
9.89          	1.292419e+00	-2.086882e-02	-8.016916e+01	-4.007354e+01	4.079079e+01	-6.472806e-01	-3.942733e+01	4.071975e+01	-6.577150e-01	6.368462e-01	7.062159e-01	-8.087537e+01
9.9           	1.292397e+00	-2.088281e-02	-8.016933e+01	-4.007363e+01	4.079082e+01	-6.472802e-01	-3.942743e+01	4.071982e+01	-6.577216e-01	6.368388e-01	7.061592e-01	-8.087549e+01
9.91          	1.292375e+00	-2.089726e-02	-8.016950e+01	-4.007371e+01	4.079085e+01	-6.472799e-01	-3.942752e+01	4.071990e+01	-6.577285e-01	6.368313e-01	7.061026e-01	-8.087560e+01
9.92          	1.292353e+00	-2.091223e-02	-8.016968e+01	-4.007380e+01	4.079088e+01	-6.472797e-01	-3.942762e+01	4.071997e+01	-6.577358e-01	6.368236e-01	7.060460e-01	-8.087572e+01
9.93          	1.292331e+00	-2.092772e-02	-8.016985e+01	-4.007388e+01	4.079091e+01	-6.472794e-01	-3.942772e+01	4.072005e+01	-6.577433e-01	6.368155e-01	7.059895e-01	-8.087584e+01
9.94          	1.292308e+00	-2.094372e-02	-8.017002e+01	-4.007396e+01	4.079094e+01	-6.472790e-01	-3.942781e+01	4.072012e+01	-6.577508e-01	6.368071e-01	7.059330e-01	-8.087596e+01
9.95          	1.292285e+00	-2.096010e-02	-8.017020e+01	-4.007405e+01	4.079098e+01	-6.472784e-01	-3.942791e+01	4.072019e+01	-6.577585e-01	6.367984e-01	7.058766e-01	-8.087607e+01
9.96          	1.292262e+00	-2.097679e-02	-8.017037e+01	-4.007413e+01	4.079101e+01	-6.472777e-01	-3.942800e+01	4.072026e+01	-6.577661e-01	6.367893e-01	7.058202e-01	-8.087619e+01
9.97          	1.292238e+00	-2.099371e-02	-8.017055e+01	-4.007422e+01	4.079104e+01	-6.472769e-01	-3.942810e+01	4.072034e+01	-6.577738e-01	6.367801e-01	7.057640e-01	-8.087631e+01
9.98          	1.292215e+00	-2.101091e-02	-8.017072e+01	-4.007430e+01	4.079107e+01	-6.472761e-01	-3.942820e+01	4.072041e+01	-6.577815e-01	6.367706e-01	7.057078e-01	-8.087643e+01
9.99          	1.292191e+00	-2.102843e-02	-8.017089e+01	-4.007439e+01	4.079110e+01	-6.472753e-01	-3.942829e+01	4.072048e+01	-6.577895e-01	6.367611e-01	7.056517e-01	-8.087655e+01
10            	1.292167e+00	-2.104636e-02	-8.017107e+01	-4.007447e+01	4.079113e+01	-6.472748e-01	-3.942839e+01	4.072055e+01	-6.577980e-01	6.367517e-01	7.055959e-01	-8.087666e+01
