# Force coefficients
# dragDir     : (1.000000e+00 0.000000e+00 0.000000e+00)
# sideDir     : (0.000000e+00 1.000000e+00 0.000000e+00)
# liftDir     : (0.000000e+00 0.000000e+00 1.000000e+00)
# rollAxis    : (1.000000e+00 0.000000e+00 0.000000e+00)
# pitchAxis   : (0.000000e+00 1.000000e+00 0.000000e+00)
# yawAxis     : (0.000000e+00 0.000000e+00 1.000000e+00)
# magUInf     : 5.000000e+01
# lRef        : 1.000000e+00
# Aref        : 1.000000e+00
# CofR        : (0.000000e+00 0.000000e+00 0.000000e+00)
#
# Time        	Cd            	Cs            	Cl            	CmRoll        	CmPitch       	CmYaw         	Cd(f)         	Cd(r)         	Cs(f)         	Cs(r)         	Cl(f)         	Cl(r)         
0.01          	6.327926e+01	-5.181007e-04	-8.113344e+01	-4.056656e+01	7.201697e+01	-3.164032e+01	-8.926931e+00	7.220619e+01	-3.164058e+01	3.164006e+01	3.145025e+01	-1.125837e+02
0.02          	7.064030e+01	1.730479e-03	-8.109312e+01	-4.054747e+01	7.544742e+01	-3.531977e+01	-5.227321e+00	7.586762e+01	-3.531890e+01	3.532063e+01	3.490085e+01	-1.159940e+02
0.03          	4.864595e+01	9.181307e-03	-8.087802e+01	-4.044298e+01	6.393309e+01	-2.431421e+01	-1.612000e+01	6.476595e+01	-2.430962e+01	2.431880e+01	2.349408e+01	-1.043721e+02
0.04          	1.255181e+01	9.312222e-03	-8.051144e+01	-4.026005e+01	4.547971e+01	-6.267521e+00	-3.398414e+01	4.653595e+01	-6.262865e+00	6.272178e+00	5.223993e+00	-8.573543e+01
0.05          	-2.419468e+01	6.476427e-03	-8.007967e+01	-4.004325e+01	2.701213e+01	1.210066e+01	-5.214059e+01	2.794591e+01	1.210390e+01	-1.209742e+01	-1.302770e+01	-6.705197e+01
0.06          	-4.723000e+01	1.028479e-02	-7.971843e+01	-3.986398e+01	1.567755e+01	2.362893e+01	-6.347898e+01	1.624898e+01	2.363408e+01	-2.362379e+01	-2.418167e+01	-5.553676e+01
0.07          	-5.286916e+01	9.750163e-03	-7.954551e+01	-3.977715e+01	1.323087e+01	2.645611e+01	-6.621173e+01	1.334257e+01	2.646099e+01	-2.645124e+01	-2.654188e+01	-5.300363e+01
0.08          	-4.317382e+01	7.589141e-03	-7.961637e+01	-3.981145e+01	1.850048e+01	2.161165e+01	-6.139836e+01	1.822454e+01	2.161544e+01	-2.160785e+01	-2.130770e+01	-5.830867e+01
0.09          	-2.397477e+01	3.864161e-03	-7.990454e+01	-3.995376e+01	2.847132e+01	1.200834e+01	-5.194114e+01	2.796637e+01	1.201027e+01	-1.200641e+01	-1.148096e+01	-6.842359e+01
0.1           	-2.384142e+00	3.943274e-04	-8.031432e+01	-4.015707e+01	3.951708e+01	1.204237e+00	-4.134914e+01	3.896500e+01	1.204435e+00	-1.204040e+00	-6.400822e-01	-7.967424e+01
0.11          	1.527620e+01	-2.037850e-03	-8.071822e+01	-4.035792e+01	4.843980e+01	-7.633874e+00	-3.271982e+01	4.799602e+01	-7.634893e+00	7.632855e+00	8.080685e+00	-8.879891e+01
0.12          	2.507175e+01	-3.613110e-03	-8.099901e+01	-4.049782e+01	5.327515e+01	-1.254007e+01	-2.796195e+01	5.303370e+01	-1.254187e+01	1.253826e+01	1.277564e+01	-9.377466e+01
0.13          	2.604199e+01	-4.375285e-03	-8.108715e+01	-4.054182e+01	5.360619e+01	-1.303171e+01	-2.752083e+01	5.356282e+01	-1.303390e+01	1.302953e+01	1.306262e+01	-9.414977e+01
0.14          	1.993706e+01	-3.047833e-03	-8.097713e+01	-4.048756e+01	5.036134e+01	-9.981588e+00	-3.051903e+01	5.045609e+01	-9.983112e+00	9.980064e+00	9.872781e+00	-9.084991e+01
0.15          	1.004248e+01	-1.064957e-04	-8.072198e+01	-4.036139e+01	4.523915e+01	-5.032375e+00	-3.534015e+01	4.538263e+01	-5.032429e+00	5.032322e+00	4.878159e+00	-8.560014e+01
0.16          	-8.703528e-02	7.061451e-04	-8.040962e+01	-4.020550e+01	4.005785e+01	3.496712e-02	-4.024902e+01	4.016198e+01	3.532020e-02	-3.461405e-02	-1.469616e-01	-8.026266e+01
0.17          	-7.638016e+00	3.096196e-03	-8.013591e+01	-4.006954e+01	3.624151e+01	3.816381e+00	-4.388855e+01	3.625053e+01	3.817929e+00	-3.814833e+00	-3.826450e+00	-7.630946e+01
0.18          	-1.112038e+01	4.390260e-03	-7.997359e+01	-3.998868e+01	3.453012e+01	5.562951e+00	-4.554887e+01	3.442849e+01	5.565146e+00	-5.560756e+00	-5.456678e+00	-7.451691e+01
0.19          	-1.048486e+01	5.127643e-03	-7.995354e+01	-3.997879e+01	3.492668e+01	5.249392e+00	-4.522122e+01	3.473636e+01	5.251956e+00	-5.246828e+00	-5.050084e+00	-7.490345e+01
0.2           	-6.819399e+00	5.316221e-03	-8.006187e+01	-4.003298e+01	3.685882e+01	3.418673e+00	-4.344268e+01	3.662328e+01	3.421332e+00	-3.416015e+00	-3.172116e+00	-7.688976e+01
0.21          	-1.805159e+00	4.601544e-03	-8.024911e+01	-4.012637e+01	3.945565e+01	9.111148e-01	-4.102895e+01	3.922379e+01	9.134156e-01	-9.088140e-01	-6.689081e-01	-7.958020e+01
0.22          	2.874793e+00	3.275385e-03	-8.045114e+01	-4.022683e+01	4.185480e+01	-1.431480e+00	-3.878943e+01	4.166422e+01	-1.429842e+00	1.433118e+00	1.629229e+00	-8.208037e+01
0.23          	5.996600e+00	1.889827e-03	-8.060824e+01	-4.030483e+01	4.343407e+01	-2.995940e+00	-3.730653e+01	4.330313e+01	-2.994995e+00	2.996885e+00	3.129950e+00	-8.373819e+01
0.24          	7.040381e+00	1.212633e-03	-8.068208e+01	-4.034151e+01	4.393564e+01	-3.520828e+00	-3.682132e+01	4.386170e+01	-3.520222e+00	3.521435e+00	3.594607e+00	-8.427668e+01
0.25          	6.177759e+00	6.859953e-04	-8.066419e+01	-4.033241e+01	4.345732e+01	-3.091897e+00	-3.724353e+01	4.342129e+01	-3.091554e+00	3.092240e+00	3.125219e+00	-8.378941e+01
0.26          	4.074531e+00	8.621952e-04	-8.057304e+01	-4.028701e+01	4.234837e+01	-2.041153e+00	-3.824974e+01	4.232427e+01	-2.040722e+00	2.041584e+00	2.061846e+00	-8.263489e+01
0.27          	1.596271e+00	1.829453e-03	-8.044478e+01	-4.022328e+01	4.105814e+01	-8.011457e-01	-3.942514e+01	4.102142e+01	-8.002310e-01	8.020604e-01	8.357533e-01	-8.128053e+01
0.28          	-4.769754e-01	2.636640e-03	-8.032036e+01	-4.016141e+01	3.998887e+01	2.370845e-01	-4.039990e+01	3.992292e+01	2.384028e-01	-2.357662e-01	-1.713089e-01	-8.014905e+01
0.29          	-1.649581e+00	3.262908e-03	-8.023296e+01	-4.011787e+01	3.939366e+01	8.253339e-01	-4.094266e+01	3.929308e+01	8.269653e-01	-8.237024e-01	-7.228158e-01	-7.951014e+01
0.3           	-1.786360e+00	3.671831e-03	-8.019994e+01	-4.010144e+01	3.933761e+01	8.956018e-01	-4.099462e+01	3.920826e+01	8.974378e-01	-8.937659e-01	-7.623603e-01	-7.943758e+01
0.31          	-1.072467e+00	3.602819e-03	-8.022042e+01	-4.011156e+01	3.972064e+01	5.397560e-01	-4.064780e+01	3.957533e+01	5.415574e-01	-5.379546e-01	-3.895753e-01	-7.983085e+01
0.32          	1.082219e-01	3.219648e-03	-8.027867e+01	-4.014049e+01	4.034087e+01	-5.044460e-02	-4.008638e+01	4.019460e+01	-4.883478e-02	5.205443e-02	2.015321e-01	-8.048020e+01
0.33          	1.323622e+00	2.800874e-03	-8.035099e+01	-4.017648e+01	4.097318e+01	-6.586912e-01	-3.951467e+01	4.083829e+01	-6.572908e-01	6.600917e-01	7.976829e-01	-8.114868e+01
0.34          	2.225036e+00	2.554172e-03	-8.041381e+01	-4.020783e+01	4.143726e+01	-1.110267e+00	-3.909531e+01	4.132035e+01	-1.108990e+00	1.111544e+00	1.230350e+00	-8.164416e+01
0.35          	2.627879e+00	2.482154e-03	-8.045023e+01	-4.022608e+01	4.163889e+01	-1.312677e+00	-3.891214e+01	4.154002e+01	-1.311436e+00	1.313918e+00	1.413771e+00	-8.186400e+01
0.36          	2.529065e+00	2.471067e-03	-8.045382e+01	-4.022794e+01	4.157872e+01	-1.264208e+00	-3.896340e+01	4.149247e+01	-1.262972e+00	1.265443e+00	1.351813e+00	-8.180563e+01
0.37          	2.068043e+00	2.519784e-03	-8.042834e+01	-4.021529e+01	4.133109e+01	-1.034264e+00	-3.918127e+01	4.124931e+01	-1.033004e+00	1.035524e+00	1.116921e+00	-8.154527e+01
0.38          	1.456814e+00	2.624068e-03	-8.038508e+01	-4.019371e+01	4.100768e+01	-7.287194e-01	-3.946530e+01	4.092211e+01	-7.274073e-01	7.300314e-01	8.151409e-01	-8.120022e+01
0.39          	9.035627e-01	2.715000e-03	-8.033821e+01	-4.017030e+01	4.071722e+01	-4.518025e-01	-3.971851e+01	4.062208e+01	-4.504450e-01	4.531600e-01	5.481178e-01	-8.088632e+01
0.4           	5.551567e-01	2.852319e-03	-8.030040e+01	-4.015142e+01	4.053596e+01	-2.769946e-01	-3.987384e+01	4.042900e+01	-2.755685e-01	2.784208e-01	3.857556e-01	-8.068616e+01
0.41          	4.680951e-01	2.918902e-03	-8.027960e+01	-4.014101e+01	4.049258e+01	-2.328370e-01	-3.990696e+01	4.037506e+01	-2.313776e-01	2.342965e-01	3.527861e-01	-8.063238e+01
0.42          	6.117570e-01	2.974633e-03	-8.027752e+01	-4.013995e+01	4.057010e+01	-3.041396e-01	-3.983407e+01	4.044582e+01	-3.026522e-01	3.056269e-01	4.313398e-01	-8.070886e+01
0.43          	8.964357e-01	2.948601e-03	-8.029038e+01	-4.014636e+01	4.072084e+01	-4.462481e-01	-3.969814e+01	4.059458e+01	-4.447738e-01	4.477224e-01	5.756553e-01	-8.086603e+01
0.44          	1.211307e+00	2.808261e-03	-8.031098e+01	-4.015658e+01	4.088641e+01	-6.038257e-01	-3.955093e+01	4.076224e+01	-6.024216e-01	6.052298e-01	7.309168e-01	-8.104190e+01
0.45          	1.460463e+00	2.713198e-03	-8.033127e+01	-4.016674e+01	4.101642e+01	-7.286993e-01	-3.943651e+01	4.089697e+01	-7.273427e-01	7.300559e-01	8.507842e-01	-8.118205e+01
0.46          	1.587536e+00	2.589842e-03	-8.034483e+01	-4.017347e+01	4.108160e+01	-7.927300e-01	-3.937970e+01	4.096724e+01	-7.914351e-01	7.940250e-01	9.091849e-01	-8.125401e+01
0.47          	1.583208e+00	2.588356e-03	-8.034836e+01	-4.017531e+01	4.107744e+01	-7.909090e-01	-3.938371e+01	4.096691e+01	-7.896148e-01	7.922032e-01	9.032629e-01	-8.125162e+01
0.48          	1.477923e+00	2.523477e-03	-8.034192e+01	-4.017208e+01	4.102032e+01	-7.386082e-01	-3.943312e+01	4.091104e+01	-7.373464e-01	7.398699e-01	8.493645e-01	-8.119128e+01
0.49          	1.324206e+00	2.553425e-03	-8.032832e+01	-4.016530e+01	4.093811e+01	-6.618403e-01	-3.950320e+01	4.082740e+01	-6.605636e-01	6.631170e-01	7.739517e-01	-8.110227e+01
0.5           	1.177567e+00	2.652515e-03	-8.031192e+01	-4.015713e+01	4.086027e+01	-5.884761e-01	-3.956834e+01	4.074591e+01	-5.871499e-01	5.898024e-01	7.043051e-01	-8.101623e+01
0.51          	1.078999e+00	2.786048e-03	-8.029704e+01	-4.014972e+01	4.080834e+01	-5.389287e-01	-3.961022e+01	4.068922e+01	-5.375357e-01	5.403217e-01	6.598215e-01	-8.095686e+01
0.52          	1.046978e+00	2.675303e-03	-8.028669e+01	-4.014449e+01	4.079189e+01	-5.228246e-01	-3.962100e+01	4.066798e+01	-5.214870e-01	5.241623e-01	6.485429e-01	-8.093523e+01
0.53          	1.076638e+00	2.623504e-03	-8.028217e+01	-4.014220e+01	4.080824e+01	-5.374756e-01	-3.960388e+01	4.068052e+01	-5.361639e-01	5.387874e-01	6.671518e-01	-8.094932e+01
0.54          	1.146238e+00	2.538487e-03	-8.028287e+01	-4.014249e+01	4.084566e+01	-5.721945e-01	-3.956937e+01	4.071561e+01	-5.709253e-01	5.734638e-01	7.042213e-01	-8.098709e+01
0.55          	1.227104e+00	2.456617e-03	-8.028686e+01	-4.014444e+01	4.088883e+01	-6.126145e-01	-3.953089e+01	4.075799e+01	-6.113862e-01	6.138428e-01	7.454014e-01	-8.103226e+01
0.56          	1.293405e+00	2.418518e-03	-8.029168e+01	-4.014687e+01	4.092404e+01	-6.457845e-01	-3.950016e+01	4.079357e+01	-6.445752e-01	6.469937e-01	7.782006e-01	-8.106988e+01
0.57          	1.328695e+00	2.342956e-03	-8.029519e+01	-4.014859e+01	4.094259e+01	-6.635605e-01	-3.948424e+01	4.081294e+01	-6.623890e-01	6.647320e-01	7.949896e-01	-8.109018e+01
0.58          	1.329343e+00	2.300549e-03	-8.029599e+01	-4.014898e+01	4.094262e+01	-6.640247e-01	-3.948430e+01	4.081365e+01	-6.628744e-01	6.651749e-01	7.946252e-01	-8.109061e+01
0.59          	1.302229e+00	2.242816e-03	-8.029372e+01	-4.014786e+01	4.092792e+01	-6.506036e-01	-3.949674e+01	4.079897e+01	-6.494822e-01	6.517250e-01	7.810545e-01	-8.107478e+01
0.6           	1.261025e+00	2.147384e-03	-8.028893e+01	-4.014543e+01	4.090575e+01	-6.301058e-01	-3.951492e+01	4.077594e+01	-6.290321e-01	6.311795e-01	7.612855e-01	-8.105022e+01
0.61          	1.220561e+00	2.040519e-03	-8.028284e+01	-4.014229e+01	4.088424e+01	-6.100075e-01	-3.953201e+01	4.075257e+01	-6.089872e-01	6.110277e-01	7.428199e-01	-8.102566e+01
0.62          	1.191849e+00	2.124110e-03	-8.027664e+01	-4.013925e+01	4.086897e+01	-5.955413e-01	-3.954333e+01	4.073518e+01	-5.944793e-01	5.966034e-01	7.306551e-01	-8.100729e+01
0.63          	1.180641e+00	2.235258e-03	-8.027152e+01	-4.013677e+01	4.086320e+01	-5.897693e-01	-3.954645e+01	4.072709e+01	-5.886517e-01	5.908869e-01	7.274396e-01	-8.099896e+01
0.64          	1.186076e+00	2.282318e-03	-8.026800e+01	-4.013502e+01	4.086632e+01	-5.923898e-01	-3.954198e+01	4.072806e+01	-5.912486e-01	5.935309e-01	7.323233e-01	-8.100032e+01
0.65          	1.202678e+00	2.297711e-03	-8.026614e+01	-4.013408e+01	4.087541e+01	-6.006299e-01	-3.953274e+01	4.073542e+01	-5.994811e-01	6.017788e-01	7.423367e-01	-8.100847e+01
0.66          	1.222836e+00	2.280096e-03	-8.026543e+01	-4.013369e+01	4.088625e+01	-6.106858e-01	-3.952228e+01	4.074511e+01	-6.095457e-01	6.118258e-01	7.535359e-01	-8.101897e+01
0.67          	1.239413e+00	2.206761e-03	-8.026532e+01	-4.013361e+01	4.089512e+01	-6.190100e-01	-3.951390e+01	4.075332e+01	-6.179066e-01	6.201134e-01	7.624607e-01	-8.102778e+01
0.68          	1.247827e+00	2.096520e-03	-8.026511e+01	-4.013347e+01	4.089956e+01	-6.233203e-01	-3.950956e+01	4.075739e+01	-6.222721e-01	6.243686e-01	7.669995e-01	-8.103211e+01
0.69          	1.246801e+00	2.021086e-03	-8.026432e+01	-4.013305e+01	4.089892e+01	-6.228875e-01	-3.950965e+01	4.075645e+01	-6.218770e-01	6.238980e-01	7.667582e-01	-8.103108e+01
0.7           	1.238057e+00	1.958249e-03	-8.026267e+01	-4.013221e+01	4.089409e+01	-6.185948e-01	-3.951318e+01	4.075124e+01	-6.176156e-01	6.195739e-01	7.627582e-01	-8.102543e+01
0.71          	1.225229e+00	1.924145e-03	-8.026028e+01	-4.013100e+01	4.088711e+01	-6.122172e-01	-3.951838e+01	4.074361e+01	-6.112551e-01	6.131793e-01	7.569653e-01	-8.101725e+01
0.72          	1.212405e+00	1.917116e-03	-8.025731e+01	-4.012952e+01	4.088010e+01	-6.058100e-01	-3.952332e+01	4.073572e+01	-6.048515e-01	6.067686e-01	7.514413e-01	-8.100876e+01
0.73          	1.202753e+00	1.969994e-03	-8.025425e+01	-4.012801e+01	4.087488e+01	-6.008856e-01	-3.952664e+01	4.072939e+01	-5.999006e-01	6.018706e-01	7.477530e-01	-8.100200e+01
0.74          	1.197872e+00	1.936463e-03	-8.025139e+01	-4.012654e+01	4.087224e+01	-5.984591e-01	-3.952760e+01	4.072547e+01	-5.974908e-01	5.994273e-01	7.465394e-01	-8.099793e+01
0.75          	1.197712e+00	1.942940e-03	-8.024899e+01	-4.012532e+01	4.087216e+01	-5.983560e-01	-3.952646e+01	4.072417e+01	-5.973846e-01	5.993275e-01	7.476622e-01	-8.099665e+01
0.76          	1.200791e+00	1.960848e-03	-8.024704e+01	-4.012437e+01	4.087377e+01	-5.998446e-01	-3.952397e+01	4.072476e+01	-5.988642e-01	6.008250e-01	7.502493e-01	-8.099728e+01
0.77          	1.204940e+00	1.927736e-03	-8.024553e+01	-4.012361e+01	4.087591e+01	-6.019472e-01	-3.952114e+01	4.072608e+01	-6.009834e-01	6.029111e-01	7.531491e-01	-8.099868e+01
0.78          	1.208168e+00	1.943630e-03	-8.024433e+01	-4.012304e+01	4.087753e+01	-6.035378e-01	-3.951895e+01	4.072712e+01	-6.025660e-01	6.045096e-01	7.553716e-01	-8.099970e+01
0.79          	1.209112e+00	1.962825e-03	-8.024320e+01	-4.012249e+01	4.087788e+01	-6.039881e-01	-3.951794e+01	4.072705e+01	-6.030067e-01	6.049695e-01	7.562768e-01	-8.099948e+01
0.8           	1.207349e+00	1.925614e-03	-8.024200e+01	-4.012187e+01	4.087673e+01	-6.031455e-01	-3.951819e+01	4.072554e+01	-6.021827e-01	6.041084e-01	7.557311e-01	-8.099773e+01
0.81          	1.203351e+00	1.919625e-03	-8.024063e+01	-4.012118e+01	4.087436e+01	-6.011492e-01	-3.951951e+01	4.072286e+01	-6.001894e-01	6.021090e-01	7.540459e-01	-8.099468e+01
0.82          	1.198185e+00	1.887556e-03	-8.023897e+01	-4.012034e+01	4.087130e+01	-5.985754e-01	-3.952125e+01	4.071944e+01	-5.976316e-01	5.995192e-01	7.518187e-01	-8.099079e+01
0.83          	1.192931e+00	1.869152e-03	-8.023718e+01	-4.011944e+01	4.086819e+01	-5.959483e-01	-3.952297e+01	4.071590e+01	-5.950137e-01	5.968829e-01	7.495941e-01	-8.098678e+01
0.84          	1.188563e+00	1.848203e-03	-8.023541e+01	-4.011853e+01	4.086559e+01	-5.937724e-01	-3.952425e+01	4.071281e+01	-5.928483e-01	5.946965e-01	7.478853e-01	-8.098329e+01
0.85          	1.185575e+00	1.838278e-03	-8.023372e+01	-4.011767e+01	4.086378e+01	-5.922704e-01	-3.952488e+01	4.071046e+01	-5.913512e-01	5.931895e-01	7.469165e-01	-8.098064e+01
0.86          	1.183940e+00	1.814419e-03	-8.023217e+01	-4.011687e+01	4.086271e+01	-5.914623e-01	-3.952490e+01	4.070884e+01	-5.905551e-01	5.923695e-01	7.466248e-01	-8.097880e+01
0.87          	1.183270e+00	1.796880e-03	-8.023078e+01	-4.011615e+01	4.086217e+01	-5.911311e-01	-3.952452e+01	4.070779e+01	-5.902327e-01	5.920296e-01	7.467779e-01	-8.097756e+01
0.88          	1.182972e+00	1.780997e-03	-8.022954e+01	-4.011552e+01	4.086182e+01	-5.909866e-01	-3.952403e+01	4.070700e+01	-5.900961e-01	5.918771e-01	7.470472e-01	-8.097659e+01
0.89          	1.182459e+00	1.771216e-03	-8.022839e+01	-4.011493e+01	4.086131e+01	-5.907329e-01	-3.952370e+01	4.070616e+01	-5.898473e-01	5.916185e-01	7.471184e-01	-8.097551e+01
0.9           	1.181333e+00	1.764573e-03	-8.022729e+01	-4.011438e+01	4.086045e+01	-5.901730e-01	-3.952371e+01	4.070505e+01	-5.892907e-01	5.910552e-01	7.468030e-01	-8.097409e+01
0.91          	1.179452e+00	1.762015e-03	-8.022620e+01	-4.011384e+01	4.085916e+01	-5.892344e-01	-3.952411e+01	4.070357e+01	-5.883533e-01	5.901154e-01	7.460538e-01	-8.097226e+01
0.92          	1.176911e+00	1.761548e-03	-8.022511e+01	-4.011330e+01	4.085751e+01	-5.879633e-01	-3.952484e+01	4.070175e+01	-5.870825e-01	5.888440e-01	7.449523e-01	-8.097006e+01
0.93          	1.173996e+00	1.760809e-03	-8.022399e+01	-4.011274e+01	4.085566e+01	-5.865037e-01	-3.952574e+01	4.069974e+01	-5.856233e-01	5.873841e-01	7.436671e-01	-8.096766e+01
0.94          	1.171058e+00	1.759621e-03	-8.022287e+01	-4.011218e+01	4.085382e+01	-5.850313e-01	-3.952665e+01	4.069771e+01	-5.841515e-01	5.859112e-01	7.423874e-01	-8.096526e+01
0.95          	1.168390e+00	1.758435e-03	-8.022176e+01	-4.011163e+01	4.085214e+01	-5.836931e-01	-3.952743e+01	4.069582e+01	-5.828138e-01	5.845723e-01	7.412638e-01	-8.096302e+01
0.96          	1.166154e+00	1.756398e-03	-8.022068e+01	-4.011108e+01	4.085071e+01	-5.825704e-01	-3.952801e+01	4.069416e+01	-5.816922e-01	5.834486e-01	7.403716e-01	-8.096105e+01
0.97          	1.164366e+00	1.752794e-03	-8.021966e+01	-4.011057e+01	4.084954e+01	-5.816724e-01	-3.952838e+01	4.069275e+01	-5.807960e-01	5.825488e-01	7.397096e-01	-8.095937e+01
0.98          	1.162901e+00	1.747349e-03	-8.021870e+01	-4.011008e+01	4.084855e+01	-5.809376e-01	-3.952863e+01	4.069153e+01	-5.800640e-01	5.818113e-01	7.392020e-01	-8.095790e+01
0.99          	1.161573e+00	1.739432e-03	-8.021780e+01	-4.010962e+01	4.084764e+01	-5.802747e-01	-3.952884e+01	4.069041e+01	-5.794050e-01	5.811444e-01	7.387378e-01	-8.095654e+01
1             	1.160216e+00	1.731333e-03	-8.021696e+01	-4.010920e+01	4.084671e+01	-5.795992e-01	-3.952909e+01	4.068930e+01	-5.787336e-01	5.804649e-01	7.382274e-01	-8.095519e+01
1.01          	1.158712e+00	1.724423e-03	-8.021616e+01	-4.010879e+01	4.084570e+01	-5.788514e-01	-3.952944e+01	4.068815e+01	-5.779891e-01	5.797136e-01	7.376148e-01	-8.095378e+01
1.02          	1.157012e+00	1.717928e-03	-8.021540e+01	-4.010841e+01	4.084458e+01	-5.780069e-01	-3.952990e+01	4.068691e+01	-5.771479e-01	5.788658e-01	7.368827e-01	-8.095228e+01
1.03          	1.155136e+00	1.709957e-03	-8.021468e+01	-4.010806e+01	4.084341e+01	-5.770866e-01	-3.953049e+01	4.068563e+01	-5.762316e-01	5.779415e-01	7.360637e-01	-8.095075e+01
1.04          	1.153127e+00	1.697942e-03	-8.021395e+01	-4.010768e+01	4.084213e+01	-5.760945e-01	-3.953111e+01	4.068424e+01	-5.752455e-01	5.769435e-01	7.351544e-01	-8.094910e+01
1.05          	1.151091e+00	1.686794e-03	-8.021323e+01	-4.010731e+01	4.084085e+01	-5.750852e-01	-3.953177e+01	4.068286e+01	-5.742418e-01	5.759286e-01	7.342362e-01	-8.094747e+01
1.06          	1.149135e+00	1.678343e-03	-8.021255e+01	-4.010697e+01	4.083965e+01	-5.741069e-01	-3.953240e+01	4.068154e+01	-5.732678e-01	5.749461e-01	7.333719e-01	-8.094592e+01
1.07          	1.147315e+00	1.673794e-03	-8.021189e+01	-4.010664e+01	4.083851e+01	-5.731914e-01	-3.953298e+01	4.068029e+01	-5.723545e-01	5.740283e-01	7.325716e-01	-8.094446e+01
1.08          	1.145648e+00	1.671855e-03	-8.021125e+01	-4.010632e+01	4.083747e+01	-5.723466e-01	-3.953350e+01	4.067914e+01	-5.715107e-01	5.731825e-01	7.318441e-01	-8.094309e+01
1.09          	1.144105e+00	1.671810e-03	-8.021063e+01	-4.010601e+01	4.083648e+01	-5.715620e-01	-3.953396e+01	4.067806e+01	-5.707261e-01	5.723979e-01	7.311656e-01	-8.094180e+01
1.1           	1.142627e+00	1.673578e-03	-8.021005e+01	-4.010572e+01	4.083553e+01	-5.708111e-01	-3.953441e+01	4.067703e+01	-5.699743e-01	5.716478e-01	7.305093e-01	-8.094056e+01
1.11          	1.141161e+00	1.677597e-03	-8.020949e+01	-4.010544e+01	4.083459e+01	-5.700681e-01	-3.953486e+01	4.067602e+01	-5.692293e-01	5.709069e-01	7.298473e-01	-8.093934e+01
1.12          	1.139678e+00	1.677063e-03	-8.020895e+01	-4.010516e+01	4.083364e+01	-5.693261e-01	-3.953532e+01	4.067500e+01	-5.684875e-01	5.701646e-01	7.291692e-01	-8.093812e+01
1.13          	1.138140e+00	1.681288e-03	-8.020843e+01	-4.010490e+01	4.083267e+01	-5.685537e-01	-3.953583e+01	4.067397e+01	-5.677131e-01	5.693943e-01	7.284486e-01	-8.093688e+01
1.14          	1.136569e+00	1.685661e-03	-8.020794e+01	-4.010465e+01	4.083167e+01	-5.677666e-01	-3.953637e+01	4.067294e+01	-5.669238e-01	5.686095e-01	7.277048e-01	-8.093564e+01
1.15          	1.134977e+00	1.685375e-03	-8.020746e+01	-4.010441e+01	4.083067e+01	-5.669754e-01	-3.953692e+01	4.067190e+01	-5.661327e-01	5.678181e-01	7.269453e-01	-8.093440e+01
1.16          	1.133391e+00	1.686744e-03	-8.020699e+01	-4.010418e+01	4.082968e+01	-5.661853e-01	-3.953748e+01	4.067087e+01	-5.653419e-01	5.670286e-01	7.261867e-01	-8.093318e+01
1.17          	1.131836e+00	1.687471e-03	-8.020654e+01	-4.010395e+01	4.082871e+01	-5.654098e-01	-3.953803e+01	4.066987e+01	-5.645660e-01	5.662535e-01	7.254424e-01	-8.093198e+01
1.18          	1.130333e+00	1.688332e-03	-8.020610e+01	-4.010373e+01	4.082777e+01	-5.646585e-01	-3.953856e+01	4.066890e+01	-5.638144e-01	5.655027e-01	7.247219e-01	-8.093082e+01
1.19          	1.128896e+00	1.689937e-03	-8.020567e+01	-4.010352e+01	4.082687e+01	-5.639384e-01	-3.953907e+01	4.066797e+01	-5.630934e-01	5.647833e-01	7.240295e-01	-8.092970e+01
1.2           	1.127522e+00	1.692626e-03	-8.020526e+01	-4.010331e+01	4.082599e+01	-5.632497e-01	-3.953955e+01	4.066707e+01	-5.624034e-01	5.640960e-01	7.233620e-01	-8.092862e+01
1.21          	1.126199e+00	1.696984e-03	-8.020486e+01	-4.010312e+01	4.082514e+01	-5.625864e-01	-3.954002e+01	4.066621e+01	-5.617380e-01	5.634349e-01	7.227122e-01	-8.092757e+01
1.22          	1.124911e+00	1.701862e-03	-8.020447e+01	-4.010292e+01	4.082431e+01	-5.619415e-01	-3.954047e+01	4.066538e+01	-5.610906e-01	5.627925e-01	7.220714e-01	-8.092654e+01
1.23          	1.123640e+00	1.706468e-03	-8.020409e+01	-4.010274e+01	4.082348e+01	-5.613062e-01	-3.954092e+01	4.066456e+01	-5.604530e-01	5.621594e-01	7.214316e-01	-8.092552e+01
1.24          	1.122371e+00	1.709984e-03	-8.020373e+01	-4.010256e+01	4.082265e+01	-5.606737e-01	-3.954137e+01	4.066374e+01	-5.598187e-01	5.615287e-01	7.207878e-01	-8.092451e+01
1.25          	1.121106e+00	1.712843e-03	-8.020337e+01	-4.010238e+01	4.082182e+01	-5.600439e-01	-3.954182e+01	4.066293e+01	-5.591875e-01	5.609003e-01	7.201406e-01	-8.092351e+01
1.26          	1.119852e+00	1.716384e-03	-8.020301e+01	-4.010220e+01	4.082100e+01	-5.594197e-01	-3.954228e+01	4.066213e+01	-5.585615e-01	5.602779e-01	7.194945e-01	-8.092251e+01
1.27          	1.118623e+00	1.720647e-03	-8.020266e+01	-4.010203e+01	4.082019e+01	-5.588077e-01	-3.954272e+01	4.066134e+01	-5.579473e-01	5.596680e-01	7.188560e-01	-8.092152e+01
1.28          	1.117428e+00	1.725569e-03	-8.020232e+01	-4.010186e+01	4.081939e+01	-5.582121e-01	-3.954314e+01	4.066057e+01	-5.573493e-01	5.590749e-01	7.182298e-01	-8.092055e+01
1.29          	1.116270e+00	1.730121e-03	-8.020198e+01	-4.010169e+01	4.081861e+01	-5.576362e-01	-3.954356e+01	4.065983e+01	-5.567712e-01	5.585013e-01	7.176190e-01	-8.091960e+01
1.3           	1.115161e+00	1.732945e-03	-8.020164e+01	-4.010152e+01	4.081785e+01	-5.570853e-01	-3.954394e+01	4.065910e+01	-5.562188e-01	5.579517e-01	7.170267e-01	-8.091866e+01
1.31          	1.114102e+00	1.734910e-03	-8.020130e+01	-4.010135e+01	4.081710e+01	-5.565598e-01	-3.954430e+01	4.065841e+01	-5.556924e-01	5.574273e-01	7.164529e-01	-8.091775e+01
1.32          	1.113086e+00	1.736881e-03	-8.020096e+01	-4.010119e+01	4.081637e+01	-5.560550e-01	-3.954464e+01	4.065773e+01	-5.551866e-01	5.569234e-01	7.158932e-01	-8.091685e+01
1.33          	1.112101e+00	1.740043e-03	-8.020062e+01	-4.010102e+01	4.081565e+01	-5.555658e-01	-3.954497e+01	4.065707e+01	-5.546958e-01	5.564358e-01	7.153429e-01	-8.091596e+01
1.34          	1.111141e+00	1.744675e-03	-8.020029e+01	-4.010086e+01	4.081494e+01	-5.550882e-01	-3.954529e+01	4.065643e+01	-5.542159e-01	5.559606e-01	7.147984e-01	-8.091509e+01
1.35          	1.110200e+00	1.750043e-03	-8.019995e+01	-4.010069e+01	4.081423e+01	-5.546197e-01	-3.954559e+01	4.065579e+01	-5.537447e-01	5.554947e-01	7.142576e-01	-8.091421e+01
1.36          	1.109279e+00	1.753317e-03	-8.019962e+01	-4.010053e+01	4.081353e+01	-5.541617e-01	-3.954589e+01	4.065517e+01	-5.532851e-01	5.550384e-01	7.137202e-01	-8.091334e+01
1.37          	1.108391e+00	1.754251e-03	-8.019929e+01	-4.010036e+01	4.081283e+01	-5.537217e-01	-3.954617e+01	4.065456e+01	-5.528446e-01	5.545988e-01	7.131910e-01	-8.091248e+01
1.38          	1.107563e+00	1.749412e-03	-8.019895e+01	-4.010019e+01	4.081215e+01	-5.533138e-01	-3.954641e+01	4.065398e+01	-5.524391e-01	5.541885e-01	7.126790e-01	-8.091163e+01
1.39          	1.106817e+00	1.740490e-03	-8.019860e+01	-4.010002e+01	4.081149e+01	-5.529480e-01	-3.954661e+01	4.065343e+01	-5.520777e-01	5.538182e-01	7.121913e-01	-8.091080e+01
1.4           	1.106159e+00	1.730807e-03	-8.019825e+01	-4.009984e+01	4.081086e+01	-5.526259e-01	-3.954676e+01	4.065292e+01	-5.517605e-01	5.534914e-01	7.117301e-01	-8.090998e+01
1.41          	1.105576e+00	1.725376e-03	-8.019790e+01	-4.009966e+01	4.081024e+01	-5.523395e-01	-3.954688e+01	4.065245e+01	-5.514768e-01	5.532022e-01	7.112912e-01	-8.090919e+01
1.42          	1.105042e+00	1.726642e-03	-8.019754e+01	-4.009949e+01	4.080964e+01	-5.520746e-01	-3.954697e+01	4.065201e+01	-5.512113e-01	5.529379e-01	7.108659e-01	-8.090841e+01
1.43          	1.104524e+00	1.732185e-03	-8.019719e+01	-4.009931e+01	4.080904e+01	-5.518162e-01	-3.954705e+01	4.065158e+01	-5.509501e-01	5.526823e-01	7.104439e-01	-8.090763e+01
1.44          	1.103998e+00	1.736835e-03	-8.019683e+01	-4.009914e+01	4.080843e+01	-5.515540e-01	-3.954714e+01	4.065114e+01	-5.506856e-01	5.524224e-01	7.100176e-01	-8.090685e+01
1.45          	1.103464e+00	1.734967e-03	-8.019647e+01	-4.009896e+01	4.080782e+01	-5.512909e-01	-3.954723e+01	4.065069e+01	-5.504234e-01	5.521584e-01	7.095875e-01	-8.090606e+01
1.46          	1.102943e+00	1.725566e-03	-8.019611e+01	-4.009878e+01	4.080722e+01	-5.510364e-01	-3.954730e+01	4.065025e+01	-5.501736e-01	5.518992e-01	7.091596e-01	-8.090527e+01
1.47          	1.102458e+00	1.711280e-03	-8.019574e+01	-4.009859e+01	4.080661e+01	-5.508014e-01	-3.954736e+01	4.064982e+01	-5.499458e-01	5.516571e-01	7.087414e-01	-8.090449e+01
1.48          	1.102024e+00	1.698802e-03	-8.019537e+01	-4.009840e+01	4.080602e+01	-5.505908e-01	-3.954738e+01	4.064941e+01	-5.497414e-01	5.514402e-01	7.083365e-01	-8.090371e+01
1.49          	1.101640e+00	1.690004e-03	-8.019499e+01	-4.009820e+01	4.080544e+01	-5.504042e-01	-3.954738e+01	4.064902e+01	-5.495592e-01	5.512492e-01	7.079444e-01	-8.090293e+01
1.5           	1.101297e+00	1.682671e-03	-8.019461e+01	-4.009801e+01	4.080487e+01	-5.502372e-01	-3.954736e+01	4.064866e+01	-5.493958e-01	5.510785e-01	7.075612e-01	-8.090217e+01
1.51          	1.100982e+00	1.676188e-03	-8.019423e+01	-4.009782e+01	4.080430e+01	-5.500844e-01	-3.954733e+01	4.064831e+01	-5.492463e-01	5.509225e-01	7.071832e-01	-8.090141e+01
1.52          	1.100683e+00	1.672989e-03	-8.019384e+01	-4.009763e+01	4.080373e+01	-5.499381e-01	-3.954729e+01	4.064797e+01	-5.491016e-01	5.507746e-01	7.068057e-01	-8.090065e+01
1.53          	1.100393e+00	1.668503e-03	-8.019346e+01	-4.009744e+01	4.080316e+01	-5.497965e-01	-3.954724e+01	4.064763e+01	-5.489623e-01	5.506308e-01	7.064268e-01	-8.089989e+01
1.54          	1.100108e+00	1.661864e-03	-8.019308e+01	-4.009725e+01	4.080259e+01	-5.496585e-01	-3.954719e+01	4.064730e+01	-5.488276e-01	5.504894e-01	7.060459e-01	-8.089913e+01
1.55          	1.099839e+00	1.654405e-03	-8.019270e+01	-4.009705e+01	4.080202e+01	-5.495277e-01	-3.954713e+01	4.064697e+01	-5.487005e-01	5.503549e-01	7.056661e-01	-8.089837e+01
1.56          	1.099596e+00	1.643699e-03	-8.019232e+01	-4.009686e+01	4.080145e+01	-5.494106e-01	-3.954706e+01	4.064666e+01	-5.485888e-01	5.502325e-01	7.052907e-01	-8.089761e+01
1.57          	1.099382e+00	1.631429e-03	-8.019193e+01	-4.009666e+01	4.080089e+01	-5.493082e-01	-3.954697e+01	4.064635e+01	-5.484925e-01	5.501239e-01	7.049208e-01	-8.089685e+01
1.58          	1.099197e+00	1.619363e-03	-8.019154e+01	-4.009646e+01	4.080033e+01	-5.492201e-01	-3.954686e+01	4.064606e+01	-5.484104e-01	5.500298e-01	7.045561e-01	-8.089610e+01
1.59          	1.099038e+00	1.606346e-03	-8.019115e+01	-4.009626e+01	4.079977e+01	-5.491455e-01	-3.954674e+01	4.064578e+01	-5.483423e-01	5.499487e-01	7.041955e-01	-8.089535e+01
1.6           	1.098901e+00	1.595069e-03	-8.019076e+01	-4.009606e+01	4.079922e+01	-5.490809e-01	-3.954661e+01	4.064551e+01	-5.482834e-01	5.498785e-01	7.038374e-01	-8.089460e+01
1.61          	1.098785e+00	1.583228e-03	-8.019037e+01	-4.009586e+01	4.079866e+01	-5.490267e-01	-3.954647e+01	4.064526e+01	-5.482351e-01	5.498183e-01	7.034810e-01	-8.089385e+01
1.62          	1.098689e+00	1.569930e-03	-8.018998e+01	-4.009566e+01	4.079811e+01	-5.489837e-01	-3.954632e+01	4.064501e+01	-5.481987e-01	5.497687e-01	7.031262e-01	-8.089310e+01
1.63          	1.098623e+00	1.557815e-03	-8.018959e+01	-4.009546e+01	4.079757e+01	-5.489556e-01	-3.954615e+01	4.064478e+01	-5.481767e-01	5.497345e-01	7.027762e-01	-8.089236e+01
1.64          	1.098600e+00	1.545017e-03	-8.018920e+01	-4.009526e+01	4.079703e+01	-5.489491e-01	-3.954596e+01	4.064456e+01	-5.481766e-01	5.497216e-01	7.024349e-01	-8.089163e+01
1.65          	1.098620e+00	1.530292e-03	-8.018880e+01	-4.009506e+01	4.079650e+01	-5.489651e-01	-3.954575e+01	4.064437e+01	-5.482000e-01	5.497303e-01	7.021030e-01	-8.089091e+01
1.66          	1.098681e+00	1.515440e-03	-8.018841e+01	-4.009486e+01	4.079598e+01	-5.490014e-01	-3.954552e+01	4.064420e+01	-5.482437e-01	5.497591e-01	7.017798e-01	-8.089019e+01
1.67          	1.098776e+00	1.499683e-03	-8.018801e+01	-4.009465e+01	4.079547e+01	-5.490541e-01	-3.954527e+01	4.064404e+01	-5.483042e-01	5.498039e-01	7.014629e-01	-8.088947e+01
1.68          	1.098891e+00	1.482622e-03	-8.018761e+01	-4.009445e+01	4.079496e+01	-5.491175e-01	-3.954500e+01	4.064389e+01	-5.483762e-01	5.498588e-01	7.011482e-01	-8.088876e+01
1.69          	1.099025e+00	1.465791e-03	-8.018722e+01	-4.009424e+01	4.079444e+01	-5.491902e-01	-3.954473e+01	4.064375e+01	-5.484573e-01	5.499231e-01	7.008350e-01	-8.088805e+01
1.7           	1.099174e+00	1.449269e-03	-8.018682e+01	-4.009404e+01	4.079393e+01	-5.492699e-01	-3.954445e+01	4.064362e+01	-5.485453e-01	5.499946e-01	7.005216e-01	-8.088734e+01
1.71          	1.099337e+00	1.434218e-03	-8.018642e+01	-4.009383e+01	4.079342e+01	-5.493559e-01	-3.954416e+01	4.064350e+01	-5.486387e-01	5.500730e-01	7.002075e-01	-8.088662e+01
1.72          	1.099513e+00	1.420775e-03	-8.018602e+01	-4.009363e+01	4.079290e+01	-5.494473e-01	-3.954387e+01	4.064338e+01	-5.487369e-01	5.501577e-01	6.998922e-01	-8.088591e+01
1.73          	1.099705e+00	1.409007e-03	-8.018562e+01	-4.009342e+01	4.079239e+01	-5.495462e-01	-3.954357e+01	4.064328e+01	-5.488417e-01	5.502507e-01	6.995766e-01	-8.088520e+01
1.74          	1.099918e+00	1.398286e-03	-8.018523e+01	-4.009322e+01	4.079188e+01	-5.496551e-01	-3.954326e+01	4.064318e+01	-5.489559e-01	5.503542e-01	6.992623e-01	-8.088449e+01
1.75          	1.100156e+00	1.388084e-03	-8.018484e+01	-4.009302e+01	4.079137e+01	-5.497767e-01	-3.954294e+01	4.064310e+01	-5.490827e-01	5.504707e-01	6.989509e-01	-8.088379e+01
1.76          	1.100421e+00	1.377400e-03	-8.018445e+01	-4.009282e+01	4.079087e+01	-5.499129e-01	-3.954261e+01	4.064303e+01	-5.492242e-01	5.506016e-01	6.986436e-01	-8.088309e+01
1.77          	1.100714e+00	1.365649e-03	-8.018407e+01	-4.009263e+01	4.079037e+01	-5.500639e-01	-3.954227e+01	4.064298e+01	-5.493811e-01	5.507467e-01	6.983410e-01	-8.088241e+01
1.78          	1.101033e+00	1.352137e-03	-8.018368e+01	-4.009243e+01	4.078988e+01	-5.502286e-01	-3.954191e+01	4.064295e+01	-5.495526e-01	5.509047e-01	6.980425e-01	-8.088172e+01
1.79          	1.101374e+00	1.337441e-03	-8.018330e+01	-4.009223e+01	4.078940e+01	-5.504047e-01	-3.954155e+01	4.064292e+01	-5.497360e-01	5.510734e-01	6.977474e-01	-8.088104e+01
1.8           	1.101734e+00	1.321943e-03	-8.018291e+01	-4.009203e+01	4.078891e+01	-5.505899e-01	-3.954117e+01	4.064290e+01	-5.499289e-01	5.512508e-01	6.974548e-01	-8.088037e+01
1.81          	1.102107e+00	1.305965e-03	-8.018253e+01	-4.009184e+01	4.078843e+01	-5.507818e-01	-3.954078e+01	4.064289e+01	-5.501288e-01	5.514348e-01	6.971633e-01	-8.087969e+01
1.82          	1.102491e+00	1.290789e-03	-8.018215e+01	-4.009164e+01	4.078794e+01	-5.509785e-01	-3.954039e+01	4.064288e+01	-5.503331e-01	5.516239e-01	6.968722e-01	-8.087902e+01
1.83          	1.102883e+00	1.276902e-03	-8.018176e+01	-4.009144e+01	4.078746e+01	-5.511779e-01	-3.954000e+01	4.064288e+01	-5.505395e-01	5.518164e-01	6.965804e-01	-8.087834e+01
1.84          	1.103284e+00	1.265446e-03	-8.018138e+01	-4.009124e+01	4.078698e+01	-5.513797e-01	-3.953960e+01	4.064289e+01	-5.507470e-01	5.520124e-01	6.962879e-01	-8.087767e+01
1.85          	1.103698e+00	1.256386e-03	-8.018100e+01	-4.009105e+01	4.078650e+01	-5.515863e-01	-3.953920e+01	4.064290e+01	-5.509581e-01	5.522145e-01	6.959963e-01	-8.087699e+01
1.86          	1.104130e+00	1.248262e-03	-8.018062e+01	-4.009086e+01	4.078602e+01	-5.518020e-01	-3.953879e+01	4.064292e+01	-5.511779e-01	5.524261e-01	6.957076e-01	-8.087633e+01
1.87          	1.104586e+00	1.239677e-03	-8.018025e+01	-4.009067e+01	4.078555e+01	-5.520299e-01	-3.953837e+01	4.064296e+01	-5.514101e-01	5.526498e-01	6.954239e-01	-8.087567e+01
1.88          	1.105068e+00	1.230408e-03	-8.017987e+01	-4.009048e+01	4.078508e+01	-5.522725e-01	-3.953794e+01	4.064301e+01	-5.516572e-01	5.528877e-01	6.951469e-01	-8.087502e+01
1.89          	1.105582e+00	1.219315e-03	-8.017951e+01	-4.009029e+01	4.078463e+01	-5.525321e-01	-3.953750e+01	4.064308e+01	-5.519224e-01	5.531417e-01	6.948787e-01	-8.087438e+01
1.9           	1.106127e+00	1.206128e-03	-8.017914e+01	-4.009010e+01	4.078419e+01	-5.528079e-01	-3.953703e+01	4.064316e+01	-5.522049e-01	5.534110e-01	6.946193e-01	-8.087376e+01
1.91          	1.106693e+00	1.190932e-03	-8.017877e+01	-4.008991e+01	4.078375e+01	-5.530960e-01	-3.953656e+01	4.064325e+01	-5.525005e-01	5.536915e-01	6.943669e-01	-8.087314e+01
1.92          	1.107273e+00	1.174522e-03	-8.017840e+01	-4.008972e+01	4.078332e+01	-5.533911e-01	-3.953608e+01	4.064335e+01	-5.528039e-01	5.539784e-01	6.941188e-01	-8.087252e+01
1.93          	1.107856e+00	1.157232e-03	-8.017803e+01	-4.008952e+01	4.078289e+01	-5.536882e-01	-3.953560e+01	4.064345e+01	-5.531096e-01	5.542668e-01	6.938722e-01	-8.087190e+01
1.94          	1.108440e+00	1.139933e-03	-8.017766e+01	-4.008933e+01	4.078246e+01	-5.539845e-01	-3.953511e+01	4.064355e+01	-5.534146e-01	5.545545e-01	6.936255e-01	-8.087129e+01
1.95          	1.109024e+00	1.124268e-03	-8.017729e+01	-4.008914e+01	4.078203e+01	-5.542799e-01	-3.953463e+01	4.064365e+01	-5.537177e-01	5.548420e-01	6.933789e-01	-8.087067e+01
1.96          	1.109614e+00	1.110245e-03	-8.017693e+01	-4.008895e+01	4.078160e+01	-5.545767e-01	-3.953415e+01	4.064376e+01	-5.540216e-01	5.551318e-01	6.931335e-01	-8.087006e+01
1.97          	1.110214e+00	1.098131e-03	-8.017656e+01	-4.008876e+01	4.078117e+01	-5.548781e-01	-3.953366e+01	4.064387e+01	-5.543290e-01	5.554271e-01	6.928912e-01	-8.086945e+01
1.98          	1.110832e+00	1.088204e-03	-8.017620e+01	-4.008858e+01	4.078076e+01	-5.551871e-01	-3.953316e+01	4.064400e+01	-5.546430e-01	5.557313e-01	6.926542e-01	-8.086886e+01
1.99          	1.111472e+00	1.080136e-03	-8.017585e+01	-4.008840e+01	4.078035e+01	-5.555067e-01	-3.953266e+01	4.064413e+01	-5.549666e-01	5.560467e-01	6.924244e-01	-8.086827e+01
2             	1.112135e+00	1.073321e-03	-8.017549e+01	-4.008822e+01	4.077995e+01	-5.558376e-01	-3.953215e+01	4.064429e+01	-5.553009e-01	5.563743e-01	6.922025e-01	-8.086769e+01
2.01          	1.112816e+00	1.066750e-03	-8.017514e+01	-4.008804e+01	4.077956e+01	-5.561774e-01	-3.953163e+01	4.064445e+01	-5.556440e-01	5.567108e-01	6.919873e-01	-8.086713e+01
2.02          	1.113503e+00	1.059012e-03	-8.017479e+01	-4.008786e+01	4.077917e+01	-5.565214e-01	-3.953111e+01	4.064461e+01	-5.559919e-01	5.570509e-01	6.917759e-01	-8.086657e+01
2.03          	1.114191e+00	1.050229e-03	-8.017445e+01	-4.008768e+01	4.077879e+01	-5.568656e-01	-3.953059e+01	4.064478e+01	-5.563405e-01	5.573907e-01	6.915666e-01	-8.086601e+01
2.04          	1.114875e+00	1.039901e-03	-8.017410e+01	-4.008751e+01	4.077841e+01	-5.572085e-01	-3.953007e+01	4.064495e+01	-5.566885e-01	5.577284e-01	6.913586e-01	-8.086546e+01
2.05          	1.115563e+00	1.029632e-03	-8.017376e+01	-4.008733e+01	4.077803e+01	-5.575520e-01	-3.952955e+01	4.064511e+01	-5.570372e-01	5.580668e-01	6.911537e-01	-8.086491e+01
2.06          	1.116266e+00	1.020693e-03	-8.017342e+01	-4.008715e+01	4.077766e+01	-5.579020e-01	-3.952902e+01	4.064529e+01	-5.573917e-01	5.584124e-01	6.909553e-01	-8.086437e+01
2.07          	1.116996e+00	1.013520e-03	-8.017308e+01	-4.008698e+01	4.077731e+01	-5.582646e-01	-3.952848e+01	4.064548e+01	-5.577579e-01	5.587714e-01	6.907672e-01	-8.086384e+01
2.08          	1.117755e+00	1.006512e-03	-8.017274e+01	-4.008681e+01	4.077696e+01	-5.586420e-01	-3.952793e+01	4.064569e+01	-5.581387e-01	5.591453e-01	6.905899e-01	-8.086333e+01
2.09          	1.118532e+00	9.999869e-04	-8.017241e+01	-4.008664e+01	4.077662e+01	-5.590291e-01	-3.952737e+01	4.064590e+01	-5.585291e-01	5.595291e-01	6.904210e-01	-8.086283e+01
2.1           	1.119323e+00	9.940214e-04	-8.017208e+01	-4.008647e+01	4.077630e+01	-5.594234e-01	-3.952681e+01	4.064613e+01	-5.589264e-01	5.599204e-01	6.902596e-01	-8.086234e+01
2.11          	1.120121e+00	9.874407e-04	-8.017175e+01	-4.008630e+01	4.077598e+01	-5.598215e-01	-3.952624e+01	4.064636e+01	-5.593278e-01	5.603152e-01	6.901036e-01	-8.086185e+01
2.12          	1.120915e+00	9.796595e-04	-8.017142e+01	-4.008614e+01	4.077566e+01	-5.602191e-01	-3.952568e+01	4.064659e+01	-5.597293e-01	5.607090e-01	6.899509e-01	-8.086137e+01
2.13          	1.121705e+00	9.712687e-04	-8.017110e+01	-4.008597e+01	4.077535e+01	-5.606147e-01	-3.952512e+01	4.064682e+01	-5.601291e-01	5.611003e-01	6.898010e-01	-8.086090e+01
2.14          	1.122497e+00	9.635086e-04	-8.017078e+01	-4.008581e+01	4.077505e+01	-5.610103e-01	-3.952456e+01	4.064706e+01	-5.605286e-01	5.614921e-01	6.896556e-01	-8.086043e+01
2.15          	1.123299e+00	9.572458e-04	-8.017046e+01	-4.008565e+01	4.077475e+01	-5.614102e-01	-3.952400e+01	4.064729e+01	-5.609316e-01	5.618889e-01	6.895175e-01	-8.085998e+01
2.16          	1.124121e+00	9.523492e-04	-8.017014e+01	-4.008548e+01	4.077446e+01	-5.618193e-01	-3.952342e+01	4.064754e+01	-5.613431e-01	5.622955e-01	6.893899e-01	-8.085953e+01
2.17          	1.124970e+00	9.481193e-04	-8.016983e+01	-4.008532e+01	4.077419e+01	-5.622412e-01	-3.952284e+01	4.064781e+01	-5.617672e-01	5.627153e-01	6.892748e-01	-8.085910e+01
2.18          	1.125848e+00	9.446233e-04	-8.016952e+01	-4.008517e+01	4.077393e+01	-5.626775e-01	-3.952224e+01	4.064809e+01	-5.622052e-01	5.631498e-01	6.891731e-01	-8.085869e+01
2.19          	1.126757e+00	9.421605e-04	-8.016921e+01	-4.008501e+01	4.077369e+01	-5.631289e-01	-3.952163e+01	4.064839e+01	-5.626579e-01	5.636000e-01	6.890856e-01	-8.085829e+01
2.2           	1.127694e+00	9.400310e-04	-8.016890e+01	-4.008485e+01	4.077346e+01	-5.635945e-01	-3.952101e+01	4.064870e+01	-5.631245e-01	5.640645e-01	6.890116e-01	-8.085791e+01
2.21          	1.128654e+00	9.377917e-04	-8.016859e+01	-4.008470e+01	4.077325e+01	-5.640715e-01	-3.952037e+01	4.064902e+01	-5.636026e-01	5.645404e-01	6.889493e-01	-8.085754e+01
2.22          	1.129630e+00	9.355352e-04	-8.016829e+01	-4.008454e+01	4.077304e+01	-5.645575e-01	-3.951973e+01	4.064936e+01	-5.640897e-01	5.650252e-01	6.888975e-01	-8.085719e+01
2.23          	1.130622e+00	9.332725e-04	-8.016799e+01	-4.008439e+01	4.077285e+01	-5.650513e-01	-3.951908e+01	4.064970e+01	-5.645846e-01	5.655179e-01	6.888558e-01	-8.085684e+01
2.24          	1.131629e+00	9.316369e-04	-8.016768e+01	-4.008424e+01	4.077267e+01	-5.655527e-01	-3.951842e+01	4.065005e+01	-5.650869e-01	5.660185e-01	6.888245e-01	-8.085651e+01
2.25          	1.132651e+00	9.298957e-04	-8.016738e+01	-4.008409e+01	4.077250e+01	-5.660622e-01	-3.951776e+01	4.065041e+01	-5.655972e-01	5.665271e-01	6.888040e-01	-8.085619e+01
2.26          	1.133689e+00	9.274883e-04	-8.016709e+01	-4.008394e+01	4.077234e+01	-5.665801e-01	-3.951709e+01	4.065078e+01	-5.661164e-01	5.670439e-01	6.887948e-01	-8.085588e+01
2.27          	1.134743e+00	9.241686e-04	-8.016679e+01	-4.008378e+01	4.077219e+01	-5.671068e-01	-3.951641e+01	4.065116e+01	-5.666447e-01	5.675689e-01	6.887969e-01	-8.085559e+01
2.28          	1.135813e+00	9.206589e-04	-8.016649e+01	-4.008363e+01	4.077206e+01	-5.676422e-01	-3.951573e+01	4.065154e+01	-5.671818e-01	5.681025e-01	6.888110e-01	-8.085530e+01
2.29          	1.136904e+00	9.173692e-04	-8.016619e+01	-4.008348e+01	4.077193e+01	-5.681871e-01	-3.951503e+01	4.065193e+01	-5.677284e-01	5.686458e-01	6.888379e-01	-8.085503e+01
2.3           	1.138015e+00	9.150715e-04	-8.016590e+01	-4.008333e+01	4.077183e+01	-5.687418e-01	-3.951432e+01	4.065234e+01	-5.682843e-01	5.691994e-01	6.888781e-01	-8.085477e+01
2.31          	1.139149e+00	9.131262e-04	-8.016560e+01	-4.008318e+01	4.077173e+01	-5.693077e-01	-3.951361e+01	4.065276e+01	-5.688511e-01	5.697642e-01	6.889323e-01	-8.085453e+01
2.32          	1.140294e+00	9.091029e-04	-8.016530e+01	-4.008303e+01	4.077165e+01	-5.698803e-01	-3.951288e+01	4.065318e+01	-5.694258e-01	5.703349e-01	6.889967e-01	-8.085429e+01
2.33          	1.141442e+00	9.029714e-04	-8.016500e+01	-4.008288e+01	4.077157e+01	-5.704560e-01	-3.951216e+01	4.065360e+01	-5.700045e-01	5.709075e-01	6.890689e-01	-8.085407e+01
2.34          	1.142595e+00	8.963157e-04	-8.016470e+01	-4.008272e+01	4.077150e+01	-5.710339e-01	-3.951143e+01	4.065402e+01	-5.705858e-01	5.714821e-01	6.891489e-01	-8.085384e+01
2.35          	1.143765e+00	8.912149e-04	-8.016439e+01	-4.008257e+01	4.077144e+01	-5.716201e-01	-3.951069e+01	4.065445e+01	-5.711745e-01	5.720657e-01	6.892409e-01	-8.085363e+01
2.36          	1.144966e+00	8.874655e-04	-8.016409e+01	-4.008242e+01	4.077139e+01	-5.722213e-01	-3.950993e+01	4.065490e+01	-5.717776e-01	5.726651e-01	6.893489e-01	-8.085344e+01
2.37          	1.146192e+00	8.823586e-04	-8.016378e+01	-4.008226e+01	4.077136e+01	-5.728360e-01	-3.950917e+01	4.065536e+01	-5.723948e-01	5.732771e-01	6.894710e-01	-8.085325e+01
2.38          	1.147422e+00	8.762614e-04	-8.016347e+01	-4.008210e+01	4.077134e+01	-5.734536e-01	-3.950839e+01	4.065582e+01	-5.730154e-01	5.738917e-01	6.896012e-01	-8.085307e+01
2.39          	1.148641e+00	8.701957e-04	-8.016316e+01	-4.008195e+01	4.077132e+01	-5.740665e-01	-3.950763e+01	4.065627e+01	-5.736314e-01	5.745016e-01	6.897351e-01	-8.085290e+01
2.4           	1.149842e+00	8.610129e-04	-8.016285e+01	-4.008179e+01	4.077129e+01	-5.746717e-01	-3.950687e+01	4.065671e+01	-5.742412e-01	5.751022e-01	6.898700e-01	-8.085272e+01
2.41          	1.150995e+00	8.486848e-04	-8.016253e+01	-4.008163e+01	4.077126e+01	-5.752546e-01	-3.950613e+01	4.065712e+01	-5.748302e-01	5.756789e-01	6.899967e-01	-8.085253e+01
2.42          	1.152094e+00	8.392595e-04	-8.016222e+01	-4.008147e+01	4.077122e+01	-5.758086e-01	-3.950542e+01	4.065751e+01	-5.753890e-01	5.762283e-01	6.901138e-01	-8.085233e+01
2.43          	1.153156e+00	8.349214e-04	-8.016190e+01	-4.008131e+01	4.077117e+01	-5.763400e-01	-3.950473e+01	4.065788e+01	-5.759225e-01	5.767574e-01	6.902256e-01	-8.085212e+01
2.44          	1.154184e+00	8.277198e-04	-8.016158e+01	-4.008114e+01	4.077112e+01	-5.768559e-01	-3.950405e+01	4.065824e+01	-5.764420e-01	5.772697e-01	6.903331e-01	-8.085191e+01
2.45          	1.155167e+00	8.235001e-04	-8.016126e+01	-4.008099e+01	4.077106e+01	-5.773473e-01	-3.950340e+01	4.065857e+01	-5.769356e-01	5.777591e-01	6.904322e-01	-8.085170e+01
2.46          	1.156107e+00	8.178729e-04	-8.016095e+01	-4.008083e+01	4.077100e+01	-5.778185e-01	-3.950277e+01	4.065888e+01	-5.774096e-01	5.782275e-01	6.905233e-01	-8.085147e+01
2.47          	1.157014e+00	8.159680e-04	-8.016063e+01	-4.008067e+01	4.077092e+01	-5.782708e-01	-3.950216e+01	4.065917e+01	-5.778628e-01	5.786788e-01	6.906094e-01	-8.085124e+01
2.48          	1.157903e+00	8.201096e-04	-8.016031e+01	-4.008051e+01	4.077085e+01	-5.787107e-01	-3.950156e+01	4.065946e+01	-5.783006e-01	5.791208e-01	6.906958e-01	-8.085101e+01
2.49          	1.158792e+00	8.285937e-04	-8.016000e+01	-4.008036e+01	4.077079e+01	-5.791483e-01	-3.950096e+01	4.065975e+01	-5.787340e-01	5.795626e-01	6.907887e-01	-8.085079e+01
2.5           	1.159694e+00	8.392094e-04	-8.015969e+01	-4.008020e+01	4.077074e+01	-5.795914e-01	-3.950036e+01	4.066005e+01	-5.791718e-01	5.800110e-01	6.908923e-01	-8.085058e+01
2.51          	1.160614e+00	8.512808e-04	-8.015937e+01	-4.008005e+01	4.077070e+01	-5.800431e-01	-3.949974e+01	4.066036e+01	-5.796175e-01	5.804688e-01	6.910087e-01	-8.085038e+01
2.52          	1.161552e+00	8.623179e-04	-8.015906e+01	-4.007990e+01	4.077067e+01	-5.805040e-01	-3.949912e+01	4.066067e+01	-5.800729e-01	5.809352e-01	6.911376e-01	-8.085020e+01
2.53          	1.162502e+00	8.706996e-04	-8.015875e+01	-4.007974e+01	4.077065e+01	-5.809724e-01	-3.949849e+01	4.066099e+01	-5.805371e-01	5.814078e-01	6.912776e-01	-8.085003e+01
2.54          	1.163460e+00	8.732169e-04	-8.015844e+01	-4.007959e+01	4.077065e+01	-5.814481e-01	-3.949786e+01	4.066132e+01	-5.810115e-01	5.818847e-01	6.914268e-01	-8.084986e+01
2.55          	1.164421e+00	8.724498e-04	-8.015812e+01	-4.007943e+01	4.077064e+01	-5.819273e-01	-3.949722e+01	4.066164e+01	-5.814911e-01	5.823635e-01	6.915832e-01	-8.084970e+01
2.56          	1.165382e+00	8.709454e-04	-8.015780e+01	-4.007927e+01	4.077065e+01	-5.824070e-01	-3.949658e+01	4.066196e+01	-5.819715e-01	5.828425e-01	6.917452e-01	-8.084955e+01
2.57          	1.166340e+00	8.716145e-04	-8.015748e+01	-4.007911e+01	4.077065e+01	-5.828835e-01	-3.949594e+01	4.066228e+01	-5.824477e-01	5.833193e-01	6.919110e-01	-8.084939e+01
2.58          	1.167289e+00	8.761475e-04	-8.015716e+01	-4.007895e+01	4.077066e+01	-5.833534e-01	-3.949531e+01	4.066260e+01	-5.829154e-01	5.837915e-01	6.920793e-01	-8.084924e+01
2.59          	1.168225e+00	8.839333e-04	-8.015684e+01	-4.007879e+01	4.077067e+01	-5.838149e-01	-3.949468e+01	4.066291e+01	-5.833729e-01	5.842568e-01	6.922485e-01	-8.084909e+01
2.6           	1.169150e+00	8.929715e-04	-8.015652e+01	-4.007864e+01	4.077068e+01	-5.842701e-01	-3.949406e+01	4.066321e+01	-5.838236e-01	5.847166e-01	6.924194e-01	-8.084894e+01
2.61          	1.170066e+00	9.037520e-04	-8.015620e+01	-4.007848e+01	4.077069e+01	-5.847200e-01	-3.949345e+01	4.066351e+01	-5.842681e-01	5.851719e-01	6.925929e-01	-8.084879e+01
2.62          	1.170977e+00	9.155261e-04	-8.015587e+01	-4.007832e+01	4.077071e+01	-5.851673e-01	-3.949283e+01	4.066381e+01	-5.847096e-01	5.856251e-01	6.927704e-01	-8.084864e+01
2.63          	1.171887e+00	9.271855e-04	-8.015555e+01	-4.007817e+01	4.077073e+01	-5.856141e-01	-3.949222e+01	4.066411e+01	-5.851505e-01	5.860777e-01	6.929529e-01	-8.084851e+01
2.64          	1.172798e+00	9.375624e-04	-8.015523e+01	-4.007801e+01	4.077076e+01	-5.860620e-01	-3.949161e+01	4.066441e+01	-5.855932e-01	5.865308e-01	6.931411e-01	-8.084837e+01
2.65          	1.173711e+00	9.451562e-04	-8.015491e+01	-4.007785e+01	4.077079e+01	-5.865126e-01	-3.949099e+01	4.066471e+01	-5.860400e-01	5.869851e-01	6.933351e-01	-8.084824e+01
2.66          	1.174627e+00	9.499371e-04	-8.015458e+01	-4.007769e+01	4.077082e+01	-5.869666e-01	-3.949038e+01	4.066500e+01	-5.864916e-01	5.874415e-01	6.935352e-01	-8.084811e+01
2.67          	1.175548e+00	9.530279e-04	-8.015425e+01	-4.007753e+01	4.077087e+01	-5.874241e-01	-3.948975e+01	4.066530e+01	-5.869476e-01	5.879006e-01	6.937416e-01	-8.084799e+01
2.68          	1.176469e+00	9.562412e-04	-8.015392e+01	-4.007736e+01	4.077091e+01	-5.878821e-01	-3.948913e+01	4.066560e+01	-5.874039e-01	5.883602e-01	6.939527e-01	-8.084787e+01
2.69          	1.177384e+00	9.606302e-04	-8.015359e+01	-4.007720e+01	4.077096e+01	-5.883365e-01	-3.948851e+01	4.066589e+01	-5.878562e-01	5.888168e-01	6.941663e-01	-8.084776e+01
2.7           	1.178287e+00	9.649172e-04	-8.015326e+01	-4.007704e+01	4.077101e+01	-5.887852e-01	-3.948789e+01	4.066618e+01	-5.883028e-01	5.892677e-01	6.943806e-01	-8.084764e+01
2.71          	1.179181e+00	9.687316e-04	-8.015293e+01	-4.007687e+01	4.077106e+01	-5.892293e-01	-3.948728e+01	4.066646e+01	-5.887450e-01	5.897137e-01	6.945961e-01	-8.084752e+01
2.72          	1.180067e+00	9.725166e-04	-8.015259e+01	-4.007671e+01	4.077111e+01	-5.896700e-01	-3.948667e+01	4.066674e+01	-5.891837e-01	5.901562e-01	6.948134e-01	-8.084741e+01
2.73          	1.180951e+00	9.764110e-04	-8.015226e+01	-4.007654e+01	4.077116e+01	-5.901088e-01	-3.948607e+01	4.066702e+01	-5.896206e-01	5.905971e-01	6.950337e-01	-8.084729e+01
2.74          	1.181835e+00	9.818889e-04	-8.015192e+01	-4.007638e+01	4.077122e+01	-5.905466e-01	-3.948546e+01	4.066729e+01	-5.900557e-01	5.910376e-01	6.952580e-01	-8.084718e+01
2.75          	1.182721e+00	9.889099e-04	-8.015158e+01	-4.007621e+01	4.077128e+01	-5.909848e-01	-3.948485e+01	4.066757e+01	-5.904903e-01	5.914792e-01	6.954871e-01	-8.084707e+01
2.76          	1.183609e+00	9.971409e-04	-8.015124e+01	-4.007604e+01	4.077134e+01	-5.914230e-01	-3.948424e+01	4.066785e+01	-5.909244e-01	5.919215e-01	6.957208e-01	-8.084696e+01
2.77          	1.184501e+00	1.005405e-03	-8.015090e+01	-4.007587e+01	4.077141e+01	-5.918635e-01	-3.948362e+01	4.066812e+01	-5.913608e-01	5.923662e-01	6.959601e-01	-8.084686e+01
2.78          	1.185400e+00	1.013123e-03	-8.015055e+01	-4.007570e+01	4.077148e+01	-5.923085e-01	-3.948300e+01	4.066840e+01	-5.918019e-01	5.928150e-01	6.962059e-01	-8.084676e+01
2.79          	1.186305e+00	1.021215e-03	-8.015020e+01	-4.007553e+01	4.077156e+01	-5.927562e-01	-3.948238e+01	4.066868e+01	-5.922455e-01	5.932668e-01	6.964572e-01	-8.084666e+01
2.8           	1.187207e+00	1.029330e-03	-8.014985e+01	-4.007536e+01	4.077164e+01	-5.932031e-01	-3.948176e+01	4.066896e+01	-5.926884e-01	5.937177e-01	6.967114e-01	-8.084656e+01
2.81          	1.188102e+00	1.038579e-03	-8.014950e+01	-4.007519e+01	4.077172e+01	-5.936458e-01	-3.948114e+01	4.066924e+01	-5.931265e-01	5.941651e-01	6.969663e-01	-8.084647e+01
2.82          	1.188987e+00	1.047500e-03	-8.014915e+01	-4.007502e+01	4.077180e+01	-5.940832e-01	-3.948052e+01	4.066951e+01	-5.935595e-01	5.946070e-01	6.972209e-01	-8.084637e+01
2.83          	1.189866e+00	1.057815e-03	-8.014880e+01	-4.007484e+01	4.077187e+01	-5.945166e-01	-3.947991e+01	4.066978e+01	-5.939877e-01	5.950455e-01	6.974762e-01	-8.084627e+01
2.84          	1.190741e+00	1.069617e-03	-8.014844e+01	-4.007467e+01	4.077195e+01	-5.949470e-01	-3.947930e+01	4.067004e+01	-5.944121e-01	5.954818e-01	6.977330e-01	-8.084618e+01
2.85          	1.191614e+00	1.083498e-03	-8.014809e+01	-4.007450e+01	4.077204e+01	-5.953749e-01	-3.947869e+01	4.067031e+01	-5.948331e-01	5.959166e-01	6.979917e-01	-8.084608e+01
2.86          	1.192482e+00	1.099535e-03	-8.014773e+01	-4.007433e+01	4.077212e+01	-5.957992e-01	-3.947809e+01	4.067057e+01	-5.952494e-01	5.963490e-01	6.982512e-01	-8.084599e+01
2.87          	1.193345e+00	1.114560e-03	-8.014738e+01	-4.007416e+01	4.077220e+01	-5.962220e-01	-3.947748e+01	4.067083e+01	-5.956648e-01	5.967793e-01	6.985116e-01	-8.084589e+01
2.88          	1.194209e+00	1.127000e-03	-8.014703e+01	-4.007398e+01	4.077229e+01	-5.966466e-01	-3.947688e+01	4.067109e+01	-5.960831e-01	5.972101e-01	6.987742e-01	-8.084580e+01
2.89          	1.195077e+00	1.136102e-03	-8.014667e+01	-4.007381e+01	4.077238e+01	-5.970754e-01	-3.947627e+01	4.067135e+01	-5.965074e-01	5.976435e-01	6.990404e-01	-8.084571e+01
2.9           	1.195949e+00	1.142567e-03	-8.014632e+01	-4.007364e+01	4.077247e+01	-5.975085e-01	-3.947566e+01	4.067161e+01	-5.969372e-01	5.980798e-01	6.993105e-01	-8.084563e+01
2.91          	1.196825e+00	1.146597e-03	-8.014596e+01	-4.007346e+01	4.077256e+01	-5.979451e-01	-3.947505e+01	4.067187e+01	-5.973718e-01	5.985184e-01	6.995839e-01	-8.084555e+01
2.92          	1.197710e+00	1.149357e-03	-8.014560e+01	-4.007328e+01	4.077266e+01	-5.983867e-01	-3.947443e+01	4.067214e+01	-5.978120e-01	5.989614e-01	6.998621e-01	-8.084547e+01
2.93          	1.198607e+00	1.152357e-03	-8.014524e+01	-4.007311e+01	4.077277e+01	-5.988338e-01	-3.947380e+01	4.067241e+01	-5.982576e-01	5.994099e-01	7.001460e-01	-8.084539e+01
2.94          	1.199516e+00	1.155500e-03	-8.014488e+01	-4.007293e+01	4.077288e+01	-5.992869e-01	-3.947317e+01	4.067268e+01	-5.987091e-01	5.998646e-01	7.004358e-01	-8.084532e+01
2.95          	1.200431e+00	1.160174e-03	-8.014452e+01	-4.007274e+01	4.077299e+01	-5.997423e-01	-3.947253e+01	4.067296e+01	-5.991623e-01	6.003224e-01	7.007294e-01	-8.084524e+01
2.96          	1.201341e+00	1.166511e-03	-8.014415e+01	-4.007256e+01	4.077310e+01	-6.001950e-01	-3.947189e+01	4.067324e+01	-5.996117e-01	6.007782e-01	7.010227e-01	-8.084517e+01
2.97          	1.202240e+00	1.173247e-03	-8.014379e+01	-4.007239e+01	4.077321e+01	-6.006419e-01	-3.947127e+01	4.067351e+01	-6.000553e-01	6.012285e-01	7.013135e-01	-8.084510e+01
2.98          	1.203132e+00	1.179511e-03	-8.014342e+01	-4.007221e+01	4.077331e+01	-6.010850e-01	-3.947064e+01	4.067377e+01	-6.004952e-01	6.016747e-01	7.016027e-01	-8.084503e+01
2.99          	1.204023e+00	1.185663e-03	-8.014306e+01	-4.007203e+01	4.077342e+01	-6.015277e-01	-3.947002e+01	4.067404e+01	-6.009349e-01	6.021206e-01	7.018929e-01	-8.084495e+01
3             	1.204915e+00	1.193338e-03	-8.014270e+01	-4.007185e+01	4.077353e+01	-6.019703e-01	-3.946939e+01	4.067431e+01	-6.013736e-01	6.025669e-01	7.021847e-01	-8.084488e+01
3.01          	1.205805e+00	1.202848e-03	-8.014233e+01	-4.007167e+01	4.077364e+01	-6.024105e-01	-3.946877e+01	4.067457e+01	-6.018091e-01	6.030119e-01	7.024769e-01	-8.084481e+01
3.02          	1.206695e+00	1.212334e-03	-8.014197e+01	-4.007149e+01	4.077376e+01	-6.028503e-01	-3.946815e+01	4.067484e+01	-6.022441e-01	6.034565e-01	7.027701e-01	-8.084474e+01
3.03          	1.207587e+00	1.221164e-03	-8.014161e+01	-4.007132e+01	4.077387e+01	-6.032915e-01	-3.946752e+01	4.067511e+01	-6.026810e-01	6.039021e-01	7.030657e-01	-8.084467e+01
3.04          	1.208484e+00	1.229839e-03	-8.014124e+01	-4.007114e+01	4.077399e+01	-6.037359e-01	-3.946690e+01	4.067538e+01	-6.031210e-01	6.043508e-01	7.033648e-01	-8.084461e+01
3.05          	1.209385e+00	1.239575e-03	-8.014087e+01	-4.007096e+01	4.077410e+01	-6.041817e-01	-3.946626e+01	4.067565e+01	-6.035619e-01	6.048015e-01	7.036665e-01	-8.084454e+01
3.06          	1.210286e+00	1.248458e-03	-8.014050e+01	-4.007077e+01	4.077422e+01	-6.046285e-01	-3.946563e+01	4.067592e+01	-6.040042e-01	6.052527e-01	7.039694e-01	-8.084447e+01
3.07          	1.211187e+00	1.254405e-03	-8.014013e+01	-4.007059e+01	4.077434e+01	-6.050764e-01	-3.946500e+01	4.067618e+01	-6.044492e-01	6.057036e-01	7.042725e-01	-8.084440e+01
3.08          	1.212091e+00	1.258082e-03	-8.013975e+01	-4.007040e+01	4.077445e+01	-6.055267e-01	-3.946436e+01	4.067645e+01	-6.048977e-01	6.061557e-01	7.045766e-01	-8.084433e+01
3.09          	1.212999e+00	1.260648e-03	-8.013937e+01	-4.007022e+01	4.077457e+01	-6.059800e-01	-3.946372e+01	4.067672e+01	-6.053497e-01	6.066103e-01	7.048820e-01	-8.084426e+01
3.1           	1.213909e+00	1.262838e-03	-8.013899e+01	-4.007003e+01	4.077468e+01	-6.064345e-01	-3.946307e+01	4.067698e+01	-6.058031e-01	6.070660e-01	7.051882e-01	-8.084418e+01
3.11          	1.214817e+00	1.266502e-03	-8.013861e+01	-4.006984e+01	4.077480e+01	-6.068872e-01	-3.946243e+01	4.067724e+01	-6.062539e-01	6.075204e-01	7.054937e-01	-8.084410e+01
3.12          	1.215719e+00	1.271343e-03	-8.013823e+01	-4.006965e+01	4.077491e+01	-6.073361e-01	-3.946179e+01	4.067751e+01	-6.067005e-01	6.079718e-01	7.057978e-01	-8.084402e+01
3.13          	1.216616e+00	1.277643e-03	-8.013784e+01	-4.006946e+01	4.077502e+01	-6.077821e-01	-3.946115e+01	4.067776e+01	-6.071433e-01	6.084209e-01	7.061010e-01	-8.084394e+01
3.14          	1.217506e+00	1.285173e-03	-8.013746e+01	-4.006927e+01	4.077513e+01	-6.082242e-01	-3.946051e+01	4.067802e+01	-6.075816e-01	6.088668e-01	7.064027e-01	-8.084386e+01
3.15          	1.218386e+00	1.293755e-03	-8.013707e+01	-4.006908e+01	4.077524e+01	-6.086613e-01	-3.945988e+01	4.067827e+01	-6.080145e-01	6.093082e-01	7.067021e-01	-8.084377e+01
3.16          	1.219257e+00	1.302650e-03	-8.013668e+01	-4.006889e+01	4.077534e+01	-6.090936e-01	-3.945926e+01	4.067852e+01	-6.084422e-01	6.097449e-01	7.069988e-01	-8.084368e+01
3.17          	1.220123e+00	1.310275e-03	-8.013630e+01	-4.006870e+01	4.077544e+01	-6.095238e-01	-3.945864e+01	4.067876e+01	-6.088687e-01	6.101789e-01	7.072941e-01	-8.084359e+01
3.18          	1.220988e+00	1.316200e-03	-8.013591e+01	-4.006851e+01	4.077554e+01	-6.099543e-01	-3.945801e+01	4.067900e+01	-6.092962e-01	6.106124e-01	7.075890e-01	-8.084350e+01
3.19          	1.221853e+00	1.321405e-03	-8.013552e+01	-4.006832e+01	4.077564e+01	-6.103847e-01	-3.945739e+01	4.067924e+01	-6.097240e-01	6.110454e-01	7.078832e-01	-8.084340e+01
3.2           	1.222716e+00	1.327133e-03	-8.013513e+01	-4.006812e+01	4.077574e+01	-6.108131e-01	-3.945677e+01	4.067948e+01	-6.101495e-01	6.114766e-01	7.081756e-01	-8.084331e+01
3.21          	1.223575e+00	1.332783e-03	-8.013474e+01	-4.006793e+01	4.077584e+01	-6.112399e-01	-3.945614e+01	4.067972e+01	-6.105735e-01	6.119063e-01	7.084664e-01	-8.084320e+01
3.22          	1.224434e+00	1.337731e-03	-8.013434e+01	-4.006773e+01	4.077593e+01	-6.116670e-01	-3.945552e+01	4.067995e+01	-6.109981e-01	6.123358e-01	7.087569e-01	-8.084310e+01
3.23          	1.225296e+00	1.343009e-03	-8.013395e+01	-4.006754e+01	4.077602e+01	-6.120949e-01	-3.945489e+01	4.068019e+01	-6.114234e-01	6.127664e-01	7.090479e-01	-8.084299e+01
3.24          	1.226158e+00	1.348876e-03	-8.013355e+01	-4.006734e+01	4.077611e+01	-6.125231e-01	-3.945426e+01	4.068042e+01	-6.118487e-01	6.131975e-01	7.093392e-01	-8.084289e+01
3.25          	1.227021e+00	1.353685e-03	-8.013315e+01	-4.006714e+01	4.077620e+01	-6.129523e-01	-3.945363e+01	4.068065e+01	-6.122755e-01	6.136292e-01	7.096310e-01	-8.084278e+01
3.26          	1.227884e+00	1.357626e-03	-8.013274e+01	-4.006694e+01	4.077629e+01	-6.133821e-01	-3.945300e+01	4.068089e+01	-6.127033e-01	6.140609e-01	7.099228e-01	-8.084267e+01
3.27          	1.228743e+00	1.360315e-03	-8.013234e+01	-4.006674e+01	4.077638e+01	-6.138110e-01	-3.945237e+01	4.068111e+01	-6.131308e-01	6.144911e-01	7.102134e-01	-8.084255e+01
3.28          	1.229595e+00	1.363391e-03	-8.013193e+01	-4.006654e+01	4.077647e+01	-6.142363e-01	-3.945174e+01	4.068134e+01	-6.135546e-01	6.149180e-01	7.105014e-01	-8.084243e+01
3.29          	1.230437e+00	1.368544e-03	-8.013153e+01	-4.006634e+01	4.077655e+01	-6.146556e-01	-3.945112e+01	4.068156e+01	-6.139714e-01	6.153399e-01	7.107856e-01	-8.084231e+01
3.3           	1.231266e+00	1.373960e-03	-8.013112e+01	-4.006614e+01	4.077663e+01	-6.150682e-01	-3.945051e+01	4.068178e+01	-6.143812e-01	6.157552e-01	7.110649e-01	-8.084219e+01
3.31          	1.232080e+00	1.379285e-03	-8.013072e+01	-4.006594e+01	4.077670e+01	-6.154728e-01	-3.944990e+01	4.068198e+01	-6.147832e-01	6.161624e-01	7.113384e-01	-8.084206e+01
3.32          	1.232880e+00	1.385480e-03	-8.013032e+01	-4.006575e+01	4.077677e+01	-6.158694e-01	-3.944931e+01	4.068219e+01	-6.151766e-01	6.165621e-01	7.116067e-01	-8.084193e+01
3.33          	1.233666e+00	1.394133e-03	-8.012992e+01	-4.006555e+01	4.077683e+01	-6.162579e-01	-3.944872e+01	4.068238e+01	-6.155608e-01	6.169549e-01	7.118703e-01	-8.084179e+01
3.34          	1.234443e+00	1.403671e-03	-8.012953e+01	-4.006536e+01	4.077689e+01	-6.166408e-01	-3.944814e+01	4.068258e+01	-6.159389e-01	6.173426e-01	7.121300e-01	-8.084166e+01
3.35          	1.235215e+00	1.411483e-03	-8.012913e+01	-4.006516e+01	4.077695e+01	-6.170222e-01	-3.944756e+01	4.068277e+01	-6.163164e-01	6.177279e-01	7.123875e-01	-8.084152e+01
3.36          	1.235987e+00	1.418641e-03	-8.012874e+01	-4.006497e+01	4.077702e+01	-6.174039e-01	-3.944698e+01	4.068297e+01	-6.166945e-01	6.181132e-01	7.126440e-01	-8.084139e+01
3.37          	1.236759e+00	1.425651e-03	-8.012835e+01	-4.006478e+01	4.077708e+01	-6.177859e-01	-3.944640e+01	4.068316e+01	-6.170730e-01	6.184987e-01	7.128994e-01	-8.084125e+01
3.38          	1.237530e+00	1.431321e-03	-8.012796e+01	-4.006459e+01	4.077714e+01	-6.181683e-01	-3.944582e+01	4.068335e+01	-6.174527e-01	6.188840e-01	7.131534e-01	-8.084112e+01
3.39          	1.238298e+00	1.435852e-03	-8.012758e+01	-4.006440e+01	4.077719e+01	-6.185497e-01	-3.944525e+01	4.068355e+01	-6.178318e-01	6.192676e-01	7.134052e-01	-8.084098e+01
3.4           	1.239059e+00	1.440169e-03	-8.012719e+01	-4.006421e+01	4.077725e+01	-6.189277e-01	-3.944468e+01	4.068374e+01	-6.182076e-01	6.196478e-01	7.136537e-01	-8.084084e+01
3.41          	1.239810e+00	1.444445e-03	-8.012681e+01	-4.006402e+01	4.077730e+01	-6.193008e-01	-3.944411e+01	4.068392e+01	-6.185785e-01	6.200230e-01	7.138985e-01	-8.084071e+01
3.42          	1.240548e+00	1.449875e-03	-8.012643e+01	-4.006383e+01	4.077735e+01	-6.196670e-01	-3.944355e+01	4.068410e+01	-6.189421e-01	6.203919e-01	7.141388e-01	-8.084057e+01
3.43          	1.241273e+00	1.456458e-03	-8.012605e+01	-4.006364e+01	4.077740e+01	-6.200258e-01	-3.944301e+01	4.068428e+01	-6.192975e-01	6.207540e-01	7.143740e-01	-8.084042e+01
3.44          	1.241984e+00	1.463464e-03	-8.012568e+01	-4.006346e+01	4.077744e+01	-6.203774e-01	-3.944247e+01	4.068445e+01	-6.196457e-01	6.211091e-01	7.146042e-01	-8.084028e+01
3.45          	1.242682e+00	1.470938e-03	-8.012531e+01	-4.006328e+01	4.077748e+01	-6.207224e-01	-3.944194e+01	4.068462e+01	-6.199870e-01	6.214579e-01	7.148295e-01	-8.084014e+01
3.46          	1.243370e+00	1.478242e-03	-8.012494e+01	-4.006310e+01	4.077752e+01	-6.210622e-01	-3.944141e+01	4.068478e+01	-6.203231e-01	6.218014e-01	7.150503e-01	-8.083999e+01
3.47          	1.244049e+00	1.485092e-03	-8.012458e+01	-4.006292e+01	4.077756e+01	-6.213982e-01	-3.944090e+01	4.068495e+01	-6.206557e-01	6.221408e-01	7.152671e-01	-8.083985e+01
3.48          	1.244722e+00	1.490769e-03	-8.012422e+01	-4.006275e+01	4.077759e+01	-6.217319e-01	-3.944038e+01	4.068511e+01	-6.209865e-01	6.224772e-01	7.154804e-01	-8.083970e+01
3.49          	1.245390e+00	1.494824e-03	-8.012387e+01	-4.006257e+01	4.077762e+01	-6.220633e-01	-3.943988e+01	4.068526e+01	-6.213159e-01	6.228107e-01	7.156903e-01	-8.083956e+01
3.5           	1.246052e+00	1.499100e-03	-8.012352e+01	-4.006240e+01	4.077765e+01	-6.223919e-01	-3.943937e+01	4.068542e+01	-6.216423e-01	6.231414e-01	7.158970e-01	-8.083941e+01
3.51          	1.246707e+00	1.504433e-03	-8.012317e+01	-4.006223e+01	4.077768e+01	-6.227166e-01	-3.943887e+01	4.068558e+01	-6.219644e-01	6.234688e-01	7.161005e-01	-8.083927e+01
3.52          	1.247355e+00	1.510833e-03	-8.012283e+01	-4.006206e+01	4.077771e+01	-6.230372e-01	-3.943838e+01	4.068573e+01	-6.222818e-01	6.237926e-01	7.163007e-01	-8.083913e+01
3.53          	1.247994e+00	1.518160e-03	-8.012249e+01	-4.006189e+01	4.077774e+01	-6.233534e-01	-3.943789e+01	4.068589e+01	-6.225943e-01	6.241124e-01	7.164974e-01	-8.083898e+01
3.54          	1.248626e+00	1.526232e-03	-8.012215e+01	-4.006173e+01	4.077777e+01	-6.236654e-01	-3.943741e+01	4.068604e+01	-6.229023e-01	6.244285e-01	7.166910e-01	-8.083884e+01
3.55          	1.249251e+00	1.535136e-03	-8.012182e+01	-4.006156e+01	4.077779e+01	-6.239732e-01	-3.943694e+01	4.068619e+01	-6.232056e-01	6.247408e-01	7.168817e-01	-8.083870e+01
3.56          	1.249868e+00	1.544497e-03	-8.012150e+01	-4.006141e+01	4.077782e+01	-6.242770e-01	-3.943647e+01	4.068634e+01	-6.235048e-01	6.250493e-01	7.170693e-01	-8.083857e+01
3.57          	1.250478e+00	1.554015e-03	-8.012117e+01	-4.006125e+01	4.077784e+01	-6.245776e-01	-3.943601e+01	4.068649e+01	-6.238006e-01	6.253546e-01	7.172539e-01	-8.083843e+01
3.58          	1.251084e+00	1.563022e-03	-8.012086e+01	-4.006109e+01	4.077786e+01	-6.248760e-01	-3.943555e+01	4.068664e+01	-6.240945e-01	6.256576e-01	7.174359e-01	-8.083829e+01
3.59          	1.251686e+00	1.571271e-03	-8.012054e+01	-4.006094e+01	4.077789e+01	-6.251729e-01	-3.943510e+01	4.068678e+01	-6.243873e-01	6.259586e-01	7.176151e-01	-8.083816e+01
3.6           	1.252285e+00	1.578343e-03	-8.012024e+01	-4.006079e+01	4.077791e+01	-6.254689e-01	-3.943465e+01	4.068693e+01	-6.246798e-01	6.262581e-01	7.177917e-01	-8.083803e+01
3.61          	1.252880e+00	1.585052e-03	-8.011993e+01	-4.006064e+01	4.077793e+01	-6.257626e-01	-3.943420e+01	4.068708e+01	-6.249700e-01	6.265551e-01	7.179659e-01	-8.083790e+01
3.62          	1.253471e+00	1.590683e-03	-8.011963e+01	-4.006049e+01	4.077795e+01	-6.260548e-01	-3.943376e+01	4.068723e+01	-6.252594e-01	6.268501e-01	7.181372e-01	-8.083777e+01
3.63          	1.254057e+00	1.595682e-03	-8.011934e+01	-4.006035e+01	4.077797e+01	-6.263450e-01	-3.943332e+01	4.068738e+01	-6.255471e-01	6.271428e-01	7.183053e-01	-8.083764e+01
3.64          	1.254635e+00	1.599797e-03	-8.011905e+01	-4.006020e+01	4.077799e+01	-6.266330e-01	-3.943289e+01	4.068752e+01	-6.258331e-01	6.274329e-01	7.184700e-01	-8.083752e+01
3.65          	1.255205e+00	1.603844e-03	-8.011876e+01	-4.006006e+01	4.077801e+01	-6.269171e-01	-3.943246e+01	4.068766e+01	-6.261152e-01	6.277190e-01	7.186308e-01	-8.083739e+01
3.66          	1.255766e+00	1.608797e-03	-8.011848e+01	-4.005992e+01	4.077803e+01	-6.271958e-01	-3.943204e+01	4.068781e+01	-6.263914e-01	6.280002e-01	7.187872e-01	-8.083726e+01
3.67          	1.256316e+00	1.615127e-03	-8.011820e+01	-4.005979e+01	4.077804e+01	-6.274690e-01	-3.943163e+01	4.068795e+01	-6.266614e-01	6.282765e-01	7.189392e-01	-8.083714e+01
3.68          	1.256859e+00	1.622549e-03	-8.011793e+01	-4.005966e+01	4.077805e+01	-6.277371e-01	-3.943123e+01	4.068809e+01	-6.269258e-01	6.285484e-01	7.190867e-01	-8.083702e+01
3.69          	1.257394e+00	1.630196e-03	-8.011767e+01	-4.005953e+01	4.077806e+01	-6.280012e-01	-3.943083e+01	4.068823e+01	-6.271861e-01	6.288163e-01	7.192302e-01	-8.083690e+01
3.7           	1.257923e+00	1.637195e-03	-8.011741e+01	-4.005940e+01	4.077807e+01	-6.282622e-01	-3.943044e+01	4.068836e+01	-6.274436e-01	6.290808e-01	7.193699e-01	-8.083678e+01
3.71          	1.258445e+00	1.642907e-03	-8.011715e+01	-4.005928e+01	4.077808e+01	-6.285205e-01	-3.943006e+01	4.068850e+01	-6.276991e-01	6.293420e-01	7.195062e-01	-8.083666e+01
3.72          	1.258961e+00	1.647152e-03	-8.011691e+01	-4.005915e+01	4.077809e+01	-6.287767e-01	-3.942967e+01	4.068864e+01	-6.279531e-01	6.296003e-01	7.196393e-01	-8.083655e+01
3.73          	1.259473e+00	1.649772e-03	-8.011666e+01	-4.005903e+01	4.077810e+01	-6.290314e-01	-3.942930e+01	4.068877e+01	-6.282065e-01	6.298563e-01	7.197698e-01	-8.083643e+01
3.74          	1.259982e+00	1.650875e-03	-8.011642e+01	-4.005891e+01	4.077811e+01	-6.292852e-01	-3.942892e+01	4.068891e+01	-6.284597e-01	6.301106e-01	7.198980e-01	-8.083632e+01
3.75          	1.260487e+00	1.650840e-03	-8.011618e+01	-4.005880e+01	4.077812e+01	-6.295381e-01	-3.942855e+01	4.068904e+01	-6.287127e-01	6.303636e-01	7.200244e-01	-8.083621e+01
3.76          	1.260991e+00	1.650233e-03	-8.011595e+01	-4.005868e+01	4.077812e+01	-6.297903e-01	-3.942818e+01	4.068918e+01	-6.289652e-01	6.306154e-01	7.201491e-01	-8.083610e+01
3.77          	1.261493e+00	1.648886e-03	-8.011572e+01	-4.005856e+01	4.077813e+01	-6.300422e-01	-3.942782e+01	4.068931e+01	-6.292178e-01	6.308667e-01	7.202724e-01	-8.083599e+01
3.78          	1.261994e+00	1.646983e-03	-8.011549e+01	-4.005845e+01	4.077814e+01	-6.302940e-01	-3.942745e+01	4.068945e+01	-6.294706e-01	6.311175e-01	7.203945e-01	-8.083589e+01
3.79          	1.262495e+00	1.645318e-03	-8.011527e+01	-4.005834e+01	4.077815e+01	-6.305453e-01	-3.942709e+01	4.068958e+01	-6.297227e-01	6.313680e-01	7.205154e-01	-8.083578e+01
3.8           	1.262995e+00	1.643919e-03	-8.011504e+01	-4.005823e+01	4.077816e+01	-6.307961e-01	-3.942673e+01	4.068972e+01	-6.299741e-01	6.316180e-01	7.206345e-01	-8.083568e+01
3.81          	1.263491e+00	1.643509e-03	-8.011482e+01	-4.005812e+01	4.077816e+01	-6.310445e-01	-3.942637e+01	4.068986e+01	-6.302228e-01	6.318663e-01	7.207516e-01	-8.083558e+01
3.82          	1.263984e+00	1.643801e-03	-8.011461e+01	-4.005801e+01	4.077817e+01	-6.312901e-01	-3.942602e+01	4.069000e+01	-6.304682e-01	6.321120e-01	7.208664e-01	-8.083548e+01
3.83          	1.264471e+00	1.644031e-03	-8.011440e+01	-4.005790e+01	4.077818e+01	-6.315331e-01	-3.942567e+01	4.069014e+01	-6.307110e-01	6.323551e-01	7.209787e-01	-8.083538e+01
3.84          	1.264954e+00	1.643664e-03	-8.011420e+01	-4.005780e+01	4.077819e+01	-6.317737e-01	-3.942532e+01	4.069028e+01	-6.309519e-01	6.325955e-01	7.210886e-01	-8.083528e+01
3.85          	1.265433e+00	1.642938e-03	-8.011400e+01	-4.005770e+01	4.077819e+01	-6.320123e-01	-3.942499e+01	4.069042e+01	-6.311908e-01	6.328337e-01	7.211962e-01	-8.083519e+01
3.86          	1.265908e+00	1.642442e-03	-8.011380e+01	-4.005760e+01	4.077820e+01	-6.322489e-01	-3.942465e+01	4.069056e+01	-6.314277e-01	6.330701e-01	7.213016e-01	-8.083510e+01
3.87          	1.266380e+00	1.642617e-03	-8.011361e+01	-4.005751e+01	4.077821e+01	-6.324836e-01	-3.942432e+01	4.069070e+01	-6.316623e-01	6.333049e-01	7.214050e-01	-8.083502e+01
3.88          	1.266848e+00	1.643768e-03	-8.011343e+01	-4.005742e+01	4.077822e+01	-6.327161e-01	-3.942399e+01	4.069084e+01	-6.318942e-01	6.335380e-01	7.215062e-01	-8.083494e+01
3.89          	1.267312e+00	1.645955e-03	-8.011325e+01	-4.005733e+01	4.077823e+01	-6.329459e-01	-3.942367e+01	4.069099e+01	-6.321229e-01	6.337689e-01	7.216048e-01	-8.083486e+01
3.9           	1.267770e+00	1.648612e-03	-8.011308e+01	-4.005725e+01	4.077824e+01	-6.331726e-01	-3.942336e+01	4.069113e+01	-6.323483e-01	6.339969e-01	7.217003e-01	-8.083478e+01
3.91          	1.268220e+00	1.651475e-03	-8.011292e+01	-4.005717e+01	4.077825e+01	-6.333956e-01	-3.942306e+01	4.069128e+01	-6.325698e-01	6.342213e-01	7.217924e-01	-8.083471e+01
3.92          	1.268664e+00	1.654336e-03	-8.011277e+01	-4.005709e+01	4.077826e+01	-6.336146e-01	-3.942276e+01	4.069142e+01	-6.327875e-01	6.344418e-01	7.218808e-01	-8.083465e+01
3.93          	1.269099e+00	1.657056e-03	-8.011262e+01	-4.005702e+01	4.077827e+01	-6.338297e-01	-3.942247e+01	4.069157e+01	-6.330011e-01	6.346582e-01	7.219654e-01	-8.083458e+01
3.94          	1.269527e+00	1.659460e-03	-8.011248e+01	-4.005695e+01	4.077829e+01	-6.340408e-01	-3.942218e+01	4.069171e+01	-6.332111e-01	6.348705e-01	7.220464e-01	-8.083453e+01
3.95          	1.269947e+00	1.661575e-03	-8.011235e+01	-4.005688e+01	4.077830e+01	-6.342482e-01	-3.942191e+01	4.069186e+01	-6.334174e-01	6.350790e-01	7.221238e-01	-8.083447e+01
3.96          	1.270360e+00	1.663604e-03	-8.011222e+01	-4.005682e+01	4.077831e+01	-6.344521e-01	-3.942164e+01	4.069200e+01	-6.336203e-01	6.352839e-01	7.221979e-01	-8.083442e+01
3.97          	1.270767e+00	1.665577e-03	-8.011210e+01	-4.005676e+01	4.077832e+01	-6.346528e-01	-3.942138e+01	4.069214e+01	-6.338200e-01	6.354856e-01	7.222687e-01	-8.083437e+01
3.98          	1.271167e+00	1.667365e-03	-8.011199e+01	-4.005671e+01	4.077833e+01	-6.348504e-01	-3.942112e+01	4.069229e+01	-6.340167e-01	6.356841e-01	7.223363e-01	-8.083433e+01
3.99          	1.271560e+00	1.668816e-03	-8.011189e+01	-4.005665e+01	4.077835e+01	-6.350449e-01	-3.942087e+01	4.069243e+01	-6.342105e-01	6.358793e-01	7.224005e-01	-8.083429e+01
4             	1.271946e+00	1.669779e-03	-8.011179e+01	-4.005661e+01	4.077836e+01	-6.352364e-01	-3.942063e+01	4.069258e+01	-6.344015e-01	6.360713e-01	7.224615e-01	-8.083425e+01
4.01          	1.272326e+00	1.670255e-03	-8.011170e+01	-4.005656e+01	4.077837e+01	-6.354249e-01	-3.942040e+01	4.069272e+01	-6.345898e-01	6.362600e-01	7.225192e-01	-8.083422e+01
4.02          	1.272700e+00	1.670319e-03	-8.011162e+01	-4.005652e+01	4.077838e+01	-6.356104e-01	-3.942017e+01	4.069287e+01	-6.347753e-01	6.364456e-01	7.225736e-01	-8.083419e+01
4.03          	1.273067e+00	1.670125e-03	-8.011154e+01	-4.005648e+01	4.077840e+01	-6.357930e-01	-3.941995e+01	4.069301e+01	-6.349579e-01	6.366280e-01	7.226248e-01	-8.083417e+01
4.04          	1.273428e+00	1.669833e-03	-8.011148e+01	-4.005645e+01	4.077841e+01	-6.359725e-01	-3.941973e+01	4.069316e+01	-6.351376e-01	6.368074e-01	7.226728e-01	-8.083415e+01
4.05          	1.273783e+00	1.669459e-03	-8.011142e+01	-4.005641e+01	4.077843e+01	-6.361490e-01	-3.941952e+01	4.069331e+01	-6.353143e-01	6.369837e-01	7.227178e-01	-8.083413e+01
4.06          	1.274131e+00	1.668979e-03	-8.011136e+01	-4.005639e+01	4.077844e+01	-6.363226e-01	-3.941932e+01	4.069345e+01	-6.354881e-01	6.371571e-01	7.227596e-01	-8.083412e+01
4.07          	1.274474e+00	1.668358e-03	-8.011131e+01	-4.005636e+01	4.077846e+01	-6.364932e-01	-3.941913e+01	4.069360e+01	-6.356590e-01	6.373273e-01	7.227983e-01	-8.083411e+01
4.08          	1.274810e+00	1.666081e-03	-8.011126e+01	-4.005633e+01	4.077846e+01	-6.366618e-01	-3.941893e+01	4.069374e+01	-6.358287e-01	6.374948e-01	7.228342e-01	-8.083409e+01
4.09          	1.275142e+00	1.663765e-03	-8.011122e+01	-4.005631e+01	4.077848e+01	-6.368276e-01	-3.941874e+01	4.069388e+01	-6.359957e-01	6.376595e-01	7.228671e-01	-8.083408e+01
4.1           	1.275468e+00	1.661962e-03	-8.011119e+01	-4.005630e+01	4.077849e+01	-6.369907e-01	-3.941857e+01	4.069403e+01	-6.361597e-01	6.378217e-01	7.228971e-01	-8.083409e+01
4.11          	1.275789e+00	1.660597e-03	-8.011118e+01	-4.005629e+01	4.077851e+01	-6.371513e-01	-3.941840e+01	4.069419e+01	-6.363210e-01	6.379816e-01	7.229244e-01	-8.083410e+01
4.12          	1.276107e+00	1.669350e-03	-8.011111e+01	-4.005626e+01	4.077850e+01	-6.373052e-01	-3.941821e+01	4.069432e+01	-6.364706e-01	6.381399e-01	7.229494e-01	-8.083406e+01
4.13          	1.276419e+00	1.673408e-03	-8.011109e+01	-4.005625e+01	4.077851e+01	-6.374588e-01	-3.941804e+01	4.069446e+01	-6.366221e-01	6.382955e-01	7.229713e-01	-8.083406e+01
4.14          	1.276725e+00	1.671295e-03	-8.011110e+01	-4.005626e+01	4.077854e+01	-6.376126e-01	-3.941789e+01	4.069462e+01	-6.367770e-01	6.384483e-01	7.229901e-01	-8.083409e+01
4.15          	1.277026e+00	1.663897e-03	-8.011114e+01	-4.005627e+01	4.077857e+01	-6.377662e-01	-3.941776e+01	4.069479e+01	-6.369343e-01	6.385982e-01	7.230059e-01	-8.083414e+01
4.16          	1.277320e+00	1.653382e-03	-8.011119e+01	-4.005629e+01	4.077861e+01	-6.379185e-01	-3.941763e+01	4.069496e+01	-6.370918e-01	6.387452e-01	7.230189e-01	-8.083421e+01
4.17          	1.277610e+00	1.642020e-03	-8.011124e+01	-4.005632e+01	4.077865e+01	-6.380684e-01	-3.941751e+01	4.069512e+01	-6.372474e-01	6.388894e-01	7.230293e-01	-8.083427e+01
4.18          	1.277893e+00	1.631427e-03	-8.011129e+01	-4.005634e+01	4.077868e+01	-6.382152e-01	-3.941739e+01	4.069528e+01	-6.373995e-01	6.390309e-01	7.230370e-01	-8.083432e+01
4.19          	1.278172e+00	1.622897e-03	-8.011132e+01	-4.005635e+01	4.077870e+01	-6.383583e-01	-3.941727e+01	4.069544e+01	-6.375468e-01	6.391697e-01	7.230422e-01	-8.083437e+01
4.2           	1.278444e+00	1.616861e-03	-8.011135e+01	-4.005636e+01	4.077872e+01	-6.384975e-01	-3.941714e+01	4.069559e+01	-6.376891e-01	6.393060e-01	7.230448e-01	-8.083440e+01
4.21          	1.278712e+00	1.612937e-03	-8.011139e+01	-4.005638e+01	4.077874e+01	-6.386332e-01	-3.941702e+01	4.069573e+01	-6.378267e-01	6.394397e-01	7.230446e-01	-8.083443e+01
4.22          	1.278974e+00	1.610114e-03	-8.011143e+01	-4.005640e+01	4.077875e+01	-6.387659e-01	-3.941691e+01	4.069589e+01	-6.379608e-01	6.395709e-01	7.230417e-01	-8.083447e+01
4.23          	1.279230e+00	1.607270e-03	-8.011148e+01	-4.005642e+01	4.077878e+01	-6.388960e-01	-3.941681e+01	4.069604e+01	-6.380924e-01	6.396997e-01	7.230362e-01	-8.083451e+01
4.24          	1.279481e+00	1.603564e-03	-8.011155e+01	-4.005646e+01	4.077880e+01	-6.390242e-01	-3.941672e+01	4.069620e+01	-6.382224e-01	6.398259e-01	7.230281e-01	-8.083457e+01
4.25          	1.279727e+00	1.598443e-03	-8.011163e+01	-4.005650e+01	4.077883e+01	-6.391505e-01	-3.941663e+01	4.069636e+01	-6.383513e-01	6.399497e-01	7.230174e-01	-8.083465e+01
4.26          	1.279968e+00	1.591830e-03	-8.011172e+01	-4.005654e+01	4.077887e+01	-6.392752e-01	-3.941656e+01	4.069653e+01	-6.384793e-01	6.400711e-01	7.230043e-01	-8.083473e+01
4.27          	1.280204e+00	1.584127e-03	-8.011183e+01	-4.005659e+01	4.077890e+01	-6.393981e-01	-3.941649e+01	4.069670e+01	-6.386060e-01	6.401902e-01	7.229890e-01	-8.083482e+01
4.28          	1.280436e+00	1.575800e-03	-8.011194e+01	-4.005665e+01	4.077894e+01	-6.395189e-01	-3.941643e+01	4.069687e+01	-6.387310e-01	6.403068e-01	7.229713e-01	-8.083491e+01
4.29          	1.280663e+00	1.567247e-03	-8.011205e+01	-4.005670e+01	4.077898e+01	-6.396375e-01	-3.941637e+01	4.069703e+01	-6.388538e-01	6.404211e-01	7.229514e-01	-8.083501e+01
4.3           	1.280885e+00	1.558796e-03	-8.011217e+01	-4.005676e+01	4.077902e+01	-6.397534e-01	-3.941632e+01	4.069720e+01	-6.389740e-01	6.405328e-01	7.229291e-01	-8.083510e+01
4.31          	1.281101e+00	1.550614e-03	-8.011230e+01	-4.005682e+01	4.077905e+01	-6.398668e-01	-3.941627e+01	4.069737e+01	-6.390915e-01	6.406421e-01	7.229045e-01	-8.083520e+01
4.32          	1.281313e+00	1.542662e-03	-8.011242e+01	-4.005688e+01	4.077909e+01	-6.399775e-01	-3.941622e+01	4.069754e+01	-6.392062e-01	6.407488e-01	7.228775e-01	-8.083530e+01
4.33          	1.281520e+00	1.535020e-03	-8.011256e+01	-4.005695e+01	4.077913e+01	-6.400854e-01	-3.941619e+01	4.069771e+01	-6.393179e-01	6.408529e-01	7.228484e-01	-8.083541e+01
4.34          	1.281722e+00	1.527173e-03	-8.011270e+01	-4.005701e+01	4.077917e+01	-6.401912e-01	-3.941615e+01	4.069788e+01	-6.394276e-01	6.409548e-01	7.228171e-01	-8.083552e+01
4.35          	1.281921e+00	1.518909e-03	-8.011285e+01	-4.005709e+01	4.077921e+01	-6.402954e-01	-3.941613e+01	4.069805e+01	-6.395359e-01	6.410548e-01	7.227836e-01	-8.083563e+01
4.36          	1.282115e+00	1.510095e-03	-8.011301e+01	-4.005716e+01	4.077925e+01	-6.403979e-01	-3.941611e+01	4.069822e+01	-6.396428e-01	6.411529e-01	7.227482e-01	-8.083575e+01
4.37          	1.282305e+00	1.500767e-03	-8.011317e+01	-4.005724e+01	4.077930e+01	-6.404988e-01	-3.941609e+01	4.069839e+01	-6.397484e-01	6.412492e-01	7.227109e-01	-8.083588e+01
4.38          	1.282492e+00	1.491052e-03	-8.011334e+01	-4.005732e+01	4.077934e+01	-6.405979e-01	-3.941608e+01	4.069857e+01	-6.398524e-01	6.413434e-01	7.226716e-01	-8.083601e+01
4.39          	1.282674e+00	1.481090e-03	-8.011351e+01	-4.005741e+01	4.077938e+01	-6.406950e-01	-3.941607e+01	4.069874e+01	-6.399545e-01	6.414356e-01	7.226304e-01	-8.083614e+01
4.4           	1.282853e+00	1.470974e-03	-8.011368e+01	-4.005749e+01	4.077943e+01	-6.407901e-01	-3.941606e+01	4.069892e+01	-6.400546e-01	6.415256e-01	7.225874e-01	-8.083627e+01
4.41          	1.283027e+00	1.460804e-03	-8.011385e+01	-4.005757e+01	4.077947e+01	-6.408831e-01	-3.941606e+01	4.069909e+01	-6.401527e-01	6.416135e-01	7.225426e-01	-8.083640e+01
4.42          	1.283197e+00	1.450563e-03	-8.011403e+01	-4.005766e+01	4.077951e+01	-6.409740e-01	-3.941606e+01	4.069926e+01	-6.402487e-01	6.416993e-01	7.224959e-01	-8.083652e+01
4.43          	1.283364e+00	1.440188e-03	-8.011421e+01	-4.005774e+01	4.077955e+01	-6.410630e-01	-3.941606e+01	4.069943e+01	-6.403429e-01	6.417831e-01	7.224475e-01	-8.083665e+01
4.44          	1.283527e+00	1.429752e-03	-8.011439e+01	-4.005783e+01	4.077959e+01	-6.411501e-01	-3.941607e+01	4.069959e+01	-6.404352e-01	6.418650e-01	7.223974e-01	-8.083678e+01
4.45          	1.283687e+00	1.419318e-03	-8.011457e+01	-4.005792e+01	4.077963e+01	-6.412353e-01	-3.941608e+01	4.069976e+01	-6.405256e-01	6.419449e-01	7.223456e-01	-8.083691e+01
4.46          	1.283841e+00	1.408791e-03	-8.011476e+01	-4.005801e+01	4.077967e+01	-6.413183e-01	-3.941609e+01	4.069993e+01	-6.406139e-01	6.420227e-01	7.222922e-01	-8.083705e+01
4.47          	1.283992e+00	1.398049e-03	-8.011494e+01	-4.005810e+01	4.077971e+01	-6.413991e-01	-3.941610e+01	4.070010e+01	-6.407001e-01	6.420982e-01	7.222371e-01	-8.083718e+01
4.48          	1.284139e+00	1.387125e-03	-8.011514e+01	-4.005819e+01	4.077975e+01	-6.414782e-01	-3.941612e+01	4.070026e+01	-6.407846e-01	6.421718e-01	7.221806e-01	-8.083732e+01
4.49          	1.284283e+00	1.375592e-03	-8.011533e+01	-4.005829e+01	4.077979e+01	-6.415564e-01	-3.941614e+01	4.070043e+01	-6.408687e-01	6.422442e-01	7.221224e-01	-8.083745e+01
4.5           	1.284424e+00	1.364203e-03	-8.011552e+01	-4.005838e+01	4.077982e+01	-6.416332e-01	-3.941617e+01	4.070059e+01	-6.409511e-01	6.423153e-01	7.220630e-01	-8.083758e+01
4.51          	1.284564e+00	1.353060e-03	-8.011571e+01	-4.005847e+01	4.077986e+01	-6.417086e-01	-3.941619e+01	4.070075e+01	-6.410321e-01	6.423852e-01	7.220026e-01	-8.083772e+01
4.52          	1.284702e+00	1.342193e-03	-8.011591e+01	-4.005856e+01	4.077989e+01	-6.417828e-01	-3.941621e+01	4.070091e+01	-6.411117e-01	6.424539e-01	7.219413e-01	-8.083785e+01
4.53          	1.284838e+00	1.331655e-03	-8.011610e+01	-4.005866e+01	4.077993e+01	-6.418558e-01	-3.941624e+01	4.070108e+01	-6.411900e-01	6.425217e-01	7.218790e-01	-8.083798e+01
4.54          	1.284972e+00	1.321370e-03	-8.011629e+01	-4.005875e+01	4.077996e+01	-6.419276e-01	-3.941627e+01	4.070124e+01	-6.412669e-01	6.425882e-01	7.218156e-01	-8.083811e+01
4.55          	1.285103e+00	1.311303e-03	-8.011649e+01	-4.005884e+01	4.077999e+01	-6.419976e-01	-3.941629e+01	4.070140e+01	-6.413420e-01	6.426533e-01	7.217510e-01	-8.083824e+01
4.56          	1.285231e+00	1.301352e-03	-8.011668e+01	-4.005894e+01	4.078003e+01	-6.420660e-01	-3.941632e+01	4.070155e+01	-6.414153e-01	6.427167e-01	7.216853e-01	-8.083837e+01
4.57          	1.285355e+00	1.291320e-03	-8.011688e+01	-4.005903e+01	4.078006e+01	-6.421328e-01	-3.941636e+01	4.070171e+01	-6.414871e-01	6.427785e-01	7.216184e-01	-8.083850e+01
4.58          	1.285476e+00	1.280980e-03	-8.011707e+01	-4.005913e+01	4.078009e+01	-6.421981e-01	-3.941639e+01	4.070187e+01	-6.415576e-01	6.428386e-01	7.215503e-01	-8.083862e+01
4.59          	1.285594e+00	1.270092e-03	-8.011726e+01	-4.005922e+01	4.078011e+01	-6.422621e-01	-3.941642e+01	4.070202e+01	-6.416270e-01	6.428971e-01	7.214811e-01	-8.083874e+01
4.6           	1.285710e+00	1.258674e-03	-8.011745e+01	-4.005931e+01	4.078014e+01	-6.423250e-01	-3.941646e+01	4.070217e+01	-6.416956e-01	6.429543e-01	7.214109e-01	-8.083886e+01
4.61          	1.285823e+00	1.246840e-03	-8.011764e+01	-4.005940e+01	4.078016e+01	-6.423870e-01	-3.941649e+01	4.070231e+01	-6.417635e-01	6.430104e-01	7.213397e-01	-8.083898e+01
4.62          	1.285934e+00	1.234778e-03	-8.011783e+01	-4.005949e+01	4.078018e+01	-6.424480e-01	-3.941652e+01	4.070246e+01	-6.418306e-01	6.430654e-01	7.212677e-01	-8.083910e+01
4.63          	1.286044e+00	1.222695e-03	-8.011801e+01	-4.005958e+01	4.078020e+01	-6.425080e-01	-3.941656e+01	4.070260e+01	-6.418966e-01	6.431193e-01	7.211948e-01	-8.083921e+01
4.64          	1.286151e+00	1.210724e-03	-8.011820e+01	-4.005967e+01	4.078022e+01	-6.425666e-01	-3.941659e+01	4.070274e+01	-6.419613e-01	6.431720e-01	7.211211e-01	-8.083932e+01
4.65          	1.286255e+00	1.199010e-03	-8.011838e+01	-4.005975e+01	4.078024e+01	-6.426240e-01	-3.941662e+01	4.070288e+01	-6.420244e-01	6.432235e-01	7.210465e-01	-8.083942e+01
4.66          	1.286358e+00	1.187557e-03	-8.011856e+01	-4.005984e+01	4.078025e+01	-6.426800e-01	-3.941666e+01	4.070302e+01	-6.420862e-01	6.432738e-01	7.209711e-01	-8.083953e+01
4.67          	1.286458e+00	1.176370e-03	-8.011873e+01	-4.005992e+01	4.078026e+01	-6.427348e-01	-3.941669e+01	4.070315e+01	-6.421466e-01	6.433230e-01	7.208950e-01	-8.083963e+01
4.68          	1.286556e+00	1.165150e-03	-8.011891e+01	-4.006001e+01	4.078027e+01	-6.427887e-01	-3.941673e+01	4.070328e+01	-6.422061e-01	6.433713e-01	7.208178e-01	-8.083973e+01
4.69          	1.286653e+00	1.154347e-03	-8.011908e+01	-4.006009e+01	4.078028e+01	-6.428415e-01	-3.941676e+01	4.070342e+01	-6.422643e-01	6.434187e-01	7.207400e-01	-8.083982e+01
4.7           	1.286748e+00	1.144030e-03	-8.011926e+01	-4.006017e+01	4.078029e+01	-6.428932e-01	-3.941680e+01	4.070354e+01	-6.423212e-01	6.434653e-01	7.206618e-01	-8.083992e+01
4.71          	1.286842e+00	1.134044e-03	-8.011943e+01	-4.006025e+01	4.078030e+01	-6.429441e-01	-3.941683e+01	4.070367e+01	-6.423771e-01	6.435111e-01	7.205831e-01	-8.084001e+01
4.72          	1.286935e+00	1.124483e-03	-8.011959e+01	-4.006033e+01	4.078030e+01	-6.429940e-01	-3.941686e+01	4.070380e+01	-6.424318e-01	6.435563e-01	7.205041e-01	-8.084010e+01
4.73          	1.287026e+00	1.114858e-03	-8.011976e+01	-4.006041e+01	4.078030e+01	-6.430433e-01	-3.941690e+01	4.070392e+01	-6.424859e-01	6.436008e-01	7.204244e-01	-8.084018e+01
4.74          	1.287116e+00	1.104988e-03	-8.011992e+01	-4.006049e+01	4.078031e+01	-6.430919e-01	-3.941693e+01	4.070405e+01	-6.425394e-01	6.436444e-01	7.203440e-01	-8.084027e+01
4.75          	1.287203e+00	1.094730e-03	-8.012009e+01	-4.006057e+01	4.078031e+01	-6.431396e-01	-3.941697e+01	4.070417e+01	-6.425922e-01	6.436869e-01	7.202626e-01	-8.084035e+01
4.76          	1.287288e+00	1.084080e-03	-8.012026e+01	-4.006065e+01	4.078031e+01	-6.431862e-01	-3.941700e+01	4.070429e+01	-6.426442e-01	6.437283e-01	7.201804e-01	-8.084044e+01
4.77          	1.287370e+00	1.073067e-03	-8.012042e+01	-4.006073e+01	4.078031e+01	-6.432319e-01	-3.941704e+01	4.070441e+01	-6.426954e-01	6.437684e-01	7.200973e-01	-8.084052e+01
4.78          	1.287450e+00	1.061540e-03	-8.012059e+01	-4.006081e+01	4.078031e+01	-6.432769e-01	-3.941708e+01	4.070453e+01	-6.427461e-01	6.438076e-01	7.200135e-01	-8.084061e+01
4.79          	1.287528e+00	1.049987e-03	-8.012076e+01	-4.006089e+01	4.078031e+01	-6.433209e-01	-3.941712e+01	4.070465e+01	-6.427960e-01	6.438459e-01	7.199291e-01	-8.084069e+01
4.8           	1.287604e+00	1.038959e-03	-8.012093e+01	-4.006097e+01	4.078031e+01	-6.433639e-01	-3.941717e+01	4.070477e+01	-6.428444e-01	6.438834e-01	7.198441e-01	-8.084078e+01
4.81          	1.287679e+00	1.028708e-03	-8.012110e+01	-4.006105e+01	4.078031e+01	-6.434056e-01	-3.941721e+01	4.070489e+01	-6.428912e-01	6.439199e-01	7.197586e-01	-8.084086e+01
4.82          	1.287752e+00	1.019206e-03	-8.012127e+01	-4.006113e+01	4.078031e+01	-6.434460e-01	-3.941726e+01	4.070501e+01	-6.429364e-01	6.439556e-01	7.196727e-01	-8.084095e+01
4.83          	1.287823e+00	1.010208e-03	-8.012144e+01	-4.006121e+01	4.078031e+01	-6.434853e-01	-3.941730e+01	4.070513e+01	-6.429802e-01	6.439904e-01	7.195864e-01	-8.084103e+01
4.84          	1.287893e+00	1.001507e-03	-8.012162e+01	-4.006130e+01	4.078031e+01	-6.435234e-01	-3.941735e+01	4.070524e+01	-6.430226e-01	6.440241e-01	7.194996e-01	-8.084112e+01
4.85          	1.287960e+00	9.930546e-04	-8.012179e+01	-4.006138e+01	4.078031e+01	-6.435602e-01	-3.941740e+01	4.070536e+01	-6.430637e-01	6.440567e-01	7.194123e-01	-8.084120e+01
4.86          	1.288025e+00	9.847386e-04	-8.012196e+01	-4.006146e+01	4.078031e+01	-6.435959e-01	-3.941745e+01	4.070548e+01	-6.431035e-01	6.440882e-01	7.193242e-01	-8.084129e+01
4.87          	1.288088e+00	9.765411e-04	-8.012214e+01	-4.006155e+01	4.078031e+01	-6.436303e-01	-3.941750e+01	4.070559e+01	-6.431421e-01	6.441186e-01	7.192355e-01	-8.084138e+01
4.88          	1.288148e+00	9.680251e-04	-8.012232e+01	-4.006163e+01	4.078031e+01	-6.436638e-01	-3.941756e+01	4.070571e+01	-6.431798e-01	6.441478e-01	7.191460e-01	-8.084147e+01
4.89          	1.288205e+00	9.589990e-04	-8.012250e+01	-4.006172e+01	4.078031e+01	-6.436964e-01	-3.941762e+01	4.070582e+01	-6.432169e-01	6.441759e-01	7.190557e-01	-8.084156e+01
4.9           	1.288261e+00	9.494296e-04	-8.012268e+01	-4.006181e+01	4.078031e+01	-6.437280e-01	-3.941768e+01	4.070594e+01	-6.432532e-01	6.442027e-01	7.189647e-01	-8.084165e+01
4.91          	1.288314e+00	9.394878e-04	-8.012286e+01	-4.006189e+01	4.078030e+01	-6.437583e-01	-3.941774e+01	4.070605e+01	-6.432886e-01	6.442281e-01	7.188729e-01	-8.084174e+01
4.92          	1.288365e+00	9.295325e-04	-8.012305e+01	-4.006198e+01	4.078030e+01	-6.437873e-01	-3.941780e+01	4.070616e+01	-6.433225e-01	6.442520e-01	7.187803e-01	-8.084183e+01
4.93          	1.288412e+00	9.197744e-04	-8.012323e+01	-4.006207e+01	4.078030e+01	-6.438146e-01	-3.941786e+01	4.070628e+01	-6.433547e-01	6.442745e-01	7.186868e-01	-8.084192e+01
4.94          	1.288457e+00	9.102470e-04	-8.012342e+01	-4.006216e+01	4.078030e+01	-6.438404e-01	-3.941793e+01	4.070639e+01	-6.433853e-01	6.442955e-01	7.185924e-01	-8.084201e+01
4.95          	1.288498e+00	9.008659e-04	-8.012361e+01	-4.006225e+01	4.078030e+01	-6.438647e-01	-3.941800e+01	4.070650e+01	-6.434143e-01	6.443151e-01	7.184971e-01	-8.084210e+01
4.96          	1.288536e+00	8.912873e-04	-8.012380e+01	-4.006234e+01	4.078030e+01	-6.438877e-01	-3.941807e+01	4.070661e+01	-6.434421e-01	6.443334e-01	7.184006e-01	-8.084220e+01
4.97          	1.288571e+00	8.818676e-04	-8.012399e+01	-4.006243e+01	4.078030e+01	-6.439093e-01	-3.941815e+01	4.070672e+01	-6.434684e-01	6.443503e-01	7.183035e-01	-8.084230e+01
4.98          	1.288603e+00	8.725649e-04	-8.012419e+01	-4.006253e+01	4.078030e+01	-6.439295e-01	-3.941823e+01	4.070683e+01	-6.434932e-01	6.443658e-01	7.182056e-01	-8.084239e+01
4.99          	1.288633e+00	8.631902e-04	-8.012438e+01	-4.006262e+01	4.078030e+01	-6.439485e-01	-3.941831e+01	4.070694e+01	-6.435169e-01	6.443801e-01	7.181071e-01	-8.084249e+01
5             	1.288660e+00	8.535191e-04	-8.012458e+01	-4.006272e+01	4.078030e+01	-6.439664e-01	-3.941839e+01	4.070705e+01	-6.435396e-01	6.443931e-01	7.180079e-01	-8.084259e+01
5.01          	1.288685e+00	8.434863e-04	-8.012478e+01	-4.006281e+01	4.078030e+01	-6.439832e-01	-3.941847e+01	4.070716e+01	-6.435615e-01	6.444050e-01	7.179079e-01	-8.084269e+01
5.02          	1.288708e+00	8.332058e-04	-8.012498e+01	-4.006291e+01	4.078030e+01	-6.439989e-01	-3.941856e+01	4.070726e+01	-6.435823e-01	6.444155e-01	7.178071e-01	-8.084279e+01
5.03          	1.288727e+00	8.228691e-04	-8.012519e+01	-4.006301e+01	4.078030e+01	-6.440131e-01	-3.941864e+01	4.070737e+01	-6.436016e-01	6.444245e-01	7.177054e-01	-8.084289e+01
5.04          	1.288744e+00	8.126810e-04	-8.012539e+01	-4.006311e+01	4.078030e+01	-6.440257e-01	-3.941873e+01	4.070748e+01	-6.436193e-01	6.444320e-01	7.176027e-01	-8.084299e+01
5.05          	1.288758e+00	8.028813e-04	-8.012560e+01	-4.006320e+01	4.078030e+01	-6.440365e-01	-3.941883e+01	4.070758e+01	-6.436351e-01	6.444379e-01	7.174990e-01	-8.084310e+01
5.06          	1.288769e+00	7.934642e-04	-8.012580e+01	-4.006330e+01	4.078030e+01	-6.440457e-01	-3.941892e+01	4.070769e+01	-6.436490e-01	6.444424e-01	7.173945e-01	-8.084320e+01
5.07          	1.288778e+00	7.843592e-04	-8.012601e+01	-4.006341e+01	4.078030e+01	-6.440535e-01	-3.941902e+01	4.070779e+01	-6.436613e-01	6.444456e-01	7.172891e-01	-8.084330e+01
5.08          	1.288783e+00	7.752885e-04	-8.012623e+01	-4.006351e+01	4.078030e+01	-6.440599e-01	-3.941912e+01	4.070790e+01	-6.436723e-01	6.444476e-01	7.171831e-01	-8.084341e+01
5.09          	1.288787e+00	7.660734e-04	-8.012644e+01	-4.006361e+01	4.078030e+01	-6.440653e-01	-3.941922e+01	4.070800e+01	-6.436823e-01	6.444484e-01	7.170763e-01	-8.084351e+01
5.1           	1.288788e+00	7.567245e-04	-8.012665e+01	-4.006371e+01	4.078030e+01	-6.440695e-01	-3.941932e+01	4.070811e+01	-6.436912e-01	6.444479e-01	7.169688e-01	-8.084362e+01
5.11          	1.288787e+00	7.473638e-04	-8.012687e+01	-4.006382e+01	4.078029e+01	-6.440726e-01	-3.941942e+01	4.070821e+01	-6.436989e-01	6.444463e-01	7.168605e-01	-8.084373e+01
5.12          	1.288783e+00	7.381850e-04	-8.012708e+01	-4.006392e+01	4.078029e+01	-6.440745e-01	-3.941953e+01	4.070831e+01	-6.437054e-01	6.444436e-01	7.167516e-01	-8.084384e+01
5.13          	1.288778e+00	7.293585e-04	-8.012730e+01	-4.006403e+01	4.078029e+01	-6.440751e-01	-3.941964e+01	4.070841e+01	-6.437104e-01	6.444398e-01	7.166421e-01	-8.084394e+01
5.14          	1.288771e+00	7.209406e-04	-8.012752e+01	-4.006413e+01	4.078029e+01	-6.440746e-01	-3.941975e+01	4.070852e+01	-6.437141e-01	6.444351e-01	7.165319e-01	-8.084405e+01
5.15          	1.288762e+00	7.130624e-04	-8.012774e+01	-4.006424e+01	4.078029e+01	-6.440729e-01	-3.941986e+01	4.070862e+01	-6.437163e-01	6.444294e-01	7.164213e-01	-8.084416e+01
5.16          	1.288752e+00	7.055780e-04	-8.012796e+01	-4.006434e+01	4.078029e+01	-6.440701e-01	-3.941997e+01	4.070872e+01	-6.437173e-01	6.444229e-01	7.163101e-01	-8.084427e+01
5.17          	1.288740e+00	6.980413e-04	-8.012818e+01	-4.006445e+01	4.078029e+01	-6.440665e-01	-3.942008e+01	4.070882e+01	-6.437175e-01	6.444156e-01	7.161983e-01	-8.084438e+01
5.18          	1.288726e+00	6.902914e-04	-8.012840e+01	-4.006456e+01	4.078029e+01	-6.440625e-01	-3.942019e+01	4.070892e+01	-6.437173e-01	6.444076e-01	7.160866e-01	-8.084448e+01
5.19          	1.288712e+00	6.815414e-04	-8.012862e+01	-4.006466e+01	4.078028e+01	-6.440584e-01	-3.942031e+01	4.070902e+01	-6.437177e-01	6.443992e-01	7.159743e-01	-8.084459e+01
5.2           	1.288695e+00	6.722240e-04	-8.012884e+01	-4.006477e+01	4.078028e+01	-6.440542e-01	-3.942042e+01	4.070912e+01	-6.437181e-01	6.443903e-01	7.158612e-01	-8.084470e+01
5.21          	1.288676e+00	6.628274e-04	-8.012906e+01	-4.006487e+01	4.078028e+01	-6.440495e-01	-3.942054e+01	4.070921e+01	-6.437181e-01	6.443809e-01	7.157474e-01	-8.084481e+01
5.22          	1.288656e+00	6.538102e-04	-8.012928e+01	-4.006498e+01	4.078027e+01	-6.440438e-01	-3.942065e+01	4.070931e+01	-6.437169e-01	6.443707e-01	7.156331e-01	-8.084491e+01
5.23          	1.288634e+00	6.450202e-04	-8.012950e+01	-4.006509e+01	4.078027e+01	-6.440373e-01	-3.942077e+01	4.070941e+01	-6.437148e-01	6.443598e-01	7.155181e-01	-8.084502e+01
5.24          	1.288611e+00	6.364807e-04	-8.012972e+01	-4.006520e+01	4.078026e+01	-6.440298e-01	-3.942089e+01	4.070950e+01	-6.437116e-01	6.443480e-01	7.154027e-01	-8.084513e+01
5.25          	1.288586e+00	6.282814e-04	-8.012995e+01	-4.006530e+01	4.078026e+01	-6.440212e-01	-3.942101e+01	4.070960e+01	-6.437070e-01	6.443353e-01	7.152869e-01	-8.084523e+01
5.26          	1.288559e+00	6.202065e-04	-8.013017e+01	-4.006541e+01	4.078025e+01	-6.440116e-01	-3.942113e+01	4.070969e+01	-6.437014e-01	6.443217e-01	7.151707e-01	-8.084534e+01
5.27          	1.288531e+00	6.126713e-04	-8.013039e+01	-4.006552e+01	4.078025e+01	-6.440007e-01	-3.942125e+01	4.070978e+01	-6.436943e-01	6.443070e-01	7.150542e-01	-8.084544e+01
5.28          	1.288502e+00	6.056594e-04	-8.013061e+01	-4.006563e+01	4.078024e+01	-6.439885e-01	-3.942137e+01	4.070988e+01	-6.436857e-01	6.442914e-01	7.149373e-01	-8.084555e+01
5.29          	1.288471e+00	5.988514e-04	-8.013083e+01	-4.006573e+01	4.078024e+01	-6.439752e-01	-3.942150e+01	4.070997e+01	-6.436758e-01	6.442747e-01	7.148201e-01	-8.084565e+01
5.3           	1.288438e+00	5.922916e-04	-8.013106e+01	-4.006584e+01	4.078023e+01	-6.439607e-01	-3.942162e+01	4.071006e+01	-6.436646e-01	6.442569e-01	7.147023e-01	-8.084576e+01
5.31          	1.288403e+00	5.861268e-04	-8.013128e+01	-4.006595e+01	4.078022e+01	-6.439449e-01	-3.942175e+01	4.071015e+01	-6.436518e-01	6.442380e-01	7.145840e-01	-8.084586e+01
5.32          	1.288366e+00	5.803905e-04	-8.013150e+01	-4.006606e+01	4.078022e+01	-6.439277e-01	-3.942187e+01	4.071024e+01	-6.436376e-01	6.442179e-01	7.144651e-01	-8.084597e+01
5.33          	1.288327e+00	5.751968e-04	-8.013172e+01	-4.006617e+01	4.078021e+01	-6.439094e-01	-3.942200e+01	4.071033e+01	-6.436218e-01	6.441970e-01	7.143457e-01	-8.084607e+01
5.34          	1.288286e+00	5.706886e-04	-8.013195e+01	-4.006628e+01	4.078020e+01	-6.438901e-01	-3.942213e+01	4.071042e+01	-6.436047e-01	6.441754e-01	7.142260e-01	-8.084617e+01
5.35          	1.288244e+00	5.671333e-04	-8.013217e+01	-4.006639e+01	4.078019e+01	-6.438697e-01	-3.942226e+01	4.071051e+01	-6.435861e-01	6.441532e-01	7.141059e-01	-8.084628e+01
5.36          	1.288201e+00	5.639662e-04	-8.013239e+01	-4.006650e+01	4.078018e+01	-6.438487e-01	-3.942239e+01	4.071060e+01	-6.435667e-01	6.441307e-01	7.139857e-01	-8.084638e+01
5.37          	1.288157e+00	5.602852e-04	-8.013262e+01	-4.006661e+01	4.078018e+01	-6.438277e-01	-3.942253e+01	4.071068e+01	-6.435476e-01	6.441078e-01	7.138654e-01	-8.084648e+01
5.38          	1.288113e+00	5.556468e-04	-8.013285e+01	-4.006672e+01	4.078017e+01	-6.438069e-01	-3.942266e+01	4.071077e+01	-6.435291e-01	6.440847e-01	7.137448e-01	-8.084659e+01
5.39          	1.288067e+00	5.501358e-04	-8.013307e+01	-4.006683e+01	4.078016e+01	-6.437861e-01	-3.942279e+01	4.071086e+01	-6.435111e-01	6.440612e-01	7.136241e-01	-8.084670e+01
5.4           	1.288020e+00	5.437149e-04	-8.013330e+01	-4.006694e+01	4.078015e+01	-6.437654e-01	-3.942293e+01	4.071095e+01	-6.434936e-01	6.440373e-01	7.135031e-01	-8.084680e+01
5.41          	1.287973e+00	5.365888e-04	-8.013353e+01	-4.006705e+01	4.078015e+01	-6.437446e-01	-3.942306e+01	4.071103e+01	-6.434763e-01	6.440129e-01	7.133820e-01	-8.084691e+01
5.42          	1.287925e+00	5.291575e-04	-8.013376e+01	-4.006716e+01	4.078014e+01	-6.437234e-01	-3.942320e+01	4.071112e+01	-6.434588e-01	6.439879e-01	7.132605e-01	-8.084702e+01
5.43          	1.287874e+00	5.217639e-04	-8.013399e+01	-4.006727e+01	4.078013e+01	-6.437015e-01	-3.942333e+01	4.071121e+01	-6.434406e-01	6.439624e-01	7.131386e-01	-8.084712e+01
5.44          	1.287823e+00	5.152342e-04	-8.013422e+01	-4.006739e+01	4.078013e+01	-6.436787e-01	-3.942347e+01	4.071130e+01	-6.434211e-01	6.439363e-01	7.130165e-01	-8.084723e+01
5.45          	1.287771e+00	5.098182e-04	-8.013445e+01	-4.006750e+01	4.078012e+01	-6.436548e-01	-3.942361e+01	4.071138e+01	-6.433999e-01	6.439097e-01	7.128943e-01	-8.084735e+01
5.46          	1.287718e+00	5.054829e-04	-8.013468e+01	-4.006761e+01	4.078011e+01	-6.436300e-01	-3.942376e+01	4.071147e+01	-6.433773e-01	6.438828e-01	7.127722e-01	-8.084746e+01
5.47          	1.287665e+00	5.019876e-04	-8.013492e+01	-4.006773e+01	4.078011e+01	-6.436045e-01	-3.942390e+01	4.071156e+01	-6.433535e-01	6.438555e-01	7.126502e-01	-8.084757e+01
5.48          	1.287611e+00	4.988964e-04	-8.013516e+01	-4.006785e+01	4.078011e+01	-6.435786e-01	-3.942404e+01	4.071165e+01	-6.433292e-01	6.438280e-01	7.125281e-01	-8.084769e+01
5.49          	1.287557e+00	4.956455e-04	-8.013540e+01	-4.006796e+01	4.078010e+01	-6.435526e-01	-3.942419e+01	4.071174e+01	-6.433048e-01	6.438004e-01	7.124062e-01	-8.084780e+01
5.5           	1.287503e+00	4.917030e-04	-8.013564e+01	-4.006808e+01	4.078010e+01	-6.435269e-01	-3.942433e+01	4.071183e+01	-6.432811e-01	6.437728e-01	7.122843e-01	-8.084792e+01
5.51          	1.287448e+00	4.868432e-04	-8.013588e+01	-4.006820e+01	4.078010e+01	-6.435016e-01	-3.942448e+01	4.071193e+01	-6.432582e-01	6.437450e-01	7.121624e-01	-8.084804e+01
5.52          	1.287393e+00	4.812128e-04	-8.013612e+01	-4.006832e+01	4.078010e+01	-6.434767e-01	-3.942462e+01	4.071202e+01	-6.432360e-01	6.437173e-01	7.120404e-01	-8.084816e+01
5.53          	1.287337e+00	4.751627e-04	-8.013636e+01	-4.006844e+01	4.078010e+01	-6.434518e-01	-3.942477e+01	4.071211e+01	-6.432143e-01	6.436894e-01	7.119185e-01	-8.084828e+01
5.54          	1.287280e+00	4.690996e-04	-8.013661e+01	-4.006856e+01	4.078010e+01	-6.434270e-01	-3.942492e+01	4.071220e+01	-6.431924e-01	6.436615e-01	7.117965e-01	-8.084841e+01
5.55          	1.287224e+00	4.634122e-04	-8.013686e+01	-4.006868e+01	4.078010e+01	-6.434019e-01	-3.942507e+01	4.071230e+01	-6.431702e-01	6.436336e-01	7.116747e-01	-8.084853e+01
5.56          	1.287167e+00	4.584354e-04	-8.013711e+01	-4.006881e+01	4.078011e+01	-6.433764e-01	-3.942522e+01	4.071239e+01	-6.431472e-01	6.436056e-01	7.115531e-01	-8.084866e+01
5.57          	1.287111e+00	4.542269e-04	-8.013736e+01	-4.006893e+01	4.078011e+01	-6.433506e-01	-3.942537e+01	4.071249e+01	-6.431235e-01	6.435777e-01	7.114318e-01	-8.084879e+01
5.58          	1.287055e+00	4.506224e-04	-8.013761e+01	-4.006905e+01	4.078012e+01	-6.433246e-01	-3.942553e+01	4.071258e+01	-6.430993e-01	6.435499e-01	7.113108e-01	-8.084892e+01
5.59          	1.287000e+00	4.473271e-04	-8.013786e+01	-4.006918e+01	4.078012e+01	-6.432986e-01	-3.942568e+01	4.071268e+01	-6.430750e-01	6.435223e-01	7.111903e-01	-8.084905e+01
5.6           	1.286946e+00	4.440087e-04	-8.013812e+01	-4.006930e+01	4.078013e+01	-6.432728e-01	-3.942583e+01	4.071278e+01	-6.430508e-01	6.434948e-01	7.110702e-01	-8.084919e+01
5.61          	1.286892e+00	4.404474e-04	-8.013837e+01	-4.006943e+01	4.078014e+01	-6.432473e-01	-3.942599e+01	4.071288e+01	-6.430271e-01	6.434675e-01	7.109505e-01	-8.084932e+01
5.62          	1.286838e+00	4.365382e-04	-8.013863e+01	-4.006956e+01	4.078015e+01	-6.432221e-01	-3.942614e+01	4.071298e+01	-6.430039e-01	6.434404e-01	7.108311e-01	-8.084946e+01
5.63          	1.286785e+00	4.323529e-04	-8.013889e+01	-4.006968e+01	4.078016e+01	-6.431973e-01	-3.942629e+01	4.071308e+01	-6.429811e-01	6.434135e-01	7.107121e-01	-8.084960e+01
5.64          	1.286732e+00	4.280760e-04	-8.013915e+01	-4.006981e+01	4.078017e+01	-6.431728e-01	-3.942645e+01	4.071318e+01	-6.429588e-01	6.433869e-01	7.105934e-01	-8.084974e+01
5.65          	1.286679e+00	4.239307e-04	-8.013941e+01	-4.006994e+01	4.078018e+01	-6.431486e-01	-3.942660e+01	4.071328e+01	-6.429366e-01	6.433605e-01	7.104751e-01	-8.084988e+01
5.66          	1.286627e+00	4.200343e-04	-8.013967e+01	-4.007007e+01	4.078019e+01	-6.431246e-01	-3.942676e+01	4.071338e+01	-6.429146e-01	6.433346e-01	7.103574e-01	-8.085002e+01
5.67          	1.286576e+00	4.164385e-04	-8.013993e+01	-4.007020e+01	4.078020e+01	-6.431009e-01	-3.942691e+01	4.071349e+01	-6.428927e-01	6.433091e-01	7.102401e-01	-8.085017e+01
5.68          	1.286526e+00	4.131076e-04	-8.014019e+01	-4.007033e+01	4.078022e+01	-6.430776e-01	-3.942706e+01	4.071359e+01	-6.428710e-01	6.432841e-01	7.101235e-01	-8.085031e+01
5.69          	1.286477e+00	4.099779e-04	-8.014045e+01	-4.007046e+01	4.078023e+01	-6.430546e-01	-3.942722e+01	4.071370e+01	-6.428496e-01	6.432596e-01	7.100075e-01	-8.085046e+01
5.7           	1.286428e+00	4.069677e-04	-8.014072e+01	-4.007059e+01	4.078025e+01	-6.430319e-01	-3.942737e+01	4.071380e+01	-6.428284e-01	6.432353e-01	7.098920e-01	-8.085061e+01
5.71          	1.286381e+00	4.040284e-04	-8.014098e+01	-4.007072e+01	4.078027e+01	-6.430094e-01	-3.942753e+01	4.071391e+01	-6.428074e-01	6.432114e-01	7.097771e-01	-8.085076e+01
5.72          	1.286334e+00	4.011020e-04	-8.014124e+01	-4.007085e+01	4.078028e+01	-6.429873e-01	-3.942768e+01	4.071402e+01	-6.427868e-01	6.431879e-01	7.096627e-01	-8.085091e+01
5.73          	1.286288e+00	3.981476e-04	-8.014151e+01	-4.007098e+01	4.078030e+01	-6.429656e-01	-3.942784e+01	4.071412e+01	-6.427665e-01	6.431647e-01	7.095489e-01	-8.085106e+01
5.74          	1.286242e+00	3.952015e-04	-8.014177e+01	-4.007111e+01	4.078032e+01	-6.429443e-01	-3.942799e+01	4.071423e+01	-6.427467e-01	6.431419e-01	7.094358e-01	-8.085121e+01
5.75          	1.286198e+00	3.923553e-04	-8.014204e+01	-4.007124e+01	4.078034e+01	-6.429233e-01	-3.942814e+01	4.071434e+01	-6.427271e-01	6.431195e-01	7.093233e-01	-8.085136e+01
5.76          	1.286154e+00	3.897757e-04	-8.014230e+01	-4.007137e+01	4.078036e+01	-6.429026e-01	-3.942830e+01	4.071445e+01	-6.427077e-01	6.430975e-01	7.092115e-01	-8.085151e+01
5.77          	1.286111e+00	3.875437e-04	-8.014256e+01	-4.007150e+01	4.078038e+01	-6.428822e-01	-3.942845e+01	4.071456e+01	-6.426884e-01	6.430760e-01	7.091004e-01	-8.085167e+01
5.78          	1.286069e+00	3.856171e-04	-8.014283e+01	-4.007163e+01	4.078040e+01	-6.428621e-01	-3.942860e+01	4.071467e+01	-6.426693e-01	6.430549e-01	7.089900e-01	-8.085182e+01
5.79          	1.286028e+00	3.839105e-04	-8.014309e+01	-4.007177e+01	4.078043e+01	-6.428422e-01	-3.942875e+01	4.071478e+01	-6.426503e-01	6.430342e-01	7.088802e-01	-8.085197e+01
5.8           	1.285988e+00	3.823244e-04	-8.014336e+01	-4.007190e+01	4.078045e+01	-6.428227e-01	-3.942890e+01	4.071489e+01	-6.426315e-01	6.430139e-01	7.087710e-01	-8.085213e+01
5.81          	1.285948e+00	3.807805e-04	-8.014362e+01	-4.007203e+01	4.078047e+01	-6.428036e-01	-3.942906e+01	4.071500e+01	-6.426132e-01	6.429939e-01	7.086625e-01	-8.085229e+01
5.82          	1.285908e+00	3.791716e-04	-8.014389e+01	-4.007216e+01	4.078050e+01	-6.427847e-01	-3.942921e+01	4.071512e+01	-6.425952e-01	6.429743e-01	7.085545e-01	-8.085244e+01
5.83          	1.285870e+00	3.774264e-04	-8.014415e+01	-4.007229e+01	4.078052e+01	-6.427663e-01	-3.942936e+01	4.071523e+01	-6.425776e-01	6.429550e-01	7.084471e-01	-8.085260e+01
5.84          	1.285831e+00	3.755715e-04	-8.014442e+01	-4.007243e+01	4.078055e+01	-6.427482e-01	-3.942951e+01	4.071534e+01	-6.425604e-01	6.429359e-01	7.083402e-01	-8.085276e+01
5.85          	1.285793e+00	3.735848e-04	-8.014469e+01	-4.007256e+01	4.078058e+01	-6.427304e-01	-3.942966e+01	4.071545e+01	-6.425436e-01	6.429172e-01	7.082341e-01	-8.085292e+01
5.86          	1.285756e+00	3.713577e-04	-8.014495e+01	-4.007269e+01	4.078060e+01	-6.427131e-01	-3.942981e+01	4.071557e+01	-6.425274e-01	6.428987e-01	7.081285e-01	-8.085308e+01
5.87          	1.285720e+00	3.688175e-04	-8.014522e+01	-4.007282e+01	4.078063e+01	-6.426965e-01	-3.942996e+01	4.071568e+01	-6.425121e-01	6.428809e-01	7.080237e-01	-8.085324e+01
5.88          	1.285684e+00	3.660382e-04	-8.014549e+01	-4.007295e+01	4.078066e+01	-6.426807e-01	-3.943011e+01	4.071580e+01	-6.424977e-01	6.428637e-01	7.079195e-01	-8.085340e+01
5.89          	1.285649e+00	3.632693e-04	-8.014575e+01	-4.007309e+01	4.078069e+01	-6.426657e-01	-3.943026e+01	4.071591e+01	-6.424840e-01	6.428473e-01	7.078161e-01	-8.085357e+01
5.9           	1.285615e+00	3.607838e-04	-8.014602e+01	-4.007322e+01	4.078072e+01	-6.426510e-01	-3.943041e+01	4.071603e+01	-6.424706e-01	6.428314e-01	7.077134e-01	-8.085373e+01
5.91          	1.285581e+00	3.588595e-04	-8.014629e+01	-4.007335e+01	4.078076e+01	-6.426365e-01	-3.943056e+01	4.071614e+01	-6.424570e-01	6.428159e-01	7.076113e-01	-8.085390e+01
5.92          	1.285548e+00	3.575423e-04	-8.014656e+01	-4.007349e+01	4.078079e+01	-6.426217e-01	-3.943071e+01	4.071626e+01	-6.424430e-01	6.428005e-01	7.075098e-01	-8.085407e+01
5.93          	1.285516e+00	3.566698e-04	-8.014682e+01	-4.007362e+01	4.078082e+01	-6.426068e-01	-3.943086e+01	4.071638e+01	-6.424285e-01	6.427852e-01	7.074089e-01	-8.085423e+01
5.94          	1.285484e+00	3.559723e-04	-8.014709e+01	-4.007375e+01	4.078085e+01	-6.425918e-01	-3.943101e+01	4.071650e+01	-6.424138e-01	6.427698e-01	7.073085e-01	-8.085440e+01
5.95          	1.285453e+00	3.552089e-04	-8.014736e+01	-4.007389e+01	4.078089e+01	-6.425767e-01	-3.943116e+01	4.071661e+01	-6.423991e-01	6.427543e-01	7.072087e-01	-8.085457e+01
5.96          	1.285422e+00	3.542269e-04	-8.014763e+01	-4.007402e+01	4.078092e+01	-6.425617e-01	-3.943131e+01	4.071673e+01	-6.423846e-01	6.427389e-01	7.071094e-01	-8.085474e+01
5.97          	1.285390e+00	3.529781e-04	-8.014790e+01	-4.007416e+01	4.078096e+01	-6.425470e-01	-3.943146e+01	4.071685e+01	-6.423705e-01	6.427235e-01	7.070107e-01	-8.085491e+01
5.98          	1.285359e+00	3.514628e-04	-8.014817e+01	-4.007429e+01	4.078100e+01	-6.425324e-01	-3.943161e+01	4.071697e+01	-6.423567e-01	6.427082e-01	7.069125e-01	-8.085508e+01
5.99          	1.285329e+00	3.498802e-04	-8.014844e+01	-4.007442e+01	4.078103e+01	-6.425181e-01	-3.943176e+01	4.071709e+01	-6.423432e-01	6.426930e-01	7.068149e-01	-8.085525e+01
6             	1.285298e+00	3.484047e-04	-8.014871e+01	-4.007456e+01	4.078107e+01	-6.425038e-01	-3.943191e+01	4.071721e+01	-6.423296e-01	6.426780e-01	7.067178e-01	-8.085543e+01
6.01          	1.285267e+00	3.471356e-04	-8.014898e+01	-4.007469e+01	4.078111e+01	-6.424896e-01	-3.943206e+01	4.071733e+01	-6.423161e-01	6.426632e-01	7.066213e-01	-8.085560e+01
6.02          	1.285237e+00	3.461241e-04	-8.014925e+01	-4.007483e+01	4.078115e+01	-6.424754e-01	-3.943221e+01	4.071745e+01	-6.423023e-01	6.426485e-01	7.065254e-01	-8.085578e+01
6.03          	1.285207e+00	3.453785e-04	-8.014952e+01	-4.007496e+01	4.078119e+01	-6.424612e-01	-3.943236e+01	4.071757e+01	-6.422885e-01	6.426339e-01	7.064300e-01	-8.085595e+01
6.04          	1.285178e+00	3.448672e-04	-8.014980e+01	-4.007510e+01	4.078123e+01	-6.424470e-01	-3.943251e+01	4.071769e+01	-6.422746e-01	6.426194e-01	7.063351e-01	-8.085613e+01
6.05          	1.285149e+00	3.445233e-04	-8.015007e+01	-4.007524e+01	4.078127e+01	-6.424329e-01	-3.943266e+01	4.071781e+01	-6.422607e-01	6.426052e-01	7.062409e-01	-8.085631e+01
6.06          	1.285120e+00	3.442654e-04	-8.015034e+01	-4.007537e+01	4.078132e+01	-6.424190e-01	-3.943281e+01	4.071793e+01	-6.422469e-01	6.425911e-01	7.061472e-01	-8.085649e+01
6.07          	1.285091e+00	3.439898e-04	-8.015061e+01	-4.007551e+01	4.078136e+01	-6.424053e-01	-3.943296e+01	4.071805e+01	-6.422333e-01	6.425773e-01	7.060542e-01	-8.085667e+01
6.08          	1.285063e+00	3.436313e-04	-8.015088e+01	-4.007564e+01	4.078140e+01	-6.423917e-01	-3.943311e+01	4.071818e+01	-6.422199e-01	6.425635e-01	7.059617e-01	-8.085685e+01
6.09          	1.285035e+00	3.431348e-04	-8.015116e+01	-4.007578e+01	4.078145e+01	-6.423784e-01	-3.943326e+01	4.071830e+01	-6.422068e-01	6.425499e-01	7.058698e-01	-8.085703e+01
6.1           	1.285008e+00	3.424318e-04	-8.015143e+01	-4.007592e+01	4.078149e+01	-6.423653e-01	-3.943341e+01	4.071842e+01	-6.421941e-01	6.425366e-01	7.057784e-01	-8.085721e+01
6.11          	1.284981e+00	3.415957e-04	-8.015170e+01	-4.007605e+01	4.078154e+01	-6.423526e-01	-3.943356e+01	4.071854e+01	-6.421818e-01	6.425234e-01	7.056876e-01	-8.085739e+01
6.12          	1.284954e+00	3.407771e-04	-8.015197e+01	-4.007619e+01	4.078158e+01	-6.423400e-01	-3.943371e+01	4.071866e+01	-6.421696e-01	6.425104e-01	7.055973e-01	-8.085757e+01
6.13          	1.284928e+00	3.401104e-04	-8.015225e+01	-4.007632e+01	4.078163e+01	-6.423276e-01	-3.943386e+01	4.071879e+01	-6.421575e-01	6.424976e-01	7.055074e-01	-8.085775e+01
6.14          	1.284901e+00	3.397249e-04	-8.015252e+01	-4.007646e+01	4.078168e+01	-6.423151e-01	-3.943401e+01	4.071891e+01	-6.421453e-01	6.424850e-01	7.054181e-01	-8.085794e+01
6.15          	1.284876e+00	3.396737e-04	-8.015279e+01	-4.007659e+01	4.078172e+01	-6.423027e-01	-3.943416e+01	4.071903e+01	-6.421328e-01	6.424725e-01	7.053292e-01	-8.085812e+01
6.16          	1.284850e+00	3.399355e-04	-8.015306e+01	-4.007673e+01	4.078177e+01	-6.422902e-01	-3.943431e+01	4.071916e+01	-6.421202e-01	6.424601e-01	7.052408e-01	-8.085830e+01
6.17          	1.284825e+00	3.404297e-04	-8.015333e+01	-4.007687e+01	4.078182e+01	-6.422777e-01	-3.943445e+01	4.071928e+01	-6.421075e-01	6.424479e-01	7.051529e-01	-8.085849e+01
6.18          	1.284800e+00	3.410513e-04	-8.015360e+01	-4.007700e+01	4.078187e+01	-6.422653e-01	-3.943460e+01	4.071940e+01	-6.420948e-01	6.424358e-01	7.050654e-01	-8.085867e+01
6.19          	1.284775e+00	3.417111e-04	-8.015387e+01	-4.007714e+01	4.078192e+01	-6.422530e-01	-3.943475e+01	4.071952e+01	-6.420822e-01	6.424239e-01	7.049785e-01	-8.085885e+01
6.2           	1.284750e+00	3.423229e-04	-8.015415e+01	-4.007727e+01	4.078196e+01	-6.422409e-01	-3.943490e+01	4.071965e+01	-6.420698e-01	6.424121e-01	7.048920e-01	-8.085904e+01
6.21          	1.284726e+00	3.428470e-04	-8.015441e+01	-4.007741e+01	4.078201e+01	-6.422290e-01	-3.943504e+01	4.071977e+01	-6.420576e-01	6.424005e-01	7.048059e-01	-8.085922e+01
6.22          	1.284702e+00	3.432877e-04	-8.015468e+01	-4.007754e+01	4.078206e+01	-6.422173e-01	-3.943519e+01	4.071989e+01	-6.420456e-01	6.423889e-01	7.047202e-01	-8.085940e+01
6.23          	1.284679e+00	3.436700e-04	-8.015495e+01	-4.007768e+01	4.078211e+01	-6.422057e-01	-3.943534e+01	4.072001e+01	-6.420339e-01	6.423775e-01	7.046349e-01	-8.085959e+01
6.24          	1.284655e+00	3.440498e-04	-8.015522e+01	-4.007781e+01	4.078216e+01	-6.421942e-01	-3.943548e+01	4.072014e+01	-6.420222e-01	6.423662e-01	7.045500e-01	-8.085977e+01
6.25          	1.284632e+00	3.444976e-04	-8.015549e+01	-4.007794e+01	4.078221e+01	-6.421828e-01	-3.943563e+01	4.072026e+01	-6.420105e-01	6.423550e-01	7.044655e-01	-8.085995e+01
6.26          	1.284608e+00	3.450620e-04	-8.015575e+01	-4.007808e+01	4.078226e+01	-6.421713e-01	-3.943577e+01	4.072038e+01	-6.419988e-01	6.423439e-01	7.043814e-01	-8.086014e+01
6.27          	1.284585e+00	3.457488e-04	-8.015602e+01	-4.007821e+01	4.078231e+01	-6.421598e-01	-3.943592e+01	4.072050e+01	-6.419870e-01	6.423327e-01	7.042977e-01	-8.086032e+01
6.28          	1.284562e+00	3.465005e-04	-8.015628e+01	-4.007834e+01	4.078236e+01	-6.421484e-01	-3.943606e+01	4.072062e+01	-6.419751e-01	6.423216e-01	7.042144e-01	-8.086050e+01
6.29          	1.284540e+00	3.474050e-04	-8.015655e+01	-4.007847e+01	4.078241e+01	-6.421369e-01	-3.943620e+01	4.072074e+01	-6.419631e-01	6.423106e-01	7.041318e-01	-8.086068e+01
6.3           	1.284517e+00	3.482389e-04	-8.015681e+01	-4.007861e+01	4.078246e+01	-6.421255e-01	-3.943635e+01	4.072086e+01	-6.419513e-01	6.422996e-01	7.040495e-01	-8.086086e+01
6.31          	1.284495e+00	3.488674e-04	-8.015708e+01	-4.007874e+01	4.078251e+01	-6.421142e-01	-3.943649e+01	4.072098e+01	-6.419398e-01	6.422887e-01	7.039673e-01	-8.086104e+01
6.32          	1.284472e+00	3.496795e-04	-8.015734e+01	-4.007887e+01	4.078256e+01	-6.421029e-01	-3.943663e+01	4.072110e+01	-6.419281e-01	6.422778e-01	7.038857e-01	-8.086122e+01
6.33          	1.284450e+00	3.505478e-04	-8.015760e+01	-4.007900e+01	4.078260e+01	-6.420916e-01	-3.943677e+01	4.072122e+01	-6.419164e-01	6.422669e-01	7.038043e-01	-8.086140e+01
6.34          	1.284428e+00	3.515195e-04	-8.015786e+01	-4.007913e+01	4.078265e+01	-6.420802e-01	-3.943692e+01	4.072134e+01	-6.419044e-01	6.422559e-01	7.037232e-01	-8.086158e+01
6.35          	1.284405e+00	3.524968e-04	-8.015812e+01	-4.007926e+01	4.078270e+01	-6.420686e-01	-3.943706e+01	4.072146e+01	-6.418924e-01	6.422449e-01	7.036421e-01	-8.086176e+01
6.36          	1.284382e+00	3.536776e-04	-8.015838e+01	-4.007939e+01	4.078275e+01	-6.420569e-01	-3.943720e+01	4.072158e+01	-6.418800e-01	6.422337e-01	7.035612e-01	-8.086194e+01
6.37          	1.284358e+00	3.550415e-04	-8.015864e+01	-4.007952e+01	4.078280e+01	-6.420449e-01	-3.943734e+01	4.072170e+01	-6.418674e-01	6.422224e-01	7.034807e-01	-8.086212e+01
6.38          	1.284335e+00	3.565143e-04	-8.015890e+01	-4.007965e+01	4.078285e+01	-6.420328e-01	-3.943748e+01	4.072182e+01	-6.418546e-01	6.422111e-01	7.034005e-01	-8.086230e+01
6.39          	1.284312e+00	3.580139e-04	-8.015915e+01	-4.007978e+01	4.078290e+01	-6.420207e-01	-3.943762e+01	4.072193e+01	-6.418417e-01	6.421997e-01	7.033207e-01	-8.086247e+01
6.4           	1.284288e+00	3.596300e-04	-8.015941e+01	-4.007990e+01	4.078295e+01	-6.420083e-01	-3.943776e+01	4.072205e+01	-6.418285e-01	6.421882e-01	7.032414e-01	-8.086265e+01
6.41          	1.284265e+00	3.611731e-04	-8.015966e+01	-4.008003e+01	4.078299e+01	-6.419960e-01	-3.943790e+01	4.072217e+01	-6.418154e-01	6.421766e-01	7.031623e-01	-8.086283e+01
6.42          	1.284241e+00	3.626582e-04	-8.015992e+01	-4.008016e+01	4.078304e+01	-6.419836e-01	-3.943804e+01	4.072228e+01	-6.418022e-01	6.421649e-01	7.030834e-01	-8.086300e+01
6.43          	1.284217e+00	3.639954e-04	-8.016017e+01	-4.008029e+01	4.078309e+01	-6.419711e-01	-3.943818e+01	4.072240e+01	-6.417891e-01	6.421531e-01	7.030044e-01	-8.086318e+01
6.44          	1.284193e+00	3.653932e-04	-8.016042e+01	-4.008041e+01	4.078314e+01	-6.419586e-01	-3.943832e+01	4.072251e+01	-6.417759e-01	6.421412e-01	7.029257e-01	-8.086335e+01
6.45          	1.284168e+00	3.670186e-04	-8.016068e+01	-4.008054e+01	4.078319e+01	-6.419458e-01	-3.943846e+01	4.072262e+01	-6.417622e-01	6.421293e-01	7.028474e-01	-8.086352e+01
6.46          	1.284144e+00	3.686575e-04	-8.016093e+01	-4.008067e+01	4.078323e+01	-6.419329e-01	-3.943859e+01	4.072274e+01	-6.417486e-01	6.421172e-01	7.027694e-01	-8.086370e+01
6.47          	1.284119e+00	3.702332e-04	-8.016118e+01	-4.008079e+01	4.078328e+01	-6.419200e-01	-3.943873e+01	4.072285e+01	-6.417349e-01	6.421052e-01	7.026915e-01	-8.086387e+01
6.48          	1.284094e+00	3.716959e-04	-8.016143e+01	-4.008092e+01	4.078333e+01	-6.419072e-01	-3.943887e+01	4.072297e+01	-6.417214e-01	6.420931e-01	7.026138e-01	-8.086404e+01
6.49          	1.284069e+00	3.730408e-04	-8.016168e+01	-4.008104e+01	4.078338e+01	-6.418944e-01	-3.943901e+01	4.072308e+01	-6.417079e-01	6.420809e-01	7.025363e-01	-8.086422e+01
6.5           	1.284044e+00	3.742992e-04	-8.016193e+01	-4.008117e+01	4.078342e+01	-6.418815e-01	-3.943915e+01	4.072319e+01	-6.416944e-01	6.420687e-01	7.024589e-01	-8.086439e+01
6.51          	1.284018e+00	3.755133e-04	-8.016218e+01	-4.008129e+01	4.078347e+01	-6.418686e-01	-3.943928e+01	4.072330e+01	-6.416808e-01	6.420563e-01	7.023817e-01	-8.086456e+01
6.52          	1.283992e+00	3.767630e-04	-8.016243e+01	-4.008142e+01	4.078352e+01	-6.418554e-01	-3.943942e+01	4.072341e+01	-6.416671e-01	6.420438e-01	7.023047e-01	-8.086473e+01
6.53          	1.283966e+00	3.781504e-04	-8.016268e+01	-4.008154e+01	4.078357e+01	-6.418421e-01	-3.943956e+01	4.072353e+01	-6.416530e-01	6.420312e-01	7.022279e-01	-8.086490e+01
6.54          	1.283940e+00	3.797385e-04	-8.016292e+01	-4.008167e+01	4.078361e+01	-6.418285e-01	-3.943970e+01	4.072364e+01	-6.416386e-01	6.420184e-01	7.021514e-01	-8.086507e+01
6.55          	1.283913e+00	3.815467e-04	-8.016317e+01	-4.008179e+01	4.078366e+01	-6.418146e-01	-3.943983e+01	4.072375e+01	-6.416238e-01	6.420054e-01	7.020750e-01	-8.086525e+01
6.56          	1.283886e+00	3.835561e-04	-8.016342e+01	-4.008191e+01	4.078371e+01	-6.418005e-01	-3.943997e+01	4.072386e+01	-6.416087e-01	6.419922e-01	7.019988e-01	-8.086542e+01
6.57          	1.283860e+00	3.857317e-04	-8.016366e+01	-4.008204e+01	4.078375e+01	-6.417861e-01	-3.944011e+01	4.072397e+01	-6.415932e-01	6.419790e-01	7.019229e-01	-8.086559e+01
6.58          	1.283832e+00	3.880181e-04	-8.016391e+01	-4.008216e+01	4.078380e+01	-6.417715e-01	-3.944025e+01	4.072408e+01	-6.415775e-01	6.419655e-01	7.018470e-01	-8.086576e+01
6.59          	1.283805e+00	3.903796e-04	-8.016416e+01	-4.008229e+01	4.078385e+01	-6.417568e-01	-3.944038e+01	4.072419e+01	-6.415616e-01	6.419520e-01	7.017714e-01	-8.086593e+01
6.6           	1.283777e+00	3.928272e-04	-8.016440e+01	-4.008241e+01	4.078390e+01	-6.417420e-01	-3.944052e+01	4.072430e+01	-6.415456e-01	6.419384e-01	7.016960e-01	-8.086610e+01
6.61          	1.283749e+00	3.953444e-04	-8.016465e+01	-4.008253e+01	4.078394e+01	-6.417270e-01	-3.944066e+01	4.072441e+01	-6.415293e-01	6.419247e-01	7.016207e-01	-8.086627e+01
6.62          	1.283721e+00	3.979285e-04	-8.016489e+01	-4.008266e+01	4.078399e+01	-6.417119e-01	-3.944080e+01	4.072452e+01	-6.415129e-01	6.419108e-01	7.015456e-01	-8.086644e+01
6.63          	1.283693e+00	4.005640e-04	-8.016514e+01	-4.008278e+01	4.078404e+01	-6.416965e-01	-3.944093e+01	4.072463e+01	-6.414963e-01	6.418968e-01	7.014707e-01	-8.086661e+01
6.64          	1.283664e+00	4.032393e-04	-8.016538e+01	-4.008290e+01	4.078409e+01	-6.416810e-01	-3.944107e+01	4.072473e+01	-6.414794e-01	6.418826e-01	7.013960e-01	-8.086678e+01
6.65          	1.283635e+00	4.059338e-04	-8.016563e+01	-4.008303e+01	4.078413e+01	-6.416652e-01	-3.944121e+01	4.072484e+01	-6.414623e-01	6.418682e-01	7.013214e-01	-8.086695e+01
6.66          	1.283605e+00	4.086182e-04	-8.016587e+01	-4.008315e+01	4.078418e+01	-6.416492e-01	-3.944135e+01	4.072495e+01	-6.414449e-01	6.418535e-01	7.012470e-01	-8.086712e+01
6.67          	1.283576e+00	4.113141e-04	-8.016611e+01	-4.008327e+01	4.078423e+01	-6.416330e-01	-3.944148e+01	4.072506e+01	-6.414273e-01	6.418386e-01	7.011727e-01	-8.086729e+01
6.68          	1.283545e+00	4.140749e-04	-8.016636e+01	-4.008339e+01	4.078428e+01	-6.416165e-01	-3.944162e+01	4.072517e+01	-6.414095e-01	6.418235e-01	7.010985e-01	-8.086745e+01
6.69          	1.283515e+00	4.169201e-04	-8.016660e+01	-4.008351e+01	4.078432e+01	-6.415998e-01	-3.944176e+01	4.072527e+01	-6.413913e-01	6.418083e-01	7.010244e-01	-8.086762e+01
6.7           	1.283484e+00	4.198412e-04	-8.016684e+01	-4.008364e+01	4.078437e+01	-6.415829e-01	-3.944189e+01	4.072538e+01	-6.413730e-01	6.417928e-01	7.009505e-01	-8.086779e+01
6.71          	1.283453e+00	4.229104e-04	-8.016708e+01	-4.008376e+01	4.078442e+01	-6.415658e-01	-3.944203e+01	4.072548e+01	-6.413544e-01	6.417773e-01	7.008770e-01	-8.086796e+01
6.72          	1.283421e+00	4.259180e-04	-8.016732e+01	-4.008388e+01	4.078446e+01	-6.415486e-01	-3.944217e+01	4.072559e+01	-6.413356e-01	6.417615e-01	7.008036e-01	-8.086812e+01
6.73          	1.283390e+00	4.288420e-04	-8.016756e+01	-4.008400e+01	4.078451e+01	-6.415312e-01	-3.944231e+01	4.072570e+01	-6.413168e-01	6.417456e-01	7.007302e-01	-8.086829e+01
6.74          	1.283357e+00	4.315333e-04	-8.016780e+01	-4.008412e+01	4.078456e+01	-6.415137e-01	-3.944244e+01	4.072580e+01	-6.412979e-01	6.417295e-01	7.006566e-01	-8.086846e+01
6.75          	1.283324e+00	4.341776e-04	-8.016804e+01	-4.008424e+01	4.078460e+01	-6.414960e-01	-3.944258e+01	4.072590e+01	-6.412790e-01	6.417131e-01	7.005832e-01	-8.086862e+01
6.76          	1.283291e+00	4.369402e-04	-8.016828e+01	-4.008436e+01	4.078465e+01	-6.414781e-01	-3.944271e+01	4.072601e+01	-6.412596e-01	6.416965e-01	7.005102e-01	-8.086879e+01
6.77          	1.283258e+00	4.396957e-04	-8.016851e+01	-4.008448e+01	4.078469e+01	-6.414598e-01	-3.944285e+01	4.072611e+01	-6.412400e-01	6.416797e-01	7.004372e-01	-8.086895e+01
6.78          	1.283224e+00	4.424731e-04	-8.016875e+01	-4.008460e+01	4.078474e+01	-6.414414e-01	-3.944299e+01	4.072621e+01	-6.412201e-01	6.416626e-01	7.003644e-01	-8.086911e+01
6.79          	1.283189e+00	4.452876e-04	-8.016898e+01	-4.008472e+01	4.078478e+01	-6.414226e-01	-3.944312e+01	4.072631e+01	-6.412000e-01	6.416453e-01	7.002916e-01	-8.086927e+01
6.8           	1.283154e+00	4.481384e-04	-8.016922e+01	-4.008484e+01	4.078483e+01	-6.414037e-01	-3.944326e+01	4.072641e+01	-6.411796e-01	6.416278e-01	7.002188e-01	-8.086944e+01
6.81          	1.283119e+00	4.510103e-04	-8.016945e+01	-4.008495e+01	4.078487e+01	-6.413845e-01	-3.944339e+01	4.072651e+01	-6.411590e-01	6.416100e-01	7.001462e-01	-8.086960e+01
6.82          	1.283083e+00	4.538810e-04	-8.016968e+01	-4.008507e+01	4.078491e+01	-6.413651e-01	-3.944353e+01	4.072661e+01	-6.411382e-01	6.415921e-01	7.000736e-01	-8.086975e+01
6.83          	1.283047e+00	4.567241e-04	-8.016991e+01	-4.008519e+01	4.078496e+01	-6.413455e-01	-3.944366e+01	4.072671e+01	-6.411172e-01	6.415739e-01	7.000011e-01	-8.086991e+01
6.84          	1.283011e+00	4.595285e-04	-8.017014e+01	-4.008530e+01	4.078500e+01	-6.413258e-01	-3.944380e+01	4.072681e+01	-6.410960e-01	6.415555e-01	6.999287e-01	-8.087007e+01
6.85          	1.282974e+00	4.623162e-04	-8.017037e+01	-4.008542e+01	4.078504e+01	-6.413058e-01	-3.944393e+01	4.072690e+01	-6.410746e-01	6.415369e-01	6.998564e-01	-8.087023e+01
6.86          	1.282936e+00	4.651018e-04	-8.017060e+01	-4.008553e+01	4.078508e+01	-6.412855e-01	-3.944406e+01	4.072700e+01	-6.410530e-01	6.415181e-01	6.997841e-01	-8.087038e+01
6.87          	1.282898e+00	4.678762e-04	-8.017082e+01	-4.008565e+01	4.078512e+01	-6.412651e-01	-3.944420e+01	4.072710e+01	-6.410311e-01	6.414990e-01	6.997120e-01	-8.087054e+01
6.88          	1.282860e+00	4.706245e-04	-8.017105e+01	-4.008576e+01	4.078516e+01	-6.412444e-01	-3.944433e+01	4.072719e+01	-6.410091e-01	6.414797e-01	6.996399e-01	-8.087069e+01
6.89          	1.282821e+00	4.733371e-04	-8.017127e+01	-4.008587e+01	4.078521e+01	-6.412236e-01	-3.944446e+01	4.072728e+01	-6.409869e-01	6.414603e-01	6.995679e-01	-8.087084e+01
6.9           	1.282782e+00	4.760079e-04	-8.017150e+01	-4.008599e+01	4.078525e+01	-6.412027e-01	-3.944460e+01	4.072738e+01	-6.409647e-01	6.414407e-01	6.994960e-01	-8.087099e+01
6.91          	1.282743e+00	4.786316e-04	-8.017172e+01	-4.008610e+01	4.078529e+01	-6.411816e-01	-3.944473e+01	4.072747e+01	-6.409423e-01	6.414209e-01	6.994243e-01	-8.087115e+01
6.92          	1.282703e+00	4.812316e-04	-8.017194e+01	-4.008621e+01	4.078532e+01	-6.411604e-01	-3.944486e+01	4.072756e+01	-6.409198e-01	6.414010e-01	6.993526e-01	-8.087130e+01
6.93          	1.282663e+00	4.838392e-04	-8.017217e+01	-4.008632e+01	4.078536e+01	-6.411390e-01	-3.944499e+01	4.072765e+01	-6.408971e-01	6.413809e-01	6.992810e-01	-8.087145e+01
6.94          	1.282622e+00	4.864809e-04	-8.017239e+01	-4.008643e+01	4.078540e+01	-6.411174e-01	-3.944512e+01	4.072775e+01	-6.408741e-01	6.413606e-01	6.992095e-01	-8.087160e+01
6.95          	1.282582e+00	4.891878e-04	-8.017261e+01	-4.008655e+01	4.078544e+01	-6.410955e-01	-3.944526e+01	4.072784e+01	-6.408509e-01	6.413401e-01	6.991380e-01	-8.087174e+01
6.96          	1.282540e+00	4.919688e-04	-8.017282e+01	-4.008666e+01	4.078548e+01	-6.410733e-01	-3.944539e+01	4.072793e+01	-6.408273e-01	6.413193e-01	6.990666e-01	-8.087189e+01
6.97          	1.282499e+00	4.948060e-04	-8.017304e+01	-4.008677e+01	4.078552e+01	-6.410509e-01	-3.944552e+01	4.072802e+01	-6.408035e-01	6.412983e-01	6.989952e-01	-8.087204e+01
6.98          	1.282457e+00	4.976688e-04	-8.017326e+01	-4.008688e+01	4.078555e+01	-6.410283e-01	-3.944565e+01	4.072811e+01	-6.407795e-01	6.412771e-01	6.989239e-01	-8.087219e+01
6.99          	1.282414e+00	5.005125e-04	-8.017348e+01	-4.008699e+01	4.078559e+01	-6.410055e-01	-3.944578e+01	4.072820e+01	-6.407553e-01	6.412558e-01	6.988526e-01	-8.087233e+01
7             	1.282372e+00	5.033274e-04	-8.017370e+01	-4.008710e+01	4.078563e+01	-6.409826e-01	-3.944591e+01	4.072828e+01	-6.407309e-01	6.412343e-01	6.987814e-01	-8.087248e+01
7.01          	1.282329e+00	5.061520e-04	-8.017392e+01	-4.008721e+01	4.078567e+01	-6.409595e-01	-3.944604e+01	4.072837e+01	-6.407064e-01	6.412126e-01	6.987103e-01	-8.087263e+01
7.02          	1.282285e+00	5.090221e-04	-8.017413e+01	-4.008732e+01	4.078571e+01	-6.409362e-01	-3.944618e+01	4.072846e+01	-6.406817e-01	6.411907e-01	6.986392e-01	-8.087277e+01
7.03          	1.282241e+00	5.119490e-04	-8.017435e+01	-4.008743e+01	4.078574e+01	-6.409127e-01	-3.944631e+01	4.072855e+01	-6.406567e-01	6.411686e-01	6.985681e-01	-8.087292e+01
7.04          	1.282197e+00	5.149253e-04	-8.017457e+01	-4.008754e+01	4.078578e+01	-6.408890e-01	-3.944644e+01	4.072864e+01	-6.406315e-01	6.411464e-01	6.984971e-01	-8.087307e+01
7.05          	1.282152e+00	5.179218e-04	-8.017479e+01	-4.008765e+01	4.078582e+01	-6.408650e-01	-3.944657e+01	4.072873e+01	-6.406061e-01	6.411240e-01	6.984261e-01	-8.087321e+01
7.06          	1.282107e+00	5.209135e-04	-8.017500e+01	-4.008776e+01	4.078586e+01	-6.408410e-01	-3.944671e+01	4.072881e+01	-6.405805e-01	6.411014e-01	6.983552e-01	-8.087336e+01
7.07          	1.282062e+00	5.238794e-04	-8.017522e+01	-4.008787e+01	4.078590e+01	-6.408167e-01	-3.944684e+01	4.072890e+01	-6.405547e-01	6.410786e-01	6.982843e-01	-8.087351e+01
7.08          	1.282017e+00	5.267972e-04	-8.017544e+01	-4.008798e+01	4.078593e+01	-6.407922e-01	-3.944697e+01	4.072899e+01	-6.405288e-01	6.410556e-01	6.982134e-01	-8.087366e+01
7.09          	1.281971e+00	5.296542e-04	-8.017566e+01	-4.008809e+01	4.078597e+01	-6.407676e-01	-3.944711e+01	4.072908e+01	-6.405028e-01	6.410324e-01	6.981426e-01	-8.087380e+01
7.1           	1.281924e+00	5.324423e-04	-8.017588e+01	-4.008820e+01	4.078601e+01	-6.407428e-01	-3.944724e+01	4.072916e+01	-6.404766e-01	6.410090e-01	6.980717e-01	-8.087395e+01
7.11          	1.281877e+00	5.351603e-04	-8.017610e+01	-4.008831e+01	4.078605e+01	-6.407178e-01	-3.944738e+01	4.072925e+01	-6.404503e-01	6.409854e-01	6.980009e-01	-8.087410e+01
7.12          	1.281830e+00	5.378333e-04	-8.017632e+01	-4.008843e+01	4.078609e+01	-6.406927e-01	-3.944751e+01	4.072934e+01	-6.404238e-01	6.409616e-01	6.979301e-01	-8.087425e+01
7.13          	1.281783e+00	5.404895e-04	-8.017654e+01	-4.008854e+01	4.078613e+01	-6.406674e-01	-3.944765e+01	4.072943e+01	-6.403972e-01	6.409377e-01	6.978594e-01	-8.087440e+01
7.14          	1.281735e+00	5.431793e-04	-8.017677e+01	-4.008865e+01	4.078617e+01	-6.406419e-01	-3.944778e+01	4.072952e+01	-6.403703e-01	6.409135e-01	6.977887e-01	-8.087455e+01
7.15          	1.281687e+00	5.459138e-04	-8.017699e+01	-4.008876e+01	4.078621e+01	-6.406163e-01	-3.944792e+01	4.072961e+01	-6.403433e-01	6.408892e-01	6.977180e-01	-8.087471e+01
7.16          	1.281638e+00	5.486705e-04	-8.017721e+01	-4.008887e+01	4.078625e+01	-6.405904e-01	-3.944806e+01	4.072969e+01	-6.403161e-01	6.408648e-01	6.976474e-01	-8.087486e+01
7.17          	1.281589e+00	5.514008e-04	-8.017743e+01	-4.008899e+01	4.078629e+01	-6.405645e-01	-3.944819e+01	4.072978e+01	-6.402888e-01	6.408402e-01	6.975768e-01	-8.087501e+01
7.18          	1.281540e+00	5.540450e-04	-8.017766e+01	-4.008910e+01	4.078634e+01	-6.405384e-01	-3.944833e+01	4.072987e+01	-6.402614e-01	6.408155e-01	6.975062e-01	-8.087516e+01
7.19          	1.281490e+00	5.565736e-04	-8.017788e+01	-4.008921e+01	4.078638e+01	-6.405124e-01	-3.944847e+01	4.072996e+01	-6.402341e-01	6.407906e-01	6.974356e-01	-8.087532e+01
7.2           	1.281441e+00	5.589996e-04	-8.017811e+01	-4.008933e+01	4.078642e+01	-6.404863e-01	-3.944861e+01	4.073005e+01	-6.402068e-01	6.407658e-01	6.973650e-01	-8.087547e+01
7.21          	1.281390e+00	5.613268e-04	-8.017833e+01	-4.008944e+01	4.078646e+01	-6.404601e-01	-3.944875e+01	4.073014e+01	-6.401794e-01	6.407408e-01	6.972945e-01	-8.087563e+01
7.22          	1.281340e+00	5.635674e-04	-8.017856e+01	-4.008956e+01	4.078650e+01	-6.404339e-01	-3.944889e+01	4.073023e+01	-6.401521e-01	6.407157e-01	6.972239e-01	-8.087578e+01
7.23          	1.281289e+00	5.657409e-04	-8.017879e+01	-4.008967e+01	4.078655e+01	-6.404075e-01	-3.944903e+01	4.073032e+01	-6.401246e-01	6.406904e-01	6.971534e-01	-8.087594e+01
7.24          	1.281238e+00	5.678627e-04	-8.017901e+01	-4.008978e+01	4.078659e+01	-6.403810e-01	-3.944917e+01	4.073040e+01	-6.400971e-01	6.406649e-01	6.970829e-01	-8.087609e+01
7.25          	1.281187e+00	5.699384e-04	-8.017924e+01	-4.008990e+01	4.078663e+01	-6.403544e-01	-3.944930e+01	4.073049e+01	-6.400694e-01	6.406393e-01	6.970124e-01	-8.087625e+01
7.26          	1.281135e+00	5.719674e-04	-8.017946e+01	-4.009001e+01	4.078667e+01	-6.403276e-01	-3.944944e+01	4.073058e+01	-6.400416e-01	6.406135e-01	6.969419e-01	-8.087640e+01
7.27          	1.281083e+00	5.739689e-04	-8.017969e+01	-4.009013e+01	4.078672e+01	-6.403006e-01	-3.944958e+01	4.073067e+01	-6.400136e-01	6.405876e-01	6.968715e-01	-8.087656e+01
7.28          	1.281031e+00	5.759662e-04	-8.017991e+01	-4.009024e+01	4.078676e+01	-6.402736e-01	-3.944972e+01	4.073075e+01	-6.399856e-01	6.405615e-01	6.968012e-01	-8.087671e+01
7.29          	1.280979e+00	5.779532e-04	-8.018014e+01	-4.009035e+01	4.078680e+01	-6.402464e-01	-3.944986e+01	4.073084e+01	-6.399574e-01	6.405354e-01	6.967309e-01	-8.087687e+01
7.3           	1.280926e+00	5.798851e-04	-8.018036e+01	-4.009047e+01	4.078684e+01	-6.402191e-01	-3.945000e+01	4.073093e+01	-6.399292e-01	6.405091e-01	6.966607e-01	-8.087702e+01
7.31          	1.280873e+00	5.817159e-04	-8.018059e+01	-4.009058e+01	4.078688e+01	-6.401918e-01	-3.945014e+01	4.073102e+01	-6.399010e-01	6.404827e-01	6.965905e-01	-8.087718e+01
7.32          	1.280820e+00	5.834212e-04	-8.018081e+01	-4.009069e+01	4.078693e+01	-6.401645e-01	-3.945028e+01	4.073110e+01	-6.398728e-01	6.404562e-01	6.965204e-01	-8.087733e+01
7.33          	1.280767e+00	5.849950e-04	-8.018103e+01	-4.009080e+01	4.078697e+01	-6.401371e-01	-3.945042e+01	4.073119e+01	-6.398446e-01	6.404296e-01	6.964504e-01	-8.087748e+01
7.34          	1.280713e+00	5.864454e-04	-8.018126e+01	-4.009092e+01	4.078701e+01	-6.401096e-01	-3.945056e+01	4.073127e+01	-6.398164e-01	6.404029e-01	6.963804e-01	-8.087764e+01
7.35          	1.280659e+00	5.877917e-04	-8.018148e+01	-4.009103e+01	4.078705e+01	-6.400820e-01	-3.945070e+01	4.073136e+01	-6.397882e-01	6.403759e-01	6.963104e-01	-8.087779e+01
7.36          	1.280605e+00	5.890596e-04	-8.018170e+01	-4.009114e+01	4.078709e+01	-6.400543e-01	-3.945084e+01	4.073144e+01	-6.397598e-01	6.403488e-01	6.962404e-01	-8.087794e+01
7.37          	1.280550e+00	5.902668e-04	-8.018192e+01	-4.009125e+01	4.078713e+01	-6.400264e-01	-3.945097e+01	4.073152e+01	-6.397313e-01	6.403216e-01	6.961705e-01	-8.087809e+01
7.38          	1.280495e+00	5.914287e-04	-8.018214e+01	-4.009136e+01	4.078717e+01	-6.399984e-01	-3.945111e+01	4.073161e+01	-6.397027e-01	6.402942e-01	6.961006e-01	-8.087824e+01
7.39          	1.280440e+00	5.925524e-04	-8.018235e+01	-4.009147e+01	4.078721e+01	-6.399704e-01	-3.945125e+01	4.073169e+01	-6.396741e-01	6.402667e-01	6.960308e-01	-8.087838e+01
7.4           	1.280385e+00	5.936233e-04	-8.018257e+01	-4.009158e+01	4.078725e+01	-6.399423e-01	-3.945138e+01	4.073177e+01	-6.396455e-01	6.402391e-01	6.959611e-01	-8.087853e+01
7.41          	1.280329e+00	5.946176e-04	-8.018279e+01	-4.009169e+01	4.078728e+01	-6.399142e-01	-3.945152e+01	4.073185e+01	-6.396169e-01	6.402115e-01	6.958915e-01	-8.087868e+01
7.42          	1.280274e+00	5.955047e-04	-8.018300e+01	-4.009179e+01	4.078732e+01	-6.398861e-01	-3.945166e+01	4.073193e+01	-6.395883e-01	6.401838e-01	6.958220e-01	-8.087882e+01
7.43          	1.280219e+00	5.962965e-04	-8.018322e+01	-4.009190e+01	4.078736e+01	-6.398581e-01	-3.945179e+01	4.073201e+01	-6.395599e-01	6.401562e-01	6.957527e-01	-8.087897e+01
7.44          	1.280163e+00	5.970082e-04	-8.018343e+01	-4.009201e+01	4.078740e+01	-6.398300e-01	-3.945193e+01	4.073209e+01	-6.395315e-01	6.401286e-01	6.956835e-01	-8.087911e+01
7.45          	1.280108e+00	5.976517e-04	-8.018364e+01	-4.009211e+01	4.078743e+01	-6.398020e-01	-3.945206e+01	4.073217e+01	-6.395032e-01	6.401009e-01	6.956144e-01	-8.087926e+01
7.46          	1.280052e+00	5.982428e-04	-8.018385e+01	-4.009222e+01	4.078747e+01	-6.397740e-01	-3.945219e+01	4.073225e+01	-6.394749e-01	6.400732e-01	6.955455e-01	-8.087940e+01
7.47          	1.279996e+00	5.987810e-04	-8.018406e+01	-4.009233e+01	4.078751e+01	-6.397460e-01	-3.945233e+01	4.073232e+01	-6.394466e-01	6.400454e-01	6.954766e-01	-8.087954e+01
7.48          	1.279940e+00	5.992612e-04	-8.018427e+01	-4.009243e+01	4.078754e+01	-6.397180e-01	-3.945246e+01	4.073240e+01	-6.394183e-01	6.400176e-01	6.954079e-01	-8.087968e+01
7.49          	1.279884e+00	5.996655e-04	-8.018448e+01	-4.009254e+01	4.078758e+01	-6.396899e-01	-3.945259e+01	4.073248e+01	-6.393901e-01	6.399898e-01	6.953394e-01	-8.087982e+01
7.5           	1.279828e+00	5.999967e-04	-8.018469e+01	-4.009264e+01	4.078762e+01	-6.396618e-01	-3.945273e+01	4.073255e+01	-6.393618e-01	6.399618e-01	6.952709e-01	-8.087996e+01
7.51          	1.279772e+00	6.002425e-04	-8.018490e+01	-4.009274e+01	4.078765e+01	-6.396337e-01	-3.945286e+01	4.073263e+01	-6.393336e-01	6.399339e-01	6.952025e-01	-8.088010e+01
7.52          	1.279716e+00	6.003650e-04	-8.018510e+01	-4.009285e+01	4.078769e+01	-6.396056e-01	-3.945299e+01	4.073270e+01	-6.393055e-01	6.399058e-01	6.951342e-01	-8.088024e+01
7.53          	1.279660e+00	6.003483e-04	-8.018531e+01	-4.009295e+01	4.078772e+01	-6.395775e-01	-3.945312e+01	4.073278e+01	-6.392774e-01	6.398777e-01	6.950660e-01	-8.088038e+01
7.54          	1.279603e+00	6.002004e-04	-8.018552e+01	-4.009305e+01	4.078776e+01	-6.395494e-01	-3.945325e+01	4.073285e+01	-6.392493e-01	6.398495e-01	6.949979e-01	-8.088051e+01
7.55          	1.279546e+00	5.999480e-04	-8.018572e+01	-4.009316e+01	4.078779e+01	-6.395211e-01	-3.945338e+01	4.073293e+01	-6.392211e-01	6.398211e-01	6.949299e-01	-8.088065e+01
7.56          	1.279489e+00	5.996206e-04	-8.018593e+01	-4.009326e+01	4.078783e+01	-6.394927e-01	-3.945351e+01	4.073300e+01	-6.391929e-01	6.397925e-01	6.948619e-01	-8.088079e+01
7.57          	1.279431e+00	5.992531e-04	-8.018613e+01	-4.009336e+01	4.078786e+01	-6.394641e-01	-3.945364e+01	4.073308e+01	-6.391645e-01	6.397638e-01	6.947939e-01	-8.088093e+01
7.58          	1.279373e+00	5.988644e-04	-8.018634e+01	-4.009346e+01	4.078789e+01	-6.394355e-01	-3.945378e+01	4.073315e+01	-6.391360e-01	6.397349e-01	6.947261e-01	-8.088106e+01
7.59          	1.279315e+00	5.984583e-04	-8.018654e+01	-4.009356e+01	4.078793e+01	-6.394068e-01	-3.945391e+01	4.073322e+01	-6.391075e-01	6.397060e-01	6.946583e-01	-8.088120e+01
7.6           	1.279257e+00	5.980276e-04	-8.018674e+01	-4.009367e+01	4.078796e+01	-6.393780e-01	-3.945404e+01	4.073329e+01	-6.390790e-01	6.396770e-01	6.945906e-01	-8.088133e+01
7.61          	1.279199e+00	5.975633e-04	-8.018695e+01	-4.009377e+01	4.078800e+01	-6.393492e-01	-3.945417e+01	4.073337e+01	-6.390504e-01	6.396480e-01	6.945231e-01	-8.088147e+01
7.62          	1.279140e+00	5.970456e-04	-8.018715e+01	-4.009387e+01	4.078803e+01	-6.393204e-01	-3.945430e+01	4.073344e+01	-6.390219e-01	6.396189e-01	6.944556e-01	-8.088161e+01
7.63          	1.279082e+00	5.964549e-04	-8.018736e+01	-4.009397e+01	4.078807e+01	-6.392916e-01	-3.945443e+01	4.073351e+01	-6.389933e-01	6.395898e-01	6.943883e-01	-8.088175e+01
7.64          	1.279023e+00	5.957841e-04	-8.018756e+01	-4.009407e+01	4.078810e+01	-6.392627e-01	-3.945456e+01	4.073359e+01	-6.389648e-01	6.395606e-01	6.943210e-01	-8.088188e+01
7.65          	1.278964e+00	5.950575e-04	-8.018777e+01	-4.009418e+01	4.078814e+01	-6.392337e-01	-3.945469e+01	4.073366e+01	-6.389362e-01	6.395312e-01	6.942538e-01	-8.088202e+01
7.66          	1.278905e+00	5.942961e-04	-8.018797e+01	-4.009428e+01	4.078817e+01	-6.392047e-01	-3.945483e+01	4.073373e+01	-6.389076e-01	6.395019e-01	6.941867e-01	-8.088216e+01
7.67          	1.278846e+00	5.935187e-04	-8.018818e+01	-4.009438e+01	4.078821e+01	-6.391756e-01	-3.945496e+01	4.073380e+01	-6.388789e-01	6.394724e-01	6.941197e-01	-8.088230e+01
7.68          	1.278787e+00	5.927242e-04	-8.018838e+01	-4.009448e+01	4.078824e+01	-6.391464e-01	-3.945509e+01	4.073388e+01	-6.388501e-01	6.394428e-01	6.940528e-01	-8.088244e+01
7.69          	1.278727e+00	5.919101e-04	-8.018859e+01	-4.009459e+01	4.078828e+01	-6.391172e-01	-3.945522e+01	4.073395e+01	-6.388212e-01	6.394132e-01	6.939860e-01	-8.088258e+01
7.7           	1.278667e+00	5.910949e-04	-8.018880e+01	-4.009469e+01	4.078832e+01	-6.390879e-01	-3.945536e+01	4.073402e+01	-6.387924e-01	6.393835e-01	6.939192e-01	-8.088272e+01
7.71          	1.278608e+00	5.902865e-04	-8.018900e+01	-4.009479e+01	4.078835e+01	-6.390586e-01	-3.945549e+01	4.073410e+01	-6.387635e-01	6.393537e-01	6.938527e-01	-8.088286e+01
7.72          	1.278548e+00	5.894928e-04	-8.018921e+01	-4.009489e+01	4.078839e+01	-6.390293e-01	-3.945562e+01	4.073417e+01	-6.387345e-01	6.393240e-01	6.937862e-01	-8.088300e+01
7.73          	1.278488e+00	5.886819e-04	-8.018942e+01	-4.009500e+01	4.078843e+01	-6.389999e-01	-3.945575e+01	4.073424e+01	-6.387055e-01	6.392942e-01	6.937198e-01	-8.088314e+01
7.74          	1.278428e+00	5.877994e-04	-8.018962e+01	-4.009510e+01	4.078847e+01	-6.389705e-01	-3.945589e+01	4.073432e+01	-6.386766e-01	6.392644e-01	6.936536e-01	-8.088328e+01
7.75          	1.278368e+00	5.868160e-04	-8.018983e+01	-4.009521e+01	4.078850e+01	-6.389410e-01	-3.945602e+01	4.073439e+01	-6.386476e-01	6.392344e-01	6.935875e-01	-8.088342e+01
7.76          	1.278307e+00	5.857434e-04	-8.019004e+01	-4.009531e+01	4.078854e+01	-6.389114e-01	-3.945615e+01	4.073446e+01	-6.386186e-01	6.392043e-01	6.935215e-01	-8.088356e+01
7.77          	1.278247e+00	5.846174e-04	-8.019025e+01	-4.009541e+01	4.078858e+01	-6.388819e-01	-3.945629e+01	4.073454e+01	-6.385896e-01	6.391742e-01	6.934556e-01	-8.088370e+01
7.78          	1.278186e+00	5.834636e-04	-8.019046e+01	-4.009552e+01	4.078862e+01	-6.388523e-01	-3.945642e+01	4.073461e+01	-6.385606e-01	6.391440e-01	6.933899e-01	-8.088385e+01
7.79          	1.278125e+00	5.822994e-04	-8.019067e+01	-4.009562e+01	4.078866e+01	-6.388229e-01	-3.945656e+01	4.073468e+01	-6.385317e-01	6.391140e-01	6.933244e-01	-8.088399e+01
7.8           	1.278065e+00	5.811343e-04	-8.019087e+01	-4.009572e+01	4.078870e+01	-6.387935e-01	-3.945669e+01	4.073476e+01	-6.385030e-01	6.390841e-01	6.932590e-01	-8.088413e+01
7.81          	1.278005e+00	5.799821e-04	-8.019108e+01	-4.009583e+01	4.078873e+01	-6.387642e-01	-3.945682e+01	4.073483e+01	-6.384742e-01	6.390542e-01	6.931939e-01	-8.088428e+01
7.82          	1.277945e+00	5.788369e-04	-8.019129e+01	-4.009593e+01	4.078877e+01	-6.387349e-01	-3.945696e+01	4.073490e+01	-6.384455e-01	6.390243e-01	6.931288e-01	-8.088442e+01
7.83          	1.277885e+00	5.776847e-04	-8.019150e+01	-4.009603e+01	4.078881e+01	-6.387056e-01	-3.945709e+01	4.073498e+01	-6.384168e-01	6.389945e-01	6.930640e-01	-8.088456e+01
7.84          	1.277825e+00	5.765146e-04	-8.019171e+01	-4.009614e+01	4.078885e+01	-6.386763e-01	-3.945722e+01	4.073505e+01	-6.383880e-01	6.389646e-01	6.929993e-01	-8.088470e+01
7.85          	1.277765e+00	5.753231e-04	-8.019191e+01	-4.009624e+01	4.078889e+01	-6.386470e-01	-3.945736e+01	4.073512e+01	-6.383593e-01	6.389347e-01	6.929347e-01	-8.088485e+01
7.86          	1.277704e+00	5.741031e-04	-8.019212e+01	-4.009634e+01	4.078893e+01	-6.386178e-01	-3.945749e+01	4.073520e+01	-6.383307e-01	6.389048e-01	6.928703e-01	-8.088499e+01
7.87          	1.277644e+00	5.728547e-04	-8.019233e+01	-4.009645e+01	4.078897e+01	-6.385886e-01	-3.945762e+01	4.073527e+01	-6.383022e-01	6.388750e-01	6.928060e-01	-8.088513e+01
7.88          	1.277585e+00	5.715923e-04	-8.019253e+01	-4.009655e+01	4.078901e+01	-6.385596e-01	-3.945776e+01	4.073534e+01	-6.382738e-01	6.388454e-01	6.927420e-01	-8.088528e+01
7.89          	1.277525e+00	5.703252e-04	-8.019274e+01	-4.009665e+01	4.078905e+01	-6.385306e-01	-3.945789e+01	4.073541e+01	-6.382455e-01	6.388158e-01	6.926781e-01	-8.088542e+01
7.9           	1.277466e+00	5.690446e-04	-8.019294e+01	-4.009675e+01	4.078909e+01	-6.385019e-01	-3.945802e+01	4.073549e+01	-6.382173e-01	6.387864e-01	6.926144e-01	-8.088556e+01
7.91          	1.277407e+00	5.677372e-04	-8.019315e+01	-4.009685e+01	4.078913e+01	-6.384732e-01	-3.945815e+01	4.073556e+01	-6.381894e-01	6.387571e-01	6.925509e-01	-8.088570e+01
7.92          	1.277348e+00	5.664165e-04	-8.019335e+01	-4.009696e+01	4.078916e+01	-6.384447e-01	-3.945828e+01	4.073563e+01	-6.381615e-01	6.387279e-01	6.924876e-01	-8.088584e+01
7.93          	1.277290e+00	5.650768e-04	-8.019356e+01	-4.009706e+01	4.078920e+01	-6.384162e-01	-3.945841e+01	4.073570e+01	-6.381337e-01	6.386987e-01	6.924245e-01	-8.088598e+01
7.94          	1.277231e+00	5.637292e-04	-8.019376e+01	-4.009716e+01	4.078924e+01	-6.383877e-01	-3.945854e+01	4.073577e+01	-6.381059e-01	6.386696e-01	6.923617e-01	-8.088612e+01
7.95          	1.277172e+00	5.623284e-04	-8.019396e+01	-4.009726e+01	4.078928e+01	-6.383592e-01	-3.945867e+01	4.073584e+01	-6.380780e-01	6.386404e-01	6.922990e-01	-8.088626e+01
7.96          	1.277113e+00	5.608666e-04	-8.019416e+01	-4.009736e+01	4.078932e+01	-6.383307e-01	-3.945880e+01	4.073592e+01	-6.380503e-01	6.386112e-01	6.922364e-01	-8.088640e+01
7.97          	1.277054e+00	5.593611e-04	-8.019436e+01	-4.009746e+01	4.078936e+01	-6.383024e-01	-3.945893e+01	4.073599e+01	-6.380227e-01	6.385820e-01	6.921738e-01	-8.088654e+01
7.98          	1.276996e+00	5.578370e-04	-8.019456e+01	-4.009756e+01	4.078939e+01	-6.382742e-01	-3.945906e+01	4.073606e+01	-6.379952e-01	6.385531e-01	6.921114e-01	-8.088668e+01
7.99          	1.276938e+00	5.563091e-04	-8.019476e+01	-4.009766e+01	4.078943e+01	-6.382462e-01	-3.945919e+01	4.073613e+01	-6.379680e-01	6.385243e-01	6.920492e-01	-8.088681e+01
8             	1.276880e+00	5.547812e-04	-8.019496e+01	-4.009776e+01	4.078947e+01	-6.382184e-01	-3.945931e+01	4.073620e+01	-6.379410e-01	6.384958e-01	6.919873e-01	-8.088695e+01
8.01          	1.276823e+00	5.532719e-04	-8.019516e+01	-4.009785e+01	4.078951e+01	-6.381907e-01	-3.945944e+01	4.073626e+01	-6.379141e-01	6.384673e-01	6.919255e-01	-8.088709e+01
8.02          	1.276766e+00	5.517806e-04	-8.019536e+01	-4.009795e+01	4.078954e+01	-6.381631e-01	-3.945957e+01	4.073633e+01	-6.378872e-01	6.384390e-01	6.918639e-01	-8.088722e+01
8.03          	1.276709e+00	5.502852e-04	-8.019555e+01	-4.009805e+01	4.078958e+01	-6.381355e-01	-3.945969e+01	4.073640e+01	-6.378604e-01	6.384107e-01	6.918026e-01	-8.088736e+01
8.04          	1.276653e+00	5.487517e-04	-8.019575e+01	-4.009815e+01	4.078962e+01	-6.381081e-01	-3.945982e+01	4.073647e+01	-6.378337e-01	6.383824e-01	6.917415e-01	-8.088749e+01
8.05          	1.276596e+00	5.471830e-04	-8.019594e+01	-4.009824e+01	4.078965e+01	-6.380806e-01	-3.945994e+01	4.073654e+01	-6.378070e-01	6.383542e-01	6.916806e-01	-8.088762e+01
8.06          	1.276539e+00	5.455868e-04	-8.019614e+01	-4.009834e+01	4.078969e+01	-6.380532e-01	-3.946007e+01	4.073661e+01	-6.377804e-01	6.383260e-01	6.916198e-01	-8.088776e+01
8.07          	1.276482e+00	5.439578e-04	-8.019633e+01	-4.009843e+01	4.078972e+01	-6.380259e-01	-3.946019e+01	4.073668e+01	-6.377539e-01	6.382979e-01	6.915592e-01	-8.088789e+01
8.08          	1.276426e+00	5.423080e-04	-8.019652e+01	-4.009853e+01	4.078976e+01	-6.379987e-01	-3.946032e+01	4.073674e+01	-6.377275e-01	6.382698e-01	6.914988e-01	-8.088802e+01
8.09          	1.276370e+00	5.406627e-04	-8.019672e+01	-4.009863e+01	4.078980e+01	-6.379717e-01	-3.946044e+01	4.073681e+01	-6.377014e-01	6.382420e-01	6.914385e-01	-8.088815e+01
8.1           	1.276315e+00	5.390464e-04	-8.019691e+01	-4.009872e+01	4.078983e+01	-6.379449e-01	-3.946056e+01	4.073688e+01	-6.376754e-01	6.382145e-01	6.913785e-01	-8.088829e+01
8.11          	1.276259e+00	5.374645e-04	-8.019710e+01	-4.009881e+01	4.078987e+01	-6.379181e-01	-3.946069e+01	4.073694e+01	-6.376494e-01	6.381868e-01	6.913187e-01	-8.088842e+01
8.12          	1.276203e+00	5.359264e-04	-8.019729e+01	-4.009891e+01	4.078990e+01	-6.378909e-01	-3.946081e+01	4.073701e+01	-6.376230e-01	6.381589e-01	6.912590e-01	-8.088855e+01
8.13          	1.276146e+00	5.344484e-04	-8.019748e+01	-4.009900e+01	4.078994e+01	-6.378633e-01	-3.946093e+01	4.073708e+01	-6.375961e-01	6.381306e-01	6.911993e-01	-8.088868e+01
8.14          	1.276089e+00	5.330133e-04	-8.019767e+01	-4.009910e+01	4.078997e+01	-6.378354e-01	-3.946105e+01	4.073714e+01	-6.375688e-01	6.381019e-01	6.911397e-01	-8.088881e+01
8.15          	1.276031e+00	5.315763e-04	-8.019786e+01	-4.009919e+01	4.079001e+01	-6.378072e-01	-3.946118e+01	4.073721e+01	-6.375414e-01	6.380729e-01	6.910801e-01	-8.088894e+01
8.16          	1.275973e+00	5.300970e-04	-8.019804e+01	-4.009928e+01	4.079004e+01	-6.377791e-01	-3.946130e+01	4.073727e+01	-6.375141e-01	6.380441e-01	6.910206e-01	-8.088906e+01
8.17          	1.275916e+00	5.285511e-04	-8.019823e+01	-4.009938e+01	4.079008e+01	-6.377514e-01	-3.946142e+01	4.073734e+01	-6.374871e-01	6.380157e-01	6.909614e-01	-8.088919e+01
8.18          	1.275860e+00	5.269622e-04	-8.019842e+01	-4.009947e+01	4.079011e+01	-6.377243e-01	-3.946154e+01	4.073740e+01	-6.374608e-01	6.379878e-01	6.909025e-01	-8.088932e+01
8.19          	1.275804e+00	5.253395e-04	-8.019860e+01	-4.009956e+01	4.079015e+01	-6.376975e-01	-3.946166e+01	4.073746e+01	-6.374348e-01	6.379602e-01	6.908439e-01	-8.088945e+01
8.2           	1.275750e+00	5.237013e-04	-8.019879e+01	-4.009966e+01	4.079018e+01	-6.376709e-01	-3.946178e+01	4.073753e+01	-6.374091e-01	6.379328e-01	6.907857e-01	-8.088958e+01
8.21          	1.275695e+00	5.220866e-04	-8.019898e+01	-4.009975e+01	4.079022e+01	-6.376443e-01	-3.946190e+01	4.073759e+01	-6.373832e-01	6.379053e-01	6.907277e-01	-8.088970e+01
8.22          	1.275639e+00	5.205135e-04	-8.019916e+01	-4.009984e+01	4.079025e+01	-6.376174e-01	-3.946202e+01	4.073766e+01	-6.373571e-01	6.378777e-01	6.906699e-01	-8.088983e+01
8.23          	1.275584e+00	5.189847e-04	-8.019935e+01	-4.009993e+01	4.079029e+01	-6.375903e-01	-3.946214e+01	4.073772e+01	-6.373308e-01	6.378498e-01	6.906120e-01	-8.088996e+01
8.24          	1.275528e+00	5.175082e-04	-8.019953e+01	-4.010002e+01	4.079032e+01	-6.375632e-01	-3.946226e+01	4.073779e+01	-6.373044e-01	6.378219e-01	6.905543e-01	-8.089009e+01
8.25          	1.275472e+00	5.160812e-04	-8.019972e+01	-4.010011e+01	4.079035e+01	-6.375362e-01	-3.946238e+01	4.073785e+01	-6.372781e-01	6.377942e-01	6.904966e-01	-8.089021e+01
8.26          	1.275418e+00	5.146967e-04	-8.019990e+01	-4.010021e+01	4.079039e+01	-6.375095e-01	-3.946250e+01	4.073791e+01	-6.372522e-01	6.377669e-01	6.904391e-01	-8.089034e+01
8.27          	1.275364e+00	5.133295e-04	-8.020008e+01	-4.010030e+01	4.079042e+01	-6.374834e-01	-3.946261e+01	4.073798e+01	-6.372267e-01	6.377401e-01	6.903819e-01	-8.089046e+01
8.28          	1.275311e+00	5.119564e-04	-8.020026e+01	-4.010039e+01	4.079046e+01	-6.374577e-01	-3.946273e+01	4.073804e+01	-6.372018e-01	6.377137e-01	6.903250e-01	-8.089059e+01
8.29          	1.275259e+00	5.105282e-04	-8.020045e+01	-4.010048e+01	4.079049e+01	-6.374324e-01	-3.946285e+01	4.073811e+01	-6.371772e-01	6.376877e-01	6.902684e-01	-8.089072e+01
8.3           	1.275207e+00	5.090404e-04	-8.020063e+01	-4.010057e+01	4.079053e+01	-6.374073e-01	-3.946296e+01	4.073817e+01	-6.371527e-01	6.376618e-01	6.902121e-01	-8.089084e+01
8.31          	1.275155e+00	5.075458e-04	-8.020081e+01	-4.010066e+01	4.079056e+01	-6.373819e-01	-3.946308e+01	4.073824e+01	-6.371281e-01	6.376357e-01	6.901561e-01	-8.089097e+01
8.32          	1.275103e+00	5.061113e-04	-8.020099e+01	-4.010075e+01	4.079060e+01	-6.373562e-01	-3.946320e+01	4.073830e+01	-6.371031e-01	6.376092e-01	6.901001e-01	-8.089109e+01
8.33          	1.275049e+00	5.047737e-04	-8.020117e+01	-4.010084e+01	4.079063e+01	-6.373301e-01	-3.946331e+01	4.073836e+01	-6.370777e-01	6.375825e-01	6.900444e-01	-8.089122e+01
8.34          	1.274996e+00	5.035129e-04	-8.020135e+01	-4.010093e+01	4.079067e+01	-6.373039e-01	-3.946343e+01	4.073843e+01	-6.370522e-01	6.375557e-01	6.899887e-01	-8.089134e+01
8.35          	1.274943e+00	5.023088e-04	-8.020153e+01	-4.010102e+01	4.079070e+01	-6.372779e-01	-3.946355e+01	4.073849e+01	-6.370268e-01	6.375291e-01	6.899331e-01	-8.089147e+01
8.36          	1.274890e+00	5.011227e-04	-8.020171e+01	-4.010111e+01	4.079073e+01	-6.372523e-01	-3.946366e+01	4.073855e+01	-6.370018e-01	6.375029e-01	6.898776e-01	-8.089159e+01
8.37          	1.274838e+00	4.999119e-04	-8.020189e+01	-4.010120e+01	4.079077e+01	-6.372267e-01	-3.946378e+01	4.073861e+01	-6.369768e-01	6.374767e-01	6.898221e-01	-8.089171e+01
8.38          	1.274785e+00	4.986906e-04	-8.020207e+01	-4.010128e+01	4.079080e+01	-6.372009e-01	-3.946389e+01	4.073868e+01	-6.369515e-01	6.374502e-01	6.897668e-01	-8.089184e+01
8.39          	1.274731e+00	4.974439e-04	-8.020225e+01	-4.010137e+01	4.079084e+01	-6.371746e-01	-3.946401e+01	4.073874e+01	-6.369259e-01	6.374233e-01	6.897114e-01	-8.089196e+01
8.4           	1.274677e+00	4.961869e-04	-8.020243e+01	-4.010146e+01	4.079087e+01	-6.371479e-01	-3.946412e+01	4.073880e+01	-6.368998e-01	6.373960e-01	6.896559e-01	-8.089208e+01
8.41          	1.274622e+00	4.949016e-04	-8.020260e+01	-4.010155e+01	4.079090e+01	-6.371210e-01	-3.946424e+01	4.073886e+01	-6.368735e-01	6.373684e-01	6.896005e-01	-8.089220e+01
8.42          	1.274567e+00	4.935523e-04	-8.020278e+01	-4.010164e+01	4.079094e+01	-6.370940e-01	-3.946435e+01	4.073892e+01	-6.368473e-01	6.373408e-01	6.895452e-01	-8.089233e+01
8.43          	1.274513e+00	4.921964e-04	-8.020296e+01	-4.010172e+01	4.079097e+01	-6.370673e-01	-3.946447e+01	4.073898e+01	-6.368212e-01	6.373134e-01	6.894901e-01	-8.089245e+01
8.44          	1.274459e+00	4.908875e-04	-8.020313e+01	-4.010181e+01	4.079100e+01	-6.370409e-01	-3.946458e+01	4.073904e+01	-6.367955e-01	6.372864e-01	6.894354e-01	-8.089257e+01
8.45          	1.274406e+00	4.895831e-04	-8.020331e+01	-4.010190e+01	4.079103e+01	-6.370146e-01	-3.946470e+01	4.073910e+01	-6.367698e-01	6.372594e-01	6.893808e-01	-8.089269e+01
8.46          	1.274352e+00	4.883244e-04	-8.020348e+01	-4.010199e+01	4.079107e+01	-6.369880e-01	-3.946481e+01	4.073916e+01	-6.367439e-01	6.372322e-01	6.893263e-01	-8.089281e+01
8.47          	1.274296e+00	4.871120e-04	-8.020366e+01	-4.010207e+01	4.079110e+01	-6.369608e-01	-3.946493e+01	4.073922e+01	-6.367172e-01	6.372043e-01	6.892716e-01	-8.089293e+01
8.48          	1.274239e+00	4.859257e-04	-8.020383e+01	-4.010216e+01	4.079113e+01	-6.369329e-01	-3.946504e+01	4.073928e+01	-6.366899e-01	6.371759e-01	6.892166e-01	-8.089305e+01
8.49          	1.274182e+00	4.847457e-04	-8.020401e+01	-4.010225e+01	4.079116e+01	-6.369048e-01	-3.946516e+01	4.073934e+01	-6.366624e-01	6.371471e-01	6.891616e-01	-8.089317e+01
8.5           	1.274126e+00	4.835451e-04	-8.020418e+01	-4.010233e+01	4.079120e+01	-6.368771e-01	-3.946527e+01	4.073940e+01	-6.366354e-01	6.371189e-01	6.891068e-01	-8.089329e+01
8.51          	1.274071e+00	4.823207e-04	-8.020435e+01	-4.010242e+01	4.079123e+01	-6.368505e-01	-3.946538e+01	4.073945e+01	-6.366094e-01	6.370917e-01	6.890526e-01	-8.089341e+01
8.52          	1.274020e+00	4.810582e-04	-8.020453e+01	-4.010250e+01	4.079126e+01	-6.368252e-01	-3.946549e+01	4.073951e+01	-6.365846e-01	6.370657e-01	6.889990e-01	-8.089352e+01
8.53          	1.273970e+00	4.797595e-04	-8.020470e+01	-4.010259e+01	4.079129e+01	-6.368009e-01	-3.946561e+01	4.073958e+01	-6.365610e-01	6.370408e-01	6.889460e-01	-8.089364e+01
8.54          	1.273921e+00	4.783911e-04	-8.020487e+01	-4.010268e+01	4.079133e+01	-6.367771e-01	-3.946571e+01	4.073964e+01	-6.365379e-01	6.370163e-01	6.888934e-01	-8.089376e+01
8.55          	1.273872e+00	4.770021e-04	-8.020504e+01	-4.010276e+01	4.079136e+01	-6.367530e-01	-3.946582e+01	4.073970e+01	-6.365145e-01	6.369915e-01	6.888409e-01	-8.089388e+01
8.56          	1.273821e+00	4.756113e-04	-8.020521e+01	-4.010285e+01	4.079139e+01	-6.367279e-01	-3.946593e+01	4.073976e+01	-6.364901e-01	6.369657e-01	6.887878e-01	-8.089400e+01
8.57          	1.273769e+00	4.742301e-04	-8.020538e+01	-4.010293e+01	4.079143e+01	-6.367020e-01	-3.946605e+01	4.073981e+01	-6.364649e-01	6.369391e-01	6.887346e-01	-8.089412e+01
8.58          	1.273714e+00	4.728469e-04	-8.020555e+01	-4.010301e+01	4.079146e+01	-6.366753e-01	-3.946616e+01	4.073987e+01	-6.364388e-01	6.369117e-01	6.886815e-01	-8.089423e+01
8.59          	1.273657e+00	4.715364e-04	-8.020572e+01	-4.010310e+01	4.079149e+01	-6.366470e-01	-3.946627e+01	4.073993e+01	-6.364113e-01	6.368828e-01	6.886281e-01	-8.089435e+01
8.6           	1.273597e+00	4.703318e-04	-8.020589e+01	-4.010318e+01	4.079152e+01	-6.366172e-01	-3.946638e+01	4.073998e+01	-6.363821e-01	6.368524e-01	6.885741e-01	-8.089446e+01
8.61          	1.273534e+00	4.692356e-04	-8.020606e+01	-4.010327e+01	4.079155e+01	-6.365864e-01	-3.946650e+01	4.074003e+01	-6.363517e-01	6.368210e-01	6.885198e-01	-8.089458e+01
8.62          	1.273471e+00	4.681851e-04	-8.020623e+01	-4.010335e+01	4.079158e+01	-6.365552e-01	-3.946662e+01	4.074009e+01	-6.363211e-01	6.367893e-01	6.884653e-01	-8.089469e+01
8.63          	1.273409e+00	4.671379e-04	-8.020640e+01	-4.010343e+01	4.079161e+01	-6.365249e-01	-3.946673e+01	4.074014e+01	-6.362913e-01	6.367584e-01	6.884108e-01	-8.089481e+01
8.64          	1.273350e+00	4.660344e-04	-8.020656e+01	-4.010352e+01	4.079164e+01	-6.364959e-01	-3.946684e+01	4.074019e+01	-6.362629e-01	6.367289e-01	6.883567e-01	-8.089492e+01
8.65          	1.273294e+00	4.648563e-04	-8.020673e+01	-4.010360e+01	4.079167e+01	-6.364686e-01	-3.946695e+01	4.074025e+01	-6.362362e-01	6.367010e-01	6.883034e-01	-8.089503e+01
8.66          	1.273242e+00	4.635634e-04	-8.020690e+01	-4.010368e+01	4.079170e+01	-6.364427e-01	-3.946706e+01	4.074030e+01	-6.362109e-01	6.366745e-01	6.882508e-01	-8.089515e+01
8.67          	1.273190e+00	4.621359e-04	-8.020706e+01	-4.010377e+01	4.079173e+01	-6.364175e-01	-3.946717e+01	4.074036e+01	-6.361865e-01	6.366486e-01	6.881988e-01	-8.089526e+01
8.68          	1.273139e+00	4.606492e-04	-8.020723e+01	-4.010385e+01	4.079176e+01	-6.363924e-01	-3.946728e+01	4.074042e+01	-6.361621e-01	6.366227e-01	6.881470e-01	-8.089538e+01
8.69          	1.273086e+00	4.590234e-04	-8.020740e+01	-4.010393e+01	4.079179e+01	-6.363661e-01	-3.946739e+01	4.074047e+01	-6.361366e-01	6.365956e-01	6.880951e-01	-8.089549e+01
8.7           	1.273028e+00	4.574484e-04	-8.020756e+01	-4.010401e+01	4.079182e+01	-6.363376e-01	-3.946750e+01	4.074053e+01	-6.361089e-01	6.365663e-01	6.880424e-01	-8.089560e+01
8.71          	1.272966e+00	4.560057e-04	-8.020773e+01	-4.010409e+01	4.079185e+01	-6.363068e-01	-3.946761e+01	4.074058e+01	-6.360788e-01	6.365348e-01	6.879886e-01	-8.089571e+01
8.72          	1.272899e+00	4.547427e-04	-8.020789e+01	-4.010418e+01	4.079188e+01	-6.362739e-01	-3.946773e+01	4.074063e+01	-6.360465e-01	6.365012e-01	6.879335e-01	-8.089582e+01
8.73          	1.272830e+00	4.536774e-04	-8.020805e+01	-4.010426e+01	4.079191e+01	-6.362402e-01	-3.946784e+01	4.074067e+01	-6.360134e-01	6.364671e-01	6.878780e-01	-8.089593e+01
8.74          	1.272763e+00	4.527237e-04	-8.020822e+01	-4.010434e+01	4.079193e+01	-6.362072e-01	-3.946796e+01	4.074072e+01	-6.359808e-01	6.364335e-01	6.878229e-01	-8.089604e+01
8.75          	1.272699e+00	4.517762e-04	-8.020838e+01	-4.010442e+01	4.079196e+01	-6.361758e-01	-3.946807e+01	4.074077e+01	-6.359499e-01	6.364016e-01	6.877686e-01	-8.089615e+01
8.76          	1.272639e+00	4.507456e-04	-8.020854e+01	-4.010450e+01	4.079199e+01	-6.361465e-01	-3.946818e+01	4.074082e+01	-6.359212e-01	6.363719e-01	6.877154e-01	-8.089626e+01
8.77          	1.272584e+00	4.495826e-04	-8.020871e+01	-4.010458e+01	4.079202e+01	-6.361194e-01	-3.946829e+01	4.074087e+01	-6.358947e-01	6.363442e-01	6.876632e-01	-8.089637e+01
8.78          	1.272532e+00	4.482768e-04	-8.020887e+01	-4.010466e+01	4.079205e+01	-6.360939e-01	-3.946840e+01	4.074093e+01	-6.358698e-01	6.363181e-01	6.876119e-01	-8.089648e+01
8.79          	1.272481e+00	4.468665e-04	-8.020903e+01	-4.010474e+01	4.079208e+01	-6.360688e-01	-3.946850e+01	4.074098e+01	-6.358453e-01	6.362922e-01	6.875609e-01	-8.089659e+01
8.8           	1.272427e+00	4.453981e-04	-8.020919e+01	-4.010482e+01	4.079210e+01	-6.360424e-01	-3.946861e+01	4.074104e+01	-6.358197e-01	6.362651e-01	6.875096e-01	-8.089670e+01
8.81          	1.272368e+00	4.439055e-04	-8.020935e+01	-4.010490e+01	4.079213e+01	-6.360133e-01	-3.946872e+01	4.074109e+01	-6.357913e-01	6.362352e-01	6.874573e-01	-8.089681e+01
8.82          	1.272303e+00	4.425012e-04	-8.020951e+01	-4.010498e+01	4.079216e+01	-6.359809e-01	-3.946883e+01	4.074113e+01	-6.357597e-01	6.362022e-01	6.874038e-01	-8.089691e+01
8.83          	1.272231e+00	4.411856e-04	-8.020967e+01	-4.010506e+01	4.079218e+01	-6.359457e-01	-3.946895e+01	4.074118e+01	-6.357251e-01	6.361663e-01	6.873490e-01	-8.089702e+01
8.84          	1.272156e+00	4.400064e-04	-8.020983e+01	-4.010514e+01	4.079221e+01	-6.359085e-01	-3.946906e+01	4.074122e+01	-6.356885e-01	6.361285e-01	6.872933e-01	-8.089712e+01
8.85          	1.272079e+00	4.389588e-04	-8.020999e+01	-4.010522e+01	4.079223e+01	-6.358706e-01	-3.946918e+01	4.074126e+01	-6.356511e-01	6.360901e-01	6.872372e-01	-8.089723e+01
8.86          	1.272003e+00	4.379348e-04	-8.021015e+01	-4.010530e+01	4.079226e+01	-6.358332e-01	-3.946930e+01	4.074130e+01	-6.356142e-01	6.360521e-01	6.871810e-01	-8.089733e+01
8.87          	1.271931e+00	4.369404e-04	-8.021031e+01	-4.010538e+01	4.079228e+01	-6.357972e-01	-3.946941e+01	4.074134e+01	-6.355788e-01	6.360157e-01	6.871256e-01	-8.089743e+01
8.88          	1.271862e+00	4.359315e-04	-8.021047e+01	-4.010546e+01	4.079230e+01	-6.357633e-01	-3.946953e+01	4.074139e+01	-6.355454e-01	6.359813e-01	6.870710e-01	-8.089754e+01
8.89          	1.271798e+00	4.348041e-04	-8.021062e+01	-4.010553e+01	4.079233e+01	-6.357316e-01	-3.946964e+01	4.074143e+01	-6.355142e-01	6.359490e-01	6.870175e-01	-8.089764e+01
8.9           	1.271737e+00	4.335566e-04	-8.021078e+01	-4.010561e+01	4.079236e+01	-6.357017e-01	-3.946974e+01	4.074148e+01	-6.354849e-01	6.359185e-01	6.869648e-01	-8.089775e+01
8.91          	1.271679e+00	4.322317e-04	-8.021094e+01	-4.010569e+01	4.079238e+01	-6.356730e-01	-3.946985e+01	4.074153e+01	-6.354568e-01	6.358891e-01	6.869128e-01	-8.089785e+01
8.92          	1.271620e+00	4.309088e-04	-8.021109e+01	-4.010577e+01	4.079241e+01	-6.356443e-01	-3.946996e+01	4.074158e+01	-6.354288e-01	6.358597e-01	6.868608e-01	-8.089796e+01
8.93          	1.271560e+00	4.296766e-04	-8.021125e+01	-4.010585e+01	4.079243e+01	-6.356145e-01	-3.947007e+01	4.074163e+01	-6.353996e-01	6.358293e-01	6.868084e-01	-8.089806e+01
8.94          	1.271495e+00	4.284730e-04	-8.021141e+01	-4.010592e+01	4.079246e+01	-6.355826e-01	-3.947018e+01	4.074167e+01	-6.353683e-01	6.357968e-01	6.867550e-01	-8.089816e+01
8.95          	1.271425e+00	4.272306e-04	-8.021156e+01	-4.010600e+01	4.079248e+01	-6.355480e-01	-3.947029e+01	4.074171e+01	-6.353343e-01	6.357616e-01	6.867007e-01	-8.089826e+01
8.96          	1.271349e+00	4.260742e-04	-8.021172e+01	-4.010608e+01	4.079251e+01	-6.355107e-01	-3.947040e+01	4.074175e+01	-6.352977e-01	6.357238e-01	6.866453e-01	-8.089837e+01
8.97          	1.271271e+00	4.250670e-04	-8.021188e+01	-4.010616e+01	4.079253e+01	-6.354719e-01	-3.947052e+01	4.074179e+01	-6.352593e-01	6.356844e-01	6.865894e-01	-8.089847e+01
8.98          	1.271191e+00	4.241785e-04	-8.021203e+01	-4.010623e+01	4.079255e+01	-6.354326e-01	-3.947064e+01	4.074183e+01	-6.352205e-01	6.356447e-01	6.865333e-01	-8.089856e+01
8.99          	1.271113e+00	4.233209e-04	-8.021219e+01	-4.010631e+01	4.079257e+01	-6.353940e-01	-3.947075e+01	4.074187e+01	-6.351823e-01	6.356056e-01	6.864775e-01	-8.089866e+01
9             	1.271038e+00	4.224345e-04	-8.021234e+01	-4.010639e+01	4.079259e+01	-6.353568e-01	-3.947087e+01	4.074191e+01	-6.351456e-01	6.355681e-01	6.864223e-01	-8.089876e+01
9.01          	1.270966e+00	4.214681e-04	-8.021250e+01	-4.010647e+01	4.079262e+01	-6.353215e-01	-3.947098e+01	4.074195e+01	-6.351108e-01	6.355322e-01	6.863677e-01	-8.089886e+01
9.02          	1.270898e+00	4.204075e-04	-8.021265e+01	-4.010654e+01	4.079264e+01	-6.352878e-01	-3.947109e+01	4.074199e+01	-6.350776e-01	6.354980e-01	6.863137e-01	-8.089896e+01
9.03          	1.270832e+00	4.192753e-04	-8.021280e+01	-4.010662e+01	4.079266e+01	-6.352553e-01	-3.947120e+01	4.074203e+01	-6.350456e-01	6.354649e-01	6.862603e-01	-8.089906e+01
9.04          	1.270767e+00	4.180946e-04	-8.021296e+01	-4.010669e+01	4.079269e+01	-6.352231e-01	-3.947131e+01	4.074208e+01	-6.350140e-01	6.354321e-01	6.862071e-01	-8.089917e+01
9.05          	1.270700e+00	4.169177e-04	-8.021311e+01	-4.010677e+01	4.079271e+01	-6.351903e-01	-3.947142e+01	4.074212e+01	-6.349818e-01	6.353987e-01	6.861538e-01	-8.089927e+01
9.06          	1.270631e+00	4.157691e-04	-8.021327e+01	-4.010685e+01	4.079273e+01	-6.351561e-01	-3.947153e+01	4.074216e+01	-6.349482e-01	6.353640e-01	6.861000e-01	-8.089937e+01
9.07          	1.270557e+00	4.146621e-04	-8.021342e+01	-4.010692e+01	4.079275e+01	-6.351197e-01	-3.947164e+01	4.074220e+01	-6.349124e-01	6.353271e-01	6.860454e-01	-8.089946e+01
9.08          	1.270478e+00	4.136389e-04	-8.021357e+01	-4.010700e+01	4.079278e+01	-6.350807e-01	-3.947176e+01	4.074224e+01	-6.348738e-01	6.352875e-01	6.859897e-01	-8.089956e+01
9.09          	1.270395e+00	4.127409e-04	-8.021372e+01	-4.010708e+01	4.079280e+01	-6.350393e-01	-3.947188e+01	4.074227e+01	-6.348330e-01	6.352457e-01	6.859331e-01	-8.089966e+01
9.1           	1.270308e+00	4.119380e-04	-8.021388e+01	-4.010715e+01	4.079281e+01	-6.349966e-01	-3.947200e+01	4.074231e+01	-6.347906e-01	6.352026e-01	6.858759e-01	-8.089975e+01
9.11          	1.270222e+00	4.111608e-04	-8.021403e+01	-4.010723e+01	4.079283e+01	-6.349538e-01	-3.947212e+01	4.074234e+01	-6.347482e-01	6.351594e-01	6.858187e-01	-8.089985e+01
9.12          	1.270137e+00	4.103696e-04	-8.021418e+01	-4.010730e+01	4.079285e+01	-6.349120e-01	-3.947223e+01	4.074237e+01	-6.347068e-01	6.351172e-01	6.857619e-01	-8.089994e+01
9.13          	1.270056e+00	4.095107e-04	-8.021433e+01	-4.010738e+01	4.079287e+01	-6.348719e-01	-3.947235e+01	4.074241e+01	-6.346672e-01	6.350767e-01	6.857057e-01	-8.090004e+01
9.14          	1.269979e+00	4.085904e-04	-8.021449e+01	-4.010745e+01	4.079289e+01	-6.348337e-01	-3.947246e+01	4.074244e+01	-6.346294e-01	6.350380e-01	6.856503e-01	-8.090014e+01
9.15          	1.269905e+00	4.076515e-04	-8.021464e+01	-4.010753e+01	4.079291e+01	-6.347971e-01	-3.947258e+01	4.074248e+01	-6.345932e-01	6.350009e-01	6.855957e-01	-8.090023e+01
9.16          	1.269832e+00	4.067056e-04	-8.021479e+01	-4.010760e+01	4.079294e+01	-6.347611e-01	-3.947269e+01	4.074252e+01	-6.345578e-01	6.349645e-01	6.855413e-01	-8.090033e+01
9.17          	1.269759e+00	4.057784e-04	-8.021494e+01	-4.010768e+01	4.079296e+01	-6.347249e-01	-3.947280e+01	4.074256e+01	-6.345220e-01	6.349278e-01	6.854869e-01	-8.090043e+01
9.18          	1.269683e+00	4.049027e-04	-8.021509e+01	-4.010775e+01	4.079298e+01	-6.346874e-01	-3.947291e+01	4.074260e+01	-6.344850e-01	6.348899e-01	6.854318e-01	-8.090052e+01
9.19          	1.269604e+00	4.040669e-04	-8.021524e+01	-4.010783e+01	4.079300e+01	-6.346480e-01	-3.947303e+01	4.074263e+01	-6.344460e-01	6.348501e-01	6.853760e-01	-8.090062e+01
9.2           	1.269520e+00	4.032514e-04	-8.021539e+01	-4.010790e+01	4.079302e+01	-6.346069e-01	-3.947314e+01	4.074266e+01	-6.344052e-01	6.348085e-01	6.853195e-01	-8.090071e+01
9.21          	1.269435e+00	4.025054e-04	-8.021554e+01	-4.010798e+01	4.079303e+01	-6.345646e-01	-3.947326e+01	4.074270e+01	-6.343634e-01	6.347659e-01	6.852625e-01	-8.090080e+01
9.22          	1.269350e+00	4.018142e-04	-8.021569e+01	-4.010805e+01	4.079305e+01	-6.345222e-01	-3.947338e+01	4.074273e+01	-6.343213e-01	6.347231e-01	6.852056e-01	-8.090090e+01
9.23          	1.269265e+00	4.010594e-04	-8.021584e+01	-4.010813e+01	4.079307e+01	-6.344804e-01	-3.947350e+01	4.074276e+01	-6.342799e-01	6.346809e-01	6.851491e-01	-8.090099e+01
9.24          	1.269183e+00	4.001376e-04	-8.021599e+01	-4.010820e+01	4.079309e+01	-6.344395e-01	-3.947361e+01	4.074279e+01	-6.342394e-01	6.346396e-01	6.850931e-01	-8.090108e+01
9.25          	1.269103e+00	3.990358e-04	-8.021614e+01	-4.010828e+01	4.079311e+01	-6.343998e-01	-3.947372e+01	4.074283e+01	-6.342003e-01	6.345994e-01	6.850378e-01	-8.090118e+01
9.26          	1.269025e+00	3.979042e-04	-8.021629e+01	-4.010835e+01	4.079313e+01	-6.343612e-01	-3.947384e+01	4.074286e+01	-6.341623e-01	6.345602e-01	6.849830e-01	-8.090127e+01
9.27          	1.268948e+00	3.968407e-04	-8.021644e+01	-4.010842e+01	4.079315e+01	-6.343231e-01	-3.947395e+01	4.074290e+01	-6.341247e-01	6.345215e-01	6.849285e-01	-8.090136e+01
9.28          	1.268870e+00	3.959251e-04	-8.021658e+01	-4.010850e+01	4.079317e+01	-6.342846e-01	-3.947406e+01	4.074293e+01	-6.340866e-01	6.344825e-01	6.848738e-01	-8.090146e+01
9.29          	1.268789e+00	3.952220e-04	-8.021673e+01	-4.010857e+01	4.079318e+01	-6.342448e-01	-3.947418e+01	4.074296e+01	-6.340472e-01	6.344424e-01	6.848186e-01	-8.090155e+01
9.3           	1.268706e+00	3.946689e-04	-8.021688e+01	-4.010864e+01	4.079320e+01	-6.342033e-01	-3.947429e+01	4.074300e+01	-6.340060e-01	6.344006e-01	6.847626e-01	-8.090164e+01
9.31          	1.268619e+00	3.941826e-04	-8.021703e+01	-4.010872e+01	4.079322e+01	-6.341603e-01	-3.947441e+01	4.074303e+01	-6.339633e-01	6.343574e-01	6.847059e-01	-8.090173e+01
9.32          	1.268530e+00	3.936780e-04	-8.021717e+01	-4.010879e+01	4.079324e+01	-6.341164e-01	-3.947452e+01	4.074305e+01	-6.339196e-01	6.343133e-01	6.846488e-01	-8.090182e+01
9.33          	1.268441e+00	3.930926e-04	-8.021732e+01	-4.010886e+01	4.079325e+01	-6.340723e-01	-3.947464e+01	4.074308e+01	-6.338757e-01	6.342688e-01	6.845917e-01	-8.090191e+01
9.34          	1.268353e+00	3.924122e-04	-8.021747e+01	-4.010894e+01	4.079327e+01	-6.340286e-01	-3.947476e+01	4.074311e+01	-6.338324e-01	6.342249e-01	6.845348e-01	-8.090200e+01
9.35          	1.268267e+00	3.916416e-04	-8.021761e+01	-4.010901e+01	4.079328e+01	-6.339859e-01	-3.947487e+01	4.074314e+01	-6.337901e-01	6.341817e-01	6.844784e-01	-8.090209e+01
9.36          	1.268183e+00	3.907802e-04	-8.021776e+01	-4.010908e+01	4.079330e+01	-6.339443e-01	-3.947499e+01	4.074317e+01	-6.337489e-01	6.341397e-01	6.844228e-01	-8.090218e+01
9.37          	1.268101e+00	3.898181e-04	-8.021790e+01	-4.010915e+01	4.079332e+01	-6.339033e-01	-3.947510e+01	4.074320e+01	-6.337084e-01	6.340982e-01	6.843674e-01	-8.090227e+01
9.38          	1.268018e+00	3.888580e-04	-8.021805e+01	-4.010923e+01	4.079334e+01	-6.338625e-01	-3.947522e+01	4.074323e+01	-6.336680e-01	6.340569e-01	6.843120e-01	-8.090236e+01
9.39          	1.267935e+00	3.879976e-04	-8.021819e+01	-4.010930e+01	4.079335e+01	-6.338214e-01	-3.947533e+01	4.074326e+01	-6.336274e-01	6.340154e-01	6.842565e-01	-8.090245e+01
9.4           	1.267851e+00	3.872856e-04	-8.021834e+01	-4.010937e+01	4.079337e+01	-6.337797e-01	-3.947544e+01	4.074329e+01	-6.335860e-01	6.339733e-01	6.842008e-01	-8.090254e+01
9.41          	1.267765e+00	3.867225e-04	-8.021848e+01	-4.010944e+01	4.079339e+01	-6.337373e-01	-3.947556e+01	4.074332e+01	-6.335440e-01	6.339307e-01	6.841449e-01	-8.090263e+01
9.42          	1.267679e+00	3.862408e-04	-8.021863e+01	-4.010951e+01	4.079340e+01	-6.336945e-01	-3.947567e+01	4.074335e+01	-6.335014e-01	6.338876e-01	6.840891e-01	-8.090272e+01
9.43          	1.267592e+00	3.857207e-04	-8.021877e+01	-4.010958e+01	4.079342e+01	-6.336515e-01	-3.947579e+01	4.074338e+01	-6.334586e-01	6.338444e-01	6.840333e-01	-8.090280e+01
9.44          	1.267506e+00	3.850848e-04	-8.021891e+01	-4.010966e+01	4.079343e+01	-6.336086e-01	-3.947590e+01	4.074341e+01	-6.334160e-01	6.338011e-01	6.839777e-01	-8.090289e+01
9.45          	1.267420e+00	3.843128e-04	-8.021906e+01	-4.010973e+01	4.079345e+01	-6.335658e-01	-3.947602e+01	4.074344e+01	-6.333737e-01	6.337580e-01	6.839222e-01	-8.090298e+01
9.46          	1.267334e+00	3.834474e-04	-8.021920e+01	-4.010980e+01	4.079347e+01	-6.335233e-01	-3.947613e+01	4.074347e+01	-6.333316e-01	6.337151e-01	6.838668e-01	-8.090307e+01
9.47          	1.267249e+00	3.825588e-04	-8.021934e+01	-4.010987e+01	4.079348e+01	-6.334811e-01	-3.947625e+01	4.074349e+01	-6.332898e-01	6.336723e-01	6.838115e-01	-8.090316e+01
9.48          	1.267164e+00	3.816991e-04	-8.021949e+01	-4.010994e+01	4.079350e+01	-6.334389e-01	-3.947636e+01	4.074352e+01	-6.332480e-01	6.336297e-01	6.837563e-01	-8.090324e+01
9.49          	1.267078e+00	3.809208e-04	-8.021963e+01	-4.011001e+01	4.079352e+01	-6.333966e-01	-3.947647e+01	4.074355e+01	-6.332061e-01	6.335870e-01	6.837009e-01	-8.090333e+01
9.5           	1.266992e+00	3.802404e-04	-8.021977e+01	-4.011008e+01	4.079353e+01	-6.333539e-01	-3.947659e+01	4.074358e+01	-6.331638e-01	6.335440e-01	6.836454e-01	-8.090342e+01
9.51          	1.266905e+00	3.796545e-04	-8.021991e+01	-4.011015e+01	4.079355e+01	-6.333108e-01	-3.947670e+01	4.074361e+01	-6.331210e-01	6.335006e-01	6.835896e-01	-8.090350e+01
9.52          	1.266818e+00	3.791363e-04	-8.022006e+01	-4.011022e+01	4.079356e+01	-6.332673e-01	-3.947682e+01	4.074363e+01	-6.330778e-01	6.334569e-01	6.835338e-01	-8.090359e+01
9.53          	1.266730e+00	3.786558e-04	-8.022020e+01	-4.011030e+01	4.079358e+01	-6.332237e-01	-3.947693e+01	4.074366e+01	-6.330344e-01	6.334130e-01	6.834780e-01	-8.090368e+01
9.54          	1.266642e+00	3.781754e-04	-8.022034e+01	-4.011037e+01	4.079359e+01	-6.331801e-01	-3.947704e+01	4.074369e+01	-6.329910e-01	6.333692e-01	6.834224e-01	-8.090376e+01
9.55          	1.266555e+00	3.776470e-04	-8.022048e+01	-4.011044e+01	4.079361e+01	-6.331368e-01	-3.947716e+01	4.074371e+01	-6.329480e-01	6.333256e-01	6.833671e-01	-8.090385e+01
9.56          	1.266468e+00	3.770654e-04	-8.022062e+01	-4.011051e+01	4.079362e+01	-6.330937e-01	-3.947727e+01	4.074374e+01	-6.329051e-01	6.332822e-01	6.833119e-01	-8.090393e+01
9.57          	1.266381e+00	3.764034e-04	-8.022076e+01	-4.011058e+01	4.079364e+01	-6.330505e-01	-3.947739e+01	4.074377e+01	-6.328623e-01	6.332387e-01	6.832569e-01	-8.090402e+01
9.58          	1.266294e+00	3.756484e-04	-8.022090e+01	-4.011065e+01	4.079365e+01	-6.330073e-01	-3.947750e+01	4.074379e+01	-6.328195e-01	6.331952e-01	6.832019e-01	-8.090411e+01
9.59          	1.266207e+00	3.748585e-04	-8.022104e+01	-4.011072e+01	4.079367e+01	-6.329640e-01	-3.947761e+01	4.074382e+01	-6.327765e-01	6.331514e-01	6.831470e-01	-8.090419e+01
9.6           	1.266119e+00	3.740719e-04	-8.022118e+01	-4.011079e+01	4.079368e+01	-6.329204e-01	-3.947773e+01	4.074385e+01	-6.327334e-01	6.331075e-01	6.830920e-01	-8.090428e+01
9.61          	1.266031e+00	3.732942e-04	-8.022133e+01	-4.011086e+01	4.079370e+01	-6.328767e-01	-3.947784e+01	4.074387e+01	-6.326900e-01	6.330633e-01	6.830369e-01	-8.090436e+01
9.62          	1.265942e+00	3.726066e-04	-8.022146e+01	-4.011093e+01	4.079371e+01	-6.328327e-01	-3.947795e+01	4.074390e+01	-6.326464e-01	6.330190e-01	6.829818e-01	-8.090445e+01
9.63          	1.265854e+00	3.719933e-04	-8.022160e+01	-4.011099e+01	4.079373e+01	-6.327887e-01	-3.947807e+01	4.074392e+01	-6.326027e-01	6.329747e-01	6.829267e-01	-8.090453e+01
9.64          	1.265765e+00	3.714353e-04	-8.022174e+01	-4.011106e+01	4.079374e+01	-6.327448e-01	-3.947818e+01	4.074395e+01	-6.325591e-01	6.329305e-01	6.828718e-01	-8.090462e+01
9.65          	1.265678e+00	3.709199e-04	-8.022188e+01	-4.011113e+01	4.079376e+01	-6.327011e-01	-3.947829e+01	4.074397e+01	-6.325156e-01	6.328866e-01	6.828170e-01	-8.090470e+01
9.66          	1.265590e+00	3.704176e-04	-8.022202e+01	-4.011120e+01	4.079377e+01	-6.326575e-01	-3.947841e+01	4.074400e+01	-6.324723e-01	6.328427e-01	6.827623e-01	-8.090478e+01
9.67          	1.265503e+00	3.698985e-04	-8.022216e+01	-4.011127e+01	4.079379e+01	-6.326141e-01	-3.947852e+01	4.074402e+01	-6.324291e-01	6.327990e-01	6.827077e-01	-8.090487e+01
9.68          	1.265415e+00	3.693323e-04	-8.022230e+01	-4.011134e+01	4.079380e+01	-6.325706e-01	-3.947863e+01	4.074405e+01	-6.323860e-01	6.327553e-01	6.826532e-01	-8.090495e+01
9.69          	1.265328e+00	3.687042e-04	-8.022244e+01	-4.011141e+01	4.079382e+01	-6.325272e-01	-3.947875e+01	4.074407e+01	-6.323428e-01	6.327115e-01	6.825988e-01	-8.090504e+01
9.7           	1.265240e+00	3.680246e-04	-8.022258e+01	-4.011148e+01	4.079383e+01	-6.324837e-01	-3.947886e+01	4.074410e+01	-6.322996e-01	6.326677e-01	6.825444e-01	-8.090512e+01
9.71          	1.265153e+00	3.673627e-04	-8.022271e+01	-4.011155e+01	4.079385e+01	-6.324402e-01	-3.947897e+01	4.074412e+01	-6.322565e-01	6.326239e-01	6.824901e-01	-8.090520e+01
9.72          	1.265066e+00	3.667534e-04	-8.022285e+01	-4.011162e+01	4.079386e+01	-6.323968e-01	-3.947908e+01	4.074415e+01	-6.322134e-01	6.325802e-01	6.824359e-01	-8.090529e+01
9.73          	1.264978e+00	3.661997e-04	-8.022299e+01	-4.011168e+01	4.079388e+01	-6.323535e-01	-3.947919e+01	4.074417e+01	-6.321704e-01	6.325366e-01	6.823819e-01	-8.090537e+01
9.74          	1.264891e+00	3.656776e-04	-8.022313e+01	-4.011175e+01	4.079389e+01	-6.323102e-01	-3.947931e+01	4.074420e+01	-6.321274e-01	6.324930e-01	6.823279e-01	-8.090545e+01
9.75          	1.264804e+00	3.651302e-04	-8.022326e+01	-4.011182e+01	4.079391e+01	-6.322668e-01	-3.947942e+01	4.074422e+01	-6.320842e-01	6.324494e-01	6.822739e-01	-8.090554e+01
9.76          	1.264716e+00	3.645484e-04	-8.022340e+01	-4.011189e+01	4.079392e+01	-6.322233e-01	-3.947953e+01	4.074425e+01	-6.320410e-01	6.324055e-01	6.822199e-01	-8.090562e+01
9.77          	1.264628e+00	3.639475e-04	-8.022354e+01	-4.011196e+01	4.079393e+01	-6.321796e-01	-3.947964e+01	4.074427e+01	-6.319976e-01	6.323616e-01	6.821659e-01	-8.090570e+01
9.78          	1.264540e+00	3.633397e-04	-8.022367e+01	-4.011202e+01	4.079395e+01	-6.321358e-01	-3.947975e+01	4.074429e+01	-6.319541e-01	6.323175e-01	6.821118e-01	-8.090578e+01
9.79          	1.264452e+00	3.627424e-04	-8.022381e+01	-4.011209e+01	4.079396e+01	-6.320920e-01	-3.947987e+01	4.074432e+01	-6.319106e-01	6.322734e-01	6.820578e-01	-8.090586e+01
9.8           	1.264364e+00	3.622164e-04	-8.022394e+01	-4.011216e+01	4.079398e+01	-6.320482e-01	-3.947998e+01	4.074434e+01	-6.318671e-01	6.322293e-01	6.820039e-01	-8.090595e+01
9.81          	1.264276e+00	3.618063e-04	-8.022408e+01	-4.011223e+01	4.079399e+01	-6.320044e-01	-3.948009e+01	4.074436e+01	-6.318235e-01	6.321853e-01	6.819501e-01	-8.090603e+01
9.82          	1.264189e+00	3.614617e-04	-8.022421e+01	-4.011229e+01	4.079400e+01	-6.319609e-01	-3.948020e+01	4.074439e+01	-6.317802e-01	6.321416e-01	6.818965e-01	-8.090611e+01
9.83          	1.264102e+00	3.611005e-04	-8.022435e+01	-4.011236e+01	4.079402e+01	-6.319176e-01	-3.948031e+01	4.074441e+01	-6.317370e-01	6.320981e-01	6.818432e-01	-8.090619e+01
9.84          	1.264015e+00	3.606910e-04	-8.022448e+01	-4.011243e+01	4.079403e+01	-6.318744e-01	-3.948042e+01	4.074444e+01	-6.316941e-01	6.320547e-01	6.817901e-01	-8.090627e+01
9.85          	1.263928e+00	3.602115e-04	-8.022462e+01	-4.011249e+01	4.079405e+01	-6.318313e-01	-3.948053e+01	4.074446e+01	-6.316512e-01	6.320114e-01	6.817370e-01	-8.090635e+01
9.86          	1.263841e+00	3.596626e-04	-8.022475e+01	-4.011256e+01	4.079406e+01	-6.317882e-01	-3.948064e+01	4.074448e+01	-6.316084e-01	6.319680e-01	6.816841e-01	-8.090644e+01
9.87          	1.263755e+00	3.590765e-04	-8.022489e+01	-4.011263e+01	4.079407e+01	-6.317450e-01	-3.948075e+01	4.074451e+01	-6.315655e-01	6.319246e-01	6.816311e-01	-8.090652e+01
9.88          	1.263668e+00	3.584787e-04	-8.022502e+01	-4.011269e+01	4.079409e+01	-6.317018e-01	-3.948086e+01	4.074453e+01	-6.315226e-01	6.318811e-01	6.815782e-01	-8.090660e+01
9.89          	1.263581e+00	3.579012e-04	-8.022515e+01	-4.011276e+01	4.079410e+01	-6.316586e-01	-3.948097e+01	4.074455e+01	-6.314796e-01	6.318375e-01	6.815254e-01	-8.090668e+01
9.9           	1.263493e+00	3.573698e-04	-8.022529e+01	-4.011283e+01	4.079412e+01	-6.316153e-01	-3.948108e+01	4.074457e+01	-6.314366e-01	6.317940e-01	6.814725e-01	-8.090676e+01
9.91          	1.263406e+00	3.569041e-04	-8.022542e+01	-4.011289e+01	4.079413e+01	-6.315720e-01	-3.948119e+01	4.074460e+01	-6.313935e-01	6.317504e-01	6.814198e-01	-8.090684e+01
9.92          	1.263320e+00	3.564412e-04	-8.022555e+01	-4.011296e+01	4.079414e+01	-6.315289e-01	-3.948130e+01	4.074462e+01	-6.313507e-01	6.317071e-01	6.813672e-01	-8.090692e+01
9.93          	1.263233e+00	3.559329e-04	-8.022568e+01	-4.011303e+01	4.079416e+01	-6.314859e-01	-3.948141e+01	4.074464e+01	-6.313079e-01	6.316639e-01	6.813147e-01	-8.090700e+01
9.94          	1.263147e+00	3.553978e-04	-8.022582e+01	-4.011309e+01	4.079417e+01	-6.314430e-01	-3.948152e+01	4.074467e+01	-6.312653e-01	6.316207e-01	6.812623e-01	-8.090708e+01
9.95          	1.263060e+00	3.548798e-04	-8.022595e+01	-4.011316e+01	4.079418e+01	-6.314000e-01	-3.948163e+01	4.074469e+01	-6.312226e-01	6.315775e-01	6.812101e-01	-8.090716e+01
9.96          	1.262974e+00	3.544271e-04	-8.022608e+01	-4.011322e+01	4.079420e+01	-6.313571e-01	-3.948174e+01	4.074471e+01	-6.311799e-01	6.315343e-01	6.811579e-01	-8.090724e+01
9.97          	1.262888e+00	3.539679e-04	-8.022621e+01	-4.011329e+01	4.079421e+01	-6.313143e-01	-3.948184e+01	4.074473e+01	-6.311374e-01	6.314913e-01	6.811059e-01	-8.090732e+01
9.98          	1.262802e+00	3.535124e-04	-8.022634e+01	-4.011335e+01	4.079423e+01	-6.312717e-01	-3.948195e+01	4.074476e+01	-6.310950e-01	6.314485e-01	6.810541e-01	-8.090740e+01
9.99          	1.262717e+00	3.530589e-04	-8.022647e+01	-4.011342e+01	4.079424e+01	-6.312293e-01	-3.948206e+01	4.074478e+01	-6.310528e-01	6.314059e-01	6.810025e-01	-8.090748e+01
10            	1.262632e+00	3.526137e-04	-8.022660e+01	-4.011348e+01	4.079425e+01	-6.311871e-01	-3.948217e+01	4.074480e+01	-6.310108e-01	6.313634e-01	6.809510e-01	-8.090756e+01
