# Force coefficients
# dragDir     : (1.000000e+00 0.000000e+00 0.000000e+00)
# sideDir     : (0.000000e+00 0.000000e+00 -1.000000e+00)
# liftDir     : (0.000000e+00 1.000000e+00 0.000000e+00)
# rollAxis    : (1.000000e+00 0.000000e+00 0.000000e+00)
# pitchAxis   : (0.000000e+00 0.000000e+00 -1.000000e+00)
# yawAxis     : (0.000000e+00 1.000000e+00 0.000000e+00)
# magUInf     : 3.000000e+01
# lRef        : 1.000000e+00
# Aref        : 2.000000e+00
# CofR        : (0.000000e+00 0.000000e+00 0.000000e+00)
#
# Time        	Cd            	Cs            	Cl            	CmRoll        	CmPitch       	CmYaw         	Cd(f)         	Cd(r)         	Cs(f)         	Cs(r)         	Cl(f)         	Cl(r)         
0.001         	1.743474e+02	6.839523e+01	5.733672e-01	-3.516663e-01	-2.289725e+00	2.072009e+02	8.682204e+01	8.752537e+01	2.413985e+02	-1.730033e+02	-2.003042e+00	2.576409e+00
0.002         	1.748772e+02	7.355690e+01	5.836377e-01	-4.172147e-01	-2.134635e+00	2.129420e+02	8.702140e+01	8.785583e+01	2.497205e+02	-1.761636e+02	-1.842816e+00	2.426454e+00
0.003         	6.561358e+01	3.721248e+01	3.193882e-01	-2.629889e-01	-8.028179e-01	9.252626e+01	3.254380e+01	3.306978e+01	1.111325e+02	-7.392002e+01	-6.431238e-01	9.625120e-01
0.004         	-5.506502e+01	-6.310994e+00	-7.015975e-03	-3.221606e-02	6.177545e-01	-4.350625e+01	-2.756472e+01	-2.750029e+01	-4.666175e+01	4.035075e+01	6.142465e-01	-6.212625e-01
0.005         	-1.049507e+02	-2.836812e+01	-2.390718e-01	1.467476e-01	1.235597e+00	-1.057152e+02	-5.232862e+01	-5.262211e+01	-1.198993e+02	9.153114e+01	1.116062e+00	-1.355133e+00
0.006         	-7.732353e+01	-2.242835e+01	-2.585008e-01	1.777440e-01	9.288964e-01	-8.003473e+01	-3.848402e+01	-3.883951e+01	-9.124891e+01	6.882056e+01	7.996460e-01	-1.058147e+00
0.007         	-1.339730e+01	-8.016845e-01	-1.222190e-01	9.247477e-02	1.916472e-01	-9.348340e+00	-6.606176e+00	-6.791125e+00	-9.749182e+00	8.947497e+00	1.305378e-01	-2.527567e-01
0.008         	3.806853e+01	1.883734e+01	3.332143e-02	-1.763101e-02	-3.930388e-01	5.065080e+01	1.901663e+01	1.905190e+01	6.006947e+01	-4.123213e+01	-3.763780e-01	4.096995e-01
0.009         	5.128131e+01	2.545482e+01	1.102027e-01	-7.728089e-02	-5.341130e-01	6.791281e+01	2.556338e+01	2.571794e+01	8.064022e+01	-5.518540e+01	-4.790117e-01	5.892144e-01
0.01          	3.130849e+01	1.924826e+01	8.739493e-02	-6.675063e-02	-2.979199e-01	4.592016e+01	1.558749e+01	1.572099e+01	5.554429e+01	-3.629603e+01	-2.542224e-01	3.416173e-01
0.011         	2.983497e-01	7.936942e+00	1.508965e-02	-1.806331e-02	4.641752e-02	9.965898e+00	1.311116e-01	1.672382e-01	1.393437e+01	-5.997427e+00	5.396235e-02	-3.887270e-02
0.012         	-2.027909e+01	-2.189820e-01	-4.814699e-02	2.727459e-02	2.611478e-01	-1.446877e+01	-1.011227e+01	-1.016682e+01	-1.457826e+01	1.435928e+01	2.370743e-01	-2.852213e-01
0.013         	-2.183185e+01	-1.399495e+00	-6.531688e-02	4.133425e-02	2.566105e-01	-1.662919e+01	-1.087459e+01	-1.095726e+01	-1.732893e+01	1.592944e+01	2.239520e-01	-2.892689e-01
0.014         	-9.585190e+00	2.915263e+00	-3.933827e-02	2.458214e-02	1.027237e-01	-2.221901e+00	-4.768013e+00	-4.817177e+00	-7.642698e-01	3.679533e+00	8.305452e-02	-1.223928e-01
0.015         	4.949347e+00	8.464993e+00	1.121781e-03	-3.249421e-03	-6.387287e-02	1.509047e+01	2.471424e+00	2.477923e+00	1.932297e+01	-1.085798e+01	-6.331198e-02	6.443376e-02
0.016         	1.257253e+01	1.157489e+01	2.615958e-02	-2.131535e-02	-1.399020e-01	2.416775e+01	6.264950e+00	6.307580e+00	2.995520e+01	-1.838031e+01	-1.268223e-01	1.529818e-01
0.017         	1.104646e+01	1.115334e+01	2.538086e-02	-2.161567e-02	-1.040704e-01	2.219952e+01	5.501613e+00	5.544845e+00	2.777619e+01	-1.662285e+01	-9.138002e-02	1.167609e-01
0.018         	4.165149e+00	8.549581e+00	8.093437e-03	-1.016446e-02	-1.475868e-02	1.379127e+01	2.072410e+00	2.092739e+00	1.806606e+01	-9.516483e+00	-1.071196e-02	1.880539e-02
0.019         	-2.381763e+00	5.975388e+00	-8.727690e-03	1.403739e-03	5.703127e-02	5.891547e+00	-1.189478e+00	-1.192285e+00	8.879241e+00	-2.903853e+00	5.266742e-02	-6.139511e-02
0.02          	-4.889554e+00	4.941106e+00	-1.508321e-02	5.709988e-03	7.358146e-02	2.993209e+00	-2.439067e+00	-2.450487e+00	5.463762e+00	-5.226561e-01	6.603986e-02	-8.112307e-02
0.021         	-3.175567e+00	5.577514e+00	-8.874359e-03	1.467087e-03	3.963543e-02	5.245490e+00	-1.586317e+00	-1.589251e+00	8.034247e+00	-2.456733e+00	3.519825e-02	-4.407261e-02
0.022         	4.165284e-01	6.989034e+00	1.967735e-03	-6.244007e-03	-9.484053e-03	9.710693e+00	2.020202e-01	2.145082e-01	1.320521e+01	-6.216176e+00	-8.500186e-03	1.046792e-02
0.023         	3.188481e+00	8.098186e+00	1.025039e-02	-1.212211e-02	-4.038213e-02	1.305295e+01	1.582119e+00	1.606363e+00	1.710204e+01	-9.003854e+00	-3.525694e-02	4.550732e-02
0.024         	3.775261e+00	8.338101e+00	1.125398e-02	-1.298971e-02	-4.181127e-02	1.363453e+01	1.874641e+00	1.900620e+00	1.780358e+01	-9.465475e+00	-3.618428e-02	4.743825e-02
0.025         	2.521647e+00	7.831280e+00	7.402841e-03	-1.025270e-02	-2.271617e-02	1.195785e+01	1.250571e+00	1.271076e+00	1.587349e+01	-8.042207e+00	-1.901475e-02	2.641759e-02
0.026         	7.366546e-01	7.105001e+00	3.436148e-03	-7.379842e-03	-1.045088e-03	9.704251e+00	3.609474e-01	3.757071e-01	1.325675e+01	-6.151750e+00	6.729862e-04	2.763162e-03
0.027         	-3.709023e-01	6.653639e+00	2.160418e-03	-6.519368e-03	8.903222e-03	8.377116e+00	-1.919705e-01	-1.789318e-01	1.170394e+01	-5.050297e+00	9.983431e-03	-7.823014e-03
0.028         	-3.694439e-01	6.656201e+00	3.905578e-03	-7.877500e-03	3.877289e-03	8.465380e+00	-1.925995e-01	-1.768445e-01	1.179348e+01	-5.137279e+00	5.830079e-03	-1.924500e-03
0.029         	3.872192e-01	6.968198e+00	6.995689e-03	-1.020660e-02	-9.217987e-03	9.469591e+00	1.834030e-01	2.038162e-01	1.295369e+01	-5.985491e+00	-5.720143e-03	1.271583e-02
0.03          	1.214498e+00	7.306466e+00	9.592719e-03	-1.206288e-02	-2.082483e-02	1.050236e+01	5.951863e-01	6.193121e-01	1.415559e+01	-6.849128e+00	-1.602847e-02	2.562118e-02
0.031         	1.601875e+00	7.459765e+00	1.030912e-02	-1.257643e-02	-2.435129e-02	1.093339e+01	7.883613e-01	8.135142e-01	1.466327e+01	-7.203507e+00	-1.919673e-02	2.950585e-02
0.032         	1.457616e+00	7.391509e+00	9.721620e-03	-1.210906e-02	-2.063095e-02	1.068387e+01	7.166989e-01	7.409170e-01	1.437962e+01	-6.988111e+00	-1.577014e-02	2.549176e-02
0.033         	1.031178e+00	7.207500e+00	8.637365e-03	-1.131272e-02	-1.459465e-02	1.010301e+01	5.042763e-01	5.269017e-01	1.370676e+01	-6.499264e+00	-1.027597e-02	1.891333e-02
0.034         	6.597773e-01	7.049488e+00	8.004650e-03	-1.093941e-02	-1.078923e-02	9.629300e+00	3.189493e-01	3.408281e-01	1.315404e+01	-6.104556e+00	-6.786901e-03	1.479155e-02
0.035         	5.421043e-01	7.000229e+00	8.408160e-03	-1.135034e-02	-1.147576e-02	9.502308e+00	2.597018e-01	2.824025e-01	1.300242e+01	-6.002194e+00	-7.271681e-03	1.567984e-02
0.036         	6.656598e-01	7.052614e+00	9.448635e-03	-1.219720e-02	-1.515456e-02	9.682230e+00	3.206327e-01	3.450271e-01	1.320854e+01	-6.155923e+00	-1.043024e-02	1.987888e-02
0.037         	8.799802e-01	7.141591e+00	1.053095e-02	-1.300223e-02	-1.906630e-02	9.959376e+00	4.269879e-01	4.529923e-01	1.353017e+01	-6.388580e+00	-1.380082e-02	2.433177e-02
0.038         	1.028336e+00	7.200538e+00	1.120694e-02	-1.344126e-02	-2.126498e-02	1.013095e+01	5.007266e-01	5.276092e-01	1.373122e+01	-6.530684e+00	-1.566151e-02	2.686845e-02
0.039         	1.042545e+00	7.201333e+00	1.126086e-02	-1.345733e-02	-2.093600e-02	1.012006e+01	5.078151e-01	5.347297e-01	1.372073e+01	-6.519395e+00	-1.530557e-02	2.656643e-02
0.04          	9.546199e-01	7.159036e+00	1.099711e-02	-1.328303e-02	-1.928060e-02	9.981852e+00	4.640269e-01	4.905930e-01	1.356137e+01	-6.402335e+00	-1.378204e-02	2.477916e-02
0.041         	8.468369e-01	7.109746e+00	1.080686e-02	-1.321841e-02	-1.787541e-02	9.830710e+00	4.102001e-01	4.366369e-01	1.338558e+01	-6.275837e+00	-1.247199e-02	2.327884e-02
0.042         	7.881623e-01	7.082624e+00	1.065857e-02	-1.326463e-02	-1.698533e-02	9.754186e+00	3.808165e-01	4.073458e-01	1.329550e+01	-6.212874e+00	-1.165604e-02	2.231461e-02
0.043         	7.959847e-01	7.084502e+00	1.092619e-02	-1.360808e-02	-1.761612e-02	9.767368e+00	3.843842e-01	4.116004e-01	1.330962e+01	-6.225117e+00	-1.215302e-02	2.307922e-02
0.044         	8.433984e-01	7.102974e+00	1.151807e-02	-1.407682e-02	-1.934349e-02	9.827920e+00	4.076224e-01	4.357760e-01	1.337941e+01	-6.276433e+00	-1.358445e-02	2.510252e-02
0.045         	8.889059e-01	7.119516e+00	1.198617e-02	-1.439390e-02	-2.070262e-02	9.878382e+00	4.300591e-01	4.588469e-01	1.343814e+01	-6.318624e+00	-1.470953e-02	2.669570e-02
0.046         	9.043926e-01	7.122346e+00	1.243594e-02	-1.461415e-02	-2.185383e-02	9.884466e+00	4.375821e-01	4.668104e-01	1.344564e+01	-6.323293e+00	-1.563586e-02	2.807180e-02
0.047         	8.892051e-01	7.111549e+00	1.246896e-02	-1.456818e-02	-2.169097e-02	9.849659e+00	4.300344e-01	4.591708e-01	1.340543e+01	-6.293884e+00	-1.545649e-02	2.792545e-02
0.048         	8.608178e-01	7.095254e+00	1.223663e-02	-1.436938e-02	-2.079994e-02	9.800870e+00	4.160395e-01	4.447783e-01	1.334850e+01	-6.253243e+00	-1.468163e-02	2.691826e-02
0.049         	8.388374e-01	7.082128e+00	1.197859e-02	-1.418312e-02	-1.987247e-02	9.764677e+00	4.052356e-01	4.336018e-01	1.330574e+01	-6.223613e+00	-1.388318e-02	2.586177e-02
0.05          	8.334852e-01	7.076497e+00	1.173554e-02	-1.399466e-02	-1.911155e-02	9.752921e+00	4.027479e-01	4.307373e-01	1.329117e+01	-6.214673e+00	-1.324379e-02	2.497932e-02
0.051         	8.418728e-01	7.076771e+00	1.151514e-02	-1.383446e-02	-1.848758e-02	9.758762e+00	4.071019e-01	4.347709e-01	1.329715e+01	-6.220376e+00	-1.273001e-02	2.424515e-02
0.052         	8.532304e-01	7.078206e+00	1.155834e-02	-1.381703e-02	-1.857937e-02	9.766288e+00	4.127982e-01	4.404322e-01	1.330539e+01	-6.227185e+00	-1.280020e-02	2.435854e-02
0.053         	8.590218e-01	7.076969e+00	1.162270e-02	-1.376791e-02	-1.871438e-02	9.764262e+00	4.157430e-01	4.432788e-01	1.330275e+01	-6.225777e+00	-1.290303e-02	2.452574e-02
0.054         	8.562179e-01	7.071742e+00	1.165426e-02	-1.369136e-02	-1.873797e-02	9.749616e+00	4.144176e-01	4.418003e-01	1.328549e+01	-6.213745e+00	-1.291084e-02	2.456510e-02
0.055         	8.478511e-01	7.064112e+00	1.163449e-02	-1.355660e-02	-1.862739e-02	9.728189e+00	4.103689e-01	4.374821e-01	1.326024e+01	-6.196133e+00	-1.281014e-02	2.444463e-02
0.056         	8.398653e-01	7.056741e+00	1.134621e-02	-1.323457e-02	-1.783355e-02	9.708706e+00	4.066981e-01	4.331672e-01	1.323708e+01	-6.180336e+00	-1.216044e-02	2.350666e-02
0.057         	8.356793e-01	7.051264e+00	1.095371e-02	-1.286285e-02	-1.678879e-02	9.695457e+00	4.049768e-01	4.307025e-01	1.322109e+01	-6.169825e+00	-1.131194e-02	2.226565e-02
0.058         	8.359823e-01	7.047822e+00	1.043550e-02	-1.241666e-02	-1.547832e-02	9.688448e+00	4.055745e-01	4.304078e-01	1.321236e+01	-6.164537e+00	-1.026057e-02	2.069608e-02
0.059         	8.384231e-01	7.045219e+00	9.835912e-03	-1.194312e-02	-1.393594e-02	9.683541e+00	4.072684e-01	4.311547e-01	1.320615e+01	-6.160932e+00	-9.017983e-03	1.885389e-02
0.06          	8.391529e-01	7.041900e+00	9.654429e-03	-1.172409e-02	-1.347726e-02	9.675484e+00	4.078524e-01	4.313005e-01	1.319643e+01	-6.154534e+00	-8.650050e-03	1.830448e-02
0.061         	8.375169e-01	7.037462e+00	9.602676e-03	-1.155235e-02	-1.336399e-02	9.663752e+00	4.072061e-01	4.303108e-01	1.318248e+01	-6.145021e+00	-8.562655e-03	1.816533e-02
0.062         	8.338744e-01	7.032174e+00	9.560983e-03	-1.138344e-02	-1.323262e-02	9.649349e+00	4.055538e-01	4.283207e-01	1.316544e+01	-6.133262e+00	-8.452130e-03	1.801311e-02
0.063         	8.294675e-01	7.026947e+00	9.606605e-03	-1.115999e-02	-1.336278e-02	9.635323e+00	4.035738e-01	4.258938e-01	1.314880e+01	-6.121850e+00	-8.559478e-03	1.816608e-02
0.064         	8.267679e-01	7.022170e+00	9.245365e-03	-1.072579e-02	-1.247853e-02	9.623335e+00	4.026582e-01	4.241098e-01	1.313442e+01	-6.112250e+00	-7.855852e-03	1.710122e-02
0.065         	8.256619e-01	7.018031e+00	8.713365e-03	-1.019186e-02	-1.118767e-02	9.613575e+00	4.026391e-01	4.230228e-01	1.312259e+01	-6.104559e+00	-6.830983e-03	1.554435e-02
0.066         	8.254032e-01	7.014203e+00	8.178323e-03	-9.669615e-03	-9.912690e-03	9.604832e+00	4.030320e-01	4.223712e-01	1.311193e+01	-6.097730e+00	-5.823528e-03	1.400185e-02
0.067         	8.252802e-01	7.010368e+00	7.649662e-03	-9.178387e-03	-8.654065e-03	9.595988e+00	4.034617e-01	4.218185e-01	1.310117e+01	-6.090804e+00	-4.829234e-03	1.247890e-02
0.068         	8.241278e-01	7.006254e+00	7.393223e-03	-8.835574e-03	-8.110157e-03	9.585959e+00	4.032283e-01	4.208995e-01	1.308909e+01	-6.082832e+00	-4.413546e-03	1.180677e-02
0.069         	8.219547e-01	7.001886e+00	7.354242e-03	-8.588070e-03	-8.120860e-03	9.574900e+00	4.023893e-01	4.195654e-01	1.307584e+01	-6.073957e+00	-4.443739e-03	1.179798e-02
0.07          	8.193600e-01	6.997417e+00	7.389148e-03	-8.360825e-03	-8.324421e-03	9.563569e+00	4.013192e-01	4.180408e-01	1.306228e+01	-6.064861e+00	-4.629847e-03	1.201900e-02
0.071         	8.166655e-01	6.992901e+00	7.494196e-03	-8.189774e-03	-8.686115e-03	9.552143e+00	4.001430e-01	4.165225e-01	1.304859e+01	-6.055692e+00	-4.939017e-03	1.243321e-02
0.072         	8.147704e-01	6.988694e+00	7.386225e-03	-7.884621e-03	-8.478052e-03	9.542000e+00	3.995006e-01	4.152698e-01	1.303635e+01	-6.047653e+00	-4.784939e-03	1.217116e-02
0.073         	8.136866e-01	6.984838e+00	7.099108e-03	-7.475479e-03	-7.822208e-03	9.533120e+00	3.993678e-01	4.143188e-01	1.302554e+01	-6.040701e+00	-4.272654e-03	1.137176e-02
0.074         	8.128192e-01	6.981156e+00	6.789720e-03	-7.070663e-03	-7.125370e-03	9.524673e+00	3.993389e-01	4.134803e-01	1.301525e+01	-6.034095e+00	-3.730510e-03	1.052023e-02
0.075         	8.118842e-01	6.977571e+00	6.507058e-03	-6.705779e-03	-6.497609e-03	9.516249e+00	3.992363e-01	4.126479e-01	1.300503e+01	-6.027464e+00	-3.244080e-03	9.751138e-03
0.076         	8.104539e-01	6.973956e+00	6.367446e-03	-6.474620e-03	-6.226792e-03	9.507252e+00	3.987523e-01	4.117016e-01	1.299423e+01	-6.020275e+00	-3.043069e-03	9.410515e-03
0.077         	8.085619e-01	6.970415e+00	6.344202e-03	-6.315613e-03	-6.242554e-03	9.498085e+00	3.979653e-01	4.105966e-01	1.298329e+01	-6.012878e+00	-3.070452e-03	9.414655e-03
0.078         	8.065640e-01	6.967029e+00	6.355895e-03	-6.165828e-03	-6.367531e-03	9.489178e+00	3.971162e-01	4.094478e-01	1.297269e+01	-6.005663e+00	-3.189583e-03	9.545478e-03
0.079         	8.046549e-01	6.963827e+00	6.361036e-03	-6.006893e-03	-6.493695e-03	9.480654e+00	3.963206e-01	4.083343e-01	1.296257e+01	-5.998741e+00	-3.313176e-03	9.674213e-03
0.08          	8.028968e-01	6.960821e+00	6.317525e-03	-5.829294e-03	-6.485353e-03	9.472576e+00	3.956191e-01	4.072777e-01	1.295299e+01	-5.992165e+00	-3.326591e-03	9.644116e-03
0.081         	8.013722e-01	6.957979e+00	6.191551e-03	-5.628838e-03	-6.248929e-03	9.464963e+00	3.950572e-01	4.063149e-01	1.294395e+01	-5.985973e+00	-3.153154e-03	9.344705e-03
0.082         	7.999048e-01	6.955305e+00	6.047201e-03	-5.431927e-03	-5.944419e-03	9.457744e+00	3.945204e-01	4.053843e-01	1.293540e+01	-5.980092e+00	-2.920819e-03	8.968020e-03
0.083         	7.983822e-01	6.952765e+00	5.922971e-03	-5.260732e-03	-5.670516e-03	9.450778e+00	3.939304e-01	4.044518e-01	1.292716e+01	-5.974396e+00	-2.709031e-03	8.632002e-03
0.084         	7.967830e-01	6.950276e+00	5.840781e-03	-5.126815e-03	-5.487416e-03	9.443958e+00	3.932647e-01	4.035183e-01	1.291910e+01	-5.968820e+00	-2.567025e-03	8.407807e-03
0.085         	7.951185e-01	6.947769e+00	5.806533e-03	-5.038194e-03	-5.421368e-03	9.437183e+00	3.925210e-01	4.025974e-01	1.291107e+01	-5.963299e+00	-2.518101e-03	8.324634e-03
0.086         	7.934135e-01	6.945284e+00	5.818671e-03	-4.980888e-03	-5.468896e-03	9.430602e+00	3.917259e-01	4.016877e-01	1.290324e+01	-5.957960e+00	-2.559560e-03	8.378231e-03
0.087         	7.917047e-01	6.942871e+00	5.855942e-03	-4.930560e-03	-5.576866e-03	9.424306e+00	3.909218e-01	4.007829e-01	1.289574e+01	-5.952870e+00	-2.648895e-03	8.504837e-03
0.088         	7.899986e-01	6.940582e+00	5.909346e-03	-4.877440e-03	-5.723246e-03	9.418420e+00	3.901218e-01	3.998767e-01	1.288871e+01	-5.948129e+00	-2.768573e-03	8.677919e-03
0.089         	7.883390e-01	6.938458e+00	5.949162e-03	-4.832944e-03	-5.833112e-03	9.412985e+00	3.893366e-01	3.990025e-01	1.288221e+01	-5.943756e+00	-2.858531e-03	8.807693e-03
0.09          	7.867187e-01	6.936458e+00	5.974089e-03	-4.801831e-03	-5.898752e-03	9.407879e+00	3.885575e-01	3.981612e-01	1.287611e+01	-5.939650e+00	-2.911708e-03	8.885796e-03
0.091         	7.850939e-01	6.934534e+00	6.012302e-03	-4.795480e-03	-5.983092e-03	9.403002e+00	3.877515e-01	3.973424e-01	1.287027e+01	-5.935735e+00	-2.976941e-03	8.989243e-03
0.092         	7.834666e-01	6.932657e+00	6.076981e-03	-4.791698e-03	-6.115070e-03	9.398334e+00	3.869416e-01	3.965250e-01	1.286466e+01	-5.932005e+00	-3.076580e-03	9.153560e-03
0.093         	7.818558e-01	6.930841e+00	6.170475e-03	-4.791267e-03	-6.312072e-03	9.393908e+00	3.861366e-01	3.957191e-01	1.285933e+01	-5.928487e+00	-3.226834e-03	9.397309e-03
0.094         	7.802433e-01	6.929120e+00	6.299771e-03	-4.796133e-03	-6.602744e-03	9.389739e+00	3.853255e-01	3.949178e-01	1.285430e+01	-5.925179e+00	-3.452858e-03	9.752630e-03
0.095         	7.786580e-01	6.927516e+00	6.456029e-03	-4.815110e-03	-6.981596e-03	9.385864e+00	3.845139e-01	3.941441e-01	1.284962e+01	-5.922106e+00	-3.753582e-03	1.020961e-02
0.096         	7.771123e-01	6.926015e+00	6.623781e-03	-4.840427e-03	-7.423512e-03	9.382228e+00	3.837157e-01	3.933966e-01	1.284524e+01	-5.919220e+00	-4.111622e-03	1.073540e-02
0.097         	7.756026e-01	6.924655e+00	6.785150e-03	-4.854525e-03	-7.888481e-03	9.378930e+00	3.829468e-01	3.926558e-01	1.284126e+01	-5.916602e+00	-4.495906e-03	1.128106e-02
0.098         	7.741313e-01	6.923433e+00	6.917040e-03	-4.859004e-03	-8.308600e-03	9.375973e+00	3.822066e-01	3.919246e-01	1.283769e+01	-5.914256e+00	-4.850080e-03	1.176712e-02
0.099         	7.726806e-01	6.922312e+00	7.037398e-03	-4.848436e-03	-8.705050e-03	9.373201e+00	3.814919e-01	3.911887e-01	1.283436e+01	-5.912045e+00	-5.186351e-03	1.222375e-02
0.1           	7.712559e-01	6.921278e+00	7.154085e-03	-4.821968e-03	-9.106493e-03	9.370542e+00	3.808060e-01	3.904499e-01	1.283118e+01	-5.909902e+00	-5.529450e-03	1.268354e-02
0.101         	7.698809e-01	6.920359e+00	7.268394e-03	-4.781486e-03	-9.517671e-03	9.368090e+00	3.801589e-01	3.897219e-01	1.282827e+01	-5.907910e+00	-5.883474e-03	1.315187e-02
0.102         	7.685447e-01	6.919487e+00	7.383259e-03	-4.733563e-03	-9.941690e-03	9.365854e+00	3.795388e-01	3.890059e-01	1.282560e+01	-5.906111e+00	-6.250060e-03	1.363332e-02
0.103         	7.672654e-01	6.918609e+00	7.508445e-03	-4.698589e-03	-1.039611e-02	9.363789e+00	3.789341e-01	3.883313e-01	1.282309e+01	-5.904484e+00	-6.641886e-03	1.415033e-02
0.104         	7.660638e-01	6.917665e+00	7.641188e-03	-4.675998e-03	-1.086246e-02	9.361824e+00	3.783559e-01	3.877079e-01	1.282066e+01	-5.902991e+00	-7.041869e-03	1.468306e-02
0.105         	7.649379e-01	6.916615e+00	7.764240e-03	-4.669976e-03	-1.130103e-02	9.359940e+00	3.777990e-01	3.871389e-01	1.281825e+01	-5.901632e+00	-7.418912e-03	1.518315e-02
0.106         	7.638678e-01	6.915468e+00	7.866565e-03	-4.648369e-03	-1.168933e-02	9.358172e+00	3.772855e-01	3.865823e-01	1.281591e+01	-5.900438e+00	-7.756051e-03	1.562262e-02
0.107         	7.628551e-01	6.914227e+00	7.941373e-03	-4.609303e-03	-1.202055e-02	9.356474e+00	3.768183e-01	3.860369e-01	1.281359e+01	-5.899361e+00	-8.049866e-03	1.599124e-02
0.108         	7.619072e-01	6.912902e+00	8.006627e-03	-4.560396e-03	-1.232950e-02	9.354849e+00	3.763932e-01	3.855140e-01	1.281130e+01	-5.898398e+00	-8.326182e-03	1.633281e-02
0.109         	7.610264e-01	6.911479e+00	8.068987e-03	-4.502745e-03	-1.262820e-02	9.353268e+00	3.760104e-01	3.850159e-01	1.280901e+01	-5.897528e+00	-8.593710e-03	1.666270e-02
0.11          	7.601965e-01	6.910009e+00	8.142314e-03	-4.444339e-03	-1.294277e-02	9.351748e+00	3.756539e-01	3.845426e-01	1.280675e+01	-5.896743e+00	-8.871616e-03	1.701393e-02
0.111         	7.594064e-01	6.908502e+00	8.221727e-03	-4.388453e-03	-1.325747e-02	9.350330e+00	3.753148e-01	3.840917e-01	1.280458e+01	-5.896079e+00	-9.146602e-03	1.736833e-02
0.112         	7.586515e-01	6.906970e+00	8.309322e-03	-4.339762e-03	-1.357919e-02	9.349048e+00	3.749860e-01	3.836655e-01	1.280253e+01	-5.895563e+00	-9.424528e-03	1.773385e-02
0.113         	7.579543e-01	6.905415e+00	8.411530e-03	-4.297601e-03	-1.393445e-02	9.347959e+00	3.746796e-01	3.832748e-01	1.280067e+01	-5.895252e+00	-9.728684e-03	1.814021e-02
0.114         	7.573197e-01	6.903859e+00	8.530449e-03	-4.250696e-03	-1.433512e-02	9.347064e+00	3.744091e-01	3.829105e-01	1.279899e+01	-5.895135e+00	-1.006990e-02	1.860035e-02
0.115         	7.567457e-01	6.902294e+00	8.659168e-03	-4.194791e-03	-1.476886e-02	9.346361e+00	3.741780e-01	3.825676e-01	1.279751e+01	-5.895214e+00	-1.043928e-02	1.909845e-02
0.116         	7.562159e-01	6.900708e+00	8.795267e-03	-4.141701e-03	-1.522770e-02	9.345766e+00	3.739663e-01	3.822497e-01	1.279612e+01	-5.895412e+00	-1.083007e-02	1.962533e-02
0.117         	7.557352e-01	6.899134e+00	8.931079e-03	-4.104076e-03	-1.568933e-02	9.345327e+00	3.737635e-01	3.819717e-01	1.279489e+01	-5.895760e+00	-1.122379e-02	2.015486e-02
0.118         	7.553039e-01	6.897625e+00	9.064753e-03	-4.080585e-03	-1.613810e-02	9.345154e+00	3.735714e-01	3.817326e-01	1.279397e+01	-5.896341e+00	-1.160572e-02	2.067048e-02
0.119         	7.549141e-01	6.896208e+00	9.198730e-03	-4.063704e-03	-1.658307e-02	9.345288e+00	3.733934e-01	3.815208e-01	1.279339e+01	-5.897184e+00	-1.198371e-02	2.118244e-02
0.12          	7.545548e-01	6.894930e+00	9.345653e-03	-4.056858e-03	-1.705245e-02	9.345849e+00	3.732205e-01	3.813342e-01	1.279331e+01	-5.898384e+00	-1.237962e-02	2.172527e-02
0.121         	7.542217e-01	6.893800e+00	9.497645e-03	-4.052365e-03	-1.753424e-02	9.346863e+00	3.730585e-01	3.811632e-01	1.279376e+01	-5.899963e+00	-1.278542e-02	2.228306e-02
0.122         	7.539155e-01	6.892796e+00	9.645165e-03	-4.044684e-03	-1.800594e-02	9.348207e+00	3.729131e-01	3.810025e-01	1.279461e+01	-5.901809e+00	-1.318336e-02	2.282853e-02
0.123         	7.536452e-01	6.891869e+00	9.776193e-03	-4.025079e-03	-1.843581e-02	9.349692e+00	3.727975e-01	3.808477e-01	1.279563e+01	-5.903757e+00	-1.354772e-02	2.332391e-02
0.124         	7.534095e-01	6.890981e+00	9.885046e-03	-4.006331e-03	-1.880525e-02	9.351240e+00	3.726984e-01	3.807111e-01	1.279673e+01	-5.905749e+00	-1.386273e-02	2.374778e-02
0.125         	7.532022e-01	6.890101e+00	9.971309e-03	-3.985018e-03	-1.911550e-02	9.352815e+00	3.726161e-01	3.805861e-01	1.279787e+01	-5.907764e+00	-1.412985e-02	2.410116e-02
0.126         	7.530203e-01	6.889242e+00	1.003709e-02	-3.954958e-03	-1.936972e-02	9.354501e+00	3.725552e-01	3.804651e-01	1.279912e+01	-5.909880e+00	-1.435118e-02	2.438827e-02
0.127         	7.528545e-01	6.888442e+00	1.008878e-02	-3.909527e-03	-1.957962e-02	9.356390e+00	3.725177e-01	3.803368e-01	1.280061e+01	-5.912169e+00	-1.453523e-02	2.462400e-02
0.128         	7.526838e-01	6.887707e+00	1.013047e-02	-3.853405e-03	-1.975485e-02	9.358454e+00	3.724885e-01	3.801953e-01	1.280231e+01	-5.914601e+00	-1.468962e-02	2.482009e-02
0.129         	7.524993e-01	6.887012e+00	1.015852e-02	-3.793611e-03	-1.989253e-02	9.360613e+00	3.724560e-01	3.800433e-01	1.280412e+01	-5.917108e+00	-1.481327e-02	2.497179e-02
0.13          	7.523028e-01	6.886340e+00	1.017104e-02	-3.738542e-03	-1.999274e-02	9.362813e+00	3.724129e-01	3.798899e-01	1.280598e+01	-5.919643e+00	-1.490722e-02	2.507826e-02
0.131         	7.520955e-01	6.885674e+00	1.016778e-02	-3.695125e-03	-2.005056e-02	9.364946e+00	3.723526e-01	3.797429e-01	1.280778e+01	-5.922109e+00	-1.496667e-02	2.513445e-02
0.132         	7.518836e-01	6.884957e+00	1.014800e-02	-3.659535e-03	-2.005888e-02	9.366914e+00	3.722822e-01	3.796013e-01	1.280939e+01	-5.924436e+00	-1.498488e-02	2.513288e-02
0.133         	7.516658e-01	6.884145e+00	1.011209e-02	-3.624498e-03	-2.001017e-02	9.368640e+00	3.722084e-01	3.794574e-01	1.281071e+01	-5.926568e+00	-1.495413e-02	2.506621e-02
0.134         	7.514280e-01	6.883243e+00	1.005842e-02	-3.586240e-03	-1.989947e-02	9.370100e+00	3.721278e-01	3.793002e-01	1.281172e+01	-5.928479e+00	-1.487026e-02	2.492868e-02
0.135         	7.511514e-01	6.882270e+00	9.990949e-03	-3.539132e-03	-1.973989e-02	9.371335e+00	3.720366e-01	3.791149e-01	1.281247e+01	-5.930201e+00	-1.474441e-02	2.473536e-02
0.136         	7.508275e-01	6.881258e+00	9.917338e-03	-3.491306e-03	-1.955650e-02	9.372461e+00	3.719224e-01	3.789051e-01	1.281309e+01	-5.931832e+00	-1.459784e-02	2.451517e-02
0.137         	7.504563e-01	6.880203e+00	9.845757e-03	-3.448949e-03	-1.938014e-02	9.373459e+00	3.717792e-01	3.786771e-01	1.281356e+01	-5.933358e+00	-1.445726e-02	2.430302e-02
0.138         	7.500486e-01	6.879090e+00	9.779322e-03	-3.411495e-03	-1.921918e-02	9.374265e+00	3.716128e-01	3.784358e-01	1.281381e+01	-5.934720e+00	-1.432952e-02	2.410884e-02
0.139         	7.496152e-01	6.877931e+00	9.716757e-03	-3.377820e-03	-1.906772e-02	9.374879e+00	3.714298e-01	3.781854e-01	1.281384e+01	-5.935913e+00	-1.420934e-02	2.392610e-02
0.14          	7.491575e-01	6.876664e+00	9.659060e-03	-3.347391e-03	-1.892616e-02	9.375150e+00	3.712314e-01	3.779261e-01	1.281348e+01	-5.936818e+00	-1.409663e-02	2.375569e-02
0.141         	7.486644e-01	6.875263e+00	9.612318e-03	-3.315305e-03	-1.881080e-02	9.375066e+00	3.710169e-01	3.776475e-01	1.281270e+01	-5.937434e+00	-1.400464e-02	2.361696e-02
0.142         	7.481322e-01	6.873765e+00	9.577443e-03	-3.285885e-03	-1.872542e-02	9.374738e+00	3.707802e-01	3.773520e-01	1.281162e+01	-5.937855e+00	-1.393670e-02	2.351414e-02
0.143         	7.475768e-01	6.872261e+00	9.555047e-03	-3.261746e-03	-1.866807e-02	9.374342e+00	3.705267e-01	3.770501e-01	1.281047e+01	-5.938211e+00	-1.389055e-02	2.344560e-02
0.144         	7.470129e-01	6.870792e+00	9.546232e-03	-3.246764e-03	-1.863664e-02	9.374007e+00	3.702597e-01	3.767532e-01	1.280940e+01	-5.938611e+00	-1.386352e-02	2.340976e-02
0.145         	7.464456e-01	6.869352e+00	9.550414e-03	-3.236009e-03	-1.862889e-02	9.373651e+00	3.699868e-01	3.764588e-01	1.280833e+01	-5.938976e+00	-1.385368e-02	2.340410e-02
0.146         	7.458766e-01	6.867917e+00	9.554268e-03	-3.216139e-03	-1.861203e-02	9.373201e+00	3.697222e-01	3.761544e-01	1.280716e+01	-5.939242e+00	-1.383490e-02	2.338916e-02
0.147         	7.453095e-01	6.866496e+00	9.545900e-03	-3.173829e-03	-1.855930e-02	9.372632e+00	3.694809e-01	3.758286e-01	1.280588e+01	-5.939384e+00	-1.378635e-02	2.333225e-02
0.148         	7.447418e-01	6.865137e+00	9.531326e-03	-3.116409e-03	-1.848246e-02	9.372046e+00	3.692545e-01	3.754873e-01	1.280461e+01	-5.939477e+00	-1.371679e-02	2.324812e-02
0.149         	7.441745e-01	6.863914e+00	9.518139e-03	-3.057634e-03	-1.840328e-02	9.371612e+00	3.690296e-01	3.751449e-01	1.280357e+01	-5.939655e+00	-1.364422e-02	2.316235e-02
0.15          	7.436140e-01	6.862825e+00	9.509616e-03	-3.006969e-03	-1.832601e-02	9.371347e+00	3.688000e-01	3.748140e-01	1.280276e+01	-5.939935e+00	-1.357120e-02	2.308082e-02
0.151         	7.430602e-01	6.861837e+00	9.504071e-03	-2.955848e-03	-1.824808e-02	9.371189e+00	3.685743e-01	3.744860e-01	1.280211e+01	-5.940270e+00	-1.349604e-02	2.300011e-02
0.152         	7.425054e-01	6.860952e+00	9.500796e-03	-2.911826e-03	-1.816818e-02	9.371143e+00	3.683409e-01	3.741645e-01	1.280162e+01	-5.940667e+00	-1.341779e-02	2.291858e-02
0.153         	7.419427e-01	6.860218e+00	9.503619e-03	-2.873661e-03	-1.809019e-02	9.371267e+00	3.680977e-01	3.738450e-01	1.280138e+01	-5.941158e+00	-1.333838e-02	2.284200e-02
0.154         	7.413727e-01	6.859640e+00	9.509718e-03	-2.842715e-03	-1.801482e-02	9.371558e+00	3.678436e-01	3.735290e-01	1.280138e+01	-5.941738e+00	-1.325996e-02	2.276968e-02
0.155         	7.407934e-01	6.859188e+00	9.516473e-03	-2.816122e-03	-1.793653e-02	9.371984e+00	3.675806e-01	3.732128e-01	1.280158e+01	-5.942390e+00	-1.317829e-02	2.269476e-02
0.156         	7.402090e-01	6.858848e+00	9.523698e-03	-2.791261e-03	-1.786196e-02	9.372554e+00	3.673132e-01	3.728958e-01	1.280198e+01	-5.943130e+00	-1.310011e-02	2.262381e-02
0.157         	7.396244e-01	6.858609e+00	9.539003e-03	-2.763486e-03	-1.781087e-02	9.373307e+00	3.670487e-01	3.725757e-01	1.280261e+01	-5.944002e+00	-1.304137e-02	2.258038e-02
0.158         	7.390507e-01	6.858449e+00	9.559155e-03	-2.731725e-03	-1.777309e-02	9.374209e+00	3.667936e-01	3.722571e-01	1.280343e+01	-5.944984e+00	-1.299351e-02	2.255266e-02
0.159         	7.384929e-01	6.858343e+00	9.582837e-03	-2.708980e-03	-1.773856e-02	9.375168e+00	3.665375e-01	3.719554e-01	1.280434e+01	-5.945996e+00	-1.294714e-02	2.252997e-02
0.16          	7.379429e-01	6.858370e+00	9.601525e-03	-2.697398e-03	-1.768734e-02	9.376282e+00	3.662741e-01	3.716688e-01	1.280547e+01	-5.947097e+00	-1.288657e-02	2.248810e-02
0.161         	7.373961e-01	6.858590e+00	9.615001e-03	-2.690161e-03	-1.762685e-02	9.377630e+00	3.660079e-01	3.713882e-01	1.280692e+01	-5.948335e+00	-1.281935e-02	2.243435e-02
0.162         	7.368495e-01	6.858985e+00	9.628978e-03	-2.687390e-03	-1.756733e-02	9.379182e+00	3.657373e-01	3.711121e-01	1.280867e+01	-5.949690e+00	-1.275284e-02	2.238182e-02
0.163         	7.362992e-01	6.859505e+00	9.641585e-03	-2.678505e-03	-1.750435e-02	9.380872e+00	3.654711e-01	3.708281e-01	1.281062e+01	-5.951120e+00	-1.268356e-02	2.232514e-02
0.164         	7.357425e-01	6.860104e+00	9.652720e-03	-2.667064e-03	-1.743629e-02	9.382651e+00	3.652042e-01	3.705383e-01	1.281270e+01	-5.952599e+00	-1.260993e-02	2.226265e-02
0.165         	7.351826e-01	6.860791e+00	9.664021e-03	-2.655551e-03	-1.737125e-02	9.384513e+00	3.649358e-01	3.702469e-01	1.281491e+01	-5.954117e+00	-1.253924e-02	2.220326e-02
0.166         	7.346240e-01	6.861571e+00	9.680428e-03	-2.649761e-03	-1.732110e-02	9.386415e+00	3.646622e-01	3.699618e-01	1.281720e+01	-5.955630e+00	-1.248089e-02	2.216131e-02
0.167         	7.340641e-01	6.862477e+00	9.701677e-03	-2.646667e-03	-1.728416e-02	9.388433e+00	3.643854e-01	3.696787e-01	1.281967e+01	-5.957195e+00	-1.243332e-02	2.213500e-02
0.168         	7.335064e-01	6.863515e+00	9.728251e-03	-2.647180e-03	-1.725854e-02	9.390632e+00	3.641060e-01	3.694004e-01	1.282239e+01	-5.958875e+00	-1.239441e-02	2.212267e-02
0.169         	7.329444e-01	6.864639e+00	9.762318e-03	-2.650322e-03	-1.724873e-02	9.392989e+00	3.638219e-01	3.691225e-01	1.282531e+01	-5.960670e+00	-1.236757e-02	2.212989e-02
0.17          	7.323624e-01	6.865799e+00	9.802776e-03	-2.653797e-03	-1.724878e-02	9.395374e+00	3.635274e-01	3.688350e-01	1.282827e+01	-5.962475e+00	-1.234740e-02	2.215017e-02
0.171         	7.317587e-01	6.866989e+00	9.844434e-03	-2.653574e-03	-1.724921e-02	9.397825e+00	3.632258e-01	3.685329e-01	1.283132e+01	-5.964331e+00	-1.232699e-02	2.217143e-02
0.172         	7.311476e-01	6.868213e+00	9.883677e-03	-2.645262e-03	-1.724034e-02	9.400335e+00	3.629286e-01	3.682191e-01	1.283444e+01	-5.966228e+00	-1.229850e-02	2.218218e-02
0.173         	7.305251e-01	6.869446e+00	9.911692e-03	-2.630354e-03	-1.720408e-02	9.402856e+00	3.626322e-01	3.678929e-01	1.283758e+01	-5.968133e+00	-1.224823e-02	2.215992e-02
0.174         	7.298818e-01	6.870667e+00	9.936672e-03	-2.609840e-03	-1.715778e-02	9.405360e+00	3.623311e-01	3.675507e-01	1.284069e+01	-5.970027e+00	-1.218945e-02	2.212612e-02
0.175         	7.292206e-01	6.871879e+00	9.964541e-03	-2.588812e-03	-1.711911e-02	9.407881e+00	3.620215e-01	3.671991e-01	1.284382e+01	-5.971942e+00	-1.213684e-02	2.210138e-02
0.176         	7.285434e-01	6.873081e+00	9.985494e-03	-2.563549e-03	-1.707506e-02	9.410440e+00	3.617082e-01	3.668353e-01	1.284698e+01	-5.973899e+00	-1.208231e-02	2.206781e-02
0.177         	7.278397e-01	6.874271e+00	9.996130e-03	-2.531471e-03	-1.701758e-02	9.413045e+00	3.613884e-01	3.664513e-01	1.285018e+01	-5.975910e+00	-1.201952e-02	2.201565e-02
0.178         	7.271078e-01	6.875453e+00	1.000240e-02	-2.495083e-03	-1.695800e-02	9.415721e+00	3.610588e-01	3.660490e-01	1.285345e+01	-5.977995e+00	-1.195680e-02	2.195920e-02
0.179         	7.263556e-01	6.876639e+00	1.000894e-02	-2.453155e-03	-1.690625e-02	9.418439e+00	3.607247e-01	3.656310e-01	1.285676e+01	-5.980119e+00	-1.190178e-02	2.191072e-02
0.18          	7.255892e-01	6.877833e+00	1.001204e-02	-2.402718e-03	-1.685179e-02	9.421170e+00	3.603919e-01	3.651973e-01	1.286009e+01	-5.982254e+00	-1.184578e-02	2.185781e-02
0.181         	7.248142e-01	6.879027e+00	1.001992e-02	-2.353767e-03	-1.681199e-02	9.423925e+00	3.600533e-01	3.647608e-01	1.286344e+01	-5.984411e+00	-1.180203e-02	2.182195e-02
0.182         	7.240345e-01	6.880226e+00	1.003456e-02	-2.315593e-03	-1.679281e-02	9.426695e+00	3.597016e-01	3.643328e-01	1.286681e+01	-5.986582e+00	-1.177554e-02	2.181009e-02
0.183         	7.232536e-01	6.881415e+00	1.004345e-02	-2.280156e-03	-1.676473e-02	9.429477e+00	3.593466e-01	3.639070e-01	1.287018e+01	-5.988770e+00	-1.174301e-02	2.178646e-02
0.184         	7.224658e-01	6.882608e+00	1.003618e-02	-2.238547e-03	-1.670095e-02	9.432311e+00	3.589943e-01	3.634714e-01	1.287361e+01	-5.991007e+00	-1.168285e-02	2.171904e-02
0.185         	7.216795e-01	6.883819e+00	1.002022e-02	-2.191867e-03	-1.660842e-02	9.435253e+00	3.586479e-01	3.630316e-01	1.287716e+01	-5.993344e+00	-1.159831e-02	2.161853e-02
0.186         	7.208991e-01	6.885022e+00	9.989845e-03	-2.137442e-03	-1.648002e-02	9.438263e+00	3.583121e-01	3.625870e-01	1.288077e+01	-5.995752e+00	-1.148510e-02	2.147495e-02
0.187         	7.201297e-01	6.886208e+00	9.940211e-03	-2.068371e-03	-1.630684e-02	9.441326e+00	3.579965e-01	3.621332e-01	1.288443e+01	-5.998222e+00	-1.133673e-02	2.127694e-02
0.188         	7.193707e-01	6.887377e+00	9.882079e-03	-2.008203e-03	-1.610871e-02	9.444419e+00	3.576771e-01	3.616936e-01	1.288811e+01	-6.000731e+00	-1.116767e-02	2.104975e-02
0.189         	7.186219e-01	6.888529e+00	9.814939e-03	-1.953246e-03	-1.588459e-02	9.447483e+00	3.573577e-01	3.612642e-01	1.289175e+01	-6.003218e+00	-1.097712e-02	2.079206e-02
0.19          	7.178790e-01	6.889662e+00	9.727954e-03	-1.897966e-03	-1.561505e-02	9.450516e+00	3.570416e-01	3.608375e-01	1.289535e+01	-6.005686e+00	-1.075107e-02	2.047902e-02
0.191         	7.171431e-01	6.890763e+00	9.626095e-03	-1.842353e-03	-1.530835e-02	9.453546e+00	3.567292e-01	3.604139e-01	1.289893e+01	-6.008164e+00	-1.049530e-02	2.012140e-02
0.192         	7.164127e-01	6.891814e+00	9.507654e-03	-1.782466e-03	-1.496938e-02	9.456560e+00	3.564239e-01	3.599888e-01	1.290247e+01	-6.010653e+00	-1.021555e-02	1.972321e-02
0.193         	7.156863e-01	6.892786e+00	9.371113e-03	-1.714917e-03	-1.459443e-02	9.459513e+00	3.561283e-01	3.595581e-01	1.290591e+01	-6.013120e+00	-9.908871e-03	1.927998e-02
0.194         	7.149681e-01	6.893664e+00	9.222706e-03	-1.643529e-03	-1.420297e-02	9.462322e+00	3.558405e-01	3.591276e-01	1.290915e+01	-6.015490e+00	-9.591616e-03	1.881432e-02
0.195         	7.142622e-01	6.894444e+00	9.073035e-03	-1.577118e-03	-1.381718e-02	9.464979e+00	3.555540e-01	3.587082e-01	1.291220e+01	-6.017757e+00	-9.280665e-03	1.835370e-02
0.196         	7.135704e-01	6.895123e+00	8.917924e-03	-1.506054e-03	-1.343072e-02	9.467441e+00	3.552791e-01	3.582912e-01	1.291500e+01	-6.019880e+00	-8.971756e-03	1.788968e-02
0.197         	7.128961e-01	6.895709e+00	8.765421e-03	-1.436811e-03	-1.305854e-02	9.469717e+00	3.550112e-01	3.578848e-01	1.291757e+01	-6.021863e+00	-8.675834e-03	1.744125e-02
0.198         	7.122308e-01	6.896221e+00	8.609327e-03	-1.353840e-03	-1.268084e-02	9.471841e+00	3.547615e-01	3.574692e-01	1.291995e+01	-6.023731e+00	-8.376178e-03	1.698551e-02
0.199         	7.115695e-01	6.896682e+00	8.451080e-03	-1.265536e-03	-1.229411e-02	9.473833e+00	3.545192e-01	3.570503e-01	1.292217e+01	-6.025491e+00	-8.068571e-03	1.651965e-02
0.2           	7.109127e-01	6.897119e+00	8.306750e-03	-1.189153e-03	-1.192937e-02	9.475694e+00	3.542672e-01	3.566455e-01	1.292425e+01	-6.027134e+00	-7.775996e-03	1.608275e-02
0.201         	7.102660e-01	6.897523e+00	8.174657e-03	-1.122748e-03	-1.159686e-02	9.477441e+00	3.540103e-01	3.562558e-01	1.292620e+01	-6.028680e+00	-7.509534e-03	1.568419e-02
0.202         	7.096391e-01	6.897882e+00	8.052534e-03	-1.066255e-03	-1.129991e-02	9.479084e+00	3.537533e-01	3.558858e-01	1.292803e+01	-6.030143e+00	-7.273641e-03	1.532617e-02
0.203         	7.090244e-01	6.898180e+00	7.938806e-03	-1.020765e-03	-1.103970e-02	9.480637e+00	3.534914e-01	3.555329e-01	1.292973e+01	-6.031547e+00	-7.070292e-03	1.500910e-02
0.204         	7.084161e-01	6.898412e+00	7.831896e-03	-9.832433e-04	-1.081169e-02	9.482070e+00	3.532248e-01	3.551913e-01	1.293128e+01	-6.032865e+00	-6.895739e-03	1.472764e-02
0.205         	7.078189e-01	6.898610e+00	7.737015e-03	-9.569704e-04	-1.061792e-02	9.483415e+00	3.529525e-01	3.548664e-01	1.293272e+01	-6.034110e+00	-6.749409e-03	1.448642e-02
0.206         	7.072395e-01	6.898799e+00	7.656473e-03	-9.416281e-04	-1.046353e-02	9.484731e+00	3.526781e-01	3.545614e-01	1.293413e+01	-6.035331e+00	-6.635295e-03	1.429177e-02
0.207         	7.066791e-01	6.898999e+00	7.595670e-03	-9.456240e-04	-1.035579e-02	9.486017e+00	3.523939e-01	3.542852e-01	1.293552e+01	-6.036518e+00	-6.557953e-03	1.415362e-02
0.208         	7.061365e-01	6.899153e+00	7.550653e-03	-9.689900e-04	-1.028101e-02	9.487228e+00	3.520993e-01	3.540372e-01	1.293680e+01	-6.037651e+00	-6.505679e-03	1.405633e-02
0.209         	7.056088e-01	6.899233e+00	7.519118e-03	-1.015441e-03	-1.023128e-02	9.488317e+00	3.517890e-01	3.538198e-01	1.293793e+01	-6.038700e+00	-6.471723e-03	1.399084e-02
0.21          	7.050884e-01	6.899235e+00	7.496850e-03	-1.082744e-03	-1.020128e-02	9.489218e+00	3.514614e-01	3.536269e-01	1.293884e+01	-6.039601e+00	-6.452855e-03	1.394970e-02
0.211         	7.045744e-01	6.899171e+00	7.478283e-03	-1.164851e-03	-1.018477e-02	9.489939e+00	3.511223e-01	3.534520e-01	1.293952e+01	-6.040354e+00	-6.445633e-03	1.392392e-02
0.212         	7.040678e-01	6.899047e+00	7.464745e-03	-1.259686e-03	-1.018192e-02	9.490497e+00	3.507742e-01	3.532936e-01	1.294002e+01	-6.040974e+00	-6.449552e-03	1.391430e-02
0.213         	7.035713e-01	6.898873e+00	7.459691e-03	-1.365413e-03	-1.020046e-02	9.490871e+00	3.504202e-01	3.531510e-01	1.294031e+01	-6.041434e+00	-6.470610e-03	1.393030e-02
0.214         	7.030884e-01	6.898630e+00	7.466688e-03	-1.484455e-03	-1.025017e-02	9.491007e+00	3.500597e-01	3.530286e-01	1.294032e+01	-6.041692e+00	-6.516822e-03	1.398351e-02
0.215         	7.026146e-01	6.898334e+00	7.484653e-03	-1.611828e-03	-1.032848e-02	9.490941e+00	3.496955e-01	3.529192e-01	1.294011e+01	-6.041774e+00	-6.586155e-03	1.407081e-02
0.216         	7.021411e-01	6.897990e+00	7.513428e-03	-1.742197e-03	-1.043327e-02	9.490674e+00	3.493284e-01	3.528128e-01	1.293967e+01	-6.041679e+00	-6.676558e-03	1.418999e-02
0.217         	7.016575e-01	6.897573e+00	7.553190e-03	-1.873448e-03	-1.056627e-02	9.490215e+00	3.489553e-01	3.527022e-01	1.293900e+01	-6.041428e+00	-6.789678e-03	1.434287e-02
0.218         	7.011579e-01	6.897077e+00	7.601542e-03	-2.005441e-03	-1.072453e-02	9.489573e+00	3.485735e-01	3.525844e-01	1.293811e+01	-6.041035e+00	-6.923761e-03	1.452530e-02
0.219         	7.006406e-01	6.896511e+00	7.652701e-03	-2.136105e-03	-1.089464e-02	9.488754e+00	3.481842e-01	3.524564e-01	1.293701e+01	-6.040498e+00	-7.068290e-03	1.472099e-02
0.22          	7.001068e-01	6.895880e+00	7.707949e-03	-2.263849e-03	-1.107950e-02	9.487768e+00	3.477896e-01	3.523173e-01	1.293571e+01	-6.039828e+00	-7.225522e-03	1.493347e-02
0.221         	6.995576e-01	6.895202e+00	7.761332e-03	-2.383038e-03	-1.126215e-02	9.486629e+00	3.473958e-01	3.521619e-01	1.293423e+01	-6.039028e+00	-7.381487e-03	1.514282e-02
0.222         	6.989955e-01	6.894483e+00	7.811071e-03	-2.492485e-03	-1.143924e-02	9.485343e+00	3.470053e-01	3.519902e-01	1.293258e+01	-6.038102e+00	-7.533702e-03	1.534477e-02
0.223         	6.984171e-01	6.893730e+00	7.857649e-03	-2.594422e-03	-1.160853e-02	9.483893e+00	3.466141e-01	3.518030e-01	1.293076e+01	-6.037028e+00	-7.679702e-03	1.553735e-02
0.224         	6.978229e-01	6.892959e+00	7.902950e-03	-2.694352e-03	-1.177479e-02	9.482287e+00	3.462171e-01	3.516058e-01	1.292877e+01	-6.035807e+00	-7.823317e-03	1.572627e-02
0.225         	6.972109e-01	6.892179e+00	7.947617e-03	-2.791338e-03	-1.193718e-02	9.480530e+00	3.458141e-01	3.513968e-01	1.292662e+01	-6.034441e+00	-7.963376e-03	1.591099e-02
0.226         	6.965829e-01	6.891393e+00	7.985871e-03	-2.879236e-03	-1.208361e-02	9.478647e+00	3.454122e-01	3.511707e-01	1.292434e+01	-6.032951e+00	-8.090674e-03	1.607654e-02
0.227         	6.959413e-01	6.890593e+00	8.014870e-03	-2.957690e-03	-1.220074e-02	9.476632e+00	3.450130e-01	3.509283e-01	1.292193e+01	-6.031336e+00	-8.193302e-03	1.620817e-02
0.228         	6.952917e-01	6.889780e+00	8.035278e-03	-3.030030e-03	-1.229122e-02	9.474501e+00	3.446158e-01	3.506759e-01	1.291939e+01	-6.029611e+00	-8.273585e-03	1.630886e-02
0.229         	6.946366e-01	6.888980e+00	8.044182e-03	-3.100230e-03	-1.235274e-02	9.472266e+00	3.442181e-01	3.504186e-01	1.291676e+01	-6.027775e+00	-8.330652e-03	1.637483e-02
0.23          	6.939757e-01	6.888194e+00	8.043617e-03	-3.174296e-03	-1.238962e-02	9.469948e+00	3.438136e-01	3.501621e-01	1.291405e+01	-6.025851e+00	-8.367808e-03	1.641142e-02
0.231         	6.933081e-01	6.887427e+00	8.030240e-03	-3.250766e-03	-1.239547e-02	9.467574e+00	3.434033e-01	3.499048e-01	1.291129e+01	-6.023861e+00	-8.380352e-03	1.641059e-02
0.232         	6.926338e-01	6.886675e+00	7.996269e-03	-3.322658e-03	-1.235509e-02	9.465203e+00	3.429942e-01	3.496395e-01	1.290854e+01	-6.021866e+00	-8.356956e-03	1.635322e-02
0.233         	6.919585e-01	6.885961e+00	7.945880e-03	-3.378618e-03	-1.227248e-02	9.462889e+00	3.426006e-01	3.493579e-01	1.290587e+01	-6.019909e+00	-8.299544e-03	1.624542e-02
0.234         	6.912834e-01	6.885280e+00	7.886850e-03	-3.423482e-03	-1.216565e-02	9.460604e+00	3.422182e-01	3.490652e-01	1.290324e+01	-6.017964e+00	-8.222228e-03	1.610908e-02
0.235         	6.906059e-01	6.884650e+00	7.827140e-03	-3.467491e-03	-1.205166e-02	9.458331e+00	3.418355e-01	3.487704e-01	1.290066e+01	-6.016006e+00	-8.138085e-03	1.596523e-02
0.236         	6.899177e-01	6.884087e+00	7.768959e-03	-3.515259e-03	-1.194234e-02	9.456040e+00	3.414436e-01	3.484741e-01	1.289808e+01	-6.013996e+00	-8.057861e-03	1.582682e-02
0.237         	6.892137e-01	6.883640e+00	7.719585e-03	-3.573247e-03	-1.185636e-02	9.453792e+00	3.410336e-01	3.481801e-01	1.289561e+01	-6.011972e+00	-7.996572e-03	1.571616e-02
0.238         	6.884933e-01	6.883340e+00	7.682552e-03	-3.641968e-03	-1.180698e-02	9.451651e+00	3.406047e-01	3.478886e-01	1.289332e+01	-6.009980e+00	-7.965706e-03	1.564826e-02
0.239         	6.877562e-01	6.883183e+00	7.655121e-03	-3.715943e-03	-1.179370e-02	9.449661e+00	3.401622e-01	3.475941e-01	1.289125e+01	-6.008070e+00	-7.966141e-03	1.562126e-02
0.24          	6.870023e-01	6.883145e+00	7.637815e-03	-3.798069e-03	-1.181810e-02	9.447773e+00	3.397031e-01	3.472992e-01	1.288935e+01	-6.006201e+00	-7.999196e-03	1.563701e-02
0.241         	6.862326e-01	6.883189e+00	7.633153e-03	-3.884074e-03	-1.188215e-02	9.445916e+00	3.392322e-01	3.470004e-01	1.288751e+01	-6.004321e+00	-8.065575e-03	1.569873e-02
0.242         	6.854566e-01	6.883312e+00	7.644600e-03	-3.968135e-03	-1.199316e-02	9.444088e+00	3.387602e-01	3.466964e-01	1.288574e+01	-6.002432e+00	-8.170856e-03	1.581546e-02
0.243         	6.846719e-01	6.883527e+00	7.674729e-03	-4.049144e-03	-1.215913e-02	9.442310e+00	3.382868e-01	3.463851e-01	1.288407e+01	-6.000547e+00	-8.321769e-03	1.599650e-02
0.244         	6.838672e-01	6.883835e+00	7.725488e-03	-4.130398e-03	-1.238699e-02	9.440617e+00	3.378032e-01	3.460640e-01	1.288253e+01	-5.998700e+00	-8.524244e-03	1.624973e-02
0.245         	6.830516e-01	6.884227e+00	7.801028e-03	-4.214965e-03	-1.268113e-02	9.439007e+00	3.373108e-01	3.457408e-01	1.288112e+01	-5.996893e+00	-8.780614e-03	1.658164e-02
0.246         	6.822284e-01	6.884678e+00	7.900654e-03	-4.304910e-03	-1.304150e-02	9.437474e+00	3.368093e-01	3.454191e-01	1.287981e+01	-5.995135e+00	-9.091173e-03	1.699183e-02
0.247         	6.814003e-01	6.885171e+00	8.016540e-03	-4.399726e-03	-1.345614e-02	9.436005e+00	3.363004e-01	3.450999e-01	1.287859e+01	-5.993419e+00	-9.447873e-03	1.746441e-02
0.248         	6.805686e-01	6.885696e+00	8.138442e-03	-4.495294e-03	-1.390023e-02	9.434612e+00	3.357890e-01	3.447796e-01	1.287746e+01	-5.991764e+00	-9.831007e-03	1.796945e-02
0.249         	6.797369e-01	6.886234e+00	8.265492e-03	-4.590145e-03	-1.435391e-02	9.433252e+00	3.352783e-01	3.444586e-01	1.287637e+01	-5.990135e+00	-1.022116e-02	1.848666e-02
0.25          	6.789086e-01	6.886752e+00	8.397645e-03	-4.685459e-03	-1.480833e-02	9.431849e+00	3.347689e-01	3.441398e-01	1.287522e+01	-5.988473e+00	-1.060951e-02	1.900715e-02
0.251         	6.780759e-01	6.887234e+00	8.530816e-03	-4.777947e-03	-1.525749e-02	9.430401e+00	3.342600e-01	3.438159e-01	1.287402e+01	-5.986784e+00	-1.099208e-02	1.952290e-02
0.252         	6.772320e-01	6.887712e+00	8.663715e-03	-4.867298e-03	-1.570823e-02	9.428975e+00	3.337487e-01	3.434833e-01	1.287283e+01	-5.985119e+00	-1.137637e-02	2.004009e-02
0.253         	6.763816e-01	6.888211e+00	8.794461e-03	-4.952703e-03	-1.616160e-02	9.427596e+00	3.332381e-01	3.431435e-01	1.287170e+01	-5.983490e+00	-1.176437e-02	2.055883e-02
0.254         	6.755337e-01	6.888712e+00	8.927906e-03	-5.039261e-03	-1.663414e-02	9.426194e+00	3.327276e-01	3.428061e-01	1.287055e+01	-5.981838e+00	-1.217018e-02	2.109809e-02
0.255         	6.746936e-01	6.889171e+00	9.067496e-03	-5.130320e-03	-1.713009e-02	9.424726e+00	3.322165e-01	3.424771e-01	1.286931e+01	-5.980141e+00	-1.259634e-02	2.166383e-02
0.256         	6.738562e-01	6.889572e+00	9.212780e-03	-5.222816e-03	-1.764505e-02	9.423241e+00	3.317053e-01	3.421509e-01	1.286803e+01	-5.978455e+00	-1.303866e-02	2.225144e-02
0.257         	6.730138e-01	6.889903e+00	9.365341e-03	-5.321758e-03	-1.817714e-02	9.421759e+00	3.311851e-01	3.418286e-01	1.286671e+01	-5.976807e+00	-1.349447e-02	2.285981e-02
0.258         	6.721657e-01	6.890168e+00	9.522727e-03	-5.427016e-03	-1.871651e-02	9.420248e+00	3.306558e-01	3.415099e-01	1.286533e+01	-5.975164e+00	-1.395514e-02	2.347787e-02
0.259         	6.713158e-01	6.890392e+00	9.680704e-03	-5.538234e-03	-1.925425e-02	9.418694e+00	3.301196e-01	3.411961e-01	1.286389e+01	-5.973498e+00	-1.441390e-02	2.409460e-02
0.26          	6.704564e-01	6.890629e+00	9.836177e-03	-5.650896e-03	-1.978644e-02	9.417198e+00	3.295773e-01	3.408791e-01	1.286251e+01	-5.971883e+00	-1.486835e-02	2.470453e-02
0.261         	6.695831e-01	6.890911e+00	9.985431e-03	-5.761684e-03	-2.030954e-02	9.415847e+00	3.290299e-01	3.405533e-01	1.286130e+01	-5.970392e+00	-1.531683e-02	2.530226e-02
0.262         	6.687099e-01	6.891213e+00	1.012727e-02	-5.860415e-03	-2.082204e-02	9.414591e+00	3.284945e-01	3.402154e-01	1.286020e+01	-5.968984e+00	-1.575840e-02	2.588567e-02
0.263         	6.678443e-01	6.891503e+00	1.026196e-02	-5.947613e-03	-2.131658e-02	9.413365e+00	3.279745e-01	3.398698e-01	1.285912e+01	-5.967613e+00	-1.618560e-02	2.644756e-02
0.264         	6.669780e-01	6.891803e+00	1.038803e-02	-6.027213e-03	-2.178074e-02	9.412232e+00	3.274618e-01	3.395162e-01	1.285813e+01	-5.966331e+00	-1.658672e-02	2.697476e-02
0.265         	6.661147e-01	6.892100e+00	1.050429e-02	-6.100234e-03	-2.220877e-02	9.411150e+00	3.269571e-01	3.391576e-01	1.285720e+01	-5.965100e+00	-1.695663e-02	2.746092e-02
0.266         	6.652585e-01	6.892383e+00	1.060849e-02	-6.167995e-03	-2.259814e-02	9.410094e+00	3.264613e-01	3.387972e-01	1.285629e+01	-5.963902e+00	-1.729390e-02	2.790239e-02
0.267         	6.644118e-01	6.892659e+00	1.070245e-02	-6.231306e-03	-2.295527e-02	9.409076e+00	3.259746e-01	3.384372e-01	1.285541e+01	-5.962746e+00	-1.760404e-02	2.830649e-02
0.268         	6.635719e-01	6.892948e+00	1.078738e-02	-6.296268e-03	-2.327916e-02	9.408118e+00	3.254897e-01	3.380822e-01	1.285459e+01	-5.961644e+00	-1.788546e-02	2.867285e-02
0.269         	6.627479e-01	6.893222e+00	1.086635e-02	-6.360505e-03	-2.357625e-02	9.407150e+00	3.250134e-01	3.377344e-01	1.285376e+01	-5.960539e+00	-1.814308e-02	2.900943e-02
0.27          	6.619415e-01	6.893501e+00	1.093524e-02	-6.418999e-03	-2.383640e-02	9.406252e+00	3.245518e-01	3.373898e-01	1.285300e+01	-5.959502e+00	-1.836878e-02	2.930402e-02
0.271         	6.611546e-01	6.893791e+00	1.098788e-02	-6.471991e-03	-2.404394e-02	9.405447e+00	3.241053e-01	3.370493e-01	1.285234e+01	-5.958551e+00	-1.855001e-02	2.953788e-02
0.272         	6.603868e-01	6.894069e+00	1.102658e-02	-6.521188e-03	-2.419720e-02	9.404677e+00	3.236722e-01	3.367146e-01	1.285171e+01	-5.957642e+00	-1.868391e-02	2.971049e-02
0.273         	6.596330e-01	6.894328e+00	1.105065e-02	-6.573179e-03	-2.428827e-02	9.403961e+00	3.232433e-01	3.363897e-01	1.285113e+01	-5.956797e+00	-1.876295e-02	2.981359e-02
0.274         	6.588904e-01	6.894565e+00	1.106440e-02	-6.627871e-03	-2.432578e-02	9.403307e+00	3.228173e-01	3.360731e-01	1.285059e+01	-5.956025e+00	-1.879358e-02	2.985798e-02
0.275         	6.581542e-01	6.894789e+00	1.106442e-02	-6.680595e-03	-2.431091e-02	9.402705e+00	3.223965e-01	3.357577e-01	1.285010e+01	-5.955310e+00	-1.877870e-02	2.984312e-02
0.276         	6.574320e-01	6.895004e+00	1.105037e-02	-6.725344e-03	-2.424798e-02	9.402159e+00	3.219906e-01	3.354413e-01	1.284966e+01	-5.954657e+00	-1.872280e-02	2.977317e-02
0.277         	6.567334e-01	6.895212e+00	1.101993e-02	-6.757883e-03	-2.412683e-02	9.401678e+00	3.216088e-01	3.351246e-01	1.284928e+01	-5.954072e+00	-1.861687e-02	2.963679e-02
0.278         	6.560636e-01	6.895406e+00	1.096725e-02	-6.778647e-03	-2.393805e-02	9.401261e+00	3.212531e-01	3.348104e-01	1.284896e+01	-5.953557e+00	-1.845442e-02	2.942167e-02
0.279         	6.554148e-01	6.895583e+00	1.089591e-02	-6.790657e-03	-2.369003e-02	9.400905e+00	3.209167e-01	3.344980e-01	1.284870e+01	-5.953114e+00	-1.824207e-02	2.913798e-02
0.28          	6.547727e-01	6.895748e+00	1.081137e-02	-6.795831e-03	-2.339964e-02	9.400606e+00	3.205905e-01	3.341822e-01	1.284848e+01	-5.952731e+00	-1.799395e-02	2.880532e-02
0.281         	6.541322e-01	6.895908e+00	1.072116e-02	-6.794415e-03	-2.308403e-02	9.400364e+00	3.202717e-01	3.338605e-01	1.284832e+01	-5.952410e+00	-1.772345e-02	2.844461e-02
0.282         	6.534957e-01	6.896056e+00	1.062484e-02	-6.788515e-03	-2.274359e-02	9.400148e+00	3.199593e-01	3.335363e-01	1.284818e+01	-5.952120e+00	-1.743117e-02	2.805601e-02
0.283         	6.528691e-01	6.896170e+00	1.051755e-02	-6.771880e-03	-2.237255e-02	9.399917e+00	3.196627e-01	3.332064e-01	1.284800e+01	-5.951832e+00	-1.711377e-02	2.763133e-02
0.284         	6.522533e-01	6.896240e+00	1.039628e-02	-6.740076e-03	-2.196306e-02	9.399669e+00	3.193866e-01	3.328667e-01	1.284779e+01	-5.951549e+00	-1.676492e-02	2.716121e-02
0.285         	6.516445e-01	6.896283e+00	1.026042e-02	-6.695487e-03	-2.151046e-02	9.399440e+00	3.191268e-01	3.325177e-01	1.284758e+01	-5.951299e+00	-1.638025e-02	2.664067e-02
0.286         	6.510432e-01	6.896307e+00	1.010762e-02	-6.638962e-03	-2.100970e-02	9.399229e+00	3.188827e-01	3.321606e-01	1.284738e+01	-5.951076e+00	-1.595589e-02	2.606351e-02
0.287         	6.504483e-01	6.896307e+00	9.942434e-03	-6.568572e-03	-2.047682e-02	9.399003e+00	3.186556e-01	3.317927e-01	1.284716e+01	-5.950849e+00	-1.550560e-02	2.544803e-02
0.288         	6.498584e-01	6.896285e+00	9.768323e-03	-6.479503e-03	-1.992031e-02	9.398772e+00	3.184497e-01	3.314087e-01	1.284691e+01	-5.950629e+00	-1.503615e-02	2.480447e-02
0.289         	6.492746e-01	6.896233e+00	9.586712e-03	-6.376303e-03	-1.933684e-02	9.398521e+00	3.182610e-01	3.310136e-01	1.284664e+01	-5.950405e+00	-1.454349e-02	2.413020e-02
0.29          	6.486964e-01	6.896155e+00	9.393578e-03	-6.261160e-03	-1.872318e-02	9.398258e+00	3.180870e-01	3.306093e-01	1.284634e+01	-5.950181e+00	-1.402639e-02	2.341996e-02
0.291         	6.481215e-01	6.896058e+00	9.186693e-03	-6.134578e-03	-1.808092e-02	9.397992e+00	3.179262e-01	3.301953e-01	1.284602e+01	-5.949963e+00	-1.348758e-02	2.267427e-02
0.292         	6.475465e-01	6.895940e+00	8.968522e-03	-5.997488e-03	-1.742145e-02	9.397705e+00	3.177758e-01	3.297707e-01	1.284568e+01	-5.949735e+00	-1.293719e-02	2.190571e-02
0.293         	6.469708e-01	6.895802e+00	8.745997e-03	-5.853561e-03	-1.676733e-02	9.397385e+00	3.176318e-01	3.293389e-01	1.284529e+01	-5.949485e+00	-1.239434e-02	2.114033e-02
0.294         	6.463993e-01	6.895626e+00	8.520343e-03	-5.700113e-03	-1.612599e-02	9.397014e+00	3.174995e-01	3.288998e-01	1.284483e+01	-5.949201e+00	-1.186582e-02	2.038616e-02
0.295         	6.458351e-01	6.895408e+00	8.289098e-03	-5.532640e-03	-1.549045e-02	9.396605e+00	3.173849e-01	3.284502e-01	1.284431e+01	-5.948901e+00	-1.134590e-02	1.963500e-02
0.296         	6.452791e-01	6.895144e+00	8.055784e-03	-5.354964e-03	-1.486284e-02	9.396144e+00	3.172846e-01	3.279945e-01	1.284372e+01	-5.948572e+00	-1.083495e-02	1.889073e-02
0.297         	6.447238e-01	6.894838e+00	7.830440e-03	-5.176459e-03	-1.426093e-02	9.395616e+00	3.171855e-01	3.275384e-01	1.284303e+01	-5.948197e+00	-1.034571e-02	1.817615e-02
0.298         	6.441631e-01	6.894492e+00	7.617831e-03	-5.002654e-03	-1.369521e-02	9.395034e+00	3.170789e-01	3.270842e-01	1.284228e+01	-5.947788e+00	-9.886298e-03	1.750413e-02
0.299         	6.436007e-01	6.894123e+00	7.418567e-03	-4.835213e-03	-1.317177e-02	9.394433e+00	3.169652e-01	3.266356e-01	1.284149e+01	-5.947371e+00	-9.462488e-03	1.688106e-02
0.3           	6.430454e-01	6.893760e+00	7.231914e-03	-4.672725e-03	-1.268648e-02	9.393873e+00	3.168500e-01	3.261954e-01	1.284075e+01	-5.946993e+00	-9.070525e-03	1.630244e-02
0.301         	6.424977e-01	6.893426e+00	7.053619e-03	-4.514700e-03	-1.223228e-02	9.393396e+00	3.167341e-01	3.257635e-01	1.284011e+01	-5.946683e+00	-8.705471e-03	1.575909e-02
0.302         	6.419543e-01	6.893135e+00	6.884089e-03	-4.357412e-03	-1.181756e-02	9.393028e+00	3.166197e-01	3.253346e-01	1.283960e+01	-5.946460e+00	-8.375512e-03	1.525960e-02
0.303         	6.414164e-01	6.892874e+00	6.727031e-03	-4.204215e-03	-1.144446e-02	9.392754e+00	3.165040e-01	3.249124e-01	1.283919e+01	-5.946317e+00	-8.080941e-03	1.480797e-02
0.304         	6.408818e-01	6.892633e+00	6.584995e-03	-4.060902e-03	-1.111336e-02	9.392548e+00	3.163800e-01	3.245018e-01	1.283886e+01	-5.946231e+00	-7.820865e-03	1.440586e-02
0.305         	6.403496e-01	6.892399e+00	6.460695e-03	-3.928629e-03	-1.083135e-02	9.392357e+00	3.162462e-01	3.241034e-01	1.283856e+01	-5.946158e+00	-7.601006e-03	1.406170e-02
0.306         	6.398238e-01	6.892166e+00	6.358834e-03	-3.809892e-03	-1.061018e-02	9.392176e+00	3.161020e-01	3.237218e-01	1.283826e+01	-5.946093e+00	-7.430762e-03	1.378960e-02
0.307         	6.393089e-01	6.891937e+00	6.282768e-03	-3.706097e-03	-1.044909e-02	9.392004e+00	3.159484e-01	3.233606e-01	1.283797e+01	-5.946035e+00	-7.307707e-03	1.359047e-02
0.308         	6.387948e-01	6.891722e+00	6.225106e-03	-3.611279e-03	-1.033999e-02	9.391877e+00	3.157861e-01	3.230087e-01	1.283774e+01	-5.946017e+00	-7.227434e-03	1.345254e-02
0.309         	6.382770e-01	6.891542e+00	6.185896e-03	-3.525616e-03	-1.028409e-02	9.391832e+00	3.156129e-01	3.226641e-01	1.283760e+01	-5.946061e+00	-7.191141e-03	1.337704e-02
0.31          	6.377573e-01	6.891396e+00	6.167951e-03	-3.453519e-03	-1.028612e-02	9.391852e+00	3.154251e-01	3.223321e-01	1.283755e+01	-5.946154e+00	-7.202144e-03	1.337010e-02
0.311         	6.372301e-01	6.891286e+00	6.171336e-03	-3.392507e-03	-1.034892e-02	9.391911e+00	3.152225e-01	3.220076e-01	1.283755e+01	-5.946268e+00	-7.263247e-03	1.343458e-02
0.312         	6.366960e-01	6.891197e+00	6.199958e-03	-3.343295e-03	-1.047869e-02	9.391980e+00	3.150047e-01	3.216913e-01	1.283758e+01	-5.946381e+00	-7.378715e-03	1.357867e-02
0.313         	6.361594e-01	6.891114e+00	6.254681e-03	-3.305425e-03	-1.067417e-02	9.392018e+00	3.147743e-01	3.213851e-01	1.283758e+01	-5.946461e+00	-7.546829e-03	1.380151e-02
0.314         	6.356145e-01	6.891027e+00	6.336510e-03	-3.279324e-03	-1.094351e-02	9.392014e+00	3.145279e-01	3.210866e-01	1.283753e+01	-5.946501e+00	-7.775254e-03	1.411176e-02
0.315         	6.350604e-01	6.890925e+00	6.445458e-03	-3.268618e-03	-1.128171e-02	9.391974e+00	3.142616e-01	3.207988e-01	1.283744e+01	-5.946511e+00	-8.058982e-03	1.450444e-02
0.316         	6.345042e-01	6.890806e+00	6.577967e-03	-3.270267e-03	-1.168207e-02	9.391913e+00	3.139818e-01	3.205223e-01	1.283732e+01	-5.946510e+00	-8.393083e-03	1.497105e-02
0.317         	6.339520e-01	6.890646e+00	6.735696e-03	-3.283471e-03	-1.214732e-02	9.391810e+00	3.136925e-01	3.202595e-01	1.283713e+01	-5.946486e+00	-8.779468e-03	1.551516e-02
0.318         	6.334047e-01	6.890463e+00	6.919860e-03	-3.310057e-03	-1.267303e-02	9.391660e+00	3.133923e-01	3.200124e-01	1.283689e+01	-5.946429e+00	-9.213101e-03	1.613296e-02
0.319         	6.328629e-01	6.890275e+00	7.129537e-03	-3.352400e-03	-1.325763e-02	9.391444e+00	3.130791e-01	3.197839e-01	1.283658e+01	-5.946307e+00	-9.692867e-03	1.682240e-02
0.32          	6.323258e-01	6.890089e+00	7.364413e-03	-3.409301e-03	-1.390626e-02	9.391178e+00	3.127536e-01	3.195722e-01	1.283622e+01	-5.946133e+00	-1.022405e-02	1.758846e-02
0.321         	6.317934e-01	6.889879e+00	7.619630e-03	-3.478105e-03	-1.460917e-02	9.390865e+00	3.124186e-01	3.193748e-01	1.283580e+01	-5.945925e+00	-1.079935e-02	1.841898e-02
0.322         	6.312681e-01	6.889636e+00	7.890558e-03	-3.555490e-03	-1.535350e-02	9.390511e+00	3.120786e-01	3.191895e-01	1.283533e+01	-5.945693e+00	-1.140822e-02	1.929878e-02
0.323         	6.307564e-01	6.889336e+00	8.171789e-03	-3.636735e-03	-1.613008e-02	9.390108e+00	3.117415e-01	3.190149e-01	1.283478e+01	-5.945440e+00	-1.204419e-02	2.021598e-02
0.324         	6.302632e-01	6.888965e+00	8.460949e-03	-3.721861e-03	-1.692627e-02	9.389639e+00	3.114097e-01	3.188534e-01	1.283412e+01	-5.945156e+00	-1.269580e-02	2.115675e-02
0.325         	6.297882e-01	6.888532e+00	8.759971e-03	-3.813175e-03	-1.773719e-02	9.389077e+00	3.110809e-01	3.187073e-01	1.283334e+01	-5.944811e+00	-1.335721e-02	2.211718e-02
0.326         	6.293329e-01	6.888063e+00	9.067115e-03	-3.902937e-03	-1.856395e-02	9.388409e+00	3.107635e-01	3.185694e-01	1.283244e+01	-5.944377e+00	-1.403039e-02	2.309751e-02
0.327         	6.288999e-01	6.887576e+00	9.381757e-03	-3.994301e-03	-1.940331e-02	9.387657e+00	3.104556e-01	3.184442e-01	1.283144e+01	-5.943869e+00	-1.471243e-02	2.409419e-02
0.328         	6.284879e-01	6.887097e+00	9.700557e-03	-4.089284e-03	-2.025287e-02	9.386888e+00	3.101547e-01	3.183333e-01	1.283044e+01	-5.943340e+00	-1.540259e-02	2.510315e-02
0.329         	6.280955e-01	6.886632e+00	1.001788e-02	-4.186104e-03	-2.109009e-02	9.386150e+00	3.098617e-01	3.182339e-01	1.282947e+01	-5.942834e+00	-1.608115e-02	2.609903e-02
0.33          	6.277201e-01	6.886152e+00	1.032760e-02	-4.281754e-03	-2.189951e-02	9.385429e+00	3.095783e-01	3.181418e-01	1.282851e+01	-5.942354e+00	-1.673571e-02	2.706331e-02
0.331         	6.273609e-01	6.885637e+00	1.062531e-02	-4.372763e-03	-2.267457e-02	9.384691e+00	3.093077e-01	3.180532e-01	1.282751e+01	-5.941873e+00	-1.736191e-02	2.798722e-02
0.332         	6.270176e-01	6.885104e+00	1.091219e-02	-4.459842e-03	-2.341823e-02	9.383954e+00	3.090489e-01	3.179686e-01	1.282651e+01	-5.941402e+00	-1.796214e-02	2.887433e-02
0.333         	6.266932e-01	6.884571e+00	1.119479e-02	-4.548068e-03	-2.414184e-02	9.383243e+00	3.087985e-01	3.178947e-01	1.282553e+01	-5.940958e+00	-1.854444e-02	2.973923e-02
0.334         	6.263867e-01	6.884034e+00	1.147370e-02	-4.635036e-03	-2.485145e-02	9.382529e+00	3.085583e-01	3.178284e-01	1.282455e+01	-5.940512e+00	-1.911460e-02	3.058831e-02
0.335         	6.260943e-01	6.883496e+00	1.175298e-02	-4.721946e-03	-2.555570e-02	9.381792e+00	3.083252e-01	3.177691e-01	1.282354e+01	-5.940044e+00	-1.967921e-02	3.143219e-02
0.336         	6.258105e-01	6.882946e+00	1.203257e-02	-4.805093e-03	-2.626062e-02	9.381041e+00	3.081002e-01	3.177103e-01	1.282251e+01	-5.939568e+00	-2.024433e-02	3.227690e-02
0.337         	6.255362e-01	6.882374e+00	1.230841e-02	-4.882220e-03	-2.695429e-02	9.380280e+00	3.078859e-01	3.176503e-01	1.282147e+01	-5.939093e+00	-2.080008e-02	3.310849e-02
0.338         	6.252759e-01	6.881772e+00	1.257306e-02	-4.955126e-03	-2.761455e-02	9.379516e+00	3.076828e-01	3.175931e-01	1.282040e+01	-5.938630e+00	-2.132802e-02	3.390108e-02
0.339         	6.250357e-01	6.881147e+00	1.282537e-02	-5.025104e-03	-2.823897e-02	9.378747e+00	3.074928e-01	3.175430e-01	1.281932e+01	-5.938173e+00	-2.182629e-02	3.465166e-02
0.34          	6.248128e-01	6.880514e+00	1.307083e-02	-5.092158e-03	-2.883837e-02	9.377964e+00	3.073142e-01	3.174985e-01	1.281822e+01	-5.937707e+00	-2.230295e-02	3.537378e-02
0.341         	6.246014e-01	6.879858e+00	1.331112e-02	-5.157929e-03	-2.942631e-02	9.377144e+00	3.071428e-01	3.174587e-01	1.281707e+01	-5.937215e+00	-2.277074e-02	3.608187e-02
0.342         	6.244004e-01	6.879182e+00	1.354716e-02	-5.223347e-03	-2.999854e-02	9.376265e+00	3.069769e-01	3.174236e-01	1.281586e+01	-5.936674e+00	-2.322496e-02	3.677212e-02
0.343         	6.242135e-01	6.878478e+00	1.377093e-02	-5.277712e-03	-3.054235e-02	9.375317e+00	3.068290e-01	3.173844e-01	1.281456e+01	-5.936079e+00	-2.365688e-02	3.742781e-02
0.344         	6.240468e-01	6.877752e+00	1.397838e-02	-5.323336e-03	-3.104488e-02	9.374338e+00	3.067001e-01	3.173468e-01	1.281321e+01	-5.935462e+00	-2.405569e-02	3.803407e-02
0.345         	6.239011e-01	6.877036e+00	1.416957e-02	-5.361427e-03	-3.151028e-02	9.373363e+00	3.065891e-01	3.173120e-01	1.281188e+01	-5.934845e+00	-2.442549e-02	3.859507e-02
0.346         	6.237762e-01	6.876323e+00	1.434753e-02	-5.396101e-03	-3.193647e-02	9.372395e+00	3.064920e-01	3.172842e-01	1.281056e+01	-5.934233e+00	-2.476270e-02	3.911024e-02
0.347         	6.236742e-01	6.875599e+00	1.451068e-02	-5.425600e-03	-3.232226e-02	9.371437e+00	3.064115e-01	3.172627e-01	1.280924e+01	-5.933637e+00	-2.506692e-02	3.957760e-02
0.348         	6.235914e-01	6.874878e+00	1.465715e-02	-5.449810e-03	-3.266557e-02	9.370506e+00	3.063459e-01	3.172455e-01	1.280794e+01	-5.933067e+00	-2.533699e-02	3.999414e-02
0.349         	6.235207e-01	6.874175e+00	1.478475e-02	-5.467625e-03	-3.296302e-02	9.369598e+00	3.062927e-01	3.172280e-01	1.280668e+01	-5.932510e+00	-2.557064e-02	4.035539e-02
0.35          	6.234574e-01	6.873475e+00	1.489583e-02	-5.483601e-03	-3.321857e-02	9.368693e+00	3.062451e-01	3.172123e-01	1.280543e+01	-5.931956e+00	-2.577065e-02	4.066648e-02
0.351         	6.234028e-01	6.872798e+00	1.499288e-02	-5.501122e-03	-3.343715e-02	9.367810e+00	3.062003e-01	3.172025e-01	1.280421e+01	-5.931411e+00	-2.594071e-02	4.093359e-02
0.352         	6.233660e-01	6.872141e+00	1.507306e-02	-5.514286e-03	-3.360746e-02	9.366951e+00	3.061687e-01	3.171973e-01	1.280302e+01	-5.930881e+00	-2.607093e-02	4.114399e-02
0.353         	6.233485e-01	6.871490e+00	1.513181e-02	-5.527054e-03	-3.371744e-02	9.366109e+00	3.061472e-01	3.172013e-01	1.280185e+01	-5.930364e+00	-2.615153e-02	4.128334e-02
0.354         	6.233464e-01	6.870860e+00	1.516762e-02	-5.544478e-03	-3.376683e-02	9.365310e+00	3.061287e-01	3.172177e-01	1.280074e+01	-5.929880e+00	-2.618303e-02	4.135064e-02
0.355         	6.233545e-01	6.870231e+00	1.518708e-02	-5.567303e-03	-3.377306e-02	9.364526e+00	3.061099e-01	3.172445e-01	1.279964e+01	-5.929410e+00	-2.617952e-02	4.136660e-02
0.356         	6.233700e-01	6.869587e+00	1.519270e-02	-5.591614e-03	-3.374062e-02	9.363737e+00	3.060934e-01	3.172766e-01	1.279853e+01	-5.928944e+00	-2.614427e-02	4.133696e-02
0.357         	6.233938e-01	6.868940e+00	1.518445e-02	-5.613695e-03	-3.366297e-02	9.362966e+00	3.060832e-01	3.173106e-01	1.279744e+01	-5.928496e+00	-2.607074e-02	4.125519e-02
0.358         	6.234225e-01	6.868279e+00	1.515579e-02	-5.629449e-03	-3.352632e-02	9.362199e+00	3.060818e-01	3.173407e-01	1.279634e+01	-5.928060e+00	-2.594843e-02	4.110422e-02
0.359         	6.234493e-01	6.867595e+00	1.510467e-02	-5.640857e-03	-3.332655e-02	9.361405e+00	3.060838e-01	3.173655e-01	1.279520e+01	-5.927608e+00	-2.577421e-02	4.087888e-02
0.36          	6.234652e-01	6.866895e+00	1.503158e-02	-5.648554e-03	-3.306803e-02	9.360571e+00	3.060841e-01	3.173812e-01	1.279402e+01	-5.927123e+00	-2.555224e-02	4.058382e-02
0.361         	6.234691e-01	6.866190e+00	1.494592e-02	-5.657056e-03	-3.277649e-02	9.359707e+00	3.060775e-01	3.173916e-01	1.279280e+01	-5.926612e+00	-2.530353e-02	4.024945e-02
0.362         	6.234606e-01	6.865490e+00	1.485269e-02	-5.669507e-03	-3.246573e-02	9.358858e+00	3.060608e-01	3.173998e-01	1.279160e+01	-5.926113e+00	-2.503938e-02	3.989207e-02
0.363         	6.234477e-01	6.864805e+00	1.474689e-02	-5.682693e-03	-3.212084e-02	9.358053e+00	3.060412e-01	3.174066e-01	1.279045e+01	-5.925650e+00	-2.474740e-02	3.949429e-02
0.364         	6.234352e-01	6.864119e+00	1.462663e-02	-5.690988e-03	-3.173456e-02	9.357282e+00	3.060266e-01	3.174086e-01	1.278934e+01	-5.925222e+00	-2.442125e-02	3.904788e-02
0.365         	6.234255e-01	6.863415e+00	1.448400e-02	-5.687947e-03	-3.128577e-02	9.356505e+00	3.060248e-01	3.174007e-01	1.278821e+01	-5.924797e+00	-2.404377e-02	3.852777e-02
0.366         	6.234151e-01	6.862692e+00	1.431633e-02	-5.669617e-03	-3.076842e-02	9.355684e+00	3.060379e-01	3.173771e-01	1.278703e+01	-5.924338e+00	-2.361026e-02	3.792659e-02
0.367         	6.233974e-01	6.861941e+00	1.412934e-02	-5.641479e-03	-3.019900e-02	9.354788e+00	3.060572e-01	3.173402e-01	1.278576e+01	-5.923818e+00	-2.313433e-02	3.726367e-02
0.368         	6.233704e-01	6.861164e+00	1.392899e-02	-5.608838e-03	-2.959518e-02	9.353830e+00	3.060764e-01	3.172940e-01	1.278441e+01	-5.923248e+00	-2.263068e-02	3.655968e-02
0.369         	6.233391e-01	6.860394e+00	1.371743e-02	-5.571125e-03	-2.895535e-02	9.352879e+00	3.060984e-01	3.172407e-01	1.278308e+01	-5.922682e+00	-2.209664e-02	3.581407e-02
0.37          	6.233053e-01	6.859622e+00	1.349363e-02	-5.524463e-03	-2.827299e-02	9.351930e+00	3.061282e-01	3.171771e-01	1.278174e+01	-5.922119e+00	-2.152618e-02	3.501981e-02
0.371         	6.232722e-01	6.858838e+00	1.324664e-02	-5.465338e-03	-2.753145e-02	9.350959e+00	3.061708e-01	3.171014e-01	1.278038e+01	-5.921539e+00	-2.090813e-02	3.415477e-02
0.372         	6.232428e-01	6.858041e+00	1.297809e-02	-5.390292e-03	-2.673393e-02	9.349936e+00	3.062311e-01	3.170117e-01	1.277896e+01	-5.920916e+00	-2.024489e-02	3.322298e-02
0.373         	6.232091e-01	6.857210e+00	1.269229e-02	-5.305631e-03	-2.589144e-02	9.348835e+00	3.062989e-01	3.169102e-01	1.277744e+01	-5.920230e+00	-1.954530e-02	3.223759e-02
0.374         	6.231658e-01	6.856377e+00	1.239361e-02	-5.216504e-03	-2.501285e-02	9.347705e+00	3.063664e-01	3.167994e-01	1.277589e+01	-5.919516e+00	-1.881604e-02	3.120966e-02
0.375         	6.231134e-01	6.855557e+00	1.209083e-02	-5.120529e-03	-2.411678e-02	9.346578e+00	3.064362e-01	3.166772e-01	1.277436e+01	-5.918799e+00	-1.807137e-02	3.016220e-02
0.376         	6.230516e-01	6.854758e+00	1.178624e-02	-5.024489e-03	-2.321567e-02	9.345466e+00	3.065013e-01	3.165503e-01	1.277284e+01	-5.918087e+00	-1.732254e-02	2.910879e-02
0.377         	6.229779e-01	6.854002e+00	1.147900e-02	-4.930621e-03	-2.230687e-02	9.344376e+00	3.065583e-01	3.164196e-01	1.277138e+01	-5.917375e+00	-1.656737e-02	2.804637e-02
0.378         	6.228933e-01	6.853288e+00	1.117262e-02	-4.835667e-03	-2.139519e-02	9.343298e+00	3.066110e-01	3.162823e-01	1.276994e+01	-5.916654e+00	-1.580889e-02	2.698150e-02
0.379         	6.227964e-01	6.852611e+00	1.086520e-02	-4.739631e-03	-2.047979e-02	9.342233e+00	3.066586e-01	3.161378e-01	1.276854e+01	-5.915928e+00	-1.504719e-02	2.591240e-02
0.38          	6.226860e-01	6.851992e+00	1.055686e-02	-4.641178e-03	-1.956570e-02	9.341209e+00	3.067018e-01	3.159842e-01	1.276721e+01	-5.915213e+00	-1.428727e-02	2.484413e-02
0.381         	6.225610e-01	6.851398e+00	1.024972e-02	-4.542019e-03	-1.866169e-02	9.340190e+00	3.067385e-01	3.158225e-01	1.276589e+01	-5.914490e+00	-1.353683e-02	2.378655e-02
0.382         	6.224195e-01	6.850817e+00	9.948400e-03	-4.448598e-03	-1.778100e-02	9.339169e+00	3.067612e-01	3.156584e-01	1.276458e+01	-5.913761e+00	-1.280680e-02	2.275520e-02
0.383         	6.222609e-01	6.850257e+00	9.660001e-03	-4.361752e-03	-1.693509e-02	9.338155e+00	3.067687e-01	3.154922e-01	1.276328e+01	-5.913026e+00	-1.210509e-02	2.176509e-02
0.384         	6.220857e-01	6.849730e+00	9.385949e-03	-4.280707e-03	-1.612729e-02	9.337164e+00	3.067621e-01	3.153236e-01	1.276203e+01	-5.912300e+00	-1.143432e-02	2.082027e-02
0.385         	6.218896e-01	6.849273e+00	9.125260e-03	-4.204552e-03	-1.536220e-02	9.336222e+00	3.067402e-01	3.151493e-01	1.276086e+01	-5.911586e+00	-1.079957e-02	1.992483e-02
0.386         	6.216703e-01	6.848892e+00	8.880362e-03	-4.131546e-03	-1.464082e-02	9.335319e+00	3.067036e-01	3.149667e-01	1.275976e+01	-5.910872e+00	-1.020064e-02	1.908100e-02
0.387         	6.214295e-01	6.848580e+00	8.650699e-03	-4.063102e-03	-1.396278e-02	9.334448e+00	3.066517e-01	3.147779e-01	1.275874e+01	-5.910158e+00	-9.637428e-03	1.828813e-02
0.388         	6.211725e-01	6.848345e+00	8.435812e-03	-4.001370e-03	-1.333131e-02	9.333661e+00	3.065849e-01	3.145876e-01	1.275783e+01	-5.909488e+00	-9.113407e-03	1.754922e-02
0.389         	6.209028e-01	6.848164e+00	8.232722e-03	-3.949944e-03	-1.274121e-02	9.332970e+00	3.065015e-01	3.144014e-01	1.275705e+01	-5.908888e+00	-8.624850e-03	1.685757e-02
0.39          	6.206248e-01	6.848027e+00	8.037172e-03	-3.904991e-03	-1.217845e-02	9.332368e+00	3.064074e-01	3.142174e-01	1.275638e+01	-5.908355e+00	-8.159863e-03	1.619704e-02
0.391         	6.203383e-01	6.847930e+00	7.853483e-03	-3.865513e-03	-1.165180e-02	9.331830e+00	3.063036e-01	3.140347e-01	1.275580e+01	-5.907865e+00	-7.725062e-03	1.557854e-02
0.392         	6.200454e-01	6.847866e+00	7.685297e-03	-3.833458e-03	-1.116928e-02	9.331338e+00	3.061892e-01	3.138561e-01	1.275527e+01	-5.907405e+00	-7.326635e-03	1.501193e-02
0.393         	6.197476e-01	6.847843e+00	7.530982e-03	-3.809975e-03	-1.073221e-02	9.330904e+00	3.060638e-01	3.136838e-01	1.275483e+01	-5.906983e+00	-6.966720e-03	1.449770e-02
0.394         	6.194450e-01	6.847863e+00	7.384629e-03	-3.788950e-03	-1.032173e-02	9.330537e+00	3.059336e-01	3.135115e-01	1.275447e+01	-5.906606e+00	-6.629413e-03	1.401404e-02
0.395         	6.191325e-01	6.847921e+00	7.244799e-03	-3.767291e-03	-9.932675e-03	9.330235e+00	3.057990e-01	3.133336e-01	1.275420e+01	-5.906274e+00	-6.310276e-03	1.355507e-02
0.396         	6.188102e-01	6.848017e+00	7.109408e-03	-3.750432e-03	-9.555356e-03	9.330018e+00	3.056547e-01	3.131556e-01	1.275403e+01	-5.906009e+00	-6.000653e-03	1.311006e-02
0.397         	6.184768e-01	6.848129e+00	6.982690e-03	-3.737581e-03	-9.196291e-03	9.329842e+00	3.055008e-01	3.129760e-01	1.275391e+01	-5.905778e+00	-5.704946e-03	1.268764e-02
0.398         	6.181322e-01	6.848231e+00	6.864723e-03	-3.727588e-03	-8.858436e-03	9.329640e+00	3.053385e-01	3.127937e-01	1.275376e+01	-5.905525e+00	-5.426075e-03	1.229080e-02
0.399         	6.177772e-01	6.848313e+00	6.751132e-03	-3.725686e-03	-8.540925e-03	9.329394e+00	3.051629e-01	3.126143e-01	1.275355e+01	-5.905238e+00	-5.165359e-03	1.191649e-02
0.4           	6.174144e-01	6.848368e+00	6.639729e-03	-3.730447e-03	-8.241198e-03	9.329109e+00	3.049767e-01	3.124376e-01	1.275329e+01	-5.904925e+00	-4.921334e-03	1.156106e-02
0.401         	6.170431e-01	6.848411e+00	6.531474e-03	-3.740674e-03	-7.957576e-03	9.328836e+00	3.047809e-01	3.122622e-01	1.275304e+01	-5.904631e+00	-4.691839e-03	1.122331e-02
0.402         	6.166609e-01	6.848465e+00	6.424901e-03	-3.754881e-03	-7.675475e-03	9.328655e+00	3.045756e-01	3.120853e-01	1.275289e+01	-5.904422e+00	-4.463024e-03	1.088793e-02
0.403         	6.162629e-01	6.848542e+00	6.322957e-03	-3.772318e-03	-7.400730e-03	9.328567e+00	3.043591e-01	3.119038e-01	1.275284e+01	-5.904296e+00	-4.239251e-03	1.056221e-02
0.404         	6.158461e-01	6.848630e+00	6.228407e-03	-3.794318e-03	-7.146227e-03	9.328536e+00	3.041287e-01	3.117174e-01	1.275285e+01	-5.904221e+00	-4.032023e-03	1.026043e-02
0.405         	6.154133e-01	6.848722e+00	6.146126e-03	-3.817691e-03	-6.925723e-03	9.328514e+00	3.038890e-01	3.115243e-01	1.275287e+01	-5.904153e+00	-3.852659e-03	9.998786e-03
0.406         	6.149684e-01	6.848821e+00	6.074507e-03	-3.840592e-03	-6.735802e-03	9.328487e+00	3.036436e-01	3.113248e-01	1.275290e+01	-5.904077e+00	-3.698549e-03	9.773056e-03
0.407         	6.145171e-01	6.848932e+00	6.011584e-03	-3.864021e-03	-6.569824e-03	9.328488e+00	3.033945e-01	3.111226e-01	1.275295e+01	-5.904022e+00	-3.564032e-03	9.575616e-03
0.408         	6.140637e-01	6.849072e+00	5.953893e-03	-3.885870e-03	-6.417259e-03	9.328559e+00	3.031460e-01	3.109177e-01	1.275309e+01	-5.904023e+00	-3.440312e-03	9.394205e-03
0.409         	6.136075e-01	6.849253e+00	5.901637e-03	-3.906194e-03	-6.274720e-03	9.328735e+00	3.028976e-01	3.107099e-01	1.275336e+01	-5.904109e+00	-3.323902e-03	9.225539e-03
0.41          	6.131465e-01	6.849482e+00	5.856567e-03	-3.926359e-03	-6.148601e-03	9.329035e+00	3.026469e-01	3.104996e-01	1.275378e+01	-5.904294e+00	-3.220317e-03	9.076884e-03
0.411         	6.126829e-01	6.849737e+00	5.825129e-03	-3.945476e-03	-6.053188e-03	9.329403e+00	3.023960e-01	3.102869e-01	1.275427e+01	-5.904534e+00	-3.140624e-03	8.965753e-03
0.412         	6.122152e-01	6.850011e+00	5.806807e-03	-3.962967e-03	-5.993757e-03	9.329790e+00	3.021446e-01	3.100706e-01	1.275480e+01	-5.904785e+00	-3.090354e-03	8.897161e-03
0.413         	6.117433e-01	6.850308e+00	5.796319e-03	-3.971177e-03	-5.959500e-03	9.330183e+00	3.019005e-01	3.098428e-01	1.275534e+01	-5.905029e+00	-3.061340e-03	8.857659e-03
0.414         	6.112674e-01	6.850623e+00	5.788406e-03	-3.968728e-03	-5.931418e-03	9.330560e+00	3.016650e-01	3.096024e-01	1.275587e+01	-5.905249e+00	-3.037215e-03	8.825621e-03
0.415         	6.107892e-01	6.850964e+00	5.782777e-03	-3.957529e-03	-5.909087e-03	9.330946e+00	3.014371e-01	3.093521e-01	1.275643e+01	-5.905463e+00	-3.017699e-03	8.800476e-03
0.416         	6.103069e-01	6.851347e+00	5.788224e-03	-3.938857e-03	-5.907230e-03	9.331375e+00	3.012146e-01	3.090923e-01	1.275705e+01	-5.905701e+00	-3.013118e-03	8.801342e-03
0.417         	6.098173e-01	6.851764e+00	5.806123e-03	-3.919538e-03	-5.931617e-03	9.331839e+00	3.009891e-01	3.088282e-01	1.275772e+01	-5.905957e+00	-3.028555e-03	8.834679e-03
0.418         	6.093251e-01	6.852221e+00	5.836121e-03	-3.902222e-03	-5.987474e-03	9.332345e+00	3.007603e-01	3.085648e-01	1.275845e+01	-5.906234e+00	-3.069413e-03	8.905534e-03
0.419         	6.088362e-01	6.852733e+00	5.872981e-03	-3.884728e-03	-6.068612e-03	9.332915e+00	3.005334e-01	3.083028e-01	1.275928e+01	-5.906548e+00	-3.132121e-03	9.005102e-03
0.42          	6.083558e-01	6.853308e+00	5.915373e-03	-3.863813e-03	-6.164931e-03	9.333583e+00	3.003141e-01	3.080417e-01	1.276024e+01	-5.906929e+00	-3.207245e-03	9.122618e-03
0.421         	6.078855e-01	6.853936e+00	5.963802e-03	-3.839998e-03	-6.273983e-03	9.334361e+00	3.001028e-01	3.077828e-01	1.276133e+01	-5.907394e+00	-3.292082e-03	9.255883e-03
0.422         	6.074283e-01	6.854599e+00	6.014632e-03	-3.818407e-03	-6.386380e-03	9.335242e+00	2.998957e-01	3.075326e-01	1.276254e+01	-5.907942e+00	-3.379064e-03	9.393696e-03
0.423         	6.069908e-01	6.855291e+00	6.067502e-03	-3.798844e-03	-6.499760e-03	9.336215e+00	2.996966e-01	3.072942e-01	1.276386e+01	-5.908569e+00	-3.466009e-03	9.533511e-03
0.424         	6.065773e-01	6.856011e+00	6.122531e-03	-3.784337e-03	-6.617368e-03	9.337262e+00	2.995043e-01	3.070730e-01	1.276527e+01	-5.909256e+00	-3.556102e-03	9.678633e-03
0.425         	6.061907e-01	6.856767e+00	6.180883e-03	-3.772770e-03	-6.742845e-03	9.338379e+00	2.993226e-01	3.068681e-01	1.276676e+01	-5.909995e+00	-3.652403e-03	9.833286e-03
0.426         	6.058334e-01	6.857559e+00	6.243031e-03	-3.762579e-03	-6.877969e-03	9.339574e+00	2.991541e-01	3.066793e-01	1.276835e+01	-5.910794e+00	-3.756453e-03	9.999484e-03
0.427         	6.055047e-01	6.858399e+00	6.304349e-03	-3.750365e-03	-7.010586e-03	9.340871e+00	2.990020e-01	3.065027e-01	1.277007e+01	-5.911672e+00	-3.858412e-03	1.016276e-02
0.428         	6.052050e-01	6.859273e+00	6.358878e-03	-3.734068e-03	-7.122771e-03	9.342259e+00	2.988684e-01	3.063365e-01	1.277190e+01	-5.912622e+00	-3.943333e-03	1.030221e-02
0.429         	6.049375e-01	6.860167e+00	6.404835e-03	-3.712885e-03	-7.211553e-03	9.343721e+00	2.987559e-01	3.061816e-01	1.277380e+01	-5.913638e+00	-4.009135e-03	1.041397e-02
0.43          	6.047033e-01	6.861075e+00	6.444698e-03	-3.688779e-03	-7.282823e-03	9.345244e+00	2.986629e-01	3.060404e-01	1.277578e+01	-5.914707e+00	-4.060473e-03	1.050517e-02
0.431         	6.045002e-01	6.861995e+00	6.478744e-03	-3.664341e-03	-7.337714e-03	9.346828e+00	2.985858e-01	3.059145e-01	1.277783e+01	-5.915831e+00	-4.098343e-03	1.057709e-02
0.432         	6.043229e-01	6.862947e+00	6.506101e-03	-3.641361e-03	-7.371347e-03	9.348501e+00	2.985201e-01	3.058028e-01	1.277997e+01	-5.917028e+00	-4.118296e-03	1.062440e-02
0.433         	6.041696e-01	6.863947e+00	6.524960e-03	-3.614034e-03	-7.378073e-03	9.350303e+00	2.984708e-01	3.056988e-01	1.278228e+01	-5.918330e+00	-4.115593e-03	1.064055e-02
0.434         	6.040391e-01	6.864998e+00	6.530830e-03	-3.576959e-03	-7.352039e-03	9.352239e+00	2.984426e-01	3.055965e-01	1.278474e+01	-5.919740e+00	-4.086624e-03	1.061745e-02
0.435         	6.039288e-01	6.866088e+00	6.524780e-03	-3.525856e-03	-7.297727e-03	9.354283e+00	2.984386e-01	3.054903e-01	1.278733e+01	-5.921239e+00	-4.035337e-03	1.056012e-02
0.436         	6.038325e-01	6.867203e+00	6.505755e-03	-3.460663e-03	-7.216333e-03	9.356395e+00	2.984556e-01	3.053769e-01	1.279000e+01	-5.922794e+00	-3.963456e-03	1.046921e-02
0.437         	6.037439e-01	6.868339e+00	6.475485e-03	-3.382028e-03	-7.110124e-03	9.358554e+00	2.984899e-01	3.052540e-01	1.279272e+01	-5.924384e+00	-3.872382e-03	1.034787e-02
0.438         	6.036579e-01	6.869491e+00	6.439022e-03	-3.293348e-03	-6.987890e-03	9.360735e+00	2.985356e-01	3.051223e-01	1.279548e+01	-5.925990e+00	-3.768379e-03	1.020740e-02
0.439         	6.035701e-01	6.870655e+00	6.399920e-03	-3.201702e-03	-6.859953e-03	9.362935e+00	2.985834e-01	3.049868e-01	1.279826e+01	-5.927607e+00	-3.659993e-03	1.005991e-02
0.44          	6.034780e-01	6.871839e+00	6.364819e-03	-3.114487e-03	-6.744793e-03	9.365159e+00	2.986245e-01	3.048535e-01	1.280108e+01	-5.929240e+00	-3.562384e-03	9.927202e-03
0.441         	6.033812e-01	6.873036e+00	6.335929e-03	-3.037314e-03	-6.656385e-03	9.367401e+00	2.986533e-01	3.047279e-01	1.280392e+01	-5.930883e+00	-3.488421e-03	9.824350e-03
0.442         	6.032800e-01	6.874239e+00	6.315331e-03	-2.970816e-03	-6.598904e-03	9.369648e+00	2.986692e-01	3.046108e-01	1.280677e+01	-5.932529e+00	-3.441239e-03	9.756570e-03
0.443         	6.031715e-01	6.875431e+00	6.304322e-03	-2.915010e-03	-6.574741e-03	9.371870e+00	2.986707e-01	3.045007e-01	1.280959e+01	-5.934155e+00	-3.422580e-03	9.726902e-03
0.444         	6.030513e-01	6.876605e+00	6.302405e-03	-2.867234e-03	-6.579118e-03	9.374044e+00	2.986584e-01	3.043929e-01	1.281235e+01	-5.935741e+00	-3.427915e-03	9.730320e-03
0.445         	6.029169e-01	6.877749e+00	6.308220e-03	-2.825557e-03	-6.609650e-03	9.376159e+00	2.986329e-01	3.042840e-01	1.281503e+01	-5.937284e+00	-3.455539e-03	9.763760e-03
0.446         	6.027673e-01	6.878867e+00	6.322975e-03	-2.792350e-03	-6.671231e-03	9.378231e+00	2.985913e-01	3.041760e-01	1.281766e+01	-5.938797e+00	-3.509743e-03	9.832718e-03
0.447         	6.026012e-01	6.879968e+00	6.347253e-03	-2.767131e-03	-6.761526e-03	9.380275e+00	2.985334e-01	3.040677e-01	1.282026e+01	-5.940291e+00	-3.587900e-03	9.935153e-03
0.448         	6.024158e-01	6.881047e+00	6.376639e-03	-2.752568e-03	-6.872633e-03	9.382279e+00	2.984553e-01	3.039604e-01	1.282280e+01	-5.941755e+00	-3.684313e-03	1.006095e-02
0.449         	6.022079e-01	6.882102e+00	6.411523e-03	-2.747605e-03	-7.007230e-03	9.384235e+00	2.983564e-01	3.038516e-01	1.282529e+01	-5.943184e+00	-3.801469e-03	1.021299e-02
0.45          	6.019739e-01	6.883132e+00	6.450877e-03	-2.753374e-03	-7.166077e-03	9.386137e+00	2.982336e-01	3.037403e-01	1.282770e+01	-5.944571e+00	-3.940638e-03	1.039152e-02
0.451         	6.017112e-01	6.884131e+00	6.498250e-03	-2.773640e-03	-7.351296e-03	9.387985e+00	2.980819e-01	3.036292e-01	1.283005e+01	-5.945920e+00	-4.102171e-03	1.060042e-02
0.452         	6.014199e-01	6.885121e+00	6.552728e-03	-2.807662e-03	-7.560528e-03	9.389807e+00	2.979023e-01	3.035176e-01	1.283237e+01	-5.947247e+00	-4.284164e-03	1.083689e-02
0.453         	6.011038e-01	6.886114e+00	6.610471e-03	-2.847953e-03	-7.792644e-03	9.391602e+00	2.977040e-01	3.033999e-01	1.283466e+01	-5.948545e+00	-4.487408e-03	1.109788e-02
0.454         	6.007668e-01	6.887104e+00	6.670238e-03	-2.885030e-03	-8.041048e-03	9.393346e+00	2.974984e-01	3.032684e-01	1.283690e+01	-5.949794e+00	-4.705929e-03	1.137617e-02
0.455         	6.004128e-01	6.888071e+00	6.734730e-03	-2.921604e-03	-8.301301e-03	9.395004e+00	2.972848e-01	3.031280e-01	1.283904e+01	-5.950969e+00	-4.933936e-03	1.166867e-02
0.456         	6.000456e-01	6.889014e+00	6.805673e-03	-2.961655e-03	-8.573761e-03	9.396558e+00	2.970612e-01	3.029845e-01	1.284107e+01	-5.952052e+00	-5.170925e-03	1.197660e-02
0.457         	5.996686e-01	6.889914e+00	6.882112e-03	-3.006584e-03	-8.852808e-03	9.397984e+00	2.968277e-01	3.028409e-01	1.284294e+01	-5.953027e+00	-5.411752e-03	1.229386e-02
0.458         	5.992884e-01	6.890777e+00	6.960208e-03	-3.052686e-03	-9.139431e-03	9.399286e+00	2.965915e-01	3.026969e-01	1.284467e+01	-5.953897e+00	-5.659327e-03	1.261954e-02
0.459         	5.989045e-01	6.891609e+00	7.031517e-03	-3.091845e-03	-9.427156e-03	9.400462e+00	2.963604e-01	3.025441e-01	1.284627e+01	-5.954657e+00	-5.911397e-03	1.294291e-02
0.46          	5.985156e-01	6.892414e+00	7.096737e-03	-3.122233e-03	-9.714104e-03	9.401499e+00	2.961356e-01	3.023801e-01	1.284771e+01	-5.955292e+00	-6.165736e-03	1.326247e-02
0.461         	5.981192e-01	6.893188e+00	7.156273e-03	-3.143417e-03	-9.989653e-03	9.402393e+00	2.959162e-01	3.022030e-01	1.284899e+01	-5.955799e+00	-6.411517e-03	1.356779e-02
0.462         	5.977148e-01	6.893939e+00	7.211771e-03	-3.155437e-03	-1.024767e-02	9.403164e+00	2.957020e-01	3.020128e-01	1.285013e+01	-5.956194e+00	-6.641787e-03	1.385356e-02
0.463         	5.973043e-01	6.894667e+00	7.260697e-03	-3.159152e-03	-1.048340e-02	9.403829e+00	2.954930e-01	3.018113e-01	1.285116e+01	-5.956495e+00	-6.853055e-03	1.411375e-02
0.464         	5.968932e-01	6.895355e+00	7.299845e-03	-3.149226e-03	-1.069884e-02	9.404372e+00	2.952974e-01	3.015958e-01	1.285205e+01	-5.956694e+00	-7.048915e-03	1.434876e-02
0.465         	5.964893e-01	6.895984e+00	7.324988e-03	-3.125578e-03	-1.089474e-02	9.404774e+00	2.951191e-01	3.013702e-01	1.285277e+01	-5.956782e+00	-7.232247e-03	1.455723e-02
0.466         	5.960954e-01	6.896545e+00	7.343150e-03	-3.093394e-03	-1.108658e-02	9.405033e+00	2.949543e-01	3.011411e-01	1.285331e+01	-5.956760e+00	-7.415008e-03	1.475816e-02
0.467         	5.957134e-01	6.897028e+00	7.361661e-03	-3.059573e-03	-1.128399e-02	9.405151e+00	2.947971e-01	3.009163e-01	1.285367e+01	-5.956637e+00	-7.603156e-03	1.496482e-02
0.468         	5.953455e-01	6.897436e+00	7.380326e-03	-3.021051e-03	-1.147727e-02	9.405150e+00	2.946517e-01	3.006938e-01	1.285387e+01	-5.956432e+00	-7.787106e-03	1.516743e-02
0.469         	5.949941e-01	6.897793e+00	7.396388e-03	-2.975728e-03	-1.165717e-02	9.405062e+00	2.945213e-01	3.004728e-01	1.285396e+01	-5.956166e+00	-7.958975e-03	1.535536e-02
0.47          	5.946593e-01	6.898119e+00	7.410296e-03	-2.928357e-03	-1.182710e-02	9.404917e+00	2.944013e-01	3.002580e-01	1.285398e+01	-5.955857e+00	-8.121947e-03	1.553224e-02
0.471         	5.943318e-01	6.898425e+00	7.423344e-03	-2.883857e-03	-1.199653e-02	9.404726e+00	2.942820e-01	3.000498e-01	1.285394e+01	-5.955513e+00	-8.284861e-03	1.570821e-02
0.472         	5.940032e-01	6.898714e+00	7.437492e-03	-2.843309e-03	-1.217592e-02	9.404503e+00	2.941583e-01	2.998449e-01	1.285386e+01	-5.955146e+00	-8.457172e-03	1.589466e-02
0.473         	5.936697e-01	6.898971e+00	7.451777e-03	-2.802774e-03	-1.235858e-02	9.404233e+00	2.940321e-01	2.996376e-01	1.285372e+01	-5.954748e+00	-8.632695e-03	1.608447e-02
0.474         	5.933327e-01	6.899190e+00	7.469512e-03	-2.763006e-03	-1.254184e-02	9.403915e+00	2.939033e-01	2.994293e-01	1.285351e+01	-5.954320e+00	-8.807087e-03	1.627660e-02
0.475         	5.929894e-01	6.899366e+00	7.489378e-03	-2.724786e-03	-1.272336e-02	9.403540e+00	2.937699e-01	2.992195e-01	1.285322e+01	-5.953857e+00	-8.978676e-03	1.646805e-02
0.476         	5.926348e-01	6.899495e+00	7.513712e-03	-2.693870e-03	-1.291186e-02	9.403107e+00	2.936235e-01	2.990113e-01	1.285285e+01	-5.953359e+00	-9.155009e-03	1.666872e-02
0.477         	5.922658e-01	6.899584e+00	7.542944e-03	-2.673986e-03	-1.310784e-02	9.402639e+00	2.934589e-01	2.988069e-01	1.285243e+01	-5.952847e+00	-9.336365e-03	1.687931e-02
0.478         	5.918810e-01	6.899638e+00	7.576455e-03	-2.668657e-03	-1.331384e-02	9.402159e+00	2.932719e-01	2.986092e-01	1.285198e+01	-5.952340e+00	-9.525612e-03	1.710207e-02
0.479         	5.914864e-01	6.899656e+00	7.614784e-03	-2.680546e-03	-1.353141e-02	9.401671e+00	2.930627e-01	2.984238e-01	1.285150e+01	-5.951843e+00	-9.724020e-03	1.733880e-02
0.48          	5.910873e-01	6.899648e+00	7.656254e-03	-2.707870e-03	-1.375550e-02	9.401184e+00	2.928358e-01	2.982515e-01	1.285101e+01	-5.951360e+00	-9.927373e-03	1.758363e-02
0.481         	5.906846e-01	6.899636e+00	7.698168e-03	-2.745594e-03	-1.398043e-02	9.400726e+00	2.925967e-01	2.980879e-01	1.285054e+01	-5.950908e+00	-1.013135e-02	1.782952e-02
0.482         	5.902792e-01	6.899606e+00	7.736125e-03	-2.789177e-03	-1.419391e-02	9.400282e+00	2.923504e-01	2.979288e-01	1.285009e+01	-5.950479e+00	-1.032585e-02	1.806197e-02
0.483         	5.898667e-01	6.899558e+00	7.768766e-03	-2.837521e-03	-1.438688e-02	9.399847e+00	2.920958e-01	2.977709e-01	1.284963e+01	-5.950068e+00	-1.050249e-02	1.827126e-02
0.484         	5.894410e-01	6.899488e+00	7.794597e-03	-2.890276e-03	-1.455289e-02	9.399401e+00	2.918302e-01	2.976108e-01	1.284914e+01	-5.949657e+00	-1.065560e-02	1.845019e-02
0.485         	5.889943e-01	6.899394e+00	7.811605e-03	-2.949275e-03	-1.468790e-02	9.398910e+00	2.915479e-01	2.974464e-01	1.284861e+01	-5.949213e+00	-1.078210e-02	1.859370e-02
0.486         	5.885269e-01	6.899292e+00	7.818587e-03	-3.014700e-03	-1.479973e-02	9.398385e+00	2.912487e-01	2.972781e-01	1.284803e+01	-5.948739e+00	-1.089043e-02	1.870902e-02
0.487         	5.880445e-01	6.899197e+00	7.816438e-03	-3.084531e-03	-1.489040e-02	9.397841e+00	2.909377e-01	2.971068e-01	1.284744e+01	-5.948242e+00	-1.098218e-02	1.879862e-02
0.488         	5.875562e-01	6.899104e+00	7.805397e-03	-3.155149e-03	-1.495609e-02	9.397282e+00	2.906229e-01	2.969332e-01	1.284683e+01	-5.947730e+00	-1.105339e-02	1.885879e-02
0.489         	5.870703e-01	6.899015e+00	7.785419e-03	-3.223907e-03	-1.499378e-02	9.396721e+00	2.903113e-01	2.967591e-01	1.284623e+01	-5.947214e+00	-1.110107e-02	1.888649e-02
0.49          	5.865839e-01	6.898932e+00	7.758640e-03	-3.292309e-03	-1.500957e-02	9.396159e+00	2.899997e-01	2.965843e-01	1.284563e+01	-5.946694e+00	-1.113025e-02	1.888889e-02
0.491         	5.860889e-01	6.898849e+00	7.726397e-03	-3.361206e-03	-1.501140e-02	9.395582e+00	2.896833e-01	2.964057e-01	1.284501e+01	-5.946158e+00	-1.114820e-02	1.887460e-02
0.492         	5.855835e-01	6.898771e+00	7.692074e-03	-3.434592e-03	-1.500578e-02	9.394997e+00	2.893572e-01	2.962263e-01	1.284438e+01	-5.945611e+00	-1.115974e-02	1.885182e-02
0.493         	5.850676e-01	6.898713e+00	7.658604e-03	-3.515016e-03	-1.500066e-02	9.394432e+00	2.890188e-01	2.960488e-01	1.284379e+01	-5.945076e+00	-1.117135e-02	1.882996e-02
0.494         	5.845410e-01	6.898684e+00	7.625962e-03	-3.605705e-03	-1.499867e-02	9.393914e+00	2.886648e-01	2.958762e-01	1.284326e+01	-5.944573e+00	-1.118569e-02	1.881165e-02
0.495         	5.840066e-01	6.898696e+00	7.595942e-03	-3.707754e-03	-1.500828e-02	9.393456e+00	2.882955e-01	2.957110e-01	1.284280e+01	-5.944108e+00	-1.121031e-02	1.880625e-02
0.496         	5.834683e-01	6.898743e+00	7.571288e-03	-3.820360e-03	-1.503650e-02	9.393044e+00	2.879138e-01	2.955545e-01	1.284242e+01	-5.943673e+00	-1.125085e-02	1.882214e-02
0.497         	5.829287e-01	6.898796e+00	7.553764e-03	-3.940586e-03	-1.508612e-02	9.392623e+00	2.875238e-01	2.954049e-01	1.284202e+01	-5.943225e+00	-1.130924e-02	1.886300e-02
0.498         	5.823917e-01	6.898839e+00	7.544057e-03	-4.067491e-03	-1.515955e-02	9.392150e+00	2.871283e-01	2.952633e-01	1.284157e+01	-5.942731e+00	-1.138752e-02	1.893157e-02
0.499         	5.818593e-01	6.898875e+00	7.540431e-03	-4.198449e-03	-1.525061e-02	9.391627e+00	2.867312e-01	2.951281e-01	1.284106e+01	-5.942190e+00	-1.148039e-02	1.902082e-02
0.5           	5.813303e-01	6.898914e+00	7.542829e-03	-4.334567e-03	-1.535518e-02	9.391076e+00	2.863306e-01	2.949997e-01	1.284053e+01	-5.941619e+00	-1.158376e-02	1.912659e-02
0.501         	5.808028e-01	6.898988e+00	7.553729e-03	-4.477802e-03	-1.547725e-02	9.390553e+00	2.859236e-01	2.948792e-01	1.284005e+01	-5.941059e+00	-1.170038e-02	1.925411e-02
0.502         	5.802756e-01	6.899101e+00	7.572963e-03	-4.626469e-03	-1.561658e-02	9.390081e+00	2.855113e-01	2.947643e-01	1.283963e+01	-5.940531e+00	-1.183010e-02	1.940306e-02
0.503         	5.797519e-01	6.899231e+00	7.603470e-03	-4.782672e-03	-1.578363e-02	9.389624e+00	2.850933e-01	2.946586e-01	1.283924e+01	-5.940008e+00	-1.198189e-02	1.958536e-02
0.504         	5.792340e-01	6.899356e+00	7.646876e-03	-4.947629e-03	-1.598530e-02	9.389133e+00	2.846694e-01	2.945646e-01	1.283881e+01	-5.939455e+00	-1.216186e-02	1.980874e-02
0.505         	5.787242e-01	6.899481e+00	7.703455e-03	-5.119488e-03	-1.622301e-02	9.388623e+00	2.842426e-01	2.944816e-01	1.283836e+01	-5.938883e+00	-1.237128e-02	2.007474e-02
0.506         	5.782232e-01	6.899592e+00	7.775005e-03	-5.300861e-03	-1.649911e-02	9.388063e+00	2.838107e-01	2.944125e-01	1.283786e+01	-5.938267e+00	-1.261160e-02	2.038661e-02
0.507         	5.777285e-01	6.899713e+00	7.859704e-03	-5.490676e-03	-1.680639e-02	9.387475e+00	2.833736e-01	2.943549e-01	1.283733e+01	-5.937619e+00	-1.287654e-02	2.073624e-02
0.508         	5.772355e-01	6.899851e+00	7.954912e-03	-5.685626e-03	-1.713922e-02	9.386881e+00	2.829321e-01	2.943034e-01	1.283681e+01	-5.936955e+00	-1.316176e-02	2.111667e-02
0.509         	5.767451e-01	6.900003e+00	8.058609e-03	-5.883172e-03	-1.749221e-02	9.386287e+00	2.824894e-01	2.942557e-01	1.283629e+01	-5.936285e+00	-1.346291e-02	2.152152e-02
0.51          	5.762616e-01	6.900155e+00	8.168072e-03	-6.081744e-03	-1.785875e-02	9.385668e+00	2.820490e-01	2.942125e-01	1.283575e+01	-5.935590e+00	-1.377471e-02	2.194278e-02
0.511         	5.757902e-01	6.900300e+00	8.283777e-03	-6.281446e-03	-1.824057e-02	9.385018e+00	2.816136e-01	2.941765e-01	1.283517e+01	-5.934868e+00	-1.409868e-02	2.238246e-02
0.512         	5.753345e-01	6.900425e+00	8.404144e-03	-6.479863e-03	-1.863386e-02	9.384311e+00	2.811874e-01	2.941471e-01	1.283452e+01	-5.934099e+00	-1.443179e-02	2.283593e-02
0.513         	5.748947e-01	6.900540e+00	8.525746e-03	-6.674361e-03	-1.903293e-02	9.383543e+00	2.807730e-01	2.941217e-01	1.283381e+01	-5.933273e+00	-1.477006e-02	2.329580e-02
0.514         	5.744687e-01	6.900634e+00	8.650338e-03	-6.867925e-03	-1.942933e-02	9.382708e+00	2.803664e-01	2.941023e-01	1.283303e+01	-5.932391e+00	-1.510416e-02	2.375450e-02
0.515         	5.740444e-01	6.900707e+00	8.774638e-03	-7.058462e-03	-1.981142e-02	9.381804e+00	2.799637e-01	2.940807e-01	1.283216e+01	-5.931450e+00	-1.542410e-02	2.419873e-02
0.516         	5.736087e-01	6.900770e+00	8.891796e-03	-7.239918e-03	-2.016578e-02	9.380843e+00	2.795644e-01	2.940443e-01	1.283123e+01	-5.930458e+00	-1.571988e-02	2.461167e-02
0.517         	5.731639e-01	6.900834e+00	8.998962e-03	-7.407871e-03	-2.048957e-02	9.379838e+00	2.791741e-01	2.939898e-01	1.283026e+01	-5.929421e+00	-1.599008e-02	2.498905e-02
0.518         	5.727197e-01	6.900903e+00	9.093813e-03	-7.560224e-03	-2.077866e-02	9.378798e+00	2.787996e-01	2.939201e-01	1.282925e+01	-5.928347e+00	-1.623175e-02	2.532557e-02
0.519         	5.722789e-01	6.900972e+00	9.177540e-03	-7.699996e-03	-2.103466e-02	9.377729e+00	2.784395e-01	2.938395e-01	1.282822e+01	-5.927243e+00	-1.644589e-02	2.562343e-02
0.52          	5.718358e-01	6.901028e+00	9.251551e-03	-7.830568e-03	-2.125894e-02	9.376606e+00	2.780873e-01	2.937485e-01	1.282712e+01	-5.926092e+00	-1.663316e-02	2.588472e-02
0.521         	5.713837e-01	6.901083e+00	9.318092e-03	-7.951667e-03	-2.145919e-02	9.375453e+00	2.777402e-01	2.936435e-01	1.282599e+01	-5.924912e+00	-1.680015e-02	2.611824e-02
0.522         	5.709244e-01	6.901132e+00	9.377897e-03	-8.064830e-03	-2.163097e-02	9.374266e+00	2.773974e-01	2.935270e-01	1.282483e+01	-5.923700e+00	-1.694202e-02	2.631992e-02
0.523         	5.704691e-01	6.901179e+00	9.424966e-03	-8.166246e-03	-2.176187e-02	9.373043e+00	2.770683e-01	2.934008e-01	1.282363e+01	-5.922453e+00	-1.704938e-02	2.647435e-02
0.524         	5.700209e-01	6.901234e+00	9.458685e-03	-8.256866e-03	-2.184923e-02	9.371804e+00	2.767536e-01	2.932673e-01	1.282242e+01	-5.921187e+00	-1.711989e-02	2.657857e-02
0.525         	5.695705e-01	6.901286e+00	9.480275e-03	-8.339348e-03	-2.190005e-02	9.370521e+00	2.764459e-01	2.931246e-01	1.282116e+01	-5.919878e+00	-1.715991e-02	2.664018e-02
0.526         	5.691013e-01	6.901351e+00	9.494793e-03	-8.418799e-03	-2.193168e-02	9.369194e+00	2.761319e-01	2.929695e-01	1.281987e+01	-5.918519e+00	-1.718428e-02	2.667907e-02
0.527         	5.686105e-01	6.901444e+00	9.506111e-03	-8.495397e-03	-2.195559e-02	9.367866e+00	2.758099e-01	2.928006e-01	1.281859e+01	-5.917144e+00	-1.720254e-02	2.670865e-02
0.528         	5.681025e-01	6.901572e+00	9.513222e-03	-8.565309e-03	-2.196443e-02	9.366576e+00	2.754859e-01	2.926165e-01	1.281736e+01	-5.915790e+00	-1.720782e-02	2.672104e-02
0.529         	5.675835e-01	6.901731e+00	9.515994e-03	-8.626752e-03	-2.195260e-02	9.365335e+00	2.751650e-01	2.924185e-01	1.281620e+01	-5.914470e+00	-1.719460e-02	2.671059e-02
0.53          	5.670686e-01	6.901899e+00	9.514502e-03	-8.681447e-03	-2.192101e-02	9.364129e+00	2.748529e-01	2.922158e-01	1.281508e+01	-5.913179e+00	-1.716376e-02	2.667826e-02
0.531         	5.665718e-01	6.902050e+00	9.508193e-03	-8.735112e-03	-2.187171e-02	9.362923e+00	2.745508e-01	2.920210e-01	1.281395e+01	-5.911898e+00	-1.711761e-02	2.662580e-02
0.532         	5.660968e-01	6.902187e+00	9.501143e-03	-8.788029e-03	-2.182600e-02	9.361693e+00	2.742604e-01	2.918364e-01	1.281279e+01	-5.910599e+00	-1.707543e-02	2.657657e-02
0.533         	5.656379e-01	6.902317e+00	9.501495e-03	-8.842971e-03	-2.180493e-02	9.360428e+00	2.739760e-01	2.916619e-01	1.281159e+01	-5.909270e+00	-1.705418e-02	2.655567e-02
0.534         	5.651798e-01	6.902463e+00	9.512250e-03	-8.902043e-03	-2.181190e-02	9.359169e+00	2.736879e-01	2.914919e-01	1.281040e+01	-5.907938e+00	-1.705577e-02	2.656802e-02
0.535         	5.647002e-01	6.902646e+00	9.530555e-03	-8.959778e-03	-2.183651e-02	9.357944e+00	2.733903e-01	2.913099e-01	1.280927e+01	-5.906621e+00	-1.707123e-02	2.660179e-02
0.536         	5.641882e-01	6.902863e+00	9.549561e-03	-9.011311e-03	-2.186152e-02	9.356744e+00	2.730828e-01	2.911054e-01	1.280818e+01	-5.905313e+00	-1.708674e-02	2.663630e-02
0.537         	5.636508e-01	6.903096e+00	9.566448e-03	-9.054918e-03	-2.187953e-02	9.355546e+00	2.727705e-01	2.908803e-01	1.280709e+01	-5.903999e+00	-1.709630e-02	2.666275e-02
0.538         	5.631026e-01	6.903321e+00	9.578774e-03	-9.087977e-03	-2.188274e-02	9.354328e+00	2.724633e-01	2.906393e-01	1.280599e+01	-5.902668e+00	-1.709335e-02	2.667212e-02
0.539         	5.625562e-01	6.903519e+00	9.588440e-03	-9.113203e-03	-2.187516e-02	9.353077e+00	2.721649e-01	2.903913e-01	1.280484e+01	-5.901317e+00	-1.708094e-02	2.666938e-02
0.54          	5.620214e-01	6.903699e+00	9.601965e-03	-9.134569e-03	-2.187615e-02	9.351812e+00	2.718761e-01	2.901453e-01	1.280366e+01	-5.899962e+00	-1.707517e-02	2.667714e-02
0.541         	5.615009e-01	6.903877e+00	9.619738e-03	-9.154043e-03	-2.188889e-02	9.350557e+00	2.715964e-01	2.899045e-01	1.280250e+01	-5.898619e+00	-1.707902e-02	2.669876e-02
0.542         	5.609934e-01	6.904063e+00	9.642784e-03	-9.172827e-03	-2.191733e-02	9.349317e+00	2.713239e-01	2.896695e-01	1.280135e+01	-5.897286e+00	-1.709594e-02	2.673873e-02
0.543         	5.604937e-01	6.904255e+00	9.666984e-03	-9.183328e-03	-2.195848e-02	9.348068e+00	2.710635e-01	2.894302e-01	1.280020e+01	-5.895940e+00	-1.712499e-02	2.679197e-02
0.544         	5.599929e-01	6.904452e+00	9.684593e-03	-9.181586e-03	-2.198960e-02	9.346801e+00	2.708149e-01	2.891780e-01	1.279903e+01	-5.894575e+00	-1.714730e-02	2.683189e-02
0.545         	5.594786e-01	6.904649e+00	9.695553e-03	-9.168024e-03	-2.200504e-02	9.345499e+00	2.705713e-01	2.889073e-01	1.279782e+01	-5.893174e+00	-1.715726e-02	2.685282e-02
0.546         	5.589409e-01	6.904849e+00	9.702487e-03	-9.141811e-03	-2.200610e-02	9.344164e+00	2.703287e-01	2.886123e-01	1.279659e+01	-5.891739e+00	-1.715486e-02	2.685734e-02
0.547         	5.583813e-01	6.905041e+00	9.705419e-03	-9.101355e-03	-2.199526e-02	9.342779e+00	2.700893e-01	2.882920e-01	1.279530e+01	-5.890259e+00	-1.714255e-02	2.684797e-02
0.548         	5.578113e-01	6.905221e+00	9.706057e-03	-9.050332e-03	-2.197509e-02	9.341359e+00	2.698553e-01	2.879560e-01	1.279397e+01	-5.888749e+00	-1.712206e-02	2.682812e-02
0.549         	5.572443e-01	6.905395e+00	9.703363e-03	-8.993039e-03	-2.194624e-02	9.339918e+00	2.696291e-01	2.876152e-01	1.279262e+01	-5.887220e+00	-1.709456e-02	2.679793e-02
0.55          	5.566910e-01	6.905570e+00	9.698008e-03	-8.934658e-03	-2.191293e-02	9.338475e+00	2.694108e-01	2.872801e-01	1.279126e+01	-5.885689e+00	-1.706392e-02	2.676193e-02
0.551         	5.561526e-01	6.905754e+00	9.690631e-03	-8.876295e-03	-2.188061e-02	9.337049e+00	2.692000e-01	2.869526e-01	1.278993e+01	-5.884172e+00	-1.703529e-02	2.672592e-02
0.552         	5.556219e-01	6.905933e+00	9.682074e-03	-8.814364e-03	-2.184666e-02	9.335606e+00	2.689966e-01	2.866253e-01	1.278857e+01	-5.882639e+00	-1.700562e-02	2.668770e-02
0.553         	5.550898e-01	6.906098e+00	9.671865e-03	-8.747108e-03	-2.180337e-02	9.334128e+00	2.687978e-01	2.862920e-01	1.278718e+01	-5.881079e+00	-1.696744e-02	2.663930e-02
0.554         	5.545520e-01	6.906249e+00	9.662227e-03	-8.675158e-03	-2.175879e-02	9.332628e+00	2.686009e-01	2.859512e-01	1.278575e+01	-5.879504e+00	-1.692768e-02	2.658991e-02
0.555         	5.540109e-01	6.906385e+00	9.651613e-03	-8.597003e-03	-2.171337e-02	9.331109e+00	2.684085e-01	2.856025e-01	1.278430e+01	-5.877916e+00	-1.688757e-02	2.653918e-02
0.556         	5.534761e-01	6.906496e+00	9.640328e-03	-8.519202e-03	-2.166620e-02	9.329587e+00	2.682189e-01	2.852573e-01	1.278283e+01	-5.876339e+00	-1.684604e-02	2.648637e-02
0.557         	5.529539e-01	6.906575e+00	9.627553e-03	-8.447507e-03	-2.161707e-02	9.328061e+00	2.680295e-01	2.849245e-01	1.278135e+01	-5.874774e+00	-1.680329e-02	2.643085e-02
0.558         	5.524505e-01	6.906625e+00	9.614721e-03	-8.383267e-03	-2.157218e-02	9.326543e+00	2.678420e-01	2.846085e-01	1.277986e+01	-5.873230e+00	-1.676482e-02	2.637954e-02
0.559         	5.519658e-01	6.906668e+00	9.603692e-03	-8.327515e-03	-2.153617e-02	9.325057e+00	2.676554e-01	2.843104e-01	1.277839e+01	-5.871723e+00	-1.673432e-02	2.633802e-02
0.56          	5.514940e-01	6.906699e+00	9.594556e-03	-8.274021e-03	-2.150889e-02	9.323582e+00	2.674730e-01	2.840210e-01	1.277693e+01	-5.870233e+00	-1.671162e-02	2.630617e-02
0.561         	5.510349e-01	6.906704e+00	9.588548e-03	-8.220295e-03	-2.149158e-02	9.322107e+00	2.672972e-01	2.837377e-01	1.277546e+01	-5.868755e+00	-1.669730e-02	2.628585e-02
0.562         	5.505944e-01	6.906679e+00	9.580829e-03	-8.166818e-03	-2.147289e-02	9.320639e+00	2.671304e-01	2.834640e-01	1.277398e+01	-5.867299e+00	-1.668247e-02	2.626330e-02
0.563         	5.501774e-01	6.906637e+00	9.565721e-03	-8.117924e-03	-2.144319e-02	9.319205e+00	2.669708e-01	2.832066e-01	1.277252e+01	-5.865886e+00	-1.666033e-02	2.622605e-02
0.564         	5.497839e-01	6.906574e+00	9.541293e-03	-8.074405e-03	-2.139083e-02	9.317796e+00	2.668176e-01	2.829664e-01	1.277108e+01	-5.864510e+00	-1.662018e-02	2.616147e-02
0.565         	5.494129e-01	6.906486e+00	9.506631e-03	-8.036321e-03	-2.130988e-02	9.316408e+00	2.666701e-01	2.827428e-01	1.276965e+01	-5.863165e+00	-1.655656e-02	2.606320e-02
0.566         	5.490608e-01	6.906388e+00	9.467087e-03	-8.003887e-03	-2.121072e-02	9.315049e+00	2.665265e-01	2.825343e-01	1.276824e+01	-5.861856e+00	-1.647718e-02	2.594427e-02
0.567         	5.487310e-01	6.906285e+00	9.428368e-03	-7.977801e-03	-2.111053e-02	9.313732e+00	2.663877e-01	2.823433e-01	1.276687e+01	-5.860589e+00	-1.639635e-02	2.582472e-02
0.568         	5.484254e-01	6.906176e+00	9.395431e-03	-7.958674e-03	-2.102561e-02	9.312448e+00	2.662540e-01	2.821714e-01	1.276554e+01	-5.859360e+00	-1.632789e-02	2.572332e-02
0.569         	5.481428e-01	6.906061e+00	9.367496e-03	-7.945639e-03	-2.095557e-02	9.311188e+00	2.661258e-01	2.820171e-01	1.276422e+01	-5.858157e+00	-1.627182e-02	2.563932e-02
0.57          	5.478815e-01	6.905942e+00	9.338970e-03	-7.934368e-03	-2.088477e-02	9.309931e+00	2.660064e-01	2.818751e-01	1.276290e+01	-5.856961e+00	-1.621529e-02	2.555426e-02
0.571         	5.476391e-01	6.905812e+00	9.302363e-03	-7.919233e-03	-2.079426e-02	9.308659e+00	2.659003e-01	2.817388e-01	1.276157e+01	-5.855753e+00	-1.614308e-02	2.544544e-02
0.572         	5.474132e-01	6.905659e+00	9.255545e-03	-7.897657e-03	-2.067837e-02	9.307353e+00	2.658090e-01	2.816043e-01	1.276018e+01	-5.854523e+00	-1.605060e-02	2.530615e-02
0.573         	5.472027e-01	6.905472e+00	9.201025e-03	-7.871569e-03	-2.054572e-02	9.306003e+00	2.657298e-01	2.814729e-01	1.275874e+01	-5.853267e+00	-1.594520e-02	2.514623e-02
0.574         	5.470074e-01	6.905264e+00	9.144723e-03	-7.843726e-03	-2.040966e-02	9.304628e+00	2.656600e-01	2.813474e-01	1.275726e+01	-5.851996e+00	-1.583730e-02	2.498202e-02
0.575         	5.468260e-01	6.905060e+00	9.091716e-03	-7.814609e-03	-2.028093e-02	9.303254e+00	2.655984e-01	2.812276e-01	1.275578e+01	-5.850724e+00	-1.573507e-02	2.482679e-02
0.576         	5.466557e-01	6.904859e+00	9.042368e-03	-7.780039e-03	-2.015784e-02	9.301868e+00	2.655478e-01	2.811079e-01	1.275430e+01	-5.849438e+00	-1.563666e-02	2.467903e-02
0.577         	5.464936e-01	6.904642e+00	8.990529e-03	-7.736100e-03	-2.002766e-02	9.300442e+00	2.655107e-01	2.809829e-01	1.275276e+01	-5.848122e+00	-1.553239e-02	2.452292e-02
0.578         	5.463386e-01	6.904416e+00	8.934300e-03	-7.686125e-03	-1.988566e-02	9.298983e+00	2.654832e-01	2.808554e-01	1.275119e+01	-5.846775e+00	-1.541851e-02	2.435281e-02
0.579         	5.461909e-01	6.904191e+00	8.877801e-03	-7.634328e-03	-1.974006e-02	9.297493e+00	2.654611e-01	2.807298e-01	1.274959e+01	-5.845397e+00	-1.530116e-02	2.417896e-02
0.58          	5.460532e-01	6.903963e+00	8.819674e-03	-7.577008e-03	-1.958688e-02	9.295972e+00	2.654496e-01	2.806036e-01	1.274795e+01	-5.843991e+00	-1.517705e-02	2.399672e-02
0.581         	5.459262e-01	6.903710e+00	8.759439e-03	-7.515006e-03	-1.942934e-02	9.294392e+00	2.654481e-01	2.804781e-01	1.274625e+01	-5.842537e+00	-1.504962e-02	2.380906e-02
0.582         	5.458086e-01	6.903436e+00	8.700852e-03	-7.449240e-03	-1.927723e-02	9.292739e+00	2.654551e-01	2.803535e-01	1.274446e+01	-5.841020e+00	-1.492680e-02	2.362765e-02
0.583         	5.456995e-01	6.903131e+00	8.650089e-03	-7.379766e-03	-1.914642e-02	9.290975e+00	2.654700e-01	2.802295e-01	1.274254e+01	-5.839409e+00	-1.482137e-02	2.347146e-02
0.584         	5.455979e-01	6.902810e+00	8.605096e-03	-7.305793e-03	-1.903205e-02	9.289163e+00	2.654932e-01	2.801048e-01	1.274057e+01	-5.837758e+00	-1.472950e-02	2.333460e-02
0.585         	5.455058e-01	6.902481e+00	8.563164e-03	-7.227767e-03	-1.893207e-02	9.287354e+00	2.655251e-01	2.799807e-01	1.273859e+01	-5.836114e+00	-1.465049e-02	2.321365e-02
0.586         	5.454268e-01	6.902150e+00	8.527201e-03	-7.144667e-03	-1.885185e-02	9.285587e+00	2.655687e-01	2.798581e-01	1.273666e+01	-5.834512e+00	-1.458825e-02	2.311545e-02
0.587         	5.453631e-01	6.901822e+00	8.496201e-03	-7.057049e-03	-1.878833e-02	9.283854e+00	2.656245e-01	2.797386e-01	1.273477e+01	-5.832943e+00	-1.454023e-02	2.303643e-02
0.588         	5.453146e-01	6.901495e+00	8.472228e-03	-6.967211e-03	-1.874404e-02	9.282134e+00	2.656901e-01	2.796245e-01	1.273288e+01	-5.831386e+00	-1.450793e-02	2.298015e-02
0.589         	5.452831e-01	6.901155e+00	8.453372e-03	-6.873958e-03	-1.871075e-02	9.280403e+00	2.657676e-01	2.795155e-01	1.273098e+01	-5.829826e+00	-1.448406e-02	2.293743e-02
0.59          	5.452685e-01	6.900805e+00	8.438790e-03	-6.778277e-03	-1.869009e-02	9.278709e+00	2.658560e-01	2.794125e-01	1.272911e+01	-5.828307e+00	-1.447070e-02	2.290949e-02
0.591         	5.452672e-01	6.900490e+00	8.425953e-03	-6.683736e-03	-1.868439e-02	9.277150e+00	2.659499e-01	2.793173e-01	1.272740e+01	-5.826906e+00	-1.447141e-02	2.289736e-02
0.592         	5.452737e-01	6.900199e+00	8.414706e-03	-6.588188e-03	-1.868695e-02	9.275719e+00	2.660486e-01	2.792250e-01	1.272582e+01	-5.825620e+00	-1.447960e-02	2.289430e-02
0.593         	5.452833e-01	6.899908e+00	8.403618e-03	-6.490651e-03	-1.869114e-02	9.274357e+00	2.661510e-01	2.791323e-01	1.272431e+01	-5.824403e+00	-1.448933e-02	2.289295e-02
0.594         	5.452961e-01	6.899609e+00	8.395382e-03	-6.397449e-03	-1.870309e-02	9.273029e+00	2.662506e-01	2.790455e-01	1.272283e+01	-5.823225e+00	-1.450540e-02	2.290078e-02
0.595         	5.453138e-01	6.899312e+00	8.396367e-03	-6.312811e-03	-1.873460e-02	9.271741e+00	2.663441e-01	2.789697e-01	1.272140e+01	-5.822085e+00	-1.453642e-02	2.293279e-02
0.596         	5.453336e-01	6.899010e+00	8.407947e-03	-6.243298e-03	-1.878936e-02	9.270513e+00	2.664235e-01	2.789101e-01	1.272002e+01	-5.821008e+00	-1.458539e-02	2.299334e-02
0.597         	5.453524e-01	6.898712e+00	8.428517e-03	-6.191012e-03	-1.886807e-02	9.269365e+00	2.664852e-01	2.788672e-01	1.271872e+01	-5.820009e+00	-1.465382e-02	2.308233e-02
0.598         	5.453693e-01	6.898427e+00	8.456170e-03	-6.157059e-03	-1.897077e-02	9.268314e+00	2.665276e-01	2.788417e-01	1.271753e+01	-5.819101e+00	-1.474268e-02	2.319885e-02
0.599         	5.453857e-01	6.898138e+00	8.496230e-03	-6.140206e-03	-1.910433e-02	9.267344e+00	2.665527e-01	2.788331e-01	1.271641e+01	-5.818275e+00	-1.485622e-02	2.335245e-02
0.6           	5.454026e-01	6.897838e+00	8.553611e-03	-6.143371e-03	-1.928267e-02	9.266450e+00	2.665579e-01	2.788447e-01	1.271537e+01	-5.817531e+00	-1.500586e-02	2.355947e-02
0.601         	5.454189e-01	6.897527e+00	8.628865e-03	-6.166148e-03	-1.950800e-02	9.265618e+00	2.665433e-01	2.788756e-01	1.271438e+01	-5.816854e+00	-1.519357e-02	2.382243e-02
0.602         	5.454305e-01	6.897199e+00	8.724549e-03	-6.203640e-03	-1.978294e-02	9.264819e+00	2.665116e-01	2.789189e-01	1.271342e+01	-5.816220e+00	-1.542066e-02	2.414521e-02
0.603         	5.454356e-01	6.896829e+00	8.839659e-03	-6.258148e-03	-2.010717e-02	9.264027e+00	2.664597e-01	2.789759e-01	1.271244e+01	-5.815612e+00	-1.568734e-02	2.452700e-02
0.604         	5.454354e-01	6.896428e+00	8.974342e-03	-6.329407e-03	-2.048072e-02	9.263253e+00	2.663883e-01	2.790471e-01	1.271147e+01	-5.815039e+00	-1.599354e-02	2.496789e-02
0.605         	5.454308e-01	6.896024e+00	9.129377e-03	-6.416367e-03	-2.090418e-02	9.262536e+00	2.662990e-01	2.791318e-01	1.271055e+01	-5.814524e+00	-1.633949e-02	2.546887e-02
0.606         	5.454175e-01	6.895610e+00	9.295637e-03	-6.516387e-03	-2.135595e-02	9.261890e+00	2.661924e-01	2.792251e-01	1.270970e+01	-5.814085e+00	-1.670813e-02	2.600377e-02
0.607         	5.453924e-01	6.895206e+00	9.462564e-03	-6.622650e-03	-2.180840e-02	9.261346e+00	2.660735e-01	2.793188e-01	1.270895e+01	-5.813742e+00	-1.707712e-02	2.653969e-02
0.608         	5.453529e-01	6.894807e+00	9.622068e-03	-6.730572e-03	-2.224213e-02	9.260888e+00	2.659459e-01	2.794070e-01	1.270829e+01	-5.813484e+00	-1.743109e-02	2.705316e-02
0.609         	5.452977e-01	6.894381e+00	9.774467e-03	-6.839217e-03	-2.265559e-02	9.260463e+00	2.658096e-01	2.794881e-01	1.270765e+01	-5.813272e+00	-1.776835e-02	2.754282e-02
0.61          	5.452278e-01	6.893920e+00	9.928999e-03	-6.951012e-03	-2.306746e-02	9.260049e+00	2.656629e-01	2.795649e-01	1.270701e+01	-5.813089e+00	-1.810296e-02	2.803196e-02
0.611         	5.451447e-01	6.893439e+00	1.008932e-02	-7.068746e-03	-2.348652e-02	9.259673e+00	2.655036e-01	2.796411e-01	1.270639e+01	-5.812953e+00	-1.844186e-02	2.853119e-02
0.612         	5.450500e-01	6.892959e+00	1.025629e-02	-7.191235e-03	-2.391608e-02	9.259351e+00	2.653337e-01	2.797162e-01	1.270583e+01	-5.812872e+00	-1.878794e-02	2.904423e-02
0.613         	5.449426e-01	6.892465e+00	1.042425e-02	-7.316138e-03	-2.434566e-02	9.259078e+00	2.651552e-01	2.797874e-01	1.270531e+01	-5.812846e+00	-1.913354e-02	2.955778e-02
0.614         	5.448214e-01	6.891972e+00	1.058471e-02	-7.441204e-03	-2.475859e-02	9.258865e+00	2.649695e-01	2.798519e-01	1.270485e+01	-5.812879e+00	-1.946623e-02	3.005094e-02
0.615         	5.446860e-01	6.891487e+00	1.073830e-02	-7.561389e-03	-2.514907e-02	9.258705e+00	2.647816e-01	2.799044e-01	1.270445e+01	-5.812962e+00	-1.977992e-02	3.051822e-02
0.616         	5.445357e-01	6.890949e+00	1.088288e-02	-7.675977e-03	-2.551097e-02	9.258528e+00	2.645919e-01	2.799438e-01	1.270400e+01	-5.813053e+00	-2.006953e-02	3.095241e-02
0.617         	5.443729e-01	6.890375e+00	1.101525e-02	-7.783382e-03	-2.583960e-02	9.258344e+00	2.644031e-01	2.799699e-01	1.270353e+01	-5.813157e+00	-2.033198e-02	3.134723e-02
0.618         	5.441995e-01	6.889773e+00	1.113810e-02	-7.879570e-03	-2.613660e-02	9.258154e+00	2.642202e-01	2.799793e-01	1.270304e+01	-5.813268e+00	-2.056755e-02	3.170565e-02
0.619         	5.440177e-01	6.889126e+00	1.124675e-02	-7.966653e-03	-2.639677e-02	9.257932e+00	2.640422e-01	2.799755e-01	1.270250e+01	-5.813370e+00	-2.077339e-02	3.202015e-02
0.62          	5.438324e-01	6.888454e+00	1.134034e-02	-8.043136e-03	-2.661800e-02	9.257697e+00	2.638731e-01	2.799594e-01	1.270192e+01	-5.813469e+00	-2.094783e-02	3.228817e-02
0.621         	5.436450e-01	6.887753e+00	1.141960e-02	-8.106206e-03	-2.679710e-02	9.257443e+00	2.637163e-01	2.799287e-01	1.270132e+01	-5.813567e+00	-2.108729e-02	3.250690e-02
0.622         	5.434553e-01	6.887006e+00	1.148006e-02	-8.157849e-03	-2.692869e-02	9.257154e+00	2.635698e-01	2.798855e-01	1.270066e+01	-5.813651e+00	-2.118866e-02	3.266871e-02
0.623         	5.432633e-01	6.886225e+00	1.152393e-02	-8.199475e-03	-2.701783e-02	9.256837e+00	2.634322e-01	2.798311e-01	1.269995e+01	-5.813724e+00	-2.125587e-02	3.277980e-02
0.624         	5.430711e-01	6.885415e+00	1.155390e-02	-8.231911e-03	-2.706837e-02	9.256512e+00	2.633036e-01	2.797674e-01	1.269922e+01	-5.813805e+00	-2.129142e-02	3.284531e-02
0.625         	5.428828e-01	6.884575e+00	1.156844e-02	-8.255883e-03	-2.707917e-02	9.256185e+00	2.631855e-01	2.796973e-01	1.269847e+01	-5.813897e+00	-2.129496e-02	3.286339e-02
0.626         	5.427019e-01	6.883710e+00	1.156695e-02	-8.270313e-03	-2.704784e-02	9.255859e+00	2.630806e-01	2.796213e-01	1.269771e+01	-5.814004e+00	-2.126437e-02	3.283132e-02
0.627         	5.425301e-01	6.882818e+00	1.154654e-02	-8.273181e-03	-2.696670e-02	9.255524e+00	2.629919e-01	2.795382e-01	1.269693e+01	-5.814114e+00	-2.119343e-02	3.273997e-02
0.628         	5.423688e-01	6.881897e+00	1.150667e-02	-8.261840e-03	-2.683230e-02	9.255165e+00	2.629225e-01	2.794462e-01	1.269611e+01	-5.814216e+00	-2.107897e-02	3.258563e-02
0.629         	5.422203e-01	6.880937e+00	1.144698e-02	-8.236690e-03	-2.664249e-02	9.254778e+00	2.628735e-01	2.793468e-01	1.269525e+01	-5.814310e+00	-2.091899e-02	3.236598e-02
0.63          	5.420875e-01	6.879942e+00	1.136863e-02	-8.201001e-03	-2.639966e-02	9.254387e+00	2.628427e-01	2.792447e-01	1.269436e+01	-5.814416e+00	-2.071535e-02	3.208398e-02
0.631         	5.419727e-01	6.878917e+00	1.127535e-02	-8.156899e-03	-2.611182e-02	9.254005e+00	2.628294e-01	2.791432e-01	1.269346e+01	-5.814546e+00	-2.047414e-02	3.174949e-02
0.632         	5.418763e-01	6.877874e+00	1.117054e-02	-8.107881e-03	-2.578556e-02	9.253655e+00	2.628303e-01	2.790460e-01	1.269259e+01	-5.814718e+00	-2.020029e-02	3.137083e-02
0.633         	5.417980e-01	6.876823e+00	1.105436e-02	-8.054558e-03	-2.542080e-02	9.253347e+00	2.628444e-01	2.789536e-01	1.269176e+01	-5.814935e+00	-1.989362e-02	3.094798e-02
0.634         	5.417387e-01	6.875755e+00	1.092650e-02	-7.997656e-03	-2.501891e-02	9.253058e+00	2.628717e-01	2.788670e-01	1.269094e+01	-5.815180e+00	-1.955566e-02	3.048216e-02
0.635         	5.416976e-01	6.874668e+00	1.078612e-02	-7.938754e-03	-2.458018e-02	9.252779e+00	2.629101e-01	2.787876e-01	1.269011e+01	-5.815445e+00	-1.918713e-02	2.997324e-02
0.636         	5.416749e-01	6.873580e+00	1.063294e-02	-7.875443e-03	-2.410184e-02	9.252538e+00	2.629620e-01	2.787129e-01	1.268933e+01	-5.815748e+00	-1.878537e-02	2.941831e-02
0.637         	5.416705e-01	6.872496e+00	1.046783e-02	-7.805442e-03	-2.358608e-02	9.252354e+00	2.630298e-01	2.786407e-01	1.268860e+01	-5.816106e+00	-1.835217e-02	2.882000e-02
0.638         	5.416855e-01	6.871437e+00	1.029199e-02	-7.729282e-03	-2.303901e-02	9.252254e+00	2.631135e-01	2.785720e-01	1.268797e+01	-5.816536e+00	-1.789302e-02	2.818500e-02
0.639         	5.417209e-01	6.870427e+00	1.011091e-02	-7.647393e-03	-2.247250e-02	9.252270e+00	2.632131e-01	2.785079e-01	1.268748e+01	-5.817056e+00	-1.741705e-02	2.752796e-02
0.64          	5.417747e-01	6.869471e+00	9.925876e-03	-7.561571e-03	-2.189068e-02	9.252411e+00	2.633258e-01	2.784489e-01	1.268715e+01	-5.817676e+00	-1.692775e-02	2.685362e-02
0.641         	5.418452e-01	6.868574e+00	9.734262e-03	-7.473769e-03	-2.128967e-02	9.252668e+00	2.634488e-01	2.783964e-01	1.268695e+01	-5.818381e+00	-1.642253e-02	2.615680e-02
0.642         	5.419305e-01	6.867736e+00	9.537617e-03	-7.383941e-03	-2.067176e-02	9.253024e+00	2.635813e-01	2.783492e-01	1.268689e+01	-5.819156e+00	-1.590295e-02	2.544057e-02
0.643         	5.420312e-01	6.866955e+00	9.338201e-03	-7.292865e-03	-2.004422e-02	9.253476e+00	2.637227e-01	2.783085e-01	1.268695e+01	-5.819998e+00	-1.537512e-02	2.471332e-02
0.644         	5.421483e-01	6.866244e+00	9.134422e-03	-7.197072e-03	-1.940406e-02	9.254039e+00	2.638771e-01	2.782712e-01	1.268716e+01	-5.820916e+00	-1.483685e-02	2.397127e-02
0.645         	5.422826e-01	6.865616e+00	8.927111e-03	-7.096064e-03	-1.875508e-02	9.254735e+00	2.640453e-01	2.782374e-01	1.268754e+01	-5.821927e+00	-1.429153e-02	2.321864e-02
0.646         	5.424327e-01	6.865075e+00	8.717367e-03	-6.988277e-03	-1.810017e-02	9.255568e+00	2.642281e-01	2.782046e-01	1.268811e+01	-5.823031e+00	-1.374148e-02	2.245885e-02
0.647         	5.425980e-01	6.864626e+00	8.506197e-03	-6.874925e-03	-1.744363e-02	9.256538e+00	2.644241e-01	2.781739e-01	1.268885e+01	-5.824225e+00	-1.319053e-02	2.169673e-02
0.648         	5.427777e-01	6.864282e+00	8.293792e-03	-6.760398e-03	-1.678559e-02	9.257661e+00	2.646285e-01	2.781492e-01	1.268980e+01	-5.825520e+00	-1.263869e-02	2.093248e-02
0.649         	5.429730e-01	6.864049e+00	8.083153e-03	-6.649207e-03	-1.613451e-02	9.258943e+00	2.648373e-01	2.781357e-01	1.269097e+01	-5.826919e+00	-1.209294e-02	2.017609e-02
0.65          	5.431841e-01	6.863929e+00	7.877747e-03	-6.542567e-03	-1.550283e-02	9.260386e+00	2.650495e-01	2.781346e-01	1.269235e+01	-5.828421e+00	-1.156395e-02	1.944170e-02
0.651         	5.434101e-01	6.863918e+00	7.679086e-03	-6.439920e-03	-1.489686e-02	9.261989e+00	2.652651e-01	2.781450e-01	1.269395e+01	-5.830030e+00	-1.105732e-02	1.873641e-02
0.652         	5.436511e-01	6.864022e+00	7.488757e-03	-6.340651e-03	-1.431943e-02	9.263759e+00	2.654849e-01	2.781662e-01	1.269577e+01	-5.831748e+00	-1.057505e-02	1.806381e-02
0.653         	5.439046e-01	6.864245e+00	7.302996e-03	-6.242718e-03	-1.376306e-02	9.265691e+00	2.657096e-01	2.781950e-01	1.269781e+01	-5.833569e+00	-1.011156e-02	1.741455e-02
0.654         	5.441691e-01	6.864595e+00	7.121199e-03	-6.146187e-03	-1.322754e-02	9.267784e+00	2.659384e-01	2.782308e-01	1.270008e+01	-5.835487e+00	-9.666939e-03	1.678814e-02
0.655         	5.444443e-01	6.865067e+00	6.947472e-03	-6.049780e-03	-1.272177e-02	9.270023e+00	2.661724e-01	2.782720e-01	1.270256e+01	-5.837489e+00	-9.248031e-03	1.619550e-02
0.656         	5.447343e-01	6.865666e+00	6.784185e-03	-5.949349e-03	-1.225145e-02	9.272414e+00	2.664178e-01	2.783165e-01	1.270525e+01	-5.839581e+00	-8.859361e-03	1.564355e-02
0.657         	5.450418e-01	6.866376e+00	6.633269e-03	-5.846015e-03	-1.181780e-02	9.274936e+00	2.666749e-01	2.783669e-01	1.270812e+01	-5.841748e+00	-8.501164e-03	1.513443e-02
0.658         	5.453656e-01	6.867181e+00	6.496572e-03	-5.744571e-03	-1.142093e-02	9.277556e+00	2.669382e-01	2.784273e-01	1.271115e+01	-5.843965e+00	-8.172644e-03	1.466922e-02
0.659         	5.457051e-01	6.868085e+00	6.368496e-03	-5.646196e-03	-1.105088e-02	9.280270e+00	2.672064e-01	2.784988e-01	1.271431e+01	-5.846227e+00	-7.866631e-03	1.423513e-02
0.66          	5.460603e-01	6.869090e+00	6.245489e-03	-5.552294e-03	-1.069790e-02	9.283083e+00	2.674778e-01	2.785824e-01	1.271763e+01	-5.848538e+00	-7.575158e-03	1.382065e-02
0.661         	5.464297e-01	6.870194e+00	6.124997e-03	-5.460188e-03	-1.035446e-02	9.286008e+00	2.677547e-01	2.786751e-01	1.272110e+01	-5.850911e+00	-7.291962e-03	1.341696e-02
0.662         	5.468140e-01	6.871394e+00	6.003855e-03	-5.367649e-03	-1.000710e-02	9.289040e+00	2.680394e-01	2.787747e-01	1.272474e+01	-5.853343e+00	-7.005170e-03	1.300903e-02
0.663         	5.472113e-01	6.872683e+00	5.883430e-03	-5.274400e-03	-9.655872e-03	9.292165e+00	2.683313e-01	2.788801e-01	1.272851e+01	-5.855823e+00	-6.714157e-03	1.259759e-02
0.664         	5.476195e-01	6.874048e+00	5.761993e-03	-5.184107e-03	-9.296862e-03	9.295343e+00	2.686256e-01	2.789939e-01	1.273237e+01	-5.858319e+00	-6.415866e-03	1.217786e-02
0.665         	5.480328e-01	6.875483e+00	5.643104e-03	-5.097764e-03	-8.940945e-03	9.298555e+00	2.689186e-01	2.791142e-01	1.273630e+01	-5.860813e+00	-6.119393e-03	1.176250e-02
0.666         	5.484442e-01	6.876982e+00	5.528705e-03	-5.016274e-03	-8.591674e-03	9.301788e+00	2.692058e-01	2.792384e-01	1.274028e+01	-5.863297e+00	-5.827321e-03	1.135603e-02
0.667         	5.488483e-01	6.878548e+00	5.416482e-03	-4.932688e-03	-8.239752e-03	9.305074e+00	2.694915e-01	2.793568e-01	1.274435e+01	-5.865800e+00	-5.531511e-03	1.094799e-02
0.668         	5.492446e-01	6.880176e+00	5.298280e-03	-4.844045e-03	-7.869499e-03	9.308434e+00	2.697782e-01	2.794663e-01	1.274852e+01	-5.868346e+00	-5.220359e-03	1.051864e-02
0.669         	5.496339e-01	6.881872e+00	5.167623e-03	-4.745250e-03	-7.467754e-03	9.311868e+00	2.700717e-01	2.795622e-01	1.275280e+01	-5.870932e+00	-4.883942e-03	1.005157e-02
0.67          	5.500141e-01	6.883619e+00	5.025884e-03	-4.637080e-03	-7.038083e-03	9.315348e+00	2.703699e-01	2.796441e-01	1.275716e+01	-5.873538e+00	-4.525141e-03	9.551025e-03
0.671         	5.503759e-01	6.885397e+00	4.878870e-03	-4.524832e-03	-6.593856e-03	9.318841e+00	2.706631e-01	2.797128e-01	1.276154e+01	-5.876143e+00	-4.154421e-03	9.033291e-03
0.672         	5.507117e-01	6.887196e+00	4.729179e-03	-4.408693e-03	-6.136225e-03	9.322335e+00	2.709471e-01	2.797645e-01	1.276593e+01	-5.878738e+00	-3.771635e-03	8.500814e-03
0.673         	5.510194e-01	6.889004e+00	4.578269e-03	-4.286407e-03	-5.659965e-03	9.325819e+00	2.712233e-01	2.797961e-01	1.277032e+01	-5.881317e+00	-3.370831e-03	7.949100e-03
0.674         	5.512991e-01	6.890828e+00	4.425108e-03	-4.157668e-03	-5.160660e-03	9.329296e+00	2.714919e-01	2.798072e-01	1.277471e+01	-5.883882e+00	-2.948106e-03	7.373214e-03
0.675         	5.515510e-01	6.892676e+00	4.271704e-03	-4.026516e-03	-4.651685e-03	9.332778e+00	2.717490e-01	2.798020e-01	1.277912e+01	-5.886440e+00	-2.515833e-03	6.787537e-03
0.676         	5.517752e-01	6.894543e+00	4.119081e-03	-3.897910e-03	-4.154075e-03	9.336258e+00	2.719897e-01	2.797855e-01	1.278353e+01	-5.888987e+00	-2.094535e-03	6.213616e-03
0.677         	5.519697e-01	6.896399e+00	3.969005e-03	-3.777274e-03	-3.680970e-03	9.339702e+00	2.722076e-01	2.797621e-01	1.278790e+01	-5.891502e+00	-1.696467e-03	5.665472e-03
0.678         	5.521319e-01	6.898229e+00	3.821952e-03	-3.662204e-03	-3.228031e-03	9.343079e+00	2.724038e-01	2.797282e-01	1.279219e+01	-5.893965e+00	-1.317055e-03	5.139007e-03
0.679         	5.522596e-01	6.900017e+00	3.677878e-03	-3.547814e-03	-2.783295e-03	9.346379e+00	2.725820e-01	2.796776e-01	1.279639e+01	-5.896371e+00	-9.443562e-04	4.622234e-03
0.68          	5.523543e-01	6.901762e+00	3.538243e-03	-3.434833e-03	-2.346240e-03	9.349619e+00	2.727423e-01	2.796120e-01	1.280050e+01	-5.898738e+00	-5.771184e-04	4.115362e-03
0.681         	5.524194e-01	6.903479e+00	3.406428e-03	-3.324758e-03	-1.927075e-03	9.352816e+00	2.728850e-01	2.795345e-01	1.280456e+01	-5.901077e+00	-2.238609e-04	3.630289e-03
0.682         	5.524577e-01	6.905192e+00	3.285587e-03	-3.218378e-03	-1.538139e-03	9.356000e+00	2.730105e-01	2.794472e-01	1.280860e+01	-5.903404e+00	1.046548e-04	3.180933e-03
0.683         	5.524694e-01	6.906924e+00	3.173555e-03	-3.113667e-03	-1.182167e-03	9.359180e+00	2.731210e-01	2.793483e-01	1.281264e+01	-5.905718e+00	4.046106e-04	2.768944e-03
0.684         	5.524559e-01	6.908685e+00	3.071220e-03	-3.013397e-03	-8.584309e-04	9.362361e+00	2.732146e-01	2.792413e-01	1.281670e+01	-5.908019e+00	6.771793e-04	2.394041e-03
0.685         	5.524214e-01	6.910479e+00	2.979701e-03	-2.917308e-03	-5.703096e-04	9.365544e+00	2.732934e-01	2.791280e-01	1.282078e+01	-5.910305e+00	9.195409e-04	2.060160e-03
0.686         	5.523721e-01	6.912280e+00	2.898971e-03	-2.827758e-03	-3.181272e-04	9.368715e+00	2.733583e-01	2.790138e-01	1.282486e+01	-5.912575e+00	1.131358e-03	1.767613e-03
0.687         	5.523114e-01	6.914066e+00	2.826960e-03	-2.742826e-03	-9.491356e-05	9.371851e+00	2.734129e-01	2.788985e-01	1.282888e+01	-5.914819e+00	1.318566e-03	1.508393e-03
0.688         	5.522434e-01	6.915828e+00	2.762445e-03	-2.661491e-03	1.025710e-04	9.374943e+00	2.734602e-01	2.787832e-01	1.283286e+01	-5.917029e+00	1.483794e-03	1.278652e-03
0.689         	5.521706e-01	6.917578e+00	2.705965e-03	-2.586265e-03	2.741964e-04	9.377978e+00	2.734990e-01	2.786716e-01	1.283677e+01	-5.919189e+00	1.627179e-03	1.078786e-03
0.69          	5.520942e-01	6.919352e+00	2.658318e-03	-2.513563e-03	4.126900e-04	9.380988e+00	2.735335e-01	2.785606e-01	1.284066e+01	-5.921312e+00	1.741849e-03	9.164688e-04
0.691         	5.520178e-01	6.921162e+00	2.621667e-03	-2.445154e-03	5.143509e-04	9.383975e+00	2.735637e-01	2.784540e-01	1.284456e+01	-5.923394e+00	1.825185e-03	7.964827e-04
0.692         	5.519437e-01	6.922998e+00	2.593364e-03	-2.381793e-03	5.854648e-04	9.386935e+00	2.735900e-01	2.783536e-01	1.284843e+01	-5.925436e+00	1.882147e-03	7.112174e-04
0.693         	5.518724e-01	6.924837e+00	2.571080e-03	-2.321993e-03	6.412885e-04	9.389848e+00	2.736142e-01	2.782582e-01	1.285227e+01	-5.927430e+00	1.926828e-03	6.442514e-04
0.694         	5.518036e-01	6.926664e+00	2.553658e-03	-2.263406e-03	6.829375e-04	9.392708e+00	2.736384e-01	2.781652e-01	1.285604e+01	-5.929377e+00	1.959767e-03	5.938916e-04
0.695         	5.517369e-01	6.928485e+00	2.537593e-03	-2.202400e-03	7.154497e-04	9.395523e+00	2.736661e-01	2.780709e-01	1.285977e+01	-5.931280e+00	1.984246e-03	5.533470e-04
0.696         	5.516705e-01	6.930320e+00	2.524913e-03	-2.141210e-03	7.341044e-04	9.398310e+00	2.736940e-01	2.779765e-01	1.286347e+01	-5.933150e+00	1.996561e-03	5.283523e-04
0.697         	5.516064e-01	6.932182e+00	2.524267e-03	-2.088525e-03	7.151588e-04	9.401100e+00	2.737147e-01	2.778917e-01	1.286719e+01	-5.935010e+00	1.977292e-03	5.469749e-04
0.698         	5.515469e-01	6.934077e+00	2.536216e-03	-2.051211e-03	6.614330e-04	9.403904e+00	2.737222e-01	2.778246e-01	1.287094e+01	-5.936866e+00	1.929541e-03	6.066752e-04
0.699         	5.514959e-01	6.936006e+00	2.557528e-03	-2.023528e-03	5.897683e-04	9.406733e+00	2.737244e-01	2.777715e-01	1.287474e+01	-5.938730e+00	1.868532e-03	6.889957e-04
0.7           	5.514589e-01	6.937936e+00	2.581290e-03	-2.002344e-03	5.201022e-04	9.409552e+00	2.737271e-01	2.777318e-01	1.287852e+01	-5.940584e+00	1.810747e-03	7.705429e-04
0.701         	5.514371e-01	6.939853e+00	2.600202e-03	-1.978557e-03	4.708195e-04	9.412356e+00	2.737400e-01	2.776971e-01	1.288228e+01	-5.942430e+00	1.770921e-03	8.292816e-04
0.702         	5.514281e-01	6.941762e+00	2.613737e-03	-1.952534e-03	4.366853e-04	9.415157e+00	2.737615e-01	2.776666e-01	1.288604e+01	-5.944276e+00	1.743554e-03	8.701832e-04
0.703         	5.514282e-01	6.943658e+00	2.627843e-03	-1.931297e-03	3.955888e-04	9.417919e+00	2.737828e-01	2.776454e-01	1.288975e+01	-5.946089e+00	1.709510e-03	9.183327e-04
0.704         	5.514349e-01	6.945541e+00	2.645727e-03	-1.914754e-03	3.376219e-04	9.420618e+00	2.738027e-01	2.776322e-01	1.289339e+01	-5.947847e+00	1.660485e-03	9.852414e-04
0.705         	5.514518e-01	6.947410e+00	2.669871e-03	-1.901994e-03	2.608551e-04	9.423248e+00	2.738239e-01	2.776279e-01	1.289695e+01	-5.949543e+00	1.595791e-03	1.074081e-03
0.706         	5.514811e-01	6.949256e+00	2.696285e-03	-1.886886e-03	1.813302e-04	9.425792e+00	2.738537e-01	2.776274e-01	1.290042e+01	-5.951164e+00	1.529473e-03	1.166812e-03
0.707         	5.515243e-01	6.951059e+00	2.716980e-03	-1.867701e-03	1.212829e-04	9.428250e+00	2.738945e-01	2.776299e-01	1.290378e+01	-5.952720e+00	1.479773e-03	1.237207e-03
0.708         	5.515819e-01	6.952802e+00	2.730682e-03	-1.847749e-03	8.020449e-05	9.430628e+00	2.739432e-01	2.776387e-01	1.290703e+01	-5.954227e+00	1.445546e-03	1.285137e-03
0.709         	5.516494e-01	6.954466e+00	2.741125e-03	-1.832394e-03	4.392873e-05	9.432892e+00	2.739923e-01	2.776571e-01	1.291012e+01	-5.955659e+00	1.414491e-03	1.326634e-03
0.71          	5.517235e-01	6.956048e+00	2.753411e-03	-1.822908e-03	-2.988104e-06	9.435021e+00	2.740388e-01	2.776846e-01	1.291304e+01	-5.956997e+00	1.373718e-03	1.379694e-03
0.711         	5.518006e-01	6.957520e+00	2.771218e-03	-1.820340e-03	-7.247192e-05	9.436948e+00	2.740799e-01	2.777206e-01	1.291571e+01	-5.958188e+00	1.313137e-03	1.458081e-03
0.712         	5.518810e-01	6.958895e+00	2.794880e-03	-1.818004e-03	-1.658996e-04	9.438710e+00	2.741225e-01	2.777585e-01	1.291816e+01	-5.959263e+00	1.231541e-03	1.563340e-03
0.713         	5.519659e-01	6.960185e+00	2.822430e-03	-1.808242e-03	-2.709875e-04	9.440352e+00	2.741747e-01	2.777912e-01	1.292044e+01	-5.960260e+00	1.140227e-03	1.682202e-03
0.714         	5.520575e-01	6.961357e+00	2.855100e-03	-1.794875e-03	-3.862953e-04	9.441812e+00	2.742339e-01	2.778236e-01	1.292249e+01	-5.961134e+00	1.041255e-03	1.813845e-03
0.715         	5.521527e-01	6.962409e+00	2.894138e-03	-1.784927e-03	-5.161928e-04	9.443107e+00	2.742914e-01	2.778613e-01	1.292431e+01	-5.961902e+00	9.308764e-04	1.963262e-03
0.716         	5.522457e-01	6.963373e+00	2.940488e-03	-1.778036e-03	-6.635821e-04	9.444299e+00	2.743448e-01	2.779009e-01	1.292599e+01	-5.962613e+00	8.066620e-04	2.133826e-03
0.717         	5.523320e-01	6.964238e+00	2.989571e-03	-1.769926e-03	-8.213882e-04	9.445371e+00	2.743961e-01	2.779359e-01	1.292749e+01	-5.963252e+00	6.733974e-04	2.316174e-03
0.718         	5.524157e-01	6.964976e+00	3.038698e-03	-1.758538e-03	-9.825368e-04	9.446282e+00	2.744493e-01	2.779664e-01	1.292877e+01	-5.963794e+00	5.368121e-04	2.501886e-03
0.719         	5.524957e-01	6.965608e+00	3.087736e-03	-1.733004e-03	-1.156510e-03	9.447114e+00	2.745149e-01	2.779809e-01	1.292992e+01	-5.964310e+00	3.873584e-04	2.700378e-03
0.72          	5.525675e-01	6.966150e+00	3.141224e-03	-1.696177e-03	-1.352050e-03	9.447900e+00	2.745876e-01	2.779799e-01	1.293098e+01	-5.964825e+00	2.185624e-04	2.922662e-03
0.721         	5.526214e-01	6.966609e+00	3.198689e-03	-1.657166e-03	-1.565005e-03	9.448640e+00	2.746535e-01	2.779679e-01	1.293194e+01	-5.965336e+00	3.433899e-05	3.164350e-03
0.722         	5.526492e-01	6.966998e+00	3.256341e-03	-1.619649e-03	-1.776865e-03	9.449338e+00	2.747049e-01	2.779442e-01	1.293284e+01	-5.965839e+00	-1.486947e-04	3.405036e-03
0.723         	5.526515e-01	6.967298e+00	3.312169e-03	-1.580007e-03	-1.979739e-03	9.449950e+00	2.747457e-01	2.779058e-01	1.293360e+01	-5.966301e+00	-3.236546e-04	3.635823e-03
0.724         	5.526338e-01	6.967493e+00	3.366610e-03	-1.530708e-03	-2.182011e-03	9.450456e+00	2.747862e-01	2.778476e-01	1.293420e+01	-5.966709e+00	-4.987060e-04	3.865316e-03
0.725         	5.526019e-01	6.967598e+00	3.420563e-03	-1.472025e-03	-2.388142e-03	9.450904e+00	2.748289e-01	2.777730e-01	1.293470e+01	-5.967106e+00	-6.778600e-04	4.098423e-03
0.726         	5.525552e-01	6.967635e+00	3.473353e-03	-1.406748e-03	-2.598939e-03	9.451348e+00	2.748708e-01	2.776843e-01	1.293517e+01	-5.967531e+00	-8.622629e-04	4.335616e-03
0.727         	5.524848e-01	6.967623e+00	3.524296e-03	-1.332910e-03	-2.813956e-03	9.451816e+00	2.749095e-01	2.775753e-01	1.293563e+01	-5.968005e+00	-1.051808e-03	4.576104e-03
0.728         	5.523808e-01	6.967585e+00	3.573334e-03	-1.251225e-03	-3.030206e-03	9.452327e+00	2.749392e-01	2.774416e-01	1.293612e+01	-5.968534e+00	-1.243539e-03	4.816873e-03
0.729         	5.522421e-01	6.967511e+00	3.621132e-03	-1.164950e-03	-3.246839e-03	9.452817e+00	2.749561e-01	2.772860e-01	1.293657e+01	-5.969062e+00	-1.436273e-03	5.057405e-03
0.73          	5.520748e-01	6.967398e+00	3.670765e-03	-1.075066e-03	-3.470197e-03	9.453260e+00	2.749623e-01	2.771124e-01	1.293696e+01	-5.969561e+00	-1.634815e-03	5.305579e-03
0.731         	5.518850e-01	6.967255e+00	3.726211e-03	-9.849574e-04	-3.702956e-03	9.453673e+00	2.749575e-01	2.769275e-01	1.293730e+01	-5.970045e+00	-1.839851e-03	5.566062e-03
0.732         	5.516775e-01	6.967074e+00	3.782740e-03	-8.948107e-04	-3.934366e-03	9.454041e+00	2.749440e-01	2.767336e-01	1.293758e+01	-5.970504e+00	-2.042996e-03	5.825736e-03
0.733         	5.514602e-01	6.966851e+00	3.834273e-03	-8.092076e-04	-4.154745e-03	9.454360e+00	2.749209e-01	2.765393e-01	1.293779e+01	-5.970935e+00	-2.237608e-03	6.071881e-03
0.734         	5.512410e-01	6.966603e+00	3.879809e-03	-7.287923e-04	-4.365210e-03	9.454667e+00	2.748917e-01	2.763493e-01	1.293797e+01	-5.971366e+00	-2.425305e-03	6.305114e-03
0.735         	5.510244e-01	6.966339e+00	3.921186e-03	-6.561242e-04	-4.566892e-03	9.454941e+00	2.748561e-01	2.761683e-01	1.293811e+01	-5.971771e+00	-2.606300e-03	6.527485e-03
0.736         	5.508083e-01	6.966097e+00	3.960172e-03	-5.921129e-04	-4.758526e-03	9.455227e+00	2.748120e-01	2.759963e-01	1.293828e+01	-5.972179e+00	-2.778440e-03	6.738612e-03
0.737         	5.505888e-01	6.965891e+00	3.997209e-03	-5.381508e-04	-4.935365e-03	9.455538e+00	2.747563e-01	2.758326e-01	1.293848e+01	-5.972593e+00	-2.936760e-03	6.933969e-03
0.738         	5.503635e-01	6.965715e+00	4.031397e-03	-4.936412e-04	-5.095174e-03	9.455873e+00	2.746881e-01	2.756754e-01	1.293873e+01	-5.973015e+00	-3.079475e-03	7.110873e-03
0.739         	5.501306e-01	6.965545e+00	4.062873e-03	-4.571519e-04	-5.240441e-03	9.456186e+00	2.746082e-01	2.755225e-01	1.293896e+01	-5.973413e+00	-3.209004e-03	7.271877e-03
0.74          	5.498872e-01	6.965365e+00	4.093617e-03	-4.243227e-04	-5.377126e-03	9.456464e+00	2.745193e-01	2.753679e-01	1.293915e+01	-5.973781e+00	-3.330317e-03	7.423934e-03
0.741         	5.496346e-01	6.965172e+00	4.122401e-03	-3.931553e-04	-5.508171e-03	9.456727e+00	2.744241e-01	2.752105e-01	1.293931e+01	-5.974141e+00	-3.446970e-03	7.569371e-03
0.742         	5.493792e-01	6.964987e+00	4.146058e-03	-3.635372e-04	-5.629925e-03	9.457034e+00	2.743261e-01	2.750531e-01	1.293953e+01	-5.974541e+00	-3.556896e-03	7.702954e-03
0.743         	5.491247e-01	6.964834e+00	4.164474e-03	-3.307243e-04	-5.741680e-03	9.457412e+00	2.742316e-01	2.748931e-01	1.293983e+01	-5.974995e+00	-3.659444e-03	7.823917e-03
0.744         	5.488712e-01	6.964726e+00	4.178674e-03	-2.947922e-04	-5.844149e-03	9.457847e+00	2.741408e-01	2.747304e-01	1.294021e+01	-5.975484e+00	-3.754812e-03	7.933486e-03
0.745         	5.486157e-01	6.964675e+00	4.191193e-03	-2.588762e-04	-5.938001e-03	9.458358e+00	2.740490e-01	2.745667e-01	1.294070e+01	-5.976020e+00	-3.842405e-03	8.033597e-03
0.746         	5.483559e-01	6.964677e+00	4.202923e-03	-2.223602e-04	-6.023806e-03	9.458952e+00	2.739556e-01	2.744003e-01	1.294129e+01	-5.976613e+00	-3.922344e-03	8.125267e-03
0.747         	5.480893e-01	6.964726e+00	4.213620e-03	-1.822719e-04	-6.103437e-03	9.459629e+00	2.738624e-01	2.742269e-01	1.294199e+01	-5.977266e+00	-3.996627e-03	8.210247e-03
0.748         	5.478182e-01	6.964813e+00	4.221302e-03	-1.366911e-04	-6.178611e-03	9.460386e+00	2.737724e-01	2.740458e-01	1.294279e+01	-5.977980e+00	-4.067960e-03	8.289261e-03
0.749         	5.475490e-01	6.964924e+00	4.225701e-03	-8.470219e-05	-6.248860e-03	9.461205e+00	2.736898e-01	2.738592e-01	1.294367e+01	-5.978742e+00	-4.136009e-03	8.361710e-03
0.75          	5.472833e-01	6.965069e+00	4.227828e-03	-2.843635e-05	-6.315005e-03	9.462080e+00	2.736132e-01	2.736701e-01	1.294461e+01	-5.979546e+00	-4.201090e-03	8.428919e-03
0.751         	5.470167e-01	6.965252e+00	4.228549e-03	3.024222e-05	-6.380431e-03	9.462998e+00	2.735386e-01	2.734781e-01	1.294562e+01	-5.980372e+00	-4.266157e-03	8.494706e-03
0.752         	5.467433e-01	6.965468e+00	4.228714e-03	9.046225e-05	-6.443202e-03	9.463941e+00	2.734621e-01	2.732812e-01	1.294667e+01	-5.981207e+00	-4.328845e-03	8.557559e-03
0.753         	5.464645e-01	6.965719e+00	4.225632e-03	1.546832e-04	-6.496659e-03	9.464899e+00	2.733869e-01	2.730776e-01	1.294776e+01	-5.982039e+00	-4.383843e-03	8.609475e-03
0.754         	5.461834e-01	6.966004e+00	4.218946e-03	2.232850e-04	-6.542347e-03	9.465864e+00	2.733150e-01	2.728684e-01	1.294887e+01	-5.982862e+00	-4.432873e-03	8.651820e-03
0.755         	5.459051e-01	6.966314e+00	4.208722e-03	2.947507e-04	-6.584029e-03	9.466836e+00	2.732473e-01	2.726578e-01	1.294999e+01	-5.983679e+00	-4.479668e-03	8.688390e-03
0.756         	5.456313e-01	6.966643e+00	4.196998e-03	3.651978e-04	-6.624629e-03	9.467819e+00	2.731808e-01	2.724504e-01	1.295114e+01	-5.984498e+00	-4.526130e-03	8.723128e-03
0.757         	5.453620e-01	6.966988e+00	4.185324e-03	4.332590e-04	-6.667433e-03	9.468802e+00	2.731142e-01	2.722477e-01	1.295230e+01	-5.985308e+00	-4.574771e-03	8.760095e-03
0.758         	5.450927e-01	6.967357e+00	4.175857e-03	4.989807e-04	-6.716005e-03	9.469782e+00	2.730453e-01	2.720474e-01	1.295346e+01	-5.986103e+00	-4.628076e-03	8.803933e-03
0.759         	5.448183e-01	6.967745e+00	4.169319e-03	5.607934e-04	-6.768989e-03	9.470742e+00	2.729700e-01	2.718484e-01	1.295461e+01	-5.986870e+00	-4.684330e-03	8.853648e-03
0.76          	5.445347e-01	6.968150e+00	4.163880e-03	6.157795e-04	-6.827314e-03	9.471685e+00	2.728831e-01	2.716516e-01	1.295576e+01	-5.987610e+00	-4.745374e-03	8.909254e-03
0.761         	5.442462e-01	6.968574e+00	4.162829e-03	6.598282e-04	-6.900246e-03	9.472610e+00	2.727829e-01	2.714633e-01	1.295690e+01	-5.988323e+00	-4.818831e-03	8.981661e-03
0.762         	5.439577e-01	6.968997e+00	4.165554e-03	6.959381e-04	-6.995130e-03	9.473487e+00	2.726748e-01	2.712829e-01	1.295799e+01	-5.988988e+00	-4.912353e-03	9.077907e-03
0.763         	5.436703e-01	6.969410e+00	4.173633e-03	7.265902e-04	-7.119423e-03	9.474295e+00	2.725617e-01	2.711085e-01	1.295900e+01	-5.989590e+00	-5.032607e-03	9.206240e-03
0.764         	5.433749e-01	6.969800e+00	4.194363e-03	7.489688e-04	-7.276446e-03	9.475019e+00	2.724364e-01	2.709385e-01	1.295992e+01	-5.990119e+00	-5.179265e-03	9.373628e-03
0.765         	5.430665e-01	6.970170e+00	4.228847e-03	7.633145e-04	-7.455037e-03	9.475667e+00	2.722966e-01	2.707700e-01	1.296075e+01	-5.990582e+00	-5.340614e-03	9.569461e-03
0.766         	5.427403e-01	6.970512e+00	4.272501e-03	7.697254e-04	-7.643086e-03	9.476240e+00	2.721399e-01	2.706004e-01	1.296150e+01	-5.990983e+00	-5.506835e-03	9.779336e-03
0.767         	5.423958e-01	6.970817e+00	4.317221e-03	7.731482e-04	-7.829418e-03	9.476722e+00	2.719710e-01	2.704247e-01	1.296213e+01	-5.991314e+00	-5.670807e-03	9.988028e-03
0.768         	5.420388e-01	6.971081e+00	4.354090e-03	7.774403e-04	-8.007113e-03	9.477114e+00	2.717968e-01	2.702420e-01	1.296266e+01	-5.991574e+00	-5.830068e-03	1.018416e-02
0.769         	5.416752e-01	6.971296e+00	4.382314e-03	7.875008e-04	-8.177071e-03	9.477414e+00	2.716251e-01	2.700501e-01	1.296306e+01	-5.991766e+00	-5.985914e-03	1.036823e-02
0.77          	5.413014e-01	6.971453e+00	4.404783e-03	7.991628e-04	-8.343817e-03	9.477630e+00	2.714499e-01	2.698516e-01	1.296336e+01	-5.991903e+00	-6.141426e-03	1.054621e-02
0.771         	5.409079e-01	6.971545e+00	4.424394e-03	8.103377e-04	-8.499227e-03	9.477758e+00	2.712643e-01	2.696436e-01	1.296353e+01	-5.991985e+00	-6.287030e-03	1.071142e-02
0.772         	5.404895e-01	6.971587e+00	4.438660e-03	8.198202e-04	-8.632081e-03	9.477808e+00	2.710646e-01	2.694249e-01	1.296360e+01	-5.992014e+00	-6.412752e-03	1.085141e-02
0.773         	5.400449e-01	6.971593e+00	4.445753e-03	8.295305e-04	-8.732905e-03	9.477777e+00	2.708520e-01	2.691929e-01	1.296357e+01	-5.991981e+00	-6.510029e-03	1.095578e-02
0.774         	5.395835e-01	6.971565e+00	4.443204e-03	8.439245e-04	-8.798252e-03	9.477683e+00	2.706357e-01	2.689478e-01	1.296347e+01	-5.991901e+00	-6.576650e-03	1.101985e-02
0.775         	5.391167e-01	6.971495e+00	4.430734e-03	8.639660e-04	-8.830225e-03	9.477541e+00	2.704223e-01	2.686944e-01	1.296329e+01	-5.991794e+00	-6.614858e-03	1.104559e-02
0.776         	5.386463e-01	6.971385e+00	4.405470e-03	8.890120e-04	-8.829246e-03	9.477363e+00	2.702122e-01	2.684341e-01	1.296306e+01	-5.991671e+00	-6.626511e-03	1.103198e-02
0.777         	5.381649e-01	6.971235e+00	4.367787e-03	9.150642e-04	-8.799201e-03	9.477129e+00	2.699975e-01	2.681674e-01	1.296275e+01	-5.991511e+00	-6.615307e-03	1.098309e-02
0.778         	5.376575e-01	6.971057e+00	4.320660e-03	9.390955e-04	-8.743685e-03	9.476824e+00	2.697679e-01	2.678897e-01	1.296235e+01	-5.991296e+00	-6.583355e-03	1.090402e-02
0.779         	5.371135e-01	6.970869e+00	4.269085e-03	9.634279e-04	-8.670727e-03	9.476490e+00	2.695202e-01	2.675933e-01	1.296193e+01	-5.991056e+00	-6.536184e-03	1.080527e-02
0.78          	5.365361e-01	6.970679e+00	4.211292e-03	9.903285e-04	-8.584793e-03	9.476144e+00	2.692584e-01	2.672777e-01	1.296148e+01	-5.990805e+00	-6.479147e-03	1.069044e-02
0.781         	5.359354e-01	6.970491e+00	4.147608e-03	1.022531e-03	-8.480709e-03	9.475809e+00	2.689902e-01	2.669452e-01	1.296105e+01	-5.990564e+00	-6.406905e-03	1.055451e-02
0.782         	5.353220e-01	6.970317e+00	4.083785e-03	1.057759e-03	-8.365057e-03	9.475518e+00	2.687187e-01	2.666032e-01	1.296068e+01	-5.990360e+00	-6.323165e-03	1.040695e-02
0.783         	5.347004e-01	6.970153e+00	4.023317e-03	1.091818e-03	-8.247082e-03	9.475265e+00	2.684420e-01	2.662584e-01	1.296034e+01	-5.990189e+00	-6.235423e-03	1.025874e-02
0.784         	5.340733e-01	6.969991e+00	3.963151e-03	1.125043e-03	-8.132738e-03	9.475030e+00	2.681617e-01	2.659116e-01	1.296003e+01	-5.990035e+00	-6.151162e-03	1.011431e-02
0.785         	5.334353e-01	6.969856e+00	3.903713e-03	1.161457e-03	-8.028302e-03	9.474845e+00	2.678791e-01	2.655562e-01	1.295977e+01	-5.989917e+00	-6.076446e-03	9.980159e-03
0.786         	5.327878e-01	6.969762e+00	3.848547e-03	1.197994e-03	-7.931190e-03	9.474715e+00	2.675919e-01	2.651959e-01	1.295960e+01	-5.989834e+00	-6.006916e-03	9.855463e-03
0.787         	5.321420e-01	6.969730e+00	3.797880e-03	1.230614e-03	-7.838020e-03	9.474658e+00	2.673016e-01	2.648404e-01	1.295952e+01	-5.989793e+00	-5.939080e-03	9.736960e-03
0.788         	5.315119e-01	6.969776e+00	3.751304e-03	1.258918e-03	-7.749228e-03	9.474694e+00	2.670149e-01	2.644970e-01	1.295958e+01	-5.989806e+00	-5.873576e-03	9.624880e-03
0.789         	5.308984e-01	6.969887e+00	3.709974e-03	1.283890e-03	-7.673714e-03	9.474809e+00	2.667331e-01	2.641653e-01	1.295975e+01	-5.989865e+00	-5.818727e-03	9.528700e-03
0.79          	5.302972e-01	6.970060e+00	3.679447e-03	1.306015e-03	-7.619797e-03	9.475002e+00	2.664546e-01	2.638426e-01	1.296003e+01	-5.989972e+00	-5.780073e-03	9.459520e-03
0.791         	5.297110e-01	6.970285e+00	3.659241e-03	1.326954e-03	-7.586259e-03	9.475248e+00	2.661825e-01	2.635286e-01	1.296039e+01	-5.990105e+00	-5.756638e-03	9.415879e-03
0.792         	5.291451e-01	6.970557e+00	3.647537e-03	1.343752e-03	-7.570536e-03	9.475520e+00	2.659163e-01	2.632288e-01	1.296080e+01	-5.990241e+00	-5.746768e-03	9.394305e-03
0.793         	5.285991e-01	6.970873e+00	3.645233e-03	1.359567e-03	-7.569156e-03	9.475808e+00	2.656591e-01	2.629400e-01	1.296124e+01	-5.990372e+00	-5.746540e-03	9.391773e-03
0.794         	5.280718e-01	6.971235e+00	3.656959e-03	1.375897e-03	-7.585616e-03	9.476125e+00	2.654118e-01	2.626600e-01	1.296174e+01	-5.990508e+00	-5.757137e-03	9.414096e-03
0.795         	5.275707e-01	6.971618e+00	3.673303e-03	1.391336e-03	-7.603997e-03	9.476426e+00	2.651767e-01	2.623940e-01	1.296224e+01	-5.990617e+00	-5.767346e-03	9.440649e-03
0.796         	5.270947e-01	6.972036e+00	3.691969e-03	1.410477e-03	-7.631444e-03	9.476756e+00	2.649578e-01	2.621369e-01	1.296277e+01	-5.990738e+00	-5.785459e-03	9.477428e-03
0.797         	5.266382e-01	6.972496e+00	3.714669e-03	1.436356e-03	-7.677729e-03	9.477127e+00	2.647555e-01	2.618827e-01	1.296337e+01	-5.990879e+00	-5.820394e-03	9.535063e-03
0.798         	5.261995e-01	6.972988e+00	3.739684e-03	1.470615e-03	-7.738247e-03	9.477495e+00	2.645703e-01	2.616291e-01	1.296399e+01	-5.991001e+00	-5.868405e-03	9.608089e-03
0.799         	5.257807e-01	6.973500e+00	3.767478e-03	1.513794e-03	-7.808106e-03	9.477838e+00	2.644041e-01	2.613766e-01	1.296459e+01	-5.991088e+00	-5.924366e-03	9.691845e-03
0.8           	5.253851e-01	6.974005e+00	3.803324e-03	1.562304e-03	-7.891283e-03	9.478124e+00	2.642549e-01	2.611303e-01	1.296513e+01	-5.991121e+00	-5.989621e-03	9.792945e-03
0.801         	5.250144e-01	6.974505e+00	3.851486e-03	1.610894e-03	-7.995284e-03	9.478376e+00	2.641181e-01	2.608963e-01	1.296563e+01	-5.991124e+00	-6.069541e-03	9.921027e-03
0.802         	5.246749e-01	6.974970e+00	3.905685e-03	1.652618e-03	-8.108718e-03	9.478535e+00	2.639901e-01	2.606849e-01	1.296602e+01	-5.991050e+00	-6.155876e-03	1.006156e-02
0.803         	5.243566e-01	6.975424e+00	3.961128e-03	1.697126e-03	-8.234747e-03	9.478669e+00	2.638754e-01	2.604812e-01	1.296638e+01	-5.990958e+00	-6.254183e-03	1.021531e-02
0.804         	5.240489e-01	6.975881e+00	4.018319e-03	1.746576e-03	-8.375586e-03	9.478804e+00	2.637710e-01	2.602779e-01	1.296674e+01	-5.990864e+00	-6.366427e-03	1.038475e-02
0.805         	5.237461e-01	6.976348e+00	4.073978e-03	1.799885e-03	-8.523424e-03	9.478946e+00	2.636729e-01	2.600732e-01	1.296712e+01	-5.990772e+00	-6.486435e-03	1.056041e-02
0.806         	5.234457e-01	6.976829e+00	4.132360e-03	1.853710e-03	-8.682479e-03	9.479108e+00	2.635766e-01	2.598692e-01	1.296752e+01	-5.990693e+00	-6.616299e-03	1.074866e-02
0.807         	5.231525e-01	6.977312e+00	4.195764e-03	1.902837e-03	-8.850499e-03	9.479267e+00	2.634791e-01	2.596734e-01	1.296792e+01	-5.990611e+00	-6.752617e-03	1.094838e-02
0.808         	5.228699e-01	6.977775e+00	4.267094e-03	1.946541e-03	-9.029949e-03	9.479409e+00	2.633815e-01	2.594884e-01	1.296830e+01	-5.990522e+00	-6.896403e-03	1.116350e-02
0.809         	5.225941e-01	6.978210e+00	4.340766e-03	1.988449e-03	-9.217790e-03	9.479550e+00	2.632855e-01	2.593086e-01	1.296866e+01	-5.990445e+00	-7.047407e-03	1.138817e-02
0.81          	5.223189e-01	6.978606e+00	4.413598e-03	2.029654e-03	-9.410653e-03	9.479692e+00	2.631891e-01	2.591298e-01	1.296900e+01	-5.990389e+00	-7.203854e-03	1.161745e-02
0.811         	5.220353e-01	6.978969e+00	4.486622e-03	2.074567e-03	-9.608547e-03	9.479853e+00	2.630922e-01	2.589431e-01	1.296934e+01	-5.990368e+00	-7.365236e-03	1.185186e-02
0.812         	5.217389e-01	6.979291e+00	4.561471e-03	2.116823e-03	-9.804924e-03	9.480002e+00	2.629863e-01	2.587526e-01	1.296965e+01	-5.990356e+00	-7.524189e-03	1.208566e-02
0.813         	5.214259e-01	6.979566e+00	4.640069e-03	2.148673e-03	-9.995980e-03	9.480097e+00	2.628616e-01	2.585643e-01	1.296988e+01	-5.990314e+00	-7.675945e-03	1.231601e-02
0.814         	5.210942e-01	6.979773e+00	4.719445e-03	2.165186e-03	-1.018147e-02	9.480079e+00	2.627123e-01	2.583819e-01	1.296997e+01	-5.990192e+00	-7.821746e-03	1.254119e-02
0.815         	5.207461e-01	6.979905e+00	4.797244e-03	2.165010e-03	-1.036149e-02	9.479941e+00	2.625381e-01	2.582080e-01	1.296989e+01	-5.989988e+00	-7.962864e-03	1.276011e-02
0.816         	5.203802e-01	6.979971e+00	4.869159e-03	2.151662e-03	-1.053259e-02	9.479717e+00	2.623417e-01	2.580384e-01	1.296970e+01	-5.989732e+00	-8.098014e-03	1.296717e-02
0.817         	5.199966e-01	6.979974e+00	4.930816e-03	2.131559e-03	-1.068431e-02	9.479432e+00	2.621299e-01	2.578667e-01	1.296942e+01	-5.989445e+00	-8.218899e-03	1.314971e-02
0.818         	5.195934e-01	6.979912e+00	4.982016e-03	2.112087e-03	-1.081302e-02	9.479089e+00	2.619088e-01	2.576846e-01	1.296904e+01	-5.989133e+00	-8.322012e-03	1.330403e-02
0.819         	5.191660e-01	6.979801e+00	5.029327e-03	2.099412e-03	-1.092908e-02	9.478736e+00	2.616824e-01	2.574836e-01	1.296864e+01	-5.988836e+00	-8.414421e-03	1.344375e-02
0.82          	5.187138e-01	6.979641e+00	5.072095e-03	2.088615e-03	-1.103737e-02	9.478377e+00	2.614455e-01	2.572683e-01	1.296820e+01	-5.988557e+00	-8.501321e-03	1.357342e-02
0.821         	5.182380e-01	6.979432e+00	5.113933e-03	2.071519e-03	-1.114858e-02	9.478016e+00	2.611905e-01	2.570475e-01	1.296773e+01	-5.988300e+00	-8.591610e-03	1.370554e-02
0.822         	5.177414e-01	6.979174e+00	5.155798e-03	2.044825e-03	-1.125972e-02	9.477663e+00	2.609155e-01	2.568259e-01	1.296725e+01	-5.988076e+00	-8.681824e-03	1.383762e-02
0.823         	5.172258e-01	6.978850e+00	5.198490e-03	2.013628e-03	-1.136946e-02	9.477309e+00	2.606265e-01	2.565993e-01	1.296673e+01	-5.987884e+00	-8.770215e-03	1.396870e-02
0.824         	5.166871e-01	6.978451e+00	5.234938e-03	1.981681e-03	-1.147846e-02	9.476943e+00	2.603252e-01	2.563618e-01	1.296617e+01	-5.987718e+00	-8.860992e-03	1.409593e-02
0.825         	5.161150e-01	6.977998e+00	5.264199e-03	1.954292e-03	-1.158239e-02	9.476580e+00	2.600118e-01	2.561032e-01	1.296558e+01	-5.987581e+00	-8.950287e-03	1.421449e-02
0.826         	5.155058e-01	6.977522e+00	5.286722e-03	1.926115e-03	-1.168210e-02	9.476250e+00	2.596790e-01	2.558268e-01	1.296501e+01	-5.987489e+00	-9.038735e-03	1.432546e-02
0.827         	5.148647e-01	6.977039e+00	5.307555e-03	1.896846e-03	-1.178011e-02	9.475972e+00	2.593292e-01	2.555355e-01	1.296449e+01	-5.987453e+00	-9.126333e-03	1.443389e-02
0.828         	5.142052e-01	6.976563e+00	5.331468e-03	1.868744e-03	-1.188182e-02	9.475774e+00	2.589714e-01	2.552339e-01	1.296406e+01	-5.987492e+00	-9.216086e-03	1.454755e-02
0.829         	5.135414e-01	6.976095e+00	5.361648e-03	1.843034e-03	-1.199360e-02	9.475668e+00	2.586137e-01	2.549277e-01	1.296372e+01	-5.987620e+00	-9.312780e-03	1.467443e-02
0.83          	5.128878e-01	6.975623e+00	5.393847e-03	1.818195e-03	-1.211365e-02	9.475636e+00	2.582621e-01	2.546257e-01	1.296345e+01	-5.987825e+00	-9.416722e-03	1.481057e-02
0.831         	5.122441e-01	6.975171e+00	5.416062e-03	1.786775e-03	-1.222898e-02	9.475710e+00	2.579088e-01	2.543353e-01	1.296330e+01	-5.988124e+00	-9.520950e-03	1.493701e-02
0.832         	5.116035e-01	6.974749e+00	5.426659e-03	1.748320e-03	-1.233970e-02	9.475873e+00	2.575500e-01	2.540534e-01	1.296325e+01	-5.988499e+00	-9.626371e-03	1.505303e-02
0.833         	5.109603e-01	6.974351e+00	5.429118e-03	1.706095e-03	-1.244877e-02	9.476085e+00	2.571862e-01	2.537740e-01	1.296326e+01	-5.988910e+00	-9.734209e-03	1.516333e-02
0.834         	5.103134e-01	6.973979e+00	5.428537e-03	1.663478e-03	-1.255690e-02	9.476335e+00	2.568202e-01	2.534932e-01	1.296332e+01	-5.989345e+00	-9.842630e-03	1.527117e-02
0.835         	5.096686e-01	6.973637e+00	5.426266e-03	1.624937e-03	-1.265462e-02	9.476650e+00	2.564592e-01	2.532094e-01	1.296347e+01	-5.989831e+00	-9.941488e-03	1.536775e-02
0.836         	5.090349e-01	6.973339e+00	5.420886e-03	1.587179e-03	-1.273926e-02	9.477072e+00	2.561046e-01	2.529303e-01	1.296374e+01	-5.990402e+00	-1.002882e-02	1.544970e-02
0.837         	5.084213e-01	6.973093e+00	5.413777e-03	1.546766e-03	-1.281977e-02	9.477609e+00	2.557574e-01	2.526639e-01	1.296416e+01	-5.991063e+00	-1.011288e-02	1.552666e-02
0.838         	5.078312e-01	6.972892e+00	5.406742e-03	1.502887e-03	-1.290938e-02	9.478235e+00	2.554185e-01	2.524127e-01	1.296468e+01	-5.991789e+00	-1.020601e-02	1.561275e-02
0.839         	5.072586e-01	6.972727e+00	5.403033e-03	1.447982e-03	-1.301541e-02	9.478929e+00	2.550773e-01	2.521813e-01	1.296529e+01	-5.992566e+00	-1.031389e-02	1.571693e-02
0.84          	5.067039e-01	6.972578e+00	5.406017e-03	1.381222e-03	-1.314239e-02	9.479637e+00	2.547332e-01	2.519707e-01	1.296593e+01	-5.993348e+00	-1.043938e-02	1.584540e-02
0.841         	5.061686e-01	6.972447e+00	5.414343e-03	1.306428e-03	-1.328059e-02	9.480352e+00	2.543907e-01	2.517779e-01	1.296658e+01	-5.994129e+00	-1.057342e-02	1.598776e-02
0.842         	5.056582e-01	6.972335e+00	5.427534e-03	1.222153e-03	-1.342489e-02	9.481077e+00	2.540513e-01	2.516070e-01	1.296724e+01	-5.994910e+00	-1.071113e-02	1.613866e-02
0.843         	5.051784e-01	6.972249e+00	5.442675e-03	1.129226e-03	-1.357268e-02	9.481841e+00	2.537184e-01	2.514600e-01	1.296797e+01	-5.995716e+00	-1.085134e-02	1.629402e-02
0.844         	5.047292e-01	6.972195e+00	5.456925e-03	1.030216e-03	-1.371911e-02	9.482655e+00	2.533948e-01	2.513344e-01	1.296875e+01	-5.996557e+00	-1.099065e-02	1.644757e-02
0.845         	5.043139e-01	6.972161e+00	5.471223e-03	9.251139e-04	-1.386321e-02	9.483487e+00	2.530821e-01	2.512318e-01	1.296957e+01	-5.997407e+00	-1.112760e-02	1.659882e-02
0.846         	5.039290e-01	6.972153e+00	5.483754e-03	8.168851e-04	-1.399577e-02	9.484350e+00	2.527814e-01	2.511476e-01	1.297043e+01	-5.998273e+00	-1.125389e-02	1.673765e-02
0.847         	5.035738e-01	6.972166e+00	5.493175e-03	7.043565e-04	-1.411188e-02	9.485234e+00	2.524913e-01	2.510826e-01	1.297132e+01	-5.999151e+00	-1.136529e-02	1.685847e-02
0.848         	5.032507e-01	6.972196e+00	5.497452e-03	5.901781e-04	-1.420765e-02	9.486133e+00	2.522155e-01	2.510352e-01	1.297223e+01	-6.000035e+00	-1.145893e-02	1.695638e-02
0.849         	5.029633e-01	6.972237e+00	5.496932e-03	4.771859e-04	-1.428419e-02	9.487035e+00	2.519588e-01	2.510044e-01	1.297315e+01	-6.000916e+00	-1.153572e-02	1.703265e-02
0.85          	5.027121e-01	6.972278e+00	5.492119e-03	3.626389e-04	-1.433921e-02	9.487914e+00	2.517187e-01	2.509934e-01	1.297405e+01	-6.001775e+00	-1.159315e-02	1.708527e-02
0.851         	5.024948e-01	6.972311e+00	5.482606e-03	2.513328e-04	-1.436828e-02	9.488756e+00	2.514988e-01	2.509961e-01	1.297491e+01	-6.002600e+00	-1.162698e-02	1.710959e-02
0.852         	5.023106e-01	6.972330e+00	5.464948e-03	1.458573e-04	-1.436158e-02	9.489545e+00	2.513012e-01	2.510095e-01	1.297571e+01	-6.003380e+00	-1.162910e-02	1.709405e-02
0.853         	5.021575e-01	6.972356e+00	5.435621e-03	4.452134e-05	-1.431383e-02	9.490328e+00	2.511233e-01	2.510342e-01	1.297651e+01	-6.004150e+00	-1.159602e-02	1.703164e-02
0.854         	5.020318e-01	6.972379e+00	5.392543e-03	-5.272002e-05	-1.421794e-02	9.491107e+00	2.509632e-01	2.510686e-01	1.297730e+01	-6.004917e+00	-1.152167e-02	1.691421e-02
0.855         	5.019312e-01	6.972391e+00	5.339375e-03	-1.478162e-04	-1.407784e-02	9.491849e+00	2.508178e-01	2.511134e-01	1.297804e+01	-6.005654e+00	-1.140815e-02	1.674753e-02
0.856         	5.018526e-01	6.972402e+00	5.280560e-03	-2.428090e-04	-1.389898e-02	9.492565e+00	2.506835e-01	2.511691e-01	1.297877e+01	-6.006364e+00	-1.125870e-02	1.653926e-02
0.857         	5.017982e-01	6.972419e+00	5.218732e-03	-3.329762e-04	-1.369006e-02	9.493247e+00	2.505661e-01	2.512321e-01	1.297946e+01	-6.007038e+00	-1.108070e-02	1.629943e-02
0.858         	5.017708e-01	6.972430e+00	5.147862e-03	-4.140482e-04	-1.344590e-02	9.493853e+00	2.504714e-01	2.512995e-01	1.298007e+01	-6.007638e+00	-1.087197e-02	1.601983e-02
0.859         	5.017716e-01	6.972435e+00	5.068188e-03	-4.903675e-04	-1.317544e-02	9.494383e+00	2.503954e-01	2.513762e-01	1.298060e+01	-6.008165e+00	-1.064134e-02	1.570953e-02
0.86          	5.017966e-01	6.972428e+00	4.981655e-03	-5.666110e-04	-1.288805e-02	9.494824e+00	2.503317e-01	2.514649e-01	1.298104e+01	-6.008610e+00	-1.039722e-02	1.537887e-02
0.861         	5.018433e-01	6.972400e+00	4.893118e-03	-6.478952e-04	-1.259224e-02	9.495162e+00	2.502737e-01	2.515695e-01	1.298136e+01	-6.008963e+00	-1.014568e-02	1.503880e-02
0.862         	5.019068e-01	6.972362e+00	4.802079e-03	-7.343754e-04	-1.228214e-02	9.495417e+00	2.502190e-01	2.516878e-01	1.298160e+01	-6.009236e+00	-9.881105e-03	1.468318e-02
0.863         	5.019863e-01	6.972328e+00	4.708778e-03	-8.146674e-04	-1.196181e-02	9.495612e+00	2.501785e-01	2.518078e-01	1.298178e+01	-6.009448e+00	-9.607418e-03	1.431620e-02
0.864         	5.020787e-01	6.972281e+00	4.606930e-03	-8.817623e-04	-1.162094e-02	9.495729e+00	2.501576e-01	2.519211e-01	1.298187e+01	-6.009589e+00	-9.317479e-03	1.392441e-02
0.865         	5.021739e-01	6.972231e+00	4.497359e-03	-9.327137e-04	-1.126854e-02	9.495785e+00	2.501542e-01	2.520197e-01	1.298190e+01	-6.009669e+00	-9.019864e-03	1.351722e-02
0.866         	5.022665e-01	6.972187e+00	4.384907e-03	-9.741342e-04	-1.091615e-02	9.495785e+00	2.501591e-01	2.521074e-01	1.298188e+01	-6.009692e+00	-8.723696e-03	1.310860e-02
0.867         	5.023511e-01	6.972138e+00	4.278031e-03	-1.013869e-03	-1.058045e-02	9.495707e+00	2.501617e-01	2.521894e-01	1.298178e+01	-6.009638e+00	-8.441440e-03	1.271947e-02
0.868         	5.024230e-01	6.972081e+00	4.167788e-03	-1.047929e-03	-1.023261e-02	9.495547e+00	2.501636e-01	2.522594e-01	1.298159e+01	-6.009507e+00	-8.148719e-03	1.231651e-02
0.869         	5.024770e-01	6.972040e+00	4.046546e-03	-1.069485e-03	-9.848693e-03	9.495363e+00	2.501690e-01	2.523080e-01	1.298138e+01	-6.009344e+00	-7.825420e-03	1.187197e-02
0.87          	5.025133e-01	6.972004e+00	3.906368e-03	-1.074794e-03	-9.405031e-03	9.495136e+00	2.501819e-01	2.523315e-01	1.298114e+01	-6.009134e+00	-7.451846e-03	1.135821e-02
0.871         	5.025370e-01	6.971994e+00	3.754785e-03	-1.066962e-03	-8.927784e-03	9.494892e+00	2.502015e-01	2.523355e-01	1.298089e+01	-6.008895e+00	-7.050391e-03	1.080518e-02
0.872         	5.025426e-01	6.972017e+00	3.604825e-03	-1.054625e-03	-8.447032e-03	9.494660e+00	2.502167e-01	2.523259e-01	1.298067e+01	-6.008651e+00	-6.644619e-03	1.024944e-02
0.873         	5.025203e-01	6.972048e+00	3.463902e-03	-1.037642e-03	-7.981885e-03	9.494405e+00	2.502225e-01	2.522978e-01	1.298043e+01	-6.008381e+00	-6.249933e-03	9.713836e-03
0.874         	5.024638e-01	6.972056e+00	3.330624e-03	-1.020745e-03	-7.527638e-03	9.494117e+00	2.502112e-01	2.522527e-01	1.298015e+01	-6.008089e+00	-5.862325e-03	9.192950e-03
0.875         	5.023728e-01	6.972032e+00	3.198593e-03	-9.981159e-04	-7.071935e-03	9.493808e+00	2.501883e-01	2.521845e-01	1.297982e+01	-6.007792e+00	-5.472638e-03	8.671232e-03
0.876         	5.022566e-01	6.971982e+00	3.060513e-03	-9.615775e-04	-6.600952e-03	9.493492e+00	2.501667e-01	2.520899e-01	1.297948e+01	-6.007501e+00	-5.070695e-03	8.131209e-03
0.877         	5.021265e-01	6.971928e+00	2.913601e-03	-9.064704e-04	-6.114557e-03	9.493187e+00	2.501568e-01	2.519697e-01	1.297915e+01	-6.007223e+00	-4.657756e-03	7.571357e-03
0.878         	5.019917e-01	6.971878e+00	2.759576e-03	-8.323823e-04	-5.621757e-03	9.492887e+00	2.501635e-01	2.518282e-01	1.297883e+01	-6.006948e+00	-4.241969e-03	7.001545e-03
0.879         	5.018573e-01	6.971844e+00	2.599645e-03	-7.304297e-04	-5.124192e-03	9.492592e+00	2.501982e-01	2.516591e-01	1.297851e+01	-6.006670e+00	-3.824369e-03	6.424014e-03
0.88          	5.017198e-01	6.971827e+00	2.423936e-03	-5.977967e-04	-4.592623e-03	9.492307e+00	2.502621e-01	2.514577e-01	1.297822e+01	-6.006394e+00	-3.380655e-03	5.804591e-03
0.881         	5.015793e-01	6.971830e+00	2.237579e-03	-4.485006e-04	-4.033081e-03	9.492049e+00	2.503411e-01	2.512381e-01	1.297796e+01	-6.006134e+00	-2.914291e-03	5.151871e-03
0.882         	5.014289e-01	6.971844e+00	2.049475e-03	-2.962416e-04	-3.467845e-03	9.491792e+00	2.504182e-01	2.510107e-01	1.297771e+01	-6.005870e+00	-2.443108e-03	4.492583e-03
0.883         	5.012676e-01	6.971876e+00	1.868054e-03	-1.517078e-04	-2.916853e-03	9.491567e+00	2.504821e-01	2.507855e-01	1.297751e+01	-6.005629e+00	-1.982826e-03	3.850880e-03
0.884         	5.011004e-01	6.971929e+00	1.689201e-03	-8.843907e-06	-2.369408e-03	9.491380e+00	2.505414e-01	2.505591e-01	1.297734e+01	-6.005416e+00	-1.524807e-03	3.214009e-03
0.885         	5.009284e-01	6.971997e+00	1.511632e-03	1.357944e-04	-1.830311e-03	9.491216e+00	2.506000e-01	2.503284e-01	1.297721e+01	-6.005218e+00	-1.074495e-03	2.586127e-03
0.886         	5.007589e-01	6.972075e+00	1.338002e-03	2.845833e-04	-1.309206e-03	9.491082e+00	2.506640e-01	2.500949e-01	1.297712e+01	-6.005044e+00	-6.402045e-04	1.978207e-03
0.887         	5.005958e-01	6.972161e+00	1.170015e-03	4.364883e-04	-8.118282e-04	9.490969e+00	2.507344e-01	2.498614e-01	1.297705e+01	-6.004888e+00	-2.268207e-04	1.396836e-03
0.888         	5.004411e-01	6.972257e+00	1.007246e-03	5.930027e-04	-3.325203e-04	9.490882e+00	2.508135e-01	2.496275e-01	1.297701e+01	-6.004753e+00	1.711029e-04	8.361435e-04
0.889         	5.002897e-01	6.972376e+00	8.478345e-04	7.499166e-04	1.360130e-04	9.490833e+00	2.508948e-01	2.493949e-01	1.297702e+01	-6.004645e+00	5.599302e-04	2.879043e-04
0.89          	5.001414e-01	6.972526e+00	6.905442e-04	9.026620e-04	5.962518e-04	9.490815e+00	2.509734e-01	2.491680e-01	1.297708e+01	-6.004552e+00	9.415239e-04	-2.509797e-04
0.891         	4.999990e-01	6.972697e+00	5.364376e-04	1.047179e-03	1.040027e-03	9.490794e+00	2.510467e-01	2.489523e-01	1.297714e+01	-6.004446e+00	1.308245e-03	-7.718078e-04
0.892         	4.998612e-01	6.972900e+00	3.862357e-04	1.179899e-03	1.466453e-03	9.490787e+00	2.511105e-01	2.487507e-01	1.297724e+01	-6.004337e+00	1.659571e-03	-1.273335e-03
0.893         	4.997307e-01	6.973123e+00	2.387188e-04	1.305052e-03	1.876864e-03	9.490765e+00	2.511704e-01	2.485603e-01	1.297733e+01	-6.004203e+00	1.996223e-03	-1.757505e-03
0.894         	4.996071e-01	6.973361e+00	8.991937e-05	1.426034e-03	2.280767e-03	9.490717e+00	2.512296e-01	2.483775e-01	1.297740e+01	-6.004037e+00	2.325727e-03	-2.235807e-03
0.895         	4.994872e-01	6.973609e+00	-6.271112e-05	1.541616e-03	2.687201e-03	9.490640e+00	2.512852e-01	2.482020e-01	1.297744e+01	-6.003835e+00	2.655846e-03	-2.718557e-03
0.896         	4.993652e-01	6.973869e+00	-2.159712e-04	1.652393e-03	3.090599e-03	9.490525e+00	2.513350e-01	2.480302e-01	1.297746e+01	-6.003591e+00	2.982614e-03	-3.198585e-03
0.897         	4.992422e-01	6.974132e+00	-3.619330e-04	1.760379e-03	3.476560e-03	9.490358e+00	2.513815e-01	2.478607e-01	1.297742e+01	-6.003292e+00	3.295594e-03	-3.657527e-03
0.898         	4.991214e-01	6.974396e+00	-4.969539e-04	1.867018e-03	3.834885e-03	9.490129e+00	2.514277e-01	2.476937e-01	1.297733e+01	-6.002931e+00	3.586408e-03	-4.083362e-03
0.899         	4.990072e-01	6.974662e+00	-6.232335e-04	1.974505e-03	4.166232e-03	9.489852e+00	2.514781e-01	2.475291e-01	1.297718e+01	-6.002521e+00	3.854615e-03	-4.477849e-03
0.9           	4.989018e-01	6.974937e+00	-7.501093e-04	2.081918e-03	4.489356e-03	9.489559e+00	2.515328e-01	2.473690e-01	1.297703e+01	-6.002090e+00	4.114301e-03	-4.864411e-03
0.901         	4.988075e-01	6.975197e+00	-8.842126e-04	2.190113e-03	4.817641e-03	9.489225e+00	2.515939e-01	2.472136e-01	1.297682e+01	-6.001627e+00	4.375535e-03	-5.259747e-03
0.902         	4.987184e-01	6.975443e+00	-1.021427e-03	2.294634e-03	5.147611e-03	9.488855e+00	2.516538e-01	2.470645e-01	1.297658e+01	-6.001134e+00	4.636897e-03	-5.658324e-03
0.903         	4.986336e-01	6.975670e+00	-1.152777e-03	2.392107e-03	5.462648e-03	9.488446e+00	2.517089e-01	2.469247e-01	1.297628e+01	-6.000610e+00	4.886259e-03	-6.039036e-03
0.904         	4.985545e-01	6.975873e+00	-1.273345e-03	2.485389e-03	5.753888e-03	9.487978e+00	2.517626e-01	2.467919e-01	1.297591e+01	-6.000041e+00	5.117215e-03	-6.390560e-03
0.905         	4.984793e-01	6.976045e+00	-1.384906e-03	2.578968e-03	6.020184e-03	9.487443e+00	2.518186e-01	2.466607e-01	1.297547e+01	-5.999420e+00	5.327731e-03	-6.712637e-03
0.906         	4.984035e-01	6.976177e+00	-1.492217e-03	2.672169e-03	6.270678e-03	9.486837e+00	2.518739e-01	2.465296e-01	1.297493e+01	-5.998748e+00	5.524570e-03	-7.016787e-03
0.907         	4.983261e-01	6.976261e+00	-1.599894e-03	2.764439e-03	6.514740e-03	9.486156e+00	2.519275e-01	2.463986e-01	1.297429e+01	-5.998026e+00	5.714793e-03	-7.314687e-03
0.908         	4.982498e-01	6.976302e+00	-1.712305e-03	2.858137e-03	6.763017e-03	9.485423e+00	2.519831e-01	2.462668e-01	1.297357e+01	-5.997272e+00	5.906864e-03	-7.619169e-03
0.909         	4.981731e-01	6.976310e+00	-1.830989e-03	2.954173e-03	7.023164e-03	9.484652e+00	2.520407e-01	2.461324e-01	1.297281e+01	-5.996497e+00	6.107670e-03	-7.938659e-03
0.91          	4.980911e-01	6.976291e+00	-1.955461e-03	3.049812e-03	7.296021e-03	9.483840e+00	2.520954e-01	2.459957e-01	1.297199e+01	-5.995694e+00	6.318291e-03	-8.273752e-03
0.911         	4.980010e-01	6.976235e+00	-2.080881e-03	3.140889e-03	7.574256e-03	9.482961e+00	2.521414e-01	2.458596e-01	1.297108e+01	-5.994843e+00	6.533815e-03	-8.614697e-03
0.912         	4.979011e-01	6.976125e+00	-2.203672e-03	3.221853e-03	7.852480e-03	9.481998e+00	2.521724e-01	2.457287e-01	1.297006e+01	-5.993936e+00	6.750645e-03	-8.954316e-03
0.913         	4.977904e-01	6.975954e+00	-2.325617e-03	3.290974e-03	8.136608e-03	9.480961e+00	2.521862e-01	2.456042e-01	1.296894e+01	-5.992984e+00	6.973800e-03	-9.299417e-03
0.914         	4.976699e-01	6.975717e+00	-2.454448e-03	3.356300e-03	8.443680e-03	9.479846e+00	2.521913e-01	2.454787e-01	1.296770e+01	-5.991987e+00	7.216456e-03	-9.670904e-03
0.915         	4.975381e-01	6.975415e+00	-2.591800e-03	3.419640e-03	8.774216e-03	9.478665e+00	2.521887e-01	2.453494e-01	1.296637e+01	-5.990958e+00	7.478317e-03	-1.007012e-02
0.916         	4.973936e-01	6.975051e+00	-2.737560e-03	3.481263e-03	9.127411e-03	9.477427e+00	2.521781e-01	2.452155e-01	1.296495e+01	-5.989901e+00	7.758630e-03	-1.049619e-02
0.917         	4.972360e-01	6.974626e+00	-2.889545e-03	3.540941e-03	9.498512e-03	9.476124e+00	2.521590e-01	2.450771e-01	1.296344e+01	-5.988811e+00	8.053740e-03	-1.094328e-02
0.918         	4.970631e-01	6.974131e+00	-3.043605e-03	3.600818e-03	9.877934e-03	9.474718e+00	2.521324e-01	2.449307e-01	1.296178e+01	-5.987653e+00	8.356131e-03	-1.139974e-02
0.919         	4.968751e-01	6.973551e+00	-3.196769e-03	3.662877e-03	1.025767e-02	9.473169e+00	2.521004e-01	2.447747e-01	1.295994e+01	-5.986394e+00	8.659285e-03	-1.185605e-02
0.92          	4.966729e-01	6.972881e+00	-3.352208e-03	3.730566e-03	1.064163e-02	9.471473e+00	2.520670e-01	2.446059e-01	1.295791e+01	-5.985033e+00	8.965529e-03	-1.231774e-02
0.921         	4.964597e-01	6.972129e+00	-3.506367e-03	3.799074e-03	1.102572e-02	9.469675e+00	2.520289e-01	2.444308e-01	1.295574e+01	-5.983610e+00	9.272542e-03	-1.277891e-02
0.922         	4.962317e-01	6.971323e+00	-3.656926e-03	3.861186e-03	1.140992e-02	9.467836e+00	2.519770e-01	2.442547e-01	1.295350e+01	-5.982175e+00	9.581458e-03	-1.323838e-02
0.923         	4.959851e-01	6.970463e+00	-3.811602e-03	3.916219e-03	1.180328e-02	9.465964e+00	2.519088e-01	2.440763e-01	1.295120e+01	-5.980733e+00	9.897482e-03	-1.370908e-02
0.924         	4.957196e-01	6.969545e+00	-3.973132e-03	3.969894e-03	1.220357e-02	9.464030e+00	2.518297e-01	2.438899e-01	1.294880e+01	-5.979257e+00	1.021701e-02	-1.419014e-02
0.925         	4.954356e-01	6.968570e+00	-4.140772e-03	4.026639e-03	1.261510e-02	9.462019e+00	2.517444e-01	2.436912e-01	1.294630e+01	-5.977734e+00	1.054471e-02	-1.468548e-02
0.926         	4.951360e-01	6.967544e+00	-4.310249e-03	4.087275e-03	1.303950e-02	9.459938e+00	2.516553e-01	2.434807e-01	1.294371e+01	-5.976166e+00	1.088437e-02	-1.519462e-02
0.927         	4.948275e-01	6.966460e+00	-4.476901e-03	4.152218e-03	1.347221e-02	9.457793e+00	2.515660e-01	2.432615e-01	1.294102e+01	-5.974563e+00	1.123376e-02	-1.571066e-02
0.928         	4.945113e-01	6.965328e+00	-4.639392e-03	4.220737e-03	1.391383e-02	9.455633e+00	2.514764e-01	2.430349e-01	1.293830e+01	-5.972969e+00	1.159414e-02	-1.623353e-02
0.929         	4.941860e-01	6.964172e+00	-4.794970e-03	4.286651e-03	1.435668e-02	9.453487e+00	2.513796e-01	2.428063e-01	1.293557e+01	-5.971401e+00	1.195919e-02	-1.675416e-02
0.93          	4.938514e-01	6.963009e+00	-4.944061e-03	4.346901e-03	1.479511e-02	9.451364e+00	2.512726e-01	2.425788e-01	1.293287e+01	-5.969860e+00	1.232308e-02	-1.726714e-02
0.931         	4.935078e-01	6.961844e+00	-5.098824e-03	4.409266e-03	1.523351e-02	9.449273e+00	2.511632e-01	2.423446e-01	1.293020e+01	-5.968351e+00	1.268409e-02	-1.778292e-02
0.932         	4.931511e-01	6.960672e+00	-5.266671e-03	4.477647e-03	1.568702e-02	9.447187e+00	2.510532e-01	2.420979e-01	1.292752e+01	-5.966851e+00	1.305368e-02	-1.832036e-02
0.933         	4.927773e-01	6.959496e+00	-5.441856e-03	4.554280e-03	1.615935e-02	9.445080e+00	2.509429e-01	2.418343e-01	1.292483e+01	-5.965332e+00	1.343842e-02	-1.888028e-02
0.934         	4.923875e-01	6.958322e+00	-5.617060e-03	4.634905e-03	1.664638e-02	9.442965e+00	2.508286e-01	2.415588e-01	1.292213e+01	-5.963804e+00	1.383785e-02	-1.945491e-02
0.935         	4.919915e-01	6.957175e+00	-5.789621e-03	4.717853e-03	1.713951e-02	9.440911e+00	2.507136e-01	2.412779e-01	1.291950e+01	-5.962323e+00	1.424470e-02	-2.003432e-02
0.936         	4.915992e-01	6.956059e+00	-5.957529e-03	4.801618e-03	1.763444e-02	9.438948e+00	2.506012e-01	2.409980e-01	1.291698e+01	-5.960918e+00	1.465568e-02	-2.061321e-02
0.937         	4.912156e-01	6.954959e+00	-6.123166e-03	4.886971e-03	1.813110e-02	9.437057e+00	2.504948e-01	2.407208e-01	1.291454e+01	-5.959578e+00	1.506952e-02	-2.119268e-02
0.938         	4.908378e-01	6.953881e+00	-6.292264e-03	4.978004e-03	1.863015e-02	9.435234e+00	2.503969e-01	2.404409e-01	1.291217e+01	-5.958293e+00	1.548402e-02	-2.177628e-02
0.939         	4.904588e-01	6.952835e+00	-6.465956e-03	5.074873e-03	1.913298e-02	9.433464e+00	2.503043e-01	2.401545e-01	1.290988e+01	-5.957046e+00	1.590000e-02	-2.236595e-02
0.94          	4.900773e-01	6.951813e+00	-6.646094e-03	5.180697e-03	1.964269e-02	9.431719e+00	2.502194e-01	2.398580e-01	1.290763e+01	-5.955812e+00	1.631964e-02	-2.296573e-02
0.941         	4.896921e-01	6.950834e+00	-6.830797e-03	5.295972e-03	2.015436e-02	9.430019e+00	2.501420e-01	2.395501e-01	1.290544e+01	-5.954602e+00	1.673896e-02	-2.356976e-02
0.942         	4.893085e-01	6.949903e+00	-7.018054e-03	5.422306e-03	2.066871e-02	9.428363e+00	2.500766e-01	2.392319e-01	1.290331e+01	-5.953411e+00	1.715968e-02	-2.417773e-02
0.943         	4.889300e-01	6.949024e+00	-7.205856e-03	5.557551e-03	2.118614e-02	9.426771e+00	2.500226e-01	2.389075e-01	1.290128e+01	-5.952259e+00	1.758322e-02	-2.478907e-02
0.944         	4.885589e-01	6.948195e+00	-7.393948e-03	5.699980e-03	2.170611e-02	9.425251e+00	2.499794e-01	2.385795e-01	1.289935e+01	-5.951153e+00	1.800914e-02	-2.540309e-02
0.945         	4.881950e-01	6.947415e+00	-7.580357e-03	5.848320e-03	2.222683e-02	9.423796e+00	2.499458e-01	2.382492e-01	1.289750e+01	-5.950089e+00	1.843665e-02	-2.601701e-02
0.946         	4.878386e-01	6.946669e+00	-7.764994e-03	5.999523e-03	2.275211e-02	9.422397e+00	2.499188e-01	2.379198e-01	1.289573e+01	-5.949063e+00	1.886962e-02	-2.663461e-02
0.947         	4.874911e-01	6.945959e+00	-7.949558e-03	6.152975e-03	2.328493e-02	9.421049e+00	2.498985e-01	2.375926e-01	1.289403e+01	-5.948070e+00	1.931015e-02	-2.725971e-02
0.948         	4.871549e-01	6.945284e+00	-8.135437e-03	6.309941e-03	2.382398e-02	9.419732e+00	2.498874e-01	2.372675e-01	1.289237e+01	-5.947090e+00	1.975626e-02	-2.789170e-02
0.949         	4.868322e-01	6.944641e+00	-8.325544e-03	6.472342e-03	2.436899e-02	9.418441e+00	2.498884e-01	2.369437e-01	1.289076e+01	-5.946121e+00	2.020622e-02	-2.853176e-02
0.95          	4.865237e-01	6.944056e+00	-8.517974e-03	6.639890e-03	2.491980e-02	9.417208e+00	2.499017e-01	2.366220e-01	1.288924e+01	-5.945180e+00	2.066081e-02	-2.917879e-02
0.951         	4.862285e-01	6.943547e+00	-8.712759e-03	6.808408e-03	2.548104e-02	9.416059e+00	2.499226e-01	2.363058e-01	1.288783e+01	-5.944285e+00	2.112466e-02	-2.983742e-02
0.952         	4.859439e-01	6.943117e+00	-8.906810e-03	6.974481e-03	2.604445e-02	9.415004e+00	2.499464e-01	2.359975e-01	1.288656e+01	-5.943445e+00	2.159105e-02	-3.049786e-02
0.953         	4.856711e-01	6.942745e+00	-9.098945e-03	7.140429e-03	2.660204e-02	9.414039e+00	2.499760e-01	2.356951e-01	1.288541e+01	-5.942667e+00	2.205257e-02	-3.115152e-02
0.954         	4.854107e-01	6.942414e+00	-9.286366e-03	7.305968e-03	2.714387e-02	9.413150e+00	2.500113e-01	2.353994e-01	1.288436e+01	-5.941943e+00	2.250068e-02	-3.178705e-02
0.955         	4.851628e-01	6.942118e+00	-9.471336e-03	7.472330e-03	2.767412e-02	9.412324e+00	2.500538e-01	2.351091e-01	1.288338e+01	-5.941266e+00	2.293845e-02	-3.240979e-02
0.956         	4.849293e-01	6.941864e+00	-9.655034e-03	7.639688e-03	2.819878e-02	9.411571e+00	2.501043e-01	2.348250e-01	1.288250e+01	-5.940639e+00	2.337126e-02	-3.302630e-02
0.957         	4.847108e-01	6.941656e+00	-9.836040e-03	7.807494e-03	2.871502e-02	9.410886e+00	2.501629e-01	2.345479e-01	1.288171e+01	-5.940058e+00	2.379700e-02	-3.363304e-02
0.958         	4.845047e-01	6.941502e+00	-1.001131e-02	7.974963e-03	2.921488e-02	9.410287e+00	2.502273e-01	2.342774e-01	1.288104e+01	-5.939536e+00	2.420923e-02	-3.422054e-02
0.959         	4.843095e-01	6.941416e+00	-1.017581e-02	8.142055e-03	2.968885e-02	9.409786e+00	2.502968e-01	2.340127e-01	1.288049e+01	-5.939078e+00	2.460095e-02	-3.477676e-02
0.96          	4.841198e-01	6.941402e+00	-1.032724e-02	8.307176e-03	3.012994e-02	9.409390e+00	2.503671e-01	2.337527e-01	1.288009e+01	-5.938689e+00	2.496632e-02	-3.529356e-02
0.961         	4.839326e-01	6.941454e+00	-1.046872e-02	8.469582e-03	3.054895e-02	9.409085e+00	2.504359e-01	2.334967e-01	1.287981e+01	-5.938358e+00	2.531459e-02	-3.578331e-02
0.962         	4.837533e-01	6.941553e+00	-1.060121e-02	8.630152e-03	3.095172e-02	9.408862e+00	2.505068e-01	2.332465e-01	1.287964e+01	-5.938086e+00	2.565112e-02	-3.625232e-02
0.963         	4.835876e-01	6.941695e+00	-1.072526e-02	8.792930e-03	3.134597e-02	9.408733e+00	2.505868e-01	2.330009e-01	1.287958e+01	-5.937885e+00	2.598334e-02	-3.670860e-02
0.964         	4.834342e-01	6.941861e+00	-1.084417e-02	8.956068e-03	3.173585e-02	9.408675e+00	2.506732e-01	2.327610e-01	1.287961e+01	-5.937744e+00	2.631376e-02	-3.715793e-02
0.965         	4.832901e-01	6.942047e+00	-1.095671e-02	9.116656e-03	3.211786e-02	9.408671e+00	2.507617e-01	2.325284e-01	1.287969e+01	-5.937648e+00	2.663951e-02	-3.759621e-02
0.966         	4.831507e-01	6.942256e+00	-1.105891e-02	9.268598e-03	3.248289e-02	9.408717e+00	2.508440e-01	2.323068e-01	1.287985e+01	-5.937589e+00	2.695344e-02	-3.801235e-02
0.967         	4.830139e-01	6.942484e+00	-1.115201e-02	9.409809e-03	3.282686e-02	9.408811e+00	2.509168e-01	2.320971e-01	1.288005e+01	-5.937569e+00	2.725085e-02	-3.840287e-02
0.968         	4.828869e-01	6.942732e+00	-1.123781e-02	9.544927e-03	3.315196e-02	9.408967e+00	2.509884e-01	2.318985e-01	1.288033e+01	-5.937601e+00	2.753306e-02	-3.877087e-02
0.969         	4.827770e-01	6.942993e+00	-1.131878e-02	9.675994e-03	3.346291e-02	9.409194e+00	2.510645e-01	2.317125e-01	1.288069e+01	-5.937698e+00	2.780352e-02	-3.912231e-02
0.97          	4.826834e-01	6.943256e+00	-1.139614e-02	9.799411e-03	3.376193e-02	9.409478e+00	2.511411e-01	2.315423e-01	1.288111e+01	-5.937850e+00	2.806386e-02	-3.946000e-02
0.971         	4.826031e-01	6.943516e+00	-1.147076e-02	9.914776e-03	3.405055e-02	9.409806e+00	2.512163e-01	2.313868e-01	1.288156e+01	-5.938048e+00	2.831517e-02	-3.978593e-02
0.972         	4.825332e-01	6.943771e+00	-1.154328e-02	1.002288e-02	3.433127e-02	9.410172e+00	2.512895e-01	2.312437e-01	1.288206e+01	-5.938287e+00	2.855963e-02	-4.010291e-02
0.973         	4.824716e-01	6.944021e+00	-1.161624e-02	1.012469e-02	3.461082e-02	9.410566e+00	2.513605e-01	2.311111e-01	1.288258e+01	-5.938555e+00	2.880270e-02	-4.041894e-02
0.974         	4.824147e-01	6.944267e+00	-1.169069e-02	1.021851e-02	3.489335e-02	9.410970e+00	2.514258e-01	2.309888e-01	1.288310e+01	-5.938837e+00	2.904801e-02	-4.073870e-02
0.975         	4.823649e-01	6.944499e+00	-1.177042e-02	1.030699e-02	3.518263e-02	9.411376e+00	2.514894e-01	2.308754e-01	1.288363e+01	-5.939127e+00	2.929742e-02	-4.106784e-02
0.976         	4.823306e-01	6.944708e+00	-1.185304e-02	1.039075e-02	3.546877e-02	9.411782e+00	2.515560e-01	2.307745e-01	1.288414e+01	-5.939428e+00	2.954225e-02	-4.139529e-02
0.977         	4.823205e-01	6.944883e+00	-1.193726e-02	1.046947e-02	3.574688e-02	9.412194e+00	2.516297e-01	2.306908e-01	1.288464e+01	-5.939752e+00	2.977825e-02	-4.171551e-02
0.978         	4.823391e-01	6.945016e+00	-1.202224e-02	1.054210e-02	3.601861e-02	9.412605e+00	2.517116e-01	2.306274e-01	1.288511e+01	-5.940097e+00	3.000748e-02	-4.202973e-02
0.979         	4.823846e-01	6.945101e+00	-1.210503e-02	1.060827e-02	3.627970e-02	9.413001e+00	2.518006e-01	2.305840e-01	1.288555e+01	-5.940451e+00	3.022719e-02	-4.233222e-02
0.98          	4.824490e-01	6.945130e+00	-1.218901e-02	1.067123e-02	3.654577e-02	9.413354e+00	2.518957e-01	2.305532e-01	1.288592e+01	-5.940789e+00	3.045126e-02	-4.264027e-02
0.981         	4.825235e-01	6.945107e+00	-1.228403e-02	1.073355e-02	3.683449e-02	9.413642e+00	2.519953e-01	2.305282e-01	1.288620e+01	-5.941089e+00	3.069247e-02	-4.297650e-02
0.982         	4.826012e-01	6.945048e+00	-1.239404e-02	1.079576e-02	3.715212e-02	9.413870e+00	2.520964e-01	2.305048e-01	1.288639e+01	-5.941346e+00	3.095510e-02	-4.334914e-02
0.983         	4.826866e-01	6.944960e+00	-1.251562e-02	1.085396e-02	3.748596e-02	9.414081e+00	2.521972e-01	2.304893e-01	1.288656e+01	-5.941601e+00	3.122815e-02	-4.374377e-02
0.984         	4.827805e-01	6.944849e+00	-1.264294e-02	1.090531e-02	3.781181e-02	9.414290e+00	2.522956e-01	2.304850e-01	1.288671e+01	-5.941865e+00	3.149034e-02	-4.413328e-02
0.985         	4.828871e-01	6.944706e+00	-1.277171e-02	1.095082e-02	3.811969e-02	9.414492e+00	2.523944e-01	2.304927e-01	1.288685e+01	-5.942139e+00	3.173383e-02	-4.450554e-02
0.986         	4.830073e-01	6.944518e+00	-1.290313e-02	1.099389e-02	3.841680e-02	9.414667e+00	2.524975e-01	2.305098e-01	1.288693e+01	-5.942408e+00	3.196523e-02	-4.486836e-02
0.987         	4.831398e-01	6.944296e+00	-1.303957e-02	1.103681e-02	3.871991e-02	9.414832e+00	2.526067e-01	2.305331e-01	1.288698e+01	-5.942684e+00	3.220013e-02	-4.523970e-02
0.988         	4.832757e-01	6.944064e+00	-1.317965e-02	1.107969e-02	3.903572e-02	9.414995e+00	2.527176e-01	2.305582e-01	1.288703e+01	-5.942963e+00	3.244589e-02	-4.562554e-02
0.989         	4.834035e-01	6.943840e+00	-1.332142e-02	1.112243e-02	3.935798e-02	9.415149e+00	2.528242e-01	2.305793e-01	1.288707e+01	-5.943229e+00	3.269727e-02	-4.601869e-02
0.99          	4.835226e-01	6.943634e+00	-1.346331e-02	1.116338e-02	3.967871e-02	9.415304e+00	2.529247e-01	2.305979e-01	1.288712e+01	-5.943487e+00	3.294706e-02	-4.641036e-02
0.991         	4.836372e-01	6.943453e+00	-1.360372e-02	1.120303e-02	3.998303e-02	9.415472e+00	2.530216e-01	2.306156e-01	1.288720e+01	-5.943745e+00	3.318118e-02	-4.678489e-02
0.992         	4.837513e-01	6.943300e+00	-1.373811e-02	1.124183e-02	4.025619e-02	9.415651e+00	2.531175e-01	2.306338e-01	1.288730e+01	-5.944001e+00	3.338714e-02	-4.712525e-02
0.993         	4.838671e-01	6.943193e+00	-1.386176e-02	1.127940e-02	4.049539e-02	9.415862e+00	2.532129e-01	2.306541e-01	1.288746e+01	-5.944265e+00	3.356451e-02	-4.742627e-02
0.994         	4.839927e-01	6.943127e+00	-1.398049e-02	1.131729e-02	4.071724e-02	9.416116e+00	2.533136e-01	2.306790e-01	1.288768e+01	-5.944553e+00	3.372700e-02	-4.770749e-02
0.995         	4.841267e-01	6.943098e+00	-1.410015e-02	1.135239e-02	4.093644e-02	9.416410e+00	2.534158e-01	2.307110e-01	1.288796e+01	-5.944861e+00	3.388637e-02	-4.798651e-02
0.996         	4.842635e-01	6.943121e+00	-1.422106e-02	1.137965e-02	4.115656e-02	9.416726e+00	2.535114e-01	2.307521e-01	1.288829e+01	-5.945166e+00	3.404603e-02	-4.826709e-02
0.997         	4.844051e-01	6.943203e+00	-1.433872e-02	1.139809e-02	4.136288e-02	9.417086e+00	2.536006e-01	2.308045e-01	1.288869e+01	-5.945485e+00	3.419352e-02	-4.853224e-02
0.998         	4.845566e-01	6.943356e+00	-1.445052e-02	1.141626e-02	4.154790e-02	9.417492e+00	2.536946e-01	2.308620e-01	1.288917e+01	-5.945814e+00	3.432264e-02	-4.877316e-02
0.999         	4.847207e-01	6.943588e+00	-1.455569e-02	1.143700e-02	4.171008e-02	9.417947e+00	2.537973e-01	2.309233e-01	1.288974e+01	-5.946153e+00	3.443223e-02	-4.898792e-02
1             	4.849002e-01	6.943902e+00	-1.465394e-02	1.146128e-02	4.184929e-02	9.418475e+00	2.539114e-01	2.309888e-01	1.289043e+01	-5.946524e+00	3.452232e-02	-4.917626e-02
