# Force coefficients
# dragDir     : (1.000000e+00 0.000000e+00 0.000000e+00)
# sideDir     : (0.000000e+00 1.000000e+00 0.000000e+00)
# liftDir     : (0.000000e+00 0.000000e+00 1.000000e+00)
# rollAxis    : (1.000000e+00 0.000000e+00 0.000000e+00)
# pitchAxis   : (0.000000e+00 1.000000e+00 0.000000e+00)
# yawAxis     : (0.000000e+00 0.000000e+00 1.000000e+00)
# magUInf     : 5.000000e+01
# lRef        : 2.000000e+00
# Aref        : 4.000000e+00
# CofR        : (0.000000e+00 0.000000e+00 0.000000e+00)
#
# Time        	Cd            	Cs            	Cl            	CmRoll        	CmPitch       	CmYaw         	Cd(f)         	Cd(r)         	Cs(f)         	Cs(r)         	Cl(f)         	Cl(r)         
0.01          	4.818446e+01	-1.682102e-03	-1.607869e+01	3.502518e-04	3.091347e+01	-2.397468e-03	2.409258e+01	2.409188e+01	-3.238519e-03	1.556417e-03	2.287413e+01	-3.895282e+01
0.02          	6.468576e+01	-1.544753e-03	-2.347670e+01	-1.143812e-04	4.348004e+01	-2.558787e-03	3.234277e+01	3.234300e+01	-3.331164e-03	1.786410e-03	3.174169e+01	-5.521839e+01
0.03          	5.600785e+01	-6.002809e-04	-2.347096e+01	-1.902479e-03	4.069508e+01	-4.441938e-03	2.800202e+01	2.800583e+01	-4.742079e-03	4.141798e-03	2.895960e+01	-5.243056e+01
0.04          	3.072884e+01	-1.111520e-03	-1.742657e+01	-3.179019e-03	2.666188e+01	-5.410209e-03	1.536124e+01	1.536760e+01	-5.965969e-03	4.854448e-03	1.794859e+01	-3.537516e+01
0.05          	1.367256e+00	-2.102352e-03	-8.260808e+00	-2.974561e-03	8.061703e+00	-5.440911e-03	6.806536e-01	6.866027e-01	-6.492087e-03	4.389735e-03	3.931299e+00	-1.219211e+01
0.06          	-2.242178e+01	-2.989951e-04	7.811483e-01	-3.103798e-03	-8.760429e+00	5.555953e-04	-1.121399e+01	-1.120779e+01	4.060977e-04	-7.050928e-04	-8.369855e+00	9.151003e+00
0.07          	-3.524454e+01	5.687541e-04	7.176708e+00	-1.742075e-03	-1.942392e+01	4.167032e-03	-1.762401e+01	-1.762053e+01	4.451409e-03	-3.882654e-03	-1.583556e+01	2.301227e+01
0.08          	-3.595226e+01	8.709281e-04	9.666880e+00	-2.933887e-04	-2.220869e+01	6.007508e-03	-1.797642e+01	-1.797584e+01	6.442972e-03	-5.572043e-03	-1.737525e+01	2.704213e+01
0.09          	-2.683594e+01	7.541527e-04	8.362587e+00	-1.760925e-03	-1.794650e+01	5.646456e-03	-1.341973e+01	-1.341621e+01	6.023532e-03	-5.269380e-03	-1.376521e+01	2.212779e+01
0.1           	-1.235526e+01	5.588876e-04	4.398438e+00	-9.119710e-04	-9.205022e+00	4.566397e-03	-6.178543e+00	-6.176719e+00	4.845841e-03	-4.286954e-03	-7.005803e+00	1.140424e+01
0.11          	2.438361e+00	3.149183e-04	-5.716160e-01	-1.633866e-04	6.731929e-01	1.917506e-03	1.219017e+00	1.219344e+00	2.074965e-03	-1.760047e-03	3.873848e-01	-9.590009e-01
0.12          	1.345769e+01	-2.945672e-04	-4.953951e+00	9.697618e-04	8.719754e+00	-7.583551e-04	6.729817e+00	6.727877e+00	-9.056387e-04	6.110714e-04	6.242778e+00	-1.119673e+01
0.13          	1.852725e+01	-7.630279e-04	-7.628541e+00	1.780991e-03	1.307685e+01	-2.245467e-03	9.265408e+00	9.261846e+00	-2.626981e-03	1.863953e-03	9.262575e+00	-1.689112e+01
0.14          	1.757715e+01	-8.355994e-04	-8.216108e+00	2.839531e-03	1.331135e+01	-2.254188e-03	8.791416e+00	8.785737e+00	-2.671988e-03	1.836388e-03	9.203299e+00	-1.741941e+01
0.15          	1.217208e+01	-7.600105e-04	-6.993645e+00	3.189397e-03	1.022817e+01	-1.953125e-03	6.089231e+00	6.082853e+00	-2.333130e-03	1.573120e-03	6.731352e+00	-1.372500e+01
0.16          	4.727495e+00	-7.093063e-04	-4.665032e+00	3.144610e-03	5.351432e+00	-1.448363e-03	2.366892e+00	2.360603e+00	-1.803016e-03	1.093710e-03	3.018916e+00	-7.683948e+00
0.17          	-2.294722e+00	-9.344780e-04	-2.108585e+00	3.550548e-03	4.022631e-01	-4.798746e-04	-1.143811e+00	-1.150912e+00	-9.471136e-04	1.263559e-05	-6.520294e-01	-1.456556e+00
0.18          	-7.064456e+00	-1.052220e-03	-8.331330e-02	3.293401e-03	-3.230462e+00	4.400865e-04	-3.528934e+00	-3.535521e+00	-8.602368e-05	-9.661967e-04	-3.272119e+00	3.188805e+00
0.19          	-8.756820e+00	-1.103624e-03	9.547622e-01	2.129900e-03	-4.806804e+00	4.926122e-04	-4.376280e+00	-4.380540e+00	-5.919959e-05	-1.044424e-03	-4.329423e+00	5.284185e+00
0.2           	-7.565434e+00	-1.091330e-03	9.172870e-01	9.534260e-04	-4.315629e+00	-1.471031e-05	-3.781764e+00	-3.783671e+00	-5.603752e-04	-5.309546e-04	-3.856985e+00	4.774272e+00
0.21          	-4.429641e+00	-3.012138e-04	4.420485e-02	-3.008328e-04	-2.320763e+00	-8.898218e-04	-2.215121e+00	-2.214520e+00	-1.040429e-03	7.392149e-04	-2.298661e+00	2.342866e+00
0.22          	-6.294342e-01	-8.169619e-05	-1.253313e+00	-1.005232e-03	3.137540e-01	-1.122615e-03	-3.157224e-01	-3.137119e-01	-1.163463e-03	1.081767e-03	-3.129025e-01	-9.404106e-01
0.23          	2.643265e+00	1.544625e-04	-2.526594e+00	-1.340222e-03	2.722401e+00	-9.724123e-04	1.320292e+00	1.322973e+00	-8.951811e-04	1.049644e-03	1.459105e+00	-3.985698e+00
0.24          	4.593919e+00	3.588796e-04	-3.423794e+00	-1.270508e-03	4.277410e+00	-6.137827e-04	2.295689e+00	2.298230e+00	-4.343429e-04	7.932225e-04	2.565513e+00	-5.989307e+00
0.25          	4.962713e+00	4.465590e-04	-3.770319e+00	-9.064668e-04	4.718111e+00	-8.422492e-05	2.480450e+00	2.482263e+00	1.390546e-04	3.075044e-04	2.832952e+00	-6.603271e+00
0.26          	3.983235e+00	3.869290e-04	-3.584788e+00	-3.708916e-04	4.153406e+00	4.529256e-04	1.991247e+00	1.991989e+00	6.463901e-04	-2.594612e-04	2.361012e+00	-5.945800e+00
0.27          	2.209838e+00	2.173003e-04	-3.027581e+00	1.675012e-04	2.944143e+00	8.036699e-04	1.105086e+00	1.104751e+00	9.123201e-04	-6.950198e-04	1.430352e+00	-4.457933e+00
0.28          	3.007220e-01	-5.840099e-05	-2.330217e+00	5.708588e-04	1.559953e+00	7.668867e-04	1.509319e-01	1.497901e-01	7.376862e-04	-7.960872e-04	3.948439e-01	-2.725061e+00
0.29          	-1.187649e+00	-3.211593e-04	-1.715713e+00	7.452941e-04	4.222851e-01	4.248546e-04	-5.930790e-01	-5.945696e-01	2.642749e-04	-5.854342e-04	-4.355715e-01	-1.280142e+00
0.3           	-1.932006e+00	-6.291874e-04	-1.338403e+00	7.496684e-04	-2.021731e-01	-2.173757e-04	-9.652535e-01	-9.667528e-01	-5.319694e-04	-9.721801e-05	-8.713744e-01	-4.670282e-01
0.31          	-1.883578e+00	-8.299365e-04	-1.255839e+00	6.225741e-04	-2.437015e-01	-8.279011e-04	-9.411664e-01	-9.424116e-01	-1.242869e-03	4.129328e-04	-8.716209e-01	-3.842179e-01
0.32          	-1.224926e+00	-8.490481e-04	-1.427502e+00	3.366147e-04	1.863240e-01	-1.248365e-03	-6.121263e-01	-6.127996e-01	-1.672889e-03	8.238412e-04	-5.274273e-01	-9.000752e-01
0.33          	-2.680261e-01	-6.997370e-04	-1.754654e+00	6.887077e-05	8.727247e-01	-1.339557e-03	-1.339442e-01	-1.340819e-01	-1.689425e-03	9.896884e-04	-4.602550e-03	-1.750052e+00
0.34          	6.572477e-01	-4.403921e-04	-2.113953e+00	-1.417240e-04	1.570323e+00	-1.129135e-03	3.284821e-01	3.287656e-01	-1.349331e-03	9.089389e-04	5.133462e-01	-2.627299e+00
0.35          	1.299652e+00	-1.415048e-04	-2.398493e+00	-2.633288e-04	2.081633e+00	-7.060053e-04	6.495629e-01	6.500895e-01	-7.767577e-04	6.352529e-04	8.823864e-01	-3.280880e+00
0.36          	1.539425e+00	1.013047e-04	-2.543568e+00	-2.825352e-04	2.300753e+00	-2.229222e-04	7.694301e-01	7.699952e-01	-1.722698e-04	2.735746e-04	1.028969e+00	-3.572537e+00
0.37          	1.394514e+00	2.051270e-04	-2.537144e+00	-2.135777e-04	2.226457e+00	1.333276e-04	6.970435e-01	6.974707e-01	2.358911e-04	-3.076407e-05	9.578845e-01	-3.495029e+00
0.38          	9.856264e-01	1.643510e-04	-2.412999e+00	-8.160534e-05	1.939377e+00	2.872683e-04	4.927316e-01	4.928948e-01	3.694438e-04	-2.050928e-04	7.328778e-01	-3.145877e+00
0.39          	4.816100e-01	-6.428017e-06	-2.229033e+00	7.043928e-05	1.562459e+00	2.253286e-04	2.408754e-01	2.407346e-01	2.221145e-04	-2.285426e-04	4.479427e-01	-2.676975e+00
0.4           	4.244129e-02	-2.116311e-04	-2.048696e+00	1.893644e-04	1.219150e+00	1.130602e-05	2.141001e-02	2.103128e-02	-9.450955e-05	-1.171216e-04	1.948017e-01	-2.243497e+00
0.41          	-2.236405e-01	-3.915731e-04	-1.921540e+00	2.607545e-04	9.983905e-01	-2.654448e-04	-1.115595e-01	-1.120810e-01	-4.612314e-04	6.965825e-05	3.762038e-02	-1.959161e+00
0.42          	-2.793829e-01	-5.304106e-04	-1.872227e+00	2.805082e-04	9.367090e-01	-5.653085e-04	-1.394109e-01	-1.399720e-01	-8.305138e-04	3.001032e-04	5.953093e-04	-1.872823e+00
0.43          	-1.542757e-01	-5.209586e-04	-1.897914e+00	2.242955e-04	1.017681e+00	-7.023103e-04	-7.691356e-02	-7.736215e-02	-9.627895e-04	4.418310e-04	6.872380e-02	-1.966638e+00
0.44          	7.838156e-02	-3.995373e-04	-1.976104e+00	1.257262e-04	1.189534e+00	-6.826803e-04	3.931651e-02	3.906506e-02	-8.824490e-04	4.829117e-04	2.014824e-01	-2.177586e+00
0.45          	3.304459e-01	-2.716873e-04	-2.074311e+00	6.286994e-06	1.385421e+00	-5.694792e-04	1.652293e-01	1.652167e-01	-7.053228e-04	4.336355e-04	3.482652e-01	-2.422576e+00
0.46          	5.271916e-01	-1.070132e-04	-2.160794e+00	-7.310557e-05	1.545077e+00	-3.933227e-04	2.635227e-01	2.636689e-01	-4.468293e-04	3.398161e-04	4.646802e-01	-2.625474e+00
0.47          	6.248319e-01	1.709466e-05	-2.213791e+00	-1.146540e-04	1.630985e+00	-2.234300e-04	3.123013e-01	3.125306e-01	-2.148826e-04	2.319773e-04	5.240892e-01	-2.737880e+00
0.48          	6.165698e-01	5.581223e-05	-2.225156e+00	-1.121070e-04	1.633862e+00	-1.233063e-04	3.081728e-01	3.083970e-01	-9.540021e-05	1.512124e-04	5.212841e-01	-2.746440e+00
0.49          	5.266820e-01	3.820534e-05	-2.200712e+00	-7.722138e-05	1.570098e+00	-7.333125e-05	2.632638e-01	2.634182e-01	-5.422858e-05	9.243392e-05	4.697422e-01	-2.670454e+00
0.5           	3.970014e-01	-5.348937e-05	-2.154251e+00	-1.381997e-05	1.470573e+00	-1.297071e-04	1.984869e-01	1.985145e-01	-1.564518e-04	1.029624e-04	3.934478e-01	-2.547699e+00
0.51          	2.717751e-01	-1.826512e-04	-2.103162e+00	5.754011e-05	1.370213e+00	-2.678267e-04	1.359451e-01	1.358300e-01	-3.591523e-04	1.765011e-04	3.186317e-01	-2.421793e+00
0.52          	1.847315e-01	-2.953068e-04	-2.062580e+00	1.174247e-04	1.297053e+00	-4.125151e-04	9.248317e-02	9.224832e-02	-5.601685e-04	2.648617e-04	2.657626e-01	-2.328343e+00
0.53          	1.518446e-01	-3.545791e-04	-2.041636e+00	1.502311e-04	1.265800e+00	-5.196596e-04	7.607255e-02	7.577209e-02	-6.969491e-04	3.423700e-04	2.449821e-01	-2.286618e+00
0.54          	1.705437e-01	-3.438577e-04	-2.042045e+00	1.501781e-04	1.276235e+00	-5.548702e-04	8.542201e-02	8.512166e-02	-7.267990e-04	3.829414e-04	2.552129e-01	-2.297258e+00
0.55          	2.245144e-01	-2.779078e-04	-2.059107e+00	1.195539e-04	1.316733e+00	-5.224427e-04	1.123767e-01	1.121376e-01	-6.613966e-04	3.834887e-04	2.871795e-01	-2.346286e+00
0.56          	2.909394e-01	-1.842493e-04	-2.084733e+00	7.443953e-05	1.369659e+00	-4.433263e-04	1.455442e-01	1.453953e-01	-5.354509e-04	3.512016e-04	3.272931e-01	-2.412026e+00
0.57          	3.483050e-01	-9.859218e-05	-2.110048e+00	2.512037e-05	1.417526e+00	-3.470254e-04	1.741776e-01	1.741274e-01	-3.963215e-04	2.977293e-04	3.625023e-01	-2.472550e+00
0.58          	3.821714e-01	-2.571820e-05	-2.128004e+00	-1.804196e-05	1.447738e+00	-2.424042e-04	1.910676e-01	1.911037e-01	-2.552633e-04	2.295451e-04	3.837356e-01	-2.511740e+00
0.59          	3.876984e-01	1.460809e-05	-2.135081e+00	-4.240307e-05	1.455291e+00	-1.623735e-04	1.938068e-01	1.938916e-01	-1.550695e-04	1.696775e-04	3.877507e-01	-2.522832e+00
0.6           	3.690584e-01	2.598399e-05	-2.131701e+00	-5.215384e-05	1.442774e+00	-1.102180e-04	1.844771e-01	1.845814e-01	-9.722597e-05	1.232100e-04	3.769232e-01	-2.508624e+00
0.61          	3.362040e-01	-3.210374e-06	-2.120903e+00	-4.219615e-05	1.417514e+00	-1.122770e-04	1.680598e-01	1.681442e-01	-1.138822e-04	1.106718e-04	3.570623e-01	-2.477965e+00
0.62          	3.010565e-01	-4.854130e-05	-2.107223e+00	-1.741067e-05	1.389072e+00	-1.545783e-04	1.505109e-01	1.505457e-01	-1.788490e-04	1.303077e-04	3.354604e-01	-2.442683e+00
0.63          	2.736916e-01	-1.084633e-04	-2.095096e+00	1.181728e-05	1.365959e+00	-2.366105e-04	1.368576e-01	1.368340e-01	-2.908421e-04	1.823788e-04	3.184114e-01	-2.413507e+00
0.64          	2.598993e-01	-1.456999e-04	-2.087629e+00	3.737456e-05	1.353465e+00	-3.087914e-04	1.299870e-01	1.299123e-01	-3.816414e-04	2.359415e-04	3.096509e-01	-2.397280e+00
0.65          	2.604598e-01	-1.550945e-04	-2.086066e+00	4.942130e-05	1.352855e+00	-3.510930e-04	1.302793e-01	1.301805e-01	-4.286402e-04	2.735457e-04	3.098214e-01	-2.395888e+00
0.66          	2.719761e-01	-1.450440e-04	-2.089476e+00	5.186801e-05	1.361607e+00	-3.737035e-04	1.360399e-01	1.359362e-01	-4.462254e-04	3.011815e-04	3.168691e-01	-2.406345e+00
0.67          	2.887215e-01	-1.103174e-04	-2.096061e+00	4.140998e-05	1.375398e+00	-3.549741e-04	1.444021e-01	1.443193e-01	-4.101328e-04	2.998154e-04	3.273679e-01	-2.423429e+00
0.68          	3.046824e-01	-3.335579e-05	-2.103469e+00	2.666606e-05	1.389311e+00	-2.646842e-04	1.523679e-01	1.523146e-01	-2.813621e-04	2.480063e-04	3.375763e-01	-2.441046e+00
0.69          	3.153436e-01	1.035844e-05	-2.109495e+00	5.937671e-06	1.399312e+00	-2.041866e-04	1.576777e-01	1.576659e-01	-1.990074e-04	2.093658e-04	3.445640e-01	-2.454059e+00
0.7           	3.186206e-01	4.640274e-05	-2.112859e+00	-2.119750e-05	1.403380e+00	-1.480931e-04	1.592891e-01	1.593315e-01	-1.248917e-04	1.712945e-04	3.469502e-01	-2.459809e+00
0.71          	3.149902e-01	-7.368880e-06	-2.113283e+00	-5.776670e-06	1.401609e+00	-1.449212e-04	1.574893e-01	1.575009e-01	-1.486057e-04	1.412368e-04	3.449676e-01	-2.458251e+00
0.72          	3.066279e-01	-5.178351e-06	-2.111427e+00	-1.903461e-05	1.395623e+00	-1.468499e-04	1.532949e-01	1.533330e-01	-1.494390e-04	1.442607e-04	3.399091e-01	-2.451336e+00
0.73          	2.966961e-01	-2.516190e-05	-2.108316e+00	-1.944777e-05	1.387889e+00	-1.860736e-04	1.483286e-01	1.483675e-01	-1.986546e-04	1.734927e-04	3.337312e-01	-2.442048e+00
0.74          	2.881170e-01	-5.844353e-05	-2.105173e+00	-1.069171e-05	1.380894e+00	-2.371161e-04	1.440478e-01	1.440692e-01	-2.663378e-04	2.078943e-04	3.283081e-01	-2.433481e+00
0.75          	2.828297e-01	-9.316632e-05	-2.102984e+00	3.283576e-06	1.376415e+00	-2.902014e-04	1.414181e-01	1.414116e-01	-3.367845e-04	2.436182e-04	3.249231e-01	-2.427907e+00
0.76          	2.814516e-01	-1.236775e-04	-2.102285e+00	1.799437e-05	1.375169e+00	-3.322257e-04	1.407438e-01	1.407078e-01	-3.940645e-04	2.703870e-04	3.240261e-01	-2.426311e+00
0.77          	2.833585e-01	-1.203095e-04	-2.103021e+00	2.643364e-05	1.376719e+00	-3.399641e-04	1.417057e-01	1.416528e-01	-4.001188e-04	2.798093e-04	3.252083e-01	-2.428229e+00
0.78          	2.871925e-01	-1.209309e-04	-2.104809e+00	3.560623e-05	1.380100e+00	-3.402108e-04	1.436318e-01	1.435606e-01	-4.006762e-04	2.797453e-04	3.276955e-01	-2.432505e+00
0.79          	2.913117e-01	-9.347609e-05	-2.107177e+00	5.374256e-05	1.384038e+00	-3.181342e-04	1.457096e-01	1.456021e-01	-3.648723e-04	2.713962e-04	3.304495e-01	-2.437626e+00
0.8           	2.943485e-01	-6.062000e-05	-2.109381e+00	6.504783e-05	1.387250e+00	-2.850688e-04	1.472393e-01	1.471092e-01	-3.153788e-04	2.547588e-04	3.325596e-01	-2.441940e+00
0.81          	2.955260e-01	-4.833419e-05	-2.110884e+00	6.606873e-05	1.388923e+00	-2.676335e-04	1.478290e-01	1.476969e-01	-2.918006e-04	2.434664e-04	3.334812e-01	-2.444365e+00
0.82          	2.947681e-01	-5.291855e-05	-2.111486e+00	5.323631e-05	1.388895e+00	-2.542248e-04	1.474373e-01	1.473308e-01	-2.806840e-04	2.277655e-04	3.331521e-01	-2.444638e+00
0.83          	2.925565e-01	-8.392868e-05	-2.111299e+00	3.113202e-05	1.387490e+00	-2.655925e-04	1.463094e-01	1.462471e-01	-3.075568e-04	2.236282e-04	3.318405e-01	-2.443140e+00
0.84          	2.896929e-01	-1.508719e-04	-2.110667e+00	9.234395e-08	1.385414e+00	-3.208003e-04	1.448465e-01	1.448463e-01	-3.962363e-04	2.453643e-04	3.300802e-01	-2.440747e+00
0.85          	2.869442e-01	-1.929445e-04	-2.109847e+00	-2.115994e-05	1.383236e+00	-3.442761e-04	1.434509e-01	1.434932e-01	-4.407484e-04	2.478038e-04	3.283124e-01	-2.438159e+00
0.86          	2.849452e-01	-2.147078e-04	-2.109198e+00	-3.362883e-05	1.381595e+00	-3.521797e-04	1.424390e-01	1.425062e-01	-4.595336e-04	2.448258e-04	3.269958e-01	-2.436193e+00
0.87          	2.839788e-01	-2.149237e-04	-2.108968e+00	-3.025341e-05	1.380828e+00	-3.482904e-04	1.419592e-01	1.420197e-01	-4.557522e-04	2.408285e-04	3.263445e-01	-2.435312e+00
0.88          	2.839844e-01	-2.006927e-04	-2.109149e+00	-2.039669e-05	1.380903e+00	-3.313104e-04	1.419718e-01	1.420126e-01	-4.316568e-04	2.309641e-04	3.263287e-01	-2.435478e+00
0.89          	2.846532e-01	-1.786551e-04	-2.109673e+00	-8.332502e-06	1.381614e+00	-3.110100e-04	1.423183e-01	1.423349e-01	-4.003376e-04	2.216825e-04	3.267780e-01	-2.436451e+00
0.9           	2.855641e-01	-1.554939e-04	-2.110399e+00	4.724381e-06	1.382646e+00	-2.866980e-04	1.427868e-01	1.427773e-01	-3.644450e-04	2.089511e-04	3.274464e-01	-2.437845e+00
0.91          	2.864874e-01	2.359910e-04	-2.111045e+00	-1.744412e-04	1.383668e+00	-1.478630e-04	1.430692e-01	1.434181e-01	-2.986752e-05	2.658585e-04	3.281451e-01	-2.439190e+00
0.92          	2.867800e-01	9.481640e-05	-2.111692e+00	-1.055641e-04	1.384312e+00	-1.933889e-04	1.432844e-01	1.434956e-01	-1.459807e-04	2.407971e-04	3.284659e-01	-2.440157e+00
0.93          	2.865704e-01	-1.028908e-04	-2.112170e+00	-3.615795e-05	1.384589e+00	-2.949028e-04	1.432490e-01	1.433214e-01	-3.463482e-04	2.434574e-04	3.285038e-01	-2.440674e+00
0.94          	2.858879e-01	-2.710282e-04	-2.112355e+00	3.535469e-05	1.384378e+00	-3.457799e-04	1.429793e-01	1.429086e-01	-4.812940e-04	2.102658e-04	3.282008e-01	-2.440556e+00
0.95          	2.849651e-01	-3.886129e-04	-2.112319e+00	8.663767e-05	1.383869e+00	-3.739198e-04	1.425692e-01	1.423959e-01	-5.682263e-04	1.796134e-04	3.277099e-01	-2.440029e+00
0.96          	2.840282e-01	-4.259292e-04	-2.112145e+00	1.046765e-04	1.383255e+00	-3.727232e-04	1.421188e-01	1.419094e-01	-5.856878e-04	1.597586e-04	3.271827e-01	-2.439328e+00
0.97          	2.832695e-01	-3.833046e-04	-2.111921e+00	9.199858e-05	1.382714e+00	-3.433215e-04	1.417267e-01	1.415427e-01	-5.349738e-04	1.516692e-04	3.267535e-01	-2.438675e+00
0.98          	2.827906e-01	-2.962491e-04	-2.111727e+00	6.122498e-05	1.382369e+00	-3.029919e-04	1.414565e-01	1.413341e-01	-4.511164e-04	1.548674e-04	3.265055e-01	-2.438232e+00
0.99          	2.826079e-01	-1.909677e-04	-2.111612e+00	2.389184e-05	1.382262e+00	-2.526367e-04	1.413278e-01	1.412801e-01	-3.481206e-04	1.571529e-04	3.264566e-01	-2.438068e+00
1             	2.826525e-01	-1.018263e-04	-2.111597e+00	-7.792170e-06	1.382379e+00	-2.067208e-04	1.413185e-01	1.413341e-01	-2.576339e-04	1.558076e-04	3.265808e-01	-2.438178e+00
1.01          	2.828590e-01	2.532770e-05	-2.111657e+00	-6.620388e-05	1.382665e+00	-1.492567e-04	1.413633e-01	1.414957e-01	-1.365928e-04	1.619205e-04	3.268369e-01	-2.438494e+00
1.02          	2.830303e-01	8.304957e-06	-2.111789e+00	-5.615368e-05	1.382995e+00	-1.459086e-04	1.414590e-01	1.415713e-01	-1.417561e-04	1.500611e-04	3.271006e-01	-2.438890e+00
1.03          	2.831122e-01	-4.469441e-05	-2.111907e+00	-2.994510e-05	1.383276e+00	-1.569940e-04	1.415261e-01	1.415860e-01	-1.793412e-04	1.346468e-04	3.273224e-01	-2.439230e+00
1.04          	2.830736e-01	-1.037137e-04	-2.112002e+00	4.549655e-06	1.383490e+00	-1.625014e-04	1.415413e-01	1.415322e-01	-2.143582e-04	1.106446e-04	3.274891e-01	-2.439491e+00
1.05          	2.829055e-01	-1.617427e-04	-2.112004e+00	3.267478e-05	1.383557e+00	-1.761683e-04	1.414854e-01	1.414201e-01	-2.570396e-04	9.529692e-05	3.275548e-01	-2.439558e+00
1.06          	2.826519e-01	-2.030784e-04	-2.111930e+00	5.131101e-05	1.383521e+00	-1.880355e-04	1.413772e-01	1.412746e-01	-2.895747e-04	8.649623e-05	3.275563e-01	-2.439486e+00
1.07          	2.823754e-01	-2.125897e-04	-2.111788e+00	5.590817e-05	1.383423e+00	-1.876210e-04	1.412436e-01	1.411318e-01	-2.939158e-04	8.132613e-05	3.275291e-01	-2.439317e+00
1.08          	2.821329e-01	-1.988751e-04	-2.111613e+00	4.816463e-05	1.383325e+00	-1.815207e-04	1.411146e-01	1.410183e-01	-2.809582e-04	8.208313e-05	3.275180e-01	-2.439131e+00
1.09          	2.819603e-01	-1.653838e-04	-2.111422e+00	3.421525e-05	1.383257e+00	-1.653410e-04	1.410144e-01	1.409459e-01	-2.480329e-04	8.264909e-05	3.275462e-01	-2.438968e+00
1.1           	2.818781e-01	-1.262507e-04	-2.111243e+00	1.933181e-05	1.383254e+00	-1.452929e-04	1.409584e-01	1.409197e-01	-2.084183e-04	8.216758e-05	3.276323e-01	-2.438875e+00
1.11          	2.818776e-01	-8.967813e-05	-2.111095e+00	7.744923e-06	1.383325e+00	-1.222292e-04	1.409465e-01	1.409310e-01	-1.670683e-04	7.739017e-05	3.277777e-01	-2.438872e+00
1.12          	2.819316e-01	-6.438807e-05	-2.110977e+00	1.011985e-06	1.383455e+00	-1.044490e-04	1.409668e-01	1.409648e-01	-1.366430e-04	7.225495e-05	3.279665e-01	-2.438943e+00
1.13          	2.820313e-01	-3.402258e-05	-2.110865e+00	-1.203936e-05	1.383612e+00	-6.358905e-05	1.410036e-01	1.410277e-01	-8.060034e-05	4.657776e-05	3.281796e-01	-2.439044e+00
1.14          	2.820821e-01	-4.270114e-05	-2.110790e+00	-2.331334e-06	1.383798e+00	-6.079052e-05	1.410387e-01	1.410434e-01	-8.214110e-05	3.943995e-05	3.284029e-01	-2.439193e+00
1.15          	2.821775e-01	-1.173981e-04	-2.110788e+00	-3.465847e-06	1.384093e+00	-1.579746e-04	1.410853e-01	1.410922e-01	-2.166737e-04	9.927557e-05	3.286993e-01	-2.439488e+00
1.16          	2.821787e-01	-1.257441e-04	-2.110679e+00	6.961946e-06	1.384231e+00	-1.446510e-04	1.410963e-01	1.410824e-01	-2.075230e-04	8.177894e-05	3.288916e-01	-2.439571e+00
1.17          	2.821511e-01	-1.223526e-04	-2.110530e+00	1.698666e-05	1.384318e+00	-1.161257e-04	1.410925e-01	1.410586e-01	-1.773020e-04	5.494940e-05	3.290528e-01	-2.439583e+00
1.18          	2.821075e-01	-1.092385e-04	-2.110347e+00	2.383555e-05	1.384365e+00	-8.461069e-05	1.410776e-01	1.410299e-01	-1.392300e-04	2.999142e-05	3.291917e-01	-2.439539e+00
1.19          	2.821201e-01	-1.579563e-04	-2.110141e+00	6.619272e-05	1.384415e+00	-7.222291e-05	1.411263e-01	1.409939e-01	-1.512010e-04	-6.755225e-06	3.293441e-01	-2.439485e+00
1.2           	2.820877e-01	-8.357497e-05	-2.109942e+00	4.680097e-05	1.384436e+00	-2.137573e-05	1.410907e-01	1.409971e-01	-6.316322e-05	-2.041176e-05	3.294649e-01	-2.439407e+00
1.21          	2.820693e-01	-1.163278e-05	-2.109727e+00	2.588950e-05	1.384460e+00	2.590113e-05	1.410605e-01	1.410088e-01	2.008474e-05	-3.171752e-05	3.295966e-01	-2.439323e+00
1.22          	2.820703e-01	3.729445e-05	-2.109507e+00	1.155811e-05	1.384502e+00	5.791771e-05	1.410467e-01	1.410236e-01	7.656493e-05	-3.927048e-05	3.297482e-01	-2.439256e+00
1.23          	2.820989e-01	6.443495e-05	-2.109299e+00	4.873921e-06	1.384579e+00	7.578663e-05	1.410543e-01	1.410446e-01	1.080041e-04	-4.356915e-05	3.299298e-01	-2.439229e+00
1.24          	2.821473e-01	6.684376e-05	-2.109108e+00	5.601751e-06	1.384690e+00	8.099715e-05	1.410793e-01	1.410681e-01	1.144190e-04	-4.757527e-05	3.301354e-01	-2.439244e+00
1.25          	2.822090e-01	5.697667e-05	-2.108939e+00	1.127876e-05	1.384828e+00	8.006628e-05	1.411158e-01	1.410932e-01	1.085546e-04	-5.157795e-05	3.303579e-01	-2.439297e+00
1.26          	2.822761e-01	4.105561e-05	-2.108792e+00	1.860555e-05	1.384988e+00	7.980628e-05	1.411566e-01	1.411194e-01	1.003341e-04	-5.927848e-05	3.305915e-01	-2.439384e+00
1.27          	2.823385e-01	3.016735e-05	-2.108671e+00	2.504234e-05	1.385164e+00	8.312753e-05	1.411943e-01	1.411442e-01	9.821121e-05	-6.804386e-05	3.308285e-01	-2.439500e+00
1.28          	2.823898e-01	2.366544e-05	-2.108561e+00	2.861970e-05	1.385340e+00	8.985948e-05	1.412235e-01	1.411663e-01	1.016922e-04	-7.802676e-05	3.310591e-01	-2.439620e+00
1.29          	2.824304e-01	2.951472e-05	-2.108472e+00	2.801092e-05	1.385529e+00	1.013065e-04	1.412432e-01	1.411872e-01	1.160639e-04	-8.654915e-05	3.312925e-01	-2.439765e+00
1.3           	2.824568e-01	4.737052e-05	-2.108368e+00	2.487787e-05	1.385686e+00	1.203977e-04	1.412533e-01	1.412035e-01	1.440829e-04	-9.671239e-05	3.315020e-01	-2.439870e+00
1.31          	2.824775e-01	6.605751e-05	-2.108257e+00	2.205340e-05	1.385826e+00	1.351337e-04	1.412608e-01	1.412167e-01	1.681624e-04	-1.021049e-04	3.316978e-01	-2.439955e+00
1.32          	2.824984e-01	8.595671e-05	-2.108139e+00	1.995605e-05	1.385953e+00	1.514936e-04	1.412691e-01	1.412292e-01	1.944720e-04	-1.085153e-04	3.318838e-01	-2.440022e+00
1.33          	2.825226e-01	1.132922e-04	-2.108017e+00	1.662949e-05	1.386071e+00	1.784633e-04	1.412779e-01	1.412447e-01	2.351094e-04	-1.218172e-04	3.320621e-01	-2.440080e+00
1.34          	2.825551e-01	1.371418e-04	-2.107900e+00	1.259991e-05	1.386192e+00	2.053117e-04	1.412902e-01	1.412650e-01	2.738826e-04	-1.367408e-04	3.322417e-01	-2.440141e+00
1.35          	2.825965e-01	1.609969e-04	-2.107797e+00	8.666711e-06	1.386331e+00	2.348413e-04	1.413069e-01	1.412896e-01	3.153398e-04	-1.543429e-04	3.324321e-01	-2.440229e+00
1.36          	2.826394e-01	1.745428e-04	-2.107706e+00	7.873581e-06	1.386479e+00	2.523606e-04	1.413276e-01	1.413119e-01	3.396320e-04	-1.650893e-04	3.326263e-01	-2.440332e+00
1.37          	2.826802e-01	1.796390e-04	-2.107625e+00	9.669558e-06	1.386635e+00	2.610018e-04	1.413497e-01	1.413304e-01	3.508213e-04	-1.711823e-04	3.328220e-01	-2.440447e+00
1.38          	2.827175e-01	1.794773e-04	-2.107553e+00	1.084855e-05	1.386791e+00	2.620174e-04	1.413696e-01	1.413479e-01	3.517561e-04	-1.722788e-04	3.330144e-01	-2.440567e+00
1.39          	2.827505e-01	1.800390e-04	-2.107492e+00	1.423479e-05	1.386950e+00	2.618581e-04	1.413895e-01	1.413610e-01	3.518776e-04	-1.718386e-04	3.332033e-01	-2.440696e+00
1.4           	2.827790e-01	1.811582e-04	-2.107437e+00	1.566896e-05	1.387104e+00	2.608684e-04	1.414052e-01	1.413739e-01	3.514475e-04	-1.702893e-04	3.333858e-01	-2.440823e+00
1.41          	2.828179e-01	2.023617e-04	-2.107415e+00	1.938895e-05	1.387299e+00	2.879833e-04	1.414283e-01	1.413896e-01	3.891641e-04	-1.868024e-04	3.335914e-01	-2.441007e+00
1.42          	2.828426e-01	2.163061e-04	-2.107347e+00	1.688567e-05	1.387427e+00	2.999693e-04	1.414382e-01	1.414044e-01	4.081224e-04	-1.918163e-04	3.337535e-01	-2.441100e+00
1.43          	2.828591e-01	2.323144e-04	-2.107260e+00	1.348528e-05	1.387526e+00	3.149562e-04	1.414430e-01	1.414161e-01	4.311134e-04	-1.987990e-04	3.338958e-01	-2.441156e+00
1.44          	2.828832e-01	2.387927e-04	-2.107163e+00	1.521100e-05	1.387609e+00	3.274607e-04	1.414568e-01	1.414264e-01	4.468571e-04	-2.080644e-04	3.340275e-01	-2.441191e+00
1.45          	2.829029e-01	2.607726e-04	-2.107068e+00	8.471948e-06	1.387689e+00	3.450103e-04	1.414599e-01	1.414430e-01	4.753966e-04	-2.146240e-04	3.341548e-01	-2.441222e+00
1.46          	2.829297e-01	2.987936e-04	-2.106975e+00	-7.605607e-06	1.387772e+00	3.690866e-04	1.414573e-01	1.414725e-01	5.184834e-04	-2.196898e-04	3.342844e-01	-2.441259e+00
1.47          	2.829472e-01	3.167153e-04	-2.106891e+00	-1.200478e-05	1.387861e+00	3.864966e-04	1.414616e-01	1.414856e-01	5.448542e-04	-2.281389e-04	3.344152e-01	-2.441306e+00
1.48          	2.829634e-01	3.338071e-04	-2.106805e+00	-1.395625e-05	1.387954e+00	4.017654e-04	1.414677e-01	1.414956e-01	5.686689e-04	-2.348618e-04	3.345520e-01	-2.441357e+00
1.49          	2.829737e-01	3.425492e-04	-2.106711e+00	-1.541224e-05	1.388041e+00	4.053668e-04	1.414715e-01	1.415023e-01	5.766414e-04	-2.340922e-04	3.346854e-01	-2.441396e+00
1.5           	2.829845e-01	3.574990e-04	-2.106622e+00	-9.639320e-06	1.388122e+00	4.128195e-04	1.414826e-01	1.415019e-01	5.915690e-04	-2.340701e-04	3.348107e-01	-2.441433e+00
1.51          	2.829969e-01	3.704431e-04	-2.106538e+00	-5.744659e-06	1.388195e+00	4.135811e-04	1.414927e-01	1.415042e-01	5.988027e-04	-2.283596e-04	3.349263e-01	-2.441464e+00
1.52          	2.830038e-01	3.823934e-04	-2.106451e+00	-1.722805e-06	1.388261e+00	4.145943e-04	1.415002e-01	1.415036e-01	6.057910e-04	-2.233976e-04	3.350351e-01	-2.441487e+00
1.53          	2.829985e-01	3.935896e-04	-2.106357e+00	8.123828e-07	1.388311e+00	4.151745e-04	1.415000e-01	1.414984e-01	6.119693e-04	-2.183797e-04	3.351321e-01	-2.441489e+00
1.54          	2.829965e-01	4.027887e-04	-2.106252e+00	1.878759e-06	1.388348e+00	4.141595e-04	1.415001e-01	1.414964e-01	6.155538e-04	-2.127651e-04	3.352218e-01	-2.441473e+00
1.55          	2.829811e-01	4.040880e-04	-2.106145e+00	5.363341e-06	1.388377e+00	4.058801e-04	1.414959e-01	1.414852e-01	6.079241e-04	-2.038361e-04	3.353045e-01	-2.441449e+00
1.56          	2.829805e-01	4.197067e-04	-2.106034e+00	2.842908e-06	1.388404e+00	4.138736e-04	1.414931e-01	1.414874e-01	6.237269e-04	-2.040203e-04	3.353865e-01	-2.441421e+00
1.57          	2.829784e-01	4.394762e-04	-2.105928e+00	-1.866680e-07	1.388431e+00	4.276521e-04	1.414890e-01	1.414894e-01	6.473902e-04	-2.079141e-04	3.354668e-01	-2.441394e+00
1.58          	2.829730e-01	4.633886e-04	-2.105821e+00	-4.445356e-06	1.388456e+00	4.444944e-04	1.414821e-01	1.414909e-01	6.761887e-04	-2.128001e-04	3.355458e-01	-2.441367e+00
1.59          	2.829671e-01	4.849833e-04	-2.105720e+00	-6.361365e-06	1.388490e+00	4.596514e-04	1.414772e-01	1.414899e-01	7.021430e-04	-2.171598e-04	3.356300e-01	-2.441350e+00
1.6           	2.829542e-01	5.001086e-04	-2.105618e+00	-5.463460e-06	1.388526e+00	4.633073e-04	1.414716e-01	1.414826e-01	7.133616e-04	-2.132530e-04	3.357176e-01	-2.441335e+00
1.61          	2.829328e-01	5.078938e-04	-2.105515e+00	-2.269478e-06	1.388567e+00	4.567254e-04	1.414641e-01	1.414687e-01	7.106723e-04	-2.027785e-04	3.358095e-01	-2.441325e+00
1.62          	2.828991e-01	5.149367e-04	-2.105408e+00	-1.417483e-06	1.388599e+00	4.468010e-04	1.414482e-01	1.414510e-01	7.042694e-04	-1.893327e-04	3.358953e-01	-2.441303e+00
1.63          	2.828838e-01	5.288041e-04	-2.105315e+00	-7.629964e-06	1.388661e+00	4.452301e-04	1.414343e-01	1.414495e-01	7.096322e-04	-1.808281e-04	3.360032e-01	-2.441318e+00
1.64          	2.828428e-01	5.298809e-04	-2.105227e+00	-9.958446e-06	1.388708e+00	4.429779e-04	1.414114e-01	1.414314e-01	7.079184e-04	-1.780374e-04	3.360944e-01	-2.441321e+00
1.65          	2.827780e-01	5.367696e-04	-2.105145e+00	-7.511095e-06	1.388741e+00	4.405946e-04	1.413815e-01	1.413965e-01	7.089794e-04	-1.722098e-04	3.361690e-01	-2.441314e+00
1.66          	2.826980e-01	5.441031e-04	-2.105062e+00	-3.064004e-06	1.388761e+00	4.343723e-04	1.413459e-01	1.413521e-01	7.064239e-04	-1.623208e-04	3.362298e-01	-2.441292e+00
1.67          	2.826156e-01	5.549135e-04	-2.104981e+00	2.421619e-06	1.388775e+00	4.277104e-04	1.413102e-01	1.413054e-01	7.051671e-04	-1.502536e-04	3.362841e-01	-2.441266e+00
1.68          	2.825384e-01	5.693038e-04	-2.104900e+00	6.790188e-06	1.388793e+00	4.236413e-04	1.412760e-01	1.412624e-01	7.082932e-04	-1.389894e-04	3.363432e-01	-2.441243e+00
1.69          	2.824699e-01	5.830347e-04	-2.104820e+00	1.037909e-05	1.388823e+00	4.167071e-04	1.412454e-01	1.412246e-01	7.082244e-04	-1.251897e-04	3.364136e-01	-2.441233e+00
1.7           	2.824059e-01	5.942681e-04	-2.104743e+00	1.228573e-05	1.388870e+00	4.086340e-04	1.412152e-01	1.411906e-01	7.057680e-04	-1.115000e-04	3.364989e-01	-2.441242e+00
1.71          	2.823406e-01	6.043228e-04	-2.104674e+00	1.309454e-05	1.388936e+00	3.995451e-04	1.411834e-01	1.411572e-01	7.017065e-04	-9.738366e-05	3.365987e-01	-2.441273e+00
1.72          	2.822704e-01	6.110974e-04	-2.104617e+00	1.380920e-05	1.389017e+00	3.875107e-04	1.411490e-01	1.411214e-01	6.930594e-04	-8.196202e-05	3.367085e-01	-2.441326e+00
1.73          	2.821883e-01	6.175685e-04	-2.104572e+00	1.440220e-05	1.389109e+00	3.752685e-04	1.411085e-01	1.410797e-01	6.840528e-04	-6.648431e-05	3.368235e-01	-2.441395e+00
1.74          	2.820923e-01	6.220541e-04	-2.104537e+00	1.486217e-05	1.389205e+00	3.606208e-04	1.410610e-01	1.410313e-01	6.716479e-04	-4.959375e-05	3.369369e-01	-2.441474e+00
1.75          	2.819794e-01	6.249016e-04	-2.104509e+00	1.541337e-05	1.389299e+00	3.447841e-04	1.410051e-01	1.409743e-01	6.572349e-04	-3.233326e-05	3.370441e-01	-2.441553e+00
1.76          	2.818548e-01	6.266778e-04	-2.104482e+00	1.663975e-05	1.389383e+00	3.270320e-04	1.409440e-01	1.409107e-01	6.403709e-04	-1.369312e-05	3.371422e-01	-2.441624e+00
1.77          	2.817178e-01	6.279785e-04	-2.104458e+00	1.796480e-05	1.389465e+00	3.079355e-04	1.408768e-01	1.408409e-01	6.219248e-04	6.053703e-06	3.372361e-01	-2.441694e+00
1.78          	2.815748e-01	6.337915e-04	-2.104437e+00	1.760067e-05	1.389548e+00	2.937795e-04	1.408050e-01	1.407698e-01	6.106752e-04	2.311625e-05	3.373296e-01	-2.441766e+00
1.79          	2.814286e-01	6.437931e-04	-2.104418e+00	1.530439e-05	1.389638e+00	2.895977e-04	1.407296e-01	1.406990e-01	6.114943e-04	3.229881e-05	3.374288e-01	-2.441846e+00
1.8           	2.812820e-01	6.520435e-04	-2.104405e+00	1.444532e-05	1.389744e+00	2.805512e-04	1.406554e-01	1.406265e-01	6.065729e-04	4.547056e-05	3.375417e-01	-2.441947e+00
1.81          	2.811453e-01	6.603266e-04	-2.104393e+00	1.490922e-05	1.389867e+00	2.732370e-04	1.405875e-01	1.405577e-01	6.034002e-04	5.692632e-05	3.376702e-01	-2.442064e+00
1.82          	2.809954e-01	6.718772e-04	-2.104386e+00	1.107975e-05	1.389994e+00	2.647793e-04	1.405088e-01	1.404866e-01	6.007179e-04	7.115932e-05	3.378006e-01	-2.442187e+00
1.83          	2.808369e-01	6.599315e-04	-2.104379e+00	1.826011e-05	1.390130e+00	2.223787e-04	1.404367e-01	1.404002e-01	5.523445e-04	1.075870e-04	3.379404e-01	-2.442320e+00
1.84          	2.806732e-01	6.431750e-04	-2.104365e+00	2.816437e-05	1.390264e+00	1.715519e-04	1.403648e-01	1.403084e-01	4.931394e-04	1.500356e-04	3.380814e-01	-2.442446e+00
1.85          	2.805038e-01	6.233349e-04	-2.104335e+00	3.866465e-05	1.390383e+00	1.199869e-04	1.402906e-01	1.402132e-01	4.316544e-04	1.916806e-04	3.382155e-01	-2.442551e+00
1.86          	3.145343e-01	3.192247e-02	-2.136458e+00	6.389228e-03	1.440446e+00	5.549642e-02	1.636564e-01	1.508779e-01	7.145765e-02	-3.953519e-02	3.722171e-01	-2.508676e+00
1.87          	3.130085e-01	3.136925e-02	-2.136183e+00	5.997256e-03	1.440133e+00	5.401315e-02	1.625015e-01	1.505070e-01	6.969777e-02	-3.832852e-02	3.720417e-01	-2.508225e+00
1.88          	2.870249e-01	4.027163e-03	-2.117399e+00	1.673234e-03	1.409120e+00	6.403201e-03	1.451857e-01	1.418392e-01	8.416782e-03	-4.389620e-03	3.504211e-01	-2.467820e+00
1.89          	1.290583e-01	-1.584223e-01	-1.965080e+00	-2.713284e-02	1.171536e+00	-2.735782e-01	3.739633e-02	9.166200e-02	-3.527893e-01	1.943670e-01	1.889966e-01	-2.154076e+00
1.9           	4.793599e-02	-2.227487e-01	-1.893846e+00	-4.442323e-02	1.058243e+00	-3.924113e-01	-2.045523e-02	6.839122e-02	-5.037856e-01	2.810370e-01	1.113204e-01	-2.005167e+00
1.91          	1.213959e-02	-2.334784e-01	-1.872722e+00	-5.215624e-02	1.021349e+00	-4.216957e-01	-4.608644e-02	5.822604e-02	-5.384349e-01	3.049565e-01	8.498804e-02	-1.957710e+00
1.92          	4.526395e-02	-1.868511e-01	-1.915324e+00	-4.488531e-02	1.084754e+00	-3.462873e-01	-2.225333e-02	6.751729e-02	-4.397128e-01	2.528617e-01	1.270918e-01	-2.042416e+00
1.93          	1.137320e-01	-1.148714e-01	-1.986239e+00	-3.005259e-02	1.194175e+00	-2.222940e-01	2.681340e-02	8.691857e-02	-2.797297e-01	1.648583e-01	2.010556e-01	-2.187294e+00
1.94          	2.097769e-01	-2.799276e-02	-2.077510e+00	-9.179427e-03	1.337309e+00	-6.700230e-02	9.570900e-02	1.140679e-01	-8.099867e-02	5.300592e-02	2.985541e-01	-2.376064e+00
1.95          	3.076830e-01	4.804747e-02	-2.162605e+00	1.195125e-02	1.473252e+00	7.468656e-02	1.657928e-01	1.418903e-01	9.871029e-02	-5.066282e-02	3.919499e-01	-2.554555e+00
1.96          	3.812217e-01	9.383866e-02	-2.218306e+00	2.779828e-02	1.565326e+00	1.662108e-01	2.184091e-01	1.628126e-01	2.131301e-01	-1.192915e-01	4.561733e-01	-2.674479e+00
1.97          	4.155307e-01	1.037384e-01	-2.233357e+00	3.400173e-02	1.594662e+00	1.938532e-01	2.417671e-01	1.737636e-01	2.457224e-01	-1.419840e-01	4.779839e-01	-2.711341e+00
1.98          	4.094502e-01	8.596261e-02	-2.217834e+00	3.199306e-02	1.573770e+00	1.677368e-01	2.367181e-01	1.727320e-01	2.107181e-01	-1.247555e-01	4.648528e-01	-2.682687e+00
1.99          	3.760650e-01	5.407694e-02	-2.182544e+00	2.355351e-02	1.519959e+00	1.113543e-01	2.115860e-01	1.644790e-01	1.383928e-01	-8.431587e-02	4.286868e-01	-2.611231e+00
2             	3.295973e-01	2.012698e-02	-2.139868e+00	1.180911e-02	1.452924e+00	4.675081e-02	1.766078e-01	1.529896e-01	5.681430e-02	-3.668733e-02	3.829893e-01	-2.522858e+00
2.01          	2.866299e-01	-5.782098e-03	-2.104748e+00	8.842776e-04	1.396189e+00	-5.770094e-03	1.441992e-01	1.424307e-01	-8.661143e-03	2.879045e-03	3.438148e-01	-2.448563e+00
2.02          	2.554292e-01	-2.010950e-02	-2.082535e+00	-7.190475e-03	1.358867e+00	-3.792442e-02	1.205241e-01	1.349051e-01	-4.797917e-02	2.786967e-02	3.175996e-01	-2.400135e+00
2.03          	2.395871e-01	-2.317491e-02	-2.073755e+00	-1.149170e-02	1.342885e+00	-4.856729e-02	1.083018e-01	1.312852e-01	-6.015474e-02	3.697983e-02	3.060070e-01	-2.379762e+00
2.04          	2.381479e-01	-1.834118e-02	-2.076595e+00	-1.190146e-02	1.345846e+00	-4.260792e-02	1.071725e-01	1.309754e-01	-5.177850e-02	3.343733e-02	3.075479e-01	-2.384143e+00
2.05          	2.472564e-01	-9.869122e-03	-2.086283e+00	-9.381474e-03	1.360639e+00	-2.728814e-02	1.142467e-01	1.330097e-01	-3.222270e-02	2.235358e-02	3.174977e-01	-2.403781e+00
2.06          	2.621109e-01	-8.504942e-04	-2.098733e+00	-5.211281e-03	1.380785e+00	-8.795245e-03	1.258442e-01	1.362667e-01	-9.220492e-03	8.369998e-03	3.314190e-01	-2.430152e+00
2.07          	2.776761e-01	6.459204e-03	-2.110008e+00	-8.218169e-04	1.399908e+00	7.701379e-03	1.380162e-01	1.396599e-01	1.093098e-02	-4.471777e-03	3.449039e-01	-2.454912e+00
2.08          	2.899212e-01	1.088672e-02	-2.117650e+00	2.660148e-03	1.413709e+00	1.891154e-02	1.476208e-01	1.423005e-01	2.435490e-02	-1.346818e-02	3.548835e-01	-2.472534e+00
2.09          	2.965351e-01	1.219633e-02	-2.120663e+00	4.575288e-03	1.420167e+00	2.352667e-02	1.528428e-01	1.436923e-01	2.962483e-02	-1.742851e-02	3.598353e-01	-2.480498e+00
2.1           	2.973303e-01	1.106028e-02	-2.119447e+00	4.821109e-03	1.419641e+00	2.236388e-02	1.534863e-01	1.438441e-01	2.789401e-02	-1.683374e-02	3.599172e-01	-2.479364e+00
2.11          	2.936579e-01	8.557236e-03	-2.115685e+00	3.788505e-03	1.414468e+00	1.745480e-02	1.506175e-01	1.430404e-01	2.173342e-02	-1.317619e-02	3.566258e-01	-2.472310e+00
2.12          	2.875718e-01	5.761005e-03	-2.110918e+00	2.027435e-03	1.407129e+00	1.112737e-02	1.458134e-01	1.417585e-01	1.400787e-02	-8.246866e-03	3.516702e-01	-2.462588e+00
2.13          	2.811632e-01	3.349316e-03	-2.106790e+00	2.501681e-04	1.400311e+00	5.192118e-03	1.408318e-01	1.403314e-01	6.866776e-03	-3.517460e-03	3.469158e-01	-2.453706e+00
2.14          	2.759950e-01	1.733904e-03	-2.104032e+00	-1.151322e-03	1.395417e+00	8.761173e-04	1.368462e-01	1.391488e-01	1.743069e-03	-9.165420e-06	3.434012e-01	-2.447434e+00
2.15          	2.729223e-01	1.014593e-03	-2.102871e+00	-1.958067e-03	1.393035e+00	-1.314682e-03	1.345031e-01	1.384192e-01	-8.073854e-04	1.821979e-03	3.415993e-01	-2.444471e+00
2.16          	2.720695e-01	1.135021e-03	-2.103051e+00	-2.144591e-03	1.392987e+00	-1.414855e-03	1.338902e-01	1.381793e-01	-8.473444e-04	1.982365e-03	3.414618e-01	-2.444513e+00
2.17          	2.730615e-01	1.661631e-03	-2.103862e+00	-1.830607e-03	1.394348e+00	-1.537330e-04	1.347002e-01	1.383614e-01	6.770827e-04	9.845486e-04	3.424168e-01	-2.446279e+00
2.18          	2.750789e-01	2.319902e-03	-2.104873e+00	-1.214924e-03	1.396395e+00	1.725022e-03	1.363245e-01	1.387544e-01	2.884973e-03	-5.650709e-04	3.439590e-01	-2.448832e+00
2.19          	2.772940e-01	2.856084e-03	-2.105685e+00	-5.174692e-04	1.398401e+00	3.507510e-03	1.381296e-01	1.391645e-01	4.935552e-03	-2.079468e-03	3.455584e-01	-2.451243e+00
2.2           	2.790738e-01	3.182352e-03	-2.106067e+00	5.750305e-05	1.399857e+00	4.788949e-03	1.395944e-01	1.394794e-01	6.380125e-03	-3.197773e-03	3.468235e-01	-2.452891e+00
2.21          	2.799964e-01	3.155018e-03	-2.106092e+00	4.597707e-04	1.400669e+00	5.218533e-03	1.404580e-01	1.395384e-01	6.796042e-03	-3.641024e-03	3.476227e-01	-2.453715e+00
2.22          	2.800112e-01	2.915940e-03	-2.105740e+00	5.967723e-04	1.400744e+00	4.944954e-03	1.406024e-01	1.394088e-01	6.402924e-03	-3.486984e-03	3.478737e-01	-2.453614e+00
2.23          	2.792958e-01	2.536837e-03	-2.105207e+00	5.267732e-04	1.400332e+00	4.154353e-03	1.401747e-01	1.391211e-01	5.422771e-03	-2.885934e-03	3.477290e-01	-2.452936e+00
2.24          	2.781656e-01	2.133048e-03	-2.104659e+00	3.235828e-04	1.399700e+00	3.147170e-03	1.394064e-01	1.387592e-01	4.213695e-03	-2.080646e-03	3.473708e-01	-2.452030e+00
2.25          	2.769575e-01	1.794766e-03	-2.104224e+00	7.415744e-05	1.399102e+00	2.197840e-03	1.385529e-01	1.384046e-01	3.095223e-03	-1.300456e-03	3.469904e-01	-2.451214e+00
2.26          	2.759392e-01	1.568894e-03	-2.103954e+00	-1.455389e-04	1.398692e+00	1.490540e-03	1.378241e-01	1.381151e-01	2.274987e-03	-7.060935e-04	3.467152e-01	-2.450669e+00
2.27          	2.752639e-01	1.463378e-03	-2.103821e+00	-2.927993e-04	1.398512e+00	1.105293e-03	1.373391e-01	1.379247e-01	1.836982e-03	-3.736044e-04	3.466017e-01	-2.450423e+00
2.28          	2.749627e-01	1.448908e-03	-2.103765e+00	-3.508492e-04	1.398524e+00	1.017815e-03	1.371305e-01	1.378322e-01	1.742269e-03	-2.933612e-04	3.466417e-01	-2.450407e+00
2.29          	2.749673e-01	1.484274e-03	-2.103722e+00	-3.308595e-04	1.398658e+00	1.140488e-03	1.371528e-01	1.378145e-01	1.882625e-03	-3.983515e-04	3.467965e-01	-2.450519e+00
2.3           	2.751520e-01	1.527886e-03	-2.103660e+00	-2.567246e-04	1.398857e+00	1.355209e-03	1.373193e-01	1.378327e-01	2.119151e-03	-5.912656e-04	3.470265e-01	-2.450687e+00
2.31          	2.753741e-01	1.553295e-03	-2.103581e+00	-1.561082e-04	1.399093e+00	1.558433e-03	1.375309e-01	1.378432e-01	2.335080e-03	-7.817852e-04	3.473023e-01	-2.450884e+00
2.32          	2.755292e-01	1.559146e-03	-2.103503e+00	-5.643639e-05	1.399355e+00	1.695191e-03	1.377082e-01	1.378210e-01	2.474764e-03	-9.156185e-04	3.476032e-01	-2.451106e+00
2.33          	2.755569e-01	1.544376e-03	-2.103464e+00	2.489179e-05	1.399658e+00	1.735424e-03	1.378034e-01	1.377536e-01	2.507612e-03	-9.632363e-04	3.479255e-01	-2.451390e+00
2.34          	2.754549e-01	1.527360e-03	-2.103503e+00	8.130552e-05	1.400021e+00	1.701937e-03	1.378088e-01	1.376462e-01	2.465617e-03	-9.382576e-04	3.482701e-01	-2.451773e+00
2.35          	2.752508e-01	1.519497e-03	-2.103643e+00	1.130249e-04	1.400462e+00	1.626659e-03	1.377384e-01	1.375124e-01	2.386407e-03	-8.669101e-04	3.486405e-01	-2.452283e+00
2.36          	2.749935e-01	1.536811e-03	-2.103877e+00	1.222598e-04	1.400962e+00	1.556731e-03	1.376190e-01	1.373745e-01	2.325136e-03	-7.883253e-04	3.490237e-01	-2.452901e+00
2.37          	2.747247e-01	1.579019e-03	-2.104174e+00	1.180923e-04	1.401492e+00	1.516570e-03	1.374804e-01	1.372442e-01	2.306080e-03	-7.270605e-04	3.494053e-01	-2.453579e+00
2.38          	2.744908e-01	1.653336e-03	-2.104490e+00	1.050706e-04	1.402016e+00	1.540832e-03	1.373505e-01	1.371403e-01	2.367500e-03	-7.141640e-04	3.497707e-01	-2.454261e+00
2.39          	2.743077e-01	1.737883e-03	-2.104798e+00	9.112161e-05	1.402519e+00	1.609444e-03	1.372450e-01	1.370627e-01	2.478385e-03	-7.405025e-04	3.501200e-01	-2.454918e+00
2.4           	2.741728e-01	1.832031e-03	-2.105045e+00	8.283624e-05	1.402950e+00	1.721820e-03	1.371692e-01	1.370036e-01	2.637835e-03	-8.058042e-04	3.504274e-01	-2.455473e+00
2.41          	2.740754e-01	1.921019e-03	-2.105229e+00	8.217237e-05	1.403317e+00	1.848462e-03	1.371199e-01	1.369555e-01	2.808972e-03	-8.879524e-04	3.507026e-01	-2.455932e+00
2.42          	2.740020e-01	1.992610e-03	-2.105358e+00	9.033586e-05	1.403637e+00	1.961238e-03	1.370913e-01	1.369106e-01	2.957543e-03	-9.649333e-04	3.509579e-01	-2.456315e+00
2.43          	2.739319e-01	2.043699e-03	-2.105444e+00	1.048006e-04	1.403922e+00	2.045783e-03	1.370707e-01	1.368611e-01	3.067632e-03	-1.023933e-03	3.512004e-01	-2.456644e+00
2.44          	2.738530e-01	2.080282e-03	-2.105507e+00	1.207766e-04	1.404190e+00	2.101131e-03	1.370473e-01	1.368057e-01	3.141271e-03	-1.060990e-03	3.514367e-01	-2.456944e+00
2.45          	2.737550e-01	2.102748e-03	-2.105568e+00	1.365653e-04	1.404458e+00	2.124230e-03	1.370141e-01	1.367409e-01	3.175604e-03	-1.072857e-03	3.516743e-01	-2.457243e+00
2.46          	2.736414e-01	2.116827e-03	-2.105646e+00	1.490071e-04	1.404742e+00	2.124660e-03	1.369697e-01	1.366717e-01	3.183073e-03	-1.066246e-03	3.519190e-01	-2.457565e+00
2.47          	2.735137e-01	2.126760e-03	-2.105752e+00	1.583069e-04	1.405050e+00	2.112418e-03	1.369151e-01	1.365985e-01	3.175798e-03	-1.049038e-03	3.521742e-01	-2.457926e+00
2.48          	2.733833e-01	2.137806e-03	-2.105891e+00	1.637088e-04	1.405386e+00	2.100404e-03	1.368554e-01	1.365280e-01	3.169307e-03	-1.031501e-03	3.524402e-01	-2.458331e+00
2.49          	2.732559e-01	2.153490e-03	-2.106053e+00	1.660471e-04	1.405736e+00	2.098351e-03	1.367940e-01	1.364619e-01	3.175096e-03	-1.021605e-03	3.527095e-01	-2.458762e+00
2.5           	2.731371e-01	2.172376e-03	-2.106224e+00	1.667919e-04	1.406085e+00	2.105841e-03	1.367353e-01	1.364018e-01	3.192028e-03	-1.019653e-03	3.529733e-01	-2.459197e+00
2.51          	2.730276e-01	2.192487e-03	-2.106383e+00	1.666033e-04	1.406415e+00	2.122265e-03	1.366804e-01	1.363472e-01	3.218509e-03	-1.026022e-03	3.532229e-01	-2.459606e+00
2.52          	2.729312e-01	2.206845e-03	-2.106519e+00	1.663755e-04	1.406715e+00	2.136507e-03	1.366320e-01	1.362992e-01	3.239929e-03	-1.033084e-03	3.534560e-01	-2.459975e+00
2.53          	2.728404e-01	2.214299e-03	-2.106613e+00	1.665260e-04	1.406971e+00	2.144747e-03	1.365867e-01	1.362537e-01	3.251897e-03	-1.037598e-03	3.536648e-01	-2.460277e+00
2.54          	2.727542e-01	2.210112e-03	-2.106663e+00	1.671414e-04	1.407182e+00	2.137564e-03	1.365443e-01	1.362100e-01	3.242620e-03	-1.032507e-03	3.538500e-01	-2.460513e+00
2.55          	2.726679e-01	2.191311e-03	-2.106674e+00	1.690502e-04	1.407355e+00	2.109775e-03	1.365030e-01	1.361649e-01	3.205430e-03	-1.014119e-03	3.540180e-01	-2.460692e+00
2.56          	2.725828e-01	2.160906e-03	-2.106659e+00	1.707657e-04	1.407509e+00	2.064248e-03	1.364622e-01	1.361207e-01	3.144701e-03	-9.837949e-04	3.541794e-01	-2.460838e+00
2.57          	2.724974e-01	2.125057e-03	-2.106633e+00	1.716350e-04	1.407657e+00	2.009337e-03	1.364203e-01	1.360771e-01	3.071866e-03	-9.468089e-04	3.543402e-01	-2.460973e+00
2.58          	2.724144e-01	2.085814e-03	-2.106610e+00	1.718108e-04	1.407816e+00	1.950026e-03	1.363790e-01	1.360354e-01	2.992933e-03	-9.071189e-04	3.545110e-01	-2.461121e+00
2.59          	2.723310e-01	2.043776e-03	-2.106599e+00	1.717487e-04	1.407992e+00	1.888633e-03	1.363372e-01	1.359937e-01	2.910521e-03	-8.667444e-04	3.546924e-01	-2.461291e+00
2.6           	2.722505e-01	1.993890e-03	-2.106603e+00	1.728421e-04	1.408183e+00	1.818223e-03	1.362981e-01	1.359524e-01	2.815168e-03	-8.212779e-04	3.548815e-01	-2.461485e+00
2.61          	2.721700e-01	1.939742e-03	-2.106614e+00	1.741236e-04	1.408378e+00	1.745178e-03	1.362591e-01	1.359109e-01	2.715049e-03	-7.753069e-04	3.550711e-01	-2.461686e+00
2.62          	2.721146e-01	1.879654e-03	-2.106634e+00	1.787179e-04	1.408584e+00	1.673427e-03	1.362360e-01	1.358786e-01	2.613254e-03	-7.336002e-04	3.552669e-01	-2.461901e+00
2.63          	2.720412e-01	1.810341e-03	-2.106624e+00	1.794495e-04	1.408748e+00	1.579758e-03	1.362000e-01	1.358411e-01	2.484928e-03	-6.745875e-04	3.554358e-01	-2.462060e+00
2.64          	2.719667e-01	1.725018e-03	-2.106578e+00	1.794716e-04	1.408872e+00	1.459116e-03	1.361628e-01	1.358039e-01	2.321625e-03	-5.966071e-04	3.555831e-01	-2.462162e+00
2.65          	2.718822e-01	1.641432e-03	-2.106497e+00	1.723661e-04	1.408955e+00	1.336710e-03	1.361134e-01	1.357687e-01	2.157426e-03	-5.159941e-04	3.557067e-01	-2.462204e+00
2.66          	2.718079e-01	1.556760e-03	-2.106370e+00	1.632336e-04	1.408987e+00	1.211829e-03	1.360672e-01	1.357407e-01	1.990209e-03	-4.334493e-04	3.558024e-01	-2.462172e+00
2.67          	2.717252e-01	1.423742e-03	-2.106240e+00	1.740234e-04	1.409009e+00	1.031107e-03	1.360366e-01	1.356886e-01	1.742978e-03	-3.192363e-04	3.558888e-01	-2.462128e+00
2.68          	2.716495e-01	1.292990e-03	-2.106093e+00	1.817319e-04	1.409006e+00	8.569082e-04	1.360065e-01	1.356430e-01	1.503403e-03	-2.104131e-04	3.559591e-01	-2.462052e+00
2.69          	2.715784e-01	1.170395e-03	-2.105933e+00	1.853137e-04	1.408983e+00	6.938170e-04	1.359745e-01	1.356039e-01	1.279015e-03	-1.086193e-04	3.560159e-01	-2.461949e+00
2.7           	2.715160e-01	1.058719e-03	-2.105772e+00	1.837777e-04	1.408955e+00	5.444791e-04	1.359418e-01	1.355742e-01	1.073839e-03	-1.511964e-05	3.560689e-01	-2.461841e+00
2.71          	2.714563e-01	9.563197e-04	-2.105613e+00	1.775059e-04	1.408931e+00	4.066762e-04	1.359057e-01	1.355507e-01	8.848360e-04	7.148370e-05	3.561246e-01	-2.461738e+00
2.72          	2.714002e-01	8.562133e-04	-2.105460e+00	1.691336e-04	1.408917e+00	2.707017e-04	1.358692e-01	1.355310e-01	6.988083e-04	1.574049e-04	3.561868e-01	-2.461647e+00
2.73          	2.713443e-01	7.579318e-04	-2.105309e+00	1.599042e-04	1.408910e+00	1.356372e-04	1.358320e-01	1.355122e-01	5.146030e-04	2.433287e-04	3.562560e-01	-2.461565e+00
2.74          	2.712900e-01	6.548009e-04	-2.105159e+00	1.526742e-04	1.408911e+00	-5.794034e-06	1.357977e-01	1.354923e-01	3.216064e-04	3.331945e-04	3.563316e-01	-2.461491e+00
2.75          	2.712336e-01	5.493178e-04	-2.105009e+00	1.466068e-04	1.408915e+00	-1.495664e-04	1.357634e-01	1.354702e-01	1.250925e-04	4.242253e-04	3.564108e-01	-2.461420e+00
2.76          	2.711815e-01	4.334069e-04	-2.104857e+00	1.451896e-04	1.408917e+00	-3.047609e-04	1.357359e-01	1.354456e-01	-8.805739e-05	5.214643e-04	3.564880e-01	-2.461345e+00
2.77          	2.711284e-01	3.136051e-04	-2.104711e+00	1.473958e-04	1.408923e+00	-4.621920e-04	1.357116e-01	1.354168e-01	-3.053894e-04	6.189945e-04	3.565670e-01	-2.461278e+00
2.78          	2.710796e-01	2.003649e-04	-2.104578e+00	1.500143e-04	1.408940e+00	-6.098123e-04	1.356898e-01	1.353898e-01	-5.096299e-04	7.099948e-04	3.566514e-01	-2.461229e+00
2.79          	2.710339e-01	9.630169e-05	-2.104462e+00	1.525531e-04	1.408978e+00	-7.463624e-04	1.356695e-01	1.353644e-01	-6.982115e-04	7.945132e-04	3.567470e-01	-2.461209e+00
2.8           	2.709944e-01	1.715277e-06	-2.104361e+00	1.547897e-04	1.409033e+00	-8.728038e-04	1.356520e-01	1.353424e-01	-8.719462e-04	8.736614e-04	3.568526e-01	-2.461214e+00
2.81          	2.709588e-01	-8.571817e-05	-2.104268e+00	1.574291e-04	1.409100e+00	-9.908017e-04	1.356368e-01	1.353220e-01	-1.033661e-03	9.479426e-04	3.569654e-01	-2.461234e+00
2.82          	2.709286e-01	-1.681501e-04	-2.104180e+00	1.605029e-04	1.409175e+00	-1.103258e-03	1.356248e-01	1.353038e-01	-1.187333e-03	1.019183e-03	3.570848e-01	-2.461265e+00
2.83          	2.709010e-01	-2.475842e-04	-2.104091e+00	1.644406e-04	1.409255e+00	-1.213509e-03	1.356149e-01	1.352860e-01	-1.337301e-03	1.089717e-03	3.572099e-01	-2.461301e+00
2.84          	2.708758e-01	-3.222224e-04	-2.104001e+00	1.691607e-04	1.409338e+00	-1.314152e-03	1.356071e-01	1.352687e-01	-1.475263e-03	1.153041e-03	3.573381e-01	-2.461339e+00
2.85          	2.709470e-01	-4.195671e-04	-2.104013e+00	1.441648e-04	1.409573e+00	-1.497288e-03	1.356177e-01	1.353293e-01	-1.707071e-03	1.287504e-03	3.575663e-01	-2.461579e+00
2.86          	2.709129e-01	-4.999544e-04	-2.103960e+00	1.613708e-04	1.409688e+00	-1.571968e-03	1.356178e-01	1.352951e-01	-1.821946e-03	1.321991e-03	3.577081e-01	-2.461668e+00
2.87          	2.708800e-01	-5.859108e-04	-2.103916e+00	1.913560e-04	1.409818e+00	-1.639312e-03	1.356313e-01	1.352486e-01	-1.932268e-03	1.346357e-03	3.578596e-01	-2.461776e+00
2.88          	2.708215e-01	-6.363467e-04	-2.103870e+00	2.073553e-04	1.409940e+00	-1.690667e-03	1.356181e-01	1.352034e-01	-2.008841e-03	1.372494e-03	3.580054e-01	-2.461876e+00
2.89          	2.707564e-01	-6.809270e-04	-2.103814e+00	2.206934e-04	1.410055e+00	-1.740760e-03	1.355989e-01	1.351575e-01	-2.081223e-03	1.400296e-03	3.581486e-01	-2.461962e+00
2.9           	2.706924e-01	-7.207737e-04	-2.103747e+00	2.314155e-04	1.410160e+00	-1.789415e-03	1.355776e-01	1.351148e-01	-2.149802e-03	1.429028e-03	3.582866e-01	-2.462033e+00
2.91          	2.706368e-01	-7.583185e-04	-2.103668e+00	2.377108e-04	1.410251e+00	-1.837263e-03	1.355561e-01	1.350807e-01	-2.216423e-03	1.458104e-03	3.584169e-01	-2.462085e+00
2.92          	2.705913e-01	-7.942974e-04	-2.103582e+00	2.403612e-04	1.410330e+00	-1.883448e-03	1.355360e-01	1.350553e-01	-2.280597e-03	1.486299e-03	3.585391e-01	-2.462121e+00
2.93          	2.705536e-01	-8.268672e-04	-2.103490e+00	2.390037e-04	1.410400e+00	-1.924728e-03	1.355158e-01	1.350378e-01	-2.338161e-03	1.511294e-03	3.586550e-01	-2.462145e+00
2.94          	2.705270e-01	-8.589198e-04	-2.103400e+00	2.350559e-04	1.410469e+00	-1.961956e-03	1.354985e-01	1.350284e-01	-2.391415e-03	1.532496e-03	3.587690e-01	-2.462169e+00
2.95          	2.705057e-01	-8.907064e-04	-2.103312e+00	2.287833e-04	1.410540e+00	-1.996036e-03	1.354816e-01	1.350241e-01	-2.441389e-03	1.550683e-03	3.588837e-01	-2.462195e+00
2.96          	2.704874e-01	-9.246172e-04	-2.103229e+00	2.245534e-04	1.410617e+00	-2.028588e-03	1.354683e-01	1.350191e-01	-2.490897e-03	1.566279e-03	3.590023e-01	-2.462232e+00
2.97          	2.704683e-01	-9.535193e-04	-2.103159e+00	2.211494e-04	1.410711e+00	-2.053618e-03	1.354553e-01	1.350130e-01	-2.530378e-03	1.576859e-03	3.591312e-01	-2.462291e+00
2.98          	2.704576e-01	-9.899345e-04	-2.103110e+00	2.240610e-04	1.410833e+00	-2.093504e-03	1.354529e-01	1.350047e-01	-2.588471e-03	1.598537e-03	3.592777e-01	-2.462388e+00
2.99          	2.704418e-01	-1.019007e-03	-2.103064e+00	2.327313e-04	1.410957e+00	-2.126152e-03	1.354536e-01	1.349882e-01	-2.635655e-03	1.616648e-03	3.594254e-01	-2.462489e+00
3             	2.704354e-01	-1.012855e-03	-2.103011e+00	2.309776e-04	1.411074e+00	-2.121637e-03	1.354487e-01	1.349867e-01	-2.628065e-03	1.615210e-03	3.595687e-01	-2.462580e+00
3.01          	2.704087e-01	-1.062914e-03	-2.103001e+00	2.574265e-04	1.411227e+00	-2.182520e-03	1.354618e-01	1.349469e-01	-2.713977e-03	1.651063e-03	3.597264e-01	-2.462727e+00
3.02          	2.703782e-01	-1.103689e-03	-2.102986e+00	2.777891e-04	1.411365e+00	-2.230783e-03	1.354669e-01	1.349113e-01	-2.782627e-03	1.678938e-03	3.598713e-01	-2.462858e+00
3.03          	2.703431e-01	-1.133157e-03	-2.102965e+00	2.901815e-04	1.411484e+00	-2.265266e-03	1.354617e-01	1.348814e-01	-2.831844e-03	1.698687e-03	3.600018e-01	-2.462967e+00
3.04          	2.703082e-01	-1.152254e-03	-2.102934e+00	2.952073e-04	1.411584e+00	-2.284459e-03	1.354493e-01	1.348589e-01	-2.860586e-03	1.708332e-03	3.601167e-01	-2.463050e+00
3.05          	2.702711e-01	-1.159877e-03	-2.102894e+00	2.925831e-04	1.411663e+00	-2.291277e-03	1.354282e-01	1.348430e-01	-2.871215e-03	1.711338e-03	3.602165e-01	-2.463110e+00
3.06          	2.702354e-01	-1.157128e-03	-2.102844e+00	2.842097e-04	1.411723e+00	-2.285329e-03	1.354019e-01	1.348335e-01	-2.863893e-03	1.706765e-03	3.603010e-01	-2.463145e+00
3.07          	2.701996e-01	-1.153317e-03	-2.102791e+00	2.751432e-04	1.411772e+00	-2.279673e-03	1.353750e-01	1.348247e-01	-2.856331e-03	1.703014e-03	3.603767e-01	-2.463168e+00
3.08          	2.701660e-01	-1.147799e-03	-2.102731e+00	2.669098e-04	1.411807e+00	-2.273337e-03	1.353499e-01	1.348161e-01	-2.847237e-03	1.699438e-03	3.604413e-01	-2.463173e+00
3.09          	2.701365e-01	-1.138353e-03	-2.102667e+00	2.565703e-04	1.411834e+00	-2.270116e-03	1.353248e-01	1.348117e-01	-2.839292e-03	1.700939e-03	3.605003e-01	-2.463167e+00
3.1           	2.701062e-01	-1.142066e-03	-2.102594e+00	2.530044e-04	1.411844e+00	-2.275381e-03	1.353061e-01	1.348001e-01	-2.846414e-03	1.704348e-03	3.605470e-01	-2.463141e+00
3.11          	2.701174e-01	-1.201990e-03	-2.102512e+00	2.780785e-04	1.411853e+00	-2.298735e-03	1.353368e-01	1.347806e-01	-2.899730e-03	1.697740e-03	3.605972e-01	-2.463109e+00
3.12          	2.700744e-01	-1.190037e-03	-2.102435e+00	2.639715e-04	1.411826e+00	-2.311338e-03	1.353012e-01	1.347732e-01	-2.906356e-03	1.716319e-03	3.606082e-01	-2.463044e+00
3.13          	2.700367e-01	-1.165489e-03	-2.102340e+00	2.381428e-04	1.411774e+00	-2.319847e-03	1.352565e-01	1.347802e-01	-2.902592e-03	1.737103e-03	3.606040e-01	-2.462944e+00
3.14          	2.699862e-01	-1.163752e-03	-2.102223e+00	2.218065e-04	1.411688e+00	-2.333141e-03	1.352149e-01	1.347713e-01	-2.915017e-03	1.751265e-03	3.605763e-01	-2.462799e+00
3.15          	2.699303e-01	-1.167199e-03	-2.102080e+00	2.077724e-04	1.411572e+00	-2.343233e-03	1.351729e-01	1.347574e-01	-2.926833e-03	1.759634e-03	3.605323e-01	-2.462612e+00
3.16          	2.698770e-01	-1.172724e-03	-2.101915e+00	1.959865e-04	1.411431e+00	-2.347987e-03	1.351345e-01	1.347425e-01	-2.934349e-03	1.761625e-03	3.604728e-01	-2.462388e+00
3.17          	2.698290e-01	-1.176856e-03	-2.101735e+00	1.849919e-04	1.411268e+00	-2.347107e-03	1.350995e-01	1.347295e-01	-2.935535e-03	1.758679e-03	3.604006e-01	-2.462135e+00
3.18          	2.697907e-01	-1.176208e-03	-2.101547e+00	1.733017e-04	1.411091e+00	-2.340414e-03	1.350686e-01	1.347220e-01	-2.928518e-03	1.752310e-03	3.603178e-01	-2.461865e+00
3.19          	2.697639e-01	-1.166249e-03	-2.101363e+00	1.558892e-04	1.410912e+00	-2.327134e-03	1.350378e-01	1.347260e-01	-2.910259e-03	1.744010e-03	3.602304e-01	-2.461593e+00
3.2           	2.697418e-01	-1.161334e-03	-2.101180e+00	1.408327e-04	1.410721e+00	-2.316822e-03	1.350117e-01	1.347301e-01	-2.897489e-03	1.736155e-03	3.601311e-01	-2.461312e+00
3.21          	2.697242e-01	-1.155951e-03	-2.100994e+00	1.248753e-04	1.410516e+00	-2.308915e-03	1.349870e-01	1.347372e-01	-2.886891e-03	1.730940e-03	3.600186e-01	-2.461013e+00
3.22          	2.697136e-01	-1.152628e-03	-2.100804e+00	1.081521e-04	1.410295e+00	-2.305135e-03	1.349649e-01	1.347486e-01	-2.881449e-03	1.728821e-03	3.598933e-01	-2.460697e+00
3.23          	2.696971e-01	-1.142982e-03	-2.100596e+00	9.022721e-05	1.410060e+00	-2.304470e-03	1.349388e-01	1.347583e-01	-2.875961e-03	1.732979e-03	3.597621e-01	-2.460358e+00
3.24          	2.696895e-01	-1.146635e-03	-2.100390e+00	7.176807e-05	1.409814e+00	-2.309716e-03	1.349165e-01	1.347730e-01	-2.883034e-03	1.736399e-03	3.596185e-01	-2.460009e+00
3.25          	2.696817e-01	-1.169476e-03	-2.100171e+00	5.398395e-05	1.409558e+00	-2.322042e-03	1.348948e-01	1.347869e-01	-2.906780e-03	1.737304e-03	3.594727e-01	-2.459643e+00
3.26          	2.696773e-01	-1.178945e-03	-2.099958e+00	3.464602e-05	1.409288e+00	-2.335305e-03	1.348733e-01	1.348040e-01	-2.924777e-03	1.745832e-03	3.593095e-01	-2.459267e+00
3.27          	2.696871e-01	-1.197399e-03	-2.099776e+00	1.377341e-05	1.409056e+00	-2.363677e-03	1.348573e-01	1.348298e-01	-2.962377e-03	1.764978e-03	3.591680e-01	-2.458944e+00
3.28          	2.696924e-01	-1.207596e-03	-2.099587e+00	-3.056412e-06	1.408807e+00	-2.378618e-03	1.348431e-01	1.348492e-01	-2.982416e-03	1.774820e-03	3.590142e-01	-2.458601e+00
3.29          	2.696968e-01	-1.213712e-03	-2.099397e+00	-1.744362e-05	1.408558e+00	-2.387477e-03	1.348310e-01	1.348659e-01	-2.994333e-03	1.780621e-03	3.588599e-01	-2.458257e+00
3.3           	2.697027e-01	-1.219744e-03	-2.099211e+00	-2.818746e-05	1.408317e+00	-2.395009e-03	1.348232e-01	1.348795e-01	-3.004881e-03	1.785136e-03	3.587112e-01	-2.457922e+00
3.31          	2.697130e-01	-1.228580e-03	-2.099030e+00	-3.434604e-05	1.408087e+00	-2.402617e-03	1.348222e-01	1.348909e-01	-3.016907e-03	1.788327e-03	3.585724e-01	-2.457602e+00
3.32          	2.697270e-01	-1.235633e-03	-2.098857e+00	-3.994220e-05	1.407870e+00	-2.410447e-03	1.348236e-01	1.349035e-01	-3.028264e-03	1.792631e-03	3.584411e-01	-2.457298e+00
3.33          	2.697411e-01	-1.243895e-03	-2.098693e+00	-4.406419e-05	1.407664e+00	-2.419165e-03	1.348265e-01	1.349146e-01	-3.041113e-03	1.797217e-03	3.583174e-01	-2.457011e+00
3.34          	2.697581e-01	-1.252531e-03	-2.098542e+00	-4.771931e-05	1.407470e+00	-2.427847e-03	1.348314e-01	1.349268e-01	-3.054113e-03	1.801581e-03	3.581990e-01	-2.456741e+00
3.35          	2.697777e-01	-1.261112e-03	-2.098404e+00	-5.081117e-05	1.407286e+00	-2.435769e-03	1.348380e-01	1.349396e-01	-3.066325e-03	1.805213e-03	3.580843e-01	-2.456488e+00
3.36          	2.698130e-01	-1.260285e-03	-2.098292e+00	-6.078430e-05	1.407127e+00	-2.440631e-03	1.348457e-01	1.349673e-01	-3.070774e-03	1.810489e-03	3.579812e-01	-2.456273e+00
3.37          	2.698406e-01	-1.265802e-03	-2.098188e+00	-6.431517e-05	1.406966e+00	-2.440916e-03	1.348560e-01	1.349846e-01	-3.073818e-03	1.808015e-03	3.578723e-01	-2.456060e+00
3.38          	2.698735e-01	-1.273241e-03	-2.098091e+00	-6.207045e-05	1.406812e+00	-2.435906e-03	1.348747e-01	1.349988e-01	-3.072526e-03	1.799285e-03	3.577660e-01	-2.455857e+00
3.39          	2.698977e-01	-1.269354e-03	-2.097997e+00	-6.233533e-05	1.406660e+00	-2.421983e-03	1.348865e-01	1.350112e-01	-3.056660e-03	1.787306e-03	3.576613e-01	-2.455658e+00
3.4           	2.699229e-01	-1.260699e-03	-2.097902e+00	-6.234126e-05	1.406514e+00	-2.401697e-03	1.348991e-01	1.350238e-01	-3.032047e-03	1.771348e-03	3.575627e-01	-2.455465e+00
3.41          	2.699569e-01	-1.257126e-03	-2.097816e+00	-5.752584e-05	1.406387e+00	-2.379854e-03	1.349209e-01	1.350360e-01	-3.008417e-03	1.751291e-03	3.574789e-01	-2.455295e+00
3.42          	2.699891e-01	-1.244064e-03	-2.097732e+00	-5.545214e-05	1.406266e+00	-2.352453e-03	1.349391e-01	1.350500e-01	-2.974485e-03	1.730422e-03	3.574006e-01	-2.455132e+00
3.43          	2.700204e-01	-1.231302e-03	-2.097649e+00	-5.137735e-05	1.406155e+00	-2.324791e-03	1.349588e-01	1.350616e-01	-2.940442e-03	1.709140e-03	3.573306e-01	-2.454980e+00
3.44          	2.700503e-01	-1.175263e-03	-2.097557e+00	-5.452323e-05	1.406063e+00	-2.289406e-03	1.349706e-01	1.350796e-01	-2.877037e-03	1.701774e-03	3.572847e-01	-2.454841e+00
3.45          	2.700853e-01	-1.184067e-03	-2.097492e+00	-4.246713e-05	1.405985e+00	-2.259696e-03	1.350002e-01	1.350851e-01	-2.851730e-03	1.667663e-03	3.572394e-01	-2.454731e+00
3.46          	2.701202e-01	-1.193179e-03	-2.097449e+00	-2.688319e-05	1.405923e+00	-2.232824e-03	1.350332e-01	1.350870e-01	-2.829413e-03	1.636234e-03	3.571989e-01	-2.454648e+00
3.47          	2.701555e-01	-1.194542e-03	-2.097423e+00	-1.118158e-05	1.405875e+00	-2.202557e-03	1.350666e-01	1.350889e-01	-2.799828e-03	1.605286e-03	3.571639e-01	-2.454587e+00
3.48          	2.701997e-01	-1.194625e-03	-2.097417e+00	9.088410e-06	1.405848e+00	-2.172731e-03	1.351089e-01	1.350908e-01	-2.770044e-03	1.575418e-03	3.571394e-01	-2.454556e+00
3.49          	2.702373e-01	-1.175204e-03	-2.097423e+00	2.187283e-05	1.405833e+00	-2.140051e-03	1.351405e-01	1.350968e-01	-2.727653e-03	1.552449e-03	3.571214e-01	-2.454544e+00
3.5           	2.702727e-01	-1.147160e-03	-2.097429e+00	3.268058e-05	1.405822e+00	-2.104945e-03	1.351690e-01	1.351037e-01	-2.678525e-03	1.531365e-03	3.571072e-01	-2.454536e+00
3.51          	2.703066e-01	-1.119814e-03	-2.097430e+00	4.200641e-05	1.405813e+00	-2.070371e-03	1.351953e-01	1.351113e-01	-2.630278e-03	1.510464e-03	3.570979e-01	-2.454528e+00
3.52          	2.703417e-01	-1.091817e-03	-2.097424e+00	5.142799e-05	1.405807e+00	-2.037291e-03	1.352223e-01	1.351194e-01	-2.583200e-03	1.491382e-03	3.570950e-01	-2.454519e+00
3.53          	2.703719e-01	-1.068982e-03	-2.097404e+00	6.009136e-05	1.405801e+00	-2.005891e-03	1.352461e-01	1.351259e-01	-2.540382e-03	1.471399e-03	3.570989e-01	-2.454503e+00
3.54          	2.704012e-01	-1.051734e-03	-2.097371e+00	6.881310e-05	1.405793e+00	-1.975435e-03	1.352694e-01	1.351318e-01	-2.501302e-03	1.449568e-03	3.571074e-01	-2.454479e+00
3.55          	2.704315e-01	-1.039183e-03	-2.097328e+00	7.725406e-05	1.405783e+00	-1.946186e-03	1.352930e-01	1.351385e-01	-2.465778e-03	1.426595e-03	3.571188e-01	-2.454447e+00
3.56          	2.705786e-01	-9.319140e-04	-2.097308e+00	4.731673e-05	1.405801e+00	-1.957354e-03	1.353366e-01	1.352420e-01	-2.423311e-03	1.491397e-03	3.571470e-01	-2.454455e+00
3.57          	2.705874e-01	-9.603767e-04	-2.097264e+00	6.515484e-05	1.405792e+00	-1.920917e-03	1.353589e-01	1.352286e-01	-2.401106e-03	1.440729e-03	3.571594e-01	-2.454424e+00
3.58          	2.705895e-01	-9.970666e-04	-2.097219e+00	8.280440e-05	1.405781e+00	-1.882495e-03	1.353775e-01	1.352119e-01	-2.381028e-03	1.383961e-03	3.571719e-01	-2.454391e+00
3.59          	2.705662e-01	-1.072205e-03	-2.097173e+00	1.124316e-04	1.405767e+00	-1.835006e-03	1.353955e-01	1.351707e-01	-2.371109e-03	1.298904e-03	3.571804e-01	-2.454354e+00
3.6           	2.705141e-01	-1.149330e-03	-2.097120e+00	1.389961e-04	1.405751e+00	-1.780517e-03	1.353960e-01	1.351180e-01	-2.355182e-03	1.205852e-03	3.571911e-01	-2.454311e+00
3.61          	2.704975e-01	-1.186879e-03	-2.097045e+00	1.545431e-04	1.405730e+00	-1.754204e-03	1.354033e-01	1.350942e-01	-2.347643e-03	1.160764e-03	3.572072e-01	-2.454252e+00
3.62          	2.702918e-01	-1.257117e-03	-2.096951e+00	1.650647e-04	1.405720e+00	-1.807053e-03	1.353110e-01	1.349809e-01	-2.435611e-03	1.178494e-03	3.572446e-01	-2.454196e+00
3.63          	2.704356e-01	-1.162320e-03	-2.096810e+00	1.477809e-04	1.405692e+00	-1.846373e-03	1.353656e-01	1.350700e-01	-2.427533e-03	1.265213e-03	3.572873e-01	-2.454097e+00
3.64          	2.706399e-01	-1.060503e-03	-2.096682e+00	1.333730e-04	1.405678e+00	-1.881006e-03	1.354533e-01	1.351866e-01	-2.411257e-03	1.350755e-03	3.573368e-01	-2.454018e+00
3.65          	2.708186e-01	-9.511127e-04	-2.096570e+00	1.052900e-04	1.405653e+00	-1.904505e-03	1.355146e-01	1.353040e-01	-2.380061e-03	1.428948e-03	3.573677e-01	-2.453938e+00
3.66          	2.709538e-01	-8.794717e-04	-2.096472e+00	8.116613e-05	1.405617e+00	-1.918596e-03	1.355581e-01	1.353957e-01	-2.358332e-03	1.478861e-03	3.573814e-01	-2.453853e+00
3.67          	2.710037e-01	-8.754259e-04	-2.096396e+00	6.935408e-05	1.405583e+00	-1.915262e-03	1.355712e-01	1.354325e-01	-2.352975e-03	1.477549e-03	3.573853e-01	-2.453782e+00
3.68          	2.709820e-01	-9.314233e-04	-2.096339e+00	7.203323e-05	1.405555e+00	-1.906882e-03	1.355631e-01	1.354190e-01	-2.372594e-03	1.441171e-03	3.573861e-01	-2.453725e+00
3.69          	2.709132e-01	-1.022956e-03	-2.096283e+00	8.456081e-05	1.405534e+00	-1.899128e-03	1.355411e-01	1.353720e-01	-2.410606e-03	1.387649e-03	3.573930e-01	-2.453676e+00
3.7           	2.708369e-01	-1.125336e-03	-2.096229e+00	1.005559e-04	1.405532e+00	-1.902484e-03	1.355190e-01	1.353179e-01	-2.465152e-03	1.339817e-03	3.574174e-01	-2.453647e+00
3.71          	2.708383e-01	-1.327691e-03	-2.096155e+00	1.756687e-04	1.405563e+00	-1.947125e-03	1.355948e-01	1.352435e-01	-2.610971e-03	1.283279e-03	3.574858e-01	-2.453640e+00
3.72          	2.708016e-01	-1.331956e-03	-2.096108e+00	1.615795e-04	1.405582e+00	-1.938847e-03	1.355624e-01	1.352392e-01	-2.604825e-03	1.272869e-03	3.575284e-01	-2.453636e+00
3.73          	2.707899e-01	-1.276096e-03	-2.096059e+00	1.246559e-04	1.405623e+00	-1.901852e-03	1.355196e-01	1.352703e-01	-2.539900e-03	1.263804e-03	3.575939e-01	-2.453652e+00
3.74          	2.708033e-01	-1.234314e-03	-2.095991e+00	9.992909e-05	1.405656e+00	-1.919493e-03	1.355016e-01	1.353017e-01	-2.536650e-03	1.302336e-03	3.576602e-01	-2.453652e+00
3.75          	2.708343e-01	-1.187860e-03	-2.095915e+00	7.399528e-05	1.405690e+00	-1.941686e-03	1.354912e-01	1.353432e-01	-2.535616e-03	1.347756e-03	3.577326e-01	-2.453648e+00
3.76          	2.708653e-01	-1.158846e-03	-2.095841e+00	5.647970e-05	1.405728e+00	-1.965830e-03	1.354891e-01	1.353762e-01	-2.545254e-03	1.386407e-03	3.578075e-01	-2.453648e+00
3.77          	2.708816e-01	-1.154599e-03	-2.095763e+00	5.045628e-05	1.405769e+00	-1.989257e-03	1.354913e-01	1.353903e-01	-2.566556e-03	1.411957e-03	3.578877e-01	-2.453651e+00
3.78          	2.708820e-01	-1.170167e-03	-2.095698e+00	5.400198e-05	1.405821e+00	-2.006095e-03	1.354950e-01	1.353870e-01	-2.591178e-03	1.421011e-03	3.579723e-01	-2.453670e+00
3.79          	2.708679e-01	-1.201371e-03	-2.095660e+00	6.333433e-05	1.405899e+00	-2.015340e-03	1.354973e-01	1.353706e-01	-2.616025e-03	1.414654e-03	3.580692e-01	-2.453729e+00
3.8           	2.708370e-01	-1.226736e-03	-2.095630e+00	7.738153e-05	1.405995e+00	-2.008176e-03	1.354959e-01	1.353411e-01	-2.621544e-03	1.394808e-03	3.581795e-01	-2.453810e+00
3.81          	2.708075e-01	-1.244636e-03	-2.095626e+00	8.571070e-05	1.406117e+00	-1.985987e-03	1.354895e-01	1.353181e-01	-2.608305e-03	1.363668e-03	3.583034e-01	-2.453930e+00
3.82          	2.707752e-01	-1.256716e-03	-2.095642e+00	9.329597e-05	1.406258e+00	-1.956388e-03	1.354809e-01	1.352943e-01	-2.584746e-03	1.328030e-03	3.584366e-01	-2.454079e+00
3.83          	2.707459e-01	-1.252751e-03	-2.095671e+00	9.542368e-05	1.406415e+00	-1.921054e-03	1.354684e-01	1.352775e-01	-2.547429e-03	1.294678e-03	3.585799e-01	-2.454251e+00
3.84          	2.707393e-01	-1.251308e-03	-2.095712e+00	1.042530e-04	1.406591e+00	-1.890815e-03	1.354739e-01	1.352654e-01	-2.516469e-03	1.265161e-03	3.587349e-01	-2.454447e+00
3.85          	2.707224e-01	-1.214439e-03	-2.095757e+00	9.679795e-05	1.406766e+00	-1.851468e-03	1.354580e-01	1.352644e-01	-2.458687e-03	1.244248e-03	3.588876e-01	-2.454645e+00
3.86          	2.707081e-01	-1.171665e-03	-2.095802e+00	8.663794e-05	1.406943e+00	-1.812488e-03	1.354407e-01	1.352674e-01	-2.398320e-03	1.226655e-03	3.590423e-01	-2.454844e+00
3.87          	2.706879e-01	-1.127587e-03	-2.095846e+00	7.704455e-05	1.407122e+00	-1.770376e-03	1.354210e-01	1.352669e-01	-2.334169e-03	1.206583e-03	3.591992e-01	-2.455045e+00
3.88          	2.707042e-01	-1.063737e-03	-2.095914e+00	6.066202e-05	1.407338e+00	-1.713199e-03	1.354128e-01	1.352914e-01	-2.245068e-03	1.181331e-03	3.593807e-01	-2.455295e+00
3.89          	2.706758e-01	-1.045125e-03	-2.095996e+00	6.582429e-05	1.407555e+00	-1.673288e-03	1.354037e-01	1.352721e-01	-2.195850e-03	1.150725e-03	3.595569e-01	-2.455553e+00
3.9           	2.778844e-01	3.248110e-02	-2.072065e+00	-1.647285e-02	1.382978e+00	3.795367e-02	1.224694e-01	1.554151e-01	5.419422e-02	-2.171313e-02	3.469456e-01	-2.419010e+00
3.91          	2.761420e-01	2.398455e-02	-2.078060e+00	-1.222195e-02	1.389355e+00	2.790832e-02	1.258491e-01	1.502930e-01	3.990060e-02	-1.591604e-02	3.503243e-01	-2.428385e+00
3.92          	2.693512e-01	-1.050834e-02	-2.102437e+00	5.018919e-03	1.414929e+00	-1.288965e-02	1.396945e-01	1.296567e-01	-1.814382e-02	7.635483e-03	3.637104e-01	-2.466147e+00
3.93          	2.544854e-01	-9.291618e-02	-2.159413e+00	4.659508e-02	1.475678e+00	-1.113657e-01	1.738378e-01	8.064764e-02	-1.578237e-01	6.490757e-02	3.959716e-01	-2.555384e+00
3.94          	2.499127e-01	-1.215083e-01	-2.179045e+00	6.117125e-02	1.497094e+00	-1.456368e-01	1.861276e-01	6.378510e-02	-2.063909e-01	8.488263e-02	4.075717e-01	-2.586617e+00
3.95          	2.528945e-01	-1.049527e-01	-2.167897e+00	5.280036e-02	1.485505e+00	-1.258718e-01	1.792476e-01	7.364688e-02	-1.783482e-01	7.339546e-02	4.015568e-01	-2.569453e+00
3.96          	2.583447e-01	-6.875941e-02	-2.144507e+00	3.427837e-02	1.460427e+00	-8.248788e-02	1.634507e-01	9.489400e-02	-1.168676e-01	4.810818e-02	3.881740e-01	-2.532681e+00
3.97          	2.655599e-01	-2.028291e-02	-2.112607e+00	9.313164e-03	1.425850e+00	-2.405637e-02	1.420931e-01	1.234668e-01	-3.419782e-02	1.391491e-02	3.695467e-01	-2.482153e+00
3.98          	2.755931e-01	4.126943e-02	-2.070388e+00	-2.210510e-02	1.380461e+00	4.981343e-02	1.156914e-01	1.599016e-01	7.044814e-02	-2.917871e-02	3.452672e-01	-2.415655e+00
3.99          	2.853571e-01	9.712444e-02	-2.030393e+00	-5.044137e-02	1.337789e+00	1.171136e-01	9.223718e-02	1.931199e-01	1.656758e-01	-6.855136e-02	3.225920e-01	-2.352985e+00
4             	2.891903e-01	1.168026e-01	-2.014772e+00	-6.009012e-02	1.321193e+00	1.405541e-01	8.450503e-02	2.046853e-01	1.989553e-01	-8.215277e-02	3.138066e-01	-2.328579e+00
4.01          	2.874412e-01	1.036148e-01	-2.021895e+00	-5.298769e-02	1.328969e+00	1.245622e-01	9.073291e-02	1.967083e-01	1.763696e-01	-7.275480e-02	3.180217e-01	-2.339917e+00
4.02          	2.826788e-01	7.269631e-02	-2.042194e+00	-3.684879e-02	1.350972e+00	8.734126e-02	1.044906e-01	1.781882e-01	1.236894e-01	-5.099311e-02	3.298744e-01	-2.372069e+00
4.03          	2.772902e-01	3.743366e-02	-2.065746e+00	-1.859152e-02	1.376541e+00	4.495633e-02	1.200536e-01	1.572366e-01	6.367317e-02	-2.623950e-02	3.436677e-01	-2.409414e+00
4.04          	2.722787e-01	2.952955e-03	-2.089147e+00	-8.573279e-04	1.402037e+00	3.666927e-03	1.352820e-01	1.369967e-01	5.143404e-03	-2.190449e-03	3.574638e-01	-2.446611e+00
4.05          	2.675235e-01	-2.614526e-02	-2.110392e+00	1.396777e-02	1.425233e+00	-3.130088e-02	1.477295e-01	1.197940e-01	-4.437351e-02	1.822825e-02	3.700369e-01	-2.480428e+00
4.06          	2.652487e-01	-3.928269e-02	-2.121347e+00	2.057006e-02	1.437358e+00	-4.711736e-02	1.531944e-01	1.120543e-01	-6.675871e-02	2.747602e-02	3.766842e-01	-2.498031e+00
4.07          	2.648574e-01	-3.856378e-02	-2.123380e+00	2.003533e-02	1.439678e+00	-4.623272e-02	1.524640e-01	1.123934e-01	-6.551461e-02	2.695083e-02	3.779874e-01	-2.501368e+00
4.08          	2.659212e-01	-2.774940e-02	-2.118290e+00	1.431847e-02	1.434141e+00	-3.318237e-02	1.472790e-01	1.186421e-01	-4.705707e-02	1.930768e-02	3.749955e-01	-2.493286e+00
4.09          	2.676323e-01	-1.257242e-02	-2.109562e+00	6.388688e-03	1.424544e+00	-1.484275e-02	1.402048e-01	1.274275e-01	-2.112896e-02	8.556537e-03	3.697634e-01	-2.479326e+00
4.1           	2.693761e-01	2.155520e-03	-2.100257e+00	-1.242430e-03	1.414273e+00	2.920159e-03	1.334456e-01	1.359305e-01	3.997918e-03	-1.842399e-03	3.641450e-01	-2.464402e+00
4.11          	2.707045e-01	1.285868e-02	-2.092885e+00	-6.712336e-03	1.406134e+00	1.577440e-02	1.286399e-01	1.420646e-01	2.220374e-02	-9.345059e-03	3.596910e-01	-2.452576e+00
4.12          	2.714442e-01	1.788685e-02	-2.088709e+00	-9.195942e-03	1.401520e+00	2.177705e-02	1.265262e-01	1.449180e-01	3.072047e-02	-1.283362e-02	3.571655e-01	-2.445875e+00
4.13          	2.716165e-01	1.752096e-02	-2.088095e+00	-8.825086e-03	1.400931e+00	2.128675e-02	1.269832e-01	1.446334e-01	3.004723e-02	-1.252627e-02	3.568838e-01	-2.444978e+00
4.14          	2.712025e-01	1.299686e-02	-2.090353e+00	-6.370759e-03	1.403531e+00	1.574680e-02	1.292305e-01	1.419720e-01	2.224524e-02	-9.248374e-03	3.583548e-01	-2.448708e+00
4.15          	2.705147e-01	6.486009e-03	-2.094386e+00	-2.929146e-03	1.408131e+00	7.849364e-03	1.323282e-01	1.381865e-01	1.109237e-02	-4.606360e-03	3.609384e-01	-2.455324e+00
4.16          	2.697880e-01	9.513459e-05	-2.098820e+00	4.054039e-04	1.413185e+00	1.269609e-04	1.352994e-01	1.344886e-01	1.745281e-04	-7.939356e-05	3.637752e-01	-2.462595e+00
4.17          	2.691992e-01	-4.608203e-03	-2.102550e+00	2.827703e-03	1.417440e+00	-5.534226e-03	1.374273e-01	1.317719e-01	-7.838328e-03	3.230125e-03	3.661654e-01	-2.468715e+00
4.18          	2.688296e-01	-6.985926e-03	-2.104962e+00	4.013694e-03	1.420195e+00	-8.377736e-03	1.384285e-01	1.304011e-01	-1.187070e-02	4.884773e-03	3.677143e-01	-2.472676e+00
4.19          	2.686775e-01	-7.138160e-03	-2.105915e+00	4.028109e-03	1.421284e+00	-8.544318e-03	1.383669e-01	1.303107e-01	-1.211340e-02	4.975238e-03	3.683267e-01	-2.474242e+00
4.2           	2.687091e-01	-5.518553e-03	-2.105559e+00	3.128560e-03	1.420868e+00	-6.581358e-03	1.374831e-01	1.312260e-01	-9.340635e-03	3.822082e-03	3.680880e-01	-2.473647e+00
4.21          	2.689211e-01	-3.162628e-03	-2.104388e+00	1.864266e-03	1.419568e+00	-3.600052e-03	1.363248e-01	1.325963e-01	-5.181366e-03	2.018738e-03	3.673738e-01	-2.471762e+00
4.22          	2.690612e-01	-5.521544e-04	-2.103059e+00	5.041231e-04	1.417986e+00	-5.113633e-04	1.350347e-01	1.340265e-01	-7.874405e-04	2.352861e-04	3.664566e-01	-2.469516e+00
4.23          	2.691591e-01	1.421403e-03	-2.102001e+00	-5.003374e-04	1.416706e+00	1.798227e-03	1.340792e-01	1.350799e-01	2.508928e-03	-1.087526e-03	3.657051e-01	-2.467706e+00
4.24          	2.691537e-01	2.344106e-03	-2.101530e+00	-9.539854e-04	1.416118e+00	2.881181e-03	1.336229e-01	1.355309e-01	4.053234e-03	-1.709127e-03	3.653531e-01	-2.466884e+00
4.25          	2.690767e-01	2.308408e-03	-2.101732e+00	-8.827142e-04	1.416295e+00	2.787417e-03	1.336556e-01	1.354211e-01	3.941621e-03	-1.633213e-03	3.654292e-01	-2.467161e+00
4.26          	2.689459e-01	1.581902e-03	-2.102450e+00	-4.507796e-04	1.417077e+00	1.893363e-03	1.340222e-01	1.349237e-01	2.684314e-03	-1.102412e-03	3.658522e-01	-2.468302e+00
4.27          	2.687915e-01	5.855526e-04	-2.103446e+00	1.150572e-04	1.418186e+00	7.205511e-04	1.345108e-01	1.342807e-01	1.013327e-03	-4.277748e-04	3.664628e-01	-2.469909e+00
4.28          	2.686381e-01	-2.913491e-04	-2.104446e+00	6.062166e-04	1.419333e+00	-2.764391e-04	1.349253e-01	1.337128e-01	-4.221137e-04	1.307646e-04	3.671100e-01	-2.471556e+00
4.29          	2.685239e-01	-7.996893e-04	-2.105285e+00	8.921408e-04	1.420280e+00	-8.131418e-04	1.351541e-01	1.333698e-01	-1.212986e-03	4.132971e-04	3.676375e-01	-2.472922e+00
4.3           	2.684512e-01	-8.486382e-04	-2.105851e+00	9.309968e-04	1.420894e+00	-7.994641e-04	1.351566e-01	1.332946e-01	-1.223783e-03	3.751450e-04	3.679683e-01	-2.473820e+00
4.31          	2.684126e-01	-5.090169e-04	-2.106145e+00	7.625327e-04	1.421178e+00	-3.345853e-04	1.349688e-01	1.334438e-01	-5.890938e-04	8.007688e-05	3.681059e-01	-2.474251e+00
4.32          	2.684002e-01	5.965608e-05	-2.106241e+00	4.741548e-04	1.421226e+00	3.814210e-04	1.346743e-01	1.337260e-01	4.112490e-04	-3.515930e-04	3.681058e-01	-2.474347e+00
4.33          	2.683978e-01	6.468288e-04	-2.106268e+00	1.825088e-04	1.421193e+00	1.103455e-03	1.343814e-01	1.340164e-01	1.426869e-03	-7.800406e-04	3.680590e-01	-2.474327e+00
4.34          	2.683802e-01	1.130497e-03	-2.106305e+00	-5.061859e-05	1.421172e+00	1.673663e-03	1.341395e-01	1.342407e-01	2.238912e-03	-1.108415e-03	3.680196e-01	-2.474325e+00
4.35          	2.683386e-01	1.414905e-03	-2.106421e+00	-1.778628e-04	1.421250e+00	1.993072e-03	1.339914e-01	1.343471e-01	2.700524e-03	-1.285619e-03	3.680399e-01	-2.474461e+00
4.36          	2.682791e-01	1.506432e-03	-2.106619e+00	-2.045904e-04	1.421436e+00	2.086772e-03	1.339349e-01	1.343441e-01	2.839988e-03	-1.333557e-03	3.681261e-01	-2.474746e+00
4.37          	2.682024e-01	1.431761e-03	-2.106921e+00	-1.459963e-04	1.421754e+00	1.992200e-03	1.339552e-01	1.342472e-01	2.708081e-03	-1.276320e-03	3.682936e-01	-2.475214e+00
4.38          	2.681201e-01	1.282936e-03	-2.107291e+00	-5.061254e-05	1.422166e+00	1.822068e-03	1.340095e-01	1.341107e-01	2.463536e-03	-1.180600e-03	3.685206e-01	-2.475812e+00
4.39          	2.680376e-01	1.135878e-03	-2.107697e+00	4.156366e-05	1.422633e+00	1.664537e-03	1.340604e-01	1.339773e-01	2.232476e-03	-1.096599e-03	3.687838e-01	-2.476481e+00
4.4           	2.679569e-01	1.030584e-03	-2.108096e+00	1.053767e-04	1.423096e+00	1.559243e-03	1.340838e-01	1.338731e-01	2.074534e-03	-1.043951e-03	3.690480e-01	-2.477144e+00
4.41          	2.678885e-01	9.922296e-04	-2.108471e+00	1.262150e-04	1.423537e+00	1.519058e-03	1.340705e-01	1.338180e-01	2.015173e-03	-1.022943e-03	3.693011e-01	-2.477772e+00
4.42          	2.678196e-01	9.793391e-04	-2.108818e+00	1.280748e-04	1.423939e+00	1.505944e-03	1.340379e-01	1.337817e-01	1.995613e-03	-1.016274e-03	3.695305e-01	-2.478348e+00
4.43          	2.677421e-01	9.588763e-04	-2.109121e+00	1.327425e-04	1.424294e+00	1.479657e-03	1.340038e-01	1.337383e-01	1.959095e-03	-1.000219e-03	3.697337e-01	-2.478855e+00
4.44          	2.676565e-01	8.961655e-04	-2.109398e+00	1.531378e-04	1.424639e+00	1.404366e-03	1.339814e-01	1.336751e-01	1.852449e-03	-9.562834e-04	3.699404e-01	-2.479338e+00
4.45          	2.675651e-01	8.185578e-04	-2.109680e+00	1.890820e-04	1.424988e+00	1.279518e-03	1.339716e-01	1.335935e-01	1.688797e-03	-8.702389e-04	3.701475e-01	-2.479828e+00
4.46          	2.674716e-01	7.010925e-04	-2.109961e+00	2.470529e-04	1.425335e+00	1.101258e-03	1.339828e-01	1.334887e-01	1.451805e-03	-7.507121e-04	3.703540e-01	-2.480315e+00
4.47          	2.673783e-01	5.582469e-04	-2.110239e+00	3.198804e-04	1.425681e+00	8.979961e-04	1.340091e-01	1.333693e-01	1.177120e-03	-6.188727e-04	3.705616e-01	-2.480801e+00
4.48          	2.672904e-01	4.168230e-04	-2.110503e+00	3.946477e-04	1.426019e+00	7.070385e-04	1.340398e-01	1.332505e-01	9.154500e-04	-4.986270e-04	3.707675e-01	-2.481271e+00
4.49          	2.672117e-01	2.996055e-04	-2.110749e+00	4.554266e-04	1.426337e+00	5.647338e-04	1.340613e-01	1.331504e-01	7.145365e-04	-4.149311e-04	3.709629e-01	-2.481711e+00
4.5           	2.671442e-01	2.320640e-04	-2.110964e+00	4.896240e-04	1.426623e+00	4.979718e-04	1.340617e-01	1.330825e-01	6.140038e-04	-3.819398e-04	3.711410e-01	-2.482105e+00
4.51          	2.670855e-01	2.240897e-04	-2.111148e+00	4.926940e-04	1.426877e+00	5.131716e-04	1.340355e-01	1.330501e-01	6.252165e-04	-4.011268e-04	3.713028e-01	-2.482450e+00
4.52          	2.670519e-01	2.540083e-04	-2.111299e+00	4.736838e-04	1.427093e+00	5.930436e-04	1.339997e-01	1.330523e-01	7.200477e-04	-4.660395e-04	3.714433e-01	-2.482742e+00
4.53          	2.670097e-01	3.373704e-04	-2.111443e+00	4.271473e-04	1.427308e+00	7.082734e-04	1.339320e-01	1.330777e-01	8.769586e-04	-5.395882e-04	3.715861e-01	-2.483030e+00
4.54          	2.669483e-01	4.222574e-04	-2.111584e+00	3.780009e-04	1.427517e+00	8.163155e-04	1.338522e-01	1.330962e-01	1.027444e-03	-6.051868e-04	3.717254e-01	-2.483310e+00
4.55          	2.668750e-01	4.892179e-04	-2.111725e+00	3.367688e-04	1.427738e+00	8.941567e-04	1.337743e-01	1.331007e-01	1.138766e-03	-6.495478e-04	3.718753e-01	-2.483600e+00
4.56          	2.667969e-01	5.250976e-04	-2.111870e+00	3.095283e-04	1.427969e+00	9.288381e-04	1.337080e-01	1.330889e-01	1.191387e-03	-6.662893e-04	3.720345e-01	-2.483904e+00
4.57          	2.667594e-01	4.664221e-04	-2.112036e+00	3.343555e-04	1.428253e+00	9.032219e-04	1.337141e-01	1.330454e-01	1.136433e-03	-6.700108e-04	3.722356e-01	-2.484271e+00
4.58          	2.666796e-01	4.736531e-04	-2.112224e+00	3.274857e-04	1.428536e+00	8.807051e-04	1.336673e-01	1.330123e-01	1.117532e-03	-6.438785e-04	3.724243e-01	-2.484648e+00
4.59          	2.665967e-01	4.670000e-04	-2.112400e+00	3.267223e-04	1.428815e+00	8.457895e-04	1.336251e-01	1.329716e-01	1.079290e-03	-6.122896e-04	3.726145e-01	-2.485015e+00
4.6           	2.665244e-01	4.595266e-04	-2.112563e+00	3.241980e-04	1.429085e+00	8.150101e-04	1.335864e-01	1.329380e-01	1.044773e-03	-5.852468e-04	3.728034e-01	-2.485366e+00
4.61          	2.664569e-01	4.500040e-04	-2.112703e+00	3.214450e-04	1.429334e+00	7.980634e-04	1.335499e-01	1.329070e-01	1.023065e-03	-5.730614e-04	3.729823e-01	-2.485685e+00
4.62          	2.664267e-01	4.340387e-04	-2.112825e+00	3.174181e-04	1.429563e+00	8.184204e-04	1.335308e-01	1.328959e-01	1.035440e-03	-6.014010e-04	3.731509e-01	-2.485975e+00
4.63          	2.663583e-01	4.443499e-04	-2.112901e+00	2.969120e-04	1.429760e+00	8.420714e-04	1.334761e-01	1.328822e-01	1.064246e-03	-6.198964e-04	3.733093e-01	-2.486210e+00
4.64          	2.663023e-01	4.901126e-04	-2.112977e+00	2.674211e-04	1.429941e+00	8.818646e-04	1.334186e-01	1.328837e-01	1.126921e-03	-6.368083e-04	3.734524e-01	-2.486429e+00
4.65          	2.662520e-01	5.483465e-04	-2.113051e+00	2.335640e-04	1.430115e+00	9.316334e-04	1.333596e-01	1.328924e-01	1.205807e-03	-6.574602e-04	3.735896e-01	-2.486641e+00
4.66          	2.662100e-01	6.066589e-04	-2.113130e+00	1.987182e-04	1.430295e+00	9.838547e-04	1.333037e-01	1.329063e-01	1.287184e-03	-6.805252e-04	3.737302e-01	-2.486860e+00
4.67          	2.661670e-01	6.641091e-04	-2.113199e+00	1.672460e-04	1.430486e+00	1.032551e-03	1.332508e-01	1.329163e-01	1.364606e-03	-7.004969e-04	3.738861e-01	-2.487085e+00
4.68          	2.661371e-01	6.881275e-04	-2.113270e+00	1.390859e-04	1.430676e+00	1.066377e-03	1.332076e-01	1.329295e-01	1.410441e-03	-7.223130e-04	3.740406e-01	-2.487311e+00
4.69          	2.661218e-01	6.811907e-04	-2.113362e+00	1.281625e-04	1.430899e+00	1.083641e-03	1.331890e-01	1.329327e-01	1.424236e-03	-7.430453e-04	3.742182e-01	-2.487580e+00
4.7           	2.661057e-01	6.786177e-04	-2.113469e+00	1.151653e-04	1.431134e+00	1.093324e-03	1.331680e-01	1.329377e-01	1.432633e-03	-7.540149e-04	3.743996e-01	-2.487869e+00
4.71          	2.660833e-01	6.856073e-04	-2.113568e+00	9.425914e-05	1.431364e+00	1.097556e-03	1.331359e-01	1.329474e-01	1.440360e-03	-7.547525e-04	3.745796e-01	-2.488148e+00
4.72          	2.660528e-01	6.859716e-04	-2.113648e+00	7.522534e-05	1.431573e+00	1.093602e-03	1.331016e-01	1.329512e-01	1.436588e-03	-7.506165e-04	3.747490e-01	-2.488397e+00
4.73          	2.660173e-01	6.897168e-04	-2.113703e+00	5.390394e-05	1.431760e+00	1.087713e-03	1.330626e-01	1.329547e-01	1.432571e-03	-7.428543e-04	3.749080e-01	-2.488611e+00
4.74          	2.659837e-01	6.993809e-04	-2.113738e+00	3.021675e-05	1.431927e+00	1.084484e-03	1.330221e-01	1.329617e-01	1.434174e-03	-7.347932e-04	3.750575e-01	-2.488796e+00
4.75          	2.659593e-01	7.186424e-04	-2.113762e+00	1.679592e-06	1.432086e+00	1.087437e-03	1.329814e-01	1.329780e-01	1.446758e-03	-7.281159e-04	3.752049e-01	-2.488967e+00
4.76          	2.659397e-01	7.353240e-04	-2.113788e+00	-2.301769e-05	1.432249e+00	1.094394e-03	1.329468e-01	1.329929e-01	1.462056e-03	-7.267315e-04	3.753552e-01	-2.489144e+00
4.77          	2.659232e-01	7.434737e-04	-2.113804e+00	-4.509904e-05	1.432400e+00	1.091153e-03	1.329165e-01	1.330067e-01	1.462889e-03	-7.194158e-04	3.754985e-01	-2.489302e+00
4.78          	2.659140e-01	7.416049e-04	-2.113810e+00	-6.610868e-05	1.432540e+00	1.077224e-03	1.328909e-01	1.330231e-01	1.448027e-03	-7.064218e-04	3.756353e-01	-2.489445e+00
4.79          	2.659131e-01	7.216363e-04	-2.113816e+00	-8.442032e-05	1.432681e+00	1.048962e-03	1.328721e-01	1.330410e-01	1.409780e-03	-6.881435e-04	3.757730e-01	-2.489589e+00
4.8           	2.659118e-01	7.011844e-04	-2.113841e+00	-1.050035e-04	1.432842e+00	1.014204e-03	1.328509e-01	1.330609e-01	1.364796e-03	-6.636117e-04	3.759212e-01	-2.489762e+00
4.81          	2.659075e-01	6.843725e-04	-2.113894e+00	-1.234696e-04	1.433039e+00	9.846009e-04	1.328303e-01	1.330772e-01	1.326787e-03	-6.424146e-04	3.760915e-01	-2.489986e+00
4.82          	2.659074e-01	6.764836e-04	-2.113970e+00	-1.401343e-04	1.433269e+00	9.632471e-04	1.328136e-01	1.330938e-01	1.301489e-03	-6.250053e-04	3.762843e-01	-2.490254e+00
4.83          	2.659069e-01	6.709233e-04	-2.114056e+00	-1.525166e-04	1.433517e+00	9.496484e-04	1.328009e-01	1.331060e-01	1.285110e-03	-6.141867e-04	3.764888e-01	-2.490545e+00
4.84          	2.659218e-01	6.735212e-04	-2.114177e+00	-1.600826e-04	1.433803e+00	9.553622e-04	1.328008e-01	1.331210e-01	1.292123e-03	-6.186016e-04	3.767143e-01	-2.490891e+00
4.85          	2.659082e-01	6.301310e-04	-2.114277e+00	-1.610509e-04	1.434102e+00	9.609687e-04	1.327931e-01	1.331152e-01	1.276034e-03	-6.459032e-04	3.769636e-01	-2.491241e+00
4.86          	2.659247e-01	6.712297e-04	-2.114416e+00	-1.736310e-04	1.434417e+00	9.784759e-04	1.327887e-01	1.331360e-01	1.314091e-03	-6.428610e-04	3.772089e-01	-2.491625e+00
4.87          	2.659487e-01	7.216579e-04	-2.114562e+00	-1.873128e-04	1.434730e+00	1.000499e-03	1.327870e-01	1.331616e-01	1.361327e-03	-6.396695e-04	3.774490e-01	-2.492011e+00
4.88          	2.659830e-01	7.682140e-04	-2.114706e+00	-2.013388e-04	1.435031e+00	1.022015e-03	1.327901e-01	1.331928e-01	1.406122e-03	-6.379083e-04	3.776782e-01	-2.492385e+00
4.89          	2.660331e-01	7.944216e-04	-2.114844e+00	-2.090940e-04	1.435317e+00	1.038591e-03	1.328075e-01	1.332256e-01	1.435802e-03	-6.413804e-04	3.778953e-01	-2.492739e+00
4.9           	2.661095e-01	8.429563e-04	-2.114984e+00	-2.394725e-04	1.435594e+00	1.063041e-03	1.328153e-01	1.332942e-01	1.484519e-03	-6.415628e-04	3.781016e-01	-2.493086e+00
4.91          	2.661489e-01	8.716603e-04	-2.115081e+00	-2.550089e-04	1.435832e+00	1.084635e-03	1.328194e-01	1.333294e-01	1.520466e-03	-6.488053e-04	3.782916e-01	-2.493372e+00
4.92          	2.661940e-01	8.595685e-04	-2.115166e+00	-2.650386e-04	1.436045e+00	1.101396e-03	1.328319e-01	1.333620e-01	1.531180e-03	-6.716118e-04	3.784617e-01	-2.493628e+00
4.93          	2.662342e-01	8.402316e-04	-2.115230e+00	-2.755411e-04	1.436233e+00	1.110463e-03	1.328416e-01	1.333926e-01	1.530579e-03	-6.903471e-04	3.786177e-01	-2.493848e+00
4.94          	2.662753e-01	8.213087e-04	-2.115287e+00	-2.882002e-04	1.436411e+00	1.111516e-03	1.328494e-01	1.334258e-01	1.522170e-03	-7.008614e-04	3.787676e-01	-2.494055e+00
4.95          	2.663159e-01	8.075314e-04	-2.115343e+00	-3.015808e-04	1.436590e+00	1.104548e-03	1.328564e-01	1.334595e-01	1.508313e-03	-7.007820e-04	3.789190e-01	-2.494262e+00
4.96          	2.663594e-01	8.006695e-04	-2.115410e+00	-3.146473e-04	1.436783e+00	1.088490e-03	1.328651e-01	1.334944e-01	1.488825e-03	-6.881554e-04	3.790779e-01	-2.494488e+00
4.97          	2.664078e-01	7.957019e-04	-2.115490e+00	-3.249134e-04	1.436993e+00	1.065385e-03	1.328790e-01	1.335288e-01	1.463236e-03	-6.675337e-04	3.792475e-01	-2.494738e+00
4.98          	2.664580e-01	7.990807e-04	-2.115588e+00	-3.364784e-04	1.437218e+00	1.040376e-03	1.328925e-01	1.335655e-01	1.439916e-03	-6.408358e-04	3.794242e-01	-2.495012e+00
4.99          	2.665132e-01	8.048417e-04	-2.115707e+00	-3.459742e-04	1.437458e+00	1.014132e-03	1.329106e-01	1.336026e-01	1.416553e-03	-6.117116e-04	3.796043e-01	-2.495312e+00
5             	2.665697e-01	8.001907e-04	-2.115838e+00	-3.513724e-04	1.437713e+00	9.880474e-04	1.329335e-01	1.336362e-01	1.388143e-03	-5.879521e-04	3.797938e-01	-2.495631e+00
5.01          	2.666230e-01	7.961473e-04	-2.115974e+00	-3.573489e-04	1.437970e+00	9.666741e-04	1.329542e-01	1.336689e-01	1.364748e-03	-5.686004e-04	3.799826e-01	-2.495957e+00
5.02          	2.666774e-01	7.915486e-04	-2.116118e+00	-3.631994e-04	1.438229e+00	9.520484e-04	1.329755e-01	1.337019e-01	1.347823e-03	-5.562741e-04	3.801703e-01	-2.496289e+00
5.03          	2.667317e-01	7.873278e-04	-2.116270e+00	-3.703744e-04	1.438489e+00	9.451896e-04	1.329955e-01	1.337362e-01	1.338853e-03	-5.515257e-04	3.803539e-01	-2.496623e+00
5.04          	2.667865e-01	7.868659e-04	-2.116421e+00	-3.780892e-04	1.438744e+00	9.460909e-04	1.330151e-01	1.337713e-01	1.339524e-03	-5.526579e-04	3.805336e-01	-2.496955e+00
5.05          	2.668408e-01	7.918163e-04	-2.116573e+00	-3.866022e-04	1.438994e+00	9.542520e-04	1.330338e-01	1.338070e-01	1.350160e-03	-5.583438e-04	3.807074e-01	-2.497280e+00
5.06          	2.668710e-01	8.844303e-04	-2.116683e+00	-4.035821e-04	1.439236e+00	9.674102e-04	1.330319e-01	1.338391e-01	1.409625e-03	-5.251950e-04	3.808946e-01	-2.497577e+00
5.07          	2.669329e-01	8.599151e-04	-2.116827e+00	-4.101405e-04	1.439483e+00	9.761513e-04	1.330563e-01	1.338766e-01	1.406109e-03	-5.461937e-04	3.810700e-01	-2.497897e+00
5.08          	2.670033e-01	8.399859e-04	-2.116996e+00	-4.116722e-04	1.439731e+00	9.830653e-04	1.330900e-01	1.339133e-01	1.403058e-03	-5.630724e-04	3.812327e-01	-2.498229e+00
5.09          	2.670765e-01	8.197875e-04	-2.117179e+00	-4.105993e-04	1.439975e+00	9.867489e-04	1.331276e-01	1.339488e-01	1.396643e-03	-5.768551e-04	3.813854e-01	-2.498565e+00
5.1           	2.671482e-01	8.147323e-04	-2.117373e+00	-4.145076e-04	1.440215e+00	9.952615e-04	1.331596e-01	1.339886e-01	1.402628e-03	-5.878953e-04	3.815281e-01	-2.498901e+00
5.11          	2.672084e-01	8.108645e-04	-2.117575e+00	-4.174727e-04	1.440454e+00	9.909767e-04	1.331867e-01	1.340217e-01	1.396409e-03	-5.855445e-04	3.816668e-01	-2.499241e+00
5.12          	2.672649e-01	8.146184e-04	-2.117781e+00	-4.237053e-04	1.440692e+00	9.855591e-04	1.332088e-01	1.340562e-01	1.392868e-03	-5.782499e-04	3.818014e-01	-2.499582e+00
5.13          	2.674498e-01	9.054673e-04	-2.117997e+00	-4.503246e-04	1.440950e+00	9.140807e-04	1.332746e-01	1.341752e-01	1.366814e-03	-4.613470e-04	3.819520e-01	-2.499949e+00
5.14          	2.674581e-01	8.872450e-04	-2.118206e+00	-4.512295e-04	1.441180e+00	9.296716e-04	1.332778e-01	1.341803e-01	1.373294e-03	-4.860491e-04	3.820771e-01	-2.500284e+00
5.15          	2.674447e-01	8.520149e-04	-2.118410e+00	-4.474887e-04	1.441415e+00	9.537064e-04	1.332749e-01	1.341699e-01	1.379714e-03	-5.276989e-04	3.822098e-01	-2.500620e+00
5.16          	2.674288e-01	7.992553e-04	-2.118623e+00	-4.368934e-04	1.441658e+00	9.791579e-04	1.332775e-01	1.341513e-01	1.378786e-03	-5.795302e-04	3.823461e-01	-2.500970e+00
5.17          	2.674488e-01	7.880160e-04	-2.118859e+00	-4.268934e-04	1.441902e+00	9.978180e-04	1.332975e-01	1.341513e-01	1.391826e-03	-6.038100e-04	3.824723e-01	-2.501331e+00
5.18          	2.674792e-01	7.682367e-04	-2.119053e+00	-4.230090e-04	1.442139e+00	9.906482e-04	1.333166e-01	1.341626e-01	1.374767e-03	-6.065299e-04	3.826123e-01	-2.501665e+00
5.19          	2.675453e-01	7.796902e-04	-2.119237e+00	-4.286237e-04	1.442374e+00	9.687502e-04	1.333440e-01	1.342013e-01	1.358595e-03	-5.789052e-04	3.827552e-01	-2.501993e+00
5.2           	2.676206e-01	7.953815e-04	-2.119417e+00	-4.276735e-04	1.442600e+00	9.319853e-04	1.333826e-01	1.342380e-01	1.329676e-03	-5.342945e-04	3.828922e-01	-2.502309e+00
5.21          	2.677092e-01	8.014768e-04	-2.119606e+00	-4.150058e-04	1.442832e+00	8.889812e-04	1.334396e-01	1.342696e-01	1.289720e-03	-4.882428e-04	3.830290e-01	-2.502635e+00
5.22          	2.677728e-01	8.245342e-04	-2.119806e+00	-4.111402e-04	1.443048e+00	8.620797e-04	1.334753e-01	1.342976e-01	1.274347e-03	-4.498126e-04	3.831446e-01	-2.502951e+00
5.23          	2.678568e-01	7.759585e-04	-2.120055e+00	-4.082598e-04	1.443259e+00	8.377676e-04	1.335202e-01	1.343367e-01	1.225747e-03	-4.497884e-04	3.832311e-01	-2.503286e+00
5.24          	2.678720e-01	7.851182e-04	-2.120260e+00	-3.993465e-04	1.443450e+00	8.380911e-04	1.335367e-01	1.343354e-01	1.230650e-03	-4.455320e-04	3.833205e-01	-2.503580e+00
5.25          	2.678912e-01	8.092132e-04	-2.120490e+00	-3.845250e-04	1.443663e+00	8.791030e-04	1.335611e-01	1.343301e-01	1.283710e-03	-4.744964e-04	3.834186e-01	-2.503908e+00
5.26          	2.678919e-01	8.086143e-04	-2.120679e+00	-3.659726e-04	1.443821e+00	8.930767e-04	1.335800e-01	1.343119e-01	1.297384e-03	-4.887695e-04	3.834818e-01	-2.504161e+00
5.27          	2.678897e-01	8.060091e-04	-2.120866e+00	-3.510880e-04	1.443969e+00	9.034636e-04	1.335938e-01	1.342959e-01	1.306468e-03	-5.004591e-04	3.835358e-01	-2.504402e+00
5.28          	2.678997e-01	8.036893e-04	-2.121053e+00	-3.375926e-04	1.444108e+00	9.066892e-04	1.336123e-01	1.342875e-01	1.308534e-03	-5.048446e-04	3.835810e-01	-2.504634e+00
5.29          	2.679122e-01	7.934130e-04	-2.121224e+00	-3.273982e-04	1.444238e+00	9.013886e-04	1.336287e-01	1.342835e-01	1.298095e-03	-5.046821e-04	3.836263e-01	-2.504850e+00
5.3           	2.679296e-01	7.722673e-04	-2.121404e+00	-3.211850e-04	1.444387e+00	8.823414e-04	1.336436e-01	1.342860e-01	1.268475e-03	-4.962077e-04	3.836856e-01	-2.505089e+00
5.31          	2.679581e-01	7.636832e-04	-2.121592e+00	-3.216949e-04	1.444554e+00	8.596385e-04	1.336573e-01	1.343007e-01	1.241480e-03	-4.777969e-04	3.837576e-01	-2.505350e+00
5.32          	2.679849e-01	7.545981e-04	-2.121794e+00	-3.214646e-04	1.444736e+00	8.343896e-04	1.336710e-01	1.343139e-01	1.211689e-03	-4.570905e-04	3.838394e-01	-2.505633e+00
5.33          	2.680057e-01	7.457305e-04	-2.122021e+00	-3.220397e-04	1.444943e+00	8.114310e-04	1.336808e-01	1.343249e-01	1.184296e-03	-4.385658e-04	3.839327e-01	-2.505954e+00
5.34          	2.680169e-01	7.433707e-04	-2.122263e+00	-3.230002e-04	1.445169e+00	7.935755e-04	1.336854e-01	1.343314e-01	1.165261e-03	-4.218901e-04	3.840372e-01	-2.506301e+00
5.35          	2.680112e-01	7.348622e-04	-2.122514e+00	-3.201035e-04	1.445398e+00	7.805654e-04	1.336855e-01	1.343257e-01	1.147996e-03	-4.131343e-04	3.841411e-01	-2.506656e+00
5.36          	2.680016e-01	7.175306e-04	-2.122762e+00	-3.125423e-04	1.445623e+00	7.717163e-04	1.336882e-01	1.343133e-01	1.130482e-03	-4.129510e-04	3.842418e-01	-2.507004e+00
5.37          	2.679871e-01	6.993153e-04	-2.122998e+00	-3.036997e-04	1.445830e+00	7.655656e-04	1.336899e-01	1.342973e-01	1.115223e-03	-4.159079e-04	3.843310e-01	-2.507329e+00
5.38          	2.679624e-01	6.969257e-04	-2.123214e+00	-3.013461e-04	1.446010e+00	7.739624e-04	1.336798e-01	1.342825e-01	1.122425e-03	-4.254996e-04	3.844033e-01	-2.507617e+00
5.39          	2.679316e-01	6.961293e-04	-2.123397e+00	-2.989316e-04	1.446155e+00	7.810502e-04	1.336669e-01	1.342648e-01	1.129115e-03	-4.329856e-04	3.844568e-01	-2.507854e+00
5.4           	2.679018e-01	7.072928e-04	-2.123546e+00	-2.982244e-04	1.446275e+00	7.906918e-04	1.336527e-01	1.342491e-01	1.144338e-03	-4.370454e-04	3.845017e-01	-2.508048e+00
5.41          	2.679176e-01	7.593841e-04	-2.123644e+00	-2.932910e-04	1.446372e+00	7.856092e-04	1.336655e-01	1.342521e-01	1.165301e-03	-4.059171e-04	3.845503e-01	-2.508194e+00
5.42          	2.678701e-01	7.499015e-04	-2.123760e+00	-2.889337e-04	1.446446e+00	7.856633e-04	1.336461e-01	1.342240e-01	1.160614e-03	-4.107126e-04	3.845661e-01	-2.508326e+00
5.43          	2.678176e-01	7.363651e-04	-2.123863e+00	-2.838082e-04	1.446512e+00	7.843545e-04	1.336250e-01	1.341926e-01	1.152537e-03	-4.161720e-04	3.845806e-01	-2.508443e+00
5.44          	2.677575e-01	7.079419e-04	-2.123941e+00	-2.793563e-04	1.446561e+00	7.809470e-04	1.335994e-01	1.341581e-01	1.134918e-03	-4.269761e-04	3.845904e-01	-2.508532e+00
5.45          	2.676968e-01	7.241325e-04	-2.124018e+00	-2.834699e-04	1.446629e+00	7.843293e-04	1.335650e-01	1.341319e-01	1.146396e-03	-4.222630e-04	3.846202e-01	-2.508638e+00
5.46          	2.676744e-01	6.643664e-04	-2.124150e+00	-2.494502e-04	1.446734e+00	7.665822e-04	1.335878e-01	1.340867e-01	1.098765e-03	-4.343990e-04	3.846589e-01	-2.508809e+00
5.47          	2.675966e-01	6.973196e-04	-2.124313e+00	-2.538919e-04	1.446827e+00	7.811073e-04	1.335444e-01	1.340522e-01	1.129767e-03	-4.324475e-04	3.846705e-01	-2.508983e+00
5.48          	2.675288e-01	7.050546e-04	-2.124495e+00	-2.454697e-04	1.446926e+00	7.884200e-04	1.335189e-01	1.340099e-01	1.140947e-03	-4.358927e-04	3.846787e-01	-2.509174e+00
5.49          	2.674453e-01	7.734472e-04	-2.124636e+00	-2.690538e-04	1.446977e+00	8.485067e-04	1.334536e-01	1.339917e-01	1.235230e-03	-4.617831e-04	3.846585e-01	-2.509295e+00
5.5           	2.673355e-01	7.518667e-04	-2.124772e+00	-2.632108e-04	1.447046e+00	8.291118e-04	1.334046e-01	1.339310e-01	1.205045e-03	-4.531784e-04	3.846600e-01	-2.509432e+00
5.51          	2.672262e-01	7.417509e-04	-2.124882e+00	-2.563018e-04	1.447088e+00	8.097465e-04	1.333568e-01	1.338694e-01	1.180622e-03	-4.388710e-04	3.846472e-01	-2.509529e+00
5.52          	2.671200e-01	7.314202e-04	-2.124953e+00	-2.485563e-04	1.447106e+00	7.972728e-04	1.333115e-01	1.338086e-01	1.162983e-03	-4.315627e-04	3.846295e-01	-2.509583e+00
5.53          	2.670176e-01	7.276746e-04	-2.124989e+00	-2.415261e-04	1.447105e+00	7.961628e-04	1.332673e-01	1.337503e-01	1.160000e-03	-4.323255e-04	3.846106e-01	-2.509599e+00
5.54          	2.669216e-01	7.346796e-04	-2.125001e+00	-2.373146e-04	1.447093e+00	8.084876e-04	1.332235e-01	1.336981e-01	1.175827e-03	-4.411478e-04	3.845924e-01	-2.509593e+00
5.55          	2.668254e-01	7.509050e-04	-2.124997e+00	-2.361198e-04	1.447070e+00	8.318725e-04	1.331766e-01	1.336488e-01	1.207325e-03	-4.564200e-04	3.845712e-01	-2.509568e+00
5.56          	2.669285e-01	9.601807e-04	-2.125182e+00	-2.037503e-04	1.447342e+00	1.185775e-03	1.332605e-01	1.336680e-01	1.665865e-03	-7.056843e-04	3.847509e-01	-2.509933e+00
5.57          	2.668055e-01	9.461051e-04	-2.125174e+00	-2.069763e-04	1.447304e+00	1.168712e-03	1.331958e-01	1.336097e-01	1.641765e-03	-6.956598e-04	3.847166e-01	-2.509891e+00
5.58          	2.666380e-01	9.609752e-04	-2.125165e+00	-2.156570e-04	1.447275e+00	1.134227e-03	1.331034e-01	1.335347e-01	1.614714e-03	-6.537393e-04	3.846921e-01	-2.509857e+00
5.59          	2.664587e-01	9.511288e-04	-2.125209e+00	-2.175566e-04	1.447289e+00	1.082958e-03	1.330118e-01	1.334469e-01	1.558522e-03	-6.073935e-04	3.846847e-01	-2.509893e+00
5.6           	2.662551e-01	9.313714e-04	-2.125261e+00	-2.235199e-04	1.447310e+00	1.010145e-03	1.329040e-01	1.333511e-01	1.475830e-03	-5.444588e-04	3.846792e-01	-2.509941e+00
5.61          	2.660794e-01	9.147375e-04	-2.125256e+00	-2.302481e-04	1.447237e+00	9.752939e-04	1.328094e-01	1.332699e-01	1.432663e-03	-5.179252e-04	3.846092e-01	-2.509866e+00
5.62          	2.660527e-01	1.088029e-03	-2.125358e+00	-2.209930e-04	1.447101e+00	9.947357e-04	1.328053e-01	1.332473e-01	1.538750e-03	-4.507213e-04	3.844220e-01	-2.509780e+00
5.63          	2.658774e-01	1.015218e-03	-2.125168e+00	-2.249658e-04	1.446862e+00	9.871966e-04	1.327137e-01	1.331637e-01	1.494806e-03	-4.795874e-04	3.842781e-01	-2.509446e+00
5.64          	2.656966e-01	9.156595e-04	-2.124914e+00	-2.250165e-04	1.446579e+00	9.793666e-04	1.326233e-01	1.330733e-01	1.437196e-03	-5.215368e-04	3.841218e-01	-2.509036e+00
5.65          	2.655295e-01	8.074108e-04	-2.124656e+00	-2.138350e-04	1.446319e+00	9.741794e-04	1.325509e-01	1.329786e-01	1.377885e-03	-5.704740e-04	3.839911e-01	-2.508647e+00
5.66          	2.653658e-01	7.456390e-04	-2.124448e+00	-2.063201e-04	1.446122e+00	9.831668e-04	1.324766e-01	1.328892e-01	1.355986e-03	-6.103474e-04	3.838978e-01	-2.508345e+00
5.67          	2.652101e-01	7.342459e-04	-2.124310e+00	-1.948686e-04	1.446000e+00	1.003135e-03	1.324102e-01	1.327999e-01	1.370258e-03	-6.360124e-04	3.838452e-01	-2.508155e+00
5.68          	2.650614e-01	7.672596e-04	-2.124233e+00	-1.803920e-04	1.445934e+00	1.030969e-03	1.323503e-01	1.327111e-01	1.414599e-03	-6.473390e-04	3.838179e-01	-2.508051e+00
5.69          	2.649154e-01	8.282533e-04	-2.124207e+00	-1.670581e-04	1.445901e+00	1.058382e-03	1.322907e-01	1.326248e-01	1.472509e-03	-6.442555e-04	3.837975e-01	-2.508004e+00
5.7           	2.647948e-01	8.754270e-04	-2.124204e+00	-1.436277e-04	1.445877e+00	1.071523e-03	1.322538e-01	1.325410e-01	1.509236e-03	-6.338090e-04	3.837749e-01	-2.507979e+00
5.71          	2.646392e-01	9.516739e-04	-2.124180e+00	-1.436871e-04	1.445805e+00	1.091943e-03	1.321759e-01	1.324633e-01	1.567780e-03	-6.161063e-04	3.837149e-01	-2.507895e+00
5.72          	2.644753e-01	1.006595e-03	-2.124095e+00	-1.486758e-04	1.445673e+00	1.099968e-03	1.320890e-01	1.323863e-01	1.603265e-03	-5.966706e-04	3.836258e-01	-2.507720e+00
5.73          	2.642942e-01	1.031800e-03	-2.123940e+00	-1.554081e-04	1.445476e+00	1.100526e-03	1.319917e-01	1.323025e-01	1.616426e-03	-5.846261e-04	3.835059e-01	-2.507446e+00
5.74          	2.641051e-01	1.027282e-03	-2.123725e+00	-1.588387e-04	1.445228e+00	1.095726e-03	1.318937e-01	1.322114e-01	1.609367e-03	-5.820852e-04	3.833655e-01	-2.507091e+00
5.75          	2.639068e-01	1.000025e-03	-2.123468e+00	-1.582587e-04	1.444954e+00	1.087338e-03	1.317951e-01	1.321116e-01	1.587351e-03	-5.873257e-04	3.832198e-01	-2.506688e+00
5.76          	2.637070e-01	9.647552e-04	-2.123184e+00	-1.514288e-04	1.444674e+00	1.078872e-03	1.317021e-01	1.320049e-01	1.561249e-03	-5.964942e-04	3.830824e-01	-2.506267e+00
5.77          	2.635041e-01	9.376657e-04	-2.122885e+00	-1.410301e-04	1.444406e+00	1.076333e-03	1.316110e-01	1.318931e-01	1.545166e-03	-6.075004e-04	3.829638e-01	-2.505849e+00
5.78          	2.633166e-01	9.026778e-04	-2.122626e+00	-1.232167e-04	1.444174e+00	1.070355e-03	1.315351e-01	1.317815e-01	1.521694e-03	-6.190158e-04	3.828607e-01	-2.505487e+00
5.79          	2.631223e-01	8.939120e-04	-2.122397e+00	-1.128340e-04	1.443960e+00	1.072335e-03	1.314483e-01	1.316740e-01	1.519291e-03	-6.253788e-04	3.827612e-01	-2.505158e+00
5.8           	2.629319e-01	9.033001e-04	-2.122185e+00	-1.056709e-04	1.443761e+00	1.074737e-03	1.313603e-01	1.315716e-01	1.526387e-03	-6.230873e-04	3.826685e-01	-2.504853e+00
5.81          	2.627363e-01	9.159993e-04	-2.121981e+00	-9.909030e-05	1.443569e+00	1.081475e-03	1.312690e-01	1.314672e-01	1.539475e-03	-6.234756e-04	3.825782e-01	-2.504560e+00
5.82          	2.625334e-01	9.345641e-04	-2.121776e+00	-9.546223e-05	1.443369e+00	1.088425e-03	1.311712e-01	1.313622e-01	1.555707e-03	-6.211427e-04	3.824808e-01	-2.504257e+00
5.83          	2.623234e-01	9.522578e-04	-2.121551e+00	-9.320669e-05	1.443151e+00	1.094523e-03	1.310685e-01	1.312549e-01	1.570652e-03	-6.183938e-04	3.823757e-01	-2.503927e+00
5.84          	2.621109e-01	9.640817e-04	-2.121298e+00	-9.097146e-05	1.442914e+00	1.097213e-03	1.309645e-01	1.311464e-01	1.579254e-03	-6.151718e-04	3.822645e-01	-2.503563e+00
5.85          	2.618939e-01	9.731418e-04	-2.121016e+00	-8.840361e-05	1.442656e+00	1.097192e-03	1.308586e-01	1.310354e-01	1.583763e-03	-6.106215e-04	3.821480e-01	-2.503164e+00
5.86          	2.616781e-01	9.761395e-04	-2.120720e+00	-8.576278e-05	1.442386e+00	1.094999e-03	1.307533e-01	1.309248e-01	1.583068e-03	-6.069289e-04	3.820262e-01	-2.502746e+00
5.87          	2.614567e-01	9.752671e-04	-2.120401e+00	-8.052497e-05	1.442110e+00	1.091795e-03	1.306478e-01	1.308089e-01	1.579429e-03	-6.041615e-04	3.819094e-01	-2.502311e+00
5.88          	2.612350e-01	9.707982e-04	-2.120075e+00	-7.350424e-05	1.441830e+00	1.089356e-03	1.305440e-01	1.306910e-01	1.574755e-03	-6.039568e-04	3.817925e-01	-2.501868e+00
5.89          	2.610160e-01	9.703629e-04	-2.119742e+00	-7.128071e-05	1.441556e+00	1.091566e-03	1.304367e-01	1.305793e-01	1.576747e-03	-6.063842e-04	3.816851e-01	-2.501427e+00
5.9           	2.608049e-01	9.816422e-04	-2.119426e+00	-7.506083e-05	1.441293e+00	1.097914e-03	1.303274e-01	1.304775e-01	1.588735e-03	-6.070931e-04	3.815804e-01	-2.501006e+00
5.91          	2.606017e-01	9.483383e-04	-2.119127e+00	-5.168025e-05	1.441043e+00	1.091529e-03	1.302492e-01	1.303525e-01	1.565698e-03	-6.173600e-04	3.814801e-01	-2.500607e+00
5.92          	2.603702e-01	9.675584e-04	-2.118837e+00	-5.039871e-05	1.440795e+00	1.107745e-03	1.301347e-01	1.302355e-01	1.591524e-03	-6.239661e-04	3.813758e-01	-2.500213e+00
5.93          	2.601225e-01	9.846081e-04	-2.118520e+00	-5.285610e-05	1.440519e+00	1.116894e-03	1.300084e-01	1.301141e-01	1.609199e-03	-6.245904e-04	3.812595e-01	-2.499779e+00
5.94          	2.598660e-01	9.985488e-04	-2.118184e+00	-5.523100e-05	1.440230e+00	1.121553e-03	1.298778e-01	1.299882e-01	1.620828e-03	-6.222790e-04	3.811382e-01	-2.499322e+00
5.95          	2.596049e-01	1.008048e-03	-2.117831e+00	-5.724531e-05	1.439931e+00	1.123899e-03	1.297452e-01	1.298597e-01	1.627923e-03	-6.198752e-04	3.810157e-01	-2.498847e+00
5.96          	2.593470e-01	1.012000e-03	-2.117471e+00	-5.780185e-05	1.439631e+00	1.123524e-03	1.296157e-01	1.297313e-01	1.629524e-03	-6.175239e-04	3.808951e-01	-2.498366e+00
5.97          	2.590989e-01	1.006549e-03	-2.117111e+00	-5.254756e-05	1.439336e+00	1.121206e-03	1.294969e-01	1.296020e-01	1.624481e-03	-6.179316e-04	3.807804e-01	-2.497891e+00
5.98          	2.588511e-01	1.010013e-03	-2.116755e+00	-5.185837e-05	1.439044e+00	1.124443e-03	1.293737e-01	1.294774e-01	1.629450e-03	-6.194368e-04	3.806664e-01	-2.497422e+00
5.99          	2.586064e-01	1.017927e-03	-2.116405e+00	-5.408364e-05	1.438759e+00	1.131462e-03	1.292491e-01	1.293573e-01	1.640426e-03	-6.224985e-04	3.805569e-01	-2.496962e+00
6             	2.583603e-01	1.022924e-03	-2.116059e+00	-5.446299e-05	1.438476e+00	1.139449e-03	1.291257e-01	1.292346e-01	1.650911e-03	-6.279870e-04	3.804468e-01	-2.496506e+00
6.01          	2.581110e-01	1.030225e-03	-2.115717e+00	-5.496768e-05	1.438197e+00	1.150912e-03	1.290005e-01	1.291105e-01	1.666025e-03	-6.357999e-04	3.803383e-01	-2.496055e+00
6.02          	2.578583e-01	1.039375e-03	-2.115365e+00	-5.538592e-05	1.437911e+00	1.160766e-03	1.288738e-01	1.289845e-01	1.680454e-03	-6.410790e-04	3.802279e-01	-2.495593e+00
6.03          	2.576009e-01	1.043110e-03	-2.115013e+00	-5.606809e-05	1.437617e+00	1.168005e-03	1.287444e-01	1.288565e-01	1.689560e-03	-6.464498e-04	3.801109e-01	-2.495124e+00
6.04          	2.573416e-01	1.048153e-03	-2.114662e+00	-5.823926e-05	1.437322e+00	1.176331e-03	1.286126e-01	1.287291e-01	1.700408e-03	-6.522548e-04	3.799913e-01	-2.494653e+00
6.05          	2.570794e-01	1.054305e-03	-2.114312e+00	-6.136181e-05	1.437026e+00	1.183758e-03	1.284784e-01	1.286011e-01	1.710911e-03	-6.566051e-04	3.798700e-01	-2.494182e+00
6.06          	2.568242e-01	1.069259e-03	-2.113962e+00	-6.920527e-05	1.436730e+00	1.195536e-03	1.283429e-01	1.284813e-01	1.730166e-03	-6.609068e-04	3.797489e-01	-2.493711e+00
6.07          	2.565670e-01	1.062899e-03	-2.113604e+00	-7.019112e-05	1.436436e+00	1.198474e-03	1.282133e-01	1.283537e-01	1.729924e-03	-6.670246e-04	3.796346e-01	-2.493238e+00
6.08          	2.565262e-01	5.406497e-04	-2.113127e+00	1.862558e-04	1.436207e+00	1.019675e-03	1.284493e-01	1.280768e-01	1.289999e-03	-7.493498e-04	3.796440e-01	-2.492771e+00
6.09          	2.562278e-01	7.164813e-04	-2.112847e+00	1.067507e-04	1.435921e+00	1.086248e-03	1.282206e-01	1.280071e-01	1.444489e-03	-7.280076e-04	3.794973e-01	-2.492345e+00
6.1           	2.559168e-01	9.362937e-04	-2.112577e+00	4.959785e-06	1.435630e+00	1.171848e-03	1.279634e-01	1.279535e-01	1.639995e-03	-7.037015e-04	3.793417e-01	-2.491919e+00
6.11          	2.555927e-01	1.176362e-03	-2.112305e+00	-1.085977e-04	1.435334e+00	1.267927e-03	1.276878e-01	1.279050e-01	1.856108e-03	-6.797461e-04	3.791821e-01	-2.491487e+00
6.12          	2.552724e-01	1.374379e-03	-2.112012e+00	-2.039774e-04	1.435032e+00	1.348165e-03	1.274322e-01	1.278402e-01	2.035354e-03	-6.609758e-04	3.790265e-01	-2.491038e+00
6.13          	2.549731e-01	1.469750e-03	-2.111673e+00	-2.512327e-04	1.434723e+00	1.393024e-03	1.272353e-01	1.277378e-01	2.127899e-03	-6.581495e-04	3.788868e-01	-2.490560e+00
6.14          	2.546966e-01	1.432313e-03	-2.111295e+00	-2.375715e-04	1.434417e+00	1.376023e-03	1.271107e-01	1.275859e-01	2.092179e-03	-6.598668e-04	3.787693e-01	-2.490064e+00
6.15          	2.544340e-01	1.310680e-03	-2.110890e+00	-1.860313e-04	1.434106e+00	1.329265e-03	1.270310e-01	1.274030e-01	1.984605e-03	-6.739251e-04	3.786609e-01	-2.489550e+00
6.16          	2.541817e-01	1.164002e-03	-2.110478e+00	-1.240668e-04	1.433798e+00	1.274105e-03	1.269668e-01	1.272149e-01	1.856106e-03	-6.921039e-04	3.785591e-01	-2.489037e+00
6.17          	2.539401e-01	1.039640e-03	-2.110090e+00	-7.294380e-05	1.433508e+00	1.228448e-03	1.268971e-01	1.270430e-01	1.748268e-03	-7.086276e-04	3.784629e-01	-2.488553e+00
6.18          	2.537013e-01	9.612752e-04	-2.109741e+00	-4.111197e-05	1.433233e+00	1.204296e-03	1.268095e-01	1.268917e-01	1.684934e-03	-7.236588e-04	3.783629e-01	-2.488104e+00
6.19          	2.534680e-01	9.357870e-04	-2.109427e+00	-3.097019e-05	1.432976e+00	1.202159e-03	1.267030e-01	1.267650e-01	1.670052e-03	-7.342651e-04	3.782629e-01	-2.487690e+00
6.2           	2.532322e-01	9.729403e-04	-2.109151e+00	-4.961753e-05	1.432731e+00	1.225208e-03	1.265665e-01	1.266657e-01	1.711678e-03	-7.387378e-04	3.781552e-01	-2.487306e+00
6.21          	2.529894e-01	1.047463e-03	-2.108883e+00	-8.410573e-05	1.432486e+00	1.263505e-03	1.264106e-01	1.265788e-01	1.787237e-03	-7.397742e-04	3.780443e-01	-2.486927e+00
6.22          	2.527459e-01	1.137068e-03	-2.108613e+00	-1.255750e-04	1.432238e+00	1.309012e-03	1.262474e-01	1.264985e-01	1.877546e-03	-7.404777e-04	3.779319e-01	-2.486545e+00
6.23          	2.524961e-01	1.209966e-03	-2.108333e+00	-1.600992e-04	1.431985e+00	1.346409e-03	1.260879e-01	1.264081e-01	1.951392e-03	-7.414267e-04	3.778183e-01	-2.486152e+00
6.24          	2.522447e-01	1.254223e-03	-2.108040e+00	-1.822242e-04	1.431725e+00	1.370435e-03	1.259401e-01	1.263046e-01	1.997546e-03	-7.433232e-04	3.777045e-01	-2.485745e+00
6.25          	2.519925e-01	1.267835e-03	-2.107737e+00	-1.902673e-04	1.431463e+00	1.381393e-03	1.258060e-01	1.261865e-01	2.015310e-03	-7.474748e-04	3.775947e-01	-2.485332e+00
6.26          	2.517450e-01	1.254710e-03	-2.107424e+00	-1.879008e-04	1.431200e+00	1.379366e-03	1.256846e-01	1.260604e-01	2.006721e-03	-7.520109e-04	3.774878e-01	-2.484912e+00
6.27          	2.515019e-01	1.222600e-03	-2.107120e+00	-1.765896e-04	1.430941e+00	1.368746e-03	1.255743e-01	1.259275e-01	1.980046e-03	-7.574461e-04	3.773807e-01	-2.484500e+00
6.28          	2.512671e-01	1.188123e-03	-2.106824e+00	-1.664968e-04	1.430689e+00	1.355189e-03	1.254671e-01	1.258001e-01	1.949251e-03	-7.611278e-04	3.772766e-01	-2.484101e+00
6.29          	2.510318e-01	1.155403e-03	-2.106539e+00	-1.569493e-04	1.430443e+00	1.343126e-03	1.253590e-01	1.256729e-01	1.920828e-03	-7.654248e-04	3.771734e-01	-2.483712e+00
6.3           	2.508024e-01	1.134918e-03	-2.106264e+00	-1.528308e-04	1.430202e+00	1.333615e-03	1.252484e-01	1.255540e-01	1.901074e-03	-7.661561e-04	3.770706e-01	-2.483334e+00
6.31          	2.505770e-01	1.126878e-03	-2.105999e+00	-1.530426e-04	1.429969e+00	1.332600e-03	1.251355e-01	1.254415e-01	1.896039e-03	-7.691615e-04	3.769692e-01	-2.482968e+00
6.32          	2.503529e-01	1.136887e-03	-2.105742e+00	-1.611784e-04	1.429737e+00	1.340047e-03	1.250153e-01	1.253376e-01	1.908491e-03	-7.716038e-04	3.768656e-01	-2.482608e+00
6.33          	2.501314e-01	1.158329e-03	-2.105497e+00	-1.726814e-04	1.429518e+00	1.354389e-03	1.248930e-01	1.252384e-01	1.933554e-03	-7.752243e-04	3.767692e-01	-2.482266e+00
6.34          	2.499105e-01	1.177593e-03	-2.105248e+00	-1.854283e-04	1.429292e+00	1.363937e-03	1.247698e-01	1.251407e-01	1.952733e-03	-7.751403e-04	3.766682e-01	-2.481916e+00
6.35          	2.496909e-01	1.188975e-03	-2.104999e+00	-1.957758e-04	1.429066e+00	1.368724e-03	1.246497e-01	1.250412e-01	1.963211e-03	-7.742361e-04	3.765671e-01	-2.481566e+00
6.36          	2.494859e-01	1.191549e-03	-2.104766e+00	-1.988801e-04	1.428857e+00	1.370256e-03	1.245441e-01	1.249418e-01	1.966030e-03	-7.744817e-04	3.764744e-01	-2.481240e+00
6.37          	2.492674e-01	1.188121e-03	-2.104518e+00	-2.052013e-04	1.428630e+00	1.364000e-03	1.244285e-01	1.248389e-01	1.958060e-03	-7.699391e-04	3.763709e-01	-2.480889e+00
6.38          	2.490511e-01	1.176594e-03	-2.104274e+00	-2.086433e-04	1.428408e+00	1.352880e-03	1.243169e-01	1.247342e-01	1.941177e-03	-7.645830e-04	3.762709e-01	-2.480545e+00
6.39          	2.488494e-01	1.171860e-03	-2.104043e+00	-2.173087e-04	1.428203e+00	1.343387e-03	1.242074e-01	1.246420e-01	1.929317e-03	-7.574566e-04	3.761814e-01	-2.480224e+00
6.4           	2.486455e-01	1.150887e-03	-2.103821e+00	-2.162727e-04	1.428004e+00	1.329705e-03	1.241065e-01	1.245390e-01	1.905148e-03	-7.542610e-04	3.760933e-01	-2.479914e+00
6.41          	2.484501e-01	1.127246e-03	-2.103602e+00	-2.114612e-04	1.427810e+00	1.316205e-03	1.240136e-01	1.244365e-01	1.879828e-03	-7.525826e-04	3.760088e-01	-2.479611e+00
6.42          	2.482576e-01	1.115762e-03	-2.103386e+00	-2.125779e-04	1.427613e+00	1.308110e-03	1.239162e-01	1.243414e-01	1.865992e-03	-7.502293e-04	3.759202e-01	-2.479307e+00
6.43          	2.480681e-01	1.105769e-03	-2.103176e+00	-2.120789e-04	1.427426e+00	1.299946e-03	1.238220e-01	1.242461e-01	1.852831e-03	-7.470621e-04	3.758382e-01	-2.479015e+00
6.44          	2.478819e-01	1.103356e-03	-2.102974e+00	-2.155573e-04	1.427247e+00	1.292144e-03	1.237254e-01	1.241565e-01	1.843822e-03	-7.404662e-04	3.757600e-01	-2.478734e+00
6.45          	2.476947e-01	1.100845e-03	-2.102775e+00	-2.189621e-04	1.427070e+00	1.283528e-03	1.236284e-01	1.240663e-01	1.833950e-03	-7.331058e-04	3.756826e-01	-2.478458e+00
6.46          	2.475105e-01	1.095557e-03	-2.102581e+00	-2.219143e-04	1.426898e+00	1.271149e-03	1.235334e-01	1.239772e-01	1.818928e-03	-7.233709e-04	3.756070e-01	-2.478188e+00
6.47          	2.473286e-01	1.085714e-03	-2.102393e+00	-2.253153e-04	1.426727e+00	1.256314e-03	1.234390e-01	1.238896e-01	1.799170e-03	-7.134567e-04	3.755306e-01	-2.477924e+00
6.48          	2.471500e-01	1.073338e-03	-2.102207e+00	-2.275273e-04	1.426558e+00	1.239815e-03	1.233475e-01	1.238025e-01	1.776484e-03	-7.031457e-04	3.754543e-01	-2.477662e+00
6.49          	2.469749e-01	1.059450e-03	-2.102028e+00	-2.280666e-04	1.426394e+00	1.221975e-03	1.232594e-01	1.237155e-01	1.751700e-03	-6.922502e-04	3.753794e-01	-2.477408e+00
6.5           	2.468084e-01	1.044260e-03	-2.101861e+00	-2.293414e-04	1.426240e+00	1.202291e-03	1.231749e-01	1.236336e-01	1.724422e-03	-6.801613e-04	3.753090e-01	-2.477170e+00
6.51          	2.466486e-01	1.022568e-03	-2.101706e+00	-2.266729e-04	1.426095e+00	1.188462e-03	1.230976e-01	1.235510e-01	1.699746e-03	-6.771780e-04	3.752423e-01	-2.476948e+00
6.52          	2.464930e-01	1.016876e-03	-2.101562e+00	-2.303009e-04	1.425968e+00	1.176500e-03	1.230162e-01	1.234768e-01	1.684938e-03	-6.680618e-04	3.751871e-01	-2.476749e+00
6.53          	2.463409e-01	9.993724e-04	-2.101421e+00	-2.275136e-04	1.425848e+00	1.159101e-03	1.229429e-01	1.233980e-01	1.658787e-03	-6.594144e-04	3.751369e-01	-2.476558e+00
6.54          	2.461839e-01	9.863465e-04	-2.101284e+00	-2.261496e-04	1.425727e+00	1.142458e-03	1.228658e-01	1.233181e-01	1.635631e-03	-6.492848e-04	3.750851e-01	-2.476369e+00
6.55          	2.460242e-01	9.740372e-04	-2.101142e+00	-2.247559e-04	1.425607e+00	1.125577e-03	1.227873e-01	1.232368e-01	1.612596e-03	-6.385588e-04	3.750362e-01	-2.476179e+00
6.56          	2.458681e-01	9.628723e-04	-2.101001e+00	-2.237389e-04	1.425491e+00	1.109748e-03	1.227103e-01	1.231578e-01	1.591184e-03	-6.283116e-04	3.749905e-01	-2.475992e+00
6.57          	2.457148e-01	9.517731e-04	-2.100860e+00	-2.230521e-04	1.425376e+00	1.094299e-03	1.226344e-01	1.230805e-01	1.570186e-03	-6.184129e-04	3.749455e-01	-2.475806e+00
6.58          	2.455705e-01	9.373927e-04	-2.100727e+00	-2.210033e-04	1.425266e+00	1.077290e-03	1.225642e-01	1.230063e-01	1.545987e-03	-6.085939e-04	3.749031e-01	-2.475630e+00
6.59          	2.454287e-01	9.246178e-04	-2.100602e+00	-2.212777e-04	1.425165e+00	1.061843e-03	1.224931e-01	1.229356e-01	1.524152e-03	-5.995343e-04	3.748638e-01	-2.475466e+00
6.6           	2.452940e-01	9.109256e-04	-2.100490e+00	-2.220285e-04	1.425076e+00	1.044334e-03	1.224250e-01	1.228690e-01	1.499796e-03	-5.888708e-04	3.748312e-01	-2.475321e+00
6.61          	2.451595e-01	8.959170e-04	-2.100385e+00	-2.226487e-04	1.424994e+00	1.027600e-03	1.223571e-01	1.228024e-01	1.475558e-03	-5.796412e-04	3.748019e-01	-2.475187e+00
6.62          	2.450326e-01	8.840553e-04	-2.100291e+00	-2.245282e-04	1.424926e+00	1.011734e-03	1.222918e-01	1.227408e-01	1.453762e-03	-5.697063e-04	3.747801e-01	-2.475071e+00
6.63          	2.449039e-01	8.692307e-04	-2.100201e+00	-2.228665e-04	1.424859e+00	9.964372e-04	1.222291e-01	1.226748e-01	1.431053e-03	-5.618218e-04	3.747589e-01	-2.474960e+00
6.64          	2.447770e-01	8.549449e-04	-2.100110e+00	-2.210761e-04	1.424791e+00	9.826403e-04	1.221674e-01	1.226096e-01	1.410113e-03	-5.551679e-04	3.747359e-01	-2.474846e+00
6.65          	2.446727e-01	8.185513e-04	-2.100033e+00	-2.043220e-04	1.424739e+00	9.600759e-04	1.221320e-01	1.225407e-01	1.369352e-03	-5.508002e-04	3.747228e-01	-2.474756e+00
6.66          	2.445535e-01	8.129084e-04	-2.099956e+00	-2.024612e-04	1.424679e+00	9.455040e-04	1.220743e-01	1.224792e-01	1.351958e-03	-5.390498e-04	3.747011e-01	-2.474657e+00
6.67          	2.444274e-01	8.073217e-04	-2.099871e+00	-2.021183e-04	1.424613e+00	9.291498e-04	1.220116e-01	1.224158e-01	1.332811e-03	-5.254889e-04	3.746778e-01	-2.474549e+00
6.68          	2.443015e-01	7.989067e-04	-2.099783e+00	-2.017467e-04	1.424548e+00	9.124017e-04	1.219490e-01	1.223525e-01	1.311855e-03	-5.129483e-04	3.746566e-01	-2.474439e+00
6.69          	2.441786e-01	7.875797e-04	-2.099692e+00	-2.016968e-04	1.424480e+00	8.935397e-04	1.218876e-01	1.222910e-01	1.287330e-03	-4.997498e-04	3.746338e-01	-2.474326e+00
6.7           	2.440753e-01	7.803469e-04	-2.099621e+00	-2.049747e-04	1.424422e+00	8.795554e-04	1.218327e-01	1.222426e-01	1.269729e-03	-4.893819e-04	3.746112e-01	-2.474232e+00
6.71          	2.439583e-01	7.615987e-04	-2.099546e+00	-2.021122e-04	1.424360e+00	8.620829e-04	1.217771e-01	1.221813e-01	1.242882e-03	-4.812835e-04	3.745867e-01	-2.474133e+00
6.72          	2.438413e-01	7.407873e-04	-2.099467e+00	-1.983196e-04	1.424299e+00	8.445962e-04	1.217223e-01	1.221190e-01	1.214990e-03	-4.742026e-04	3.745651e-01	-2.474032e+00
6.73          	2.437212e-01	7.227031e-04	-2.099384e+00	-1.937217e-04	1.424239e+00	8.297443e-04	1.216669e-01	1.220543e-01	1.191096e-03	-4.683928e-04	3.745467e-01	-2.473931e+00
6.74          	2.436058e-01	7.045089e-04	-2.099304e+00	-1.881707e-04	1.424185e+00	8.137265e-04	1.216147e-01	1.219911e-01	1.165981e-03	-4.614721e-04	3.745326e-01	-2.473837e+00
6.75          	2.434917e-01	6.893396e-04	-2.099229e+00	-1.836181e-04	1.424134e+00	7.978994e-04	1.215622e-01	1.219295e-01	1.142569e-03	-4.532296e-04	3.745194e-01	-2.473748e+00
6.76          	2.433820e-01	6.761823e-04	-2.099163e+00	-1.794952e-04	1.424089e+00	7.826451e-04	1.215115e-01	1.218705e-01	1.120736e-03	-4.445540e-04	3.745072e-01	-2.473670e+00
6.77          	2.432741e-01	6.649801e-04	-2.099106e+00	-1.761088e-04	1.424048e+00	7.684117e-04	1.214609e-01	1.218131e-01	1.100902e-03	-4.359216e-04	3.744947e-01	-2.473601e+00
6.78          	2.431698e-01	6.547626e-04	-2.099057e+00	-1.725993e-04	1.424010e+00	7.547172e-04	1.214123e-01	1.217575e-01	1.082099e-03	-4.273359e-04	3.744815e-01	-2.473539e+00
6.79          	2.430684e-01	6.392059e-04	-2.099011e+00	-1.672432e-04	1.423971e+00	7.399322e-04	1.213670e-01	1.217015e-01	1.059535e-03	-4.203292e-04	3.744656e-01	-2.473477e+00
6.8           	2.429900e-01	6.503474e-04	-2.098977e+00	-1.793958e-04	1.423944e+00	7.339422e-04	1.213156e-01	1.216744e-01	1.059116e-03	-4.087685e-04	3.744551e-01	-2.473432e+00
6.81          	2.428992e-01	6.298159e-04	-2.098950e+00	-1.760178e-04	1.423904e+00	7.099258e-04	1.212736e-01	1.216256e-01	1.024834e-03	-3.950178e-04	3.744290e-01	-2.473379e+00
6.82          	2.428165e-01	5.670323e-04	-2.098918e+00	-1.496977e-04	1.423871e+00	6.809725e-04	1.212585e-01	1.215579e-01	9.644887e-04	-3.974564e-04	3.744123e-01	-2.473330e+00
6.83          	2.426972e-01	5.589519e-04	-2.098876e+00	-1.494082e-04	1.423820e+00	6.706941e-04	1.211992e-01	1.214980e-01	9.501701e-04	-3.912181e-04	3.743815e-01	-2.473258e+00
6.84          	2.425714e-01	5.504666e-04	-2.098815e+00	-1.506233e-04	1.423760e+00	6.586875e-04	1.211351e-01	1.214363e-01	9.339208e-04	-3.834542e-04	3.743531e-01	-2.473168e+00
6.85          	2.424416e-01	5.425753e-04	-2.098740e+00	-1.512489e-04	1.423699e+00	6.438643e-04	1.210695e-01	1.213720e-01	9.151519e-04	-3.725766e-04	3.743294e-01	-2.473069e+00
6.86          	2.423175e-01	5.322861e-04	-2.098663e+00	-1.504990e-04	1.423642e+00	6.258012e-04	1.210083e-01	1.213093e-01	8.919442e-04	-3.596582e-04	3.743104e-01	-2.472973e+00
6.87          	2.421982e-01	5.153935e-04	-2.098593e+00	-1.474212e-04	1.423589e+00	6.063512e-04	1.209517e-01	1.212465e-01	8.640479e-04	-3.486544e-04	3.742928e-01	-2.472885e+00
6.88          	2.420923e-01	4.955833e-04	-2.098535e+00	-1.418704e-04	1.423546e+00	5.843063e-04	1.209043e-01	1.211880e-01	8.320979e-04	-3.365147e-04	3.742784e-01	-2.472814e+00
6.89          	2.419917e-01	4.745367e-04	-2.098485e+00	-1.361237e-04	1.423504e+00	5.601607e-04	1.208597e-01	1.211320e-01	7.974290e-04	-3.228924e-04	3.742617e-01	-2.472747e+00
6.9           	2.418984e-01	4.574056e-04	-2.098443e+00	-1.325700e-04	1.423463e+00	5.359496e-04	1.208166e-01	1.210818e-01	7.646524e-04	-3.072468e-04	3.742418e-01	-2.472685e+00
6.91          	2.418020e-01	4.366612e-04	-2.098404e+00	-1.276858e-04	1.423419e+00	5.108502e-04	1.207733e-01	1.210287e-01	7.291808e-04	-2.925196e-04	3.742169e-01	-2.472621e+00
6.92          	2.417052e-01	4.147252e-04	-2.098364e+00	-1.232635e-04	1.423370e+00	4.861309e-04	1.207293e-01	1.209758e-01	6.934935e-04	-2.787684e-04	3.741881e-01	-2.472552e+00
6.93          	2.416058e-01	3.982362e-04	-2.098325e+00	-1.199822e-04	1.423324e+00	4.659485e-04	1.206829e-01	1.209229e-01	6.650666e-04	-2.668304e-04	3.741616e-01	-2.472487e+00
6.94          	2.415001e-01	3.787329e-04	-2.098276e+00	-1.180548e-04	1.423266e+00	4.427648e-04	1.206320e-01	1.208681e-01	6.321313e-04	-2.533983e-04	3.741276e-01	-2.472404e+00
6.95          	2.413892e-01	3.568683e-04	-2.098220e+00	-1.160848e-04	1.423203e+00	4.172364e-04	1.205785e-01	1.208107e-01	5.956706e-04	-2.388023e-04	3.740926e-01	-2.472313e+00
6.96          	2.412798e-01	3.340996e-04	-2.098161e+00	-1.134376e-04	1.423140e+00	3.903076e-04	1.205264e-01	1.207533e-01	5.573574e-04	-2.232578e-04	3.740592e-01	-2.472220e+00
6.97          	2.411670e-01	3.124850e-04	-2.098100e+00	-1.099979e-04	1.423077e+00	3.634228e-04	1.204735e-01	1.206935e-01	5.196653e-04	-2.071803e-04	3.740274e-01	-2.472127e+00
6.98          	2.410590e-01	2.877608e-04	-2.098044e+00	-1.035323e-04	1.423022e+00	3.353322e-04	1.204259e-01	1.206330e-01	4.792125e-04	-1.914518e-04	3.740003e-01	-2.472044e+00
6.99          	2.409501e-01	2.683838e-04	-2.097990e+00	-9.931925e-05	1.422969e+00	3.087011e-04	1.203757e-01	1.205744e-01	4.428930e-04	-1.745091e-04	3.739736e-01	-2.471964e+00
7             	2.408417e-01	2.481102e-04	-2.097941e+00	-9.427829e-05	1.422918e+00	2.816131e-04	1.203266e-01	1.205151e-01	4.056682e-04	-1.575580e-04	3.739478e-01	-2.471889e+00
7.01          	2.407327e-01	2.283040e-04	-2.097894e+00	-8.916544e-05	1.422870e+00	2.547281e-04	1.202772e-01	1.204555e-01	3.688801e-04	-1.405762e-04	3.739226e-01	-2.471816e+00
7.02          	2.421804e-01	-6.923031e-04	-2.098003e+00	1.414371e-04	1.423104e+00	1.011024e-03	1.212316e-01	1.209488e-01	6.648728e-04	-1.357176e-03	3.741028e-01	-2.472106e+00
7.03          	2.416616e-01	-4.596337e-04	-2.097976e+00	1.016482e-04	1.422979e+00	7.688008e-04	1.209324e-01	1.207292e-01	5.389839e-04	-9.986177e-04	3.739907e-01	-2.471967e+00
7.04          	2.408606e-01	-9.379362e-05	-2.097800e+00	-6.076770e-06	1.422796e+00	3.865407e-04	1.204242e-01	1.204364e-01	3.396439e-04	-4.334375e-04	3.738963e-01	-2.471696e+00
7.05          	2.393103e-01	7.604063e-04	-2.097596e+00	-1.929483e-04	1.422454e+00	-3.744340e-04	1.194622e-01	1.198481e-01	5.769148e-06	7.546371e-04	3.736565e-01	-2.471252e+00
7.06          	2.375359e-01	1.778584e-03	-2.097343e+00	-4.432342e-04	1.422080e+00	-1.254850e-03	1.183247e-01	1.192112e-01	-3.655574e-04	2.144142e-03	3.734087e-01	-2.470751e+00
7.07          	2.369495e-01	2.099455e-03	-2.097143e+00	-5.494819e-04	1.421920e+00	-1.535718e-03	1.179252e-01	1.190242e-01	-4.859906e-04	2.585446e-03	3.733488e-01	-2.470492e+00
7.08          	2.375451e-01	1.672301e-03	-2.097145e+00	-4.697137e-04	1.421987e+00	-1.221011e-03	1.183029e-01	1.192423e-01	-3.848598e-04	2.057161e-03	3.734151e-01	-2.470560e+00
7.09          	2.385553e-01	8.854722e-04	-2.097079e+00	-3.139435e-04	1.422082e+00	-6.622585e-04	1.189637e-01	1.195916e-01	-2.195224e-04	1.104995e-03	3.735425e-01	-2.470622e+00
7.1           	2.397467e-01	2.017465e-05	-2.097068e+00	-1.305262e-04	1.422208e+00	-2.192719e-05	1.197428e-01	1.200039e-01	-1.183987e-05	3.201452e-05	3.736741e-01	-2.470742e+00
7.11          	2.409717e-01	-9.877513e-04	-2.096885e+00	1.806350e-05	1.422330e+00	6.644462e-04	1.205039e-01	1.204678e-01	1.705706e-04	-1.158322e-03	3.738877e-01	-2.470772e+00
7.12          	2.423198e-01	-1.959429e-03	-2.096935e+00	2.216517e-04	1.422502e+00	1.378921e-03	1.213815e-01	1.209382e-01	3.992068e-04	-2.358636e-03	3.740350e-01	-2.470970e+00
7.13          	2.424404e-01	-2.127899e-03	-2.096918e+00	2.475716e-04	1.422464e+00	1.463209e-03	1.214678e-01	1.209726e-01	3.992594e-04	-2.527159e-03	3.740056e-01	-2.470923e+00
7.14          	2.418688e-01	-1.806968e-03	-2.096925e+00	1.999235e-04	1.422306e+00	1.185315e-03	1.211343e-01	1.207345e-01	2.818313e-04	-2.088799e-03	3.738438e-01	-2.470769e+00
7.15          	2.408948e-01	-1.201057e-03	-2.096928e+00	1.060531e-04	1.422101e+00	6.734416e-04	1.205534e-01	1.203413e-01	7.291323e-05	-1.273970e-03	3.736375e-01	-2.470565e+00
7.16          	2.397905e-01	-5.486695e-04	-2.096844e+00	-9.060093e-06	1.421863e+00	1.189100e-04	1.198862e-01	1.199043e-01	-1.554248e-04	-3.932447e-04	3.734408e-01	-2.470285e+00
7.17          	2.388007e-01	-6.013077e-05	-2.096565e+00	-1.220442e-04	1.421618e+00	-3.532198e-04	1.192783e-01	1.195224e-01	-3.832852e-04	3.231544e-04	3.733354e-01	-2.469900e+00
7.18          	2.380844e-01	1.737476e-04	-2.096165e+00	-2.022221e-04	1.421406e+00	-6.668384e-04	1.188400e-01	1.192444e-01	-5.799646e-04	7.537122e-04	3.733230e-01	-2.469488e+00
7.19          	2.376985e-01	1.689412e-04	-2.095808e+00	-2.217313e-04	1.421252e+00	-8.062505e-04	1.186275e-01	1.190710e-01	-7.217799e-04	8.907211e-04	3.733480e-01	-2.469156e+00
7.2           	2.376361e-01	1.252468e-05	-2.095627e+00	-1.882806e-04	1.421179e+00	-7.945334e-04	1.186298e-01	1.190063e-01	-7.882710e-04	8.007957e-04	3.733654e-01	-2.468992e+00
7.21          	2.378244e-01	-2.239233e-04	-2.095622e+00	-1.194356e-04	1.421179e+00	-6.777063e-04	1.187928e-01	1.190316e-01	-7.896679e-04	5.657446e-04	3.733680e-01	-2.468990e+00
7.22          	2.381288e-01	-4.498578e-04	-2.095774e+00	-4.264183e-05	1.421230e+00	-5.222622e-04	1.190217e-01	1.191070e-01	-7.471911e-04	2.973333e-04	3.733426e-01	-2.469117e+00
7.23          	2.384252e-01	-6.083260e-04	-2.096019e+00	2.470874e-05	1.421300e+00	-3.898832e-04	1.192373e-01	1.191879e-01	-6.940461e-04	8.572019e-05	3.732909e-01	-2.469310e+00
7.24          	2.386084e-01	-6.661779e-04	-2.096253e+00	5.996170e-05	1.421351e+00	-3.135962e-04	1.193641e-01	1.192442e-01	-6.466852e-04	-1.949275e-05	3.732246e-01	-2.469477e+00
7.25          	2.386377e-01	-6.492669e-04	-2.096368e+00	5.985542e-05	1.421355e+00	-3.073237e-04	1.193787e-01	1.192590e-01	-6.319572e-04	-1.730977e-05	3.731712e-01	-2.469539e+00
7.26          	2.385258e-01	-6.007103e-04	-2.096330e+00	3.066827e-05	1.421309e+00	-3.558014e-04	1.192936e-01	1.192322e-01	-6.561565e-04	5.544623e-05	3.731444e-01	-2.469475e+00
7.27          	2.383032e-01	-5.650395e-04	-2.096133e+00	-7.813631e-06	1.421213e+00	-4.431293e-04	1.191438e-01	1.191594e-01	-7.256490e-04	1.606095e-04	3.731469e-01	-2.469280e+00
7.28          	2.380325e-01	-5.537164e-04	-2.095820e+00	-4.744780e-05	1.421082e+00	-5.428514e-04	1.189688e-01	1.190637e-01	-8.197097e-04	2.659932e-04	3.731715e-01	-2.468992e+00
7.29          	2.377712e-01	-5.703622e-04	-2.095478e+00	-7.607359e-05	1.420939e+00	-6.313958e-04	1.188095e-01	1.189617e-01	-9.165769e-04	3.462147e-04	3.732002e-01	-2.468678e+00
7.3           	2.375659e-01	-6.095159e-04	-2.095198e+00	-8.515603e-05	1.420814e+00	-6.961257e-04	1.186978e-01	1.188681e-01	-1.000884e-03	3.913677e-04	3.732147e-01	-2.468412e+00
7.31          	2.374383e-01	-6.590776e-04	-2.095035e+00	-7.328853e-05	1.420722e+00	-7.324507e-04	1.186459e-01	1.187924e-01	-1.061989e-03	4.029119e-04	3.732047e-01	-2.468239e+00
7.32          	2.373883e-01	-6.992958e-04	-2.094996e+00	-4.777288e-05	1.420668e+00	-7.415456e-04	1.186464e-01	1.187419e-01	-1.091193e-03	3.918977e-04	3.731696e-01	-2.468166e+00
7.33          	2.373940e-01	-7.250952e-04	-2.095064e+00	-1.426263e-05	1.420651e+00	-7.344133e-04	1.186827e-01	1.187112e-01	-1.096961e-03	3.718657e-04	3.731190e-01	-2.468183e+00
7.34          	2.374267e-01	-7.368044e-04	-2.095197e+00	1.925385e-05	1.420662e+00	-7.222667e-04	1.187326e-01	1.186941e-01	-1.090669e-03	3.538645e-04	3.730637e-01	-2.468261e+00
7.35          	2.374598e-01	-7.253270e-04	-2.095345e+00	3.868591e-05	1.420690e+00	-7.112403e-04	1.187686e-01	1.186912e-01	-1.073904e-03	3.485768e-04	3.730173e-01	-2.468362e+00
7.36          	2.374645e-01	-7.189270e-04	-2.095462e+00	5.443938e-05	1.420718e+00	-7.126491e-04	1.187867e-01	1.186778e-01	-1.072113e-03	3.531856e-04	3.729866e-01	-2.468449e+00
7.37          	2.374169e-01	-7.116309e-04	-2.095502e+00	5.611749e-05	1.420716e+00	-7.292776e-04	1.187646e-01	1.186523e-01	-1.085093e-03	3.734622e-04	3.729650e-01	-2.468467e+00
7.38          	2.373374e-01	-7.149729e-04	-2.095474e+00	5.331810e-05	1.420700e+00	-7.588391e-04	1.187220e-01	1.186154e-01	-1.116326e-03	4.013527e-04	3.729631e-01	-2.468437e+00
7.39          	2.372296e-01	-7.200784e-04	-2.095388e+00	4.333676e-05	1.420668e+00	-7.929177e-04	1.186581e-01	1.185715e-01	-1.152957e-03	4.328785e-04	3.729741e-01	-2.468362e+00
7.4           	2.371173e-01	-7.316581e-04	-2.095269e+00	3.276875e-05	1.420628e+00	-8.276408e-04	1.185914e-01	1.185259e-01	-1.193470e-03	4.618117e-04	3.729936e-01	-2.468262e+00
7.41          	2.370152e-01	-7.464177e-04	-2.095147e+00	2.609484e-05	1.420585e+00	-8.574443e-04	1.185337e-01	1.184815e-01	-1.230653e-03	4.842354e-04	3.730120e-01	-2.468159e+00
7.42          	2.369411e-01	-7.636181e-04	-2.095054e+00	2.704391e-05	1.420552e+00	-8.810691e-04	1.184976e-01	1.184435e-01	-1.262878e-03	4.992600e-04	3.730250e-01	-2.468079e+00
7.43          	2.368882e-01	-7.754578e-04	-2.095004e+00	3.314445e-05	1.420529e+00	-8.963904e-04	1.184772e-01	1.184109e-01	-1.284119e-03	5.086615e-04	3.730270e-01	-2.468031e+00
7.44          	2.368566e-01	-7.830289e-04	-2.095000e+00	4.417155e-05	1.420518e+00	-9.055042e-04	1.184725e-01	1.183841e-01	-1.297019e-03	5.139897e-04	3.730183e-01	-2.468018e+00
7.45          	2.368369e-01	-7.854549e-04	-2.095033e+00	5.758564e-05	1.420521e+00	-9.108868e-04	1.184760e-01	1.183608e-01	-1.303614e-03	5.181594e-04	3.730044e-01	-2.468037e+00
7.46          	2.368228e-01	-7.830891e-04	-2.095087e+00	6.969066e-05	1.420534e+00	-9.155781e-04	1.184811e-01	1.183417e-01	-1.307123e-03	5.240336e-04	3.729902e-01	-2.468077e+00
7.47          	2.368031e-01	-7.829592e-04	-2.095143e+00	8.170039e-05	1.420550e+00	-9.231212e-04	1.184833e-01	1.183199e-01	-1.314601e-03	5.316416e-04	3.729791e-01	-2.468122e+00
7.48          	2.367746e-01	-7.820616e-04	-2.095189e+00	9.021407e-05	1.420570e+00	-9.334025e-04	1.184775e-01	1.182971e-01	-1.324433e-03	5.423716e-04	3.729755e-01	-2.468164e+00
7.49          	2.367367e-01	-7.802608e-04	-2.095212e+00	9.402663e-05	1.420586e+00	-9.458163e-04	1.184624e-01	1.182743e-01	-1.335947e-03	5.556859e-04	3.729795e-01	-2.468192e+00
7.5           	2.366920e-01	-7.825266e-04	-2.095215e+00	9.622479e-05	1.420597e+00	-9.609350e-04	1.184422e-01	1.182498e-01	-1.352198e-03	5.696718e-04	3.729897e-01	-2.468205e+00
7.51          	2.366448e-01	-7.881400e-04	-2.095200e+00	9.802809e-05	1.420605e+00	-9.764214e-04	1.184204e-01	1.182244e-01	-1.370491e-03	5.823514e-04	3.730057e-01	-2.468205e+00
7.52          	2.366005e-01	-7.937153e-04	-2.095176e+00	9.900629e-05	1.420611e+00	-9.909290e-04	1.183993e-01	1.182013e-01	-1.387787e-03	5.940714e-04	3.730228e-01	-2.468199e+00
7.53          	2.365618e-01	-7.981971e-04	-2.095151e+00	1.009769e-04	1.420613e+00	-1.003549e-03	1.183819e-01	1.181799e-01	-1.402647e-03	6.044500e-04	3.730382e-01	-2.468189e+00
7.54          	2.365373e-01	-7.990582e-04	-2.095138e+00	1.031001e-04	1.420622e+00	-1.012267e-03	1.183717e-01	1.181655e-01	-1.411796e-03	6.127376e-04	3.730530e-01	-2.468191e+00
7.55          	2.365154e-01	-8.023851e-04	-2.095139e+00	1.086492e-04	1.420632e+00	-1.019873e-03	1.183664e-01	1.181491e-01	-1.421066e-03	6.186806e-04	3.730623e-01	-2.468201e+00
7.56          	2.364993e-01	-8.045442e-04	-2.095153e+00	1.160614e-04	1.420644e+00	-1.025718e-03	1.183657e-01	1.181336e-01	-1.427990e-03	6.234460e-04	3.730675e-01	-2.468220e+00
7.57          	2.364905e-01	-8.009211e-04	-2.095178e+00	1.222269e-04	1.420663e+00	-1.027941e-03	1.183675e-01	1.181230e-01	-1.428401e-03	6.274802e-04	3.730744e-01	-2.468253e+00
7.58          	2.364777e-01	-8.003300e-04	-2.095208e+00	1.296288e-04	1.420682e+00	-1.032289e-03	1.183685e-01	1.181092e-01	-1.432454e-03	6.321238e-04	3.730784e-01	-2.468286e+00
7.59          	2.364652e-01	-8.034585e-04	-2.095237e+00	1.392730e-04	1.420704e+00	-1.037915e-03	1.183719e-01	1.180933e-01	-1.439644e-03	6.361853e-04	3.730851e-01	-2.468322e+00
7.6           	2.364497e-01	-8.017882e-04	-2.095265e+00	1.458381e-04	1.420727e+00	-1.042947e-03	1.183707e-01	1.180790e-01	-1.443841e-03	6.420527e-04	3.730946e-01	-2.468359e+00
7.61          	2.364330e-01	-8.017906e-04	-2.095286e+00	1.521190e-04	1.420750e+00	-1.049517e-03	1.183686e-01	1.180644e-01	-1.450412e-03	6.486213e-04	3.731075e-01	-2.468393e+00
7.62          	2.364185e-01	-8.009435e-04	-2.095300e+00	1.568300e-04	1.420771e+00	-1.057374e-03	1.183661e-01	1.180524e-01	-1.457845e-03	6.569019e-04	3.731209e-01	-2.468421e+00
7.63          	2.364034e-01	-7.995048e-04	-2.095309e+00	1.607583e-04	1.420791e+00	-1.063696e-03	1.183625e-01	1.180409e-01	-1.463449e-03	6.639438e-04	3.731359e-01	-2.468445e+00
7.64          	2.364070e-01	-7.842289e-04	-2.095327e+00	1.543255e-04	1.420820e+00	-1.063525e-03	1.183578e-01	1.180492e-01	-1.455640e-03	6.714107e-04	3.731561e-01	-2.468484e+00
7.65          	2.363983e-01	-7.905111e-04	-2.095345e+00	1.597897e-04	1.420841e+00	-1.068426e-03	1.183590e-01	1.180394e-01	-1.463682e-03	6.731708e-04	3.731683e-01	-2.468513e+00
7.66          	2.363930e-01	-7.911333e-04	-2.095360e+00	1.638769e-04	1.420860e+00	-1.069794e-03	1.183604e-01	1.180326e-01	-1.465361e-03	6.742273e-04	3.731804e-01	-2.468541e+00
7.67          	2.363842e-01	-7.943584e-04	-2.095374e+00	1.705466e-04	1.420877e+00	-1.071562e-03	1.183627e-01	1.180216e-01	-1.468741e-03	6.743829e-04	3.731896e-01	-2.468564e+00
7.68          	2.363797e-01	-7.981927e-04	-2.095388e+00	1.790473e-04	1.420892e+00	-1.073660e-03	1.183689e-01	1.180108e-01	-1.472756e-03	6.745637e-04	3.731980e-01	-2.468586e+00
7.69          	2.363743e-01	-7.976544e-04	-2.095405e+00	1.862314e-04	1.420909e+00	-1.075567e-03	1.183734e-01	1.180009e-01	-1.474394e-03	6.767394e-04	3.732061e-01	-2.468611e+00
7.7           	2.363715e-01	-7.965201e-04	-2.095427e+00	1.924354e-04	1.420927e+00	-1.078214e-03	1.183782e-01	1.179933e-01	-1.476474e-03	6.799540e-04	3.732136e-01	-2.468641e+00
7.71          	2.363752e-01	-7.952878e-04	-2.095461e+00	1.998592e-04	1.420948e+00	-1.079771e-03	1.183875e-01	1.179878e-01	-1.477415e-03	6.821275e-04	3.732170e-01	-2.468678e+00
7.72          	2.363761e-01	-7.906980e-04	-2.095496e+00	2.052156e-04	1.420969e+00	-1.083084e-03	1.183933e-01	1.179828e-01	-1.478433e-03	6.877353e-04	3.732207e-01	-2.468716e+00
7.73          	2.363766e-01	-7.863459e-04	-2.095526e+00	2.090678e-04	1.420987e+00	-1.085669e-03	1.183974e-01	1.179792e-01	-1.478841e-03	6.924955e-04	3.732245e-01	-2.468750e+00
7.74          	2.363814e-01	-7.834009e-04	-2.095548e+00	2.122804e-04	1.421001e+00	-1.086486e-03	1.184030e-01	1.179784e-01	-1.478187e-03	6.947860e-04	3.732273e-01	-2.468775e+00
7.75          	2.364105e-01	-7.625436e-04	-2.095576e+00	2.027594e-04	1.421027e+00	-1.077867e-03	1.184080e-01	1.180025e-01	-1.459139e-03	6.965950e-04	3.732392e-01	-2.468816e+00
7.76          	2.364193e-01	-7.729287e-04	-2.095608e+00	2.094561e-04	1.421044e+00	-1.078607e-03	1.184191e-01	1.180002e-01	-1.465071e-03	6.921427e-04	3.732398e-01	-2.468848e+00
7.77          	2.364235e-01	-7.779417e-04	-2.095629e+00	2.148849e-04	1.421052e+00	-1.077330e-03	1.184266e-01	1.179969e-01	-1.466301e-03	6.883589e-04	3.732374e-01	-2.468866e+00
7.78          	2.364235e-01	-7.822101e-04	-2.095643e+00	2.219663e-04	1.421053e+00	-1.075859e-03	1.184337e-01	1.179898e-01	-1.466964e-03	6.847535e-04	3.732315e-01	-2.468875e+00
7.79          	2.364218e-01	-7.833400e-04	-2.095651e+00	2.282012e-04	1.421048e+00	-1.074815e-03	1.184391e-01	1.179827e-01	-1.466485e-03	6.831450e-04	3.732222e-01	-2.468873e+00
7.8           	2.364222e-01	-7.809518e-04	-2.095658e+00	2.334172e-04	1.421037e+00	-1.073847e-03	1.184445e-01	1.179777e-01	-1.464323e-03	6.833708e-04	3.732075e-01	-2.468866e+00
7.81          	2.364248e-01	-7.759122e-04	-2.095667e+00	2.372418e-04	1.421024e+00	-1.072315e-03	1.184496e-01	1.179751e-01	-1.460272e-03	6.843594e-04	3.731908e-01	-2.468858e+00
7.82          	2.364443e-01	-7.813755e-04	-2.095688e+00	2.472723e-04	1.421021e+00	-1.074758e-03	1.184694e-01	1.179749e-01	-1.465446e-03	6.840703e-04	3.731771e-01	-2.468866e+00
7.83          	2.364562e-01	-7.735674e-04	-2.095710e+00	2.490052e-04	1.421010e+00	-1.072667e-03	1.184771e-01	1.179791e-01	-1.459451e-03	6.858836e-04	3.731553e-01	-2.468865e+00
7.84          	2.364663e-01	-7.651396e-04	-2.095728e+00	2.487327e-04	1.420994e+00	-1.069574e-03	1.184819e-01	1.179844e-01	-1.452144e-03	6.870042e-04	3.731300e-01	-2.468859e+00
7.85          	2.364747e-01	-7.581972e-04	-2.095741e+00	2.465064e-04	1.420972e+00	-1.065739e-03	1.184839e-01	1.179908e-01	-1.444837e-03	6.866402e-04	3.731012e-01	-2.468842e+00
7.86          	2.364804e-01	-7.546492e-04	-2.095750e+00	2.457261e-04	1.420941e+00	-1.061970e-03	1.184859e-01	1.179945e-01	-1.439295e-03	6.846454e-04	3.730663e-01	-2.468816e+00
7.87          	2.364833e-01	-7.527784e-04	-2.095754e+00	2.459482e-04	1.420906e+00	-1.057457e-03	1.184876e-01	1.179957e-01	-1.433846e-03	6.810676e-04	3.730285e-01	-2.468783e+00
7.88          	2.364872e-01	-7.517527e-04	-2.095756e+00	2.469778e-04	1.420866e+00	-1.053114e-03	1.184906e-01	1.179966e-01	-1.428990e-03	6.772374e-04	3.729877e-01	-2.468743e+00
7.89          	2.364909e-01	-7.501594e-04	-2.095753e+00	2.487370e-04	1.420820e+00	-1.049388e-03	1.184942e-01	1.179967e-01	-1.424468e-03	6.743082e-04	3.729438e-01	-2.468697e+00
7.9           	2.364973e-01	-7.477268e-04	-2.095752e+00	2.509198e-04	1.420774e+00	-1.045142e-03	1.184995e-01	1.179977e-01	-1.419005e-03	6.712786e-04	3.728984e-01	-2.468650e+00
7.91          	2.365945e-01	-9.180527e-04	-2.095727e+00	3.397083e-04	1.420762e+00	-1.100307e-03	1.186369e-01	1.179575e-01	-1.559333e-03	6.412808e-04	3.728988e-01	-2.468626e+00
7.92          	2.365945e-01	-8.479870e-04	-2.095757e+00	3.108968e-04	1.420713e+00	-1.074004e-03	1.186081e-01	1.179863e-01	-1.497997e-03	6.500103e-04	3.728344e-01	-2.468592e+00
7.93          	2.365791e-01	-7.733782e-04	-2.095775e+00	2.780315e-04	1.420647e+00	-1.045478e-03	1.185676e-01	1.180115e-01	-1.432167e-03	6.587890e-04	3.727590e-01	-2.468534e+00
7.94          	2.365626e-01	-7.085169e-04	-2.095788e+00	2.470777e-04	1.420571e+00	-1.019223e-03	1.185284e-01	1.180342e-01	-1.373481e-03	6.649645e-04	3.726775e-01	-2.468465e+00
7.95          	2.365418e-01	-6.711311e-04	-2.095779e+00	2.276317e-04	1.420482e+00	-1.000193e-03	1.184985e-01	1.180433e-01	-1.335759e-03	6.646277e-04	3.725926e-01	-2.468371e+00
7.96          	2.365217e-01	-6.601958e-04	-2.095748e+00	2.205974e-04	1.420381e+00	-9.917685e-04	1.184815e-01	1.180403e-01	-1.321866e-03	6.616707e-04	3.725071e-01	-2.468255e+00
7.97          	2.365058e-01	-6.762562e-04	-2.095699e+00	2.264673e-04	1.420275e+00	-9.951309e-04	1.184794e-01	1.180265e-01	-1.333259e-03	6.570027e-04	3.724251e-01	-2.468124e+00
7.98          	2.364986e-01	-7.086652e-04	-2.095643e+00	2.425636e-04	1.420164e+00	-1.003647e-03	1.184919e-01	1.180067e-01	-1.357979e-03	6.493143e-04	3.723429e-01	-2.467986e+00
7.99          	2.364913e-01	-7.437352e-04	-2.095580e+00	2.608193e-04	1.420048e+00	-1.015799e-03	1.185065e-01	1.179848e-01	-1.387667e-03	6.439318e-04	3.722586e-01	-2.467838e+00
8             	2.364773e-01	-7.709431e-04	-2.095493e+00	2.841185e-04	1.419928e+00	-1.020689e-03	1.185228e-01	1.179546e-01	-1.406161e-03	6.352180e-04	3.721819e-01	-2.467675e+00
8.01          	2.364707e-01	-7.863174e-04	-2.095430e+00	2.942038e-04	1.419809e+00	-1.024284e-03	1.185295e-01	1.179411e-01	-1.417443e-03	6.311254e-04	3.720941e-01	-2.467524e+00
8.02          	2.364783e-01	-7.767476e-04	-2.095404e+00	2.936635e-04	1.419715e+00	-1.005444e-03	1.185328e-01	1.179455e-01	-1.393818e-03	6.170703e-04	3.720131e-01	-2.467417e+00
8.03          	2.364755e-01	-7.684758e-04	-2.095373e+00	2.837698e-04	1.419597e+00	-9.996432e-04	1.185215e-01	1.179540e-01	-1.383881e-03	6.154053e-04	3.719104e-01	-2.467283e+00
8.04          	2.365171e-01	-6.863379e-04	-2.095345e+00	2.327596e-04	1.419496e+00	-9.697443e-04	1.184913e-01	1.180258e-01	-1.312913e-03	6.265754e-04	3.718232e-01	-2.467169e+00
8.05          	2.365006e-01	-7.061719e-04	-2.095323e+00	2.345025e-04	1.419364e+00	-9.743432e-04	1.184848e-01	1.180158e-01	-1.327429e-03	6.212573e-04	3.717023e-01	-2.467026e+00
8.06          	2.364696e-01	-7.282254e-04	-2.095272e+00	2.419337e-04	1.419211e+00	-9.792357e-04	1.184767e-01	1.179928e-01	-1.343348e-03	6.151230e-04	3.715746e-01	-2.466847e+00
8.07          	2.364277e-01	-7.499515e-04	-2.095191e+00	2.532970e-04	1.419041e+00	-9.843757e-04	1.184671e-01	1.179605e-01	-1.359351e-03	6.093999e-04	3.714454e-01	-2.466637e+00
8.08          	2.363856e-01	-7.650279e-04	-2.095089e+00	2.644318e-04	1.418861e+00	-9.859212e-04	1.184572e-01	1.179283e-01	-1.368435e-03	6.034073e-04	3.713168e-01	-2.466405e+00
8.09          	2.363479e-01	-7.742319e-04	-2.094994e+00	2.779785e-04	1.418683e+00	-9.823802e-04	1.184519e-01	1.178960e-01	-1.369496e-03	5.952642e-04	3.711857e-01	-2.466180e+00
8.1           	2.363031e-01	-7.726954e-04	-2.094888e+00	2.854010e-04	1.418496e+00	-9.801209e-04	1.184370e-01	1.178662e-01	-1.366469e-03	5.937732e-04	3.710523e-01	-2.465941e+00
8.11          	2.362578e-01	-7.690797e-04	-2.094780e+00	2.871779e-04	1.418309e+00	-9.773009e-04	1.184161e-01	1.178417e-01	-1.361841e-03	5.927610e-04	3.709189e-01	-2.465699e+00
8.12          	2.362155e-01	-7.647627e-04	-2.094673e+00	2.843095e-04	1.418120e+00	-9.731037e-04	1.183920e-01	1.178234e-01	-1.355485e-03	5.907223e-04	3.707838e-01	-2.465456e+00
8.13          	2.361734e-01	-7.619916e-04	-2.094570e+00	2.786270e-04	1.417931e+00	-9.678438e-04	1.183653e-01	1.178081e-01	-1.348840e-03	5.868480e-04	3.706462e-01	-2.465216e+00
8.14          	2.361332e-01	-7.621226e-04	-2.094474e+00	2.722499e-04	1.417743e+00	-9.627240e-04	1.183388e-01	1.177943e-01	-1.343785e-03	5.816627e-04	3.705057e-01	-2.464979e+00
8.15          	2.360925e-01	-7.663945e-04	-2.094382e+00	2.680407e-04	1.417553e+00	-9.585626e-04	1.183143e-01	1.177782e-01	-1.341760e-03	5.753654e-04	3.703615e-01	-2.464744e+00
8.16          	2.360636e-01	-7.656645e-04	-2.094296e+00	2.625757e-04	1.417366e+00	-9.537524e-04	1.182944e-01	1.177692e-01	-1.336585e-03	5.709202e-04	3.702176e-01	-2.464514e+00
8.17          	2.360195e-01	-7.741634e-04	-2.094209e+00	2.637905e-04	1.417169e+00	-9.542025e-04	1.182735e-01	1.177459e-01	-1.341284e-03	5.671208e-04	3.700640e-01	-2.464273e+00
8.18          	2.359675e-01	-7.839370e-04	-2.094113e+00	2.678913e-04	1.416959e+00	-9.553938e-04	1.182517e-01	1.177159e-01	-1.347362e-03	5.634253e-04	3.699025e-01	-2.464016e+00
8.19          	2.359428e-01	-8.073570e-04	-2.094030e+00	2.805705e-04	1.416746e+00	-9.445127e-04	1.182520e-01	1.176908e-01	-1.348191e-03	5.408342e-04	3.697311e-01	-2.463761e+00
8.2           	2.358702e-01	-8.054748e-04	-2.093922e+00	2.850880e-04	1.416515e+00	-9.539491e-04	1.182202e-01	1.176500e-01	-1.356686e-03	5.512117e-04	3.695542e-01	-2.463477e+00
8.21          	2.357899e-01	-7.998297e-04	-2.093802e+00	2.867294e-04	1.416280e+00	-9.643576e-04	1.181817e-01	1.176082e-01	-1.364272e-03	5.644427e-04	3.693791e-01	-2.463181e+00
8.22          	2.357125e-01	-7.953749e-04	-2.093671e+00	2.870567e-04	1.416042e+00	-9.731353e-04	1.181433e-01	1.175692e-01	-1.370823e-03	5.754479e-04	3.692065e-01	-2.462877e+00
8.23          	2.356412e-01	-7.888994e-04	-2.093536e+00	2.822340e-04	1.415806e+00	-9.763029e-04	1.181029e-01	1.175384e-01	-1.370753e-03	5.818532e-04	3.690377e-01	-2.462573e+00
8.24          	2.355750e-01	-7.916393e-04	-2.093401e+00	2.788719e-04	1.415569e+00	-9.766236e-04	1.180664e-01	1.175086e-01	-1.372443e-03	5.808040e-04	3.688683e-01	-2.462269e+00
8.25          	2.355202e-01	-7.947825e-04	-2.093272e+00	2.740411e-04	1.415336e+00	-9.720741e-04	1.180341e-01	1.174861e-01	-1.369465e-03	5.746829e-04	3.686998e-01	-2.461972e+00
8.26          	2.354654e-01	-8.070803e-04	-2.093153e+00	2.738294e-04	1.415102e+00	-9.684911e-04	1.180065e-01	1.174589e-01	-1.372031e-03	5.649509e-04	3.685258e-01	-2.461679e+00
8.27          	2.354112e-01	-8.226098e-04	-2.093044e+00	2.749033e-04	1.414867e+00	-9.692945e-04	1.179805e-01	1.174307e-01	-1.380599e-03	5.579896e-04	3.683453e-01	-2.461389e+00
8.28          	2.353513e-01	-8.365556e-04	-2.092935e+00	2.776492e-04	1.414626e+00	-9.699358e-04	1.179533e-01	1.173980e-01	-1.388214e-03	5.516580e-04	3.681585e-01	-2.461094e+00
8.29          	2.352842e-01	-8.449602e-04	-2.092824e+00	2.807389e-04	1.414381e+00	-9.727049e-04	1.179228e-01	1.173614e-01	-1.395185e-03	5.502248e-04	3.679687e-01	-2.460793e+00
8.3           	2.352164e-01	-8.506620e-04	-2.092709e+00	2.850525e-04	1.414133e+00	-9.786726e-04	1.178932e-01	1.173231e-01	-1.404004e-03	5.533416e-04	3.677782e-01	-2.460487e+00
8.31          	2.351585e-01	-8.652863e-04	-2.092613e+00	2.837419e-04	1.413917e+00	-1.012379e-03	1.178630e-01	1.172955e-01	-1.445022e-03	5.797354e-04	3.676103e-01	-2.460224e+00
8.32          	2.350869e-01	-8.588127e-04	-2.092493e+00	2.832858e-04	1.413670e+00	-1.016859e-03	1.178267e-01	1.172602e-01	-1.446265e-03	5.874525e-04	3.674234e-01	-2.459917e+00
8.33          	2.350082e-01	-8.513367e-04	-2.092366e+00	2.823436e-04	1.413415e+00	-1.018922e-03	1.177864e-01	1.172217e-01	-1.444590e-03	5.932537e-04	3.672316e-01	-2.459598e+00
8.34          	2.349605e-01	-8.327727e-04	-2.092259e+00	2.731616e-04	1.413164e+00	-1.031229e-03	1.177534e-01	1.172071e-01	-1.447615e-03	6.148427e-04	3.670344e-01	-2.459293e+00
8.35          	2.348741e-01	-8.373957e-04	-2.092131e+00	2.718016e-04	1.412898e+00	-1.026408e-03	1.177089e-01	1.171653e-01	-1.445106e-03	6.077100e-04	3.668326e-01	-2.458963e+00
8.36          	2.347851e-01	-8.455119e-04	-2.091991e+00	2.727015e-04	1.412625e+00	-1.020586e-03	1.176652e-01	1.171198e-01	-1.443341e-03	5.978295e-04	3.666299e-01	-2.458621e+00
8.37          	2.346965e-01	-8.539402e-04	-2.091842e+00	2.752202e-04	1.412349e+00	-1.017275e-03	1.176235e-01	1.170730e-01	-1.444245e-03	5.903050e-04	3.664277e-01	-2.458270e+00
8.38          	2.346146e-01	-8.597612e-04	-2.091691e+00	2.783871e-04	1.412073e+00	-1.018173e-03	1.175857e-01	1.170289e-01	-1.448054e-03	5.882925e-04	3.662274e-01	-2.457918e+00
8.39          	2.345447e-01	-8.679208e-04	-2.091543e+00	2.842116e-04	1.411801e+00	-1.027007e-03	1.175566e-01	1.169881e-01	-1.460968e-03	5.930469e-04	3.660296e-01	-2.457572e+00
8.4           	2.344840e-01	-8.711654e-04	-2.091408e+00	2.887138e-04	1.411538e+00	-1.040250e-03	1.175307e-01	1.169533e-01	-1.475833e-03	6.046673e-04	3.658344e-01	-2.457242e+00
8.41          	2.344273e-01	-8.619436e-04	-2.091292e+00	2.875473e-04	1.411284e+00	-1.052045e-03	1.175012e-01	1.169261e-01	-1.483017e-03	6.210735e-04	3.656383e-01	-2.456930e+00
8.42          	2.343856e-01	-8.273440e-04	-2.091194e+00	2.712034e-04	1.411048e+00	-1.057911e-03	1.174640e-01	1.169216e-01	-1.471583e-03	6.442389e-04	3.654509e-01	-2.456645e+00
8.43          	2.343183e-01	-8.337988e-04	-2.091100e+00	2.730345e-04	1.410802e+00	-1.075574e-03	1.174322e-01	1.168861e-01	-1.492473e-03	6.586741e-04	3.652520e-01	-2.456352e+00
8.44          	2.342418e-01	-8.443925e-04	-2.090995e+00	2.755478e-04	1.410550e+00	-1.091076e-03	1.173964e-01	1.168453e-01	-1.513272e-03	6.688797e-04	3.650521e-01	-2.456047e+00
8.45          	2.341570e-01	-8.554178e-04	-2.090877e+00	2.780937e-04	1.410290e+00	-1.102596e-03	1.173566e-01	1.168004e-01	-1.530305e-03	6.748868e-04	3.648516e-01	-2.455728e+00
8.46          	2.340708e-01	-8.654751e-04	-2.090745e+00	2.798011e-04	1.410022e+00	-1.112134e-03	1.173152e-01	1.167556e-01	-1.544871e-03	6.793960e-04	3.646494e-01	-2.455394e+00
8.47          	2.339835e-01	-8.723625e-04	-2.090605e+00	2.808377e-04	1.409751e+00	-1.118378e-03	1.172726e-01	1.167109e-01	-1.554559e-03	6.821968e-04	3.644487e-01	-2.455054e+00
8.48          	2.339003e-01	-8.760393e-04	-2.090464e+00	2.815990e-04	1.409481e+00	-1.123183e-03	1.172318e-01	1.166686e-01	-1.561203e-03	6.851636e-04	3.642494e-01	-2.454714e+00
8.49          	2.338277e-01	-8.817425e-04	-2.090331e+00	2.842577e-04	1.409219e+00	-1.130232e-03	1.171981e-01	1.166296e-01	-1.571103e-03	6.893609e-04	3.640537e-01	-2.454385e+00
8.5           	2.337529e-01	-8.830309e-04	-2.090204e+00	2.851626e-04	1.408961e+00	-1.137167e-03	1.171616e-01	1.165913e-01	-1.578682e-03	6.956515e-04	3.638589e-01	-2.454063e+00
8.51          	2.336765e-01	-8.851240e-04	-2.090079e+00	2.865429e-04	1.408706e+00	-1.146192e-03	1.171248e-01	1.165517e-01	-1.588754e-03	7.036303e-04	3.636661e-01	-2.453745e+00
8.52          	2.336012e-01	-8.892643e-04	-2.089954e+00	2.885848e-04	1.408453e+00	-1.158119e-03	1.170892e-01	1.165120e-01	-1.602751e-03	7.134866e-04	3.634754e-01	-2.453430e+00
8.53          	2.335300e-01	-8.880967e-04	-2.089830e+00	2.865300e-04	1.408206e+00	-1.169795e-03	1.170515e-01	1.164785e-01	-1.613843e-03	7.257463e-04	3.632911e-01	-2.453121e+00
8.54          	2.335482e-01	-9.453515e-04	-2.089742e+00	3.069250e-04	1.407979e+00	-1.142528e-03	1.170810e-01	1.164672e-01	-1.615204e-03	6.698523e-04	3.631082e-01	-2.452850e+00
8.55          	2.334425e-01	-9.362318e-04	-2.089617e+00	3.076359e-04	1.407725e+00	-1.172919e-03	1.170289e-01	1.164136e-01	-1.641035e-03	7.048034e-04	3.629160e-01	-2.452533e+00
8.56          	2.333386e-01	-9.066965e-04	-2.089489e+00	2.960571e-04	1.407480e+00	-1.204925e-03	1.169653e-01	1.163732e-01	-1.658273e-03	7.515764e-04	3.627361e-01	-2.452225e+00
8.57          	2.332117e-01	-8.975573e-04	-2.089340e+00	2.944083e-04	1.407222e+00	-1.242311e-03	1.169003e-01	1.163115e-01	-1.691089e-03	7.935321e-04	3.625527e-01	-2.451892e+00
8.58          	2.330984e-01	-8.992731e-04	-2.089178e+00	2.969454e-04	1.406965e+00	-1.272999e-03	1.168462e-01	1.162523e-01	-1.722636e-03	8.233629e-04	3.623761e-01	-2.451554e+00
8.59          	2.329951e-01	-9.054832e-04	-2.089006e+00	2.981776e-04	1.406708e+00	-1.290979e-03	1.167957e-01	1.161994e-01	-1.743721e-03	8.382376e-04	3.622052e-01	-2.451212e+00
8.6           	2.329113e-01	-9.218647e-04	-2.088830e+00	3.015831e-04	1.406453e+00	-1.297265e-03	1.167572e-01	1.161541e-01	-1.758197e-03	8.363325e-04	3.620382e-01	-2.450868e+00
8.61          	2.328423e-01	-9.457740e-04	-2.088655e+00	3.069889e-04	1.406202e+00	-1.296408e-03	1.167281e-01	1.161142e-01	-1.769295e-03	8.235207e-04	3.618742e-01	-2.450530e+00
8.62          	2.327915e-01	-9.654201e-04	-2.088496e+00	3.081837e-04	1.405964e+00	-1.292099e-03	1.167039e-01	1.160876e-01	-1.774809e-03	8.093888e-04	3.617157e-01	-2.450212e+00
8.63          	2.327366e-01	-9.998194e-04	-2.088352e+00	3.167428e-04	1.405737e+00	-1.297364e-03	1.166851e-01	1.160516e-01	-1.797273e-03	7.974539e-04	3.615608e-01	-2.449912e+00
8.64          	2.326696e-01	-1.021699e-03	-2.088206e+00	3.232898e-04	1.405502e+00	-1.305902e-03	1.166581e-01	1.160115e-01	-1.816751e-03	7.950526e-04	3.613990e-01	-2.449605e+00
8.65          	2.325887e-01	-1.032135e-03	-2.088057e+00	3.280945e-04	1.405265e+00	-1.320270e-03	1.166224e-01	1.159663e-01	-1.836337e-03	8.042023e-04	3.612362e-01	-2.449293e+00
8.66          	2.324991e-01	-1.033352e-03	-2.087904e+00	3.308470e-04	1.405026e+00	-1.339629e-03	1.165804e-01	1.159187e-01	-1.856305e-03	8.229526e-04	3.610744e-01	-2.448978e+00
8.67          	2.324035e-01	-1.029913e-03	-2.087743e+00	3.322319e-04	1.404788e+00	-1.361517e-03	1.165340e-01	1.158695e-01	-1.876474e-03	8.465608e-04	3.609165e-01	-2.448659e+00
8.68          	2.323297e-01	-1.035952e-03	-2.087587e+00	3.398281e-04	1.404567e+00	-1.386854e-03	1.165047e-01	1.158250e-01	-1.904830e-03	8.688777e-04	3.607738e-01	-2.448361e+00
8.69          	2.322402e-01	-1.028457e-03	-2.087422e+00	3.382999e-04	1.404338e+00	-1.404240e-03	1.164584e-01	1.157818e-01	-1.918468e-03	8.900115e-04	3.606265e-01	-2.448049e+00
8.7           	2.321519e-01	-1.029113e-03	-2.087245e+00	3.373024e-04	1.404105e+00	-1.420188e-03	1.164132e-01	1.157386e-01	-1.934744e-03	9.056315e-04	3.604829e-01	-2.447728e+00
8.71          	2.320651e-01	-1.038510e-03	-2.087056e+00	3.385022e-04	1.403871e+00	-1.432976e-03	1.163710e-01	1.156940e-01	-1.952231e-03	9.137215e-04	3.603426e-01	-2.447399e+00
8.72          	2.319878e-01	-1.047291e-03	-2.086866e+00	3.369861e-04	1.403640e+00	-1.441224e-03	1.163309e-01	1.156569e-01	-1.964869e-03	9.175782e-04	3.602070e-01	-2.447073e+00
8.73          	2.319249e-01	-1.070252e-03	-2.086704e+00	3.468425e-04	1.403417e+00	-1.445841e-03	1.163093e-01	1.156156e-01	-1.980967e-03	9.107154e-04	3.600651e-01	-2.446770e+00
8.74          	2.318437e-01	-1.084455e-03	-2.086540e+00	3.532406e-04	1.403195e+00	-1.462177e-03	1.162751e-01	1.155686e-01	-2.004405e-03	9.199497e-04	3.599250e-01	-2.446465e+00
8.75          	2.317547e-01	-1.099242e-03	-2.086368e+00	3.590951e-04	1.402972e+00	-1.477824e-03	1.162364e-01	1.155182e-01	-2.027445e-03	9.282037e-04	3.597884e-01	-2.446156e+00
8.76          	2.316647e-01	-1.113001e-03	-2.086187e+00	3.635899e-04	1.402751e+00	-1.493771e-03	1.161959e-01	1.154688e-01	-2.050271e-03	9.372705e-04	3.596574e-01	-2.445844e+00
8.77          	2.327270e-01	1.916286e-03	-2.085271e+00	-1.078174e-03	1.402847e+00	-4.844214e-04	1.152853e-01	1.174417e-01	4.737216e-04	1.442564e-03	3.602112e-01	-2.445482e+00
8.78          	2.324085e-01	1.057072e-03	-2.085356e+00	-6.872736e-04	1.402624e+00	-7.994479e-04	1.155170e-01	1.168915e-01	-2.709121e-04	1.327984e-03	3.599458e-01	-2.445302e+00
8.79          	2.319364e-01	-3.896336e-04	-2.085590e+00	-3.511383e-05	1.402377e+00	-1.328561e-03	1.159331e-01	1.160033e-01	-1.523378e-03	1.133744e-03	3.595818e-01	-2.445172e+00
8.8           	2.314753e-01	-1.847074e-03	-2.085822e+00	6.199713e-04	1.402135e+00	-1.864947e-03	1.163576e-01	1.151177e-01	-2.788484e-03	9.414097e-04	3.592236e-01	-2.445046e+00
8.81          	2.311457e-01	-2.761146e-03	-2.085911e+00	1.034618e-03	1.401906e+00	-2.200856e-03	1.166075e-01	1.145382e-01	-3.581429e-03	8.202828e-04	3.589501e-01	-2.444861e+00
8.82          	2.309281e-01	-3.097455e-03	-2.085835e+00	1.193416e-03	1.401671e+00	-2.313602e-03	1.166574e-01	1.142706e-01	-3.862330e-03	7.648752e-04	3.587530e-01	-2.444588e+00
8.83          	2.308063e-01	-2.837664e-03	-2.085550e+00	1.090218e-03	1.401408e+00	-2.200326e-03	1.164934e-01	1.143130e-01	-3.619158e-03	7.814939e-04	3.586327e-01	-2.444182e+00
8.84          	2.307559e-01	-2.164244e-03	-2.085105e+00	8.070766e-04	1.401126e+00	-1.936110e-03	1.161850e-01	1.145709e-01	-3.018232e-03	8.539886e-04	3.585733e-01	-2.443678e+00
8.85          	2.307027e-01	-1.417562e-03	-2.084594e+00	4.979652e-04	1.400823e+00	-1.653211e-03	1.158493e-01	1.148534e-01	-2.361992e-03	9.444299e-04	3.585264e-01	-2.443120e+00
8.86          	2.306606e-01	-7.980025e-04	-2.084151e+00	2.391621e-04	1.400556e+00	-1.422327e-03	1.155695e-01	1.150911e-01	-1.821329e-03	1.023326e-03	3.584811e-01	-2.442632e+00
8.87          	2.306411e-01	-3.057265e-04	-2.083769e+00	1.743556e-05	1.400323e+00	-1.240687e-03	1.153380e-01	1.153031e-01	-1.393550e-03	1.087823e-03	3.584384e-01	-2.442208e+00
8.88          	2.306351e-01	-1.102042e-04	-2.083546e+00	-8.284021e-05	1.400160e+00	-1.181021e-03	1.152347e-01	1.154004e-01	-1.236123e-03	1.125919e-03	3.583876e-01	-2.441933e+00
8.89          	2.305830e-01	-3.394271e-04	-2.083486e+00	8.738237e-06	1.400046e+00	-1.293856e-03	1.153003e-01	1.152828e-01	-1.463570e-03	1.124143e-03	3.583027e-01	-2.441789e+00
8.9           	2.305217e-01	-7.498924e-04	-2.083503e+00	1.782323e-04	1.399958e+00	-1.479835e-03	1.154391e-01	1.150826e-01	-1.854781e-03	1.104889e-03	3.582063e-01	-2.441709e+00
8.91          	2.304395e-01	-1.220820e-03	-2.083541e+00	3.757132e-04	1.399872e+00	-1.687228e-03	1.155955e-01	1.148441e-01	-2.297638e-03	1.076818e-03	3.581009e-01	-2.441642e+00
8.92          	2.303395e-01	-1.618120e-03	-2.083536e+00	5.456109e-04	1.399758e+00	-1.858308e-03	1.157153e-01	1.146241e-01	-2.667369e-03	1.049248e-03	3.579902e-01	-2.441526e+00
8.93          	2.302197e-01	-1.854585e-03	-2.083452e+00	6.511219e-04	1.399604e+00	-1.958719e-03	1.157610e-01	1.144587e-01	-2.886011e-03	1.031426e-03	3.578781e-01	-2.441330e+00
8.94          	2.304612e-01	-2.857058e-03	-2.083035e+00	1.143785e-03	1.399510e+00	-2.309150e-03	1.163744e-01	1.140868e-01	-3.737679e-03	8.806211e-04	3.579930e-01	-2.441028e+00
8.95          	2.302584e-01	-2.470543e-03	-2.082907e+00	9.751323e-04	1.399298e+00	-2.159052e-03	1.161043e-01	1.141541e-01	-3.394323e-03	9.237809e-04	3.578447e-01	-2.440752e+00
8.96          	2.300385e-01	-1.880088e-03	-2.082769e+00	7.130479e-04	1.399076e+00	-1.925688e-03	1.157323e-01	1.143062e-01	-2.865732e-03	9.856435e-04	3.576916e-01	-2.440461e+00
8.97          	2.298072e-01	-1.209450e-03	-2.082648e+00	4.098320e-04	1.398860e+00	-1.662784e-03	1.153134e-01	1.144938e-01	-2.267509e-03	1.058059e-03	3.575357e-01	-2.440184e+00
8.98          	2.295937e-01	-6.449527e-04	-2.082544e+00	1.496111e-04	1.398665e+00	-1.450382e-03	1.149465e-01	1.146473e-01	-1.772858e-03	1.127905e-03	3.573928e-01	-2.439937e+00
8.99          	2.294271e-01	-3.658118e-04	-2.082407e+00	1.732106e-05	1.398483e+00	-1.357474e-03	1.147309e-01	1.146963e-01	-1.540380e-03	1.174568e-03	3.572792e-01	-2.439686e+00
9             	2.293208e-01	-4.416592e-04	-2.082207e+00	4.612329e-05	1.398308e+00	-1.409291e-03	1.147065e-01	1.146143e-01	-1.630120e-03	1.188461e-03	3.572045e-01	-2.439412e+00
9.01          	2.292446e-01	-7.819376e-04	-2.081957e+00	1.935116e-04	1.398133e+00	-1.566544e-03	1.148158e-01	1.144288e-01	-1.957513e-03	1.175575e-03	3.571548e-01	-2.439112e+00
9.02          	2.291780e-01	-1.217321e-03	-2.081702e+00	3.833780e-04	1.397964e+00	-1.760592e-03	1.149724e-01	1.142056e-01	-2.369252e-03	1.151931e-03	3.571131e-01	-2.438815e+00
9.03          	2.291176e-01	-1.631688e-03	-2.081454e+00	5.676573e-04	1.397804e+00	-1.940961e-03	1.151264e-01	1.139911e-01	-2.756805e-03	1.125117e-03	3.570767e-01	-2.438531e+00
9.04          	2.290500e-01	-1.914730e-03	-2.081254e+00	6.957753e-04	1.397660e+00	-2.063312e-03	1.152208e-01	1.138292e-01	-3.020677e-03	1.105947e-03	3.570328e-01	-2.438287e+00
9.05          	2.289696e-01	-2.031607e-03	-2.081096e+00	7.525215e-04	1.397527e+00	-2.112842e-03	1.152373e-01	1.137323e-01	-3.128646e-03	1.097039e-03	3.569792e-01	-2.438075e+00
9.06          	2.288816e-01	-1.968653e-03	-2.080986e+00	7.322084e-04	1.397408e+00	-2.082221e-03	1.151730e-01	1.137086e-01	-3.066547e-03	1.097894e-03	3.569152e-01	-2.437901e+00
9.07          	2.287778e-01	-1.778856e-03	-2.080899e+00	6.561331e-04	1.397295e+00	-2.000530e-03	1.150450e-01	1.137328e-01	-2.889958e-03	1.111102e-03	3.568460e-01	-2.437745e+00
9.08          	2.286706e-01	-1.544828e-03	-2.080821e+00	5.564044e-04	1.397193e+00	-1.903551e-03	1.148917e-01	1.137789e-01	-2.675965e-03	1.131138e-03	3.567828e-01	-2.437604e+00
9.09          	2.285549e-01	-1.338447e-03	-2.080724e+00	4.684225e-04	1.397079e+00	-1.817749e-03	1.147459e-01	1.138090e-01	-2.486973e-03	1.148526e-03	3.567168e-01	-2.437441e+00
9.1           	2.284405e-01	-1.212319e-03	-2.080604e+00	4.142744e-04	1.396956e+00	-1.768728e-03	1.146345e-01	1.138060e-01	-2.374887e-03	1.162569e-03	3.566543e-01	-2.437259e+00
9.11          	2.283255e-01	-1.184368e-03	-2.080459e+00	4.018734e-04	1.396826e+00	-1.762983e-03	1.145646e-01	1.137609e-01	-2.355167e-03	1.170798e-03	3.565969e-01	-2.437056e+00
9.12          	2.282146e-01	-1.244657e-03	-2.080293e+00	4.277140e-04	1.396692e+00	-1.797071e-03	1.145350e-01	1.136796e-01	-2.419399e-03	1.174742e-03	3.565452e-01	-2.436838e+00
9.13          	2.281367e-01	-1.391406e-03	-2.080158e+00	4.733210e-04	1.396617e+00	-1.906126e-03	1.145417e-01	1.135950e-01	-2.601829e-03	1.210423e-03	3.565376e-01	-2.436696e+00
9.14          	2.280269e-01	-1.519772e-03	-2.079991e+00	5.330817e-04	1.396493e+00	-1.963477e-03	1.145465e-01	1.134804e-01	-2.723363e-03	1.203591e-03	3.564973e-01	-2.436488e+00
9.15          	2.279356e-01	-1.628362e-03	-2.079846e+00	5.890108e-04	1.396389e+00	-2.010480e-03	1.145568e-01	1.133788e-01	-2.824661e-03	1.196299e-03	3.564660e-01	-2.436312e+00
9.16          	2.278326e-01	-1.677798e-03	-2.079713e+00	6.183216e-04	1.396287e+00	-2.029940e-03	1.145346e-01	1.132980e-01	-2.868839e-03	1.191041e-03	3.564302e-01	-2.436143e+00
9.17          	2.277244e-01	-1.680320e-03	-2.079579e+00	6.283599e-04	1.396180e+00	-2.028187e-03	1.144905e-01	1.132338e-01	-2.868346e-03	1.188027e-03	3.563907e-01	-2.435969e+00
9.18          	2.276120e-01	-1.642991e-03	-2.079440e+00	6.207422e-04	1.396065e+00	-2.008785e-03	1.144268e-01	1.131853e-01	-2.830281e-03	1.187290e-03	3.563452e-01	-2.435785e+00
9.19          	2.274974e-01	-1.585282e-03	-2.079294e+00	6.032873e-04	1.395943e+00	-1.979898e-03	1.143520e-01	1.131454e-01	-2.772539e-03	1.187257e-03	3.562958e-01	-2.435589e+00
9.2           	2.273819e-01	-1.528040e-03	-2.079145e+00	5.848793e-04	1.395818e+00	-1.954333e-03	1.142758e-01	1.131060e-01	-2.718353e-03	1.190313e-03	3.562457e-01	-2.435391e+00
9.21          	2.272648e-01	-1.487723e-03	-2.078998e+00	5.728749e-04	1.395700e+00	-1.937941e-03	1.142053e-01	1.130595e-01	-2.681803e-03	1.194080e-03	3.562010e-01	-2.435199e+00
9.22          	2.271521e-01	-1.474174e-03	-2.078860e+00	5.700578e-04	1.395597e+00	-1.936394e-03	1.141461e-01	1.130060e-01	-2.673482e-03	1.199307e-03	3.561675e-01	-2.435027e+00
9.23          	2.270430e-01	-1.487098e-03	-2.078727e+00	5.777679e-04	1.395507e+00	-1.947607e-03	1.140993e-01	1.129437e-01	-2.691156e-03	1.204058e-03	3.561437e-01	-2.434870e+00
9.24          	2.269391e-01	-1.518521e-03	-2.078602e+00	5.933451e-04	1.395430e+00	-1.967059e-03	1.140629e-01	1.128762e-01	-2.726320e-03	1.207798e-03	3.561292e-01	-2.434731e+00
9.25          	2.268322e-01	-1.556885e-03	-2.078484e+00	6.123519e-04	1.395363e+00	-1.990061e-03	1.140285e-01	1.128038e-01	-2.768504e-03	1.211619e-03	3.561207e-01	-2.434604e+00
9.26          	2.267315e-01	-1.590568e-03	-2.078381e+00	6.322952e-04	1.395305e+00	-2.008381e-03	1.139980e-01	1.127334e-01	-2.803665e-03	1.213097e-03	3.561145e-01	-2.434496e+00
9.27          	2.266209e-01	-1.611243e-03	-2.078279e+00	6.466790e-04	1.395252e+00	-2.023831e-03	1.139571e-01	1.126638e-01	-2.829452e-03	1.218209e-03	3.561120e-01	-2.434391e+00
9.28          	2.265083e-01	-1.618998e-03	-2.078173e+00	6.553824e-04	1.395196e+00	-2.032500e-03	1.139095e-01	1.125987e-01	-2.841999e-03	1.223001e-03	3.561097e-01	-2.434283e+00
9.29          	2.263919e-01	-1.615510e-03	-2.078058e+00	6.590555e-04	1.395138e+00	-2.033494e-03	1.138550e-01	1.125369e-01	-2.841249e-03	1.225739e-03	3.561093e-01	-2.434167e+00
9.3           	2.262819e-01	-1.596089e-03	-2.077941e+00	6.540607e-04	1.395084e+00	-2.026603e-03	1.137950e-01	1.124869e-01	-2.824648e-03	1.228559e-03	3.561137e-01	-2.434054e+00
9.31          	2.261697e-01	-1.581315e-03	-2.077823e+00	6.503450e-04	1.395031e+00	-2.021851e-03	1.137352e-01	1.124345e-01	-2.812509e-03	1.231194e-03	3.561201e-01	-2.433943e+00
9.32          	2.260799e-01	-1.601457e-03	-2.077718e+00	6.680304e-04	1.394996e+00	-2.027525e-03	1.137080e-01	1.123719e-01	-2.828253e-03	1.226796e-03	3.561370e-01	-2.433855e+00
9.33          	2.259607e-01	-1.586363e-03	-2.077610e+00	6.679269e-04	1.394946e+00	-2.023633e-03	1.136483e-01	1.123124e-01	-2.816814e-03	1.230451e-03	3.561412e-01	-2.433751e+00
9.34          	2.258356e-01	-1.581946e-03	-2.077493e+00	6.711084e-04	1.394894e+00	-2.026783e-03	1.135889e-01	1.122467e-01	-2.817756e-03	1.235810e-03	3.561469e-01	-2.433640e+00
9.35          	2.257068e-01	-1.585462e-03	-2.077373e+00	6.770783e-04	1.394843e+00	-2.034136e-03	1.135305e-01	1.121763e-01	-2.826867e-03	1.241405e-03	3.561567e-01	-2.433530e+00
9.36          	2.255812e-01	-1.597677e-03	-2.077257e+00	6.861344e-04	1.394801e+00	-2.043906e-03	1.134767e-01	1.121045e-01	-2.842745e-03	1.245067e-03	3.561731e-01	-2.433430e+00
9.37          	2.254569e-01	-1.610952e-03	-2.077148e+00	6.949779e-04	1.394770e+00	-2.054500e-03	1.134234e-01	1.120335e-01	-2.859976e-03	1.249024e-03	3.561962e-01	-2.433345e+00
9.38          	2.253376e-01	-1.621132e-03	-2.077048e+00	7.028618e-04	1.394749e+00	-2.061534e-03	1.133717e-01	1.119660e-01	-2.872100e-03	1.250968e-03	3.562253e-01	-2.433273e+00
9.39          	2.252217e-01	-1.627803e-03	-2.076953e+00	7.094151e-04	1.394737e+00	-2.065867e-03	1.133203e-01	1.119014e-01	-2.879769e-03	1.251965e-03	3.562606e-01	-2.433214e+00
9.4           	2.251281e-01	-1.611878e-03	-2.076874e+00	7.031681e-04	1.394746e+00	-2.061747e-03	1.132672e-01	1.118609e-01	-2.867686e-03	1.255809e-03	3.563092e-01	-2.433184e+00
9.41          	2.250222e-01	-1.615449e-03	-2.076802e+00	7.080871e-04	1.394755e+00	-2.062874e-03	1.132192e-01	1.118030e-01	-2.870599e-03	1.255150e-03	3.563540e-01	-2.433156e+00
9.42          	2.249106e-01	-1.620113e-03	-2.076725e+00	7.153660e-04	1.394762e+00	-2.064649e-03	1.131706e-01	1.117399e-01	-2.874706e-03	1.254593e-03	3.563990e-01	-2.433124e+00
9.43          	2.247936e-01	-1.623706e-03	-2.076642e+00	7.232208e-04	1.394767e+00	-2.067044e-03	1.131200e-01	1.116736e-01	-2.878897e-03	1.255190e-03	3.564463e-01	-2.433088e+00
9.44          	2.246864e-01	-1.636767e-03	-2.076555e+00	7.383442e-04	1.394780e+00	-2.072246e-03	1.130816e-01	1.116049e-01	-2.890630e-03	1.253863e-03	3.565025e-01	-2.433058e+00
9.45          	2.245681e-01	-1.633911e-03	-2.076467e+00	7.455487e-04	1.394791e+00	-2.072995e-03	1.130296e-01	1.115385e-01	-2.889950e-03	1.256039e-03	3.565577e-01	-2.433025e+00
9.46          	2.244500e-01	-1.629949e-03	-2.076379e+00	7.515673e-04	1.394807e+00	-2.073757e-03	1.129766e-01	1.114734e-01	-2.888732e-03	1.258783e-03	3.566171e-01	-2.432997e+00
9.47          	2.243296e-01	-1.626326e-03	-2.076291e+00	7.563222e-04	1.394828e+00	-2.073798e-03	1.129211e-01	1.114085e-01	-2.886961e-03	1.260635e-03	3.566829e-01	-2.432974e+00
9.48          	2.242114e-01	-1.624712e-03	-2.076207e+00	7.601958e-04	1.394858e+00	-2.073745e-03	1.128659e-01	1.113455e-01	-2.886101e-03	1.261389e-03	3.567551e-01	-2.432962e+00
9.49          	2.240958e-01	-1.624357e-03	-2.076129e+00	7.634750e-04	1.394900e+00	-2.073909e-03	1.128114e-01	1.112844e-01	-2.886088e-03	1.261730e-03	3.568352e-01	-2.432964e+00
9.5           	2.240048e-01	-1.606298e-03	-2.076076e+00	7.543477e-04	1.394966e+00	-2.067012e-03	1.127568e-01	1.112481e-01	-2.870161e-03	1.263863e-03	3.569283e-01	-2.433004e+00
9.51          	2.238955e-01	-1.618638e-03	-2.076030e+00	7.615304e-04	1.395030e+00	-2.068823e-03	1.127093e-01	1.111862e-01	-2.878142e-03	1.259504e-03	3.570153e-01	-2.433045e+00
9.52          	2.237837e-01	-1.629022e-03	-2.075984e+00	7.696938e-04	1.395097e+00	-2.069883e-03	1.126616e-01	1.111222e-01	-2.884394e-03	1.255372e-03	3.571053e-01	-2.433089e+00
9.53          	2.236692e-01	-1.634805e-03	-2.075933e+00	7.786250e-04	1.395164e+00	-2.068816e-03	1.126132e-01	1.110560e-01	-2.886218e-03	1.251413e-03	3.571973e-01	-2.433131e+00
9.54          	2.235604e-01	-1.641609e-03	-2.075883e+00	7.906724e-04	1.395236e+00	-2.069188e-03	1.125709e-01	1.109895e-01	-2.889993e-03	1.248384e-03	3.572944e-01	-2.433177e+00
9.55          	2.234493e-01	-1.637570e-03	-2.075837e+00	7.984213e-04	1.395312e+00	-2.065230e-03	1.125231e-01	1.109262e-01	-2.884015e-03	1.246444e-03	3.573933e-01	-2.433230e+00
9.56          	2.233355e-01	-1.629601e-03	-2.075791e+00	8.039946e-04	1.395391e+00	-2.061724e-03	1.124718e-01	1.108638e-01	-2.876524e-03	1.246923e-03	3.574960e-01	-2.433287e+00
9.57          	2.232271e-01	-1.615119e-03	-2.075747e+00	8.039854e-04	1.395480e+00	-2.055228e-03	1.124176e-01	1.108096e-01	-2.862788e-03	1.247669e-03	3.576069e-01	-2.433354e+00
9.58          	2.231163e-01	-1.611925e-03	-2.075707e+00	8.077117e-04	1.395576e+00	-2.051978e-03	1.123658e-01	1.107504e-01	-2.857940e-03	1.246015e-03	3.577227e-01	-2.433430e+00
9.59          	2.230051e-01	-1.613311e-03	-2.075667e+00	8.126227e-04	1.395677e+00	-2.049125e-03	1.123152e-01	1.106899e-01	-2.855781e-03	1.242470e-03	3.578435e-01	-2.433511e+00
9.6           	2.228958e-01	-1.614692e-03	-2.075631e+00	8.172070e-04	1.395784e+00	-2.044795e-03	1.122651e-01	1.106307e-01	-2.852140e-03	1.237449e-03	3.579689e-01	-2.433600e+00
9.61          	2.227869e-01	-1.615006e-03	-2.075599e+00	8.208057e-04	1.395899e+00	-2.039844e-03	1.122143e-01	1.105726e-01	-2.847347e-03	1.232341e-03	3.580994e-01	-2.433698e+00
9.62          	2.226791e-01	-1.615688e-03	-2.075573e+00	8.249371e-04	1.396019e+00	-2.035000e-03	1.121645e-01	1.105146e-01	-2.842844e-03	1.227156e-03	3.582329e-01	-2.433805e+00
9.63          	2.225714e-01	-1.615281e-03	-2.075551e+00	8.287426e-04	1.396145e+00	-2.028801e-03	1.121145e-01	1.104570e-01	-2.836442e-03	1.221161e-03	3.583700e-01	-2.433921e+00
9.64          	2.225019e-01	-1.659239e-03	-2.075548e+00	8.580642e-04	1.396302e+00	-2.039782e-03	1.121090e-01	1.103929e-01	-2.869402e-03	1.210163e-03	3.585284e-01	-2.434076e+00
9.65          	2.223970e-01	-1.629910e-03	-2.075558e+00	8.516271e-04	1.396450e+00	-2.025559e-03	1.120501e-01	1.103468e-01	-2.840514e-03	1.210604e-03	3.586708e-01	-2.434229e+00
9.66          	2.222869e-01	-1.601152e-03	-2.075562e+00	8.441398e-04	1.396594e+00	-2.012990e-03	1.119876e-01	1.102993e-01	-2.813566e-03	1.212414e-03	3.588132e-01	-2.434375e+00
9.67          	2.221777e-01	-1.576080e-03	-2.075571e+00	8.383321e-04	1.396744e+00	-1.999671e-03	1.119272e-01	1.102505e-01	-2.787711e-03	1.211630e-03	3.589581e-01	-2.434530e+00
9.68          	2.220646e-01	-1.565142e-03	-2.075575e+00	8.370295e-04	1.396898e+00	-1.991872e-03	1.118693e-01	1.101953e-01	-2.774443e-03	1.209301e-03	3.591103e-01	-2.434685e+00
9.69          	2.219498e-01	-1.563389e-03	-2.075570e+00	8.397334e-04	1.397052e+00	-1.985595e-03	1.118146e-01	1.101351e-01	-2.767289e-03	1.203900e-03	3.592670e-01	-2.434837e+00
9.7           	2.218422e-01	-1.567541e-03	-2.075574e+00	8.460385e-04	1.397215e+00	-1.980187e-03	1.117671e-01	1.100751e-01	-2.763958e-03	1.196417e-03	3.594285e-01	-2.435002e+00
9.71          	2.217351e-01	-1.571568e-03	-2.075582e+00	8.514884e-04	1.397387e+00	-1.976616e-03	1.117190e-01	1.100161e-01	-2.762400e-03	1.190832e-03	3.595954e-01	-2.435178e+00
9.72          	2.216351e-01	-1.576684e-03	-2.075598e+00	8.575579e-04	1.397568e+00	-1.973413e-03	1.116751e-01	1.099600e-01	-2.761755e-03	1.185071e-03	3.597689e-01	-2.435367e+00
9.73          	2.215359e-01	-1.574523e-03	-2.075622e+00	8.606414e-04	1.397757e+00	-1.966810e-03	1.116286e-01	1.099073e-01	-2.754072e-03	1.179549e-03	3.599454e-01	-2.435568e+00
9.74          	2.214440e-01	-1.563762e-03	-2.075656e+00	8.595957e-04	1.397953e+00	-1.955870e-03	1.115816e-01	1.098624e-01	-2.737751e-03	1.173989e-03	3.601254e-01	-2.435781e+00
9.75          	2.213849e-01	-1.602946e-03	-2.075703e+00	8.863237e-04	1.398174e+00	-1.963068e-03	1.115788e-01	1.098061e-01	-2.764541e-03	1.161595e-03	3.603224e-01	-2.436025e+00
9.76          	2.213002e-01	-1.562741e-03	-2.075770e+00	8.724475e-04	1.398390e+00	-1.941324e-03	1.115225e-01	1.097776e-01	-2.722694e-03	1.159953e-03	3.605046e-01	-2.436275e+00
9.77          	2.212022e-01	-1.531292e-03	-2.075833e+00	8.623391e-04	1.398599e+00	-1.921493e-03	1.114635e-01	1.097388e-01	-2.687138e-03	1.155847e-03	3.606829e-01	-2.436516e+00
9.78          	2.211031e-01	-1.508956e-03	-2.075897e+00	8.538749e-04	1.398810e+00	-1.906210e-03	1.114054e-01	1.096977e-01	-2.660688e-03	1.151732e-03	3.608611e-01	-2.436758e+00
9.79          	2.210051e-01	-1.497735e-03	-2.075961e+00	8.521662e-04	1.399019e+00	-1.889952e-03	1.113547e-01	1.096504e-01	-2.638819e-03	1.141085e-03	3.610381e-01	-2.436999e+00
9.8           	2.209027e-01	-1.492422e-03	-2.076019e+00	8.544401e-04	1.399228e+00	-1.881596e-03	1.113058e-01	1.095969e-01	-2.627807e-03	1.135385e-03	3.612189e-01	-2.437238e+00
9.81          	2.208003e-01	-1.491149e-03	-2.076074e+00	8.588072e-04	1.399442e+00	-1.875113e-03	1.112589e-01	1.095413e-01	-2.620687e-03	1.129538e-03	3.614053e-01	-2.437479e+00
9.82          	2.207062e-01	-1.490641e-03	-2.076134e+00	8.626817e-04	1.399667e+00	-1.869085e-03	1.112158e-01	1.094904e-01	-2.614405e-03	1.123764e-03	3.615999e-01	-2.437734e+00
9.83          	2.206162e-01	-1.491862e-03	-2.076202e+00	8.666697e-04	1.399900e+00	-1.863486e-03	1.111748e-01	1.094415e-01	-2.609417e-03	1.117555e-03	3.617993e-01	-2.438002e+00
9.84          	2.205339e-01	-1.490563e-03	-2.076282e+00	8.693294e-04	1.400143e+00	-1.856220e-03	1.111363e-01	1.093976e-01	-2.601501e-03	1.110938e-03	3.620020e-01	-2.438284e+00
9.85          	2.204557e-01	-1.483015e-03	-2.076381e+00	8.705984e-04	1.400400e+00	-1.843130e-03	1.110985e-01	1.093573e-01	-2.584637e-03	1.101622e-03	3.622093e-01	-2.438590e+00
9.86          	2.203860e-01	-1.467640e-03	-2.076487e+00	8.645194e-04	1.400655e+00	-1.829519e-03	1.110575e-01	1.093285e-01	-2.563339e-03	1.095700e-03	3.624118e-01	-2.438899e+00
9.87          	2.203135e-01	-1.458716e-03	-2.076604e+00	8.625732e-04	1.400914e+00	-1.816921e-03	1.110193e-01	1.092942e-01	-2.546279e-03	1.087563e-03	3.626124e-01	-2.439217e+00
9.88          	2.202403e-01	-1.448269e-03	-2.076728e+00	8.605748e-04	1.401177e+00	-1.803809e-03	1.109807e-01	1.092596e-01	-2.527943e-03	1.079674e-03	3.628125e-01	-2.439541e+00
9.89          	2.201679e-01	-1.442440e-03	-2.076854e+00	8.617973e-04	1.401441e+00	-1.792825e-03	1.109458e-01	1.092222e-01	-2.514045e-03	1.071605e-03	3.630145e-01	-2.439868e+00
9.9           	2.200974e-01	-1.427026e-03	-2.076986e+00	8.584454e-04	1.401711e+00	-1.779350e-03	1.109071e-01	1.091902e-01	-2.492862e-03	1.065837e-03	3.632182e-01	-2.440204e+00
9.91          	2.200212e-01	-1.418320e-03	-2.077121e+00	8.584992e-04	1.401983e+00	-1.767640e-03	1.108691e-01	1.091521e-01	-2.476799e-03	1.058480e-03	3.634228e-01	-2.440544e+00
9.92          	2.199452e-01	-1.410599e-03	-2.077256e+00	8.593134e-04	1.402256e+00	-1.756050e-03	1.108319e-01	1.091133e-01	-2.461350e-03	1.050751e-03	3.636286e-01	-2.440884e+00
9.93          	2.198802e-01	-1.399990e-03	-2.077404e+00	8.573506e-04	1.402534e+00	-1.747369e-03	1.107974e-01	1.090827e-01	-2.447364e-03	1.047374e-03	3.638315e-01	-2.441236e+00
9.94          	2.198075e-01	-1.397456e-03	-2.077553e+00	8.585268e-04	1.402813e+00	-1.732672e-03	1.107623e-01	1.090452e-01	-2.431400e-03	1.033944e-03	3.640366e-01	-2.441589e+00
9.95          	2.197332e-01	-1.393333e-03	-2.077703e+00	8.587120e-04	1.403096e+00	-1.717871e-03	1.107253e-01	1.090079e-01	-2.414537e-03	1.021205e-03	3.642440e-01	-2.441947e+00
9.96          	2.197010e-01	-1.341042e-03	-2.077868e+00	8.319909e-04	1.403405e+00	-1.687410e-03	1.106825e-01	1.090185e-01	-2.357931e-03	1.016889e-03	3.644709e-01	-2.442339e+00
9.97          	2.196388e-01	-1.364861e-03	-2.078048e+00	8.456201e-04	1.403704e+00	-1.684478e-03	1.106650e-01	1.089738e-01	-2.366909e-03	1.002047e-03	3.646795e-01	-2.442727e+00
9.98          	2.195708e-01	-1.374163e-03	-2.078222e+00	8.540679e-04	1.403995e+00	-1.678576e-03	1.106395e-01	1.089313e-01	-2.365657e-03	9.914943e-04	3.648837e-01	-2.443105e+00
9.99          	2.195002e-01	-1.374042e-03	-2.078387e+00	8.592128e-04	1.404279e+00	-1.671368e-03	1.106093e-01	1.088909e-01	-2.358389e-03	9.843472e-04	3.650855e-01	-2.443472e+00
10            	2.194365e-01	-1.359657e-03	-2.078550e+00	8.573131e-04	1.404564e+00	-1.659351e-03	1.105755e-01	1.088609e-01	-2.339179e-03	9.795224e-04	3.652890e-01	-2.443839e+00
10.01         	2.193735e-01	-1.342794e-03	-2.078714e+00	8.543735e-04	1.404848e+00	-1.644128e-03	1.105411e-01	1.088324e-01	-2.315525e-03	9.727309e-04	3.654914e-01	-2.444205e+00
10.02         	2.193201e-01	-1.326660e-03	-2.078885e+00	8.527420e-04	1.405139e+00	-1.628038e-03	1.105128e-01	1.088073e-01	-2.291368e-03	9.647079e-04	3.656965e-01	-2.444581e+00
10.03         	2.192653e-01	-1.306463e-03	-2.079062e+00	8.475639e-04	1.405432e+00	-1.610289e-03	1.104802e-01	1.087851e-01	-2.263521e-03	9.570576e-04	3.659014e-01	-2.444963e+00
10.04         	2.192143e-01	-1.290692e-03	-2.079245e+00	8.427630e-04	1.405730e+00	-1.592762e-03	1.104499e-01	1.087644e-01	-2.238108e-03	9.474165e-04	3.661078e-01	-2.445353e+00
10.05         	2.191650e-01	-1.280305e-03	-2.079434e+00	8.392812e-04	1.406032e+00	-1.576415e-03	1.104218e-01	1.087432e-01	-2.216568e-03	9.362622e-04	3.663153e-01	-2.445749e+00
10.06         	2.191200e-01	-1.275140e-03	-2.079628e+00	8.373742e-04	1.406338e+00	-1.561532e-03	1.103974e-01	1.087226e-01	-2.199102e-03	9.239622e-04	3.665239e-01	-2.446152e+00
10.07         	2.190820e-01	-1.271745e-03	-2.079826e+00	8.359480e-04	1.406648e+00	-1.547785e-03	1.103770e-01	1.087051e-01	-2.183658e-03	9.119128e-04	3.667349e-01	-2.446561e+00
10.08         	2.190441e-01	-1.269425e-03	-2.080035e+00	8.362759e-04	1.406965e+00	-1.531965e-03	1.103583e-01	1.086858e-01	-2.166678e-03	8.972531e-04	3.669479e-01	-2.446983e+00
10.09         	2.190048e-01	-1.265191e-03	-2.080239e+00	8.348136e-04	1.407275e+00	-1.518221e-03	1.103372e-01	1.086676e-01	-2.150817e-03	8.856257e-04	3.671558e-01	-2.447395e+00
10.1          	2.189649e-01	-1.260396e-03	-2.080440e+00	8.336273e-04	1.407579e+00	-1.505056e-03	1.103161e-01	1.086488e-01	-2.135253e-03	8.748578e-04	3.673588e-01	-2.447798e+00
10.11         	2.189230e-01	-1.253067e-03	-2.080634e+00	8.319454e-04	1.407877e+00	-1.491661e-03	1.102934e-01	1.086296e-01	-2.118195e-03	8.651277e-04	3.675596e-01	-2.448194e+00
10.12         	2.188848e-01	-1.244476e-03	-2.080825e+00	8.305158e-04	1.408173e+00	-1.477780e-03	1.102729e-01	1.086119e-01	-2.100017e-03	8.555418e-04	3.677607e-01	-2.448586e+00
10.13         	2.188486e-01	-1.232768e-03	-2.081015e+00	8.284435e-04	1.408468e+00	-1.462063e-03	1.102528e-01	1.085959e-01	-2.078447e-03	8.456791e-04	3.679608e-01	-2.448976e+00
10.14         	2.188147e-01	-1.217304e-03	-2.081206e+00	8.247668e-04	1.408765e+00	-1.446987e-03	1.102321e-01	1.085826e-01	-2.055639e-03	8.383353e-04	3.681621e-01	-2.449368e+00
10.15         	2.188444e-01	-1.173107e-03	-2.081418e+00	8.117418e-04	1.409075e+00	-1.461021e-03	1.102340e-01	1.086105e-01	-2.047574e-03	8.744674e-04	3.683663e-01	-2.449784e+00
10.16         	2.187968e-01	-1.177220e-03	-2.081621e+00	8.105993e-04	1.409374e+00	-1.435942e-03	1.102090e-01	1.085878e-01	-2.024552e-03	8.473324e-04	3.685635e-01	-2.450184e+00
10.17         	2.187486e-01	-1.181749e-03	-2.081827e+00	8.058244e-04	1.409679e+00	-1.405186e-03	1.101801e-01	1.085685e-01	-1.996061e-03	8.143117e-04	3.687661e-01	-2.450593e+00
10.18         	2.186943e-01	-1.196696e-03	-2.082027e+00	8.081975e-04	1.409979e+00	-1.375205e-03	1.101553e-01	1.085389e-01	-1.973553e-03	7.768572e-04	3.689661e-01	-2.450993e+00
10.19         	2.186466e-01	-1.205832e-03	-2.082216e+00	8.114836e-04	1.410277e+00	-1.349604e-03	1.101348e-01	1.085118e-01	-1.952520e-03	7.466880e-04	3.691687e-01	-2.451385e+00
10.2          	2.186069e-01	-1.202804e-03	-2.082398e+00	8.130599e-04	1.410567e+00	-1.331393e-03	1.101165e-01	1.084904e-01	-1.932795e-03	7.299910e-04	3.693679e-01	-2.451766e+00
10.21         	2.185886e-01	-1.186765e-03	-2.082575e+00	8.120175e-04	1.410862e+00	-1.319472e-03	1.101063e-01	1.084823e-01	-1.912855e-03	7.260900e-04	3.695746e-01	-2.452150e+00
10.22         	2.185824e-01	-1.163256e-03	-2.082753e+00	8.092023e-04	1.411158e+00	-1.312561e-03	1.101004e-01	1.084820e-01	-1.894189e-03	7.309335e-04	3.697815e-01	-2.452534e+00
10.23         	2.185834e-01	-1.139839e-03	-2.082935e+00	8.074287e-04	1.411457e+00	-1.306706e-03	1.100991e-01	1.084843e-01	-1.876626e-03	7.367865e-04	3.699897e-01	-2.452925e+00
10.24         	2.185809e-01	-1.115532e-03	-2.083124e+00	8.024842e-04	1.411753e+00	-1.298165e-03	1.100929e-01	1.084880e-01	-1.855931e-03	7.403992e-04	3.701915e-01	-2.453315e+00
10.25         	2.185717e-01	-1.098734e-03	-2.083316e+00	7.981269e-04	1.412047e+00	-1.286893e-03	1.100840e-01	1.084877e-01	-1.836260e-03	7.375254e-04	3.703885e-01	-2.453705e+00
10.26         	2.185555e-01	-1.087297e-03	-2.083513e+00	7.932349e-04	1.412337e+00	-1.269577e-03	1.100710e-01	1.084845e-01	-1.813225e-03	7.259285e-04	3.705808e-01	-2.454094e+00
10.27         	2.185324e-01	-1.082754e-03	-2.083709e+00	7.895581e-04	1.412625e+00	-1.249527e-03	1.100557e-01	1.084766e-01	-1.790904e-03	7.081497e-04	3.707707e-01	-2.454480e+00
10.28         	2.185163e-01	-1.076322e-03	-2.083907e+00	7.821603e-04	1.412916e+00	-1.226697e-03	1.100403e-01	1.084760e-01	-1.764857e-03	6.885355e-04	3.709624e-01	-2.454869e+00
10.29         	2.184938e-01	-1.078429e-03	-2.084099e+00	7.796947e-04	1.413200e+00	-1.208493e-03	1.100266e-01	1.084672e-01	-1.747707e-03	6.692784e-04	3.711504e-01	-2.455249e+00
10.3          	2.184746e-01	-1.078636e-03	-2.084282e+00	7.776496e-04	1.413480e+00	-1.191545e-03	1.100150e-01	1.084597e-01	-1.730863e-03	6.522267e-04	3.713389e-01	-2.455621e+00
10.31         	2.184595e-01	-1.075879e-03	-2.084457e+00	7.754152e-04	1.413757e+00	-1.177315e-03	1.100052e-01	1.084543e-01	-1.715254e-03	6.393758e-04	3.715287e-01	-2.455985e+00
10.32         	2.184659e-01	-1.081293e-03	-2.084634e+00	7.817189e-04	1.414043e+00	-1.168393e-03	1.100147e-01	1.084512e-01	-1.709040e-03	6.277467e-04	3.717264e-01	-2.456360e+00
10.33         	2.184639e-01	-1.065930e-03	-2.084805e+00	7.774478e-04	1.414317e+00	-1.156101e-03	1.100094e-01	1.084545e-01	-1.689066e-03	6.231358e-04	3.719150e-01	-2.456720e+00
10.34         	2.184618e-01	-1.049101e-03	-2.084972e+00	7.718916e-04	1.414586e+00	-1.144655e-03	1.100028e-01	1.084590e-01	-1.669205e-03	6.201041e-04	3.721002e-01	-2.457072e+00
10.35         	2.184568e-01	-1.033690e-03	-2.085136e+00	7.661907e-04	1.414848e+00	-1.134262e-03	1.099946e-01	1.084622e-01	-1.651107e-03	6.174169e-04	3.722798e-01	-2.457416e+00
10.36         	2.184614e-01	-1.009612e-03	-2.085305e+00	7.549996e-04	1.415115e+00	-1.118226e-03	1.099857e-01	1.084757e-01	-1.623032e-03	6.134197e-04	3.724625e-01	-2.457768e+00
10.37         	2.184570e-01	-9.999897e-04	-2.085474e+00	7.510363e-04	1.415377e+00	-1.104361e-03	1.099795e-01	1.084774e-01	-1.604356e-03	6.043665e-04	3.726402e-01	-2.458114e+00
10.38         	2.184521e-01	-9.944883e-04	-2.085638e+00	7.488659e-04	1.415636e+00	-1.090400e-03	1.099749e-01	1.084772e-01	-1.587644e-03	5.931556e-04	3.728167e-01	-2.458455e+00
10.39         	2.184463e-01	-9.901320e-04	-2.085793e+00	7.474534e-04	1.415890e+00	-1.076242e-03	1.099706e-01	1.084757e-01	-1.571308e-03	5.811756e-04	3.729934e-01	-2.458787e+00
10.4          	2.184447e-01	-9.846531e-04	-2.085944e+00	7.460946e-04	1.416144e+00	-1.061291e-03	1.099685e-01	1.084763e-01	-1.553617e-03	5.689644e-04	3.731720e-01	-2.459117e+00
10.41         	2.184463e-01	-9.800866e-04	-2.086087e+00	7.453241e-04	1.416392e+00	-1.048630e-03	1.099685e-01	1.084778e-01	-1.538673e-03	5.585869e-04	3.733486e-01	-2.459436e+00
10.42         	2.184506e-01	-9.728935e-04	-2.086228e+00	7.433356e-04	1.416636e+00	-1.037456e-03	1.099687e-01	1.084820e-01	-1.523903e-03	5.510094e-04	3.735214e-01	-2.459750e+00
10.43         	2.184562e-01	-9.648925e-04	-2.086368e+00	7.404231e-04	1.416874e+00	-1.028033e-03	1.099685e-01	1.084877e-01	-1.510479e-03	5.455866e-04	3.736902e-01	-2.460058e+00
10.44         	2.184727e-01	-9.556035e-04	-2.086520e+00	7.407375e-04	1.417128e+00	-1.010815e-03	1.099771e-01	1.084956e-01	-1.488617e-03	5.330131e-04	3.738675e-01	-2.460388e+00
10.45         	2.184789e-01	-9.451585e-04	-2.086664e+00	7.368326e-04	1.417364e+00	-1.000467e-03	1.099763e-01	1.085026e-01	-1.473046e-03	5.278875e-04	3.740315e-01	-2.460696e+00
10.46         	2.184886e-01	-9.353215e-04	-2.086810e+00	7.308469e-04	1.417593e+00	-9.924632e-04	1.099751e-01	1.085135e-01	-1.460124e-03	5.248024e-04	3.741883e-01	-2.460998e+00
10.47         	2.185079e-01	-9.102446e-04	-2.086954e+00	7.138091e-04	1.417826e+00	-9.739094e-04	1.099678e-01	1.085402e-01	-1.429032e-03	5.187871e-04	3.743488e-01	-2.461303e+00
10.48         	2.185123e-01	-9.160037e-04	-2.087092e+00	7.126708e-04	1.418045e+00	-9.658204e-04	1.099688e-01	1.085435e-01	-1.423822e-03	5.078186e-04	3.744996e-01	-2.461591e+00
10.49         	2.185202e-01	-9.229889e-04	-2.087218e+00	7.147332e-04	1.418261e+00	-9.589096e-04	1.099748e-01	1.085454e-01	-1.420404e-03	4.974152e-04	3.746520e-01	-2.461870e+00
10.5          	2.185209e-01	-9.207429e-04	-2.087335e+00	7.132534e-04	1.418466e+00	-9.495290e-04	1.099737e-01	1.085472e-01	-1.409901e-03	4.891576e-04	3.747984e-01	-2.462133e+00
10.51         	2.185193e-01	-9.156441e-04	-2.087443e+00	7.104359e-04	1.418663e+00	-9.409443e-04	1.099701e-01	1.085492e-01	-1.398766e-03	4.831222e-04	3.749414e-01	-2.462384e+00
10.52         	2.185209e-01	-9.072597e-04	-2.087551e+00	7.056253e-04	1.418857e+00	-9.308392e-04	1.099661e-01	1.085548e-01	-1.384469e-03	4.772093e-04	3.750811e-01	-2.462632e+00
10.53         	2.185266e-01	-8.979208e-04	-2.087666e+00	7.005496e-04	1.419049e+00	-9.203205e-04	1.099639e-01	1.085628e-01	-1.369281e-03	4.713601e-04	3.752157e-01	-2.462882e+00
10.54         	2.185361e-01	-8.871237e-04	-2.087791e+00	6.946769e-04	1.419242e+00	-9.096419e-04	1.099627e-01	1.085734e-01	-1.353204e-03	4.660801e-04	3.753469e-01	-2.463137e+00
10.55         	2.185479e-01	-8.779909e-04	-2.087919e+00	6.892283e-04	1.419436e+00	-8.984518e-04	1.099632e-01	1.085847e-01	-1.337447e-03	4.594564e-04	3.754758e-01	-2.463395e+00
10.56         	2.185667e-01	-8.674399e-04	-2.088060e+00	6.867567e-04	1.419641e+00	-8.810110e-04	1.099701e-01	1.085966e-01	-1.314731e-03	4.472910e-04	3.756108e-01	-2.463670e+00
10.57         	2.185899e-01	-8.624154e-04	-2.088194e+00	6.816861e-04	1.419831e+00	-8.711472e-04	1.099767e-01	1.086133e-01	-1.302355e-03	4.399395e-04	3.757343e-01	-2.463929e+00
10.58         	2.186100e-01	-8.597690e-04	-2.088320e+00	6.762230e-04	1.420015e+00	-8.643945e-04	1.099812e-01	1.086288e-01	-1.294279e-03	4.345100e-04	3.758550e-01	-2.464175e+00
10.59         	2.186314e-01	-8.610610e-04	-2.088438e+00	6.725910e-04	1.420192e+00	-8.588528e-04	1.099883e-01	1.086431e-01	-1.289383e-03	4.283223e-04	3.759732e-01	-2.464411e+00
10.6          	2.186524e-01	-8.598876e-04	-2.088553e+00	6.670949e-04	1.420365e+00	-8.526380e-04	1.099933e-01	1.086591e-01	-1.282582e-03	4.226942e-04	3.760888e-01	-2.464642e+00
10.61         	2.186705e-01	-8.559119e-04	-2.088663e+00	6.603683e-04	1.420532e+00	-8.451286e-04	1.099956e-01	1.086749e-01	-1.273085e-03	4.171726e-04	3.762001e-01	-2.464864e+00
10.62         	2.186887e-01	-8.504472e-04	-2.088772e+00	6.532172e-04	1.420693e+00	-8.368576e-04	1.099975e-01	1.086911e-01	-1.262081e-03	4.116340e-04	3.763074e-01	-2.465079e+00
10.63         	2.187060e-01	-8.458587e-04	-2.088885e+00	6.461936e-04	1.420856e+00	-8.296512e-04	1.099992e-01	1.087068e-01	-1.252581e-03	4.067219e-04	3.764136e-01	-2.465298e+00
10.64         	2.187749e-01	-8.049013e-04	-2.089023e+00	6.212158e-04	1.421034e+00	-8.255127e-04	1.100086e-01	1.087662e-01	-1.227963e-03	4.230620e-04	3.765225e-01	-2.465546e+00
10.65         	2.187911e-01	-7.947448e-04	-2.089145e+00	6.168596e-04	1.421175e+00	-7.803351e-04	1.100124e-01	1.087787e-01	-1.177708e-03	3.829627e-04	3.766021e-01	-2.465748e+00
10.66         	2.187922e-01	-8.146798e-04	-2.089276e+00	6.206292e-04	1.421325e+00	-7.761892e-04	1.100167e-01	1.087755e-01	-1.183529e-03	3.688493e-04	3.766868e-01	-2.465962e+00
10.67         	2.188110e-01	-8.554608e-04	-2.089405e+00	6.385619e-04	1.421484e+00	-7.835535e-04	1.100440e-01	1.087669e-01	-1.211284e-03	3.558230e-04	3.767814e-01	-2.466187e+00
10.68         	2.188118e-01	-8.554532e-04	-2.089523e+00	6.371502e-04	1.421628e+00	-7.829978e-04	1.100430e-01	1.087687e-01	-1.210724e-03	3.552712e-04	3.768664e-01	-2.466390e+00
10.69         	2.188144e-01	-8.478896e-04	-2.089624e+00	6.321887e-04	1.421762e+00	-7.841676e-04	1.100394e-01	1.087750e-01	-1.208112e-03	3.602228e-04	3.769505e-01	-2.466574e+00
10.7          	2.188255e-01	-8.350075e-04	-2.089716e+00	6.242454e-04	1.421891e+00	-7.846162e-04	1.100370e-01	1.087885e-01	-1.202120e-03	3.671125e-04	3.770331e-01	-2.466749e+00
10.71         	2.188489e-01	-8.157507e-04	-2.089814e+00	6.122525e-04	1.422025e+00	-7.801795e-04	1.100367e-01	1.088122e-01	-1.188055e-03	3.723041e-04	3.771185e-01	-2.466932e+00
10.72         	2.188766e-01	-8.040605e-04	-2.089918e+00	6.030578e-04	1.422156e+00	-7.758500e-04	1.100414e-01	1.088352e-01	-1.177880e-03	3.738198e-04	3.771973e-01	-2.467115e+00
10.73         	2.189035e-01	-7.967767e-04	-2.090027e+00	5.949007e-04	1.422285e+00	-7.681556e-04	1.100466e-01	1.088568e-01	-1.166544e-03	3.697673e-04	3.772716e-01	-2.467298e+00
10.74         	2.189309e-01	-7.966725e-04	-2.090138e+00	5.883669e-04	1.422406e+00	-7.621928e-04	1.100538e-01	1.088771e-01	-1.160529e-03	3.638565e-04	3.773365e-01	-2.467475e+00
10.75         	2.189888e-01	-8.287649e-04	-2.090271e+00	6.024220e-04	1.422551e+00	-7.610013e-04	1.100968e-01	1.088920e-01	-1.175384e-03	3.466188e-04	3.774151e-01	-2.467686e+00
10.76         	2.190110e-01	-8.121000e-04	-2.090412e+00	5.925627e-04	1.422677e+00	-7.434814e-04	1.100980e-01	1.089129e-01	-1.149531e-03	3.374314e-04	3.774712e-01	-2.467884e+00
10.77         	2.190211e-01	-7.994448e-04	-2.090538e+00	5.843921e-04	1.422790e+00	-7.298885e-04	1.100950e-01	1.089262e-01	-1.129611e-03	3.301661e-04	3.775208e-01	-2.468058e+00
10.78         	2.190265e-01	-7.923038e-04	-2.090645e+00	5.784214e-04	1.422889e+00	-7.216548e-04	1.100917e-01	1.089348e-01	-1.117807e-03	3.255029e-04	3.775671e-01	-2.468212e+00
10.79         	2.190329e-01	-7.941389e-04	-2.090736e+00	5.766511e-04	1.422982e+00	-7.186163e-04	1.100931e-01	1.089398e-01	-1.115686e-03	3.215469e-04	3.776143e-01	-2.468351e+00
10.8          	2.190425e-01	-7.952274e-04	-2.090823e+00	5.735295e-04	1.423075e+00	-7.191823e-04	1.100948e-01	1.089477e-01	-1.116796e-03	3.215686e-04	3.776642e-01	-2.468487e+00
10.81         	2.190535e-01	-7.981538e-04	-2.090905e+00	5.716821e-04	1.423165e+00	-7.216403e-04	1.100984e-01	1.089551e-01	-1.120717e-03	3.225634e-04	3.777127e-01	-2.468617e+00
10.82         	2.190698e-01	-8.002633e-04	-2.090989e+00	5.694763e-04	1.423256e+00	-7.238519e-04	1.101044e-01	1.089654e-01	-1.123984e-03	3.237202e-04	3.777615e-01	-2.468751e+00
10.83         	2.190900e-01	-7.994236e-04	-2.091079e+00	5.655824e-04	1.423348e+00	-7.237919e-04	1.101106e-01	1.089794e-01	-1.123504e-03	3.240801e-04	3.778091e-01	-2.468888e+00
10.84         	2.191126e-01	-7.987035e-04	-2.091178e+00	5.620300e-04	1.423445e+00	-7.240027e-04	1.101183e-01	1.089943e-01	-1.123354e-03	3.246510e-04	3.778562e-01	-2.469034e+00
10.85         	2.191339e-01	-7.948962e-04	-2.091281e+00	5.581586e-04	1.423540e+00	-7.209170e-04	1.101251e-01	1.090088e-01	-1.118365e-03	3.234690e-04	3.779001e-01	-2.469181e+00
10.86         	2.191641e-01	-8.009171e-04	-2.091386e+00	5.608422e-04	1.423638e+00	-7.202136e-04	1.101429e-01	1.090212e-01	-1.120672e-03	3.197551e-04	3.779448e-01	-2.469331e+00
10.87         	2.191863e-01	-7.946725e-04	-2.091490e+00	5.566869e-04	1.423728e+00	-7.157465e-04	1.101498e-01	1.090365e-01	-1.113083e-03	3.184103e-04	3.779828e-01	-2.469472e+00
10.88         	2.192048e-01	-7.885411e-04	-2.091586e+00	5.520576e-04	1.423810e+00	-7.101183e-04	1.101544e-01	1.090503e-01	-1.104389e-03	3.158478e-04	3.780172e-01	-2.469603e+00
10.89         	2.192195e-01	-7.859186e-04	-2.091672e+00	5.476970e-04	1.423885e+00	-7.073439e-04	1.101574e-01	1.090620e-01	-1.100303e-03	3.143846e-04	3.780491e-01	-2.469721e+00
10.9          	2.192359e-01	-7.841174e-04	-2.091748e+00	5.430418e-04	1.423953e+00	-7.053791e-04	1.101610e-01	1.090749e-01	-1.097438e-03	3.133204e-04	3.780789e-01	-2.469827e+00
10.91         	2.192498e-01	-7.866016e-04	-2.091818e+00	5.402535e-04	1.424015e+00	-7.051036e-04	1.101652e-01	1.090847e-01	-1.098404e-03	3.118029e-04	3.781062e-01	-2.469924e+00
10.92         	2.192657e-01	-7.909485e-04	-2.091886e+00	5.385745e-04	1.424075e+00	-7.062713e-04	1.101714e-01	1.090943e-01	-1.101746e-03	3.107970e-04	3.781324e-01	-2.470018e+00
10.93         	2.192850e-01	-7.956069e-04	-2.091955e+00	5.382589e-04	1.424137e+00	-7.072611e-04	1.101808e-01	1.091043e-01	-1.105065e-03	3.094576e-04	3.781602e-01	-2.470115e+00
10.94         	2.193262e-01	-7.819072e-04	-2.092033e+00	5.306310e-04	1.424205e+00	-7.200939e-04	1.101937e-01	1.091324e-01	-1.111047e-03	3.291403e-04	3.781888e-01	-2.470221e+00
10.95         	2.193550e-01	-7.987583e-04	-2.092113e+00	5.371050e-04	1.424276e+00	-7.221224e-04	1.102146e-01	1.091404e-01	-1.121502e-03	3.227432e-04	3.782197e-01	-2.470332e+00
10.96         	2.193708e-01	-8.018510e-04	-2.092193e+00	5.357194e-04	1.424342e+00	-7.170836e-04	1.102211e-01	1.091497e-01	-1.118009e-03	3.161581e-04	3.782450e-01	-2.470438e+00
10.97         	2.193807e-01	-8.041183e-04	-2.092267e+00	5.335204e-04	1.424401e+00	-7.126710e-04	1.102239e-01	1.091569e-01	-1.114730e-03	3.106118e-04	3.782677e-01	-2.470535e+00
10.98         	2.193971e-01	-8.037527e-04	-2.092337e+00	5.296003e-04	1.424459e+00	-7.060727e-04	1.102281e-01	1.091689e-01	-1.107949e-03	3.041963e-04	3.782909e-01	-2.470628e+00
10.99         	2.194084e-01	-8.025182e-04	-2.092401e+00	5.251793e-04	1.424514e+00	-7.057252e-04	1.102294e-01	1.091790e-01	-1.106984e-03	3.044661e-04	3.783133e-01	-2.470715e+00
11            	2.194202e-01	-8.020621e-04	-2.092462e+00	5.225046e-04	1.424562e+00	-7.071517e-04	1.102326e-01	1.091876e-01	-1.108183e-03	3.061206e-04	3.783310e-01	-2.470793e+00
11.01         	2.194541e-01	-8.199795e-04	-2.092536e+00	5.333649e-04	1.424622e+00	-7.168313e-04	1.102604e-01	1.091937e-01	-1.126821e-03	3.068416e-04	3.783543e-01	-2.470890e+00
11.02         	2.194713e-01	-8.086916e-04	-2.092608e+00	5.288847e-04	1.424668e+00	-7.192138e-04	1.102645e-01	1.092068e-01	-1.123560e-03	3.148680e-04	3.783642e-01	-2.470973e+00
11.03         	2.194843e-01	-8.020646e-04	-2.092674e+00	5.245888e-04	1.424711e+00	-7.230555e-04	1.102667e-01	1.092176e-01	-1.124088e-03	3.220232e-04	3.783742e-01	-2.471048e+00
11.04         	2.194955e-01	-7.991888e-04	-2.092730e+00	5.216001e-04	1.424746e+00	-7.256414e-04	1.102694e-01	1.092262e-01	-1.125236e-03	3.260470e-04	3.783806e-01	-2.471111e+00
11.05         	2.195087e-01	-8.046145e-04	-2.092782e+00	5.217331e-04	1.424779e+00	-7.301358e-04	1.102761e-01	1.092326e-01	-1.132443e-03	3.278286e-04	3.783885e-01	-2.471170e+00
11.06         	2.195252e-01	-8.048200e-04	-2.092840e+00	5.192585e-04	1.424815e+00	-7.302033e-04	1.102819e-01	1.092434e-01	-1.132613e-03	3.277933e-04	3.783946e-01	-2.471235e+00
11.07         	2.195431e-01	-8.019965e-04	-2.092895e+00	5.134536e-04	1.424851e+00	-7.292836e-04	1.102850e-01	1.092581e-01	-1.130282e-03	3.282854e-04	3.784029e-01	-2.471298e+00
11.08         	2.195584e-01	-8.060206e-04	-2.092948e+00	5.106995e-04	1.424884e+00	-7.297584e-04	1.102899e-01	1.092685e-01	-1.132769e-03	3.267481e-04	3.784094e-01	-2.471358e+00
11.09         	2.195721e-01	-8.101236e-04	-2.092995e+00	5.083506e-04	1.424913e+00	-7.306857e-04	1.102944e-01	1.092777e-01	-1.135748e-03	3.256239e-04	3.784153e-01	-2.471410e+00
11.1          	2.195889e-01	-8.145141e-04	-2.093040e+00	5.066021e-04	1.424942e+00	-7.335277e-04	1.103010e-01	1.092878e-01	-1.140785e-03	3.262707e-04	3.784221e-01	-2.471462e+00
11.11         	2.196049e-01	-8.194499e-04	-2.093075e+00	5.064672e-04	1.424966e+00	-7.365474e-04	1.103089e-01	1.092960e-01	-1.146272e-03	3.268224e-04	3.784288e-01	-2.471504e+00
11.12         	2.196286e-01	-8.245330e-04	-2.093117e+00	5.049905e-04	1.424991e+00	-7.405902e-04	1.103193e-01	1.093093e-01	-1.152857e-03	3.283236e-04	3.784326e-01	-2.471550e+00
11.13         	2.196540e-01	-8.277968e-04	-2.093153e+00	5.037654e-04	1.425015e+00	-7.445860e-04	1.103308e-01	1.093232e-01	-1.158484e-03	3.306876e-04	3.784383e-01	-2.471592e+00
11.14         	2.196815e-01	-8.369620e-04	-2.093191e+00	5.081446e-04	1.425042e+00	-7.508746e-04	1.103489e-01	1.093326e-01	-1.169356e-03	3.323936e-04	3.784467e-01	-2.471638e+00
11.15         	2.196987e-01	-8.359556e-04	-2.093226e+00	5.084897e-04	1.425063e+00	-7.531742e-04	1.103578e-01	1.093408e-01	-1.171152e-03	3.351964e-04	3.784505e-01	-2.471676e+00
11.16         	2.197124e-01	-8.341635e-04	-2.093258e+00	5.084209e-04	1.425081e+00	-7.552495e-04	1.103646e-01	1.093478e-01	-1.172331e-03	3.381677e-04	3.784516e-01	-2.471709e+00
11.17         	2.197272e-01	-8.264121e-04	-2.093291e+00	5.043402e-04	1.425098e+00	-7.545041e-04	1.103679e-01	1.093592e-01	-1.167710e-03	3.412980e-04	3.784526e-01	-2.471743e+00
11.18         	2.197383e-01	-8.262103e-04	-2.093328e+00	5.037444e-04	1.425115e+00	-7.550557e-04	1.103729e-01	1.093654e-01	-1.168161e-03	3.419505e-04	3.784507e-01	-2.471779e+00
11.19         	2.197469e-01	-8.298247e-04	-2.093365e+00	5.037248e-04	1.425130e+00	-7.579901e-04	1.103772e-01	1.093697e-01	-1.172902e-03	3.430778e-04	3.784469e-01	-2.471812e+00
11.2          	2.197576e-01	-8.339618e-04	-2.093401e+00	5.039122e-04	1.425141e+00	-7.601159e-04	1.103827e-01	1.093749e-01	-1.177097e-03	3.431350e-04	3.784402e-01	-2.471841e+00
11.21         	2.197719e-01	-8.371332e-04	-2.093434e+00	5.046294e-04	1.425153e+00	-7.634997e-04	1.103906e-01	1.093813e-01	-1.182066e-03	3.449331e-04	3.784357e-01	-2.471870e+00
11.22         	2.197917e-01	-8.301944e-04	-2.093472e+00	4.999866e-04	1.425166e+00	-7.649339e-04	1.103959e-01	1.093959e-01	-1.180031e-03	3.498367e-04	3.784297e-01	-2.471902e+00
11.23         	2.198086e-01	-8.336748e-04	-2.093514e+00	4.996492e-04	1.425179e+00	-7.710212e-04	1.104039e-01	1.094047e-01	-1.187859e-03	3.541837e-04	3.784224e-01	-2.471936e+00
11.24         	2.198286e-01	-8.409746e-04	-2.093555e+00	5.024229e-04	1.425189e+00	-7.752106e-04	1.104167e-01	1.094119e-01	-1.195698e-03	3.547233e-04	3.784119e-01	-2.471967e+00
11.25         	2.198447e-01	-8.449212e-04	-2.093593e+00	5.037947e-04	1.425194e+00	-7.781369e-04	1.104261e-01	1.094186e-01	-1.200598e-03	3.556763e-04	3.783974e-01	-2.471990e+00
11.26         	2.198612e-01	-8.482993e-04	-2.093627e+00	5.052421e-04	1.425194e+00	-7.807838e-04	1.104358e-01	1.094254e-01	-1.204933e-03	3.566341e-04	3.783800e-01	-2.472007e+00
11.27         	2.198917e-01	-8.351741e-04	-2.093668e+00	4.957607e-04	1.425204e+00	-7.765349e-04	1.104416e-01	1.094501e-01	-1.194122e-03	3.589479e-04	3.783702e-01	-2.472038e+00
11.28         	2.199133e-01	-8.437945e-04	-2.093717e+00	4.985634e-04	1.425211e+00	-7.800184e-04	1.104552e-01	1.094581e-01	-1.201916e-03	3.581212e-04	3.783523e-01	-2.472069e+00
11.29         	2.199289e-01	-8.515914e-04	-2.093757e+00	5.016272e-04	1.425212e+00	-7.847693e-04	1.104661e-01	1.094628e-01	-1.210565e-03	3.589736e-04	3.783337e-01	-2.472091e+00
11.3          	2.199426e-01	-8.573039e-04	-2.093796e+00	5.024876e-04	1.425217e+00	-7.910434e-04	1.104738e-01	1.094688e-01	-1.219695e-03	3.623914e-04	3.783187e-01	-2.472115e+00
11.31         	2.199526e-01	-8.591633e-04	-2.093827e+00	5.023229e-04	1.425215e+00	-7.942899e-04	1.104786e-01	1.094740e-01	-1.223872e-03	3.647082e-04	3.783010e-01	-2.472128e+00
11.32         	2.199691e-01	-8.553485e-04	-2.093857e+00	4.993386e-04	1.425213e+00	-7.945170e-04	1.104839e-01	1.094852e-01	-1.222191e-03	3.668428e-04	3.782842e-01	-2.472141e+00
11.33         	2.199823e-01	-8.543065e-04	-2.093887e+00	4.981022e-04	1.425208e+00	-7.958375e-04	1.104892e-01	1.094930e-01	-1.222991e-03	3.686843e-04	3.782640e-01	-2.472151e+00
11.34         	2.199975e-01	-8.542225e-04	-2.093921e+00	4.975471e-04	1.425202e+00	-7.984364e-04	1.104963e-01	1.095012e-01	-1.225548e-03	3.713251e-04	3.782415e-01	-2.472163e+00
11.35         	2.200127e-01	-8.550094e-04	-2.093959e+00	4.975292e-04	1.425197e+00	-8.009197e-04	1.105039e-01	1.095088e-01	-1.228424e-03	3.734150e-04	3.782172e-01	-2.472176e+00
11.36         	2.200305e-01	-8.570973e-04	-2.094004e+00	4.980485e-04	1.425193e+00	-8.040870e-04	1.105133e-01	1.095172e-01	-1.232636e-03	3.755384e-04	3.781909e-01	-2.472194e+00
11.37         	2.200761e-01	-8.839388e-04	-2.094068e+00	5.149242e-04	1.425208e+00	-8.150332e-04	1.105530e-01	1.095231e-01	-1.257003e-03	3.730638e-04	3.781736e-01	-2.472241e+00
11.38         	2.201099e-01	-8.576892e-04	-2.094140e+00	5.026463e-04	1.425218e+00	-8.090518e-04	1.105576e-01	1.095523e-01	-1.237896e-03	3.802072e-04	3.781476e-01	-2.472288e+00
11.39         	2.201272e-01	-8.563390e-04	-2.094204e+00	5.014280e-04	1.425216e+00	-8.113846e-04	1.105650e-01	1.095622e-01	-1.239554e-03	3.832151e-04	3.781137e-01	-2.472318e+00
11.4          	2.201375e-01	-8.591377e-04	-2.094254e+00	5.009463e-04	1.425203e+00	-8.154550e-04	1.105697e-01	1.095678e-01	-1.245024e-03	3.858861e-04	3.780762e-01	-2.472330e+00
11.41         	2.201465e-01	-8.611783e-04	-2.094291e+00	4.992508e-04	1.425185e+00	-8.193675e-04	1.105725e-01	1.095740e-01	-1.249957e-03	3.887784e-04	3.780393e-01	-2.472330e+00
11.42         	2.201553e-01	-8.674708e-04	-2.094322e+00	4.996811e-04	1.425162e+00	-8.244306e-04	1.105773e-01	1.095780e-01	-1.258166e-03	3.906952e-04	3.780009e-01	-2.472323e+00
11.43         	2.201653e-01	-8.728637e-04	-2.094352e+00	5.006082e-04	1.425139e+00	-8.281713e-04	1.105832e-01	1.095820e-01	-1.264603e-03	3.917394e-04	3.779628e-01	-2.472315e+00
11.44         	2.201803e-01	-8.762301e-04	-2.094387e+00	5.015162e-04	1.425118e+00	-8.307938e-04	1.105917e-01	1.095886e-01	-1.268909e-03	3.926788e-04	3.779244e-01	-2.472311e+00
11.45         	2.201983e-01	-8.768781e-04	-2.094429e+00	5.023735e-04	1.425099e+00	-8.324087e-04	1.106015e-01	1.095968e-01	-1.270848e-03	3.939697e-04	3.778845e-01	-2.472313e+00
11.46         	2.202208e-01	-8.763202e-04	-2.094480e+00	5.032989e-04	1.425083e+00	-8.342238e-04	1.106137e-01	1.096071e-01	-1.272384e-03	3.960637e-04	3.778430e-01	-2.472323e+00
11.47         	2.202502e-01	-8.830601e-04	-2.094543e+00	5.089466e-04	1.425073e+00	-8.389342e-04	1.106341e-01	1.096162e-01	-1.280464e-03	3.974041e-04	3.778021e-01	-2.472345e+00
11.48         	2.202778e-01	-8.793502e-04	-2.094613e+00	5.081109e-04	1.425063e+00	-8.411667e-04	1.106470e-01	1.096308e-01	-1.280842e-03	4.014916e-04	3.777562e-01	-2.472370e+00
11.49         	2.202988e-01	-8.796521e-04	-2.094684e+00	5.087682e-04	1.425048e+00	-8.447800e-04	1.106581e-01	1.096406e-01	-1.284606e-03	4.049540e-04	3.777058e-01	-2.472390e+00
11.5          	2.203721e-01	-8.785477e-04	-2.094779e+00	5.074645e-04	1.425065e+00	-8.485533e-04	1.106935e-01	1.096786e-01	-1.287827e-03	4.092794e-04	3.776760e-01	-2.472455e+00
11.51         	2.203897e-01	-8.885998e-04	-2.094867e+00	5.104635e-04	1.425052e+00	-8.553550e-04	1.107053e-01	1.096844e-01	-1.299655e-03	4.110551e-04	3.776186e-01	-2.472485e+00
11.52         	2.203945e-01	-8.967438e-04	-2.094926e+00	5.120970e-04	1.425019e+00	-8.607107e-04	1.107094e-01	1.096852e-01	-1.309083e-03	4.123388e-04	3.775558e-01	-2.472482e+00
11.53         	2.203913e-01	-9.023232e-04	-2.094962e+00	5.127785e-04	1.424973e+00	-8.660088e-04	1.107084e-01	1.096829e-01	-1.317170e-03	4.148472e-04	3.774920e-01	-2.472454e+00
11.54         	2.203890e-01	-9.046305e-04	-2.094986e+00	5.125023e-04	1.424922e+00	-8.699231e-04	1.107070e-01	1.096820e-01	-1.322238e-03	4.176079e-04	3.774288e-01	-2.472415e+00
11.55         	2.203905e-01	-9.051223e-04	-2.095007e+00	5.121810e-04	1.424871e+00	-8.731069e-04	1.107074e-01	1.096831e-01	-1.325668e-03	4.205457e-04	3.773673e-01	-2.472375e+00
11.56         	2.204042e-01	-9.028009e-04	-2.095036e+00	5.101715e-04	1.424826e+00	-8.768887e-04	1.107123e-01	1.096919e-01	-1.328289e-03	4.254882e-04	3.773082e-01	-2.472345e+00
11.57         	2.204230e-01	-9.063074e-04	-2.095077e+00	5.124585e-04	1.424786e+00	-8.812379e-04	1.107240e-01	1.096990e-01	-1.334392e-03	4.280842e-04	3.772480e-01	-2.472325e+00
11.58         	2.204490e-01	-9.065101e-04	-2.095130e+00	5.140587e-04	1.424750e+00	-8.882206e-04	1.107386e-01	1.097104e-01	-1.341476e-03	4.349655e-04	3.771853e-01	-2.472316e+00
11.59         	2.204694e-01	-9.114562e-04	-2.095189e+00	5.179501e-04	1.424710e+00	-8.914989e-04	1.107527e-01	1.097168e-01	-1.347227e-03	4.357708e-04	3.771155e-01	-2.472305e+00
11.6          	2.204899e-01	-9.200777e-04	-2.095260e+00	5.215233e-04	1.424676e+00	-8.981260e-04	1.107665e-01	1.097234e-01	-1.358165e-03	4.380872e-04	3.770458e-01	-2.472306e+00
11.61         	2.205090e-01	-9.314102e-04	-2.095332e+00	5.265684e-04	1.424639e+00	-9.064362e-04	1.107811e-01	1.097279e-01	-1.372141e-03	4.407311e-04	3.769726e-01	-2.472305e+00
11.62         	2.205297e-01	-9.320537e-04	-2.095403e+00	5.255984e-04	1.424598e+00	-9.122380e-04	1.107905e-01	1.097393e-01	-1.378265e-03	4.462112e-04	3.768967e-01	-2.472300e+00
11.63         	2.205420e-01	-9.381685e-04	-2.095468e+00	5.274775e-04	1.424549e+00	-9.194781e-04	1.107985e-01	1.097435e-01	-1.388562e-03	4.503939e-04	3.768153e-01	-2.472284e+00
11.64         	2.205528e-01	-9.446321e-04	-2.095527e+00	5.295467e-04	1.424496e+00	-9.282362e-04	1.108059e-01	1.097468e-01	-1.400552e-03	4.559201e-04	3.767321e-01	-2.472259e+00
11.65         	2.205647e-01	-9.484718e-04	-2.095577e+00	5.314150e-04	1.424437e+00	-9.350504e-04	1.108137e-01	1.097509e-01	-1.409286e-03	4.608144e-04	3.766480e-01	-2.472225e+00
11.66         	2.205744e-01	-9.505469e-04	-2.095624e+00	5.330395e-04	1.424373e+00	-9.408522e-04	1.108202e-01	1.097542e-01	-1.416126e-03	4.655788e-04	3.765610e-01	-2.472186e+00
11.67         	2.205843e-01	-9.501629e-04	-2.095674e+00	5.351883e-04	1.424314e+00	-9.425650e-04	1.108273e-01	1.097570e-01	-1.417646e-03	4.674835e-04	3.764772e-01	-2.472151e+00
11.68         	2.205940e-01	-9.535226e-04	-2.095721e+00	5.377432e-04	1.424250e+00	-9.482179e-04	1.108348e-01	1.097593e-01	-1.424979e-03	4.714566e-04	3.763894e-01	-2.472110e+00
11.69         	2.206021e-01	-9.587483e-04	-2.095768e+00	5.404692e-04	1.424183e+00	-9.566904e-04	1.108415e-01	1.097606e-01	-1.436065e-03	4.773163e-04	3.762993e-01	-2.472068e+00
11.7          	2.206108e-01	-9.639720e-04	-2.095817e+00	5.434782e-04	1.424113e+00	-9.648759e-04	1.108489e-01	1.097619e-01	-1.446862e-03	4.828899e-04	3.762052e-01	-2.472022e+00
11.71         	2.206184e-01	-9.700055e-04	-2.095865e+00	5.465874e-04	1.424041e+00	-9.745607e-04	1.108558e-01	1.097626e-01	-1.459563e-03	4.895579e-04	3.761085e-01	-2.471974e+00
11.72         	2.206260e-01	-9.773712e-04	-2.095915e+00	5.502223e-04	1.423966e+00	-9.850941e-04	1.108632e-01	1.097628e-01	-1.473780e-03	4.964085e-04	3.760085e-01	-2.471923e+00
11.73         	2.206354e-01	-9.866829e-04	-2.095966e+00	5.538499e-04	1.423894e+00	-9.978295e-04	1.108716e-01	1.097639e-01	-1.491171e-03	5.044880e-04	3.759109e-01	-2.471877e+00
11.74         	2.206434e-01	-9.931973e-04	-2.096022e+00	5.584148e-04	1.423824e+00	-1.007328e-03	1.108801e-01	1.097633e-01	-1.503926e-03	5.107289e-04	3.758125e-01	-2.471835e+00
11.75         	2.206455e-01	-9.984956e-04	-2.096072e+00	5.617449e-04	1.423743e+00	-1.016194e-03	1.108845e-01	1.097610e-01	-1.515442e-03	5.169462e-04	3.757073e-01	-2.471779e+00
11.76         	2.206462e-01	-1.004078e-03	-2.096116e+00	5.654419e-04	1.423654e+00	-1.025984e-03	1.108886e-01	1.097577e-01	-1.528023e-03	5.239452e-04	3.755965e-01	-2.471712e+00
11.77         	2.206439e-01	-1.009493e-03	-2.096158e+00	5.685011e-04	1.423564e+00	-1.036430e-03	1.108905e-01	1.097535e-01	-1.541177e-03	5.316839e-04	3.754851e-01	-2.471644e+00
11.78         	2.206412e-01	-1.015469e-03	-2.096199e+00	5.713435e-04	1.423471e+00	-1.046550e-03	1.108920e-01	1.097493e-01	-1.554285e-03	5.388156e-04	3.753710e-01	-2.471570e+00
11.79         	2.206368e-01	-1.023278e-03	-2.096238e+00	5.747154e-04	1.423375e+00	-1.058062e-03	1.108931e-01	1.097437e-01	-1.569701e-03	5.464227e-04	3.752557e-01	-2.471493e+00
11.8          	2.206353e-01	-1.031216e-03	-2.096274e+00	5.779612e-04	1.423278e+00	-1.070113e-03	1.108956e-01	1.097397e-01	-1.585721e-03	5.545050e-04	3.751406e-01	-2.471415e+00
11.81         	2.206417e-01	-1.047547e-03	-2.096311e+00	5.871497e-04	1.423184e+00	-1.083339e-03	1.109080e-01	1.097337e-01	-1.607112e-03	5.595653e-04	3.750289e-01	-2.471340e+00
11.82         	2.206422e-01	-1.053193e-03	-2.096346e+00	5.907885e-04	1.423086e+00	-1.093860e-03	1.109119e-01	1.097303e-01	-1.620456e-03	5.672634e-04	3.749132e-01	-2.471259e+00
11.83         	2.206398e-01	-1.057933e-03	-2.096375e+00	5.928646e-04	1.422984e+00	-1.105022e-03	1.109128e-01	1.097270e-01	-1.633988e-03	5.760554e-04	3.747966e-01	-2.471171e+00
11.84         	2.206353e-01	-1.064050e-03	-2.096398e+00	5.951714e-04	1.422877e+00	-1.115573e-03	1.109128e-01	1.097225e-01	-1.647598e-03	5.835485e-04	3.746783e-01	-2.471076e+00
11.85         	2.206275e-01	-1.071381e-03	-2.096415e+00	5.978902e-04	1.422766e+00	-1.127063e-03	1.109116e-01	1.097158e-01	-1.662753e-03	5.913727e-04	3.745586e-01	-2.470974e+00
11.86         	2.206205e-01	-1.078470e-03	-2.096434e+00	6.019915e-04	1.422658e+00	-1.137335e-03	1.109122e-01	1.097083e-01	-1.676570e-03	5.980998e-04	3.744412e-01	-2.470875e+00
11.87         	2.206164e-01	-1.082986e-03	-2.096446e+00	6.021598e-04	1.422545e+00	-1.148373e-03	1.109104e-01	1.097060e-01	-1.689866e-03	6.068803e-04	3.743222e-01	-2.470768e+00
11.88         	2.206097e-01	-1.095150e-03	-2.096457e+00	6.065072e-04	1.422428e+00	-1.162553e-03	1.109114e-01	1.096984e-01	-1.710129e-03	6.149783e-04	3.741998e-01	-2.470657e+00
11.89         	2.206010e-01	-1.107566e-03	-2.096463e+00	6.118423e-04	1.422307e+00	-1.177021e-03	1.109123e-01	1.096887e-01	-1.730804e-03	6.232379e-04	3.740759e-01	-2.470538e+00
11.9          	2.205943e-01	-1.118270e-03	-2.096465e+00	6.168860e-04	1.422185e+00	-1.191278e-03	1.109141e-01	1.096803e-01	-1.750413e-03	6.321426e-04	3.739522e-01	-2.470417e+00
11.91         	2.206007e-01	-1.145712e-03	-2.096470e+00	6.324975e-04	1.422070e+00	-1.212124e-03	1.109328e-01	1.096678e-01	-1.784979e-03	6.392678e-04	3.738352e-01	-2.470305e+00
11.92         	2.205986e-01	-1.160391e-03	-2.096506e+00	6.275170e-04	1.421994e+00	-1.239353e-03	1.109268e-01	1.096718e-01	-1.819549e-03	6.591578e-04	3.737414e-01	-2.470247e+00
11.93         	2.205862e-01	-1.159859e-03	-2.096489e+00	6.328238e-04	1.421850e+00	-1.245725e-03	1.109259e-01	1.096603e-01	-1.825654e-03	6.657949e-04	3.736050e-01	-2.470094e+00
11.94         	2.205709e-01	-1.159345e-03	-2.096462e+00	6.385599e-04	1.421695e+00	-1.250142e-03	1.109240e-01	1.096469e-01	-1.829814e-03	6.704699e-04	3.734645e-01	-2.469926e+00
11.95         	2.205531e-01	-1.161072e-03	-2.096428e+00	6.445044e-04	1.421540e+00	-1.254027e-03	1.109210e-01	1.096320e-01	-1.834562e-03	6.734908e-04	3.733258e-01	-2.469754e+00
11.96         	2.205396e-01	-1.165434e-03	-2.096398e+00	6.513887e-04	1.421386e+00	-1.259355e-03	1.109212e-01	1.096184e-01	-1.842071e-03	6.766380e-04	3.731869e-01	-2.469585e+00
11.97         	2.205363e-01	-1.161401e-03	-2.096370e+00	6.491747e-04	1.421244e+00	-1.265427e-03	1.109173e-01	1.096190e-01	-1.846128e-03	6.847262e-04	3.730590e-01	-2.469429e+00
11.98         	2.205266e-01	-1.178339e-03	-2.096345e+00	6.544106e-04	1.421107e+00	-1.282578e-03	1.109177e-01	1.096089e-01	-1.871748e-03	6.934091e-04	3.729344e-01	-2.469279e+00
11.99         	2.205164e-01	-1.202823e-03	-2.096320e+00	6.597271e-04	1.420979e+00	-1.308868e-03	1.109179e-01	1.095985e-01	-1.910280e-03	7.074565e-04	3.728194e-01	-2.469139e+00
12            	2.205043e-01	-1.223911e-03	-2.096284e+00	6.652006e-04	1.420844e+00	-1.331133e-03	1.109174e-01	1.095870e-01	-1.943089e-03	7.191778e-04	3.727022e-01	-2.468986e+00
12.01         	2.204961e-01	-1.246152e-03	-2.096241e+00	6.735615e-04	1.420706e+00	-1.353134e-03	1.109216e-01	1.095745e-01	-1.976209e-03	7.300577e-04	3.725855e-01	-2.468826e+00
12.02         	2.204962e-01	-1.265182e-03	-2.096195e+00	6.836976e-04	1.420565e+00	-1.371782e-03	1.109318e-01	1.095644e-01	-2.004373e-03	7.391904e-04	3.724676e-01	-2.468663e+00
12.03         	2.204851e-01	-1.269035e-03	-2.096142e+00	6.873466e-04	1.420412e+00	-1.382726e-03	1.109299e-01	1.095552e-01	-2.017244e-03	7.482085e-04	3.723409e-01	-2.468483e+00
12.04         	2.204735e-01	-1.269083e-03	-2.096084e+00	6.894730e-04	1.420252e+00	-1.390428e-03	1.109262e-01	1.095473e-01	-2.024970e-03	7.558868e-04	3.722101e-01	-2.468294e+00
12.05         	2.204581e-01	-1.270936e-03	-2.096020e+00	6.927584e-04	1.420085e+00	-1.398012e-03	1.109218e-01	1.095363e-01	-2.033480e-03	7.625434e-04	3.720754e-01	-2.468095e+00
12.06         	2.204431e-01	-1.274912e-03	-2.095955e+00	6.966916e-04	1.419919e+00	-1.404416e-03	1.109182e-01	1.095249e-01	-2.041872e-03	7.669599e-04	3.719409e-01	-2.467896e+00
12.07         	2.204272e-01	-1.282565e-03	-2.095890e+00	7.011197e-04	1.419752e+00	-1.413981e-03	1.109147e-01	1.095125e-01	-2.055263e-03	7.726981e-04	3.718076e-01	-2.467697e+00
12.08         	2.204123e-01	-1.294667e-03	-2.095826e+00	7.066320e-04	1.419589e+00	-1.426078e-03	1.109128e-01	1.094995e-01	-2.073412e-03	7.787449e-04	3.716762e-01	-2.467502e+00
12.09         	2.203965e-01	-1.309925e-03	-2.095762e+00	7.127613e-04	1.419428e+00	-1.442072e-03	1.109110e-01	1.094855e-01	-2.097035e-03	7.871095e-04	3.715474e-01	-2.467309e+00
12.1          	2.203846e-01	-1.328277e-03	-2.095698e+00	7.202150e-04	1.419271e+00	-1.461289e-03	1.109125e-01	1.094721e-01	-2.125428e-03	7.971508e-04	3.714215e-01	-2.467120e+00
12.11         	2.203717e-01	-1.343127e-03	-2.095633e+00	7.253963e-04	1.419112e+00	-1.479421e-03	1.109113e-01	1.094605e-01	-2.150985e-03	8.078581e-04	3.712958e-01	-2.466929e+00
12.12         	2.203600e-01	-1.358309e-03	-2.095566e+00	7.308751e-04	1.418953e+00	-1.497253e-03	1.109109e-01	1.094491e-01	-2.176407e-03	8.180984e-04	3.711697e-01	-2.466735e+00
12.13         	2.203458e-01	-1.370413e-03	-2.095495e+00	7.353165e-04	1.418790e+00	-1.513783e-03	1.109082e-01	1.094376e-01	-2.198989e-03	8.285764e-04	3.710423e-01	-2.466537e+00
12.14         	2.203345e-01	-1.376035e-03	-2.095422e+00	7.374937e-04	1.418626e+00	-1.525283e-03	1.109047e-01	1.094298e-01	-2.213301e-03	8.372659e-04	3.709151e-01	-2.466337e+00
12.15         	2.203183e-01	-1.385731e-03	-2.095345e+00	7.418305e-04	1.418456e+00	-1.538253e-03	1.109010e-01	1.094173e-01	-2.231119e-03	8.453879e-04	3.707836e-01	-2.466128e+00
12.16         	2.203005e-01	-1.394881e-03	-2.095265e+00	7.464135e-04	1.418282e+00	-1.549303e-03	1.108967e-01	1.094038e-01	-2.246743e-03	8.518623e-04	3.706495e-01	-2.465915e+00
12.17         	2.202804e-01	-1.403606e-03	-2.095185e+00	7.513606e-04	1.418107e+00	-1.559185e-03	1.108916e-01	1.093889e-01	-2.260988e-03	8.573821e-04	3.705147e-01	-2.465700e+00
12.18         	2.202690e-01	-1.412556e-03	-2.095108e+00	7.561997e-04	1.417938e+00	-1.570761e-03	1.108907e-01	1.093783e-01	-2.277039e-03	8.644828e-04	3.703842e-01	-2.465493e+00
12.19         	2.202518e-01	-1.425121e-03	-2.095035e+00	7.631210e-04	1.417770e+00	-1.582538e-03	1.108890e-01	1.093628e-01	-2.295098e-03	8.699769e-04	3.702525e-01	-2.465288e+00
12.2          	2.202314e-01	-1.438716e-03	-2.094960e+00	7.694006e-04	1.417597e+00	-1.597442e-03	1.108851e-01	1.093463e-01	-2.316799e-03	8.780838e-04	3.701174e-01	-2.465077e+00
12.21         	2.202077e-01	-1.451397e-03	-2.094881e+00	7.749663e-04	1.417422e+00	-1.611977e-03	1.108788e-01	1.093289e-01	-2.337676e-03	8.862785e-04	3.699812e-01	-2.464862e+00
12.22         	2.201860e-01	-1.461958e-03	-2.094802e+00	7.789486e-04	1.417247e+00	-1.625549e-03	1.108720e-01	1.093141e-01	-2.356528e-03	8.945701e-04	3.698461e-01	-2.464648e+00
12.23         	2.201623e-01	-1.472702e-03	-2.094720e+00	7.834618e-04	1.417071e+00	-1.638058e-03	1.108646e-01	1.092977e-01	-2.374409e-03	9.017074e-04	3.697104e-01	-2.464431e+00
12.24         	2.201402e-01	-1.482990e-03	-2.094641e+00	7.881377e-04	1.416894e+00	-1.649132e-03	1.108582e-01	1.092819e-01	-2.390628e-03	9.076372e-04	3.695737e-01	-2.464215e+00
12.25         	2.201161e-01	-1.492449e-03	-2.094560e+00	7.927585e-04	1.416716e+00	-1.660482e-03	1.108508e-01	1.092653e-01	-2.406706e-03	9.142569e-04	3.694362e-01	-2.463997e+00
12.26         	2.200936e-01	-1.501620e-03	-2.094482e+00	7.974976e-04	1.416541e+00	-1.670260e-03	1.108443e-01	1.092493e-01	-2.421070e-03	9.194505e-04	3.693002e-01	-2.463782e+00
12.27         	2.200733e-01	-1.515910e-03	-2.094406e+00	8.047973e-04	1.416370e+00	-1.682638e-03	1.108415e-01	1.092319e-01	-2.440594e-03	9.246832e-04	3.691672e-01	-2.463573e+00
12.28         	2.201032e-01	-1.454308e-03	-2.094344e+00	7.712727e-04	1.416230e+00	-1.670375e-03	1.108229e-01	1.092803e-01	-2.397529e-03	9.432216e-04	3.690579e-01	-2.463402e+00
12.29         	2.200752e-01	-1.497735e-03	-2.094290e+00	7.895300e-04	1.416062e+00	-1.691901e-03	1.108271e-01	1.092481e-01	-2.440768e-03	9.430334e-04	3.689169e-01	-2.463207e+00
12.3          	2.200431e-01	-1.533885e-03	-2.094223e+00	8.051860e-04	1.415886e+00	-1.711353e-03	1.108267e-01	1.092164e-01	-2.478296e-03	9.444107e-04	3.687743e-01	-2.462998e+00
12.31         	2.199991e-01	-1.568378e-03	-2.094144e+00	8.217999e-04	1.415701e+00	-1.729944e-03	1.108213e-01	1.091777e-01	-2.514133e-03	9.457555e-04	3.686289e-01	-2.462772e+00
12.32         	2.199549e-01	-1.593246e-03	-2.094056e+00	8.349645e-04	1.415513e+00	-1.744792e-03	1.108124e-01	1.091425e-01	-2.541416e-03	9.481693e-04	3.684850e-01	-2.462541e+00
12.33         	2.199458e-01	-1.586184e-03	-2.093970e+00	8.385312e-04	1.415331e+00	-1.770712e-03	1.108114e-01	1.091344e-01	-2.563805e-03	9.776203e-04	3.683461e-01	-2.462316e+00
12.34         	2.199006e-01	-1.594062e-03	-2.093875e+00	8.446536e-04	1.415141e+00	-1.770726e-03	1.107950e-01	1.091057e-01	-2.567757e-03	9.736952e-04	3.682035e-01	-2.462079e+00
12.35         	2.198526e-01	-1.601117e-03	-2.093784e+00	8.486829e-04	1.414952e+00	-1.764610e-03	1.107750e-01	1.090776e-01	-2.565169e-03	9.640517e-04	3.680597e-01	-2.461843e+00
12.36         	2.198077e-01	-1.613312e-03	-2.093701e+00	8.532020e-04	1.414769e+00	-1.757111e-03	1.107570e-01	1.090506e-01	-2.563767e-03	9.504545e-04	3.679186e-01	-2.461619e+00
12.37         	2.197672e-01	-1.624688e-03	-2.093625e+00	8.567366e-04	1.414593e+00	-1.754317e-03	1.107403e-01	1.090269e-01	-2.566661e-03	9.419727e-04	3.677804e-01	-2.461406e+00
12.38         	2.197374e-01	-1.631247e-03	-2.093553e+00	8.601029e-04	1.414421e+00	-1.757315e-03	1.107288e-01	1.090086e-01	-2.572938e-03	9.416910e-04	3.676444e-01	-2.461197e+00
12.39         	2.197159e-01	-1.633238e-03	-2.093477e+00	8.635850e-04	1.414248e+00	-1.769022e-03	1.107215e-01	1.089944e-01	-2.585641e-03	9.524031e-04	3.675097e-01	-2.460987e+00
12.4          	2.197024e-01	-1.629461e-03	-2.093399e+00	8.657094e-04	1.414077e+00	-1.783684e-03	1.107169e-01	1.089855e-01	-2.598414e-03	9.689536e-04	3.673772e-01	-2.460776e+00
12.41         	2.196844e-01	-1.629518e-03	-2.093317e+00	8.702654e-04	1.413903e+00	-1.800967e-03	1.107124e-01	1.089719e-01	-2.615726e-03	9.862078e-04	3.672442e-01	-2.460561e+00
12.42         	2.196649e-01	-1.636189e-03	-2.093234e+00	8.782485e-04	1.413728e+00	-1.815980e-03	1.107107e-01	1.089542e-01	-2.634075e-03	9.978858e-04	3.671114e-01	-2.460345e+00
12.43         	2.196499e-01	-1.627403e-03	-2.093159e+00	8.747782e-04	1.413562e+00	-1.820733e-03	1.106997e-01	1.089502e-01	-2.634435e-03	1.007032e-03	3.669823e-01	-2.460141e+00
12.44         	2.196230e-01	-1.651976e-03	-2.093085e+00	8.877237e-04	1.413391e+00	-1.830326e-03	1.106992e-01	1.089238e-01	-2.656314e-03	1.004339e-03	3.668481e-01	-2.459933e+00
12.45         	2.195780e-01	-1.665905e-03	-2.093004e+00	8.947376e-04	1.413210e+00	-1.832258e-03	1.106837e-01	1.088943e-01	-2.665211e-03	9.993057e-04	3.667077e-01	-2.459711e+00
12.46         	2.195278e-01	-1.677998e-03	-2.092914e+00	9.005194e-04	1.413024e+00	-1.831602e-03	1.106644e-01	1.088634e-01	-2.670601e-03	9.926025e-04	3.665671e-01	-2.459481e+00
12.47         	2.194754e-01	-1.688070e-03	-2.092817e+00	9.056754e-04	1.412836e+00	-1.830660e-03	1.106434e-01	1.088320e-01	-2.674695e-03	9.866248e-04	3.664274e-01	-2.459244e+00
12.48         	2.194296e-01	-1.694147e-03	-2.092718e+00	9.096792e-04	1.412651e+00	-1.830672e-03	1.106245e-01	1.088051e-01	-2.677746e-03	9.835985e-04	3.662916e-01	-2.459010e+00
12.49         	2.193395e-01	-1.702433e-03	-2.092620e+00	9.162259e-04	1.412436e+00	-1.835331e-03	1.105860e-01	1.087535e-01	-2.686548e-03	9.841146e-04	3.661257e-01	-2.458746e+00
12.5          	2.193168e-01	-1.704189e-03	-2.092523e+00	9.197682e-04	1.412264e+00	-1.839007e-03	1.105781e-01	1.087386e-01	-2.691102e-03	9.869130e-04	3.660031e-01	-2.458526e+00
12.51         	2.193047e-01	-1.705802e-03	-2.092425e+00	9.234465e-04	1.412100e+00	-1.844571e-03	1.105758e-01	1.087289e-01	-2.697472e-03	9.916699e-04	3.658874e-01	-2.458313e+00
12.52         	2.193064e-01	-1.712575e-03	-2.092330e+00	9.314181e-04	1.411942e+00	-1.850448e-03	1.105846e-01	1.087218e-01	-2.706735e-03	9.941602e-04	3.657769e-01	-2.458107e+00
12.53         	2.192969e-01	-1.710716e-03	-2.092234e+00	9.354412e-04	1.411778e+00	-1.852970e-03	1.105839e-01	1.087130e-01	-2.708328e-03	9.976117e-04	3.656611e-01	-2.457895e+00
12.54         	2.192750e-01	-1.713092e-03	-2.092134e+00	9.405221e-04	1.411604e+00	-1.856684e-03	1.105780e-01	1.086970e-01	-2.713230e-03	1.000138e-03	3.655369e-01	-2.457671e+00
12.55         	2.192464e-01	-1.705043e-03	-2.092036e+00	9.371201e-04	1.411427e+00	-1.856434e-03	1.105603e-01	1.086861e-01	-2.708955e-03	1.003912e-03	3.654090e-01	-2.457445e+00
12.56         	2.191987e-01	-1.716229e-03	-2.091938e+00	9.422262e-04	1.411242e+00	-1.861616e-03	1.105416e-01	1.086571e-01	-2.719731e-03	1.003502e-03	3.652724e-01	-2.457211e+00
12.57         	2.191417e-01	-1.727807e-03	-2.091832e+00	9.482401e-04	1.411049e+00	-1.865065e-03	1.105191e-01	1.086226e-01	-2.728968e-03	1.001161e-03	3.651326e-01	-2.456965e+00
12.58         	2.190857e-01	-1.737660e-03	-2.091721e+00	9.545078e-04	1.410855e+00	-1.867109e-03	1.104974e-01	1.085884e-01	-2.735939e-03	9.982786e-04	3.649945e-01	-2.456716e+00
12.59         	2.190292e-01	-1.740659e-03	-2.091605e+00	9.586872e-04	1.410661e+00	-1.862998e-03	1.104733e-01	1.085559e-01	-2.733327e-03	9.926682e-04	3.648585e-01	-2.456464e+00
12.6          	2.189988e-01	-1.760828e-03	-2.091521e+00	9.595989e-04	1.410520e+00	-1.885408e-03	1.104590e-01	1.085398e-01	-2.765822e-03	1.004994e-03	3.647597e-01	-2.456281e+00
12.61         	2.189653e-01	-1.763916e-03	-2.091407e+00	9.647468e-04	1.410341e+00	-1.885985e-03	1.104474e-01	1.085179e-01	-2.767944e-03	1.004027e-03	3.646378e-01	-2.456044e+00
12.62         	2.190056e-01	-1.862807e-03	-2.091292e+00	1.020836e-03	1.410200e+00	-1.916611e-03	1.105237e-01	1.084820e-01	-2.848015e-03	9.852075e-04	3.645540e-01	-2.455846e+00
12.63         	2.189970e-01	-1.835416e-03	-2.091220e+00	1.017793e-03	1.410049e+00	-1.905481e-03	1.105163e-01	1.084807e-01	-2.823189e-03	9.877727e-04	3.644387e-01	-2.455659e+00
12.64         	2.189605e-01	-1.781050e-03	-2.091132e+00	9.981352e-04	1.409874e+00	-1.885813e-03	1.104784e-01	1.084821e-01	-2.776338e-03	9.952880e-04	3.643082e-01	-2.455440e+00
12.65         	2.189128e-01	-1.742008e-03	-2.091024e+00	9.801162e-04	1.409689e+00	-1.879090e-03	1.104365e-01	1.084763e-01	-2.750094e-03	1.008086e-03	3.641776e-01	-2.455201e+00
12.66         	2.188535e-01	-1.718183e-03	-2.090888e+00	9.697836e-04	1.409481e+00	-1.872067e-03	1.103965e-01	1.084570e-01	-2.731158e-03	1.012976e-03	3.640372e-01	-2.454925e+00
12.67         	2.187909e-01	-1.715877e-03	-2.090733e+00	9.687102e-04	1.409262e+00	-1.871470e-03	1.103642e-01	1.084268e-01	-2.729408e-03	1.013532e-03	3.638954e-01	-2.454629e+00
12.68         	2.187339e-01	-1.730781e-03	-2.090571e+00	9.757023e-04	1.409042e+00	-1.875821e-03	1.103427e-01	1.083913e-01	-2.741212e-03	1.010431e-03	3.637563e-01	-2.454328e+00
12.69         	2.186833e-01	-1.754205e-03	-2.090411e+00	9.875314e-04	1.408828e+00	-1.882997e-03	1.103292e-01	1.083541e-01	-2.760100e-03	1.005895e-03	3.636222e-01	-2.454033e+00
12.7          	2.186437e-01	-1.778941e-03	-2.090264e+00	1.000809e-03	1.408627e+00	-1.890945e-03	1.103227e-01	1.083211e-01	-2.780415e-03	1.001474e-03	3.634949e-01	-2.453759e+00
12.71         	2.186185e-01	-1.791326e-03	-2.090134e+00	1.007873e-03	1.408444e+00	-1.894818e-03	1.103171e-01	1.083014e-01	-2.790481e-03	9.991545e-04	3.633770e-01	-2.453511e+00
12.72         	2.185991e-01	-1.799527e-03	-2.090023e+00	1.013853e-03	1.408275e+00	-1.896863e-03	1.103134e-01	1.082857e-01	-2.796626e-03	9.970992e-04	3.632634e-01	-2.453286e+00
12.73         	2.185759e-01	-1.803560e-03	-2.089917e+00	1.018859e-03	1.408108e+00	-1.898292e-03	1.103068e-01	1.082691e-01	-2.800072e-03	9.965119e-04	3.631498e-01	-2.453067e+00
12.74         	2.185512e-01	-1.800675e-03	-2.089811e+00	1.021480e-03	1.407942e+00	-1.896597e-03	1.102971e-01	1.082541e-01	-2.796934e-03	9.962596e-04	3.630361e-01	-2.452847e+00
12.75         	2.185239e-01	-1.794713e-03	-2.089699e+00	1.023025e-03	1.407772e+00	-1.893538e-03	1.102850e-01	1.082389e-01	-2.790894e-03	9.961810e-04	3.629221e-01	-2.452621e+00
12.76         	2.184916e-01	-1.784428e-03	-2.089582e+00	1.021853e-03	1.407597e+00	-1.889165e-03	1.102677e-01	1.082240e-01	-2.781380e-03	9.969512e-04	3.628065e-01	-2.452388e+00
12.77         	2.184546e-01	-1.775529e-03	-2.089456e+00	1.020963e-03	1.407418e+00	-1.885458e-03	1.102483e-01	1.082063e-01	-2.773222e-03	9.976936e-04	3.626901e-01	-2.452146e+00
12.78         	2.184166e-01	-1.771114e-03	-2.089324e+00	1.021380e-03	1.407234e+00	-1.883953e-03	1.102297e-01	1.081869e-01	-2.769510e-03	9.983965e-04	3.625721e-01	-2.451896e+00
12.79         	2.183780e-01	-1.771791e-03	-2.089188e+00	1.023606e-03	1.407049e+00	-1.884085e-03	1.102126e-01	1.081654e-01	-2.769981e-03	9.981899e-04	3.624548e-01	-2.451643e+00
12.8          	2.183435e-01	-1.776484e-03	-2.089053e+00	1.027664e-03	1.406866e+00	-1.884736e-03	1.101994e-01	1.081441e-01	-2.772978e-03	9.964939e-04	3.623394e-01	-2.451393e+00
12.81         	2.183168e-01	-1.775060e-03	-2.088925e+00	1.027564e-03	1.406692e+00	-1.884294e-03	1.101860e-01	1.081309e-01	-2.771824e-03	9.967636e-04	3.622300e-01	-2.451155e+00
12.82         	2.182882e-01	-1.782288e-03	-2.088801e+00	1.032428e-03	1.406520e+00	-1.886381e-03	1.101765e-01	1.081117e-01	-2.777525e-03	9.952366e-04	3.621194e-01	-2.450920e+00
12.83         	2.182614e-01	-1.791542e-03	-2.088677e+00	1.039132e-03	1.406349e+00	-1.887391e-03	1.101698e-01	1.080916e-01	-2.783162e-03	9.916205e-04	3.620108e-01	-2.450688e+00
12.84         	2.182328e-01	-1.795825e-03	-2.088554e+00	1.043424e-03	1.406180e+00	-1.887690e-03	1.101598e-01	1.080730e-01	-2.785602e-03	9.897775e-04	3.619027e-01	-2.450457e+00
12.85         	2.182020e-01	-1.797744e-03	-2.088429e+00	1.046507e-03	1.406011e+00	-1.888711e-03	1.101475e-01	1.080545e-01	-2.787583e-03	9.898384e-04	3.617963e-01	-2.450225e+00
12.86         	2.181717e-01	-1.796390e-03	-2.088302e+00	1.048237e-03	1.405842e+00	-1.888025e-03	1.101341e-01	1.080376e-01	-2.786220e-03	9.898301e-04	3.616911e-01	-2.449993e+00
12.87         	2.181404e-01	-1.794014e-03	-2.088172e+00	1.049317e-03	1.405674e+00	-1.886821e-03	1.101195e-01	1.080209e-01	-2.783828e-03	9.898141e-04	3.615875e-01	-2.449760e+00
12.88         	2.181330e-01	-1.814437e-03	-2.088054e+00	1.063882e-03	1.405522e+00	-1.894156e-03	1.101304e-01	1.080026e-01	-2.801375e-03	9.869381e-04	3.614954e-01	-2.449550e+00
12.89         	2.181058e-01	-1.799668e-03	-2.087937e+00	1.060201e-03	1.405363e+00	-1.889210e-03	1.101131e-01	1.079927e-01	-2.789044e-03	9.893763e-04	3.613940e-01	-2.449331e+00
12.9          	2.180824e-01	-1.781061e-03	-2.087815e+00	1.051992e-03	1.405203e+00	-1.883008e-03	1.100932e-01	1.079892e-01	-2.773539e-03	9.924780e-04	3.612956e-01	-2.449111e+00
12.91         	2.180521e-01	-1.776782e-03	-2.087687e+00	1.050165e-03	1.405039e+00	-1.880865e-03	1.100762e-01	1.079759e-01	-2.769256e-03	9.924739e-04	3.611953e-01	-2.448883e+00
12.92         	2.180204e-01	-1.777151e-03	-2.087553e+00	1.050220e-03	1.404871e+00	-1.878601e-03	1.100604e-01	1.079600e-01	-2.767176e-03	9.900256e-04	3.610942e-01	-2.448647e+00
12.93         	2.179878e-01	-1.781703e-03	-2.087416e+00	1.052519e-03	1.404703e+00	-1.878783e-03	1.100464e-01	1.079414e-01	-2.769634e-03	9.879314e-04	3.609945e-01	-2.448411e+00
12.94         	2.179584e-01	-1.787332e-03	-2.087281e+00	1.056177e-03	1.404537e+00	-1.879802e-03	1.100354e-01	1.079230e-01	-2.773468e-03	9.861366e-04	3.608965e-01	-2.448177e+00
12.95         	2.179319e-01	-1.792774e-03	-2.087152e+00	1.059554e-03	1.404379e+00	-1.881734e-03	1.100255e-01	1.079064e-01	-2.778121e-03	9.853471e-04	3.608036e-01	-2.447955e+00
12.96         	2.179104e-01	-1.795629e-03	-2.087030e+00	1.062286e-03	1.404230e+00	-1.883106e-03	1.100175e-01	1.078929e-01	-2.780920e-03	9.852915e-04	3.607149e-01	-2.447745e+00
12.97         	2.178912e-01	-1.794246e-03	-2.086913e+00	1.063514e-03	1.404086e+00	-1.882386e-03	1.100091e-01	1.078821e-01	-2.779509e-03	9.852627e-04	3.606296e-01	-2.447543e+00
12.98         	2.178790e-01	-1.790804e-03	-2.086802e+00	1.063925e-03	1.403949e+00	-1.881292e-03	1.100034e-01	1.078756e-01	-2.776693e-03	9.858896e-04	3.605485e-01	-2.447350e+00
12.99         	2.178694e-01	-1.790215e-03	-2.086693e+00	1.065918e-03	1.403817e+00	-1.881655e-03	1.100006e-01	1.078688e-01	-2.776763e-03	9.865472e-04	3.604703e-01	-2.447164e+00
13            	2.178592e-01	-1.786845e-03	-2.086601e+00	1.063040e-03	1.403704e+00	-1.882241e-03	1.099926e-01	1.078665e-01	-2.775664e-03	9.888187e-04	3.604030e-01	-2.447004e+00
13.01         	2.178425e-01	-1.779731e-03	-2.086497e+00	1.061153e-03	1.403576e+00	-1.877478e-03	1.099824e-01	1.078601e-01	-2.767344e-03	9.876128e-04	3.603278e-01	-2.446825e+00
13.02         	2.178249e-01	-1.773579e-03	-2.086386e+00	1.060167e-03	1.403442e+00	-1.872550e-03	1.099726e-01	1.078523e-01	-2.759339e-03	9.857603e-04	3.602490e-01	-2.446635e+00
13.03         	2.178084e-01	-1.771454e-03	-2.086270e+00	1.060858e-03	1.403305e+00	-1.867133e-03	1.099651e-01	1.078434e-01	-2.752860e-03	9.814062e-04	3.601702e-01	-2.446441e+00
13.04         	2.177899e-01	-1.768813e-03	-2.086154e+00	1.061600e-03	1.403170e+00	-1.864972e-03	1.099565e-01	1.078333e-01	-2.749378e-03	9.805648e-04	3.600926e-01	-2.446247e+00
13.05         	2.177727e-01	-1.767248e-03	-2.086041e+00	1.062919e-03	1.403040e+00	-1.864361e-03	1.099492e-01	1.078234e-01	-2.747985e-03	9.807376e-04	3.600191e-01	-2.446061e+00
13.06         	2.177694e-01	-1.759691e-03	-2.085939e+00	1.060517e-03	1.402924e+00	-1.861714e-03	1.099452e-01	1.078242e-01	-2.741559e-03	9.818684e-04	3.599546e-01	-2.445893e+00
13.07         	2.177563e-01	-1.759943e-03	-2.085844e+00	1.062600e-03	1.402810e+00	-1.862468e-03	1.099407e-01	1.078155e-01	-2.742440e-03	9.824964e-04	3.598879e-01	-2.445731e+00
13.08         	2.177483e-01	-1.759561e-03	-2.085749e+00	1.064233e-03	1.402700e+00	-1.861056e-03	1.099384e-01	1.078099e-01	-2.740836e-03	9.812751e-04	3.598259e-01	-2.445575e+00
13.09         	2.177395e-01	-1.757576e-03	-2.085654e+00	1.065347e-03	1.402594e+00	-1.857902e-03	1.099351e-01	1.078044e-01	-2.736690e-03	9.791140e-04	3.597669e-01	-2.445421e+00
13.1          	2.177325e-01	-1.754826e-03	-2.085564e+00	1.065710e-03	1.402495e+00	-1.854643e-03	1.099319e-01	1.078005e-01	-2.732056e-03	9.772297e-04	3.597134e-01	-2.445277e+00
13.11         	2.177238e-01	-1.750402e-03	-2.085472e+00	1.065361e-03	1.402396e+00	-1.849557e-03	1.099273e-01	1.077965e-01	-2.724758e-03	9.743560e-04	3.596605e-01	-2.445132e+00
13.12         	2.177170e-01	-1.744149e-03	-2.085382e+00	1.064296e-03	1.402300e+00	-1.842494e-03	1.099228e-01	1.077942e-01	-2.714569e-03	9.704197e-04	3.596092e-01	-2.444991e+00
13.13         	2.177128e-01	-1.734387e-03	-2.085295e+00	1.061294e-03	1.402209e+00	-1.835091e-03	1.099177e-01	1.077951e-01	-2.702285e-03	9.678977e-04	3.595611e-01	-2.444856e+00
13.14         	2.177115e-01	-1.728995e-03	-2.085216e+00	1.061340e-03	1.402124e+00	-1.828630e-03	1.099171e-01	1.077944e-01	-2.693127e-03	9.641323e-04	3.595162e-01	-2.444732e+00
13.15         	2.177083e-01	-1.723684e-03	-2.085143e+00	1.060599e-03	1.402045e+00	-1.824196e-03	1.099147e-01	1.077936e-01	-2.686038e-03	9.623535e-04	3.594741e-01	-2.444617e+00
13.16         	2.177080e-01	-1.716334e-03	-2.085072e+00	1.058644e-03	1.401970e+00	-1.819439e-03	1.099126e-01	1.077953e-01	-2.677606e-03	9.612723e-04	3.594337e-01	-2.444506e+00
13.17         	2.176995e-01	-1.710675e-03	-2.085004e+00	1.057712e-03	1.401891e+00	-1.815272e-03	1.099075e-01	1.077920e-01	-2.670610e-03	9.599347e-04	3.593894e-01	-2.444393e+00
13.18         	2.177001e-01	-1.706149e-03	-2.084940e+00	1.057412e-03	1.401825e+00	-1.812278e-03	1.099075e-01	1.077927e-01	-2.665353e-03	9.592039e-04	3.593545e-01	-2.444295e+00
13.19         	2.176985e-01	-1.702935e-03	-2.084881e+00	1.057759e-03	1.401764e+00	-1.810510e-03	1.099070e-01	1.077915e-01	-2.661978e-03	9.590426e-04	3.593233e-01	-2.444204e+00
13.2          	2.177076e-01	-1.700818e-03	-2.084837e+00	1.055396e-03	1.401727e+00	-1.809454e-03	1.099092e-01	1.077984e-01	-2.659863e-03	9.590446e-04	3.593085e-01	-2.444146e+00
13.21         	2.177161e-01	-1.696737e-03	-2.084787e+00	1.054840e-03	1.401684e+00	-1.805037e-03	1.099129e-01	1.078032e-01	-2.653405e-03	9.566680e-04	3.592903e-01	-2.444077e+00
13.22         	2.177445e-01	-1.686221e-03	-2.084747e+00	1.050813e-03	1.401653e+00	-1.799081e-03	1.099230e-01	1.078214e-01	-2.642191e-03	9.559702e-04	3.592794e-01	-2.444027e+00
13.23         	2.177536e-01	-1.681126e-03	-2.084707e+00	1.050159e-03	1.401613e+00	-1.793479e-03	1.099269e-01	1.078266e-01	-2.634042e-03	9.529162e-04	3.592591e-01	-2.443966e+00
13.24         	2.177608e-01	-1.671937e-03	-2.084664e+00	1.047481e-03	1.401573e+00	-1.786733e-03	1.099279e-01	1.078329e-01	-2.622701e-03	9.507644e-04	3.592406e-01	-2.443905e+00
13.25         	2.177607e-01	-1.665959e-03	-2.084619e+00	1.047061e-03	1.401533e+00	-1.782075e-03	1.099274e-01	1.078333e-01	-2.615055e-03	9.490955e-04	3.592231e-01	-2.443842e+00
13.26         	2.177605e-01	-1.660064e-03	-2.084574e+00	1.046688e-03	1.401496e+00	-1.777904e-03	1.099269e-01	1.078335e-01	-2.607936e-03	9.478723e-04	3.592091e-01	-2.443783e+00
13.27         	2.177601e-01	-1.655725e-03	-2.084531e+00	1.046527e-03	1.401464e+00	-1.775744e-03	1.099266e-01	1.078335e-01	-2.603607e-03	9.478816e-04	3.591986e-01	-2.443729e+00
13.28         	2.177660e-01	-1.650318e-03	-2.084496e+00	1.045790e-03	1.401443e+00	-1.771633e-03	1.099288e-01	1.078372e-01	-2.596792e-03	9.464743e-04	3.591956e-01	-2.443691e+00
13.29         	2.178016e-01	-1.668103e-03	-2.084485e+00	1.059336e-03	1.401452e+00	-1.775010e-03	1.099601e-01	1.078415e-01	-2.609062e-03	9.409585e-04	3.592097e-01	-2.443694e+00
13.3          	2.178186e-01	-1.647014e-03	-2.084479e+00	1.052409e-03	1.401454e+00	-1.765783e-03	1.099617e-01	1.078569e-01	-2.589291e-03	9.422763e-04	3.592146e-01	-2.443694e+00
13.31         	2.178261e-01	-1.630913e-03	-2.084470e+00	1.045690e-03	1.401455e+00	-1.759267e-03	1.099587e-01	1.078674e-01	-2.574723e-03	9.438103e-04	3.592199e-01	-2.443690e+00
13.32         	2.178402e-01	-1.620883e-03	-2.084457e+00	1.040213e-03	1.401460e+00	-1.753486e-03	1.099603e-01	1.078799e-01	-2.563927e-03	9.430444e-04	3.592308e-01	-2.443688e+00
13.33         	2.178562e-01	-1.607640e-03	-2.084447e+00	1.032314e-03	1.401472e+00	-1.745290e-03	1.099604e-01	1.078958e-01	-2.549110e-03	9.414703e-04	3.592482e-01	-2.443695e+00
13.34         	2.178726e-01	-1.600722e-03	-2.084438e+00	1.027050e-03	1.401486e+00	-1.739305e-03	1.099634e-01	1.079093e-01	-2.539665e-03	9.389437e-04	3.592670e-01	-2.443705e+00
13.35         	2.178869e-01	-1.600002e-03	-2.084433e+00	1.024718e-03	1.401505e+00	-1.736748e-03	1.099682e-01	1.079187e-01	-2.536748e-03	9.367468e-04	3.592882e-01	-2.443721e+00
13.36         	2.179032e-01	-1.598751e-03	-2.084432e+00	1.023425e-03	1.401528e+00	-1.732779e-03	1.099750e-01	1.079282e-01	-2.532154e-03	9.334028e-04	3.593117e-01	-2.443743e+00
13.37         	2.179200e-01	-1.595762e-03	-2.084435e+00	1.022499e-03	1.401556e+00	-1.728508e-03	1.099825e-01	1.079375e-01	-2.526389e-03	9.306274e-04	3.593383e-01	-2.443774e+00
13.38         	2.179408e-01	-1.589419e-03	-2.084447e+00	1.021500e-03	1.401593e+00	-1.722046e-03	1.099919e-01	1.079489e-01	-2.516756e-03	9.273368e-04	3.593696e-01	-2.443817e+00
13.39         	2.179650e-01	-1.585696e-03	-2.084474e+00	1.018569e-03	1.401650e+00	-1.720056e-03	1.100011e-01	1.079639e-01	-2.512904e-03	9.272081e-04	3.594131e-01	-2.443887e+00
13.4          	2.179942e-01	-1.583647e-03	-2.084498e+00	1.019269e-03	1.401703e+00	-1.716101e-03	1.100164e-01	1.079779e-01	-2.507925e-03	9.242779e-04	3.594539e-01	-2.443952e+00
13.41         	2.180204e-01	-1.574216e-03	-2.084524e+00	1.015947e-03	1.401756e+00	-1.709845e-03	1.100261e-01	1.079942e-01	-2.496953e-03	9.227376e-04	3.594941e-01	-2.444018e+00
13.42         	2.191652e-01	-4.515229e-03	-2.083839e+00	2.414019e-03	1.402111e+00	-2.698345e-03	1.119966e-01	1.071686e-01	-4.955960e-03	4.407309e-04	3.601919e-01	-2.444030e+00
13.43         	2.185519e-01	-3.753324e-03	-2.084272e+00	2.076519e-03	1.402077e+00	-2.497542e-03	1.113525e-01	1.071995e-01	-4.374204e-03	6.208807e-04	3.599407e-01	-2.444213e+00
13.44         	2.183360e-01	-2.353719e-03	-2.084679e+00	1.438433e-03	1.402141e+00	-1.975780e-03	1.106064e-01	1.077296e-01	-3.152640e-03	7.989207e-04	3.598011e-01	-2.444480e+00
13.45         	2.181689e-01	-9.241146e-04	-2.085066e+00	7.875176e-04	1.402209e+00	-1.437871e-03	1.098720e-01	1.082969e-01	-1.899929e-03	9.758140e-04	3.596761e-01	-2.444742e+00
13.46         	2.182154e-01	3.942090e-05	-2.085287e+00	3.426579e-04	1.402308e+00	-1.053940e-03	1.094503e-01	1.087650e-01	-1.034230e-03	1.073651e-03	3.596644e-01	-2.444951e+00
13.47         	2.183247e-01	4.205928e-04	-2.085332e+00	1.526323e-04	1.402377e+00	-9.031379e-04	1.093150e-01	1.090097e-01	-6.928415e-04	1.113434e-03	3.597103e-01	-2.445043e+00
13.48         	2.184105e-01	1.385644e-04	-2.085201e+00	2.621597e-04	1.402389e+00	-1.011516e-03	1.094674e-01	1.089431e-01	-9.422335e-04	1.080798e-03	3.597885e-01	-2.444990e+00
13.49         	2.184381e-01	-5.473975e-04	-2.084966e+00	5.535372e-04	1.402368e+00	-1.278196e-03	1.097726e-01	1.086655e-01	-1.551895e-03	1.004498e-03	3.598854e-01	-2.444851e+00
13.5          	2.183877e-01	-1.299133e-03	-2.084707e+00	8.685547e-04	1.402321e+00	-1.572796e-03	1.100624e-01	1.083253e-01	-2.222363e-03	9.232293e-04	3.599677e-01	-2.444675e+00
13.51         	2.183209e-01	-1.935859e-03	-2.084544e+00	1.139215e-03	1.402319e+00	-1.825379e-03	1.102996e-01	1.080212e-01	-2.793309e-03	8.574502e-04	3.600471e-01	-2.444591e+00
13.52         	2.182905e-01	-2.447821e-03	-2.084450e+00	1.371469e-03	1.402362e+00	-2.030488e-03	1.105167e-01	1.077738e-01	-3.254399e-03	8.065777e-04	3.601370e-01	-2.444587e+00
13.53         	2.183022e-01	-2.643270e-03	-2.084508e+00	1.471291e-03	1.402483e+00	-2.103045e-03	1.106224e-01	1.076798e-01	-3.424680e-03	7.814103e-04	3.602286e-01	-2.444737e+00
13.54         	2.183413e-01	-2.382183e-03	-2.084726e+00	1.360013e-03	1.402674e+00	-1.988817e-03	1.105307e-01	1.078106e-01	-3.179909e-03	7.977256e-04	3.603107e-01	-2.445037e+00
13.55         	2.183911e-01	-1.987119e-03	-2.085004e+00	1.194319e-03	1.402883e+00	-1.814914e-03	1.103899e-01	1.080012e-01	-2.808473e-03	8.213540e-04	3.603808e-01	-2.445385e+00
13.56         	2.184573e-01	-1.537576e-03	-2.085271e+00	1.003456e-03	1.403087e+00	-1.619647e-03	1.102321e-01	1.082252e-01	-2.388435e-03	8.508587e-04	3.604518e-01	-2.445723e+00
13.57         	2.185252e-01	-1.160128e-03	-2.085472e+00	8.412035e-04	1.403265e+00	-1.457630e-03	1.101038e-01	1.084214e-01	-2.037694e-03	8.775663e-04	3.605288e-01	-2.446001e+00
13.58         	2.185870e-01	-9.380426e-04	-2.085589e+00	7.431112e-04	1.403409e+00	-1.364393e-03	1.100366e-01	1.085504e-01	-1.833414e-03	8.953712e-04	3.606143e-01	-2.446203e+00
13.59         	2.186397e-01	-8.895084e-04	-2.085641e+00	7.176640e-04	1.403541e+00	-1.349873e-03	1.100375e-01	1.086022e-01	-1.794627e-03	9.051184e-04	3.607202e-01	-2.446361e+00
13.6          	2.186624e-01	-1.006154e-03	-2.085628e+00	7.609315e-04	1.403639e+00	-1.404363e-03	1.100921e-01	1.085703e-01	-1.907440e-03	9.012858e-04	3.608248e-01	-2.446453e+00
13.61         	2.186685e-01	-1.220136e-03	-2.085587e+00	8.472096e-04	1.403724e+00	-1.499199e-03	1.101815e-01	1.084870e-01	-2.109267e-03	8.891309e-04	3.609308e-01	-2.446517e+00
13.62         	2.186710e-01	-1.451184e-03	-2.085556e+00	9.430050e-04	1.403815e+00	-1.597625e-03	1.102785e-01	1.083925e-01	-2.323217e-03	8.720327e-04	3.610368e-01	-2.446593e+00
13.63         	2.186790e-01	-1.629717e-03	-2.085565e+00	1.018387e-03	1.403926e+00	-1.669320e-03	1.103579e-01	1.083211e-01	-2.484178e-03	8.544610e-04	3.611431e-01	-2.446708e+00
13.64         	2.187041e-01	-1.714313e-03	-2.085629e+00	1.055826e-03	1.404065e+00	-1.696038e-03	1.104079e-01	1.082962e-01	-2.553195e-03	8.388821e-04	3.612509e-01	-2.446879e+00
13.65         	2.187436e-01	-1.698013e-03	-2.085740e+00	1.052092e-03	1.404229e+00	-1.675939e-03	1.104239e-01	1.083197e-01	-2.524946e-03	8.269329e-04	3.613586e-01	-2.447099e+00
13.66         	2.187972e-01	-1.603742e-03	-2.085883e+00	1.015214e-03	1.404409e+00	-1.622257e-03	1.104138e-01	1.083834e-01	-2.424128e-03	8.203856e-04	3.614676e-01	-2.447351e+00
13.67         	2.188574e-01	-1.469645e-03	-2.086036e+00	9.602372e-04	1.404599e+00	-1.552216e-03	1.103889e-01	1.084685e-01	-2.287039e-03	8.173936e-04	3.615811e-01	-2.447617e+00
13.68         	2.189168e-01	-1.339140e-03	-2.086177e+00	9.058427e-04	1.404785e+00	-1.484489e-03	1.103642e-01	1.085526e-01	-2.154059e-03	8.149194e-04	3.616966e-01	-2.447874e+00
13.69         	2.189804e-01	-1.244415e-03	-2.086299e+00	8.656834e-04	1.404971e+00	-1.430795e-03	1.103559e-01	1.086245e-01	-2.053002e-03	8.085871e-04	3.618216e-01	-2.448120e+00
13.7          	2.190196e-01	-1.197746e-03	-2.086389e+00	8.468356e-04	1.405141e+00	-1.404953e-03	1.103566e-01	1.086630e-01	-2.003826e-03	8.060804e-04	3.619464e-01	-2.448336e+00
13.71         	2.190470e-01	-1.210108e-03	-2.086454e+00	8.522302e-04	1.405298e+00	-1.408525e-03	1.103757e-01	1.086713e-01	-2.013579e-03	8.034706e-04	3.620709e-01	-2.448525e+00
13.72         	2.190664e-01	-1.259453e-03	-2.086507e+00	8.724588e-04	1.405447e+00	-1.430529e-03	1.104057e-01	1.086607e-01	-2.060256e-03	8.008024e-04	3.621941e-01	-2.448701e+00
13.73         	2.190840e-01	-1.322588e-03	-2.086560e+00	8.984604e-04	1.405599e+00	-1.458701e-03	1.104405e-01	1.086435e-01	-2.119995e-03	7.974073e-04	3.623189e-01	-2.448879e+00
13.74         	2.191417e-01	-1.342501e-03	-2.086648e+00	8.992532e-04	1.405788e+00	-1.471292e-03	1.104701e-01	1.086716e-01	-2.142543e-03	8.000416e-04	3.624645e-01	-2.449112e+00
13.75         	2.193965e-01	-1.791982e-03	-2.087227e+00	8.698781e-04	1.406655e+00	-2.075093e-03	1.105681e-01	1.088284e-01	-2.971084e-03	1.179102e-03	3.630409e-01	-2.450268e+00
13.76         	2.193760e-01	-1.669769e-03	-2.087303e+00	8.742355e-04	1.406770e+00	-1.864907e-03	1.105622e-01	1.088137e-01	-2.699791e-03	1.030023e-03	3.631182e-01	-2.450421e+00
13.77         	2.193811e-01	-1.534528e-03	-2.087490e+00	8.577839e-04	1.407031e+00	-1.664304e-03	1.105483e-01	1.088327e-01	-2.431568e-03	8.970397e-04	3.632864e-01	-2.450776e+00
13.78         	2.194301e-01	-1.383995e-03	-2.087856e+00	8.079251e-04	1.407529e+00	-1.465058e-03	1.105230e-01	1.089071e-01	-2.157056e-03	7.730609e-04	3.636013e-01	-2.451458e+00
13.79         	2.194994e-01	-1.271089e-03	-2.088314e+00	7.554386e-04	1.408148e+00	-1.313215e-03	1.105051e-01	1.089943e-01	-1.948760e-03	6.776704e-04	3.639913e-01	-2.452306e+00
13.8          	2.195926e-01	-1.246124e-03	-2.088705e+00	7.281416e-04	1.408697e+00	-1.272610e-03	1.105245e-01	1.090682e-01	-1.895672e-03	6.495478e-04	3.643442e-01	-2.453049e+00
13.81         	2.196650e-01	-1.256770e-03	-2.088914e+00	7.179594e-04	1.409018e+00	-1.307299e-03	1.105505e-01	1.091146e-01	-1.935684e-03	6.789142e-04	3.645608e-01	-2.453474e+00
13.82         	2.196906e-01	-1.276180e-03	-2.088878e+00	7.300418e-04	1.409031e+00	-1.367904e-03	1.105754e-01	1.091153e-01	-2.005994e-03	7.298139e-04	3.645919e-01	-2.453470e+00
13.83         	2.196673e-01	-1.305373e-03	-2.088601e+00	7.719875e-04	1.408745e+00	-1.433925e-03	1.106056e-01	1.090616e-01	-2.086612e-03	7.812384e-04	3.644449e-01	-2.453046e+00
13.84         	2.196146e-01	-1.327392e-03	-2.088201e+00	8.292973e-04	1.408307e+00	-1.476929e-03	1.106366e-01	1.089780e-01	-2.140625e-03	8.132327e-04	3.642068e-01	-2.452408e+00
13.85         	2.195596e-01	-1.333956e-03	-2.087841e+00	8.822431e-04	1.407922e+00	-1.486519e-03	1.106621e-01	1.088976e-01	-2.153497e-03	8.195415e-04	3.640011e-01	-2.451842e+00
13.86         	2.195320e-01	-1.322191e-03	-2.087655e+00	9.136721e-04	1.407756e+00	-1.462365e-03	1.106797e-01	1.088523e-01	-2.123460e-03	8.012695e-04	3.639281e-01	-2.451583e+00
13.87         	2.195419e-01	-1.295539e-03	-2.087688e+00	9.170379e-04	1.407868e+00	-1.414145e-03	1.106880e-01	1.088539e-01	-2.061915e-03	7.663757e-04	3.640234e-01	-2.451712e+00
13.88         	2.196253e-01	-1.221541e-03	-2.087927e+00	8.729632e-04	1.408244e+00	-1.346942e-03	1.106856e-01	1.089397e-01	-1.957713e-03	7.361716e-04	3.642801e-01	-2.452207e+00
13.89         	2.197013e-01	-1.201591e-03	-2.088291e+00	8.424920e-04	1.408756e+00	-1.299222e-03	1.106931e-01	1.090082e-01	-1.900018e-03	6.984270e-04	3.646107e-01	-2.452902e+00
13.9          	2.197758e-01	-1.187818e-03	-2.088668e+00	8.131144e-04	1.409285e+00	-1.264162e-03	1.107010e-01	1.090748e-01	-1.858071e-03	6.702527e-04	3.649512e-01	-2.453619e+00
13.91         	2.198442e-01	-1.188594e-03	-2.088979e+00	7.970697e-04	1.409738e+00	-1.250370e-03	1.107192e-01	1.091250e-01	-1.844667e-03	6.560733e-04	3.652489e-01	-2.454228e+00
13.92         	2.198955e-01	-1.188795e-03	-2.089189e+00	7.904335e-04	1.410066e+00	-1.249907e-03	1.107382e-01	1.091573e-01	-1.844304e-03	6.555091e-04	3.654716e-01	-2.454661e+00
13.93         	2.199211e-01	-1.184613e-03	-2.089294e+00	7.909718e-04	1.410264e+00	-1.257738e-03	1.107515e-01	1.091696e-01	-1.850045e-03	6.654315e-04	3.656173e-01	-2.454912e+00
13.94         	2.199360e-01	-1.184068e-03	-2.089329e+00	7.988400e-04	1.410379e+00	-1.272536e-03	1.107668e-01	1.091692e-01	-1.864570e-03	6.805019e-04	3.657148e-01	-2.455044e+00
13.95         	2.199405e-01	-1.185702e-03	-2.089324e+00	8.112631e-04	1.410448e+00	-1.285119e-03	1.107815e-01	1.091590e-01	-1.877970e-03	6.922683e-04	3.657863e-01	-2.455110e+00
13.96         	2.199481e-01	-1.185965e-03	-2.089327e+00	8.226928e-04	1.410529e+00	-1.290077e-03	1.107967e-01	1.091513e-01	-1.883060e-03	6.970948e-04	3.658654e-01	-2.455193e+00
13.97         	2.199625e-01	-1.181007e-03	-2.089369e+00	8.294150e-04	1.410658e+00	-1.283014e-03	1.108106e-01	1.091518e-01	-1.873517e-03	6.925109e-04	3.659738e-01	-2.455343e+00
13.98         	2.200714e-01	-1.015297e-03	-2.089450e+00	7.504590e-04	1.410891e+00	-1.213319e-03	1.107862e-01	1.092853e-01	-1.720968e-03	7.056710e-04	3.661664e-01	-2.455616e+00
13.99         	2.200983e-01	-1.063463e-03	-2.089631e+00	7.723906e-04	1.411157e+00	-1.212623e-03	1.108215e-01	1.092768e-01	-1.744354e-03	6.808912e-04	3.663416e-01	-2.455973e+00
14            	2.201308e-01	-1.106587e-03	-2.089845e+00	7.902635e-04	1.411467e+00	-1.207368e-03	1.108556e-01	1.092751e-01	-1.760661e-03	6.540742e-04	3.665444e-01	-2.456390e+00
14.01         	2.201557e-01	-1.147558e-03	-2.090069e+00	8.077512e-04	1.411793e+00	-1.202969e-03	1.108856e-01	1.092701e-01	-1.776748e-03	6.291903e-04	3.667579e-01	-2.456827e+00
14.02         	2.203021e-01	-1.222869e-03	-2.090246e+00	8.038356e-04	1.412074e+00	-1.217421e-03	1.109549e-01	1.093472e-01	-1.828856e-03	6.059865e-04	3.669509e-01	-2.457197e+00
14.03         	2.202905e-01	-1.199313e-03	-2.090437e+00	8.080255e-04	1.412381e+00	-1.190050e-03	1.109533e-01	1.093372e-01	-1.789706e-03	5.903931e-04	3.671627e-01	-2.457600e+00
14.04         	2.202709e-01	-1.147099e-03	-2.090596e+00	8.043847e-04	1.412661e+00	-1.154006e-03	1.109398e-01	1.093311e-01	-1.727556e-03	5.804570e-04	3.673629e-01	-2.457959e+00
14.05         	2.202370e-01	-1.074310e-03	-2.090734e+00	7.972697e-04	1.412920e+00	-1.111477e-03	1.109158e-01	1.093212e-01	-1.648632e-03	5.743220e-04	3.675535e-01	-2.458287e+00
14.06         	2.202102e-01	-1.002320e-03	-2.090871e+00	7.923650e-04	1.413179e+00	-1.070495e-03	1.108974e-01	1.093127e-01	-1.571655e-03	5.693347e-04	3.677437e-01	-2.458614e+00
14.07         	2.202258e-01	-9.595822e-04	-2.091005e+00	7.858745e-04	1.413433e+00	-1.050786e-03	1.108988e-01	1.093270e-01	-1.530577e-03	5.709953e-04	3.679302e-01	-2.458935e+00
14.08         	2.202634e-01	-9.516191e-04	-2.091148e+00	7.823293e-04	1.413689e+00	-1.046114e-03	1.109140e-01	1.093494e-01	-1.521923e-03	5.703042e-04	3.681146e-01	-2.459263e+00
14.09         	2.203174e-01	-9.662137e-04	-2.091306e+00	7.808852e-04	1.413955e+00	-1.053013e-03	1.109396e-01	1.093778e-01	-1.536120e-03	5.699062e-04	3.683024e-01	-2.459608e+00
14.1          	2.203810e-01	-9.889521e-04	-2.091484e+00	7.799294e-04	1.414242e+00	-1.062249e-03	1.109704e-01	1.094106e-01	-1.556725e-03	5.677726e-04	3.685005e-01	-2.459984e+00
14.11         	2.204401e-01	-1.017081e-03	-2.091671e+00	7.799344e-04	1.414538e+00	-1.072213e-03	1.110000e-01	1.094401e-01	-1.580754e-03	5.636721e-04	3.687024e-01	-2.460373e+00
14.12         	2.204914e-01	-1.037277e-03	-2.091862e+00	7.782866e-04	1.414838e+00	-1.076797e-03	1.110240e-01	1.094674e-01	-1.595435e-03	5.581582e-04	3.689074e-01	-2.460769e+00
14.13         	2.205302e-01	-1.043200e-03	-2.092051e+00	7.746356e-04	1.415141e+00	-1.073706e-03	1.110397e-01	1.094905e-01	-1.595306e-03	5.521061e-04	3.691154e-01	-2.461166e+00
14.14         	2.205614e-01	-1.036485e-03	-2.092237e+00	7.705886e-04	1.415444e+00	-1.063186e-03	1.110513e-01	1.095101e-01	-1.581429e-03	5.449432e-04	3.693259e-01	-2.461562e+00
14.15         	2.205819e-01	-1.014608e-03	-2.092416e+00	7.627942e-04	1.415742e+00	-1.045627e-03	1.110538e-01	1.095282e-01	-1.552931e-03	5.383227e-04	3.695345e-01	-2.461950e+00
14.16         	2.206126e-01	-9.996661e-04	-2.092599e+00	7.632408e-04	1.416046e+00	-1.028591e-03	1.110696e-01	1.095431e-01	-1.528424e-03	5.287580e-04	3.697461e-01	-2.462345e+00
14.17         	2.206279e-01	-9.643815e-04	-2.092780e+00	7.535460e-04	1.416341e+00	-1.004843e-03	1.110675e-01	1.095604e-01	-1.487034e-03	5.226521e-04	3.699511e-01	-2.462731e+00
14.18         	2.206456e-01	-9.318740e-04	-2.092959e+00	7.428567e-04	1.416637e+00	-9.825518e-04	1.110656e-01	1.095799e-01	-1.448489e-03	5.166148e-04	3.701577e-01	-2.463117e+00
14.19         	2.206609e-01	-9.127688e-04	-2.093140e+00	7.361767e-04	1.416936e+00	-9.652506e-04	1.110666e-01	1.095943e-01	-1.421635e-03	5.088662e-04	3.703658e-01	-2.463506e+00
14.2          	2.206799e-01	-9.034842e-04	-2.093326e+00	7.321091e-04	1.417239e+00	-9.516176e-04	1.110721e-01	1.096078e-01	-1.403360e-03	4.998755e-04	3.705766e-01	-2.463902e+00
14.21         	2.207007e-01	-9.017209e-04	-2.093516e+00	7.302439e-04	1.417549e+00	-9.426167e-04	1.110806e-01	1.096201e-01	-1.393477e-03	4.917562e-04	3.707909e-01	-2.464307e+00
14.22         	2.207269e-01	-9.027112e-04	-2.093714e+00	7.286080e-04	1.417866e+00	-9.363593e-04	1.110920e-01	1.096348e-01	-1.387715e-03	4.850037e-04	3.710087e-01	-2.464722e+00
14.23         	2.207673e-01	-9.203735e-04	-2.093921e+00	7.365596e-04	1.418193e+00	-9.388379e-04	1.111202e-01	1.096471e-01	-1.399025e-03	4.786512e-04	3.712327e-01	-2.465154e+00
14.24         	2.207968e-01	-9.136135e-04	-2.094135e+00	7.319266e-04	1.418519e+00	-9.321577e-04	1.111303e-01	1.096665e-01	-1.388964e-03	4.753509e-04	3.714518e-01	-2.465587e+00
14.25         	2.208200e-01	-9.028383e-04	-2.094342e+00	7.250420e-04	1.418840e+00	-9.242641e-04	1.111351e-01	1.096850e-01	-1.375683e-03	4.728449e-04	3.716691e-01	-2.466011e+00
14.26         	2.208406e-01	-8.894148e-04	-2.094544e+00	7.166146e-04	1.419157e+00	-9.143961e-04	1.111369e-01	1.097037e-01	-1.359104e-03	4.696888e-04	3.718849e-01	-2.466428e+00
14.27         	2.208621e-01	-8.710160e-04	-2.094739e+00	7.044422e-04	1.419470e+00	-9.014238e-04	1.111355e-01	1.097266e-01	-1.336932e-03	4.659158e-04	3.721003e-01	-2.466840e+00
14.28         	2.208805e-01	-8.594580e-04	-2.094935e+00	6.957854e-04	1.419782e+00	-8.895511e-04	1.111360e-01	1.097445e-01	-1.319280e-03	4.598221e-04	3.723145e-01	-2.467250e+00
14.29         	2.208904e-01	-8.400268e-04	-2.095128e+00	6.861015e-04	1.420093e+00	-8.833847e-04	1.111313e-01	1.097591e-01	-1.303398e-03	4.633713e-04	3.725292e-01	-2.467657e+00
14.3          	2.209111e-01	-8.332164e-04	-2.095326e+00	6.803163e-04	1.420407e+00	-8.696626e-04	1.111359e-01	1.097752e-01	-1.286271e-03	4.530544e-04	3.727441e-01	-2.468071e+00
14.31         	2.209251e-01	-8.315139e-04	-2.095530e+00	6.765612e-04	1.420721e+00	-8.574651e-04	1.111391e-01	1.097860e-01	-1.273222e-03	4.417082e-04	3.729566e-01	-2.468486e+00
14.32         	2.209501e-01	-8.299694e-04	-2.095734e+00	6.726833e-04	1.421038e+00	-8.444546e-04	1.111477e-01	1.098023e-01	-1.259439e-03	4.294699e-04	3.731715e-01	-2.468905e+00
14.33         	2.209744e-01	-8.262219e-04	-2.095942e+00	6.682567e-04	1.421358e+00	-8.325557e-04	1.111554e-01	1.098189e-01	-1.245667e-03	4.194448e-04	3.733867e-01	-2.469329e+00
14.34         	2.210044e-01	-8.257592e-04	-2.096157e+00	6.667307e-04	1.421683e+00	-8.249703e-04	1.111689e-01	1.098355e-01	-1.237850e-03	4.120907e-04	3.736040e-01	-2.469761e+00
14.35         	2.210276e-01	-8.149761e-04	-2.096376e+00	6.600080e-04	1.422006e+00	-8.164369e-04	1.111738e-01	1.098538e-01	-1.223925e-03	4.089488e-04	3.738184e-01	-2.470194e+00
14.36         	2.210492e-01	-8.011600e-04	-2.096593e+00	6.512023e-04	1.422327e+00	-8.089700e-04	1.111758e-01	1.098734e-01	-1.209550e-03	4.083900e-04	3.740306e-01	-2.470623e+00
14.37         	2.210749e-01	-7.867510e-04	-2.096812e+00	6.417663e-04	1.422652e+00	-8.029175e-04	1.111792e-01	1.098957e-01	-1.196293e-03	4.095421e-04	3.742463e-01	-2.471059e+00
14.38         	2.210929e-01	-7.749592e-04	-2.097027e+00	6.329267e-04	1.422969e+00	-7.960817e-04	1.111794e-01	1.099135e-01	-1.183561e-03	4.086021e-04	3.744550e-01	-2.471482e+00
14.39         	2.211060e-01	-7.668026e-04	-2.097234e+00	6.246625e-04	1.423277e+00	-7.892950e-04	1.111777e-01	1.099284e-01	-1.172696e-03	4.058937e-04	3.746601e-01	-2.471894e+00
14.4          	2.211191e-01	-7.617714e-04	-2.097436e+00	6.171701e-04	1.423580e+00	-7.822959e-04	1.111767e-01	1.099424e-01	-1.163182e-03	4.014102e-04	3.748623e-01	-2.472298e+00
14.41         	2.211316e-01	-7.575958e-04	-2.097633e+00	6.100979e-04	1.423879e+00	-7.736624e-04	1.111759e-01	1.099557e-01	-1.152460e-03	3.948645e-04	3.750625e-01	-2.472696e+00
14.42         	2.211474e-01	-7.550172e-04	-2.097830e+00	6.037754e-04	1.424176e+00	-7.666089e-04	1.111775e-01	1.099699e-01	-1.144117e-03	3.891003e-04	3.752611e-01	-2.473091e+00
14.43         	2.211620e-01	-7.537100e-04	-2.098030e+00	5.986562e-04	1.424473e+00	-7.608997e-04	1.111797e-01	1.099823e-01	-1.137755e-03	3.840447e-04	3.754581e-01	-2.473489e+00
14.44         	2.211832e-01	-7.493934e-04	-2.098229e+00	5.925064e-04	1.424768e+00	-7.536656e-04	1.111841e-01	1.099991e-01	-1.128362e-03	3.789689e-04	3.756531e-01	-2.473882e+00
14.45         	2.212030e-01	-7.431217e-04	-2.098425e+00	5.861506e-04	1.425057e+00	-7.468821e-04	1.111876e-01	1.100153e-01	-1.118443e-03	3.753212e-04	3.758440e-01	-2.474269e+00
14.46         	2.212298e-01	-7.416138e-04	-2.098624e+00	5.837700e-04	1.425346e+00	-7.423729e-04	1.111987e-01	1.100311e-01	-1.113180e-03	3.715660e-04	3.760339e-01	-2.474658e+00
14.47         	2.213279e-01	-5.993233e-04	-2.098818e+00	5.086287e-04	1.425665e+00	-6.953767e-04	1.111726e-01	1.101553e-01	-9.950384e-04	3.957150e-04	3.762565e-01	-2.475074e+00
14.48         	2.213363e-01	-6.452025e-04	-2.099034e+00	5.238912e-04	1.425941e+00	-7.085797e-04	1.111920e-01	1.101442e-01	-1.031181e-03	3.859784e-04	3.764236e-01	-2.475457e+00
14.49         	2.213293e-01	-6.952732e-04	-2.099232e+00	5.430036e-04	1.426199e+00	-7.234540e-04	1.112076e-01	1.101216e-01	-1.071091e-03	3.758174e-04	3.765827e-01	-2.475815e+00
14.5          	2.213171e-01	-7.395666e-04	-2.099414e+00	5.607169e-04	1.426445e+00	-7.363326e-04	1.112193e-01	1.100978e-01	-1.106116e-03	3.665493e-04	3.767375e-01	-2.476152e+00
14.51         	2.213139e-01	-7.626324e-04	-2.099585e+00	5.684562e-04	1.426688e+00	-7.398638e-04	1.112254e-01	1.100885e-01	-1.121180e-03	3.585476e-04	3.768953e-01	-2.476481e+00
14.52         	2.213106e-01	-7.686547e-04	-2.099748e+00	5.685611e-04	1.426925e+00	-7.377910e-04	1.112239e-01	1.100867e-01	-1.122118e-03	3.534636e-04	3.770505e-01	-2.476799e+00
14.53         	2.213120e-01	-7.534463e-04	-2.099902e+00	5.590176e-04	1.427157e+00	-7.288541e-04	1.112150e-01	1.100970e-01	-1.105577e-03	3.521310e-04	3.772061e-01	-2.477108e+00
14.54         	2.213209e-01	-7.239037e-04	-2.100048e+00	5.430716e-04	1.427382e+00	-7.141154e-04	1.112035e-01	1.101174e-01	-1.076067e-03	3.521635e-04	3.773580e-01	-2.477406e+00
14.55         	2.213340e-01	-6.919967e-04	-2.100192e+00	5.264861e-04	1.427601e+00	-6.984318e-04	1.111935e-01	1.101405e-01	-1.044430e-03	3.524334e-04	3.775054e-01	-2.477698e+00
14.56         	2.213541e-01	-6.670212e-04	-2.100344e+00	5.115264e-04	1.427826e+00	-6.864445e-04	1.111886e-01	1.101655e-01	-1.019955e-03	3.529339e-04	3.776538e-01	-2.477998e+00
14.57         	2.213774e-01	-6.540221e-04	-2.100498e+00	5.021983e-04	1.428047e+00	-6.794049e-04	1.111909e-01	1.101865e-01	-1.006416e-03	3.523939e-04	3.777977e-01	-2.478296e+00
14.58         	2.214000e-01	-6.492711e-04	-2.100651e+00	4.964776e-04	1.428257e+00	-6.764334e-04	1.111965e-01	1.102035e-01	-1.001069e-03	3.517979e-04	3.779318e-01	-2.478583e+00
14.59         	2.214191e-01	-6.547689e-04	-2.100804e+00	4.945087e-04	1.428462e+00	-6.788791e-04	1.112041e-01	1.102151e-01	-1.006264e-03	3.514947e-04	3.780600e-01	-2.478864e+00
14.6          	2.214458e-01	-6.743442e-04	-2.100959e+00	5.005879e-04	1.428666e+00	-6.858083e-04	1.112235e-01	1.102223e-01	-1.022980e-03	3.486362e-04	3.781866e-01	-2.479145e+00
14.61         	2.213545e-01	-6.609394e-04	-2.101141e+00	4.875550e-04	1.428834e+00	-6.629369e-04	1.111648e-01	1.101897e-01	-9.934066e-04	3.324673e-04	3.782640e-01	-2.479405e+00
14.62         	2.214063e-01	-6.571506e-04	-2.101274e+00	4.812487e-04	1.429029e+00	-6.649247e-04	1.111844e-01	1.102219e-01	-9.935000e-04	3.363494e-04	3.783924e-01	-2.479666e+00
14.63         	2.214601e-01	-6.622471e-04	-2.101392e+00	4.800075e-04	1.429212e+00	-6.680611e-04	1.112101e-01	1.102501e-01	-9.991846e-04	3.369375e-04	3.785167e-01	-2.479908e+00
14.64         	2.215174e-01	-6.654249e-04	-2.101494e+00	4.786455e-04	1.429384e+00	-6.700072e-04	1.112374e-01	1.102801e-01	-1.002720e-03	3.372948e-04	3.786367e-01	-2.480131e+00
14.65         	2.215607e-01	-6.646572e-04	-2.101590e+00	4.767040e-04	1.429541e+00	-6.688141e-04	1.112571e-01	1.103036e-01	-1.001143e-03	3.364855e-04	3.787459e-01	-2.480336e+00
14.66         	2.215833e-01	-6.589344e-04	-2.101685e+00	4.727524e-04	1.429682e+00	-6.654658e-04	1.112644e-01	1.103189e-01	-9.949330e-04	3.359986e-04	3.788398e-01	-2.480525e+00
14.67         	2.215846e-01	-6.509332e-04	-2.101781e+00	4.679640e-04	1.429810e+00	-6.601583e-04	1.112602e-01	1.103243e-01	-9.856249e-04	3.346917e-04	3.789192e-01	-2.480700e+00
14.68         	2.215758e-01	-6.437504e-04	-2.101876e+00	4.635528e-04	1.429925e+00	-6.558140e-04	1.112515e-01	1.103244e-01	-9.776892e-04	3.339388e-04	3.789872e-01	-2.480863e+00
14.69         	2.215610e-01	-6.377665e-04	-2.101968e+00	4.597491e-04	1.430029e+00	-6.524973e-04	1.112403e-01	1.103208e-01	-9.713806e-04	3.336140e-04	3.790453e-01	-2.481013e+00
14.7          	2.215517e-01	-6.338903e-04	-2.102054e+00	4.572703e-04	1.430124e+00	-6.489298e-04	1.112331e-01	1.103186e-01	-9.658749e-04	3.319847e-04	3.790967e-01	-2.481151e+00
14.71         	2.215481e-01	-6.319038e-04	-2.102131e+00	4.554575e-04	1.430209e+00	-6.472473e-04	1.112295e-01	1.103186e-01	-9.631992e-04	3.312955e-04	3.791428e-01	-2.481274e+00
14.72         	2.215870e-01	-6.020842e-04	-2.102211e+00	4.374581e-04	1.430305e+00	-6.346544e-04	1.112310e-01	1.103561e-01	-9.356965e-04	3.336123e-04	3.791995e-01	-2.481411e+00
14.73         	2.216072e-01	-6.141742e-04	-2.102287e+00	4.412267e-04	1.430382e+00	-6.364273e-04	1.112448e-01	1.103624e-01	-9.435144e-04	3.293401e-04	3.792388e-01	-2.481526e+00
14.74         	2.216234e-01	-6.283173e-04	-2.102347e+00	4.474480e-04	1.430447e+00	-6.395141e-04	1.112591e-01	1.103642e-01	-9.536728e-04	3.253555e-04	3.792732e-01	-2.481620e+00
14.75         	2.216365e-01	-6.352154e-04	-2.102384e+00	4.518846e-04	1.430492e+00	-6.385573e-04	1.112701e-01	1.103664e-01	-9.561650e-04	3.209496e-04	3.793002e-01	-2.481684e+00
14.76         	2.216500e-01	-6.339270e-04	-2.102407e+00	4.538142e-04	1.430525e+00	-6.344045e-04	1.112788e-01	1.103712e-01	-9.513679e-04	3.174410e-04	3.793219e-01	-2.481729e+00
14.77         	2.216626e-01	-6.311575e-04	-2.102414e+00	4.500944e-04	1.430539e+00	-6.355051e-04	1.112814e-01	1.103812e-01	-9.510839e-04	3.199264e-04	3.793325e-01	-2.481746e+00
14.78         	2.216748e-01	-6.178253e-04	-2.102430e+00	4.483257e-04	1.430563e+00	-6.275339e-04	1.112857e-01	1.103891e-01	-9.364466e-04	3.186213e-04	3.793481e-01	-2.481779e+00
14.79         	2.216856e-01	-6.065631e-04	-2.102446e+00	4.459975e-04	1.430581e+00	-6.221543e-04	1.112888e-01	1.103968e-01	-9.254359e-04	3.188728e-04	3.793576e-01	-2.481804e+00
14.8          	2.216984e-01	-5.993150e-04	-2.102463e+00	4.436699e-04	1.430592e+00	-6.191752e-04	1.112929e-01	1.104055e-01	-9.188326e-04	3.195177e-04	3.793607e-01	-2.481824e+00
14.81         	2.217134e-01	-5.988205e-04	-2.102481e+00	4.433686e-04	1.430601e+00	-6.186221e-04	1.113001e-01	1.104134e-01	-9.180323e-04	3.192118e-04	3.793601e-01	-2.481842e+00
14.82         	2.217335e-01	-5.952802e-04	-2.102498e+00	4.400268e-04	1.430603e+00	-6.180024e-04	1.113068e-01	1.104267e-01	-9.156425e-04	3.203623e-04	3.793536e-01	-2.481851e+00
14.83         	2.217502e-01	-5.964774e-04	-2.102508e+00	4.389096e-04	1.430593e+00	-6.164487e-04	1.113140e-01	1.104362e-01	-9.146874e-04	3.182100e-04	3.793391e-01	-2.481847e+00
14.84         	2.217674e-01	-5.976139e-04	-2.102511e+00	4.378849e-04	1.430574e+00	-6.131224e-04	1.113216e-01	1.104458e-01	-9.119293e-04	3.143154e-04	3.793184e-01	-2.481829e+00
14.85         	2.217956e-01	-6.098985e-04	-2.102510e+00	4.450593e-04	1.430553e+00	-6.140180e-04	1.113428e-01	1.104527e-01	-9.189673e-04	3.090688e-04	3.792979e-01	-2.481808e+00
14.86         	2.218130e-01	-6.025742e-04	-2.102504e+00	4.419635e-04	1.430521e+00	-6.092220e-04	1.113485e-01	1.104646e-01	-9.105091e-04	3.079349e-04	3.792688e-01	-2.481773e+00
14.87         	2.218259e-01	-5.922749e-04	-2.102486e+00	4.366699e-04	1.430478e+00	-6.017972e-04	1.113496e-01	1.104763e-01	-8.979346e-04	3.056598e-04	3.792353e-01	-2.481721e+00
14.88         	2.218457e-01	-5.823546e-04	-2.102482e+00	4.256245e-04	1.430460e+00	-5.986857e-04	1.113485e-01	1.104972e-01	-8.898630e-04	3.075084e-04	3.792189e-01	-2.481701e+00
14.89         	2.218553e-01	-5.788595e-04	-2.102460e+00	4.193829e-04	1.430416e+00	-5.979828e-04	1.113470e-01	1.105082e-01	-8.874125e-04	3.085530e-04	3.791859e-01	-2.481646e+00
14.9          	2.218710e-01	-5.818862e-04	-2.102428e+00	4.179197e-04	1.430359e+00	-5.995280e-04	1.113534e-01	1.105176e-01	-8.904711e-04	3.085849e-04	3.791447e-01	-2.481572e+00
14.91         	2.218791e-01	-5.846597e-04	-2.102390e+00	4.152270e-04	1.430290e+00	-6.036976e-04	1.113548e-01	1.105243e-01	-8.960274e-04	3.113677e-04	3.790946e-01	-2.481485e+00
14.92         	2.218899e-01	-5.853055e-04	-2.102336e+00	4.136217e-04	1.430198e+00	-6.051553e-04	1.113586e-01	1.105313e-01	-8.978080e-04	3.125025e-04	3.790296e-01	-2.481366e+00
14.93         	2.219017e-01	-5.848955e-04	-2.102267e+00	4.123669e-04	1.430085e+00	-6.058318e-04	1.113632e-01	1.105385e-01	-8.982796e-04	3.133840e-04	3.789514e-01	-2.481219e+00
14.94         	2.219165e-01	-5.831839e-04	-2.102191e+00	4.120856e-04	1.429961e+00	-6.055309e-04	1.113703e-01	1.105462e-01	-8.971228e-04	3.139389e-04	3.788658e-01	-2.481057e+00
14.95         	2.219317e-01	-5.813886e-04	-2.102109e+00	4.120138e-04	1.429831e+00	-6.048467e-04	1.113779e-01	1.105538e-01	-8.955410e-04	3.141524e-04	3.787765e-01	-2.480886e+00
14.96         	2.219574e-01	-5.842959e-04	-2.102030e+00	4.142372e-04	1.429705e+00	-6.055506e-04	1.113929e-01	1.105645e-01	-8.976986e-04	3.134027e-04	3.786900e-01	-2.480720e+00
14.97         	2.219794e-01	-5.788515e-04	-2.101951e+00	4.107607e-04	1.429576e+00	-6.060002e-04	1.114005e-01	1.105790e-01	-8.954260e-04	3.165745e-04	3.786001e-01	-2.480551e+00
14.98         	2.219964e-01	-5.777495e-04	-2.101869e+00	4.085730e-04	1.429440e+00	-6.074237e-04	1.114068e-01	1.105896e-01	-8.962984e-04	3.185490e-04	3.785057e-01	-2.480375e+00
14.99         	2.220079e-01	-5.783958e-04	-2.101778e+00	4.064355e-04	1.429294e+00	-6.093713e-04	1.114104e-01	1.105975e-01	-8.985692e-04	3.201734e-04	3.784056e-01	-2.480183e+00
15            	2.220204e-01	-5.835421e-04	-2.101678e+00	4.063512e-04	1.429139e+00	-6.133427e-04	1.114165e-01	1.106038e-01	-9.051138e-04	3.215716e-04	3.783002e-01	-2.479978e+00
15.01         	2.220330e-01	-5.850663e-04	-2.101597e+00	4.085372e-04	1.429009e+00	-6.145226e-04	1.114250e-01	1.106080e-01	-9.070558e-04	3.219895e-04	3.782102e-01	-2.479807e+00
15.02         	2.220408e-01	-5.859286e-04	-2.101490e+00	4.073860e-04	1.428842e+00	-6.172890e-04	1.114278e-01	1.106130e-01	-9.102533e-04	3.243247e-04	3.780970e-01	-2.479587e+00
15.03         	2.220472e-01	-5.871341e-04	-2.101359e+00	4.059816e-04	1.428644e+00	-6.207439e-04	1.114296e-01	1.106176e-01	-9.143110e-04	3.271768e-04	3.779644e-01	-2.479323e+00
15.04         	2.220576e-01	-5.873736e-04	-2.101211e+00	4.035522e-04	1.428423e+00	-6.243163e-04	1.114323e-01	1.106252e-01	-9.180031e-04	3.306296e-04	3.778179e-01	-2.479029e+00
15.05         	2.220690e-01	-5.901372e-04	-2.101055e+00	4.027267e-04	1.428192e+00	-6.288383e-04	1.114372e-01	1.106318e-01	-9.239069e-04	3.337697e-04	3.776644e-01	-2.478719e+00
15.06         	2.220856e-01	-5.896679e-04	-2.100898e+00	3.996553e-04	1.427959e+00	-6.331106e-04	1.114425e-01	1.106432e-01	-9.279446e-04	3.382767e-04	3.775096e-01	-2.478408e+00
15.07         	2.220994e-01	-5.940646e-04	-2.100742e+00	3.988772e-04	1.427725e+00	-6.391617e-04	1.114486e-01	1.106508e-01	-9.361939e-04	3.421294e-04	3.773538e-01	-2.478096e+00
15.08         	2.221144e-01	-6.006943e-04	-2.100588e+00	3.992699e-04	1.427494e+00	-6.462214e-04	1.114564e-01	1.106579e-01	-9.465686e-04	3.458743e-04	3.772000e-01	-2.477788e+00
15.09         	2.221255e-01	-6.073485e-04	-2.100438e+00	3.999737e-04	1.427269e+00	-6.542224e-04	1.114627e-01	1.106628e-01	-9.578967e-04	3.505482e-04	3.770494e-01	-2.477488e+00
15.1          	2.221361e-01	-6.137719e-04	-2.100288e+00	4.009080e-04	1.427042e+00	-6.622830e-04	1.114690e-01	1.106671e-01	-9.691690e-04	3.553971e-04	3.768980e-01	-2.477186e+00
15.11         	2.221444e-01	-6.195723e-04	-2.100132e+00	4.017694e-04	1.426809e+00	-6.691928e-04	1.114740e-01	1.106704e-01	-9.789789e-04	3.594066e-04	3.767431e-01	-2.476875e+00
15.12         	2.221600e-01	-6.209374e-04	-2.099973e+00	3.995571e-04	1.426573e+00	-6.751329e-04	1.114795e-01	1.106804e-01	-9.856015e-04	3.646642e-04	3.765862e-01	-2.476559e+00
15.13         	2.221684e-01	-6.267304e-04	-2.099808e+00	4.000638e-04	1.426324e+00	-6.814598e-04	1.114843e-01	1.106841e-01	-9.948250e-04	3.680946e-04	3.764203e-01	-2.476228e+00
15.14         	2.221771e-01	-6.316506e-04	-2.099632e+00	4.003832e-04	1.426062e+00	-6.867545e-04	1.114889e-01	1.106881e-01	-1.002580e-03	3.709292e-04	3.762463e-01	-2.475879e+00
15.15         	2.221940e-01	-6.387277e-04	-2.099455e+00	4.023663e-04	1.425799e+00	-6.931239e-04	1.114994e-01	1.106946e-01	-1.012488e-03	3.737600e-04	3.760715e-01	-2.475526e+00
15.16         	2.222025e-01	-6.413084e-04	-2.099271e+00	4.018934e-04	1.425522e+00	-6.978230e-04	1.115031e-01	1.106994e-01	-1.018477e-03	3.771688e-04	3.758864e-01	-2.475157e+00
15.17         	2.222060e-01	-6.427627e-04	-2.099076e+00	4.010645e-04	1.425233e+00	-7.020922e-04	1.115041e-01	1.107019e-01	-1.023474e-03	3.807108e-04	3.756949e-01	-2.474771e+00
15.18         	2.222090e-01	-6.445876e-04	-2.098872e+00	4.005507e-04	1.424934e+00	-7.072699e-04	1.115050e-01	1.107039e-01	-1.029564e-03	3.849761e-04	3.754981e-01	-2.474370e+00
15.19         	2.222118e-01	-6.494263e-04	-2.098661e+00	4.017603e-04	1.424628e+00	-7.138572e-04	1.115077e-01	1.107042e-01	-1.038570e-03	3.891440e-04	3.752980e-01	-2.473959e+00
15.2          	2.222161e-01	-6.543030e-04	-2.098447e+00	4.028583e-04	1.424318e+00	-7.211094e-04	1.115109e-01	1.107052e-01	-1.048261e-03	3.939579e-04	3.750945e-01	-2.473541e+00
15.21         	2.222202e-01	-6.589588e-04	-2.098228e+00	4.041347e-04	1.424002e+00	-7.280423e-04	1.115142e-01	1.107059e-01	-1.057522e-03	3.985629e-04	3.748878e-01	-2.473116e+00
15.22         	2.222294e-01	-6.601711e-04	-2.098009e+00	4.043573e-04	1.423685e+00	-7.325667e-04	1.115191e-01	1.107103e-01	-1.062652e-03	4.024812e-04	3.746800e-01	-2.472689e+00
15.23         	2.222368e-01	-6.655849e-04	-2.097788e+00	4.068098e-04	1.423364e+00	-7.386528e-04	1.115252e-01	1.107116e-01	-1.071445e-03	4.058604e-04	3.744694e-01	-2.472258e+00
15.24         	2.222458e-01	-6.702833e-04	-2.097567e+00	4.085547e-04	1.423041e+00	-7.438366e-04	1.115315e-01	1.107144e-01	-1.078978e-03	4.086949e-04	3.742578e-01	-2.471825e+00
15.25         	2.222523e-01	-6.748388e-04	-2.097344e+00	4.104246e-04	1.422716e+00	-7.482293e-04	1.115366e-01	1.107157e-01	-1.085649e-03	4.108098e-04	3.740441e-01	-2.471388e+00
15.26         	2.222637e-01	-6.839102e-04	-2.097118e+00	4.151641e-04	1.422387e+00	-7.545408e-04	1.115470e-01	1.107167e-01	-1.096496e-03	4.125857e-04	3.738286e-01	-2.470946e+00
15.27         	2.222782e-01	-6.950324e-04	-2.096891e+00	4.215874e-04	1.422057e+00	-7.616901e-04	1.115607e-01	1.107175e-01	-1.109206e-03	4.141739e-04	3.736119e-01	-2.470503e+00
15.28         	2.222848e-01	-6.942246e-04	-2.096658e+00	4.206882e-04	1.421716e+00	-7.653169e-04	1.115631e-01	1.107217e-01	-1.112429e-03	4.182046e-04	3.733871e-01	-2.470046e+00
15.29         	2.222886e-01	-6.911045e-04	-2.096434e+00	4.205366e-04	1.421389e+00	-7.670017e-04	1.115648e-01	1.107237e-01	-1.112554e-03	4.214495e-04	3.731714e-01	-2.469606e+00
15.3          	2.222897e-01	-6.882667e-04	-2.096198e+00	4.179651e-04	1.421047e+00	-7.696575e-04	1.115628e-01	1.107269e-01	-1.113791e-03	4.255242e-04	3.729482e-01	-2.469146e+00
15.31         	2.222895e-01	-6.881637e-04	-2.095952e+00	4.150334e-04	1.420694e+00	-7.742155e-04	1.115598e-01	1.107297e-01	-1.118297e-03	4.301336e-04	3.727181e-01	-2.468670e+00
15.32         	2.222881e-01	-6.931955e-04	-2.095701e+00	4.138161e-04	1.420334e+00	-7.798139e-04	1.115579e-01	1.107303e-01	-1.126412e-03	4.332162e-04	3.724832e-01	-2.468185e+00
15.33         	2.222864e-01	-6.994688e-04	-2.095444e+00	4.137797e-04	1.419966e+00	-7.853385e-04	1.115570e-01	1.107294e-01	-1.135073e-03	4.356042e-04	3.722435e-01	-2.467688e+00
15.34         	2.222880e-01	-7.066084e-04	-2.095184e+00	4.151590e-04	1.419593e+00	-7.915668e-04	1.115591e-01	1.107288e-01	-1.144871e-03	4.382626e-04	3.720004e-01	-2.467185e+00
15.35         	2.222917e-01	-7.147826e-04	-2.094921e+00	4.177927e-04	1.419217e+00	-7.980762e-04	1.115636e-01	1.107280e-01	-1.155468e-03	4.406849e-04	3.717563e-01	-2.466678e+00
15.36         	2.222991e-01	-7.218653e-04	-2.094657e+00	4.201318e-04	1.418839e+00	-8.044812e-04	1.115697e-01	1.107294e-01	-1.165414e-03	4.435486e-04	3.715104e-01	-2.466167e+00
15.37         	2.223093e-01	-7.281372e-04	-2.094397e+00	4.228868e-04	1.418468e+00	-8.109964e-04	1.115775e-01	1.107317e-01	-1.175065e-03	4.469278e-04	3.712699e-01	-2.465667e+00
15.38         	2.223183e-01	-7.321781e-04	-2.094142e+00	4.239136e-04	1.418102e+00	-8.172380e-04	1.115830e-01	1.107352e-01	-1.183327e-03	4.511490e-04	3.710306e-01	-2.465172e+00
15.39         	2.223305e-01	-7.306238e-04	-2.093887e+00	4.204486e-04	1.417736e+00	-8.223997e-04	1.115857e-01	1.107448e-01	-1.187712e-03	4.570878e-04	3.707922e-01	-2.464680e+00
15.4          	2.223373e-01	-7.356832e-04	-2.093629e+00	4.203250e-04	1.417363e+00	-8.287194e-04	1.115890e-01	1.107483e-01	-1.196561e-03	4.608778e-04	3.705481e-01	-2.464177e+00
15.41         	2.223402e-01	-7.393939e-04	-2.093362e+00	4.201580e-04	1.416980e+00	-8.333934e-04	1.115903e-01	1.107499e-01	-1.203090e-03	4.636964e-04	3.702985e-01	-2.463661e+00
15.42         	2.224766e-01	-1.012085e-03	-2.093057e+00	5.534795e-04	1.416645e+00	-9.249764e-04	1.117918e-01	1.106848e-01	-1.431019e-03	4.189338e-04	3.701170e-01	-2.463174e+00
15.43         	2.224606e-01	-9.207923e-04	-2.092816e+00	5.132398e-04	1.416250e+00	-8.965893e-04	1.117435e-01	1.107171e-01	-1.356985e-03	4.361932e-04	3.698417e-01	-2.462657e+00
15.44         	2.224354e-01	-8.105029e-04	-2.092562e+00	4.618866e-04	1.415839e+00	-8.620551e-04	1.116796e-01	1.107558e-01	-1.267307e-03	4.568036e-04	3.695574e-01	-2.462120e+00
15.45         	2.224141e-01	-7.147693e-04	-2.092302e+00	4.183729e-04	1.415423e+00	-8.324898e-04	1.116254e-01	1.107887e-01	-1.189874e-03	4.751052e-04	3.692722e-01	-2.461574e+00
15.46         	2.223848e-01	-6.312626e-04	-2.092022e+00	3.780781e-04	1.414991e+00	-8.069987e-04	1.115705e-01	1.108143e-01	-1.122630e-03	4.913674e-04	3.689799e-01	-2.461002e+00
15.47         	2.223603e-01	-6.024123e-04	-2.091717e+00	3.614427e-04	1.414552e+00	-8.024022e-04	1.115416e-01	1.108187e-01	-1.103608e-03	5.011960e-04	3.686938e-01	-2.460411e+00
15.48         	2.223567e-01	-6.277466e-04	-2.091422e+00	3.634501e-04	1.414153e+00	-8.194444e-04	1.115418e-01	1.108149e-01	-1.133318e-03	5.055711e-04	3.684416e-01	-2.459864e+00
15.49         	2.223511e-01	-6.923532e-04	-2.091096e+00	3.869414e-04	1.413724e+00	-8.511186e-04	1.115625e-01	1.107886e-01	-1.197295e-03	5.049420e-04	3.681765e-01	-2.459272e+00
15.5          	2.223834e-01	-7.340938e-04	-2.090784e+00	3.965280e-04	1.413315e+00	-8.749948e-04	1.115882e-01	1.107952e-01	-1.242042e-03	5.079478e-04	3.679232e-01	-2.458707e+00
15.51         	2.223913e-01	-8.149244e-04	-2.090473e+00	4.282877e-04	1.412885e+00	-9.094291e-04	1.116239e-01	1.107673e-01	-1.316891e-03	5.019669e-04	3.676481e-01	-2.458121e+00
15.52         	2.223998e-01	-8.653448e-04	-2.090161e+00	4.495587e-04	1.412446e+00	-9.306894e-04	1.116494e-01	1.107503e-01	-1.363362e-03	4.980170e-04	3.673658e-01	-2.457527e+00
15.53         	2.224059e-01	-8.806098e-04	-2.089848e+00	4.580152e-04	1.412001e+00	-9.371905e-04	1.116610e-01	1.107449e-01	-1.377495e-03	4.968856e-04	3.670771e-01	-2.456925e+00
15.54         	2.224134e-01	-8.642300e-04	-2.089535e+00	4.535745e-04	1.411551e+00	-9.308134e-04	1.116603e-01	1.107531e-01	-1.362928e-03	4.986984e-04	3.667837e-01	-2.456319e+00
15.55         	2.224197e-01	-8.291907e-04	-2.089221e+00	4.409148e-04	1.411098e+00	-9.181206e-04	1.116508e-01	1.107689e-01	-1.332716e-03	5.035252e-04	3.664873e-01	-2.455708e+00
15.56         	2.224272e-01	-7.897927e-04	-2.088909e+00	4.247400e-04	1.410646e+00	-9.047376e-04	1.116383e-01	1.107889e-01	-1.299634e-03	5.098412e-04	3.661919e-01	-2.455101e+00
15.57         	2.224379e-01	-7.627277e-04	-2.088599e+00	4.139306e-04	1.410201e+00	-8.957688e-04	1.116329e-01	1.108050e-01	-1.277133e-03	5.144049e-04	3.659013e-01	-2.454500e+00
15.58         	2.224465e-01	-7.445562e-04	-2.088289e+00	4.046955e-04	1.409755e+00	-8.917437e-04	1.116279e-01	1.108186e-01	-1.264022e-03	5.194656e-04	3.656105e-01	-2.453899e+00
15.59         	2.224511e-01	-7.425422e-04	-2.087973e+00	4.008958e-04	1.409305e+00	-8.932335e-04	1.116264e-01	1.108246e-01	-1.264505e-03	5.219624e-04	3.653186e-01	-2.453292e+00
15.6          	2.224807e-01	-7.267097e-04	-2.087663e+00	3.851315e-04	1.408866e+00	-8.908262e-04	1.116255e-01	1.108552e-01	-1.254181e-03	5.274713e-04	3.650349e-01	-2.452698e+00
15.61         	2.224859e-01	-7.635859e-04	-2.087348e+00	3.957342e-04	1.408410e+00	-9.059400e-04	1.116387e-01	1.108472e-01	-1.287733e-03	5.241470e-04	3.647356e-01	-2.452084e+00
15.62         	2.224958e-01	-7.882151e-04	-2.087020e+00	4.009537e-04	1.407944e+00	-9.159426e-04	1.116488e-01	1.108469e-01	-1.310050e-03	5.218351e-04	3.644336e-01	-2.451454e+00
15.63         	2.224961e-01	-8.169450e-04	-2.086681e+00	4.104445e-04	1.407464e+00	-9.290321e-04	1.116585e-01	1.108376e-01	-1.337505e-03	5.205596e-04	3.641240e-01	-2.450805e+00
15.64         	2.224963e-01	-8.311326e-04	-2.086330e+00	4.159775e-04	1.406975e+00	-9.364051e-04	1.116641e-01	1.108322e-01	-1.351971e-03	5.208389e-04	3.638096e-01	-2.450140e+00
15.65         	2.224969e-01	-8.304766e-04	-2.085973e+00	4.163912e-04	1.406479e+00	-9.386175e-04	1.116649e-01	1.108321e-01	-1.353856e-03	5.233792e-04	3.634925e-01	-2.449465e+00
15.66         	2.225035e-01	-8.211825e-04	-2.085617e+00	4.139243e-04	1.405984e+00	-9.379861e-04	1.116657e-01	1.108378e-01	-1.348577e-03	5.273949e-04	3.631759e-01	-2.448793e+00
15.67         	2.225111e-01	-8.062352e-04	-2.085264e+00	4.083662e-04	1.405491e+00	-9.347215e-04	1.116639e-01	1.108472e-01	-1.337839e-03	5.316039e-04	3.628588e-01	-2.448122e+00
15.68         	2.225388e-01	-8.089121e-04	-2.084925e+00	4.130145e-04	1.405010e+00	-9.366049e-04	1.116824e-01	1.108564e-01	-1.341061e-03	5.321489e-04	3.625477e-01	-2.447473e+00
15.69         	2.225522e-01	-7.937032e-04	-2.084587e+00	4.064184e-04	1.404521e+00	-9.343799e-04	1.116825e-01	1.108697e-01	-1.331231e-03	5.375282e-04	3.622280e-01	-2.446815e+00
15.7          	2.225635e-01	-7.854504e-04	-2.084247e+00	4.014804e-04	1.404033e+00	-9.331571e-04	1.116832e-01	1.108803e-01	-1.325882e-03	5.404319e-04	3.619093e-01	-2.446156e+00
15.71         	2.225748e-01	-7.803805e-04	-2.083897e+00	3.955125e-04	1.403538e+00	-9.321631e-04	1.116829e-01	1.108919e-01	-1.322353e-03	5.419729e-04	3.615890e-01	-2.445486e+00
15.72         	2.225867e-01	-7.834600e-04	-2.083543e+00	3.918743e-04	1.403037e+00	-9.329984e-04	1.116852e-01	1.109015e-01	-1.324728e-03	5.412683e-04	3.612654e-01	-2.444809e+00
15.73         	2.225939e-01	-7.953839e-04	-2.083183e+00	3.928986e-04	1.402530e+00	-9.372302e-04	1.116898e-01	1.109040e-01	-1.334922e-03	5.395383e-04	3.609390e-01	-2.444122e+00
15.74         	2.226172e-01	-8.226517e-04	-2.082830e+00	4.043169e-04	1.402034e+00	-9.483734e-04	1.117129e-01	1.109043e-01	-1.359699e-03	5.370475e-04	3.606194e-01	-2.443449e+00
15.75         	2.226257e-01	-8.225346e-04	-2.082475e+00	4.023735e-04	1.401530e+00	-9.508377e-04	1.117152e-01	1.109105e-01	-1.362105e-03	5.395704e-04	3.602920e-01	-2.442767e+00
15.76         	2.226325e-01	-8.185386e-04	-2.082114e+00	3.983809e-04	1.401019e+00	-9.525846e-04	1.117147e-01	1.109179e-01	-1.361854e-03	5.433153e-04	3.599625e-01	-2.442076e+00
15.77         	2.226405e-01	-8.023137e-04	-2.081774e+00	3.980612e-04	1.400540e+00	-9.384225e-04	1.117183e-01	1.109222e-01	-1.339579e-03	5.372657e-04	3.596527e-01	-2.441427e+00
15.78         	2.226464e-01	-7.977790e-04	-2.081408e+00	3.919946e-04	1.400026e+00	-9.417785e-04	1.117152e-01	1.109312e-01	-1.340668e-03	5.428890e-04	3.593222e-01	-2.440730e+00
15.79         	2.226530e-01	-7.979888e-04	-2.081032e+00	3.863338e-04	1.399502e+00	-9.478488e-04	1.117129e-01	1.109402e-01	-1.346843e-03	5.488544e-04	3.589862e-01	-2.440019e+00
15.8          	2.226648e-01	-8.031130e-04	-2.080656e+00	3.823038e-04	1.398976e+00	-9.566369e-04	1.117147e-01	1.109501e-01	-1.358193e-03	5.550804e-04	3.586483e-01	-2.439304e+00
15.81         	2.226839e-01	-8.122836e-04	-2.080284e+00	3.818436e-04	1.398457e+00	-9.659571e-04	1.117238e-01	1.109601e-01	-1.372099e-03	5.598153e-04	3.583148e-01	-2.438599e+00
15.82         	2.227011e-01	-8.167033e-04	-2.079919e+00	3.806373e-04	1.397941e+00	-9.717583e-04	1.117312e-01	1.109699e-01	-1.380110e-03	5.634066e-04	3.579813e-01	-2.437900e+00
15.83         	2.227150e-01	-8.193722e-04	-2.079556e+00	3.798643e-04	1.397428e+00	-9.743890e-04	1.117374e-01	1.109777e-01	-1.384075e-03	5.647029e-04	3.576496e-01	-2.437206e+00
15.84         	2.227307e-01	-8.215827e-04	-2.079214e+00	3.770475e-04	1.396940e+00	-9.764888e-04	1.117424e-01	1.109883e-01	-1.387280e-03	5.656975e-04	3.573336e-01	-2.436547e+00
15.85         	2.227480e-01	-8.294384e-04	-2.078862e+00	3.792116e-04	1.396444e+00	-9.781812e-04	1.117532e-01	1.109948e-01	-1.392900e-03	5.634620e-04	3.570128e-01	-2.435875e+00
15.86         	2.227612e-01	-8.214514e-04	-2.078508e+00	3.750824e-04	1.395941e+00	-9.739942e-04	1.117557e-01	1.110055e-01	-1.384720e-03	5.632685e-04	3.566868e-01	-2.435195e+00
15.87         	2.227703e-01	-8.166032e-04	-2.078140e+00	3.732783e-04	1.395421e+00	-9.726615e-04	1.117584e-01	1.110119e-01	-1.380963e-03	5.643599e-04	3.563514e-01	-2.434491e+00
15.88         	2.227780e-01	-8.070251e-04	-2.077770e+00	3.698272e-04	1.394901e+00	-9.632193e-04	1.117588e-01	1.110192e-01	-1.366732e-03	5.597068e-04	3.560161e-01	-2.433786e+00
15.89         	2.227938e-01	-7.916955e-04	-2.077400e+00	3.609414e-04	1.394381e+00	-9.535105e-04	1.117578e-01	1.110360e-01	-1.349358e-03	5.576628e-04	3.556816e-01	-2.433081e+00
15.9          	2.228211e-01	-8.041208e-04	-2.077037e+00	3.680628e-04	1.393867e+00	-9.547046e-04	1.117786e-01	1.110425e-01	-1.356765e-03	5.526442e-04	3.553485e-01	-2.432386e+00
15.91         	2.228326e-01	-7.978279e-04	-2.076670e+00	3.648165e-04	1.393343e+00	-9.512053e-04	1.117811e-01	1.110515e-01	-1.350119e-03	5.522913e-04	3.550083e-01	-2.431678e+00
15.92         	2.228408e-01	-7.945032e-04	-2.076298e+00	3.617654e-04	1.392819e+00	-9.502845e-04	1.117822e-01	1.110586e-01	-1.347536e-03	5.530329e-04	3.546702e-01	-2.430968e+00
15.93         	2.228456e-01	-7.936716e-04	-2.075918e+00	3.591755e-04	1.392290e+00	-9.515826e-04	1.117820e-01	1.110636e-01	-1.348418e-03	5.547468e-04	3.543313e-01	-2.430249e+00
15.94         	2.228531e-01	-7.939368e-04	-2.075538e+00	3.576966e-04	1.391765e+00	-9.515557e-04	1.117843e-01	1.110689e-01	-1.348524e-03	5.545874e-04	3.539963e-01	-2.429534e+00
15.95         	2.231581e-01	-4.444419e-05	-2.074979e+00	-1.072090e-05	1.391335e+00	-6.913376e-04	1.115683e-01	1.115898e-01	-7.135597e-04	6.691155e-04	3.538454e-01	-2.428824e+00
15.96         	2.231155e-01	-2.698689e-04	-2.074704e+00	9.142174e-05	1.390832e+00	-7.730940e-04	1.116492e-01	1.114663e-01	-9.080285e-04	6.381596e-04	3.534799e-01	-2.428184e+00
15.97         	2.230558e-01	-5.658886e-04	-2.074453e+00	2.280608e-04	1.390330e+00	-8.828663e-04	1.117560e-01	1.112999e-01	-1.165811e-03	5.999220e-04	3.531040e-01	-2.427557e+00
15.98         	2.229820e-01	-9.036845e-04	-2.074212e+00	3.867537e-04	1.389824e+00	-1.008460e-03	1.118777e-01	1.111042e-01	-1.460303e-03	5.566181e-04	3.527182e-01	-2.426930e+00
15.99         	2.229120e-01	-1.191635e-03	-2.073951e+00	5.235615e-04	1.389312e+00	-1.113147e-03	1.119795e-01	1.109324e-01	-1.708965e-03	5.173296e-04	3.523362e-01	-2.426287e+00
16            	2.228715e-01	-1.323172e-03	-2.073631e+00	5.868618e-04	1.388793e+00	-1.155619e-03	1.120226e-01	1.108489e-01	-1.817205e-03	4.940329e-04	3.519772e-01	-2.425608e+00
16.01         	2.228634e-01	-1.265425e-03	-2.073224e+00	5.622729e-04	1.388255e+00	-1.123690e-03	1.119940e-01	1.108694e-01	-1.756403e-03	4.909778e-04	3.516425e-01	-2.424867e+00
16.02         	2.228765e-01	-1.077547e-03	-2.072758e+00	4.780650e-04	1.387706e+00	-1.043613e-03	1.119163e-01	1.109602e-01	-1.582386e-03	5.048395e-04	3.513263e-01	-2.424085e+00
16.03         	2.229073e-01	-8.695238e-04	-2.072291e+00	3.881078e-04	1.387170e+00	-9.572192e-04	1.118418e-01	1.110656e-01	-1.391981e-03	5.224574e-04	3.510242e-01	-2.423315e+00
16.04         	2.229392e-01	-6.557758e-04	-2.071849e+00	2.928976e-04	1.386652e+00	-8.721461e-04	1.117625e-01	1.111767e-01	-1.200034e-03	5.442582e-04	3.507274e-01	-2.422576e+00
16.05         	2.229704e-01	-5.141982e-04	-2.071447e+00	2.281444e-04	1.386155e+00	-8.178944e-04	1.117134e-01	1.112571e-01	-1.074993e-03	5.607953e-04	3.504316e-01	-2.421879e+00
16.06         	2.230012e-01	-4.632932e-04	-2.071091e+00	2.027148e-04	1.385677e+00	-8.002391e-04	1.117033e-01	1.112979e-01	-1.031886e-03	5.685925e-04	3.501314e-01	-2.421223e+00
16.07         	2.230273e-01	-5.049001e-04	-2.070779e+00	2.174362e-04	1.385218e+00	-8.213818e-04	1.117311e-01	1.112962e-01	-1.073832e-03	5.689317e-04	3.498279e-01	-2.420607e+00
16.08         	2.230698e-01	-5.882761e-04	-2.070510e+00	2.471446e-04	1.384785e+00	-8.595798e-04	1.117821e-01	1.112878e-01	-1.153718e-03	5.654417e-04	3.495301e-01	-2.420040e+00
16.09         	2.231345e-01	-7.823979e-04	-2.070255e+00	3.352532e-04	1.384373e+00	-9.343345e-04	1.119025e-01	1.112320e-01	-1.325533e-03	5.431355e-04	3.492456e-01	-2.419501e+00
16.1          	2.231423e-01	-8.624764e-04	-2.069997e+00	3.698387e-04	1.383930e+00	-9.687618e-04	1.119410e-01	1.112013e-01	-1.400000e-03	5.375236e-04	3.489319e-01	-2.418929e+00
16.11         	2.231323e-01	-9.030605e-04	-2.069700e+00	3.866661e-04	1.383468e+00	-9.864652e-04	1.119528e-01	1.111795e-01	-1.437995e-03	5.349349e-04	3.486180e-01	-2.418318e+00
16.12         	2.231150e-01	-9.014431e-04	-2.069364e+00	3.846599e-04	1.382989e+00	-9.853910e-04	1.119422e-01	1.111728e-01	-1.436113e-03	5.346695e-04	3.483063e-01	-2.417671e+00
16.13         	2.230967e-01	-8.665732e-04	-2.068997e+00	3.678143e-04	1.382498e+00	-9.704875e-04	1.119162e-01	1.111805e-01	-1.403774e-03	5.372009e-04	3.479995e-01	-2.416996e+00
16.14         	2.230951e-01	-7.921036e-04	-2.068696e+00	3.650210e-04	1.382119e+00	-9.097193e-04	1.119126e-01	1.111825e-01	-1.305771e-03	5.136675e-04	3.477712e-01	-2.416467e+00
16.15         	2.230922e-01	-7.460724e-04	-2.068300e+00	3.333259e-04	1.381608e+00	-8.967197e-04	1.118794e-01	1.112128e-01	-1.269756e-03	5.236835e-04	3.474585e-01	-2.415758e+00
16.16         	2.234433e-01	1.597434e-04	-2.067693e+00	-1.228072e-04	1.381200e+00	-5.897376e-04	1.115989e-01	1.118445e-01	-5.098659e-04	6.696093e-04	3.473532e-01	-2.415046e+00
16.17         	2.233969e-01	-9.370620e-05	-2.067435e+00	-2.266130e-05	1.380717e+00	-6.957630e-04	1.116758e-01	1.117211e-01	-7.426161e-04	6.489099e-04	3.469997e-01	-2.414435e+00
16.18         	2.233364e-01	-4.550000e-04	-2.067234e+00	1.320160e-04	1.380258e+00	-8.426583e-04	1.118002e-01	1.115362e-01	-1.070158e-03	6.151583e-04	3.466415e-01	-2.413875e+00
16.19         	2.232597e-01	-8.781790e-04	-2.067078e+00	3.255016e-04	1.379827e+00	-1.005076e-03	1.119553e-01	1.113043e-01	-1.444166e-03	5.659867e-04	3.462884e-01	-2.413366e+00
16.2          	2.231953e-01	-1.234545e-03	-2.066928e+00	4.960207e-04	1.379423e+00	-1.129611e-03	1.120937e-01	1.111016e-01	-1.746883e-03	5.123383e-04	3.459592e-01	-2.412887e+00
16.21         	2.231558e-01	-1.412562e-03	-2.066713e+00	5.886958e-04	1.379019e+00	-1.176949e-03	1.121666e-01	1.109892e-01	-1.883230e-03	4.706678e-04	3.456627e-01	-2.412376e+00
16.22         	2.231484e-01	-1.348859e-03	-2.066391e+00	5.698109e-04	1.378593e+00	-1.129682e-03	1.121440e-01	1.110044e-01	-1.804112e-03	4.552527e-04	3.453974e-01	-2.411788e+00
16.23         	2.231571e-01	-1.120162e-03	-2.065982e+00	4.744845e-04	1.378144e+00	-1.021201e-03	1.120530e-01	1.111040e-01	-1.581282e-03	4.611203e-04	3.451530e-01	-2.411135e+00
16.24         	2.231738e-01	-8.379982e-04	-2.065540e+00	3.528927e-04	1.377684e+00	-8.977269e-04	1.119398e-01	1.112340e-01	-1.316726e-03	4.787279e-04	3.449140e-01	-2.410454e+00
16.25         	2.231996e-01	-5.715580e-04	-2.065112e+00	2.337256e-04	1.377232e+00	-7.863752e-04	1.118335e-01	1.113661e-01	-1.072154e-03	5.005962e-04	3.446764e-01	-2.409788e+00
16.26         	2.232338e-01	-3.914631e-04	-2.064731e+00	1.491074e-04	1.376798e+00	-7.145156e-04	1.117660e-01	1.114678e-01	-9.102471e-04	5.187840e-04	3.444327e-01	-2.409164e+00
16.27         	2.232735e-01	-3.239902e-04	-2.064413e+00	1.123028e-04	1.376389e+00	-6.922053e-04	1.117490e-01	1.115244e-01	-8.542004e-04	5.302102e-04	3.441829e-01	-2.408596e+00
16.28         	2.233153e-01	-3.670929e-04	-2.064162e+00	1.247207e-04	1.376012e+00	-7.152082e-04	1.117824e-01	1.115329e-01	-8.987547e-04	5.316618e-04	3.439314e-01	-2.408094e+00
16.29         	2.233502e-01	-4.866407e-04	-2.063950e+00	1.713853e-04	1.375648e+00	-7.690841e-04	1.118465e-01	1.115037e-01	-1.012404e-03	5.257638e-04	3.436733e-01	-2.407623e+00
16.3          	2.233786e-01	-6.344385e-04	-2.063749e+00	2.319244e-04	1.375286e+00	-8.324922e-04	1.119212e-01	1.114574e-01	-1.149711e-03	5.152729e-04	3.434112e-01	-2.407160e+00
16.31         	2.233967e-01	-7.662302e-04	-2.063535e+00	2.868586e-04	1.374917e+00	-8.861657e-04	1.119852e-01	1.114115e-01	-1.269281e-03	5.030506e-04	3.431491e-01	-2.406684e+00
16.32         	2.234081e-01	-8.509561e-04	-2.063291e+00	3.226477e-04	1.374533e+00	-9.171192e-04	1.120267e-01	1.113814e-01	-1.342597e-03	4.916411e-04	3.428877e-01	-2.406179e+00
16.33         	2.234124e-01	-8.752603e-04	-2.063011e+00	3.334337e-04	1.374134e+00	-9.202852e-04	1.120396e-01	1.113727e-01	-1.357915e-03	4.826550e-04	3.426289e-01	-2.405640e+00
16.34         	2.234154e-01	-8.444275e-04	-2.062702e+00	3.205969e-04	1.373725e+00	-8.985957e-04	1.120283e-01	1.113871e-01	-1.320810e-03	4.763820e-04	3.423738e-01	-2.405075e+00
16.35         	2.234273e-01	-7.830049e-04	-2.062380e+00	2.953969e-04	1.373318e+00	-8.635994e-04	1.120090e-01	1.114182e-01	-1.255102e-03	4.720970e-04	3.421279e-01	-2.404508e+00
16.36         	2.234736e-01	-7.411203e-04	-2.062075e+00	2.820781e-04	1.372938e+00	-8.349265e-04	1.120189e-01	1.114547e-01	-1.205487e-03	4.643663e-04	3.419002e-01	-2.403975e+00
16.37         	2.234877e-01	-6.499534e-04	-2.061781e+00	2.417113e-04	1.372547e+00	-7.922487e-04	1.119855e-01	1.115021e-01	-1.117225e-03	4.672720e-04	3.416566e-01	-2.403438e+00
16.38         	2.234985e-01	-5.860634e-04	-2.061488e+00	2.109809e-04	1.372155e+00	-7.620504e-04	1.119602e-01	1.115383e-01	-1.055082e-03	4.690187e-04	3.414106e-01	-2.402899e+00
16.39         	2.235070e-01	-5.586218e-04	-2.061200e+00	1.948028e-04	1.371766e+00	-7.471811e-04	1.119483e-01	1.115587e-01	-1.026492e-03	4.678702e-04	3.411656e-01	-2.402365e+00
16.4          	2.235181e-01	-5.655486e-04	-2.060917e+00	1.929466e-04	1.371380e+00	-7.462873e-04	1.119520e-01	1.115661e-01	-1.029062e-03	4.635130e-04	3.409211e-01	-2.401838e+00
16.41         	2.235356e-01	-6.006091e-04	-2.060662e+00	1.995986e-04	1.371028e+00	-7.618227e-04	1.119674e-01	1.115682e-01	-1.062127e-03	4.615182e-04	3.406970e-01	-2.401359e+00
16.42         	2.235645e-01	-6.303164e-04	-2.060403e+00	2.057914e-04	1.370668e+00	-7.715643e-04	1.119880e-01	1.115764e-01	-1.086722e-03	4.564060e-04	3.404667e-01	-2.400870e+00
16.43         	2.235843e-01	-6.659898e-04	-2.060128e+00	2.184788e-04	1.370286e+00	-7.803257e-04	1.120106e-01	1.115737e-01	-1.113321e-03	4.473308e-04	3.402219e-01	-2.400349e+00
16.44         	2.236020e-01	-6.854362e-04	-2.059837e+00	2.273715e-04	1.369889e+00	-7.808435e-04	1.120284e-01	1.115736e-01	-1.123562e-03	4.381254e-04	3.399701e-01	-2.399807e+00
16.45         	2.236167e-01	-6.832566e-04	-2.059537e+00	2.291735e-04	1.369485e+00	-7.712148e-04	1.120375e-01	1.115792e-01	-1.112843e-03	4.295865e-04	3.397164e-01	-2.399253e+00
16.46         	2.236330e-01	-6.625004e-04	-2.059232e+00	2.236071e-04	1.369080e+00	-7.532459e-04	1.120401e-01	1.115929e-01	-1.084496e-03	4.219958e-04	3.394644e-01	-2.398696e+00
16.47         	2.236707e-01	-6.547182e-04	-2.058939e+00	2.279676e-04	1.368696e+00	-7.388663e-04	1.120633e-01	1.116074e-01	-1.066225e-03	4.115072e-04	3.392264e-01	-2.398166e+00
16.48         	2.236933e-01	-6.126370e-04	-2.058653e+00	2.132065e-04	1.368309e+00	-7.145310e-04	1.120598e-01	1.116334e-01	-1.020849e-03	4.082125e-04	3.389830e-01	-2.397636e+00
16.49         	2.237114e-01	-5.761823e-04	-2.058369e+00	1.976853e-04	1.367930e+00	-6.940292e-04	1.120534e-01	1.116580e-01	-9.821204e-04	4.059380e-04	3.387459e-01	-2.397115e+00
16.5          	2.237296e-01	-5.525852e-04	-2.058087e+00	1.853249e-04	1.367556e+00	-6.796668e-04	1.120501e-01	1.116795e-01	-9.559594e-04	4.033741e-04	3.385129e-01	-2.396600e+00
16.51         	2.238134e-01	-4.303849e-04	-2.057800e+00	1.191049e-04	1.367217e+00	-6.331047e-04	1.120258e-01	1.117876e-01	-8.482971e-04	4.179122e-04	3.383166e-01	-2.396117e+00
16.52         	2.238294e-01	-4.815312e-04	-2.057548e+00	1.378311e-04	1.366854e+00	-6.451298e-04	1.120525e-01	1.117769e-01	-8.858954e-04	4.043642e-04	3.380804e-01	-2.395628e+00
16.53         	2.238364e-01	-5.409789e-04	-2.057283e+00	1.630081e-04	1.366482e+00	-6.609226e-04	1.120812e-01	1.117552e-01	-9.314121e-04	3.904332e-04	3.378401e-01	-2.395123e+00
16.54         	2.238420e-01	-5.907382e-04	-2.057006e+00	1.867555e-04	1.366102e+00	-6.738250e-04	1.121077e-01	1.117342e-01	-9.691941e-04	3.784559e-04	3.375988e-01	-2.394605e+00
16.55         	2.238549e-01	-6.146280e-04	-2.056720e+00	1.994553e-04	1.365721e+00	-6.768170e-04	1.121269e-01	1.117280e-01	-9.841310e-04	3.695030e-04	3.373612e-01	-2.394081e+00
16.56         	2.238728e-01	-6.150748e-04	-2.056438e+00	2.068745e-04	1.365352e+00	-6.632864e-04	1.121433e-01	1.117295e-01	-9.708238e-04	3.557490e-04	3.371330e-01	-2.393571e+00
16.57         	2.238800e-01	-5.964031e-04	-2.056140e+00	2.024076e-04	1.364965e+00	-6.481343e-04	1.121424e-01	1.117376e-01	-9.463358e-04	3.499327e-04	3.368946e-01	-2.393034e+00
16.58         	2.239031e-01	-5.656830e-04	-2.055837e+00	1.919067e-04	1.364581e+00	-6.308323e-04	1.121435e-01	1.117596e-01	-9.136738e-04	3.479908e-04	3.366630e-01	-2.392500e+00
16.59         	2.239505e-01	-5.526915e-04	-2.055552e+00	1.912393e-04	1.364223e+00	-6.198059e-04	1.121665e-01	1.117840e-01	-8.961517e-04	3.434602e-04	3.364465e-01	-2.391999e+00
16.6          	2.239832e-01	-5.137686e-04	-2.055276e+00	1.758424e-04	1.363862e+00	-5.999499e-04	1.121674e-01	1.118157e-01	-8.568342e-04	3.430656e-04	3.362239e-01	-2.391500e+00
16.61         	2.240106e-01	-4.850649e-04	-2.055000e+00	1.636596e-04	1.363501e+00	-5.833527e-04	1.121690e-01	1.118416e-01	-8.258852e-04	3.408203e-04	3.360012e-01	-2.391001e+00
16.62         	2.240410e-01	-4.744701e-04	-2.054728e+00	1.595912e-04	1.363146e+00	-5.722206e-04	1.121801e-01	1.118609e-01	-8.094556e-04	3.349856e-04	3.357819e-01	-2.390510e+00
16.63         	2.240699e-01	-4.766585e-04	-2.054472e+00	1.571401e-04	1.362809e+00	-5.721148e-04	1.121921e-01	1.118778e-01	-8.104441e-04	3.337856e-04	3.355735e-01	-2.390045e+00
16.64         	2.240984e-01	-4.756899e-04	-2.054208e+00	1.556672e-04	1.362465e+00	-5.650302e-04	1.122049e-01	1.118936e-01	-8.028752e-04	3.271853e-04	3.353611e-01	-2.389569e+00
16.65         	2.241216e-01	-4.805125e-04	-2.053944e+00	1.589880e-04	1.362119e+00	-5.576160e-04	1.122198e-01	1.119018e-01	-7.978722e-04	3.173598e-04	3.351466e-01	-2.389091e+00
16.66         	2.241457e-01	-4.839336e-04	-2.053679e+00	1.628563e-04	1.361773e+00	-5.501292e-04	1.122357e-01	1.119100e-01	-7.920960e-04	3.081624e-04	3.349328e-01	-2.388612e+00
16.67         	2.241701e-01	-4.836449e-04	-2.053412e+00	1.658023e-04	1.361426e+00	-5.424541e-04	1.122509e-01	1.119193e-01	-7.842766e-04	3.006317e-04	3.347199e-01	-2.388132e+00
16.68         	2.241981e-01	-4.778943e-04	-2.053144e+00	1.666853e-04	1.361080e+00	-5.335518e-04	1.122657e-01	1.119323e-01	-7.724990e-04	2.946046e-04	3.345080e-01	-2.387652e+00
16.69         	2.242274e-01	-4.675036e-04	-2.052878e+00	1.658662e-04	1.360738e+00	-5.244592e-04	1.122795e-01	1.119478e-01	-7.582110e-04	2.907074e-04	3.342990e-01	-2.387177e+00
16.7          	2.242644e-01	-4.538181e-04	-2.052622e+00	1.645793e-04	1.360411e+00	-5.134175e-04	1.122968e-01	1.119676e-01	-7.403265e-04	2.865084e-04	3.340999e-01	-2.386722e+00
16.71         	2.242979e-01	-4.434900e-04	-2.052381e+00	1.606571e-04	1.360100e+00	-5.080638e-04	1.123096e-01	1.119883e-01	-7.298088e-04	2.863188e-04	3.339091e-01	-2.386290e+00
16.72         	2.243426e-01	-4.399800e-04	-2.052143e+00	1.624869e-04	1.359793e+00	-5.030557e-04	1.123338e-01	1.120088e-01	-7.230457e-04	2.830658e-04	3.337218e-01	-2.385865e+00
16.73         	2.243770e-01	-4.275016e-04	-2.051905e+00	1.604741e-04	1.359481e+00	-4.929923e-04	1.123490e-01	1.120280e-01	-7.067431e-04	2.792415e-04	3.335289e-01	-2.385434e+00
16.74         	2.244085e-01	-4.174249e-04	-2.051666e+00	1.597136e-04	1.359170e+00	-4.835489e-04	1.123640e-01	1.120445e-01	-6.922613e-04	2.748365e-04	3.333369e-01	-2.385003e+00
16.75         	2.244370e-01	-4.107791e-04	-2.051426e+00	1.600920e-04	1.358860e+00	-4.750212e-04	1.123786e-01	1.120584e-01	-6.804108e-04	2.696316e-04	3.331469e-01	-2.384573e+00
16.76         	2.244666e-01	-4.020895e-04	-2.051197e+00	1.619409e-04	1.358565e+00	-4.624537e-04	1.123953e-01	1.120714e-01	-6.634985e-04	2.614090e-04	3.329670e-01	-2.384164e+00
16.77         	2.244962e-01	-3.982372e-04	-2.050962e+00	1.639764e-04	1.358266e+00	-4.552298e-04	1.124121e-01	1.120841e-01	-6.543484e-04	2.561112e-04	3.327850e-01	-2.383747e+00
16.78         	2.245286e-01	-3.938388e-04	-2.050728e+00	1.648929e-04	1.357967e+00	-4.487636e-04	1.124292e-01	1.120994e-01	-6.456829e-04	2.518442e-04	3.326033e-01	-2.383331e+00
16.79         	2.245607e-01	-3.938345e-04	-2.050509e+00	1.634924e-04	1.357687e+00	-4.490170e-04	1.124439e-01	1.121169e-01	-6.459343e-04	2.520997e-04	3.324320e-01	-2.382941e+00
16.8          	2.245959e-01	-3.903304e-04	-2.050286e+00	1.627185e-04	1.357400e+00	-4.457289e-04	1.124607e-01	1.121352e-01	-6.408941e-04	2.505637e-04	3.322569e-01	-2.382543e+00
16.81         	2.246540e-01	-3.632732e-04	-2.050076e+00	1.486289e-04	1.357130e+00	-4.344107e-04	1.124756e-01	1.121784e-01	-6.160473e-04	2.527741e-04	3.320920e-01	-2.382168e+00
16.82         	2.246975e-01	-3.708224e-04	-2.049869e+00	1.549886e-04	1.356853e+00	-4.337937e-04	1.125038e-01	1.121938e-01	-6.192049e-04	2.483825e-04	3.319185e-01	-2.381788e+00
16.83         	2.247339e-01	-3.752819e-04	-2.049661e+00	1.620078e-04	1.356578e+00	-4.310932e-04	1.125289e-01	1.122049e-01	-6.187342e-04	2.434523e-04	3.317479e-01	-2.381409e+00
16.84         	2.247649e-01	-3.698194e-04	-2.049468e+00	1.690443e-04	1.356325e+00	-4.215598e-04	1.125515e-01	1.122134e-01	-6.064695e-04	2.366501e-04	3.315909e-01	-2.381058e+00
16.85         	2.247920e-01	-3.644629e-04	-2.049269e+00	1.728495e-04	1.356070e+00	-4.174410e-04	1.125688e-01	1.122231e-01	-5.996724e-04	2.352096e-04	3.314355e-01	-2.380704e+00
16.86         	2.248206e-01	-3.566910e-04	-2.049068e+00	1.742797e-04	1.355816e+00	-4.128955e-04	1.125846e-01	1.122360e-01	-5.912410e-04	2.345500e-04	3.312821e-01	-2.380351e+00
16.87         	2.248490e-01	-3.478650e-04	-2.048870e+00	1.738802e-04	1.355565e+00	-4.070542e-04	1.125984e-01	1.122506e-01	-5.809867e-04	2.331217e-04	3.311304e-01	-2.380000e+00
16.88         	2.248789e-01	-3.409397e-04	-2.048677e+00	1.729988e-04	1.355318e+00	-4.032034e-04	1.126125e-01	1.122665e-01	-5.736732e-04	2.327335e-04	3.309791e-01	-2.379657e+00
16.89         	2.249166e-01	-3.344419e-04	-2.048492e+00	1.723485e-04	1.355082e+00	-3.985154e-04	1.126307e-01	1.122860e-01	-5.657364e-04	2.312945e-04	3.308355e-01	-2.379328e+00
16.9          	2.249624e-01	-3.318363e-04	-2.048322e+00	1.750219e-04	1.354862e+00	-3.938119e-04	1.126562e-01	1.123062e-01	-5.597300e-04	2.278938e-04	3.307011e-01	-2.379023e+00
16.91         	2.250053e-01	-3.284796e-04	-2.048159e+00	1.763093e-04	1.354647e+00	-3.898338e-04	1.126790e-01	1.123264e-01	-5.540736e-04	2.255939e-04	3.305680e-01	-2.378727e+00
16.92         	2.250497e-01	-3.224946e-04	-2.048003e+00	1.760423e-04	1.354440e+00	-3.848359e-04	1.127009e-01	1.123488e-01	-5.460833e-04	2.235886e-04	3.304388e-01	-2.378441e+00
16.93         	2.250898e-01	-3.197835e-04	-2.047850e+00	1.780601e-04	1.354237e+00	-3.818083e-04	1.127230e-01	1.123668e-01	-5.417000e-04	2.219165e-04	3.303118e-01	-2.378162e+00
16.94         	2.251285e-01	-3.159064e-04	-2.047701e+00	1.795268e-04	1.354038e+00	-3.780988e-04	1.127438e-01	1.123847e-01	-5.360520e-04	2.201456e-04	3.301880e-01	-2.377889e+00
16.95         	2.251634e-01	-3.124336e-04	-2.047556e+00	1.812807e-04	1.353846e+00	-3.736598e-04	1.127630e-01	1.124004e-01	-5.298766e-04	2.174431e-04	3.300686e-01	-2.377624e+00
16.96         	2.251983e-01	-3.085080e-04	-2.047414e+00	1.831153e-04	1.353661e+00	-3.693670e-04	1.127822e-01	1.124160e-01	-5.236210e-04	2.151130e-04	3.299539e-01	-2.377368e+00
16.97         	2.252333e-01	-3.039209e-04	-2.047281e+00	1.855787e-04	1.353487e+00	-3.639402e-04	1.128022e-01	1.124311e-01	-5.159007e-04	2.119798e-04	3.298471e-01	-2.377128e+00
16.98         	2.252702e-01	-2.975364e-04	-2.047155e+00	1.874661e-04	1.353323e+00	-3.577645e-04	1.128225e-01	1.124476e-01	-5.065327e-04	2.089963e-04	3.297457e-01	-2.376900e+00
16.99         	2.253043e-01	-2.900149e-04	-2.047038e+00	1.886942e-04	1.353169e+00	-3.513169e-04	1.128408e-01	1.124635e-01	-4.963244e-04	2.063094e-04	3.296499e-01	-2.376687e+00
17            	2.258464e-01	1.047794e-03	-2.046563e+00	-4.575578e-04	1.353146e+00	1.191193e-04	1.124656e-01	1.133807e-01	6.430161e-04	4.047776e-04	3.298644e-01	-2.376428e+00
17.01         	2.258553e-01	7.728029e-04	-2.046622e+00	-3.330121e-04	1.353063e+00	1.973338e-05	1.125947e-01	1.132607e-01	4.061348e-04	3.666681e-04	3.297515e-01	-2.376374e+00
17.02         	2.257621e-01	1.963191e-04	-2.046746e+00	-6.358683e-05	1.352944e+00	-1.938422e-04	1.128174e-01	1.129446e-01	-9.568261e-05	2.920017e-04	3.295709e-01	-2.376317e+00
17.03         	2.256275e-01	-4.920090e-04	-2.046910e+00	2.631872e-04	1.352827e+00	-4.474685e-04	1.130769e-01	1.125506e-01	-6.934730e-04	2.014640e-04	3.293723e-01	-2.376282e+00
17.04         	2.254889e-01	-1.116737e-03	-2.047045e+00	5.628504e-04	1.352700e+00	-6.733803e-04	1.133073e-01	1.121816e-01	-1.231749e-03	1.150116e-04	3.291775e-01	-2.376222e+00
17.05         	2.253986e-01	-1.492374e-03	-2.047063e+00	7.496908e-04	1.352560e+00	-8.062610e-04	1.134490e-01	1.119496e-01	-1.552448e-03	6.007400e-05	3.290287e-01	-2.376091e+00
17.06         	2.253951e-01	-1.353105e-03	-2.046885e+00	6.934792e-04	1.352394e+00	-7.408421e-04	1.133911e-01	1.120041e-01	-1.417395e-03	6.428942e-05	3.289516e-01	-2.375837e+00
17.07         	2.254281e-01	-9.251594e-04	-2.046573e+00	5.096900e-04	1.352202e+00	-5.618999e-04	1.132238e-01	1.122044e-01	-1.024480e-03	9.932019e-05	3.289155e-01	-2.375489e+00
17.08         	2.254782e-01	-4.152805e-04	-2.046240e+00	2.914550e-04	1.352018e+00	-3.492110e-04	1.130306e-01	1.124477e-01	-5.568512e-04	1.415707e-04	3.288983e-01	-2.375138e+00
17.09         	2.255550e-01	7.719311e-05	-2.045959e+00	7.748013e-05	1.351877e+00	-1.412384e-04	1.128550e-01	1.127000e-01	-1.026418e-04	1.798349e-04	3.288972e-01	-2.374856e+00
17.1          	2.256433e-01	4.147306e-04	-2.045802e+00	-6.797427e-05	1.351806e+00	4.204553e-06	1.127537e-01	1.128896e-01	2.115699e-04	2.031607e-04	3.289050e-01	-2.374706e+00
17.11         	2.257274e-01	5.225051e-04	-2.045769e+00	-1.137137e-04	1.351788e+00	5.142114e-05	1.127500e-01	1.129774e-01	3.126737e-04	2.098314e-04	3.289036e-01	-2.374673e+00
17.12         	2.258078e-01	4.154703e-04	-2.045844e+00	-6.549988e-05	1.351814e+00	6.408114e-06	1.128384e-01	1.129694e-01	2.141433e-04	2.013271e-04	3.288921e-01	-2.374736e+00
17.13         	2.258707e-01	1.748569e-04	-2.045980e+00	4.142363e-05	1.351859e+00	-9.742053e-05	1.129768e-01	1.128939e-01	-9.992067e-06	1.848490e-04	3.288690e-01	-2.374849e+00
17.14         	2.263841e-01	-5.381038e-04	-2.046568e+00	8.600690e-05	1.352586e+00	-9.762860e-04	1.132780e-01	1.131060e-01	-1.245338e-03	7.072342e-04	3.293022e-01	-2.375870e+00
17.15         	2.263097e-01	-7.158217e-04	-2.046646e+00	2.144980e-04	1.352546e+00	-9.346449e-04	1.133694e-01	1.129404e-01	-1.292556e-03	5.767340e-04	3.292228e-01	-2.375869e+00
17.16         	2.262322e-01	-7.851435e-04	-2.046682e+00	3.080144e-04	1.352495e+00	-8.389521e-04	1.134241e-01	1.128081e-01	-1.231524e-03	4.463803e-04	3.291535e-01	-2.375836e+00
17.17         	2.259806e-01	-6.601250e-04	-2.046684e+00	3.580303e-04	1.352428e+00	-4.896150e-04	1.133483e-01	1.126323e-01	-8.196775e-04	1.595525e-04	3.290860e-01	-2.375770e+00
17.18         	2.257619e-01	-7.581118e-04	-2.046578e+00	6.077284e-04	1.352383e+00	-1.502532e-05	1.134887e-01	1.122732e-01	-3.940812e-04	-3.640306e-04	3.290934e-01	-2.375672e+00
17.19         	2.256387e-01	-4.976250e-04	-2.046735e+00	5.347459e-04	1.352526e+00	1.608414e-04	1.133541e-01	1.122846e-01	-8.797109e-05	-4.096539e-04	3.291585e-01	-2.375894e+00
17.2          	2.257004e-01	-2.702247e-04	-2.046850e+00	3.957029e-04	1.352652e+00	1.231013e-04	1.132459e-01	1.124545e-01	-1.201104e-05	-2.582137e-04	3.292273e-01	-2.376077e+00
17.21         	2.258033e-01	-3.132851e-05	-2.046811e+00	2.500335e-04	1.352574e+00	5.519589e-05	1.131517e-01	1.126516e-01	3.953163e-05	-7.086014e-05	3.291679e-01	-2.375979e+00
17.22         	2.259379e-01	1.791288e-04	-2.046543e+00	1.526569e-04	1.352195e+00	-1.319762e-05	1.131216e-01	1.128163e-01	7.636679e-05	1.027620e-04	3.289239e-01	-2.375467e+00
17.23         	2.262328e-01	1.550681e-04	-2.046240e+00	1.028840e-04	1.351837e+00	-3.250568e-04	1.132193e-01	1.130135e-01	-2.475227e-04	4.025908e-04	3.287169e-01	-2.374957e+00
17.24         	2.265886e-01	-4.352546e-05	-2.046014e+00	1.109200e-04	1.351620e+00	-7.337146e-04	1.134052e-01	1.131834e-01	-7.554774e-04	7.119519e-04	3.286132e-01	-2.374627e+00
17.25         	2.268539e-01	-3.070586e-04	-2.045979e+00	1.391646e-04	1.351670e+00	-1.056699e-03	1.135661e-01	1.132878e-01	-1.210228e-03	9.031693e-04	3.286801e-01	-2.374659e+00
17.26         	2.269408e-01	-5.174580e-04	-2.046098e+00	1.869670e-04	1.351888e+00	-1.162513e-03	1.136574e-01	1.132834e-01	-1.421242e-03	9.037839e-04	3.288394e-01	-2.374937e+00
17.27         	2.268755e-01	-6.184084e-04	-2.046341e+00	2.257561e-04	1.352235e+00	-1.058616e-03	1.136635e-01	1.132120e-01	-1.367820e-03	7.494116e-04	3.290643e-01	-2.375406e+00
17.28         	2.267421e-01	-6.357697e-04	-2.046660e+00	2.615760e-04	1.352642e+00	-8.351274e-04	1.136326e-01	1.131095e-01	-1.153012e-03	5.172426e-04	3.293113e-01	-2.375972e+00
17.29         	2.265730e-01	-5.412975e-04	-2.046960e+00	2.676161e-04	1.352980e+00	-5.724035e-04	1.135541e-01	1.130189e-01	-8.430523e-04	3.017548e-04	3.294995e-01	-2.376460e+00
17.3          	2.264191e-01	-3.955940e-04	-2.047185e+00	2.651032e-04	1.353201e+00	-3.318674e-04	1.134747e-01	1.129445e-01	-5.296644e-04	1.340704e-04	3.296082e-01	-2.376793e+00
17.31         	2.262911e-01	-2.223040e-04	-2.047315e+00	2.530110e-04	1.353300e+00	-1.204812e-04	1.133986e-01	1.128925e-01	-2.316332e-04	9.329187e-06	3.296424e-01	-2.376958e+00
17.32         	2.262129e-01	-7.234561e-05	-2.047371e+00	2.431479e-04	1.353311e+00	1.794688e-05	1.133496e-01	1.128633e-01	-1.822592e-05	-5.411969e-05	3.296253e-01	-2.376996e+00
17.33         	2.262079e-01	2.269500e-05	-2.047392e+00	2.355239e-04	1.353299e+00	6.188674e-05	1.133395e-01	1.128684e-01	7.323424e-05	-5.053924e-05	3.296028e-01	-2.376994e+00
17.34         	2.262533e-01	5.172748e-05	-2.047404e+00	2.351171e-04	1.353299e+00	3.089474e-05	1.133618e-01	1.128915e-01	5.675848e-05	-5.031001e-06	3.295972e-01	-2.377002e+00
17.35         	2.262141e-01	5.918911e-05	-2.047505e+00	2.146883e-04	1.353351e+00	-1.321452e-05	1.133217e-01	1.128924e-01	1.638004e-05	4.280907e-05	3.295989e-01	-2.377104e+00
17.36         	2.263445e-01	-1.864054e-05	-2.047591e+00	2.253296e-04	1.353500e+00	-1.176824e-04	1.133976e-01	1.129469e-01	-1.270026e-04	1.083621e-04	3.297050e-01	-2.377296e+00
17.37         	2.264766e-01	-1.216675e-04	-2.047703e+00	2.456138e-04	1.353701e+00	-2.223898e-04	1.134839e-01	1.129927e-01	-2.832236e-04	1.615561e-04	3.298499e-01	-2.377553e+00
17.38         	2.265918e-01	-2.101255e-04	-2.047844e+00	2.646617e-04	1.353949e+00	-2.931240e-04	1.135605e-01	1.130312e-01	-3.981867e-04	1.880612e-04	3.300267e-01	-2.377871e+00
17.39         	2.266749e-01	-2.657555e-04	-2.048012e+00	2.793010e-04	1.354222e+00	-3.203068e-04	1.136167e-01	1.130581e-01	-4.531845e-04	1.874290e-04	3.302163e-01	-2.378228e+00
17.4          	2.266932e-01	-2.758994e-04	-2.048210e+00	2.835384e-04	1.354495e+00	-3.033770e-04	1.136301e-01	1.130631e-01	-4.413267e-04	1.654273e-04	3.303902e-01	-2.378600e+00
17.41         	2.266656e-01	-2.500330e-04	-2.048420e+00	2.808706e-04	1.354751e+00	-2.598700e-04	1.136136e-01	1.130519e-01	-3.848864e-04	1.348535e-04	3.305412e-01	-2.378961e+00
17.42         	2.266162e-01	-2.025344e-04	-2.048630e+00	2.741969e-04	1.354984e+00	-2.065963e-04	1.135823e-01	1.130339e-01	-3.078635e-04	1.053291e-04	3.306689e-01	-2.379299e+00
17.43         	2.265581e-01	-1.493093e-04	-2.048828e+00	2.662464e-04	1.355193e+00	-1.545741e-04	1.135453e-01	1.130128e-01	-2.292288e-04	7.991945e-05	3.307792e-01	-2.379608e+00
17.44         	2.265156e-01	-1.073195e-04	-2.049014e+00	2.610132e-04	1.355388e+00	-1.216236e-04	1.135188e-01	1.129968e-01	-1.752833e-04	6.796383e-05	3.308812e-01	-2.379895e+00
17.45         	2.264927e-01	-8.103264e-05	-2.049185e+00	2.590149e-04	1.355577e+00	-1.056136e-04	1.135054e-01	1.129873e-01	-1.461299e-04	6.509730e-05	3.309841e-01	-2.380170e+00
17.46         	2.265016e-01	-7.562155e-05	-2.049351e+00	2.618814e-04	1.355775e+00	-1.080716e-04	1.135127e-01	1.129889e-01	-1.458824e-04	7.026087e-05	3.310993e-01	-2.380451e+00
17.47         	2.265221e-01	-8.325209e-05	-2.049519e+00	2.664337e-04	1.355987e+00	-1.203241e-04	1.135275e-01	1.129946e-01	-1.619501e-04	7.869806e-05	3.312271e-01	-2.380746e+00
17.48         	2.265560e-01	-1.047016e-04	-2.049693e+00	2.753764e-04	1.356218e+00	-1.389463e-04	1.135534e-01	1.130026e-01	-1.912971e-04	8.659547e-05	3.313714e-01	-2.381065e+00
17.49         	2.265865e-01	-1.237607e-04	-2.049876e+00	2.826837e-04	1.356465e+00	-1.559914e-04	1.135759e-01	1.130106e-01	-2.178718e-04	9.411108e-05	3.315273e-01	-2.381404e+00
17.5          	2.266112e-01	-1.390798e-04	-2.050076e+00	2.889190e-04	1.356733e+00	-1.684473e-04	1.135945e-01	1.130167e-01	-2.379873e-04	9.890741e-05	3.316950e-01	-2.381771e+00
17.51         	2.266236e-01	-1.477440e-04	-2.050288e+00	2.938410e-04	1.357013e+00	-1.738938e-04	1.136056e-01	1.130179e-01	-2.477657e-04	1.000218e-04	3.318696e-01	-2.382157e+00
17.52         	2.266265e-01	-1.485189e-04	-2.050515e+00	2.979066e-04	1.357306e+00	-1.719362e-04	1.136112e-01	1.130153e-01	-2.461956e-04	9.767674e-05	3.320486e-01	-2.382563e+00
17.53         	2.266220e-01	-1.384752e-04	-2.050747e+00	2.987974e-04	1.357599e+00	-1.636928e-04	1.136098e-01	1.130122e-01	-2.329304e-04	9.445518e-05	3.322258e-01	-2.382972e+00
17.54         	2.266097e-01	-1.287344e-04	-2.050979e+00	3.011869e-04	1.357885e+00	-1.545587e-04	1.136061e-01	1.130037e-01	-2.189259e-04	9.019151e-05	3.323959e-01	-2.383375e+00
17.55         	2.265954e-01	-1.226847e-04	-2.051206e+00	3.059899e-04	1.358164e+00	-1.477119e-04	1.136037e-01	1.129917e-01	-2.090543e-04	8.636957e-05	3.325605e-01	-2.383767e+00
17.56         	2.265814e-01	-1.177048e-04	-2.051426e+00	3.102706e-04	1.358432e+00	-1.440965e-04	1.136010e-01	1.129805e-01	-2.029489e-04	8.524412e-05	3.327190e-01	-2.384145e+00
17.57         	2.265697e-01	-1.160933e-04	-2.051640e+00	3.157925e-04	1.358697e+00	-1.436080e-04	1.136007e-01	1.129691e-01	-2.016546e-04	8.556137e-05	3.328773e-01	-2.384517e+00
17.58         	2.265611e-01	-1.174834e-04	-2.051854e+00	3.211629e-04	1.358966e+00	-1.469323e-04	1.136017e-01	1.129594e-01	-2.056740e-04	8.819057e-05	3.330391e-01	-2.384893e+00
17.59         	2.265530e-01	-1.214970e-04	-2.052071e+00	3.270221e-04	1.359242e+00	-1.517822e-04	1.136035e-01	1.129495e-01	-2.125307e-04	9.103371e-05	3.332067e-01	-2.385277e+00
17.6          	2.265464e-01	-1.275409e-04	-2.052294e+00	3.328476e-04	1.359529e+00	-1.581237e-04	1.136061e-01	1.129404e-01	-2.218941e-04	9.435322e-05	3.333822e-01	-2.385676e+00
17.61         	2.265851e-01	-8.873705e-05	-2.052552e+00	3.102866e-04	1.359861e+00	-1.490596e-04	1.136029e-01	1.129823e-01	-1.934281e-04	1.046910e-04	3.335857e-01	-2.386137e+00
17.62         	2.265789e-01	-1.186315e-04	-2.052816e+00	3.243156e-04	1.360179e+00	-1.600079e-04	1.136138e-01	1.129652e-01	-2.193236e-04	1.006921e-04	3.337712e-01	-2.386587e+00
17.63         	2.265575e-01	-1.431467e-04	-2.053066e+00	3.395708e-04	1.360490e+00	-1.676774e-04	1.136183e-01	1.129392e-01	-2.392508e-04	9.610408e-05	3.339570e-01	-2.387023e+00
17.64         	2.265295e-01	-1.599195e-04	-2.053304e+00	3.544305e-04	1.360795e+00	-1.728960e-04	1.136192e-01	1.129103e-01	-2.528558e-04	9.293622e-05	3.341427e-01	-2.387447e+00
17.65         	2.264922e-01	-1.586849e-04	-2.053534e+00	3.628910e-04	1.361096e+00	-1.715390e-04	1.136090e-01	1.128832e-01	-2.508815e-04	9.219655e-05	3.343285e-01	-2.387863e+00
17.66         	2.264551e-01	-1.484167e-04	-2.053759e+00	3.674481e-04	1.361393e+00	-1.670840e-04	1.135950e-01	1.128601e-01	-2.412923e-04	9.287563e-05	3.345135e-01	-2.388272e+00
17.67         	2.264196e-01	-1.355035e-04	-2.053986e+00	3.695525e-04	1.361694e+00	-1.615625e-04	1.135793e-01	1.128402e-01	-2.293143e-04	9.381076e-05	3.347011e-01	-2.388687e+00
17.68         	2.263902e-01	-1.251229e-04	-2.054221e+00	3.710168e-04	1.362002e+00	-1.575643e-04	1.135661e-01	1.128241e-01	-2.201258e-04	9.500288e-05	3.348910e-01	-2.389112e+00
17.69         	2.263645e-01	-1.194124e-04	-2.054463e+00	3.731911e-04	1.362314e+00	-1.557971e-04	1.135554e-01	1.128090e-01	-2.155033e-04	9.609095e-05	3.350825e-01	-2.389546e+00
17.7          	2.263432e-01	-1.184932e-04	-2.054713e+00	3.763909e-04	1.362632e+00	-1.550930e-04	1.135480e-01	1.127952e-01	-2.143396e-04	9.584640e-05	3.352753e-01	-2.389988e+00
17.71         	2.263251e-01	-1.251134e-04	-2.054967e+00	3.831177e-04	1.362955e+00	-1.566053e-04	1.135457e-01	1.127794e-01	-2.191620e-04	9.404860e-05	3.354714e-01	-2.390439e+00
17.72         	2.263073e-01	-1.276863e-04	-2.055228e+00	3.867006e-04	1.363285e+00	-1.577264e-04	1.135404e-01	1.127670e-01	-2.215695e-04	9.388327e-05	3.356705e-01	-2.390899e+00
17.73         	2.262836e-01	-1.311152e-04	-2.055492e+00	3.911175e-04	1.363618e+00	-1.590015e-04	1.135329e-01	1.127507e-01	-2.245591e-04	9.344388e-05	3.358719e-01	-2.391364e+00
17.74         	2.262576e-01	-1.401462e-04	-2.055754e+00	3.993757e-04	1.363951e+00	-1.617270e-04	1.135282e-01	1.127294e-01	-2.318001e-04	9.165384e-05	3.360745e-01	-2.391828e+00
17.75         	2.262218e-01	-1.418766e-04	-2.056013e+00	4.050080e-04	1.364284e+00	-1.611338e-04	1.135159e-01	1.127059e-01	-2.320721e-04	9.019552e-05	3.362772e-01	-2.392291e+00
17.76         	2.261820e-01	-1.408771e-04	-2.056272e+00	4.095797e-04	1.364617e+00	-1.596753e-04	1.135006e-01	1.126814e-01	-2.301138e-04	8.923675e-05	3.364810e-01	-2.392753e+00
17.77         	2.261433e-01	-1.398027e-04	-2.056548e+00	4.106558e-04	1.364978e+00	-1.609218e-04	1.134823e-01	1.126610e-01	-2.308231e-04	9.102044e-05	3.367038e-01	-2.393252e+00
17.78         	2.261004e-01	-1.375409e-04	-2.056809e+00	4.132904e-04	1.365319e+00	-1.600451e-04	1.134635e-01	1.126369e-01	-2.288155e-04	9.127467e-05	3.369144e-01	-2.393724e+00
17.79         	2.260559e-01	-1.368246e-04	-2.057058e+00	4.163388e-04	1.365645e+00	-1.601928e-04	1.134443e-01	1.126116e-01	-2.286051e-04	9.178050e-05	3.371162e-01	-2.394174e+00
17.8          	2.260237e-01	-1.414443e-04	-2.057310e+00	4.244867e-04	1.365975e+00	-1.615659e-04	1.134364e-01	1.125874e-01	-2.322881e-04	9.084378e-05	3.373205e-01	-2.394630e+00
17.81         	2.259845e-01	-1.360219e-04	-2.057566e+00	4.281591e-04	1.366305e+00	-1.583171e-04	1.134204e-01	1.125641e-01	-2.263280e-04	9.030616e-05	3.375219e-01	-2.395088e+00
17.82         	2.259429e-01	-1.333824e-04	-2.057826e+00	4.327833e-04	1.366638e+00	-1.556134e-04	1.134042e-01	1.125387e-01	-2.223046e-04	8.892222e-05	3.377252e-01	-2.395551e+00
17.83         	2.258995e-01	-1.353388e-04	-2.058084e+00	4.386515e-04	1.366973e+00	-1.552904e-04	1.133884e-01	1.125111e-01	-2.229598e-04	8.762106e-05	3.379310e-01	-2.396015e+00
17.84         	2.258552e-01	-1.376505e-04	-2.058350e+00	4.434694e-04	1.367321e+00	-1.549896e-04	1.133711e-01	1.124842e-01	-2.238148e-04	8.616434e-05	3.381453e-01	-2.396496e+00
17.85         	2.258084e-01	-1.403404e-04	-2.058622e+00	4.478348e-04	1.367677e+00	-1.552938e-04	1.133521e-01	1.124564e-01	-2.254640e-04	8.512355e-05	3.383663e-01	-2.396988e+00
17.86         	2.257622e-01	-1.427209e-04	-2.058898e+00	4.518445e-04	1.368042e+00	-1.555828e-04	1.133329e-01	1.124292e-01	-2.269433e-04	8.422238e-05	3.385928e-01	-2.397491e+00
17.87         	2.257138e-01	-1.450803e-04	-2.059171e+00	4.556527e-04	1.368404e+00	-1.556239e-04	1.133126e-01	1.124013e-01	-2.281640e-04	8.308377e-05	3.388189e-01	-2.397990e+00
17.88         	2.256687e-01	-1.456052e-04	-2.059446e+00	4.579953e-04	1.368769e+00	-1.562589e-04	1.132923e-01	1.123763e-01	-2.290615e-04	8.345633e-05	3.390465e-01	-2.398492e+00
17.89         	2.256213e-01	-1.446795e-04	-2.059725e+00	4.613367e-04	1.369138e+00	-1.532750e-04	1.132720e-01	1.123493e-01	-2.256148e-04	8.093529e-05	3.392760e-01	-2.399001e+00
17.9          	2.255756e-01	-1.478932e-04	-2.060003e+00	4.668079e-04	1.369506e+00	-1.528684e-04	1.132546e-01	1.123210e-01	-2.268150e-04	7.892184e-05	3.395042e-01	-2.399507e+00
17.91         	2.255314e-01	-1.389637e-04	-2.060293e+00	4.762581e-04	1.369865e+00	-1.490496e-04	1.132419e-01	1.122894e-01	-2.185315e-04	7.956777e-05	3.397183e-01	-2.400011e+00
17.92         	2.254773e-01	-1.438121e-04	-2.060559e+00	4.789040e-04	1.370218e+00	-1.510905e-04	1.132176e-01	1.122598e-01	-2.229965e-04	7.918440e-05	3.399382e-01	-2.400497e+00
17.93         	2.254207e-01	-1.507995e-04	-2.060820e+00	4.814291e-04	1.370571e+00	-1.537070e-04	1.131918e-01	1.122289e-01	-2.291067e-04	7.830719e-05	3.401607e-01	-2.400981e+00
17.94         	2.253653e-01	-1.589995e-04	-2.061077e+00	4.835028e-04	1.370921e+00	-1.565047e-04	1.131661e-01	1.121991e-01	-2.360045e-04	7.700496e-05	3.403829e-01	-2.401460e+00
17.95         	2.253115e-01	-1.664562e-04	-2.061337e+00	4.858429e-04	1.371278e+00	-1.599108e-04	1.131416e-01	1.121699e-01	-2.431389e-04	7.668272e-05	3.406099e-01	-2.401946e+00
17.96         	2.252861e-01	-1.431867e-04	-2.061618e+00	4.719009e-04	1.371664e+00	-1.505012e-04	1.131150e-01	1.121712e-01	-2.220946e-04	7.890787e-05	3.408551e-01	-2.402473e+00
17.97         	2.252418e-01	-1.723610e-04	-2.061910e+00	4.877516e-04	1.372045e+00	-1.586277e-04	1.131087e-01	1.121332e-01	-2.448082e-04	7.244721e-05	3.410902e-01	-2.403000e+00
17.98         	2.251895e-01	-1.910586e-04	-2.062199e+00	5.015295e-04	1.372424e+00	-1.649831e-04	1.130963e-01	1.120932e-01	-2.605124e-04	6.945383e-05	3.413242e-01	-2.403523e+00
17.99         	2.251249e-01	-1.988565e-04	-2.062474e+00	5.106980e-04	1.372790e+00	-1.687335e-04	1.130732e-01	1.120518e-01	-2.681618e-04	6.930525e-05	3.415528e-01	-2.404027e+00
18            	2.250575e-01	-2.004532e-04	-2.062737e+00	5.165348e-04	1.373147e+00	-1.715638e-04	1.130453e-01	1.120122e-01	-2.717904e-04	7.133714e-05	3.417784e-01	-2.404515e+00
18.01         	2.249892e-01	-1.951680e-04	-2.062992e+00	5.198468e-04	1.373495e+00	-1.722697e-04	1.130144e-01	1.119747e-01	-2.698538e-04	7.468572e-05	3.419988e-01	-2.404991e+00
18.02         	2.249243e-01	-1.912546e-04	-2.063244e+00	5.203023e-04	1.373846e+00	-1.728849e-04	1.129824e-01	1.119418e-01	-2.685122e-04	7.725763e-05	3.422240e-01	-2.405468e+00
18.03         	2.248651e-01	-1.873732e-04	-2.063503e+00	5.192645e-04	1.374208e+00	-1.725880e-04	1.129518e-01	1.119133e-01	-2.662746e-04	7.890136e-05	3.424569e-01	-2.405959e+00
18.04         	2.248108e-01	-1.892684e-04	-2.063770e+00	5.197539e-04	1.374579e+00	-1.719306e-04	1.129251e-01	1.118856e-01	-2.665648e-04	7.729640e-05	3.426941e-01	-2.406464e+00
18.05         	2.247580e-01	-1.955595e-04	-2.064042e+00	5.221694e-04	1.374956e+00	-1.728972e-04	1.129012e-01	1.118568e-01	-2.706769e-04	7.511744e-05	3.429348e-01	-2.406977e+00
18.06         	2.247090e-01	-2.046007e-04	-2.064321e+00	5.263695e-04	1.375339e+00	-1.748616e-04	1.128809e-01	1.118281e-01	-2.771619e-04	7.256124e-05	3.431790e-01	-2.407500e+00
18.07         	2.246643e-01	-2.128114e-04	-2.064606e+00	5.302311e-04	1.375733e+00	-1.766185e-04	1.128624e-01	1.118019e-01	-2.830242e-04	7.021281e-05	3.434304e-01	-2.408037e+00
18.08         	2.246166e-01	-2.254944e-04	-2.064892e+00	5.363840e-04	1.376124e+00	-1.808866e-04	1.128447e-01	1.117719e-01	-2.936337e-04	6.813938e-05	3.436777e-01	-2.408570e+00
18.09         	2.245774e-01	-2.481698e-04	-2.065179e+00	5.505726e-04	1.376517e+00	-1.881492e-04	1.128393e-01	1.117381e-01	-3.122341e-04	6.406433e-05	3.439277e-01	-2.409107e+00
18.1          	2.245268e-01	-2.511593e-04	-2.065459e+00	5.542603e-04	1.376900e+00	-1.913158e-04	1.128177e-01	1.117092e-01	-3.168955e-04	6.573620e-05	3.441704e-01	-2.409629e+00
18.11         	2.244706e-01	-2.516896e-04	-2.065724e+00	5.555282e-04	1.377272e+00	-1.934367e-04	1.127908e-01	1.116798e-01	-3.192815e-04	6.759190e-05	3.444097e-01	-2.410134e+00
18.12         	2.244130e-01	-2.519555e-04	-2.065982e+00	5.558197e-04	1.377639e+00	-1.950854e-04	1.127623e-01	1.116507e-01	-3.210631e-04	6.910761e-05	3.446477e-01	-2.410629e+00
18.13         	2.243536e-01	-2.529643e-04	-2.066235e+00	5.555787e-04	1.378004e+00	-1.970961e-04	1.127324e-01	1.116212e-01	-3.235782e-04	7.061391e-05	3.448865e-01	-2.411122e+00
18.14         	2.242972e-01	-2.551163e-04	-2.066491e+00	5.552502e-04	1.378374e+00	-1.986344e-04	1.127039e-01	1.115934e-01	-3.261926e-04	7.107628e-05	3.451286e-01	-2.411620e+00
18.15         	2.242481e-01	-2.606081e-04	-2.066752e+00	5.563575e-04	1.378753e+00	-2.008820e-04	1.126804e-01	1.115677e-01	-3.311861e-04	7.057800e-05	3.453770e-01	-2.412129e+00
18.16         	2.241995e-01	-2.669354e-04	-2.067019e+00	5.576515e-04	1.379136e+00	-2.028378e-04	1.126574e-01	1.115421e-01	-3.363055e-04	6.937009e-05	3.456261e-01	-2.412645e+00
18.17         	2.241514e-01	-2.754234e-04	-2.067289e+00	5.601303e-04	1.379522e+00	-2.071453e-04	1.126358e-01	1.115155e-01	-3.448569e-04	6.943357e-05	3.458772e-01	-2.413167e+00
18.18         	2.241151e-01	-2.761320e-04	-2.067589e+00	5.605709e-04	1.379945e+00	-2.060865e-04	1.126181e-01	1.114970e-01	-3.441525e-04	6.802054e-05	3.461504e-01	-2.413739e+00
18.19         	2.240697e-01	-2.856160e-04	-2.067877e+00	5.643960e-04	1.380351e+00	-2.087006e-04	1.125993e-01	1.114705e-01	-3.515086e-04	6.589254e-05	3.464129e-01	-2.414290e+00
18.2          	2.240238e-01	-2.983996e-04	-2.068152e+00	5.688918e-04	1.380744e+00	-2.135092e-04	1.125808e-01	1.114430e-01	-3.627090e-04	6.430945e-05	3.466680e-01	-2.414820e+00
18.21         	2.239769e-01	-3.085190e-04	-2.068413e+00	5.715169e-04	1.381124e+00	-2.203482e-04	1.125600e-01	1.114170e-01	-3.746077e-04	6.608869e-05	3.469171e-01	-2.415330e+00
18.22         	2.239312e-01	-3.163585e-04	-2.068665e+00	5.728737e-04	1.381496e+00	-2.266856e-04	1.125385e-01	1.113927e-01	-3.848649e-04	6.850636e-05	3.471635e-01	-2.415828e+00
18.23         	2.238846e-01	-3.214354e-04	-2.068921e+00	5.720696e-04	1.381866e+00	-2.316414e-04	1.125144e-01	1.113703e-01	-3.923591e-04	7.092370e-05	3.474057e-01	-2.416327e+00
18.24         	2.238522e-01	-3.395362e-04	-2.069180e+00	5.788630e-04	1.382249e+00	-2.420641e-04	1.125050e-01	1.113472e-01	-4.118322e-04	7.229597e-05	3.476590e-01	-2.416839e+00
18.25         	2.238126e-01	-3.398937e-04	-2.069435e+00	5.775898e-04	1.382626e+00	-2.450785e-04	1.124839e-01	1.113287e-01	-4.150253e-04	7.513168e-05	3.479088e-01	-2.417344e+00
18.26         	2.237737e-01	-3.381664e-04	-2.069691e+00	5.759242e-04	1.383009e+00	-2.454596e-04	1.124628e-01	1.113109e-01	-4.145428e-04	7.637640e-05	3.481634e-01	-2.417854e+00
18.27         	2.237339e-01	-3.383615e-04	-2.069943e+00	5.742596e-04	1.383391e+00	-2.454782e-04	1.124412e-01	1.112927e-01	-4.146590e-04	7.629747e-05	3.484197e-01	-2.418363e+00
18.28         	2.237121e-01	-3.536245e-04	-2.070205e+00	5.818524e-04	1.383786e+00	-2.498415e-04	1.124379e-01	1.112742e-01	-4.266537e-04	7.302923e-05	3.486832e-01	-2.418888e+00
18.29         	2.237194e-01	-2.995987e-04	-2.070475e+00	5.501292e-04	1.384195e+00	-2.329744e-04	1.124098e-01	1.113096e-01	-3.827737e-04	8.317503e-05	3.489570e-01	-2.419432e+00
18.3          	2.236828e-01	-3.298687e-04	-2.070756e+00	5.574774e-04	1.384592e+00	-2.452014e-04	1.123989e-01	1.112839e-01	-4.101358e-04	8.026709e-05	3.492139e-01	-2.419970e+00
18.31         	2.236340e-01	-3.601807e-04	-2.071012e+00	5.658132e-04	1.384968e+00	-2.577245e-04	1.123828e-01	1.112512e-01	-4.378149e-04	7.763413e-05	3.494618e-01	-2.420474e+00
18.32         	2.235827e-01	-3.856515e-04	-2.071254e+00	5.738782e-04	1.385331e+00	-2.675088e-04	1.123652e-01	1.112175e-01	-4.603345e-04	7.468300e-05	3.497045e-01	-2.420958e+00
18.33         	2.235303e-01	-4.014320e-04	-2.071480e+00	5.792992e-04	1.385684e+00	-2.741603e-04	1.123445e-01	1.111859e-01	-4.748763e-04	7.344432e-05	3.499441e-01	-2.421425e+00
18.34         	2.234852e-01	-4.070707e-04	-2.071702e+00	5.810862e-04	1.386033e+00	-2.779257e-04	1.123237e-01	1.111615e-01	-4.814610e-04	7.439038e-05	3.501825e-01	-2.421884e+00
18.35         	2.235327e-01	-5.687784e-04	-2.071900e+00	6.623507e-04	1.386418e+00	-3.341900e-04	1.124287e-01	1.111040e-01	-6.185792e-04	4.980083e-05	3.504683e-01	-2.422369e+00
18.36         	2.234965e-01	-4.989375e-04	-2.072160e+00	6.304515e-04	1.386784e+00	-3.098328e-04	1.123787e-01	1.111178e-01	-5.593016e-04	6.036407e-05	3.507036e-01	-2.422864e+00
18.37         	2.234546e-01	-4.230801e-04	-2.072412e+00	5.932944e-04	1.387140e+00	-2.836463e-04	1.123206e-01	1.111340e-01	-4.951863e-04	7.210627e-05	3.509338e-01	-2.423346e+00
18.38         	2.234144e-01	-3.603803e-04	-2.072660e+00	5.593244e-04	1.387496e+00	-2.619171e-04	1.122665e-01	1.111479e-01	-4.421072e-04	8.172691e-05	3.511660e-01	-2.423826e+00
18.39         	2.233917e-01	-3.056964e-04	-2.072908e+00	5.247359e-04	1.387863e+00	-2.426007e-04	1.122206e-01	1.111711e-01	-3.954489e-04	8.975254e-05	3.514086e-01	-2.424317e+00
18.4          	2.233610e-01	-3.085186e-04	-2.073149e+00	5.183909e-04	1.388224e+00	-2.442288e-04	1.121989e-01	1.111621e-01	-3.984881e-04	8.996951e-05	3.516500e-01	-2.424799e+00
18.41         	2.233382e-01	-3.449521e-04	-2.073375e+00	5.300950e-04	1.388585e+00	-2.585756e-04	1.121992e-01	1.111390e-01	-4.310516e-04	8.609954e-05	3.518977e-01	-2.425273e+00
18.42         	2.233119e-01	-3.889875e-04	-2.073588e+00	5.466673e-04	1.388935e+00	-2.765405e-04	1.122026e-01	1.111093e-01	-4.710342e-04	8.204673e-05	3.521409e-01	-2.425729e+00
18.43         	2.232857e-01	-4.339697e-04	-2.073791e+00	5.651021e-04	1.389277e+00	-2.967291e-04	1.122079e-01	1.110777e-01	-5.137139e-04	7.974425e-05	3.523821e-01	-2.426173e+00
18.44         	2.232639e-01	-4.672322e-04	-2.073995e+00	5.794804e-04	1.389622e+00	-3.113503e-04	1.122114e-01	1.110525e-01	-5.449664e-04	7.773417e-05	3.526249e-01	-2.426620e+00
18.45         	2.232441e-01	-4.848973e-04	-2.074201e+00	5.867838e-04	1.389965e+00	-3.204512e-04	1.122089e-01	1.110353e-01	-5.628998e-04	7.800254e-05	3.528644e-01	-2.427065e+00
18.46         	2.232293e-01	-4.865904e-04	-2.074412e+00	5.864984e-04	1.390306e+00	-3.229459e-04	1.122012e-01	1.110282e-01	-5.662411e-04	7.965076e-05	3.531002e-01	-2.427512e+00
18.47         	2.232179e-01	-4.790723e-04	-2.074624e+00	5.810700e-04	1.390644e+00	-3.209110e-04	1.121900e-01	1.110279e-01	-5.604471e-04	8.137482e-05	3.533321e-01	-2.427956e+00
18.48         	2.232098e-01	-4.629930e-04	-2.074840e+00	5.714021e-04	1.390982e+00	-3.145870e-04	1.121763e-01	1.110335e-01	-5.460835e-04	8.309048e-05	3.535618e-01	-2.428402e+00
18.49         	2.232011e-01	-4.472274e-04	-2.075056e+00	5.612320e-04	1.391318e+00	-3.071722e-04	1.121618e-01	1.110393e-01	-5.307859e-04	8.355855e-05	3.537897e-01	-2.428846e+00
18.5          	2.231963e-01	-4.360433e-04	-2.075268e+00	5.520569e-04	1.391651e+00	-3.024956e-04	1.121502e-01	1.110461e-01	-5.205173e-04	8.447396e-05	3.540174e-01	-2.429285e+00
18.51         	2.231866e-01	-4.364017e-04	-2.075472e+00	5.475372e-04	1.391977e+00	-3.030701e-04	1.121408e-01	1.110458e-01	-5.212710e-04	8.486928e-05	3.542413e-01	-2.429713e+00
18.52         	2.231778e-01	-4.449278e-04	-2.075668e+00	5.462873e-04	1.392297e+00	-3.069086e-04	1.121352e-01	1.110426e-01	-5.293725e-04	8.444468e-05	3.544631e-01	-2.430131e+00
18.53         	2.231803e-01	-4.693334e-04	-2.075865e+00	5.551262e-04	1.392618e+00	-3.170762e-04	1.121453e-01	1.110350e-01	-5.517429e-04	8.240945e-05	3.546857e-01	-2.430551e+00
18.54         	2.231918e-01	-4.535553e-04	-2.076094e+00	5.656064e-04	1.392935e+00	-3.146190e-04	1.121615e-01	1.110303e-01	-5.413967e-04	8.784134e-05	3.548876e-01	-2.430982e+00
18.55         	2.231787e-01	-4.673302e-04	-2.076270e+00	5.611770e-04	1.393245e+00	-3.209199e-04	1.121505e-01	1.110282e-01	-5.545850e-04	8.725479e-05	3.551097e-01	-2.431380e+00
18.56         	2.231664e-01	-4.861283e-04	-2.076435e+00	5.556738e-04	1.393554e+00	-3.261934e-04	1.121389e-01	1.110275e-01	-5.692576e-04	8.312922e-05	3.553362e-01	-2.431771e+00
18.57         	2.231542e-01	-5.025463e-04	-2.076598e+00	5.479625e-04	1.393862e+00	-3.285993e-04	1.121251e-01	1.110291e-01	-5.798725e-04	7.732615e-05	3.555626e-01	-2.432161e+00
18.58         	2.231519e-01	-5.108745e-04	-2.076803e+00	5.449868e-04	1.394220e+00	-3.255508e-04	1.121210e-01	1.110310e-01	-5.809881e-04	7.011358e-05	3.558185e-01	-2.432622e+00
18.59         	2.231480e-01	-5.172416e-04	-2.076980e+00	5.392303e-04	1.394536e+00	-3.252179e-04	1.121132e-01	1.110348e-01	-5.838387e-04	6.659710e-05	3.560463e-01	-2.433027e+00
18.6          	2.231479e-01	-5.180407e-04	-2.077145e+00	5.308107e-04	1.394831e+00	-3.242920e-04	1.121048e-01	1.110432e-01	-5.833123e-04	6.527163e-05	3.562586e-01	-2.433404e+00
18.61         	2.231487e-01	-5.152411e-04	-2.077301e+00	5.239595e-04	1.395104e+00	-3.243010e-04	1.120983e-01	1.110504e-01	-5.819216e-04	6.668041e-05	3.564532e-01	-2.433755e+00
18.62         	2.231515e-01	-5.079199e-04	-2.077452e+00	5.174739e-04	1.395363e+00	-3.214730e-04	1.120932e-01	1.110583e-01	-5.754330e-04	6.751305e-05	3.566365e-01	-2.434089e+00
18.63         	2.236766e-01	-1.820860e-03	-2.077298e+00	1.142507e-03	1.395763e+00	-7.614012e-04	1.129808e-01	1.106958e-01	-1.671831e-03	-1.490286e-04	3.571141e-01	-2.434412e+00
18.64         	2.235814e-01	-1.433724e-03	-2.077566e+00	9.650194e-04	1.396003e+00	-6.237730e-04	1.127557e-01	1.108257e-01	-1.340635e-03	-9.308891e-05	3.572204e-01	-2.434787e+00
18.65         	2.234567e-01	-9.002833e-04	-2.077883e+00	7.217679e-04	1.396253e+00	-4.289545e-04	1.124501e-01	1.110066e-01	-8.790961e-04	-2.118713e-05	3.573114e-01	-2.435195e+00
18.66         	2.232590e-01	-2.766254e-04	-2.078258e+00	4.334785e-04	1.396502e+00	-1.933269e-04	1.120630e-01	1.111960e-01	-3.316395e-04	5.501418e-05	3.573727e-01	-2.435630e+00
18.67         	2.231708e-01	2.296550e-04	-2.078824e+00	1.414792e-04	1.397063e+00	-1.022645e-04	1.117269e-01	1.114439e-01	1.256296e-05	2.170920e-04	3.576515e-01	-2.436475e+00
18.68         	2.230580e-01	5.971053e-04	-2.079053e+00	-2.912415e-05	1.397292e+00	4.960801e-05	1.114999e-01	1.115581e-01	3.481607e-04	2.489446e-04	3.577653e-01	-2.436818e+00
18.69         	2.230496e-01	4.893804e-04	-2.079154e+00	1.125224e-05	1.397562e+00	2.058904e-05	1.115361e-01	1.115136e-01	2.652793e-04	2.241012e-04	3.579856e-01	-2.437139e+00
18.7          	2.230947e-01	9.300431e-05	-2.079144e+00	1.745837e-04	1.397827e+00	-1.165294e-04	1.117219e-01	1.113728e-01	-7.002720e-05	1.630315e-04	3.582555e-01	-2.437399e+00
18.71         	2.231417e-01	-3.890634e-04	-2.079079e+00	3.766006e-04	1.398048e+00	-2.882669e-04	1.119475e-01	1.111942e-01	-4.827986e-04	9.373517e-05	3.585082e-01	-2.437587e+00
18.72         	2.232004e-01	-8.569501e-04	-2.078996e+00	5.792949e-04	1.398219e+00	-4.668117e-04	1.121795e-01	1.110209e-01	-8.952867e-04	3.833669e-05	3.587207e-01	-2.437717e+00
18.73         	2.232509e-01	-1.158873e-03	-2.078952e+00	7.153696e-04	1.398355e+00	-5.877724e-04	1.123408e-01	1.109101e-01	-1.167209e-03	8.335973e-06	3.588790e-01	-2.437831e+00
18.74         	2.232901e-01	-1.235539e-03	-2.078965e+00	7.585223e-04	1.398464e+00	-6.206955e-04	1.124036e-01	1.108865e-01	-1.238465e-03	2.925974e-06	3.589814e-01	-2.437946e+00
18.75         	2.233141e-01	-1.129643e-03	-2.079036e+00	7.250460e-04	1.398565e+00	-5.793282e-04	1.123821e-01	1.109320e-01	-1.144150e-03	1.450669e-05	3.590469e-01	-2.438083e+00
18.76         	2.233266e-01	-8.809888e-04	-2.079162e+00	6.280983e-04	1.398681e+00	-4.752820e-04	1.122914e-01	1.110352e-01	-9.157764e-04	3.478757e-05	3.590999e-01	-2.438262e+00
18.77         	2.233335e-01	-5.886768e-04	-2.079345e+00	5.113262e-04	1.398861e+00	-3.469633e-04	1.121781e-01	1.111554e-01	-6.413017e-04	5.262489e-05	3.591882e-01	-2.438533e+00
18.78         	2.233360e-01	-3.456461e-04	-2.079538e+00	4.057394e-04	1.399077e+00	-2.407439e-04	1.120737e-01	1.112622e-01	-4.135669e-04	6.792083e-05	3.593087e-01	-2.438846e+00
18.79         	2.233355e-01	-2.085827e-04	-2.079716e+00	3.371600e-04	1.399322e+00	-1.808680e-04	1.120049e-01	1.113306e-01	-2.851593e-04	7.657661e-05	3.594641e-01	-2.439180e+00
18.8          	2.233407e-01	-1.817075e-04	-2.079860e+00	3.093005e-04	1.399573e+00	-1.683332e-04	1.119797e-01	1.113611e-01	-2.591869e-04	7.747944e-05	3.596432e-01	-2.439503e+00
18.81         	2.233404e-01	-2.632368e-04	-2.079966e+00	3.282292e-04	1.399814e+00	-2.022792e-04	1.119984e-01	1.113419e-01	-3.338976e-04	7.066079e-05	3.598310e-01	-2.439797e+00
18.82         	2.233543e-01	-4.044899e-04	-2.080037e+00	3.735358e-04	1.400031e+00	-2.638205e-04	1.120507e-01	1.113036e-01	-4.660655e-04	6.157560e-05	3.600130e-01	-2.440050e+00
18.83         	2.233596e-01	-5.602417e-04	-2.080076e+00	4.295969e-04	1.400205e+00	-3.323461e-04	1.121094e-01	1.112502e-01	-6.124669e-04	5.222522e-05	3.601671e-01	-2.440243e+00
18.84         	2.233673e-01	-6.803739e-04	-2.080101e+00	4.753351e-04	1.400345e+00	-3.843882e-04	1.121590e-01	1.112083e-01	-7.245752e-04	4.420125e-05	3.602944e-01	-2.440396e+00
18.85         	2.233780e-01	-7.390207e-04	-2.080129e+00	4.987313e-04	1.400465e+00	-4.094673e-04	1.121877e-01	1.111902e-01	-7.789777e-04	3.995697e-05	3.604001e-01	-2.440529e+00
18.86         	2.234330e-01	-7.988368e-04	-2.080175e+00	5.337050e-04	1.400593e+00	-4.307641e-04	1.122502e-01	1.111828e-01	-8.301825e-04	3.134565e-05	3.605060e-01	-2.440681e+00
18.87         	2.234497e-01	-7.153512e-04	-2.080244e+00	4.996368e-04	1.400704e+00	-3.963942e-04	1.122245e-01	1.112252e-01	-7.540698e-04	3.871860e-05	3.605820e-01	-2.440826e+00
18.88         	2.234615e-01	-6.048143e-04	-2.080312e+00	4.500154e-04	1.400809e+00	-3.494432e-04	1.121808e-01	1.112807e-01	-6.518504e-04	4.703609e-05	3.606529e-01	-2.440965e+00
18.89         	2.234669e-01	-5.042560e-04	-2.080372e+00	4.009852e-04	1.400911e+00	-3.075108e-04	1.121344e-01	1.113325e-01	-5.596388e-04	5.538279e-05	3.607253e-01	-2.441097e+00
18.9          	2.234728e-01	-4.347962e-04	-2.080418e+00	3.618515e-04	1.401012e+00	-2.782286e-04	1.120983e-01	1.113746e-01	-4.956267e-04	6.083050e-05	3.608035e-01	-2.441221e+00
18.91         	2.234752e-01	-4.189340e-04	-2.080447e+00	3.451587e-04	1.401107e+00	-2.700845e-04	1.120828e-01	1.113924e-01	-4.795515e-04	6.061749e-05	3.608840e-01	-2.441331e+00
18.92         	2.234754e-01	-4.443664e-04	-2.080459e+00	3.455658e-04	1.401192e+00	-2.809629e-04	1.120833e-01	1.113921e-01	-5.031461e-04	5.877969e-05	3.609626e-01	-2.441422e+00
18.93         	2.234790e-01	-4.931111e-04	-2.080464e+00	3.570006e-04	1.401274e+00	-3.028628e-04	1.120965e-01	1.113825e-01	-5.494184e-04	5.630730e-05	3.610423e-01	-2.441507e+00
18.94         	2.234853e-01	-5.535661e-04	-2.080463e+00	3.753741e-04	1.401345e+00	-3.295433e-04	1.121180e-01	1.113673e-01	-6.063264e-04	5.276029e-05	3.611136e-01	-2.441577e+00
18.95         	2.234912e-01	-6.017726e-04	-2.080462e+00	3.895800e-04	1.401404e+00	-3.503463e-04	1.121352e-01	1.113560e-01	-6.512326e-04	4.946004e-05	3.611732e-01	-2.441635e+00
18.96         	2.235023e-01	-6.283992e-04	-2.080460e+00	3.959599e-04	1.401452e+00	-3.627058e-04	1.121471e-01	1.113552e-01	-6.769054e-04	4.850622e-05	3.612222e-01	-2.441682e+00
18.97         	2.235149e-01	-6.288542e-04	-2.080460e+00	3.920683e-04	1.401492e+00	-3.634224e-04	1.121495e-01	1.113654e-01	-6.778495e-04	4.899529e-05	3.612627e-01	-2.441722e+00
18.98         	2.235305e-01	-6.076720e-04	-2.080461e+00	3.793253e-04	1.401527e+00	-3.537626e-04	1.121446e-01	1.113859e-01	-6.575986e-04	4.992659e-05	3.612962e-01	-2.441757e+00
18.99         	2.235577e-01	-5.734553e-04	-2.080466e+00	3.599798e-04	1.401564e+00	-3.399010e-04	1.121388e-01	1.114189e-01	-6.266287e-04	5.317335e-05	3.613313e-01	-2.441797e+00
19            	2.235739e-01	-5.450544e-04	-2.080469e+00	3.435582e-04	1.401592e+00	-3.275372e-04	1.121305e-01	1.114434e-01	-6.000644e-04	5.501004e-05	3.613576e-01	-2.441826e+00
19.01         	2.235829e-01	-5.242907e-04	-2.080458e+00	3.302874e-04	1.401609e+00	-3.187263e-04	1.121217e-01	1.114612e-01	-5.808716e-04	5.658094e-05	3.613797e-01	-2.441838e+00
19.02         	2.235973e-01	-5.259087e-04	-2.080441e+00	3.285618e-04	1.401622e+00	-3.191331e-04	1.121272e-01	1.114701e-01	-5.820874e-04	5.617875e-05	3.614013e-01	-2.441842e+00
19.03         	2.235979e-01	-5.281762e-04	-2.080410e+00	3.253162e-04	1.401620e+00	-3.217913e-04	1.121243e-01	1.114736e-01	-5.858794e-04	5.770320e-05	3.614148e-01	-2.441825e+00
19.04         	2.235950e-01	-5.389899e-04	-2.080367e+00	3.247311e-04	1.401608e+00	-3.276680e-04	1.121222e-01	1.114728e-01	-5.971629e-04	5.817306e-05	3.614242e-01	-2.441791e+00
19.05         	2.235935e-01	-5.517607e-04	-2.080340e+00	3.281363e-04	1.401619e+00	-3.332979e-04	1.121249e-01	1.114686e-01	-6.091783e-04	5.741753e-05	3.614486e-01	-2.441789e+00
19.06         	2.235912e-01	-5.658336e-04	-2.080297e+00	3.299131e-04	1.401605e+00	-3.412970e-04	1.121255e-01	1.114657e-01	-6.242138e-04	5.838025e-05	3.614570e-01	-2.441754e+00
19.07         	2.235862e-01	-5.727870e-04	-2.080246e+00	3.274364e-04	1.401576e+00	-3.439111e-04	1.121205e-01	1.114657e-01	-6.303046e-04	5.751759e-05	3.614530e-01	-2.441699e+00
19.08         	2.235901e-01	-5.776410e-04	-2.080192e+00	3.241688e-04	1.401538e+00	-3.457937e-04	1.121192e-01	1.114709e-01	-6.346141e-04	5.697319e-05	3.614421e-01	-2.441634e+00
19.09         	2.235947e-01	-5.720088e-04	-2.080137e+00	3.158708e-04	1.401494e+00	-3.440061e-04	1.121132e-01	1.114815e-01	-6.300105e-04	5.800168e-05	3.614252e-01	-2.441563e+00
19.1          	2.235998e-01	-5.635445e-04	-2.080086e+00	3.067869e-04	1.401448e+00	-3.405062e-04	1.121067e-01	1.114931e-01	-6.222784e-04	5.873395e-05	3.614045e-01	-2.441491e+00
19.11         	2.236027e-01	-5.555786e-04	-2.080035e+00	2.980630e-04	1.401401e+00	-3.381941e-04	1.120994e-01	1.115033e-01	-6.159834e-04	6.040478e-05	3.613829e-01	-2.441418e+00
19.12         	2.236051e-01	-5.493214e-04	-2.079984e+00	2.903846e-04	1.401353e+00	-3.364485e-04	1.120930e-01	1.115122e-01	-6.111092e-04	6.178778e-05	3.613606e-01	-2.441345e+00
19.13         	2.236054e-01	-5.458801e-04	-2.079932e+00	2.845791e-04	1.401306e+00	-3.371966e-04	1.120873e-01	1.115181e-01	-6.101366e-04	6.425652e-05	3.613400e-01	-2.441272e+00
19.14         	2.236173e-01	-5.611380e-04	-2.079884e+00	2.896552e-04	1.401265e+00	-3.462008e-04	1.120983e-01	1.115190e-01	-6.267698e-04	6.563181e-05	3.613230e-01	-2.441207e+00
19.15         	2.236148e-01	-5.607481e-04	-2.079834e+00	2.854953e-04	1.401218e+00	-3.503983e-04	1.120929e-01	1.115219e-01	-6.307723e-04	7.002423e-05	3.613008e-01	-2.441135e+00
19.16         	2.236111e-01	-5.657062e-04	-2.079780e+00	2.843718e-04	1.401168e+00	-3.565242e-04	1.120899e-01	1.115212e-01	-6.393774e-04	7.367112e-05	3.612781e-01	-2.441058e+00
19.17         	2.236125e-01	-5.542536e-04	-2.079727e+00	2.730746e-04	1.401119e+00	-3.564931e-04	1.120793e-01	1.115332e-01	-6.336199e-04	7.936634e-05	3.612560e-01	-2.440983e+00
19.18         	2.236012e-01	-5.600286e-04	-2.079670e+00	2.709034e-04	1.401059e+00	-3.608225e-04	1.120715e-01	1.115297e-01	-6.408368e-04	8.080821e-05	3.612242e-01	-2.440894e+00
19.19         	2.235900e-01	-5.625220e-04	-2.079627e+00	2.709008e-04	1.401020e+00	-3.625961e-04	1.120659e-01	1.115241e-01	-6.438571e-04	8.133514e-05	3.612063e-01	-2.440833e+00
19.2          	2.235733e-01	-5.642954e-04	-2.079563e+00	2.685150e-04	1.400951e+00	-3.639117e-04	1.120551e-01	1.115181e-01	-6.460594e-04	8.176401e-05	3.611701e-01	-2.440733e+00
19.21         	2.235552e-01	-5.643381e-04	-2.079483e+00	2.644698e-04	1.400864e+00	-3.661920e-04	1.120421e-01	1.115131e-01	-6.483611e-04	8.402302e-05	3.611224e-01	-2.440606e+00
19.22         	2.235391e-01	-5.626515e-04	-2.079397e+00	2.591010e-04	1.400765e+00	-3.687279e-04	1.120286e-01	1.115104e-01	-6.500536e-04	8.740214e-05	3.610663e-01	-2.440463e+00
19.23         	2.235233e-01	-5.605404e-04	-2.079307e+00	2.538837e-04	1.400660e+00	-3.711654e-04	1.120155e-01	1.115078e-01	-6.514356e-04	9.089518e-05	3.610062e-01	-2.440314e+00
19.24         	2.235097e-01	-5.603235e-04	-2.079222e+00	2.489637e-04	1.400558e+00	-3.755649e-04	1.120038e-01	1.115059e-01	-6.557266e-04	9.540316e-05	3.609467e-01	-2.440169e+00
19.25         	2.235042e-01	-5.714447e-04	-2.079145e+00	2.513037e-04	1.400464e+00	-3.853946e-04	1.120034e-01	1.115008e-01	-6.711170e-04	9.967230e-05	3.608920e-01	-2.440037e+00
19.26         	2.234986e-01	-5.658710e-04	-2.079078e+00	2.448676e-04	1.400378e+00	-3.895256e-04	1.119941e-01	1.115044e-01	-6.724611e-04	1.065901e-04	3.608392e-01	-2.439918e+00
19.27         	2.234828e-01	-5.687874e-04	-2.079013e+00	2.426300e-04	1.400292e+00	-3.967704e-04	1.119840e-01	1.114988e-01	-6.811641e-04	1.123767e-04	3.607853e-01	-2.439798e+00
19.28         	2.234668e-01	-5.688208e-04	-2.078942e+00	2.388222e-04	1.400201e+00	-4.025794e-04	1.119722e-01	1.114946e-01	-6.869898e-04	1.181690e-04	3.607299e-01	-2.439672e+00
19.29         	2.234438e-01	-5.726061e-04	-2.078871e+00	2.390032e-04	1.400109e+00	-4.073028e-04	1.119609e-01	1.114829e-01	-6.936058e-04	1.209998e-04	3.606735e-01	-2.439544e+00
19.3          	2.234193e-01	-5.769981e-04	-2.078790e+00	2.397312e-04	1.400005e+00	-4.131167e-04	1.119494e-01	1.114699e-01	-7.016158e-04	1.246177e-04	3.606100e-01	-2.439400e+00
19.31         	2.233927e-01	-5.815647e-04	-2.078698e+00	2.404507e-04	1.399888e+00	-4.201912e-04	1.119368e-01	1.114559e-01	-7.109735e-04	1.294088e-04	3.605387e-01	-2.439237e+00
19.32         	2.233707e-01	-5.870291e-04	-2.078601e+00	2.421375e-04	1.399762e+00	-4.267792e-04	1.119275e-01	1.114432e-01	-7.202938e-04	1.332647e-04	3.604613e-01	-2.439062e+00
19.33         	2.233445e-01	-5.796482e-04	-2.078473e+00	2.478992e-04	1.399591e+00	-4.213093e-04	1.119202e-01	1.114244e-01	-7.111334e-04	1.314853e-04	3.603544e-01	-2.438827e+00
19.34         	2.233213e-01	-5.811769e-04	-2.078372e+00	2.445579e-04	1.399455e+00	-4.306261e-04	1.119052e-01	1.114161e-01	-7.212145e-04	1.400376e-04	3.602690e-01	-2.438641e+00
19.35         	2.232995e-01	-5.878659e-04	-2.078275e+00	2.418415e-04	1.399324e+00	-4.432304e-04	1.118916e-01	1.114079e-01	-7.371634e-04	1.492975e-04	3.601861e-01	-2.438461e+00
19.36         	2.232779e-01	-5.905551e-04	-2.078182e+00	2.361568e-04	1.399193e+00	-4.547086e-04	1.118751e-01	1.114028e-01	-7.499862e-04	1.594311e-04	3.601024e-01	-2.438284e+00
19.37         	2.232589e-01	-5.879467e-04	-2.078088e+00	2.281620e-04	1.399061e+00	-4.634530e-04	1.118576e-01	1.114013e-01	-7.574263e-04	1.694796e-04	3.600173e-01	-2.438106e+00
19.38         	2.232346e-01	-5.921546e-04	-2.077991e+00	2.267254e-04	1.398920e+00	-4.709183e-04	1.118440e-01	1.113906e-01	-7.669956e-04	1.748409e-04	3.599241e-01	-2.437915e+00
19.39         	2.232052e-01	-5.969382e-04	-2.077883e+00	2.284882e-04	1.398763e+00	-4.768647e-04	1.118311e-01	1.113741e-01	-7.753339e-04	1.783956e-04	3.598220e-01	-2.437705e+00
19.4          	2.231778e-01	-6.031702e-04	-2.077773e+00	2.320393e-04	1.398606e+00	-4.831474e-04	1.118210e-01	1.113569e-01	-7.847325e-04	1.815623e-04	3.597196e-01	-2.437492e+00
19.41         	2.231465e-01	-6.062160e-04	-2.077652e+00	2.365562e-04	1.398435e+00	-4.877514e-04	1.118098e-01	1.113367e-01	-7.908594e-04	1.846433e-04	3.596090e-01	-2.437261e+00
19.42         	2.231150e-01	-6.084719e-04	-2.077523e+00	2.412424e-04	1.398254e+00	-4.933578e-04	1.117987e-01	1.113163e-01	-7.975938e-04	1.891219e-04	3.594920e-01	-2.437015e+00
19.43         	2.230842e-01	-6.126371e-04	-2.077391e+00	2.462943e-04	1.398069e+00	-5.017601e-04	1.117884e-01	1.112958e-01	-8.080787e-04	1.954415e-04	3.593733e-01	-2.436764e+00
19.44         	2.230548e-01	-6.159544e-04	-2.077267e+00	2.509706e-04	1.397893e+00	-5.111839e-04	1.117784e-01	1.112764e-01	-8.191611e-04	2.032067e-04	3.592593e-01	-2.436526e+00
19.45         	2.230233e-01	-6.208278e-04	-2.077135e+00	2.541135e-04	1.397704e+00	-5.234196e-04	1.117658e-01	1.112575e-01	-8.338335e-04	2.130057e-04	3.591359e-01	-2.436271e+00
19.46         	2.229929e-01	-6.263742e-04	-2.077011e+00	2.566342e-04	1.397525e+00	-5.366511e-04	1.117531e-01	1.112398e-01	-8.498383e-04	2.234640e-04	3.590188e-01	-2.436030e+00
19.47         	2.229652e-01	-6.301919e-04	-2.076892e+00	2.573907e-04	1.397353e+00	-5.474857e-04	1.117400e-01	1.112252e-01	-8.625816e-04	2.323897e-04	3.589071e-01	-2.435799e+00
19.48         	2.229352e-01	-6.356732e-04	-2.076776e+00	2.586583e-04	1.397183e+00	-5.571954e-04	1.117263e-01	1.112090e-01	-8.750320e-04	2.393588e-04	3.587948e-01	-2.435571e+00
19.49         	2.229047e-01	-6.378351e-04	-2.076660e+00	2.591860e-04	1.397013e+00	-5.631952e-04	1.117116e-01	1.111932e-01	-8.821127e-04	2.442776e-04	3.586833e-01	-2.435343e+00
19.5          	2.228722e-01	-6.415086e-04	-2.076541e+00	2.601231e-04	1.396838e+00	-5.698450e-04	1.116962e-01	1.111760e-01	-8.905993e-04	2.490906e-04	3.585672e-01	-2.435108e+00
19.51         	2.228448e-01	-6.534905e-04	-2.076421e+00	2.671730e-04	1.396662e+00	-5.793636e-04	1.116896e-01	1.111552e-01	-9.061089e-04	2.526184e-04	3.584517e-01	-2.434873e+00
19.52         	2.228123e-01	-6.563794e-04	-2.076303e+00	2.690785e-04	1.396484e+00	-5.874409e-04	1.116752e-01	1.111371e-01	-9.156306e-04	2.592512e-04	3.583323e-01	-2.434635e+00
19.53         	2.227759e-01	-6.581766e-04	-2.076179e+00	2.711983e-04	1.396300e+00	-5.952847e-04	1.116592e-01	1.111168e-01	-9.243731e-04	2.661964e-04	3.582105e-01	-2.434390e+00
19.54         	2.227264e-01	-6.519049e-04	-2.076052e+00	2.723093e-04	1.396109e+00	-5.921661e-04	1.116355e-01	1.110909e-01	-9.181185e-04	2.662136e-04	3.580832e-01	-2.434136e+00
19.55         	2.226899e-01	-6.580707e-04	-2.075914e+00	2.774439e-04	1.395910e+00	-6.040826e-04	1.116224e-01	1.110675e-01	-9.331180e-04	2.750472e-04	3.579527e-01	-2.433867e+00
19.56         	2.227219e-01	-5.724293e-04	-2.075769e+00	2.322059e-04	1.395730e+00	-5.887176e-04	1.115932e-01	1.111288e-01	-8.749322e-04	3.025029e-04	3.578458e-01	-2.433615e+00
19.57         	2.226877e-01	-6.289320e-04	-2.075654e+00	2.564876e-04	1.395531e+00	-6.234284e-04	1.116004e-01	1.110874e-01	-9.378944e-04	3.089624e-04	3.577043e-01	-2.433358e+00
19.58         	2.226396e-01	-6.836678e-04	-2.075534e+00	2.814997e-04	1.395329e+00	-6.556995e-04	1.116013e-01	1.110383e-01	-9.975334e-04	3.138656e-04	3.575619e-01	-2.433096e+00
19.59         	2.225888e-01	-7.270286e-04	-2.075406e+00	3.033390e-04	1.395129e+00	-6.822086e-04	1.115977e-01	1.109910e-01	-1.045723e-03	3.186943e-04	3.574264e-01	-2.432832e+00
19.6          	2.225364e-01	-7.511024e-04	-2.075272e+00	3.179601e-04	1.394931e+00	-6.978770e-04	1.115862e-01	1.109502e-01	-1.073428e-03	3.223258e-04	3.572953e-01	-2.432567e+00
19.61         	2.224913e-01	-7.626831e-04	-2.075135e+00	3.292239e-04	1.394737e+00	-7.065173e-04	1.115749e-01	1.109164e-01	-1.087859e-03	3.251758e-04	3.571693e-01	-2.432304e+00
19.62         	2.157933e-01	-2.490546e-04	-2.075507e+00	-5.389049e-06	1.390505e+00	-3.730923e-04	1.078913e-01	1.079020e-01	-4.976196e-04	2.485650e-04	3.527517e-01	-2.428259e+00
19.63         	2.174590e-01	-3.878725e-04	-2.075243e+00	7.963930e-05	1.391367e+00	-4.886748e-04	1.088091e-01	1.086499e-01	-6.826111e-04	2.947385e-04	3.537459e-01	-2.428989e+00
19.64         	2.287094e-01	-1.207966e-03	-2.073942e+00	6.160130e-04	1.397569e+00	-1.037161e-03	1.149707e-01	1.137387e-01	-1.641144e-03	4.331786e-04	3.605980e-01	-2.434540e+00
19.65         	2.630208e-01	-3.877205e-03	-2.069519e+00	2.306486e-03	1.415678e+00	-2.914684e-03	1.338169e-01	1.292039e-01	-4.853287e-03	9.760814e-04	3.809184e-01	-2.450437e+00
19.66         	3.292370e-01	-8.919624e-03	-2.062055e+00	5.499942e-03	1.452174e+00	-6.301341e-03	1.701184e-01	1.591185e-01	-1.076115e-02	1.841529e-03	4.211461e-01	-2.483201e+00
19.67         	3.561747e-01	-1.069441e-02	-2.054558e+00	6.386383e-03	1.459751e+00	-7.307019e-03	1.844738e-01	1.717010e-01	-1.265422e-02	1.959816e-03	4.324717e-01	-2.487029e+00
19.68         	3.419088e-01	-9.295502e-03	-2.051887e+00	5.306182e-03	1.444904e+00	-6.189855e-03	1.762606e-01	1.656482e-01	-1.083761e-02	1.542103e-03	4.189605e-01	-2.470848e+00
19.69         	3.089319e-01	-6.436160e-03	-2.058694e+00	3.828946e-03	1.431784e+00	-4.022508e-03	1.582949e-01	1.506370e-01	-7.240588e-03	8.044278e-04	4.024375e-01	-2.461131e+00
19.7          	2.714264e-01	-3.477329e-03	-2.067839e+00	2.340379e-03	1.419155e+00	-1.964136e-03	1.380536e-01	1.333728e-01	-3.702800e-03	2.254713e-04	3.852356e-01	-2.453075e+00
19.71         	2.312652e-01	-5.651877e-04	-2.079544e+00	9.605242e-04	1.408773e+00	-9.693795e-05	1.165931e-01	1.146721e-01	-3.795318e-04	-1.856559e-04	3.690014e-01	-2.448545e+00
19.72         	1.974444e-01	1.916051e-03	-2.088305e+00	-3.447772e-04	1.398229e+00	1.564294e-03	9.837743e-02	9.906698e-02	2.522319e-03	-6.062685e-04	3.540770e-01	-2.442382e+00
19.73         	1.781373e-01	3.112963e-03	-2.092590e+00	-1.075732e-03	1.391064e+00	2.237412e-03	8.799290e-02	9.014436e-02	3.793893e-03	-6.809301e-04	3.447691e-01	-2.437359e+00
19.74         	1.740910e-01	3.073137e-03	-2.091142e+00	-1.302958e-03	1.385774e+00	2.016928e-03	8.574255e-02	8.834846e-02	3.553497e-03	-4.803592e-04	3.402035e-01	-2.431345e+00
19.75         	1.824549e-01	2.166643e-03	-2.085836e+00	-1.114701e-03	1.383294e+00	1.245271e-03	9.011273e-02	9.234213e-02	2.328593e-03	-1.619494e-04	3.403755e-01	-2.426212e+00
19.76         	1.977258e-01	9.036226e-04	-2.078852e+00	-7.064581e-04	1.383148e+00	3.300481e-04	9.815644e-02	9.956936e-02	7.818594e-04	1.217631e-04	3.437215e-01	-2.422574e+00
19.77         	2.142870e-01	-2.795983e-04	-2.072153e+00	-2.539724e-04	1.384462e+00	-4.235994e-04	1.068895e-01	1.073975e-01	-5.633986e-04	2.838002e-04	3.483855e-01	-2.420539e+00
19.78         	2.277692e-01	-1.076046e-03	-2.067037e+00	1.034784e-04	1.386172e+00	-8.254553e-04	1.139881e-01	1.137811e-01	-1.363478e-03	2.874321e-04	3.526538e-01	-2.419691e+00
19.79         	2.359283e-01	-1.429344e-03	-2.064215e+00	3.406186e-04	1.387823e+00	-8.981604e-04	1.183048e-01	1.176235e-01	-1.612832e-03	1.834885e-04	3.557153e-01	-2.419930e+00
19.8          	2.383858e-01	-1.326745e-03	-2.064272e+00	4.564549e-04	1.389877e+00	-6.864599e-04	1.196494e-01	1.187365e-01	-1.349832e-03	2.308750e-05	3.577404e-01	-2.422013e+00
19.81         	2.360921e-01	-1.005150e-03	-2.066008e+00	4.558291e-04	1.391112e+00	-4.160969e-04	1.185019e-01	1.175902e-01	-9.186721e-04	-8.647832e-05	3.581081e-01	-2.424116e+00
19.82         	2.310774e-01	-6.340300e-04	-2.068628e+00	3.972941e-04	1.391716e+00	-2.034314e-04	1.159360e-01	1.151414e-01	-5.204464e-04	-1.135836e-04	3.574021e-01	-2.426030e+00
19.83         	2.252580e-01	-3.092948e-04	-2.071273e+00	3.102044e-04	1.391717e+00	-8.359168e-05	1.129392e-01	1.123188e-01	-2.382391e-04	-7.105569e-05	3.560807e-01	-2.427353e+00
19.84         	2.202840e-01	-1.219347e-04	-2.073278e+00	2.339984e-04	1.391261e+00	-9.131841e-05	1.103760e-01	1.099080e-01	-1.522857e-04	3.035108e-05	3.546214e-01	-2.427900e+00
19.85         	2.170319e-01	-9.727524e-05	-2.074287e+00	1.885970e-04	1.390465e+00	-2.124411e-04	1.087045e-01	1.083273e-01	-2.610787e-04	1.638034e-04	3.533218e-01	-2.427609e+00
19.86         	2.158046e-01	-2.098192e-04	-2.074274e+00	1.764309e-04	1.389524e+00	-4.018657e-04	1.080787e-01	1.077259e-01	-5.067753e-04	2.969562e-04	3.523873e-01	-2.426662e+00
19.87         	2.163471e-01	-3.859805e-04	-2.073502e+00	1.872900e-04	1.388677e+00	-5.848754e-04	1.083609e-01	1.079863e-01	-7.778656e-04	3.918851e-04	3.519254e-01	-2.425428e+00
19.88         	2.180252e-01	-5.575897e-04	-2.072313e+00	2.072382e-04	1.388016e+00	-7.072178e-04	1.092198e-01	1.088054e-01	-9.860126e-04	4.284230e-04	3.518592e-01	-2.424172e+00
19.89         	2.200552e-01	-6.697493e-04	-2.071101e+00	2.250554e-04	1.387594e+00	-7.446472e-04	1.102526e-01	1.098025e-01	-1.079522e-03	4.097726e-04	3.520436e-01	-2.423145e+00
19.9          	2.217922e-01	-7.081610e-04	-2.070138e+00	2.365775e-04	1.387370e+00	-7.040283e-04	1.111327e-01	1.106595e-01	-1.058109e-03	3.499478e-04	3.523015e-01	-2.422439e+00
19.91         	2.228718e-01	-6.765509e-04	-2.069566e+00	2.383605e-04	1.387301e+00	-6.129398e-04	1.116743e-01	1.111976e-01	-9.512152e-04	2.746643e-04	3.525176e-01	-2.422084e+00
19.92         	2.232945e-01	-6.956899e-04	-2.069405e+00	2.809945e-04	1.387374e+00	-5.426718e-04	1.119283e-01	1.113663e-01	-8.905168e-04	1.948268e-04	3.526717e-01	-2.422077e+00
19.93         	2.230174e-01	-5.857438e-04	-2.069578e+00	2.613746e-04	1.387452e+00	-4.592462e-04	1.117701e-01	1.112473e-01	-7.521181e-04	1.663742e-04	3.526629e-01	-2.422241e+00
19.94         	2.223544e-01	-5.169912e-04	-2.069923e+00	2.539840e-04	1.387505e+00	-4.317930e-04	1.114312e-01	1.109232e-01	-6.902886e-04	1.732974e-04	3.525433e-01	-2.422466e+00
19.95         	2.215418e-01	-4.618761e-04	-2.070273e+00	2.368188e-04	1.387465e+00	-4.472507e-04	1.110077e-01	1.105341e-01	-6.781888e-04	2.163126e-04	3.523283e-01	-2.422601e+00
19.96         	2.208257e-01	-4.596357e-04	-2.070504e+00	2.294802e-04	1.387325e+00	-5.084326e-04	1.106424e-01	1.101834e-01	-7.382504e-04	2.786147e-04	3.520730e-01	-2.422577e+00
19.97         	2.203483e-01	-5.047747e-04	-2.070563e+00	2.340751e-04	1.387107e+00	-5.975792e-04	1.104082e-01	1.099401e-01	-8.499665e-04	3.451918e-04	3.518261e-01	-2.422389e+00
19.98         	2.201633e-01	-5.777770e-04	-2.070455e+00	2.475534e-04	1.386848e+00	-6.910899e-04	1.103292e-01	1.098341e-01	-9.799784e-04	4.022014e-04	3.516206e-01	-2.422075e+00
19.99         	2.202576e-01	-6.564667e-04	-2.070226e+00	2.655992e-04	1.386591e+00	-7.682106e-04	1.103944e-01	1.098632e-01	-1.096444e-03	4.399773e-04	3.514780e-01	-2.421704e+00
20            	2.204691e-01	-7.188374e-04	-2.069933e+00	2.814720e-04	1.386322e+00	-8.127052e-04	1.105160e-01	1.099531e-01	-1.172124e-03	4.532865e-04	3.513556e-01	-2.421289e+00
